date,open,high,low,close,volume
2000-01-05,0.52088201,0.52088201,0.52088201,0.52088201,985
2000-01-06,0.49447799,0.49447799,0.49447799,0.49447799,227
2000-01-07,0.49447799,0.49447799,0.49447799,0.49447799,151
2000-01-10,0.49447799,0.49447799,0.49447799,0.49447799,1516
2000-01-11,0.49447799,0.49447799,0.49447799,0.49447799,3791
2000-01-12,0.48129299,0.48129299,0.48129299,0.48129299,1137
2000-01-13,0.48458901,0.48458901,0.48458901,0.48458901,606
2000-01-14,0.49447799,0.49447799,0.49447799,0.49447799,6445
2000-01-17,0.52747399,0.52747399,0.52747399,0.52747399,25556
2000-01-18,0.52747399,0.52747399,0.52747399,0.52747399,0
2000-01-19,0.52747399,0.52747399,0.52747399,0.52747399,0
2000-01-20,0.52747399,0.52747399,0.52747399,0.52747399,0
2000-01-21,0.52747399,0.52747399,0.52747399,0.52747399,0
2000-01-24,0.52747399,0.52747399,0.52747399,0.52747399,0
2000-01-25,0.52747399,0.52747399,0.52747399,0.52747399,0
2000-01-26,0.52417803,0.52417803,0.52417803,0.52417803,1744
2000-01-27,0.501104,0.501104,0.501104,0.501104,5384
2000-01-28,0.501104,0.501104,0.501104,0.501104,0
2000-01-31,0.501104,0.501104,0.501104,0.501104,0
2000-02-01,0.501104,0.501104,0.501104,0.501104,0
2000-02-02,0.501104,0.501104,0.501104,0.501104,0
2000-02-03,0.501104,0.501104,0.501104,0.501104,0
2000-02-04,0.46810701,0.46810701,0.46810701,0.46810701,227
2000-02-07,0.46810701,0.46810701,0.46810701,0.46810701,4550
2000-02-08,0.46810701,0.46810701,0.46810701,0.46810701,1895
2000-02-09,0.52088201,0.52088201,0.52088201,0.52088201,12057
2000-02-10,0.52088201,0.52088201,0.52088201,0.52088201,0
2000-02-11,0.501104,0.501104,0.501104,0.501104,6142
2000-02-14,0.501104,0.501104,0.501104,0.501104,0
2000-02-15,0.501104,0.501104,0.501104,0.501104,0
2000-02-16,0.501104,0.501104,0.501104,0.501104,0
2000-02-17,0.501104,0.501104,0.501104,0.501104,0
2000-02-18,0.51428902,0.51428902,0.51428902,0.51428902,682
2000-02-21,0.51428902,0.51428902,0.51428902,0.51428902,0
2000-02-22,0.485255,0.485255,0.485255,0.485255,75
2000-02-23,0.49447799,0.49447799,0.49447799,0.49447799,455
2000-02-24,0.487885,0.487885,0.487885,0.487885,5005
2000-02-25,0.4747,0.4747,0.4747,0.4747,3033
2000-02-28,0.4747,0.4747,0.4747,0.4747,0
2000-02-29,0.46810701,0.46810701,0.46810701,0.46810701,11602
2000-03-01,0.46810701,0.46810701,0.46810701,0.46810701,0
2000-03-02,0.46810701,0.46810701,0.46810701,0.46810701,0
2000-03-03,0.51295698,0.51295698,0.51295698,0.51295698,758
2000-03-06,0.51295698,0.51295698,0.51295698,0.51295698,0
2000-03-07,0.51295698,0.51295698,0.51295698,0.51295698,0
2000-03-08,0.51295698,0.51295698,0.51295698,0.51295698,0
2000-03-09,0.52747399,0.52747399,0.52747399,0.52747399,1971
2000-03-10,0.52747399,0.52747399,0.52747399,0.52747399,0
2000-03-13,0.52747399,0.52747399,0.52747399,0.52747399,0
2000-03-14,0.49447799,0.49447799,0.49447799,0.49447799,227
2000-03-15,0.49447799,0.49447799,0.49447799,0.49447799,0
2000-03-16,0.501104,0.501104,0.501104,0.501104,99343
2000-03-17,0.501104,0.501104,0.501104,0.501104,1516
2000-03-20,0.501104,0.501104,0.501104,0.501104,0
2000-03-21,0.501104,0.501104,0.501104,0.501104,15167
2000-03-22,0.52088201,0.52088201,0.52088201,0.52088201,7583
2000-03-23,0.54065901,0.54065901,0.54065901,0.54065901,8493
2000-03-24,0.55647498,0.55647498,0.55647498,0.55647498,67189
2000-03-27,0.56703001,0.56703001,0.56703001,0.56703001,227
2000-03-28,0.56703001,0.56703001,0.56703001,0.56703001,1592
2000-03-29,0.56703001,0.56703001,0.56703001,0.56703001,0
2000-03-30,0.5934,0.5934,0.5934,0.5934,20172
2000-03-31,0.60658503,0.60658503,0.60658503,0.60658503,11299
2000-04-03,0.60328901,0.60328901,0.60328901,0.60328901,1365
2000-04-04,0.59999299,0.59999299,0.59999299,0.59999299,1516
2000-04-05,0.619771,0.619771,0.619771,0.619771,8948
2000-04-06,0.62636298,0.62636298,0.62636298,0.62636298,4474
2000-04-07,0.639548,0.639548,0.639548,0.639548,52098
2000-04-10,0.65799397,0.65799397,0.65799397,0.65799397,1820
2000-04-11,0.65273398,0.65273398,0.65273398,0.65273398,14787
2000-04-12,0.65273398,0.65273398,0.65273398,0.65273398,227
2000-04-13,0.65273398,0.65273398,0.65273398,0.65273398,0
2000-04-14,0.5934,0.5934,0.5934,0.5934,1895
2000-04-17,0.5934,0.5934,0.5934,0.5934,303
2000-04-18,0.5934,0.5934,0.5934,0.5934,4019
2000-04-19,0.5934,0.5934,0.5934,0.5934,151
2000-04-20,0.5934,0.5934,0.5934,0.5934,227
2000-04-21,0.5934,0.5934,0.5934,0.5934,0
2000-04-24,0.5934,0.5934,0.5934,0.5934,0
2000-04-25,0.5934,0.5934,0.5934,0.5934,0
2000-04-26,0.5934,0.5934,0.5934,0.5934,379
2000-04-27,0.60658503,0.60658503,0.60658503,0.60658503,4095
2000-04-28,0.62636298,0.62636298,0.62636298,0.62636298,75
2000-05-01,0.62636298,0.62636298,0.62636298,0.62636298,0
2000-05-02,0.62636298,0.62636298,0.62636298,0.62636298,0
2000-05-03,0.62636298,0.62636298,0.62636298,0.62636298,7735
2000-05-04,0.619771,0.619771,0.619771,0.619771,15167
2000-05-05,0.619771,0.619771,0.619771,0.619771,1289
2000-05-08,0.619771,0.619771,0.619771,0.619771,0
2000-05-09,0.619771,0.619771,0.619771,0.619771,75
2000-05-10,0.619771,0.619771,0.619771,0.619771,75
2000-05-11,0.619771,0.619771,0.619771,0.619771,0
2000-05-12,0.619771,0.619771,0.619771,0.619771,0
2000-05-15,0.63295603,0.63295603,0.63295603,0.63295603,75
2000-05-16,0.63295603,0.63295603,0.63295603,0.63295603,0
2000-05-17,0.63295603,0.63295603,0.63295603,0.63295603,0
2000-05-18,0.5934,0.5934,0.5934,0.5934,7735
2000-05-19,0.5934,0.5934,0.5934,0.5934,0
2000-05-22,0.58680803,0.58680803,0.58680803,0.58680803,3791
2000-05-23,0.58680803,0.58680803,0.58680803,0.58680803,0
2000-05-24,0.58680803,0.58680803,0.58680803,0.58680803,75
2000-05-25,0.58680803,0.58680803,0.58680803,0.58680803,0
2000-05-26,0.58680803,0.58680803,0.58680803,0.58680803,227
2000-05-29,0.59010398,0.59010398,0.59010398,0.59010398,75
2000-05-30,0.59010398,0.59010398,0.59010398,0.59010398,0
2000-05-31,0.60658503,0.60658503,0.60658503,0.60658503,151
2000-06-01,0.60658503,0.60658503,0.60658503,0.60658503,0
2000-06-02,0.59999299,0.59999299,0.59999299,0.59999299,12209
2000-06-05,0.59999299,0.59999299,0.59999299,0.59999299,0
2000-06-06,0.59999299,0.59999299,0.59999299,0.59999299,0
2000-06-07,0.62636298,0.62636298,0.62636298,0.62636298,758
2000-06-08,0.65273398,0.65273398,0.65273398,0.65273398,3033
2000-06-09,0.65273398,0.65273398,0.65273398,0.65273398,0
2000-06-12,0.65932602,0.65932602,0.65932602,0.65932602,3791
2000-06-13,0.65932602,0.65932602,0.65932602,0.65932602,0
2000-06-14,0.65932602,0.65932602,0.65932602,0.65932602,0
2000-06-15,0.65932602,0.65932602,0.65932602,0.65932602,0
2000-06-16,0.65932602,0.65932602,0.65932602,0.65932602,606
2000-06-19,0.65932602,0.65932602,0.65932602,0.65932602,910
2000-06-20,0.65932602,0.65932602,0.65932602,0.65932602,8872
2000-06-21,0.67251098,0.67251098,0.67251098,0.67251098,16759
2000-06-22,0.67251098,0.67251098,0.67251098,0.67251098,0
2000-06-23,0.67910397,0.67910397,0.67910397,0.67910397,129374
2000-06-26,0.67910397,0.67910397,0.67910397,0.67910397,0
2000-06-27,0.67910397,0.67910397,0.67910397,0.67910397,0
2000-06-28,0.69228899,0.69228899,0.69228899,0.69228899,3412
2000-06-29,0.69228899,0.69228899,0.69228899,0.69228899,0
2000-06-30,0.75821501,0.75821501,0.75821501,0.75821501,9782
2000-07-03,0.75821501,0.75821501,0.75821501,0.75821501,227
2000-07-04,0.75821501,0.75821501,0.75821501,0.75821501,15015
2000-07-05,0.75821501,0.75821501,0.75821501,0.75821501,0
2000-07-06,0.75821501,0.75821501,0.75821501,0.75821501,0
2000-07-07,0.75821501,0.75821501,0.75821501,0.75821501,379
2000-07-10,0.79117799,0.79117799,0.79117799,0.79117799,75
2000-07-11,0.79117799,0.79117799,0.79117799,0.79117799,455
2000-07-12,0.82414103,0.82414103,0.82414103,0.82414103,75
2000-07-13,0.82414103,0.82414103,0.82414103,0.82414103,227
2000-07-14,0.85777003,0.85777003,0.85777003,0.85777003,75
2000-07-17,0.92306298,0.92306298,0.92306298,0.92306298,16304
2000-07-18,0.92306298,0.92306298,0.92306298,0.92306298,758
2000-07-19,0.94943398,0.94943398,0.94943398,0.94943398,19565
2000-07-20,0.94943398,0.94943398,0.94943398,0.94943398,0
2000-07-21,0.94943398,0.94943398,0.94943398,0.94943398,0
2000-07-24,0.94943398,0.94943398,0.94943398,0.94943398,0
2000-07-25,0.94943398,0.94943398,0.94943398,0.94943398,75
2000-07-26,0.94943398,0.94943398,0.94943398,0.94943398,0
2000-07-27,0.94943398,0.94943398,0.94943398,0.94943398,0
2000-07-28,0.87691498,0.87691498,0.87691498,0.87691498,75
2000-07-31,0.92306298,0.92306298,0.92306298,0.92306298,1820
2000-08-01,0.92306298,0.92306298,0.92306298,0.92306298,0
2000-08-02,0.88350803,0.88350803,0.88350803,0.88350803,379
2000-08-03,0.88350803,0.88350803,0.88350803,0.88350803,0
2000-08-04,0.88350803,0.88350803,0.88350803,0.88350803,0
2000-08-07,0.88350803,0.88350803,0.88350803,0.88350803,0
2000-08-08,0.88350803,0.88350803,0.88350803,0.88350803,0
2000-08-09,0.88354099,0.88354099,0.88354099,0.88354099,11451
2000-08-10,0.8901,0.8901,0.8901,0.8901,151
2000-08-11,0.8901,0.8901,0.8901,0.8901,0
2000-08-14,0.89669299,0.89669299,0.89669299,0.89669299,303
2000-08-15,0.89669299,0.89669299,0.89669299,0.89669299,0
2000-08-16,0.89669299,0.89669299,0.89669299,0.89669299,0
2000-08-17,0.8901,0.8901,0.8901,0.8901,227
2000-08-18,0.92306298,0.92306298,0.92306298,0.92306298,7128
2000-08-21,0.92306298,0.92306298,0.92306298,0.92306298,1289
2000-08-22,0.8901,0.8901,0.8901,0.8901,910
2000-08-23,0.8901,0.8901,0.8901,0.8901,682
2000-08-24,0.8901,0.8901,0.8901,0.8901,303
2000-08-25,0.92965603,0.92965603,0.92965603,0.92965603,379
2000-08-28,0.93954498,0.93954498,0.93954498,0.93954498,227
2000-08-29,0.93954498,0.93954498,0.93954498,0.93954498,1365
2000-08-30,0.93954498,0.93954498,0.93954498,0.93954498,0
2000-08-31,0.93954498,0.93954498,0.93954498,0.93954498,0
2000-09-01,0.93954498,0.93954498,0.93954498,0.93954498,0
2000-09-04,0.93954498,0.93954498,0.93954498,0.93954498,75
2000-09-05,0.93954498,0.93954498,0.93954498,0.93954498,1516
2000-09-06,0.94613802,0.94613802,0.94613802,0.94613802,2199
2000-09-07,0.94613802,0.94613802,0.94613802,0.94613802,0
2000-09-08,0.94613802,0.94613802,0.94613802,0.94613802,0
2000-09-11,0.98569298,0.98569298,0.98569298,0.98569298,151
2000-09-12,0.98239702,0.98239702,0.98239702,0.98239702,1137
2000-09-13,0.98239702,0.98239702,0.98239702,0.98239702,0
2000-09-14,0.97580397,0.97580397,0.97580397,0.97580397,12436
2000-09-15,0.98832399,0.98832399,0.98832399,0.98832399,2426
2000-09-18,0.988989,0.988989,0.988989,0.988989,17745
2000-09-19,0.99558198,0.99558198,0.99558198,0.99558198,47017
2000-09-20,0.99558198,0.99558198,0.99558198,0.99558198,0
2000-09-21,0.99558198,0.99558198,0.99558198,0.99558198,2502
2000-09-22,0.99558198,0.99558198,0.99558198,0.99558198,117847
2000-09-25,0.969212,0.969212,0.969212,0.969212,2199
2000-09-26,0.98239702,0.98239702,0.98239702,0.98239702,125582
2000-09-27,0.97580397,0.97580397,0.97580397,0.97580397,17821
2000-09-28,1.00217497,1.00217497,1.00217497,1.00217497,37917
2000-09-29,1.02854502,1.02854502,1.02854502,1.02854502,69237
2000-10-02,1.02854502,1.02854502,1.02854502,1.02854502,32760
2000-10-03,1.06810105,1.06810105,1.06810105,1.06810105,191710
2000-10-04,1.08787894,1.08787894,1.08787894,1.08787894,64004
2000-10-05,1.08787894,1.08787894,1.08787894,1.08787894,0
2000-10-06,1.134027,1.134027,1.134027,1.134027,53084
2000-10-09,1.13732302,1.13732302,1.13732302,1.13732302,17745
2000-10-10,1.15710104,1.15710104,1.15710104,1.15710104,33215
2000-10-11,1.15976405,1.15976405,1.15976405,1.15976405,3033
2000-10-12,1.15976405,1.15976405,1.15976405,1.15976405,0
2000-10-13,1.14061904,1.14061904,1.14061904,1.14061904,151
2000-10-16,1.12020898,1.12020898,1.12020898,1.12020898,4019
2000-10-17,1.15317202,1.15317202,1.15317202,1.15317202,108747
2000-10-18,1.15317202,1.15317202,1.15317202,1.15317202,12967
2000-10-19,1.16369295,1.16369295,1.16369295,1.16369295,62488
2000-10-20,1.18678701,1.18678701,1.18678701,1.18678701,55511
2000-10-23,1.15381801,1.15381801,1.15381801,1.15381801,76320
2000-10-24,1.15381801,1.15381801,1.15381801,1.15381801,0
2000-10-25,1.12744701,1.12744701,1.12744701,1.12744701,169067
2000-10-26,1.12082195,1.12082195,1.12082195,1.12082195,8993
2000-10-27,1.150195,1.150195,1.150195,1.150195,10738
2000-10-30,1.17030597,1.17030597,1.17030597,1.17030597,26997
2000-10-31,1.25272,1.25272,1.25272,1.25272,264860
2000-11-01,1.28074205,1.28074205,1.28074205,1.28074205,94733
2000-11-02,1.28074205,1.28074205,1.28074205,1.28074205,0
2000-11-03,1.28568304,1.28568304,1.28568304,1.28568304,57634
2000-11-06,1.28568304,1.28568304,1.28568304,1.28568304,3776
2000-11-07,1.25272,1.25272,1.25272,1.25272,53599
2000-11-08,1.26920199,1.26920199,1.26920199,1.26920199,65916
2000-11-09,1.26920199,1.26920199,1.26920199,1.26920199,1441
2000-11-10,1.26920199,1.26920199,1.26920199,1.26920199,41102
2000-11-13,1.24942398,1.24942398,1.24942398,1.24942398,78716
2000-11-14,1.24942398,1.24942398,1.24942398,1.24942398,0
2000-11-15,1.24942398,1.24942398,1.24942398,1.24942398,0
2000-11-16,1.219751,1.219751,1.219751,1.219751,37599
2000-11-17,1.219751,1.219751,1.219751,1.219751,42072
2000-11-20,1.25272,1.25272,1.25272,1.25272,27603
2000-11-21,1.23953497,1.23953497,1.23953497,1.23953497,6536
2000-11-22,1.219751,1.219751,1.219751,1.219751,4853
2000-11-23,1.219751,1.219751,1.219751,1.219751,0
2000-11-24,1.21315801,1.21315801,1.21315801,1.21315801,7538
2000-11-27,1.21315801,1.21315801,1.21315801,1.21315801,12042
2000-11-28,1.219751,1.219751,1.219751,1.219751,11738
2000-11-29,1.23620498,1.23620498,1.23620498,1.23620498,16228
2000-11-30,1.26920199,1.26920199,1.26920199,1.26920199,49247
2000-12-01,1.29887497,1.29887497,1.29887497,1.29887497,73605
2000-12-04,1.28568304,1.28568304,1.28568304,1.28568304,18033
2000-12-05,1.29063106,1.29063106,1.29063106,1.29063106,13575
2000-12-06,1.28568304,1.28568304,1.28568304,1.28568304,60
2000-12-07,1.31206,1.31206,1.31206,1.31206,12163
2000-12-08,1.30217099,1.30217099,1.30217099,1.30217099,36537
2000-12-11,1.30217099,1.30217099,1.30217099,1.30217099,758
2000-12-12,1.30217099,1.30217099,1.30217099,1.30217099,0
2000-12-13,1.25272,1.25272,1.25272,1.25272,13240
2000-12-14,1.30217099,1.30217099,1.30217099,1.30217099,103242
2000-12-15,1.35820794,1.35820794,1.35820794,1.35820794,258172
2000-12-18,1.35161602,1.35161602,1.35161602,1.35161602,13118
2000-12-19,1.37799299,1.37799299,1.37799299,1.37799299,54404
2000-12-20,1.36810398,1.36810398,1.36810398,1.36810398,102817
2000-12-21,1.39117801,1.39117801,1.39117801,1.39117801,76715
2000-12-22,1.35820794,1.35820794,1.35820794,1.35820794,5611
2000-12-25,1.35820794,1.35820794,1.35820794,1.35820794,0
2000-12-26,1.36810398,1.36810398,1.36810398,1.36810398,531
2000-12-27,1.516451,1.516451,1.516451,1.516451,201326
2000-12-28,1.54941404,1.54941404,1.54941404,1.54941404,86710
2000-12-29,1.54941404,1.54941404,1.54941404,1.54941404,0
2001-01-01,1.54941404,1.54941404,1.54941404,1.54941404,0
2001-01-02,1.54941404,1.54941404,1.54941404,1.54941404,50809
2001-01-03,1.59886503,1.59886503,1.59886503,1.59886503,118757
2001-01-04,1.58238304,1.58238304,1.58238304,1.58238304,109960
2001-01-05,1.58238304,1.58238304,1.58238304,1.58238304,0
2001-01-08,1.46700001,1.46700001,1.46700001,1.46700001,23053
2001-01-09,1.50000298,1.50000298,1.50000298,1.50000298,18503
2001-01-10,1.48348105,1.48348105,1.48348105,1.48348105,37310
2001-01-11,1.46700001,1.46700001,1.46700001,1.46700001,606
2001-01-12,1.46700001,1.46700001,1.46700001,1.46700001,15015
2001-01-15,1.46700001,1.46700001,1.46700001,1.46700001,0
2001-01-16,1.46700001,1.46700001,1.46700001,1.46700001,910
2001-01-17,1.54941404,1.54941404,1.54941404,1.54941404,13195
2001-01-18,1.58568001,1.58568001,1.58568001,1.58568001,1668
2001-01-19,1.64831603,1.64831603,1.64831603,1.64831603,4550
2001-01-22,1.64831603,1.64831603,1.64831603,1.64831603,2426
2001-01-23,1.63183498,1.63183498,1.63183498,1.63183498,606
2001-01-24,1.58238304,1.58238304,1.58238304,1.58238304,1668
2001-01-25,1.58238304,1.58238304,1.58238304,1.58238304,0
2001-01-26,1.54941404,1.54941404,1.54941404,1.54941404,7735
2001-01-29,1.64831603,1.64831603,1.64831603,1.64831603,8038
2001-01-30,1.64831603,1.64831603,1.64831603,1.64831603,3488
2001-01-31,1.71424901,1.71424901,1.71424901,1.71424901,10768
2001-02-01,1.78018105,1.78018105,1.78018105,1.78018105,67038
2001-02-02,1.74721205,1.74721205,1.74721205,1.74721205,26542
2001-02-05,1.73073006,1.73073006,1.73073006,1.73073006,910
2001-02-06,1.74721205,1.74721205,1.74721205,1.74721205,19413
2001-02-07,1.71424901,1.71424901,1.71424901,1.71424901,47472
2001-02-08,1.71424901,1.71424901,1.71424901,1.71424901,1668
2001-02-09,1.68127894,1.68127894,1.68127894,1.68127894,11981
2001-02-12,1.68127894,1.68127894,1.68127894,1.68127894,7735
2001-02-13,1.648283,1.648283,1.648283,1.648283,21992
2001-02-14,1.61534703,1.61534703,1.61534703,1.61534703,12588
2001-02-15,1.57513201,1.57513201,1.57513201,1.57513201,18958
2001-02-16,1.53293204,1.53293204,1.53293204,1.53293204,67796
2001-02-19,1.54941404,1.54941404,1.54941404,1.54941404,30940
2001-02-20,1.56590199,1.56590199,1.56590199,1.56590199,8038
2001-02-21,1.56590199,1.56590199,1.56590199,1.56590199,30334
2001-02-22,1.56590199,1.56590199,1.56590199,1.56590199,0
2001-02-23,1.64831603,1.64831603,1.64831603,1.64831603,16380
2001-02-26,1.64831603,1.64831603,1.64831603,1.64831603,0
2001-02-27,1.64831603,1.64831603,1.64831603,1.64831603,0
2001-02-28,1.61534703,1.61534703,1.61534703,1.61534703,758
2001-03-01,1.64821601,1.64821601,1.64821601,1.64821601,15925
2001-03-02,1.64831603,1.64831603,1.64831603,1.64831603,15318
2001-03-05,1.64831603,1.64831603,1.64831603,1.64831603,23053
2001-03-06,1.61534703,1.61534703,1.61534703,1.61534703,33822
2001-03-07,1.61864305,1.61864305,1.61864305,1.61864305,37007
2001-03-08,1.63186097,1.63186097,1.63186097,1.63186097,151
2001-03-09,1.61538005,1.61538005,1.61538005,1.61538005,4550
2001-03-12,1.64831603,1.64831603,1.64831603,1.64831603,303
2001-03-13,1.61534703,1.61534703,1.61534703,1.61534703,910
2001-03-14,1.61534703,1.61534703,1.61534703,1.61534703,910
2001-03-15,1.68127894,1.68127894,1.68127894,1.68127894,8796
2001-03-16,1.72084105,1.72084105,1.72084105,1.72084105,9251
2001-03-19,1.71421599,1.71421599,1.71421599,1.71421599,19262
2001-03-20,1.68095303,1.68095303,1.68095303,1.68095303,8341
2001-03-21,1.67139006,1.67139006,1.67139006,1.67139006,2123
2001-03-22,1.61534703,1.61534703,1.61534703,1.61534703,18352
2001-03-23,1.58897603,1.58897603,1.58897603,1.58897603,3336
2001-03-26,1.61534703,1.61534703,1.61534703,1.61534703,4550
2001-03-27,1.68127894,1.68127894,1.68127894,1.68127894,11375
2001-03-28,1.67798305,1.67798305,1.67798305,1.67798305,9251
2001-03-29,1.61534703,1.61534703,1.61534703,1.61534703,33064
2001-03-30,1.61534703,1.61534703,1.61534703,1.61534703,1516
2001-04-02,1.63183498,1.63183498,1.63183498,1.63183498,23053
2001-04-03,1.61534703,1.61534703,1.61534703,1.61534703,7431
2001-04-04,1.58568001,1.58568001,1.58568001,1.58568001,1365
2001-04-05,1.61867595,1.61867595,1.61867595,1.61867595,151
2001-04-06,1.68127894,1.68127894,1.68127894,1.68127894,20627
2001-04-09,1.61534703,1.61534703,1.61534703,1.61534703,606
2001-04-10,1.64831603,1.64831603,1.64831603,1.64831603,8190
2001-04-11,1.61534703,1.61534703,1.61534703,1.61534703,7280
2001-04-12,1.64831603,1.64831603,1.64831603,1.64831603,30334
2001-04-13,1.64831603,1.64831603,1.64831603,1.64831603,0
2001-04-16,1.64831603,1.64831603,1.64831603,1.64831603,0
2001-04-17,1.58568001,1.58568001,1.58568001,1.58568001,303
2001-04-18,1.65820503,1.65820503,1.65820503,1.65820503,17593
2001-04-19,1.65161204,1.65161204,1.65161204,1.65161204,2426
2001-04-20,1.54941404,1.54941404,1.54941404,1.54941404,151
2001-04-23,1.56590199,1.56590199,1.56590199,1.56590199,10616
2001-04-24,1.58139098,1.58139098,1.58139098,1.58139098,5763
2001-04-25,1.54941404,1.54941404,1.54941404,1.54941404,41709
2001-04-26,1.63183498,1.63183498,1.63183498,1.63183498,43225
2001-04-27,1.68127894,1.68127894,1.68127894,1.68127894,4398
2001-04-30,1.71424901,1.71424901,1.71424901,1.71424901,22598
2001-05-01,1.71424901,1.71424901,1.71424901,1.71424901,0
2001-05-02,1.71424901,1.71424901,1.71424901,1.71424901,0
2001-05-03,1.68127894,1.68127894,1.68127894,1.68127894,4550
2001-05-04,1.71424901,1.71424901,1.71424901,1.71424901,3791
2001-05-07,1.710953,1.710953,1.710953,1.710953,1516
2001-05-08,1.710953,1.710953,1.710953,1.710953,0
2001-05-09,1.710953,1.710953,1.710953,1.710953,0
2001-05-10,1.71424901,1.71424901,1.71424901,1.71424901,51567
2001-05-11,1.69779396,1.69779396,1.69779396,1.69779396,26390
2001-05-14,1.69776702,1.69776702,1.69776702,1.69776702,1516
2001-05-15,1.69776702,1.69776702,1.69776702,1.69776702,2730
2001-05-16,1.64831603,1.64831603,1.64831603,1.64831603,1061
2001-05-17,1.68127894,1.68127894,1.68127894,1.68127894,3488
2001-05-18,1.66479802,1.66479802,1.66479802,1.66479802,54146
2001-05-21,1.66479802,1.66479802,1.66479802,1.66479802,6673
2001-05-22,1.73076403,1.73076403,1.73076403,1.73076403,25783
2001-05-23,1.71428204,1.71428204,1.71428204,1.71428204,24570
2001-05-24,1.71424901,1.71424901,1.71424901,1.71424901,9100
2001-05-25,1.68127894,1.68127894,1.68127894,1.68127894,38524
2001-05-28,1.66479802,1.66479802,1.66479802,1.66479802,60668
2001-05-29,1.66479802,1.66479802,1.66479802,1.66479802,17745
2001-05-30,1.66479802,1.66479802,1.66479802,1.66479802,0
2001-05-31,1.68127894,1.68127894,1.68127894,1.68127894,92822
2001-06-01,1.70106399,1.70106399,1.70106399,1.70106399,28058
2001-06-04,1.74688601,1.74688601,1.74688601,1.74688601,15622
2001-06-05,1.69776702,1.69776702,1.69776702,1.69776702,144389
2001-06-06,1.68127894,1.68127894,1.68127894,1.68127894,16077
2001-06-07,1.69776702,1.69776702,1.69776702,1.69776702,22143
2001-06-08,1.67139006,1.67139006,1.67139006,1.67139006,41860
2001-06-11,1.64831603,1.64831603,1.64831603,1.64831603,17138
2001-06-12,1.63183498,1.63183498,1.63183498,1.63183498,758
2001-06-13,1.64831603,1.64831603,1.64831603,1.64831603,47321
2001-06-14,1.64831603,1.64831603,1.64831603,1.64831603,0
2001-06-15,1.63842702,1.63842702,1.63842702,1.63842702,61729
2001-06-18,1.53293204,1.53293204,1.53293204,1.53293204,16228
2001-06-19,1.53952503,1.53952503,1.53952503,1.53952503,18048
2001-06-20,1.58897603,1.58897603,1.58897603,1.58897603,52932
2001-06-21,1.58238304,1.58238304,1.58238304,1.58238304,26238
2001-06-22,1.53293204,1.53293204,1.53293204,1.53293204,53084
2001-06-25,1.60875404,1.60875404,1.60875404,1.60875404,10161
2001-06-26,1.63018298,1.63018298,1.63018298,1.63018298,20930
2001-06-27,1.65817201,1.65817201,1.65817201,1.65817201,16228
2001-06-28,1.69116795,1.69116795,1.69116795,1.69116795,8190
2001-06-29,1.70106399,1.70106399,1.70106399,1.70106399,38524
2001-07-02,1.76370001,1.76370001,1.76370001,1.76370001,84935
2001-07-03,1.71424901,1.71424901,1.71424901,1.71424901,303
2001-07-04,1.71424901,1.71424901,1.71424901,1.71424901,0
2001-07-05,1.63842702,1.63842702,1.63842702,1.63842702,5156
2001-07-06,1.63842702,1.63842702,1.63842702,1.63842702,0
2001-07-09,1.63842702,1.63842702,1.63842702,1.63842702,0
2001-07-10,1.54941404,1.54941404,1.54941404,1.54941404,8038
2001-07-11,1.53293204,1.53293204,1.53293204,1.53293204,20172
2001-07-12,1.63183498,1.63183498,1.63183498,1.63183498,3791
2001-07-13,1.64844894,1.64844894,1.64844894,1.64844894,4853
2001-07-16,1.64831603,1.64831603,1.64831603,1.64831603,12133
2001-07-17,1.66146803,1.66146803,1.66146803,1.66146803,15015
2001-07-18,1.64831603,1.64831603,1.64831603,1.64831603,4550
2001-07-19,1.64502001,1.64502001,1.64502001,1.64502001,2578
2001-07-20,1.60875404,1.60875404,1.60875404,1.60875404,23053
2001-07-23,1.59227204,1.59227204,1.59227204,1.59227204,303
2001-07-24,1.58238304,1.58238304,1.58238304,1.58238304,9403
2001-07-25,1.58238304,1.58238304,1.58238304,1.58238304,42315
2001-07-26,1.58238304,1.58238304,1.58238304,1.58238304,48382
2001-07-27,1.61534703,1.61534703,1.61534703,1.61534703,13953
2001-07-30,1.61534703,1.61534703,1.61534703,1.61534703,2578
2001-07-31,1.61534703,1.61534703,1.61534703,1.61534703,8796
2001-08-01,1.58568001,1.58568001,1.58568001,1.58568001,151
2001-08-02,1.61534703,1.61534703,1.61534703,1.61534703,61729
2001-08-03,1.61534703,1.61534703,1.61534703,1.61534703,29575
2001-08-06,1.61534703,1.61534703,1.61534703,1.61534703,0
2001-08-07,1.59886503,1.59886503,1.59886503,1.59886503,1213
2001-08-08,1.64831603,1.64831603,1.64831603,1.64831603,7128
2001-08-09,1.71421599,1.71421599,1.71421599,1.71421599,4246
2001-08-10,1.69776702,1.69776702,1.69776702,1.69776702,7280
2001-08-13,1.69776702,1.69776702,1.69776702,1.69776702,0
2001-08-14,1.64831603,1.64831603,1.64831603,1.64831603,2730
2001-08-15,1.64831603,1.64831603,1.64831603,1.64831603,6825
2001-08-16,1.61534703,1.61534703,1.61534703,1.61534703,1516
2001-08-17,1.61534703,1.61534703,1.61534703,1.61534703,0
2001-08-20,1.63183498,1.63183498,1.63183498,1.63183498,11526
2001-08-21,1.60216105,1.60216105,1.60216105,1.60216105,22447
2001-08-22,1.59556901,1.59556901,1.59556901,1.59556901,44590
2001-08-23,1.58238304,1.58238304,1.58238304,1.58238304,455
2001-08-24,1.54941404,1.54941404,1.54941404,1.54941404,2881
2001-08-27,1.54282105,1.54282105,1.54282105,1.54282105,50961
2001-08-28,1.53293204,1.53293204,1.53293204,1.53293204,27148
2001-08-29,1.52963603,1.52963603,1.52963603,1.52963603,35187
2001-08-30,1.49337006,1.49337006,1.49337006,1.49337006,455
2001-08-31,1.49337006,1.49337006,1.49337006,1.49337006,11678
2001-09-03,1.49337006,1.49337006,1.49337006,1.49337006,151
2001-09-04,1.49667299,1.49667299,1.49667299,1.49667299,66583
2001-09-05,1.49667299,1.49667299,1.49667299,1.49667299,79930
2001-09-06,1.49667299,1.49667299,1.49667299,1.49667299,1365
2001-09-07,1.49667299,1.49667299,1.49667299,1.49667299,0
2001-09-10,1.51315498,1.51315498,1.51315498,1.51315498,2881
2001-09-11,1.46700001,1.46700001,1.46700001,1.46700001,910
2001-09-12,1.45051801,1.45051801,1.45051801,1.45051801,5611
2001-09-13,1.31865299,1.31865299,1.31865299,1.31865299,7735
2001-09-14,1.23953497,1.23953497,1.23953497,1.23953497,1971
2001-09-17,1.43403697,1.43403697,1.43403697,1.43403697,2881
2001-09-18,1.43403697,1.43403697,1.43403697,1.43403697,9100
2001-09-19,1.45051801,1.45051801,1.45051801,1.45051801,5308
2001-09-20,1.40106702,1.40106702,1.40106702,1.40106702,11223
2001-09-21,1.28571606,1.28571606,1.28571606,1.28571606,6825
2001-09-24,1.28571606,1.28571606,1.28571606,1.28571606,0
2001-09-25,1.25272,1.25272,1.25272,1.25272,39585
2001-09-26,1.15381801,1.15381801,1.15381801,1.15381801,52629
2001-09-27,1.15381801,1.15381801,1.15381801,1.15381801,52629
2001-09-28,1.18678701,1.18678701,1.18678701,1.18678701,117999
2001-10-01,1.22634304,1.22634304,1.22634304,1.22634304,119667
2001-10-02,1.203269,1.203269,1.203269,1.203269,16835
2001-10-03,1.18678701,1.18678701,1.18678701,1.18678701,13650
2001-10-04,1.18678701,1.18678701,1.18678701,1.18678701,106320
2001-10-05,1.18678701,1.18678701,1.18678701,1.18678701,134076
2001-10-08,1.18678701,1.18678701,1.18678701,1.18678701,0
2001-10-09,1.15381801,1.15381801,1.15381801,1.15381801,11678
2001-10-10,1.25272,1.25272,1.25272,1.25272,10616
2001-10-11,1.28568304,1.28568304,1.28568304,1.28568304,27755
2001-10-12,1.28568304,1.28568304,1.28568304,1.28568304,0
2001-10-15,1.30217099,1.30217099,1.30217099,1.30217099,17593
2001-10-16,1.28568304,1.28568304,1.28568304,1.28568304,1061
2001-10-17,1.28565001,1.28565001,1.28565001,1.28565001,13650
2001-10-18,1.30217099,1.30217099,1.30217099,1.30217099,16228
2001-10-19,1.31858599,1.31858599,1.31858599,1.31858599,102225
2001-10-22,1.28568304,1.28568304,1.28568304,1.28568304,1213
2001-10-23,1.31865299,1.31865299,1.31865299,1.31865299,25177
2001-10-24,1.28568304,1.28568304,1.28568304,1.28568304,10313
2001-10-25,1.28568304,1.28568304,1.28568304,1.28568304,28058
2001-10-26,1.35161602,1.35161602,1.35161602,1.35161602,3033
2001-10-29,1.33513403,1.33513403,1.33513403,1.33513403,4398
2001-10-30,1.33513403,1.33513403,1.33513403,1.33513403,0
2001-10-31,1.28571606,1.28571606,1.28571606,1.28571606,71284
2001-11-01,1.33513403,1.33513403,1.33513403,1.33513403,76138
2001-11-02,1.33513403,1.33513403,1.33513403,1.33513403,0
2001-11-05,1.45051801,1.45051801,1.45051801,1.45051801,5460
2001-11-06,1.45051801,1.45051801,1.45051801,1.45051801,10010
2001-11-07,1.43403697,1.43403697,1.43403697,1.43403697,57331
2001-11-08,1.43403697,1.43403697,1.43403697,1.43403697,0
2001-11-09,1.36810398,1.36810398,1.36810398,1.36810398,33519
2001-11-12,1.351583,1.351583,1.351583,1.351583,8493
2001-11-13,1.36810398,1.36810398,1.36810398,1.36810398,132256
2001-11-14,1.31865299,1.31865299,1.31865299,1.31865299,85693
2001-11-15,1.31865299,1.31865299,1.31865299,1.31865299,0
2001-11-16,1.351583,1.351583,1.351583,1.351583,19110
2001-11-19,1.31865299,1.31865299,1.31865299,1.31865299,301975
2001-11-20,1.31865299,1.31865299,1.31865299,1.31865299,276646
2001-11-21,1.31865299,1.31865299,1.31865299,1.31865299,40495
2001-11-22,1.38458502,1.38458502,1.38458502,1.38458502,11678
2001-11-23,1.39117801,1.39117801,1.39117801,1.39117801,3033
2001-11-26,1.38458502,1.38458502,1.38458502,1.38458502,102377
2001-11-27,1.40143299,1.40143299,1.40143299,1.40143299,42164
2001-11-28,1.38458502,1.38458502,1.38458502,1.38458502,222499
2001-11-29,1.35820794,1.35820794,1.35820794,1.35820794,114207
2001-11-30,1.33513403,1.33513403,1.33513403,1.33513403,37310
2001-12-03,1.31865299,1.31865299,1.31865299,1.31865299,7735
2001-12-04,1.36810398,1.36810398,1.36810398,1.36810398,145451
2001-12-05,1.40106702,1.40106702,1.40106702,1.40106702,232813
2001-12-06,1.41754901,1.41754901,1.41754901,1.41754901,290144
2001-12-07,1.40106702,1.40106702,1.40106702,1.40106702,15318
2001-12-10,1.40106702,1.40106702,1.40106702,1.40106702,73559
2001-12-11,1.40106702,1.40106702,1.40106702,1.40106702,52174
2001-12-12,1.397771,1.397771,1.397771,1.397771,228566
2001-12-13,1.397771,1.397771,1.397771,1.397771,443179
2001-12-14,1.38458502,1.38458502,1.38458502,1.38458502,20778
2001-12-17,1.38128901,1.38128901,1.38128901,1.38128901,48837
2001-12-18,1.38458502,1.38458502,1.38458502,1.38458502,32912
2001-12-19,1.36480796,1.36480796,1.36480796,1.36480796,99192
2001-12-20,1.36810398,1.36810398,1.36810398,1.36810398,13953
2001-12-21,1.42410803,1.42410803,1.42410803,1.42410803,66583
2001-12-24,1.42410803,1.42410803,1.42410803,1.42410803,0
2001-12-25,1.42410803,1.42410803,1.42410803,1.42410803,0
2001-12-26,1.40139997,1.40139997,1.40139997,1.40139997,3791
2001-12-27,1.42414105,1.42414105,1.42414105,1.42414105,4853
2001-12-28,1.41095603,1.41095603,1.41095603,1.41095603,7128
2001-12-31,1.41095603,1.41095603,1.41095603,1.41095603,0
2002-01-01,1.41095603,1.41095603,1.41095603,1.41095603,0
2002-01-02,1.40106702,1.40106702,1.40106702,1.40106702,42315
2002-01-03,1.41754901,1.41754901,1.41754901,1.41754901,2881
2002-01-04,1.41754901,1.41754901,1.41754901,1.41754901,2123
2002-01-07,1.46700001,1.46700001,1.46700001,1.46700001,34277
2002-01-08,1.43403697,1.43403697,1.43403697,1.43403697,12891
2002-01-09,1.41754901,1.41754901,1.41754901,1.41754901,24418
2002-01-10,1.41754901,1.41754901,1.41754901,1.41754901,25025
2002-01-11,1.42414105,1.42414105,1.42414105,1.42414105,16835
2002-01-14,1.38788199,1.38788199,1.38788199,1.38788199,20323
2002-01-15,1.38791502,1.38791502,1.38791502,1.38791502,5915
2002-01-16,1.384552,1.384552,1.384552,1.384552,758
2002-01-17,1.384552,1.384552,1.384552,1.384552,0
2002-01-18,1.38458502,1.38458502,1.38458502,1.38458502,88271
2002-01-21,1.37472999,1.37472999,1.37472999,1.37472999,14256
2002-01-22,1.35491204,1.35491204,1.35491204,1.35491204,75380
2002-01-23,1.38458502,1.38458502,1.38458502,1.38458502,28817
2002-01-24,1.37634099,1.37634099,1.37634099,1.37634099,24267
2002-01-25,1.37634099,1.37634099,1.37634099,1.37634099,0
2002-01-28,1.37469697,1.37469697,1.37469697,1.37469697,4853
2002-01-29,1.37469697,1.37469697,1.37469697,1.37469697,0
2002-01-30,1.33183801,1.33183801,1.33183801,1.33183801,6066
2002-01-31,1.31865299,1.31865299,1.31865299,1.31865299,11526
2002-02-01,1.30217099,1.30217099,1.30217099,1.30217099,48837
2002-02-04,1.30220497,1.30220497,1.30220497,1.30220497,39585
2002-02-05,1.30217099,1.30217099,1.30217099,1.30217099,12436
2002-02-06,1.30546796,1.30546796,1.30546796,1.30546796,11071
2002-02-07,1.31865299,1.31865299,1.31865299,1.31865299,2881
2002-02-08,1.31865299,1.31865299,1.31865299,1.31865299,0
2002-02-11,1.31865299,1.31865299,1.31865299,1.31865299,0
2002-02-12,1.31865299,1.31865299,1.31865299,1.31865299,0
2002-02-13,1.31206,1.31206,1.31206,1.31206,151
2002-02-14,1.30217099,1.30217099,1.30217099,1.30217099,151
2002-02-15,1.33513403,1.33513403,1.33513403,1.33513403,17593
2002-02-18,1.33513403,1.33513403,1.33513403,1.33513403,151
2002-02-19,1.33513403,1.33513403,1.33513403,1.33513403,15167
2002-02-20,1.31865299,1.31865299,1.31865299,1.31865299,17897
2002-02-21,1.35161602,1.35161602,1.35161602,1.35161602,6521
2002-02-22,1.33513403,1.33513403,1.33513403,1.33513403,151
2002-02-25,1.26920199,1.26920199,1.26920199,1.26920199,12133
2002-02-26,1.28238702,1.28238702,1.28238702,1.28238702,16683
2002-02-27,1.31865299,1.31865299,1.31865299,1.31865299,81143
2002-02-28,1.31865299,1.31865299,1.31865299,1.31865299,0
2002-03-01,1.35161602,1.35161602,1.35161602,1.35161602,10768
2002-03-04,1.35491204,1.35491204,1.35491204,1.35491204,15318
2002-03-05,1.31865299,1.31865299,1.31865299,1.31865299,188070
2002-03-06,1.31206,1.31206,1.31206,1.31206,8038
2002-03-07,1.29887497,1.29887497,1.29887497,1.29887497,70071
2002-03-08,1.31865299,1.31865299,1.31865299,1.31865299,29878
2002-03-11,1.31865299,1.31865299,1.31865299,1.31865299,259659
2002-03-12,1.37799299,1.37799299,1.37799299,1.37799299,27907
2002-03-13,1.35161602,1.35161602,1.35161602,1.35161602,14408
2002-03-14,1.32194901,1.32194901,1.32194901,1.32194901,1061
2002-03-15,1.33513403,1.33513403,1.33513403,1.33513403,4398
2002-03-18,1.35161602,1.35161602,1.35161602,1.35161602,28513
2002-03-19,1.38458502,1.38458502,1.38458502,1.38458502,104652
2002-03-20,1.33513403,1.33513403,1.33513403,1.33513403,455
2002-03-21,1.28897905,1.28897905,1.28897905,1.28897905,15925
2002-03-22,1.31535697,1.31535697,1.31535697,1.31535697,3185
2002-03-25,1.31865299,1.31865299,1.31865299,1.31865299,13801
2002-03-26,1.31206,1.31206,1.31206,1.31206,2123
2002-03-27,1.31206,1.31206,1.31206,1.31206,910
2002-03-28,1.31865299,1.31865299,1.31865299,1.31865299,2578
2002-03-29,1.31865299,1.31865299,1.31865299,1.31865299,0
2002-04-01,1.29227602,1.29227602,1.29227602,1.29227602,7280
2002-04-02,1.31865299,1.31865299,1.31865299,1.31865299,2578
2002-04-03,1.31865299,1.31865299,1.31865299,1.31865299,0
2002-04-04,1.31865299,1.31865299,1.31865299,1.31865299,0
2002-04-05,1.31865299,1.31865299,1.31865299,1.31865299,0
2002-04-08,1.31865299,1.31865299,1.31865299,1.31865299,3640
2002-04-09,1.30546796,1.30546796,1.30546796,1.30546796,1971
2002-04-10,1.31865299,1.31865299,1.31865299,1.31865299,3791
2002-04-11,1.31865299,1.31865299,1.31865299,1.31865299,1516
2002-04-12,1.38458502,1.38458502,1.38458502,1.38458502,9251
2002-04-15,1.38458502,1.38458502,1.38458502,1.38458502,12285
2002-04-16,1.38458502,1.38458502,1.38458502,1.38458502,4398
2002-04-17,1.38458502,1.38458502,1.38458502,1.38458502,0
2002-04-18,1.38458502,1.38458502,1.38458502,1.38458502,0
2002-04-19,1.31865299,1.31865299,1.31865299,1.31865299,53994
2002-04-22,1.32194901,1.32194901,1.32194901,1.32194901,4701
2002-04-23,1.33513403,1.33513403,1.33513403,1.33513403,64156
2002-04-24,1.338431,1.338431,1.338431,1.338431,33670
2002-04-25,1.32524502,1.32524502,1.32524502,1.32524502,31092
2002-04-26,1.31535697,1.31535697,1.31535697,1.31535697,63549
2002-04-29,1.32854199,1.32854199,1.32854199,1.32854199,38827
2002-04-30,1.34502304,1.34502304,1.34502304,1.34502304,30182
2002-05-01,1.34502304,1.34502304,1.34502304,1.34502304,0
2002-05-02,1.37469697,1.37469697,1.37469697,1.37469697,50506
2002-05-03,1.36249697,1.36249697,1.36249697,1.36249697,7735
2002-05-06,1.33510101,1.33510101,1.33510101,1.33510101,25480
2002-05-07,1.32850802,1.32850802,1.32850802,1.32850802,77048
2002-05-08,1.34502304,1.34502304,1.34502304,1.34502304,5915
2002-05-09,1.34502304,1.34502304,1.34502304,1.34502304,0
2002-05-10,1.34502304,1.34502304,1.34502304,1.34502304,0
2002-05-13,1.31832004,1.31832004,1.31832004,1.31832004,6976
2002-05-14,1.31865299,1.31865299,1.31865299,1.31865299,5005
2002-05-15,1.32029796,1.32029796,1.32029796,1.32029796,72043
2002-05-16,1.32194901,1.32194901,1.32194901,1.32194901,61578
2002-05-17,1.33183801,1.33183801,1.33183801,1.33183801,33974
2002-05-20,1.31206,1.31206,1.31206,1.31206,80688
2002-05-21,1.32161605,1.32161605,1.32161605,1.32161605,28817
2002-05-22,1.33183801,1.33183801,1.33183801,1.33183801,20323
2002-05-23,1.32029796,1.32029796,1.32029796,1.32029796,151
2002-05-24,1.33513403,1.33513403,1.33513403,1.33513403,4246
2002-05-27,1.32854199,1.32854199,1.32854199,1.32854199,28362
2002-05-28,1.34502304,1.34502304,1.34502304,1.34502304,6218
2002-05-29,1.34172702,1.34172702,1.34172702,1.34172702,21840
2002-05-30,1.34172702,1.34172702,1.34172702,1.34172702,0
2002-05-31,1.33183801,1.33183801,1.33183801,1.33183801,3791
2002-06-03,1.34832001,1.34832001,1.34832001,1.34832001,4398
2002-06-04,1.34832001,1.34832001,1.34832001,1.34832001,0
2002-06-05,1.322016,1.322016,1.322016,1.322016,1668
2002-06-06,1.32194901,1.32194901,1.32194901,1.32194901,5460
2002-06-07,1.32194901,1.32194901,1.32194901,1.32194901,100557
2002-06-10,1.31865299,1.31865299,1.31865299,1.31865299,303
2002-06-11,1.31865299,1.31865299,1.31865299,1.31865299,19565
2002-06-12,1.32524502,1.32524502,1.32524502,1.32524502,110415
2002-06-13,1.31206,1.31206,1.31206,1.31206,51567
2002-06-14,1.28897905,1.28897905,1.28897905,1.28897905,44894
2002-06-17,1.28568304,1.28568304,1.28568304,1.28568304,11375
2002-06-18,1.28897905,1.28897905,1.28897905,1.28897905,38827
2002-06-19,1.28568304,1.28568304,1.28568304,1.28568304,243430
2002-06-20,1.17689896,1.17689896,1.17689896,1.17689896,54146
2002-06-21,1.17030597,1.17030597,1.17030597,1.17030597,98130
2002-06-24,1.21315801,1.21315801,1.21315801,1.21315801,80688
2002-06-25,1.24612796,1.24612796,1.24612796,1.24612796,606
2002-06-26,1.23623896,1.23623896,1.23623896,1.23623896,62184
2002-06-27,1.23294199,1.23294199,1.23294199,1.23294199,3336
2002-06-28,1.23953497,1.23953497,1.23953497,1.23953497,5005
2002-07-01,1.25272,1.25272,1.25272,1.25272,6825
2002-07-02,1.23623896,1.23623896,1.23623896,1.23623896,14863
2002-07-03,1.23623896,1.23623896,1.23623896,1.23623896,251013
2002-07-04,1.23653197,1.23653197,1.23653197,1.23653197,10161
2002-07-05,1.23623896,1.23623896,1.23623896,1.23623896,9100
2002-07-08,1.25272,1.25272,1.25272,1.25272,303
2002-07-09,1.25272,1.25272,1.25272,1.25272,0
2002-07-10,1.25272,1.25272,1.25272,1.25272,0
2002-07-11,1.26623797,1.26623797,1.26623797,1.26623797,2578
2002-07-12,1.25272,1.25272,1.25272,1.25272,2123
2002-07-15,1.25272,1.25272,1.25272,1.25272,2123
2002-07-16,1.30217099,1.30217099,1.30217099,1.30217099,3791
2002-07-17,1.33480799,1.33480799,1.33480799,1.33480799,25480
2002-07-18,1.35161602,1.35161602,1.35161602,1.35161602,21082
2002-07-19,1.325279,1.325279,1.325279,1.325279,100557
2002-07-22,1.30217099,1.30217099,1.30217099,1.30217099,18958
2002-07-23,1.26920199,1.26920199,1.26920199,1.26920199,52629
2002-07-24,1.28568304,1.28568304,1.28568304,1.28568304,13801
2002-07-25,1.219751,1.219751,1.219751,1.219751,1365
2002-07-26,1.21315801,1.21315801,1.21315801,1.21315801,105410
2002-07-29,1.21315801,1.21315801,1.21315801,1.21315801,0
2002-07-30,1.18678701,1.18678701,1.18678701,1.18678701,1668
2002-07-31,1.24612796,1.24612796,1.24612796,1.24612796,4701
2002-08-01,1.25272,1.25272,1.25272,1.25272,2123
2002-08-02,1.30183804,1.30183804,1.30183804,1.30183804,2123
2002-08-05,1.30183804,1.30183804,1.30183804,1.30183804,0
2002-08-06,1.26257598,1.26257598,1.26257598,1.26257598,4398
2002-08-07,1.25272,1.25272,1.25272,1.25272,151
2002-08-08,1.23627198,1.23627198,1.23627198,1.23627198,12285
2002-08-09,1.25601602,1.25601602,1.25601602,1.25601602,90243
2002-08-12,1.29227602,1.29227602,1.29227602,1.29227602,2578
2002-08-13,1.31865299,1.31865299,1.31865299,1.31865299,3488
2002-08-14,1.30217099,1.30217099,1.30217099,1.30217099,1820
2002-08-15,1.30217099,1.30217099,1.30217099,1.30217099,0
2002-08-16,1.30217099,1.30217099,1.30217099,1.30217099,3791
2002-08-19,1.30217099,1.30217099,1.30217099,1.30217099,1971
2002-08-20,1.31865299,1.31865299,1.31865299,1.31865299,23963
2002-08-21,1.30217099,1.30217099,1.30217099,1.30217099,28058
2002-08-22,1.30217099,1.30217099,1.30217099,1.30217099,50657
2002-08-23,1.28568304,1.28568304,1.28568304,1.28568304,758
2002-08-26,1.28568304,1.28568304,1.28568304,1.28568304,303
2002-08-27,1.32854199,1.32854199,1.32854199,1.32854199,606
2002-08-28,1.31865299,1.31865299,1.31865299,1.31865299,606
2002-08-29,1.28568304,1.28568304,1.28568304,1.28568304,606
2002-08-30,1.28568304,1.28568304,1.28568304,1.28568304,7583
2002-09-02,1.30217099,1.30217099,1.30217099,1.30217099,6218
2002-09-03,1.262609,1.262609,1.262609,1.262609,5460
2002-09-04,1.25272,1.25272,1.25272,1.25272,3791
2002-09-05,1.25272,1.25272,1.25272,1.25272,0
2002-09-06,1.25272,1.25272,1.25272,1.25272,43984
2002-09-09,1.24942398,1.24942398,1.24942398,1.24942398,1213
2002-09-10,1.24942398,1.24942398,1.24942398,1.24942398,0
2002-09-11,1.28568304,1.28568304,1.28568304,1.28568304,9555
2002-09-12,1.28238702,1.28238702,1.28238702,1.28238702,27148
2002-09-13,1.25272,1.25272,1.25272,1.25272,9100
2002-09-16,1.23623896,1.23623896,1.23623896,1.23623896,1820
2002-09-17,1.23623896,1.23623896,1.23623896,1.23623896,4398
2002-09-18,1.206532,1.206532,1.206532,1.206532,12740
2002-09-19,1.20554602,1.20554602,1.20554602,1.20554602,9706
2002-09-20,1.203269,1.203269,1.203269,1.203269,42012
2002-09-23,1.203269,1.203269,1.203269,1.203269,3033
2002-09-24,1.23623896,1.23623896,1.23623896,1.23623896,758
2002-09-25,1.25272,1.25272,1.25272,1.25272,2123
2002-09-26,1.25601602,1.25601602,1.25601602,1.25601602,455
2002-09-27,1.26923501,1.26923501,1.26923501,1.26923501,910
2002-09-30,1.26590502,1.26590502,1.26590502,1.26590502,6673
2002-10-01,1.30217099,1.30217099,1.30217099,1.30217099,2881
2002-10-02,1.31206,1.31206,1.31206,1.31206,2881
2002-10-03,1.31865299,1.31865299,1.31865299,1.31865299,86451
2002-10-04,1.31865299,1.31865299,1.31865299,1.31865299,10920
2002-10-07,1.31370497,1.31370497,1.31370497,1.31370497,151
2002-10-08,1.28568304,1.28568304,1.28568304,1.28568304,11223
2002-10-09,1.26920199,1.26920199,1.26920199,1.26920199,8645
2002-10-10,1.26920199,1.26920199,1.26920199,1.26920199,0
2002-10-11,1.28568304,1.28568304,1.28568304,1.28568304,1971
2002-10-14,1.26920199,1.26920199,1.26920199,1.26920199,6521
2002-10-15,1.26923501,1.26923501,1.26923501,1.26923501,151
2002-10-16,1.26920199,1.26920199,1.26920199,1.26920199,1213
2002-10-17,1.31865299,1.31865299,1.31865299,1.31865299,2578
2002-10-18,1.31865299,1.31865299,1.31865299,1.31865299,0
2002-10-21,1.30217099,1.30217099,1.30217099,1.30217099,1516
2002-10-22,1.33513403,1.33513403,1.33513403,1.33513403,2578
2002-10-23,1.36150503,1.36150503,1.36150503,1.36150503,5005
2002-10-24,1.43733299,1.43733299,1.43733299,1.43733299,36400
2002-10-25,1.44392598,1.44392598,1.44392598,1.44392598,12740
2002-10-28,1.41754901,1.41754901,1.41754901,1.41754901,5156
2002-10-29,1.41754901,1.41754901,1.41754901,1.41754901,0
2002-10-30,1.48348105,1.48348105,1.48348105,1.48348105,10313
2002-10-31,1.54611802,1.54611802,1.54611802,1.54611802,15167
2002-11-01,1.54941404,1.54941404,1.54941404,1.54941404,6673
2002-11-04,1.50000298,1.50000298,1.50000298,1.50000298,2578
2002-11-05,1.46700001,1.46700001,1.46700001,1.46700001,20627
2002-11-06,1.43897796,1.43897796,1.43897796,1.43897796,2426
2002-11-07,1.45051801,1.45051801,1.45051801,1.45051801,455
2002-11-08,1.48348105,1.48348105,1.48348105,1.48348105,4246
2002-11-11,1.50656199,1.50656199,1.50656199,1.50656199,4701
2002-11-12,1.49996901,1.49996901,1.49996901,1.49996901,3033
2002-11-13,1.516451,1.516451,1.516451,1.516451,1213
2002-11-14,1.53293204,1.53293204,1.53293204,1.53293204,5308
2002-11-15,1.53293204,1.53293204,1.53293204,1.53293204,0
2002-11-18,1.56590199,1.56590199,1.56590199,1.56590199,4853
2002-11-19,1.53952503,1.53952503,1.53952503,1.53952503,11526
2002-11-20,1.48348105,1.48348105,1.48348105,1.48348105,12133
2002-11-21,1.516451,1.516451,1.516451,1.516451,4246
2002-11-22,1.56590199,1.56590199,1.56590199,1.56590199,5611
2002-11-25,1.58568001,1.58568001,1.58568001,1.58568001,40495
2002-11-26,1.58238304,1.58238304,1.58238304,1.58238304,95248
2002-11-27,1.58238304,1.58238304,1.58238304,1.58238304,10768
2002-11-28,1.58238304,1.58238304,1.58238304,1.58238304,910
2002-11-29,1.59062099,1.59062099,1.59062099,1.59062099,34884
2002-12-02,1.59062099,1.59062099,1.59062099,1.59062099,0
2002-12-03,1.56590199,1.56590199,1.56590199,1.56590199,1516
2002-12-04,1.56590199,1.56590199,1.56590199,1.56590199,1061
2002-12-05,1.54941404,1.54941404,1.54941404,1.54941404,43074
2002-12-06,1.54941404,1.54941404,1.54941404,1.54941404,455
2002-12-09,1.57249498,1.57249498,1.57249498,1.57249498,4246
2002-12-10,1.56590199,1.56590199,1.56590199,1.56590199,2275
2002-12-11,1.57249498,1.57249498,1.57249498,1.57249498,13043
2002-12-12,1.61205006,1.61205006,1.61205006,1.61205006,8038
2002-12-13,1.54941404,1.54941404,1.54941404,1.54941404,1516
2002-12-16,1.54941404,1.54941404,1.54941404,1.54941404,4398
2002-12-17,1.56590199,1.56590199,1.56590199,1.56590199,19565
2002-12-18,1.54727602,1.54727602,1.54727602,1.54727602,20778
2002-12-19,1.58238304,1.58238304,1.58238304,1.58238304,3640
2002-12-20,1.53952503,1.53952503,1.53952503,1.53952503,21233
2002-12-23,1.54941404,1.54941404,1.54941404,1.54941404,1365
2002-12-24,1.54941404,1.54941404,1.54941404,1.54941404,0
2002-12-25,1.54941404,1.54941404,1.54941404,1.54941404,0
2002-12-26,1.54941404,1.54941404,1.54941404,1.54941404,12133
2002-12-27,1.53293204,1.53293204,1.53293204,1.53293204,1516
2002-12-30,1.575791,1.575791,1.575791,1.575791,48231
2002-12-31,1.575791,1.575791,1.575791,1.575791,0
2003-01-01,1.575791,1.575791,1.575791,1.575791,0
2003-01-02,1.54941404,1.54941404,1.54941404,1.54941404,57027
2003-01-03,1.54282105,1.54282105,1.54282105,1.54282105,8493
2003-01-06,1.516451,1.516451,1.516451,1.516451,17290
2003-01-07,1.516451,1.516451,1.516451,1.516451,0
2003-01-08,1.49007404,1.49007404,1.49007404,1.49007404,1365
2003-01-09,1.516451,1.516451,1.516451,1.516451,23053
2003-01-10,1.516451,1.516451,1.516451,1.516451,0
2003-01-13,1.48348105,1.48348105,1.48348105,1.48348105,3336
2003-01-14,1.51315498,1.51315498,1.51315498,1.51315498,22143
2003-01-15,1.51641798,1.51641798,1.51641798,1.51641798,5460
2003-01-16,1.48348105,1.48348105,1.48348105,1.48348105,3336
2003-01-17,1.48348105,1.48348105,1.48348105,1.48348105,10010
2003-01-20,1.49996901,1.49996901,1.49996901,1.49996901,4246
2003-01-21,1.48348105,1.48348105,1.48348105,1.48348105,2578
2003-01-22,1.43403697,1.43403697,1.43403697,1.43403697,1516
2003-01-23,1.38458502,1.38458502,1.38458502,1.38458502,4246
2003-01-24,1.38458502,1.38458502,1.38458502,1.38458502,86603
2003-01-27,1.36810398,1.36810398,1.36810398,1.36810398,5763
2003-01-28,1.40106702,1.40106702,1.40106702,1.40106702,16835
2003-01-29,1.43403697,1.43403697,1.43403697,1.43403697,151
2003-01-30,1.46700001,1.46700001,1.46700001,1.46700001,10920
2003-01-31,1.48015201,1.48015201,1.48015201,1.48015201,1820
2003-02-03,1.48018503,1.48018503,1.48018503,1.48018503,10616
2003-02-04,1.48018503,1.48018503,1.48018503,1.48018503,1061
2003-02-05,1.38458502,1.38458502,1.38458502,1.38458502,151
2003-02-06,1.48183596,1.48183596,1.48183596,1.48183596,258294
2003-02-07,1.41754901,1.41754901,1.41754901,1.41754901,2123
2003-02-10,1.43403697,1.43403697,1.43403697,1.43403697,6066
2003-02-11,1.42084503,1.42084503,1.42084503,1.42084503,3488
2003-02-12,1.42084503,1.42084503,1.42084503,1.42084503,3185
2003-02-13,1.46040702,1.46040702,1.46040702,1.46040702,22143
2003-02-14,1.41754901,1.41754901,1.41754901,1.41754901,2730
2003-02-17,1.43403697,1.43403697,1.43403697,1.43403697,1213
2003-02-18,1.42414105,1.42414105,1.42414105,1.42414105,167292
2003-02-19,1.41754901,1.41754901,1.41754901,1.41754901,96310
2003-02-20,1.48677695,1.48677695,1.48677695,1.48677695,148029
2003-02-21,1.46700001,1.46700001,1.46700001,1.46700001,4550
2003-02-24,1.46370304,1.46370304,1.46370304,1.46370304,17138
2003-02-25,1.41919994,1.41919994,1.41919994,1.41919994,18200
2003-02-26,1.41754901,1.41754901,1.41754901,1.41754901,7886
2003-02-27,1.41952598,1.41952598,1.41952598,1.41952598,10616
2003-02-28,1.42414105,1.42414105,1.42414105,1.42414105,2426
2003-03-03,1.42414105,1.42414105,1.42414105,1.42414105,0
2003-03-04,1.42414105,1.42414105,1.42414105,1.42414105,0
2003-03-05,1.41128898,1.41128898,1.41128898,1.41128898,28210
2003-03-06,1.41754901,1.41754901,1.41754901,1.41754901,758
2003-03-07,1.44062901,1.44062901,1.44062901,1.44062901,7280
2003-03-10,1.42414105,1.42414105,1.42414105,1.42414105,303
2003-03-11,1.40106702,1.40106702,1.40106702,1.40106702,606
2003-03-12,1.43403697,1.43403697,1.43403697,1.43403697,5763
2003-03-13,1.46370304,1.46370304,1.46370304,1.46370304,34125
2003-03-14,1.516451,1.516451,1.516451,1.516451,22447
2003-03-17,1.54941404,1.54941404,1.54941404,1.54941404,1668
2003-03-18,1.54941404,1.54941404,1.54941404,1.54941404,10313
2003-03-19,1.58238304,1.58238304,1.58238304,1.58238304,7583
2003-03-20,1.56590199,1.56590199,1.56590199,1.56590199,6218
2003-03-21,1.58238304,1.58238304,1.58238304,1.58238304,47472
2003-03-24,1.58238304,1.58238304,1.58238304,1.58238304,1516
2003-03-25,1.53293204,1.53293204,1.53293204,1.53293204,2123
2003-03-26,1.54941404,1.54941404,1.54941404,1.54941404,7128
2003-03-27,1.55604005,1.55604005,1.55604005,1.55604005,1061
2003-03-28,1.56596196,1.56596196,1.56596196,1.56596196,15773
2003-03-31,1.56590199,1.56590199,1.56590199,1.56590199,1213
2003-04-01,1.61534703,1.61534703,1.61534703,1.61534703,36855
2003-04-02,1.64502001,1.64502001,1.64502001,1.64502001,40040
2003-04-03,1.62193894,1.62193894,1.62193894,1.62193894,11981
2003-04-04,1.60545802,1.60545802,1.60545802,1.60545802,22143
2003-04-07,1.61370206,1.61370206,1.61370206,1.61370206,7431
2003-04-08,1.59886503,1.59886503,1.59886503,1.59886503,1516
2003-04-09,1.56590199,1.56590199,1.56590199,1.56590199,23357
2003-04-10,1.56590199,1.56590199,1.56590199,1.56590199,11678
2003-04-11,1.56259894,1.56259894,1.56259894,1.56259894,18200
2003-04-14,1.56590199,1.56590199,1.56590199,1.56590199,6218
2003-04-15,1.54941404,1.54941404,1.54941404,1.54941404,2123
2003-04-16,1.57908702,1.57908702,1.57908702,1.57908702,1213
2003-04-17,1.56590199,1.56590199,1.56590199,1.56590199,1516
2003-04-18,1.56590199,1.56590199,1.56590199,1.56590199,0
2003-04-21,1.56590199,1.56590199,1.56590199,1.56590199,0
2003-04-22,1.56590199,1.56590199,1.56590199,1.56590199,758
2003-04-23,1.58238304,1.58238304,1.58238304,1.58238304,6673
2003-04-24,1.61534703,1.61534703,1.61534703,1.61534703,1820
2003-04-25,1.61534703,1.61534703,1.61534703,1.61534703,758
2003-04-28,1.61864305,1.61864305,1.61864305,1.61864305,1365
2003-04-29,1.64831603,1.64831603,1.64831603,1.64831603,52174
2003-04-30,1.66479802,1.66479802,1.66479802,1.66479802,5005
2003-05-01,1.66479802,1.66479802,1.66479802,1.66479802,0
2003-05-02,1.71424901,1.71424901,1.71424901,1.71424901,2881
2003-05-05,1.76699603,1.76699603,1.76699603,1.76699603,12285
2003-05-06,1.76699603,1.76699603,1.76699603,1.76699603,98130
2003-05-07,1.74721205,1.74721205,1.74721205,1.74721205,10768
2003-05-08,1.78018105,1.78018105,1.78018105,1.78018105,15470
2003-05-09,1.78021502,1.78021502,1.78021502,1.78021502,5763
2003-05-12,1.74721205,1.74721205,1.74721205,1.74721205,35794
2003-05-13,1.77358902,1.77358902,1.77358902,1.77358902,36704
2003-05-14,1.77358902,1.77358902,1.77358902,1.77358902,0
2003-05-15,1.76370001,1.76370001,1.76370001,1.76370001,35642
2003-05-16,1.75380397,1.75380397,1.75380397,1.75380397,19717
2003-05-19,1.73073006,1.73073006,1.73073006,1.73073006,16683
2003-05-20,1.69776702,1.69776702,1.69776702,1.69776702,8493
2003-05-21,1.73073006,1.73073006,1.73073006,1.73073006,31244
2003-05-22,1.73073006,1.73073006,1.73073006,1.73073006,9858
2003-05-23,1.73073006,1.73073006,1.73073006,1.73073006,758
2003-05-26,1.74061894,1.74061894,1.74061894,1.74061894,11678
2003-05-27,1.73073006,1.73073006,1.73073006,1.73073006,11830
2003-05-28,1.73073006,1.73073006,1.73073006,1.73073006,21385
2003-05-29,1.70106399,1.70106399,1.70106399,1.70106399,1516
2003-05-30,1.71421599,1.71421599,1.71421599,1.71421599,110415
2003-06-02,1.74721205,1.74721205,1.74721205,1.74721205,1511846
2003-06-03,1.74061894,1.74061894,1.74061894,1.74061894,3033
2003-06-04,1.71424901,1.71424901,1.71424901,1.71424901,45652
2003-06-05,1.70106399,1.70106399,1.70106399,1.70106399,20627
2003-06-06,1.72743404,1.72743404,1.72743404,1.72743404,31699
2003-06-09,1.71424901,1.71424901,1.71424901,1.71424901,18655
2003-06-10,1.71424901,1.71424901,1.71424901,1.71424901,16077
2003-06-11,1.69116795,1.69116795,1.69116795,1.69116795,16683
2003-06-12,1.69776702,1.69776702,1.69776702,1.69776702,31092
2003-06-13,1.70765603,1.70765603,1.70765603,1.70765603,3336
2003-06-16,1.71424901,1.71424901,1.71424901,1.71424901,303
2003-06-17,1.71424901,1.71424901,1.71424901,1.71424901,61729
2003-06-18,1.68127894,1.68127894,1.68127894,1.68127894,455
2003-06-19,1.68127894,1.68127894,1.68127894,1.68127894,0
2003-06-20,1.68127894,1.68127894,1.68127894,1.68127894,0
2003-06-23,1.64834905,1.64834905,1.64834905,1.64834905,7431
2003-06-24,1.65820503,1.65820503,1.65820503,1.65820503,151
2003-06-25,1.65820503,1.65820503,1.65820503,1.65820503,0
2003-06-26,1.66513097,1.66513097,1.66513097,1.66513097,1820
2003-06-27,1.66479802,1.66479802,1.66479802,1.66479802,12740
2003-06-30,1.64831603,1.64831603,1.64831603,1.64831603,50657
2003-07-01,1.66479802,1.66479802,1.66479802,1.66479802,8948
2003-07-02,1.67468703,1.67468703,1.67468703,1.67468703,3943
2003-07-03,1.66809404,1.66809404,1.66809404,1.66809404,6976
2003-07-04,1.69776702,1.69776702,1.69776702,1.69776702,5611
2003-07-07,1.68127894,1.68127894,1.68127894,1.68127894,1061
2003-07-08,1.69776702,1.69776702,1.69776702,1.69776702,9403
2003-07-09,1.69776702,1.69776702,1.69776702,1.69776702,0
2003-07-10,1.68296397,1.68296397,1.68296397,1.68296397,303
2003-07-11,1.68787205,1.68787205,1.68787205,1.68787205,10768
2003-07-14,1.71424901,1.71424901,1.71424901,1.71424901,11375
2003-07-15,1.70930099,1.70930099,1.70930099,1.70930099,3033
2003-07-16,1.69116795,1.69116795,1.69116795,1.69116795,303
2003-07-17,1.67468703,1.67468703,1.67468703,1.67468703,4246
2003-07-18,1.67468703,1.67468703,1.67468703,1.67468703,910
2003-07-21,1.68127894,1.68127894,1.68127894,1.68127894,8948
2003-07-22,1.69446397,1.69446397,1.69446397,1.69446397,6218
2003-07-23,1.68787205,1.68787205,1.68787205,1.68787205,7583
2003-07-24,1.68787205,1.68787205,1.68787205,1.68787205,6521
2003-07-25,1.66479802,1.66479802,1.66479802,1.66479802,5763
2003-07-28,1.67798305,1.67798305,1.67798305,1.67798305,8493
2003-07-29,1.64834905,1.64834905,1.64834905,1.64834905,4095
2003-07-30,1.66809404,1.66809404,1.66809404,1.66809404,151
2003-07-31,1.64831603,1.64831603,1.64831603,1.64831603,9100
2003-08-01,1.63183498,1.63183498,1.63183498,1.63183498,34580
2003-08-04,1.63183498,1.63183498,1.63183498,1.63183498,0
2003-08-05,1.63183498,1.63183498,1.63183498,1.63183498,0
2003-08-06,1.64831603,1.64831603,1.64831603,1.64831603,17290
2003-08-07,1.66479802,1.66479802,1.66479802,1.66479802,27148
2003-08-08,1.68127894,1.68127894,1.68127894,1.68127894,11678
2003-08-11,1.69446397,1.69446397,1.69446397,1.69446397,11223
2003-08-12,1.66479802,1.66479802,1.66479802,1.66479802,9706
2003-08-13,1.64831603,1.64831603,1.64831603,1.64831603,121791
2003-08-14,1.66479802,1.66479802,1.66479802,1.66479802,27755
2003-08-15,1.68127894,1.68127894,1.68127894,1.68127894,24722
2003-08-18,1.68127894,1.68127894,1.68127894,1.68127894,17442
2003-08-19,1.68127894,1.68127894,1.68127894,1.68127894,3336
2003-08-20,1.68127894,1.68127894,1.68127894,1.68127894,5763
2003-08-21,1.78018105,1.78018105,1.78018105,1.78018105,24267
2003-08-22,1.74721205,1.74721205,1.74721205,1.74721205,20020
2003-08-25,1.74721205,1.74721205,1.74721205,1.74721205,5460
2003-08-26,1.73732305,1.73732305,1.73732305,1.73732305,7128
2003-08-27,1.76370001,1.76370001,1.76370001,1.76370001,4701
2003-08-28,1.81314504,1.81314504,1.81314504,1.81314504,34884
2003-08-29,1.84611404,1.84611404,1.84611404,1.84611404,20323
2003-09-01,1.92852795,1.92852795,1.92852795,1.92852795,11071
2003-09-02,1.97468305,1.97468305,1.97468305,1.97468305,18200
2003-09-03,1.99446106,1.99446106,1.99446106,1.99446106,3488
2003-09-04,2.07687497,2.07687497,2.07687497,2.07687497,4398
2003-09-05,2.04397893,2.04397893,2.04397893,2.04397893,13953
2003-09-08,1.99449396,1.99449396,1.99449396,1.99449396,455
2003-09-09,1.91204703,1.91204703,1.91204703,1.91204703,26390
2003-09-10,1.94500995,1.94500995,1.94500995,1.94500995,17593
2003-09-11,1.97138703,1.97138703,1.97138703,1.97138703,19717
2003-09-12,1.97797894,1.97797894,1.97797894,1.97797894,25935
2003-09-15,1.98786795,1.98786795,1.98786795,1.98786795,27755
2003-09-16,1.97797894,1.97797894,1.97797894,1.97797894,5915
2003-09-17,1.92852795,1.92852795,1.92852795,1.92852795,1971
2003-09-18,1.92852795,1.92852795,1.92852795,1.92852795,0
2003-09-19,1.94504297,1.94504297,1.94504297,1.94504297,455
2003-09-22,1.93149805,1.93149805,1.93149805,1.93149805,455
2003-09-23,1.89555895,1.89555895,1.89555895,1.89555895,59151
2003-09-24,1.87907696,1.87907696,1.87907696,1.87907696,59909
2003-09-25,1.87907696,1.87907696,1.87907696,1.87907696,0
2003-09-26,1.87907696,1.87907696,1.87907696,1.87907696,0
2003-09-29,1.91204703,1.91204703,1.91204703,1.91204703,3336
2003-09-30,1.97794604,1.97794604,1.97794604,1.97794604,18352
2003-10-01,2.04387903,2.04387903,2.04387903,2.04387903,8341
2003-10-02,2.01094294,2.01094294,2.01094294,2.01094294,1061
2003-10-03,1.97797894,1.97797894,1.97797894,1.97797894,9706
2003-10-06,1.97797894,1.97797894,1.97797894,1.97797894,18048
2003-10-07,1.98127604,1.98127604,1.98127604,1.98127604,2275
2003-10-08,1.96149099,1.96149099,1.96149099,1.96149099,7583
2003-10-09,1.94500995,1.94500995,1.94500995,1.94500995,3640
2003-10-10,1.89555895,1.89555895,1.89555895,1.89555895,455
2003-10-13,1.96149099,1.96149099,1.96149099,1.96149099,3033
2003-10-14,1.99446106,1.99446106,1.99446106,1.99446106,1971
2003-10-15,1.97797894,1.97797894,1.97797894,1.97797894,44439
2003-10-16,1.96149099,1.96149099,1.96149099,1.96149099,9858
2003-10-17,1.97797894,1.97797894,1.97797894,1.97797894,59454
2003-10-20,1.94500995,1.94500995,1.94500995,1.94500995,4095
2003-10-21,1.99281001,1.99281001,1.99281001,1.99281001,24873
2003-10-22,1.97797894,1.97797894,1.97797894,1.97797894,2578
2003-10-23,1.97797894,1.97797894,1.97797894,1.97797894,0
2003-10-24,1.97797894,1.97797894,1.97797894,1.97797894,1365
2003-10-27,1.97797894,1.97797894,1.97797894,1.97797894,6976
2003-10-28,1.97797894,1.97797894,1.97797894,1.97797894,14256
2003-10-29,1.89555895,1.89555895,1.89555895,1.89555895,8493
2003-10-30,1.91204703,1.91204703,1.91204703,1.91204703,6370
2003-10-31,1.81314504,1.81314504,1.81314504,1.81314504,35035
2003-11-03,1.87907696,1.87907696,1.87907696,1.87907696,1516
2003-11-04,1.87907696,1.87907696,1.87907696,1.87907696,76896
2003-11-05,1.87907696,1.87907696,1.87907696,1.87907696,0
2003-11-06,1.86259604,1.86259604,1.86259604,1.86259604,2426
2003-11-07,1.87907696,1.87907696,1.87907696,1.87907696,21385
2003-11-10,1.84611404,1.84611404,1.84611404,1.84611404,21840
2003-11-11,1.87907696,1.87907696,1.87907696,1.87907696,4550
2003-11-12,1.95489895,1.95489895,1.95489895,1.95489895,106320
2003-11-13,2.01753497,2.01753497,2.01753497,2.01753497,14105
2003-11-14,2.06039405,2.06039405,2.06039405,2.06039405,23508
2003-11-17,2.0274241,2.0274241,2.0274241,2.0274241,25480
2003-11-18,2.0274241,2.0274241,2.0274241,2.0274241,8645
2003-11-19,2.0274241,2.0274241,2.0274241,2.0274241,9100
2003-11-20,2.04391193,2.04391193,2.04391193,2.04391193,9403
2003-11-21,2.04394507,2.04394507,2.04394507,2.04394507,3791
2003-11-24,2.06616092,2.06616092,2.06616092,2.06616092,5005
2003-11-25,2.04720807,2.04720807,2.04720807,2.04720807,9706
2003-11-26,2.04720807,2.04720807,2.04720807,2.04720807,8796
2003-11-27,2.0373199,2.0373199,2.0373199,2.0373199,1971
2003-11-28,2.05709696,2.05709696,2.05709696,2.05709696,59454
2003-12-01,2.06039405,2.06039405,2.06039405,2.06039405,3640
2003-12-02,2.05380106,2.05380106,2.05380106,2.05380106,1365
2003-12-03,2.01094294,2.01094294,2.01094294,2.01094294,910
2003-12-04,2.01094294,2.01094294,2.01094294,2.01094294,2275
2003-12-05,2.01094294,2.01094294,2.01094294,2.01094294,3791
2003-12-08,1.97801304,1.97801304,1.97801304,1.97801304,14560
2003-12-09,2.01094294,2.01094294,2.01094294,2.01094294,4095
2003-12-10,1.99446106,1.99446106,1.99446106,1.99446106,13498
2003-12-11,2.0274241,2.0274241,2.0274241,2.0274241,24115
2003-12-12,2.0274241,2.0274241,2.0274241,2.0274241,217039
2003-12-15,2.0274241,2.0274241,2.0274241,2.0274241,5611
2003-12-16,1.96149099,1.96149099,1.96149099,1.96149099,26390
2003-12-17,2.01094294,2.01094294,2.01094294,2.01094294,48989
2003-12-18,2.04391193,2.04391193,2.04391193,2.04391193,29575
2003-12-19,2.04401207,2.04401207,2.04401207,2.04401207,58847
2003-12-22,2.04391193,2.04391193,2.04391193,2.04391193,98585
2003-12-23,2.10984492,2.10984492,2.10984492,2.10984492,31850
2003-12-24,2.10984492,2.10984492,2.10984492,2.10984492,0
2003-12-25,2.10984492,2.10984492,2.10984492,2.10984492,0
2003-12-26,2.09335709,2.09335709,2.09335709,2.09335709,910
2003-12-29,2.06368995,2.06368995,2.06368995,2.06368995,19413
2003-12-30,2.09335709,2.09335709,2.09335709,2.09335709,15773
2003-12-31,2.09335709,2.09335709,2.09335709,2.09335709,0
2004-01-01,2.09335709,2.09335709,2.09335709,2.09335709,0
2004-01-02,2.12632608,2.12632608,2.12632608,2.12632608,1820
2004-01-05,2.17577696,2.17577696,2.17577696,2.17577696,9858
2004-01-06,2.24170995,2.24170995,2.24170995,2.24170995,25177
2004-01-07,2.24170995,2.24170995,2.24170995,2.24170995,2275
2004-01-08,2.24170995,2.24170995,2.24170995,2.24170995,11981
2004-01-09,2.20874095,2.20874095,2.20874095,2.20874095,11071
2004-01-12,2.24167705,2.24167705,2.24167705,2.24167705,15622
2004-01-13,2.24167705,2.24167705,2.24167705,2.24167705,2123
2004-01-14,2.24134398,2.24134398,2.24134398,2.24134398,12740
2004-01-15,2.23841405,2.23841405,2.23841405,2.23841405,1365
2004-01-16,2.14280796,2.14280796,2.14280796,2.14280796,25328
2004-01-19,2.19225907,2.19225907,2.19225907,2.19225907,151
2004-01-20,2.20874095,2.20874095,2.20874095,2.20874095,6825
2004-01-21,2.17577696,2.17577696,2.17577696,2.17577696,7128
2004-01-22,2.14280796,2.14280796,2.14280796,2.14280796,1668
2004-01-23,2.2647841,2.2647841,2.2647841,2.2647841,8645
2004-01-26,2.30761003,2.30761003,2.30761003,2.30761003,5763
2004-01-27,2.2420361,2.2420361,2.2420361,2.2420361,758
2004-01-28,2.17581105,2.17581105,2.17581105,2.17581105,2730
2004-01-29,2.13951206,2.13951206,2.13951206,2.13951206,4095
2004-01-30,2.13951206,2.13951206,2.13951206,2.13951206,35339
2004-02-02,2.09995604,2.09995604,2.09995604,2.09995604,19868
2004-02-03,2.14280796,2.14280796,2.14280796,2.14280796,29272
2004-02-04,2.10984492,2.10984492,2.10984492,2.10984492,3185
2004-02-05,2.11643696,2.11643696,2.11643696,2.11643696,3033
2004-02-06,2.10325193,2.10325193,2.10325193,2.10325193,7128
2004-02-09,2.1213789,2.1213789,2.1213789,2.1213789,20172
2004-02-10,2.09438205,2.09438205,2.09438205,2.09438205,5460
2004-02-11,2.17066312,2.17066312,2.17066312,2.17066312,2578
2004-02-12,2.22192597,2.22192597,2.22192597,2.22192597,20172
2004-02-13,2.17577696,2.17577696,2.17577696,2.17577696,27148
2004-02-16,2.17577696,2.17577696,2.17577696,2.17577696,0
2004-02-17,2.14280796,2.14280796,2.14280796,2.14280796,12133
2004-02-18,2.15928888,2.15928888,2.15928888,2.15928888,24873
2004-02-19,2.09995604,2.09995604,2.09995604,2.09995604,6370
2004-02-20,2.09962296,2.09962296,2.09962296,2.09962296,8038
2004-02-23,2.09962296,2.09962296,2.09962296,2.09962296,0
2004-02-24,2.09962296,2.09962296,2.09962296,2.09962296,0
2004-02-25,2.10984492,2.10984492,2.10984492,2.10984492,1061
2004-02-26,2.19225907,2.19225907,2.19225907,2.19225907,13346
2004-02-27,2.37357497,2.37357497,2.37357497,2.37357497,146209
2004-03-01,2.75268292,2.75268292,2.75268292,2.75268292,201417
2004-03-02,2.86803389,2.86803389,2.86803389,2.86803389,332460
2004-03-03,3.09880209,3.09880209,3.09880209,3.09880209,433624
2004-03-04,3.16476703,3.16476703,3.16476703,3.16476703,313805
2004-03-05,3.21421194,3.21421194,3.21421194,3.21421194,371288
2004-03-08,3.29656601,3.29656601,3.29656601,3.29656601,138778
2004-03-09,3.29663301,3.29663301,3.29663301,3.29663301,308648
2004-03-10,3.24718189,3.24718189,3.24718189,3.24718189,110719
2004-03-11,3.16476703,3.16476703,3.16476703,3.16476703,47472
2004-03-12,3.13179803,3.13179803,3.13179803,3.13179803,104500
2004-03-15,3.05597591,3.05597591,3.05597591,3.05597591,86451
2004-03-16,3.04612088,3.04612088,3.04612088,3.04612088,158798
2004-03-17,3.09880209,3.09880209,3.09880209,3.09880209,83721
2004-03-18,3.11531591,3.11531591,3.11531591,3.11531591,110870
2004-03-19,3.12520504,3.12520504,3.12520504,3.12520504,22598
2004-03-22,3.125139,3.125139,3.125139,3.125139,10616
2004-03-23,3.16476703,3.16476703,3.16476703,3.16476703,59454
2004-03-24,3.15820193,3.15820193,3.15820193,3.15820193,31850
2004-03-25,3.14172006,3.14172006,3.14172006,3.14172006,7128
2004-03-26,3.11531591,3.11531591,3.11531591,3.11531591,41860
2004-03-29,3.0922091,3.0922091,3.0922091,3.0922091,97523
2004-03-30,3.10869002,3.10869002,3.10869002,3.10869002,22750
2004-03-31,3.08234692,3.08234692,3.08234692,3.08234692,25328
2004-04-01,3.13179803,3.13179803,3.13179803,3.13179803,27755
2004-04-02,3.14498305,3.14498305,3.14498305,3.14498305,41254
2004-04-05,3.14498305,3.14498305,3.14498305,3.14498305,5611
2004-04-06,3.1251719,3.1251719,3.1251719,3.1251719,17290
2004-04-07,3.13179803,3.13179803,3.13179803,3.13179803,183975
2004-04-08,3.13179803,3.13179803,3.13179803,3.13179803,14105
2004-04-09,3.13179803,3.13179803,3.13179803,3.13179803,0
2004-04-12,3.13179803,3.13179803,3.13179803,3.13179803,455
2004-04-13,3.13179803,3.13179803,3.13179803,3.13179803,22143
2004-04-14,3.14168692,3.14168692,3.14168692,3.14168692,15318
2004-04-15,3.15816808,3.15816808,3.15816808,3.15816808,303
2004-04-16,3.16476703,3.16476703,3.16476703,3.16476703,57331
2004-04-19,3.19769692,3.19769692,3.19769692,3.19769692,62184
2004-04-20,3.16473389,3.16473389,3.16473389,3.16473389,5005
2004-04-21,3.16473389,3.16473389,3.16473389,3.16473389,0
2004-04-22,3.25868893,3.25868893,3.25868893,3.25868893,19868
2004-04-23,3.25868893,3.25868893,3.25868893,3.25868893,0
2004-04-26,3.23070002,3.23070002,3.23070002,3.23070002,32002
2004-04-27,3.36256504,3.36256504,3.36256504,3.36256504,117544
2004-04-28,3.37901402,3.37901402,3.37901402,3.37901402,94642
2004-04-29,3.39219904,3.39219904,3.39219904,3.39219904,294694
2004-04-30,3.39552808,3.39552808,3.39552808,3.39552808,47776
2004-05-03,3.41201711,3.41201711,3.41201711,3.41201711,67796
2004-05-04,3.46146107,3.46146107,3.46146107,3.46146107,19110
2004-05-05,3.52736092,3.52736092,3.52736092,3.52736092,65673
2004-05-06,3.52409792,3.52409792,3.52409792,3.52409792,28362
2004-05-07,3.46146107,3.46146107,3.46146107,3.46146107,28058
2004-05-10,3.44497991,3.44497991,3.44497991,3.44497991,50809
2004-05-11,3.42849803,3.42849803,3.42849803,3.42849803,13801
2004-05-12,3.45816493,3.45816493,3.45816493,3.45816493,34429
2004-05-13,3.52739406,3.52739406,3.52739406,3.52739406,91760
2004-05-14,3.59332609,3.59332609,3.59332609,3.59332609,50354
2004-05-17,3.59662294,3.59662294,3.59662294,3.59662294,55814
2004-05-18,3.57852292,3.57852292,3.57852292,3.57852292,36400
2004-05-19,3.66585207,3.66585207,3.66585207,3.66585207,157281
2004-05-20,3.62629604,3.62629604,3.62629604,3.62629604,36249
2004-05-21,3.70870996,3.70870996,3.70870996,3.70870996,31699
2004-05-24,3.75816107,3.75816107,3.75816107,3.75816107,27452
2004-05-25,3.72519207,3.72519207,3.72519207,3.72519207,84480
2004-05-26,3.75713611,3.75713611,3.75713611,3.75713611,187919
2004-05-27,3.77464294,3.77464294,3.77464294,3.77464294,38979
2004-05-28,3.72519207,3.72519207,3.72519207,3.72519207,8341
2004-05-31,3.77134705,3.77134705,3.77134705,3.77134705,24570
2004-06-01,3.75816107,3.75816107,3.75816107,3.75816107,15167
2004-06-02,3.79112411,3.79112411,3.79112411,3.79112411,136199
2004-06-03,3.89002705,3.89002705,3.89002705,3.89002705,147726
2004-06-04,3.98892212,3.98892212,3.98892212,3.98892212,51112
2004-06-07,4.03837395,4.03837395,4.03837395,4.03837395,79778
2004-06-08,4.04166985,4.04166985,4.04166985,4.04166985,158646
2004-06-09,3.95595908,3.95595908,3.95595908,3.95595908,359912
2004-06-10,3.95595908,3.95595908,3.95595908,3.95595908,0
2004-06-11,3.95595908,3.95595908,3.95595908,3.95595908,0
2004-06-14,3.89002705,3.89002705,3.89002705,3.89002705,3488
2004-06-15,3.85705709,3.85705709,3.85705709,3.85705709,23812
2004-06-16,3.87353897,3.87353897,3.87353897,3.87353897,4701
2004-06-17,3.87353897,3.87353897,3.87353897,3.87353897,7735
2004-06-18,3.89005995,3.89005995,3.89005995,3.89005995,758
2004-06-21,3.90650797,3.90650797,3.90650797,3.90650797,44439
2004-06-22,3.89661908,3.89661908,3.89661908,3.89661908,25480
2004-06-23,3.95592594,3.95592594,3.95592594,3.95592594,72043
2004-06-24,4.05485487,4.05485487,4.05485487,4.05485487,43832
2004-06-25,4.03830719,4.03830719,4.03830719,4.03830719,17442
2004-06-28,3.92299008,3.92299008,3.92299008,3.92299008,15167
2004-06-29,3.95595908,3.95595908,3.95595908,3.95595908,74166
2004-06-30,3.95595908,3.95595908,3.95595908,3.95595908,4550
2004-07-01,3.92299008,3.92299008,3.92299008,3.92299008,1668
2004-07-02,3.95595908,3.95595908,3.95595908,3.95595908,12740
2004-07-05,3.89002705,3.89002705,3.89002705,3.89002705,1516
2004-07-06,3.9497931,3.9497931,3.9497931,3.9497931,150305
2004-07-07,3.99221897,3.99221897,3.99221897,3.99221897,3185
2004-07-08,4.02189207,4.02189207,4.02189207,4.02189207,7735
2004-07-09,4.02189207,4.02189207,4.02189207,4.02189207,0
2004-07-12,3.98892212,3.98892212,3.98892212,3.98892212,65369
2004-07-13,3.85705709,3.85705709,3.85705709,3.85705709,3185
2004-07-14,3.85705709,3.85705709,3.85705709,3.85705709,0
2004-07-15,3.85705709,3.85705709,3.85705709,3.85705709,9251
2004-07-16,3.86035299,3.86035299,3.86035299,3.86035299,11678
2004-07-19,3.79112411,3.79112411,3.79112411,3.79112411,7886
2004-07-20,3.84060907,3.84060907,3.84060907,3.84060907,606
2004-07-21,3.82409406,3.82409406,3.82409406,3.82409406,35794
2004-07-22,3.79112411,3.79112411,3.79112411,3.79112411,9100
2004-07-23,3.79112411,3.79112411,3.79112411,3.79112411,13195
2004-07-26,3.76808405,3.76808405,3.76808405,3.76808405,25935
2004-07-27,3.82402802,3.82402802,3.82402802,3.82402802,74469
2004-07-28,3.75816107,3.75816107,3.75816107,3.75816107,92822
2004-07-29,3.79112411,3.79112411,3.79112411,3.79112411,17138
2004-07-30,3.79112411,3.79112411,3.79112411,3.79112411,23812
2004-08-02,3.79112411,3.79112411,3.79112411,3.79112411,70071
2004-08-03,3.76808405,3.76808405,3.76808405,3.76808405,17290
2004-08-04,3.79112411,3.79112411,3.79112411,3.79112411,9100
2004-08-05,3.87353897,3.87353897,3.87353897,3.87353897,47624
2004-08-06,3.84057593,3.84057593,3.84057593,3.84057593,1971
2004-08-09,3.86365008,3.86365008,3.86365008,3.86365008,121639
2004-08-10,3.89005995,3.89005995,3.89005995,3.89005995,12588
2004-08-11,3.95595908,3.95595908,3.95595908,3.95595908,25025
2004-08-12,3.92305589,3.92305589,3.92305589,3.92305589,7128
2004-08-13,3.89012694,3.89012694,3.89012694,3.89012694,72953
2004-08-16,3.92299008,3.92299008,3.92299008,3.92299008,12588
2004-08-17,3.95595908,3.95595908,3.95595908,3.95595908,21233
2004-08-18,3.95595908,3.95595908,3.95595908,3.95595908,8948
2004-08-19,4.05485487,4.05485487,4.05485487,4.05485487,8796
2004-08-20,3.95599294,3.95599294,3.95599294,3.95599294,1365
2004-08-23,3.95628595,3.95628595,3.95628595,3.95628595,4701
2004-08-24,3.95595908,3.95595908,3.95595908,3.95595908,116937
2004-08-25,3.95595908,3.95595908,3.95595908,3.95595908,29423
2004-08-26,3.95595908,3.95595908,3.95595908,3.95595908,0
2004-08-27,3.95595908,3.95595908,3.95595908,3.95595908,0
2004-08-30,3.92299008,3.92299008,3.92299008,3.92299008,2578
2004-08-31,3.92628598,3.92628598,3.92628598,3.92628598,16380
2004-09-01,3.92299008,3.92299008,3.92299008,3.92299008,3943
2004-09-02,4.04166985,4.04166985,4.04166985,4.04166985,328365
2004-09-03,4.0317812,4.0317812,4.0317812,4.0317812,88575
2004-09-06,3.98892212,3.98892212,3.98892212,3.98892212,1516
2004-09-07,3.98892212,3.98892212,3.98892212,3.98892212,0
2004-09-08,4.02189207,4.02189207,4.02189207,4.02189207,61426
2004-09-09,3.98908901,3.98908901,3.98908901,3.98908901,12740
2004-09-10,4.05485487,4.05485487,4.05485487,4.05485487,76138
2004-09-13,4.05485487,4.05485487,4.05485487,4.05485487,16380
2004-09-14,4.0614481,4.0614481,4.0614481,4.0614481,59757
2004-09-15,4.0152998,4.0152998,4.0152998,4.0152998,14711
2004-09-16,4.0021081,4.0021081,4.0021081,4.0021081,40344
2004-09-17,3.98892212,3.98892212,3.98892212,3.98892212,165623
2004-09-20,4.005404,4.005404,4.005404,4.005404,151
2004-09-21,3.98892212,3.98892212,3.98892212,3.98892212,225533
2004-09-22,3.98562598,3.98562598,3.98562598,3.98562598,2426
2004-09-23,4.02189207,4.02189207,4.02189207,4.02189207,50809
2004-09-24,4.02189207,4.02189207,4.02189207,4.02189207,10920
2004-09-27,3.98892212,3.98892212,3.98892212,3.98892212,303
2004-09-28,4.02024078,4.02024078,4.02024078,4.02024078,26542
2004-09-29,4.02189207,4.02189207,4.02189207,4.02189207,17138
2004-09-30,4.02189207,4.02189207,4.02189207,4.02189207,91153
2004-10-01,3.98892212,3.98892212,3.98892212,3.98892212,6218
2004-10-04,3.98892212,3.98892212,3.98892212,3.98892212,0
2004-10-05,3.93947101,3.93947101,3.93947101,3.93947101,4550
2004-10-06,3.93947101,3.93947101,3.93947101,3.93947101,5308
2004-10-07,3.98892212,3.98892212,3.98892212,3.98892212,151
2004-10-08,3.97244096,3.97244096,3.97244096,3.97244096,5460
2004-10-11,3.95595908,3.95595908,3.95595908,3.95595908,51567
2004-10-12,3.95595908,3.95595908,3.95595908,3.95595908,0
2004-10-13,4.07796288,4.07796288,4.07796288,4.07796288,235543
2004-10-14,4.1801281,4.1801281,4.1801281,4.1801281,145148
2004-10-15,4.20320177,4.20320177,4.20320177,4.20320177,348082
2004-10-18,4.28562307,4.28562307,4.28562307,4.28562307,34429
2004-10-19,4.35155487,4.35155487,4.35155487,4.35155487,34732
2004-10-20,4.417521,4.417521,4.417521,4.417521,103893
2004-10-21,4.43396997,4.43396997,4.43396997,4.43396997,24873
2004-10-22,4.43396997,4.43396997,4.43396997,4.43396997,8190
2004-10-25,4.51638412,4.51638412,4.51638412,4.51638412,77351
2004-10-26,4.51605797,4.51605797,4.51605797,4.51605797,83721
2004-10-27,4.51638412,4.51638412,4.51638412,4.51638412,92822
2004-10-28,4.53286505,4.53286505,4.53286505,4.53286505,17745
2004-10-29,4.53286505,4.53286505,4.53286505,4.53286505,15622
2004-11-01,4.56616116,4.56616116,4.56616116,4.56616116,15167
2004-11-03,4.61528587,4.61528587,4.61528587,4.61528587,183369
2004-11-04,4.58238316,4.58238316,4.58238316,4.58238316,35794
2004-11-05,4.61528587,4.61528587,4.61528587,4.61528587,87968
2004-11-08,4.54935312,4.54935312,4.54935312,4.54935312,2275
2004-11-09,4.54935312,4.54935312,4.54935312,4.54935312,6521
2004-11-10,4.58231592,4.58231592,4.58231592,4.58231592,56572
2004-11-11,4.565835,4.565835,4.565835,4.565835,8948
2004-11-12,4.565835,4.565835,4.565835,4.565835,38979
2004-11-15,4.565835,4.565835,4.565835,4.565835,0
2004-11-16,4.565835,4.565835,4.565835,4.565835,151
2004-11-17,4.54935312,4.54935312,4.54935312,4.54935312,3640
2004-11-18,4.51635122,4.51635122,4.51635122,4.51635122,86755
2004-11-19,4.49990177,4.49990177,4.49990177,4.49990177,93580
2004-11-22,4.49990177,4.49990177,4.49990177,4.49990177,5915
2004-11-23,4.4174881,4.4174881,4.4174881,4.4174881,203086
2004-11-24,4.48342085,4.48342085,4.48342085,4.48342085,95400
2004-11-25,4.46693277,4.46693277,4.46693277,4.46693277,40192
2004-11-26,4.46858406,4.46858406,4.46858406,4.46858406,39282
2004-11-29,4.49990177,4.49990177,4.49990177,4.49990177,14105
2004-11-30,4.47352505,4.47352505,4.47352505,4.47352505,6673
2004-12-01,4.40100002,4.40100002,4.40100002,4.40100002,151
2004-12-02,4.40100002,4.40100002,4.40100002,4.40100002,296969
2004-12-03,4.38451815,4.38451815,4.38451815,4.38451815,91457
2004-12-06,4.38451815,4.38451815,4.38451815,4.38451815,312136
2004-12-07,4.44550323,4.44550323,4.44550323,4.44550323,214461
2004-12-08,4.450418,4.450418,4.450418,4.450418,16987
2004-12-09,4.43396997,4.43396997,4.43396997,4.43396997,246463
2004-12-10,4.43396997,4.43396997,4.43396997,4.43396997,256322
2004-12-13,4.447155,4.447155,4.447155,4.447155,6218
2004-12-14,4.42408085,4.42408085,4.42408085,4.42408085,82811
2004-12-15,4.40100002,4.40100002,4.40100002,4.40100002,605163
2004-12-16,4.49990177,4.49990177,4.49990177,4.49990177,90850
2004-12-17,4.48671722,4.48671722,4.48671722,4.48671722,36704
2004-12-20,4.51638412,4.51638412,4.51638412,4.51638412,3033
2004-12-21,4.5328989,4.5328989,4.5328989,4.5328989,8796
2004-12-22,4.565835,4.565835,4.565835,4.565835,17897
2004-12-23,4.6812191,4.6812191,4.6812191,4.6812191,5156
2004-12-24,4.6812191,4.6812191,4.6812191,4.6812191,0
2004-12-27,4.61531305,4.61531305,4.61531305,4.61531305,3185
2004-12-28,4.64824915,4.64824915,4.64824915,4.64824915,3185
2004-12-29,4.54935312,4.54935312,4.54935312,4.54935312,3488
2004-12-30,4.5097909,4.5097909,4.5097909,4.5097909,1365
2004-12-31,4.5097909,4.5097909,4.5097909,4.5097909,0
2005-01-03,4.58231592,4.58231592,4.58231592,4.58231592,40040
2005-01-04,4.61528587,4.61528587,4.61528587,4.61528587,72498
2005-01-05,4.5922389,4.5922389,4.5922389,4.5922389,20323
2005-01-06,4.61528587,4.61528587,4.61528587,4.61528587,31092
2005-01-07,4.6186161,4.6186161,4.6186161,4.6186161,45501
2005-01-10,4.51638412,4.51638412,4.51638412,4.51638412,10920
2005-01-11,4.54935312,4.54935312,4.54935312,4.54935312,22750
2005-01-12,4.509758,4.509758,4.509758,4.509758,22598
2005-01-13,4.4504509,4.4504509,4.4504509,4.4504509,151
2005-01-14,4.40100002,4.40100002,4.40100002,4.40100002,15470
2005-01-17,4.384552,4.384552,4.384552,4.384552,34277
2005-01-18,4.40100002,4.40100002,4.40100002,4.40100002,29575
2005-01-19,4.3350668,4.3350668,4.3350668,4.3350668,303
2005-01-20,4.2361722,4.2361722,4.2361722,4.2361722,24418
2005-01-21,4.2361722,4.2361722,4.2361722,4.2361722,0
2005-01-24,4.1537571,4.1537571,4.1537571,4.1537571,84480
2005-01-26,4.15705395,4.15705395,4.15705395,4.15705395,42619
2005-01-27,4.25262022,4.25262022,4.25262022,4.25262022,30789
2005-01-28,4.21972322,4.21972322,4.21972322,4.21972322,11830
2005-01-31,4.28562307,4.28562307,4.28562307,4.28562307,36097
2005-02-01,4.28562307,4.28562307,4.28562307,4.28562307,1213
2005-02-02,4.26254177,4.26254177,4.26254177,4.26254177,24418
2005-02-03,4.25265312,4.25265312,4.25265312,4.25265312,151
2005-02-04,4.25265312,4.25265312,4.25265312,4.25265312,16532
2005-02-09,4.25265312,4.25265312,4.25265312,4.25265312,11375
2005-02-10,4.35155487,4.35155487,4.35155487,4.35155487,52477
2005-02-11,4.40100002,4.40100002,4.40100002,4.40100002,78565
2005-02-14,4.31858587,4.31858587,4.31858587,4.31858587,16532
2005-02-15,4.36803722,4.36803722,4.36803722,4.36803722,60364
2005-02-16,4.36803722,4.36803722,4.36803722,4.36803722,46562
2005-02-17,4.28562307,4.28562307,4.28562307,4.28562307,34580
2005-02-18,4.21972322,4.21972322,4.21972322,4.21972322,201417
2005-02-21,4.2394681,4.2394681,4.2394681,4.2394681,156068
2005-02-22,4.35155487,4.35155487,4.35155487,4.35155487,141053
2005-02-23,4.3350668,4.3350668,4.3350668,4.3350668,108595
2005-02-24,4.30869722,4.30869722,4.30869722,4.30869722,156523
2005-02-25,4.269135,4.269135,4.269135,4.269135,191104
2005-02-28,4.30833101,4.30833101,4.30833101,4.30833101,470177
2005-03-01,4.302104,4.302104,4.302104,4.302104,571644
2005-03-02,4.124084,4.124084,4.124084,4.124084,93732
2005-03-03,4.25594902,4.25594902,4.25594902,4.25594902,561634
2005-03-04,4.21968985,4.21968985,4.21968985,4.21968985,152125
2005-03-07,4.24111319,4.24111319,4.24111319,4.24111319,644445
2005-03-08,4.242764,4.242764,4.242764,4.242764,1494253
2005-03-09,4.25265312,4.25265312,4.25265312,4.25265312,693890
2005-03-10,4.25265312,4.25265312,4.25265312,4.25265312,488529
2005-03-11,4.25265312,4.25265312,4.25265312,4.25265312,212641
2005-03-14,4.269135,4.269135,4.269135,4.269135,233268
2005-03-15,4.28562307,4.28562307,4.28562307,4.28562307,472755
2005-03-16,4.29913378,4.29913378,4.29913378,4.29913378,441663
2005-03-17,4.25265312,4.25265312,4.25265312,4.25265312,30182
2005-03-18,4.18671989,4.18671989,4.18671989,4.18671989,17897
2005-03-21,4.18339109,4.18339109,4.18339109,4.18339109,83570
2005-03-22,4.17017221,4.17017221,4.17017221,4.17017221,71739
2005-03-23,4.10430622,4.10430622,4.10430622,4.10430622,43529
2005-03-24,4.08782482,4.08782482,4.08782482,4.08782482,64459
2005-03-28,4.05482197,4.05482197,4.05482197,4.05482197,30485
2005-03-29,3.85709,3.85709,3.85709,3.85709,455
2005-03-30,3.85709,3.85709,3.85709,3.85709,0
2005-03-31,4.03718805,4.03718805,4.03718805,4.03718805,910
2005-04-01,4.03718805,4.03718805,4.03718805,4.03718805,0
2005-04-04,3.13179803,3.13179803,3.13179803,3.13179803,151
2005-04-05,3.11531591,3.11531591,3.11531591,3.11531591,303
2005-04-06,3.09715009,3.09715009,3.09715009,3.09715009,910
2005-04-07,3.09715009,3.09715009,3.09715009,3.09715009,0
2005-04-08,2.93400002,2.93400002,2.93400002,2.93400002,151
2005-04-11,2.80213404,2.80213404,2.80213404,2.80213404,151
2005-04-12,2.30764294,2.30764294,2.30764294,2.30764294,606
2005-04-13,2.19225907,2.19225907,2.19225907,2.19225907,2730
2005-04-14,2.19225907,2.19225907,2.19225907,2.19225907,606
2005-04-15,2.17577696,2.17577696,2.17577696,2.17577696,151
2005-04-18,2.17577696,2.17577696,2.17577696,2.17577696,0
2005-04-19,2.07687497,2.07687497,2.07687497,2.07687497,606
2005-04-20,2.10984492,2.10984492,2.10984492,2.10984492,606
2005-04-22,2.10981202,2.10981202,2.10981202,2.10981202,455
2005-04-25,2.09335709,2.09335709,2.09335709,2.09335709,34125
2005-04-26,2.12632608,2.12632608,2.12632608,2.12632608,6976
2005-04-27,2.12632608,2.12632608,2.12632608,2.12632608,0
2005-04-28,2.10984492,2.10984492,2.10984492,2.10984492,4701
2005-04-29,2.10160089,2.10160089,2.10160089,2.10160089,606
2005-05-02,2.07687497,2.07687497,2.07687497,2.07687497,14560
2005-05-03,2.09335709,2.09335709,2.09335709,2.09335709,3336
2005-05-04,2.09335709,2.09335709,2.09335709,2.09335709,0
2005-05-05,2.07687497,2.07687497,2.07687497,2.07687497,151
2005-05-06,2.07687497,2.07687497,2.07687497,2.07687497,0
2005-05-09,2.10984492,2.10984492,2.10984492,2.10984492,151
2005-05-10,2.10984492,2.10984492,2.10984492,2.10984492,910
2005-05-11,2.10984492,2.10984492,2.10984492,2.10984492,0
2005-05-12,2.10984492,2.10984492,2.10984492,2.10984492,0
2005-05-13,1.97797894,1.97797894,1.97797894,1.97797894,303
2005-05-16,2.09335709,2.09335709,2.09335709,2.09335709,758
2005-05-17,2.09335709,2.09335709,2.09335709,2.09335709,0
2005-05-18,2.0274241,2.0274241,2.0274241,2.0274241,306828
2005-05-19,2.04391193,2.04391193,2.04391193,2.04391193,82508
2005-05-20,2.14280796,2.14280796,2.14280796,2.14280796,10616
2005-05-23,2.14280796,2.14280796,2.14280796,2.14280796,151
2005-05-24,2.13951206,2.13951206,2.13951206,2.13951206,2730
2005-05-25,2.15928888,2.15928888,2.15928888,2.15928888,4550
2005-05-27,2.15928888,2.15928888,2.15928888,2.15928888,21537
2005-05-30,2.15928888,2.15928888,2.15928888,2.15928888,455
2005-05-31,2.12962294,2.12962294,2.12962294,2.12962294,79930
2005-06-01,2.22554207,2.22554207,2.22554207,2.22554207,163683
2005-06-02,2.23744798,2.23744798,2.23744798,2.23744798,334374
2005-06-03,2.19673395,2.19673395,2.19673395,2.19673395,143285
2005-06-06,2.17755604,2.17755604,2.17755604,2.17755604,625326
2005-06-07,2.14559102,2.14559102,2.14559102,2.14559102,257663
2005-06-08,2.15757799,2.15757799,2.15757799,2.15757799,102990
2005-06-09,2.11762309,2.11762309,2.11762309,2.11762309,335876
2005-06-10,2.23748803,2.23748803,2.23748803,2.23748803,328493
2005-06-13,2.35735393,2.35735393,2.35735393,2.35735393,170691
2005-06-14,2.35735393,2.35735393,2.35735393,2.35735393,132523
2005-06-15,2.35735393,2.35735393,2.35735393,2.35735393,246025
2005-06-16,2.39730906,2.39730906,2.39730906,2.39730906,338254
2005-06-17,2.43326807,2.43326807,2.43326807,2.43326807,92103
2005-06-20,2.36134911,2.36134911,2.36134911,2.36134911,41046
2005-06-21,2.32139397,2.32139397,2.32139397,2.32139397,152420
2005-06-22,2.34936309,2.34936309,2.34936309,2.34936309,434612
2005-06-23,2.38612103,2.38612103,2.38612103,2.38612103,121260
2005-06-24,2.3494029,2.3494029,2.3494029,2.3494029,85095
2005-06-27,2.39730906,2.39730906,2.39730906,2.39730906,96608
2005-06-28,2.38931799,2.38931799,2.38931799,2.38931799,159679
2005-06-29,2.39726901,2.39726901,2.39726901,2.39726901,24402
2005-06-30,2.39730906,2.39730906,2.39730906,2.39730906,64822
2005-07-01,2.45324612,2.45324612,2.45324612,2.45324612,128268
2005-07-04,2.45720196,2.45720196,2.45720196,2.45720196,8884
2005-07-05,2.40074492,2.40074492,2.40074492,2.40074492,208734
2005-07-06,2.37729096,2.37729096,2.37729096,2.37729096,79464
2005-07-07,2.41329098,2.41329098,2.41329098,2.41329098,97484
2005-07-08,2.39730906,2.39730906,2.39730906,2.39730906,4254
2005-07-11,2.38132691,2.38132691,2.38132691,2.38132691,46802
2005-07-12,2.36134911,2.36134911,2.36134911,2.36134911,177323
2005-07-13,2.35727406,2.35727406,2.35727406,2.35727406,591413
2005-07-14,2.40929508,2.40929508,2.40929508,2.40929508,369414
2005-07-15,2.35755301,2.35755301,2.35755301,2.35755301,9510
2005-07-18,2.36138892,2.36138892,2.36138892,2.36138892,2627
2005-07-19,2.38927794,2.38927794,2.38927794,2.38927794,8134
2005-07-20,2.39131594,2.39131594,2.39131594,2.39131594,16143
2005-07-21,2.38532209,2.38532209,2.38532209,2.38532209,4379
2005-07-22,2.35739398,2.35739398,2.35739398,2.35739398,71204
2005-07-25,2.3253901,2.3253901,2.3253901,2.3253901,228881
2005-07-26,2.35735393,2.35735393,2.35735393,2.35735393,34538
2005-07-27,2.36134911,2.36134911,2.36134911,2.36134911,46927
2005-07-28,2.42328,2.42328,2.42328,2.42328,71955
2005-07-29,2.37333608,2.37333608,2.37333608,2.37333608,30909
2005-08-01,2.38528204,2.38528204,2.38528204,2.38528204,20523
2005-08-02,2.40929508,2.40929508,2.40929508,2.40929508,19271
2005-08-03,2.40130401,2.40130401,2.40130401,2.40130401,45676
2005-08-04,2.38132691,2.38132691,2.38132691,2.38132691,24902
2005-08-05,2.40929508,2.40929508,2.40929508,2.40929508,72205
2005-08-08,2.39730906,2.39730906,2.39730906,2.39730906,8259
2005-08-09,2.43486691,2.43486691,2.43486691,2.43486691,293829
2005-08-10,2.46922803,2.46922803,2.46922803,2.46922803,176197
2005-08-11,2.4772191,2.4772191,2.4772191,2.4772191,153922
2005-08-12,2.48520994,2.48520994,2.48520994,2.48520994,224751
2005-08-15,2.4253571,2.4253571,2.4253571,2.4253571,243648
2005-08-16,2.44925094,2.44925094,2.44925094,2.44925094,135902
2005-08-17,2.48876595,2.48876595,2.48876595,2.48876595,354272
2005-08-18,2.481215,2.481215,2.481215,2.481215,66699
2005-08-19,2.4772191,2.4772191,2.4772191,2.4772191,64822
2005-08-22,2.46918797,2.46918797,2.46918797,2.46918797,84845
2005-08-23,2.41329098,2.41329098,2.41329098,2.41329098,104241
2005-08-24,2.41728592,2.41728592,2.41728592,2.41728592,166686
2005-08-25,2.43722391,2.43722391,2.43722391,2.43722391,23150
2005-08-26,2.43726397,2.43726397,2.43726397,2.43726397,41171
2005-08-29,2.40506005,2.40506005,2.40506005,2.40506005,17019
2005-08-30,2.39930701,2.39930701,2.39930701,2.39930701,70078
2005-08-31,2.42527699,2.42527699,2.42527699,2.42527699,37917
2005-09-01,2.48317194,2.48317194,2.48317194,2.48317194,212988
2005-09-02,2.51717401,2.51717401,2.51717401,2.51717401,221873
2005-09-05,2.61702204,2.61702204,2.61702204,2.61702204,62695
2005-09-06,2.64103508,2.64103508,2.64103508,2.64103508,302714
2005-09-08,2.67703509,2.67703509,2.67703509,2.67703509,109873
2005-09-09,2.68894196,2.68894196,2.68894196,2.68894196,28031
2005-09-12,2.71735001,2.71735001,2.71735001,2.71735001,14140
2005-09-13,2.68898106,2.68898106,2.68898106,2.68898106,20648
2005-09-14,2.70696092,2.70696092,2.70696092,2.70696092,26404
2005-09-15,2.70716095,2.70716095,2.70716095,2.70716095,72706
2005-09-16,2.71687007,2.71687007,2.71687007,2.71687007,176197
2005-09-19,2.66900396,2.66900396,2.66900396,2.66900396,73332
2005-09-20,2.6370399,2.6370399,2.6370399,2.6370399,53434
2005-09-21,2.69693303,2.69693303,2.69693303,2.69693303,66950
2005-09-22,2.64990497,2.64990497,2.64990497,2.64990497,80715
2005-09-23,2.65306211,2.65306211,2.65306211,2.65306211,88474
2005-09-26,2.64622903,2.64622903,2.64622903,2.64622903,36415
2005-09-27,2.64103508,2.64103508,2.64103508,2.64103508,47177
2005-09-28,2.63723993,2.63723993,2.63723993,2.63723993,40420
2005-09-29,2.64543009,2.64543009,2.64543009,2.64543009,23150
2005-09-30,2.67699504,2.67699504,2.67699504,2.67699504,140407
2005-10-03,2.73692799,2.73692799,2.73692799,2.73692799,321485
2005-10-04,2.76493597,2.76493597,2.76493597,2.76493597,53810
2005-10-05,2.66121292,2.66121292,2.66121292,2.66121292,57314
2005-10-06,2.65701699,2.65701699,2.65701699,2.65701699,76085
2005-10-07,2.67699504,2.67699504,2.67699504,2.67699504,323988
2005-10-10,2.69689298,2.69689298,2.69689298,2.69689298,403452
2005-10-11,2.67295909,2.67295909,2.67295909,2.67295909,138405
2005-10-13,2.58909392,2.58909392,2.58909392,2.58909392,912397
2005-10-14,2.51637506,2.51637506,2.51637506,2.51637506,329494
2005-10-17,2.51317906,2.51317906,2.51317906,2.51317906,913899
2005-10-18,2.50119209,2.50119209,2.50119209,2.50119209,82217
2005-10-19,2.50119209,2.50119209,2.50119209,2.50119209,65698
2005-10-20,2.45724201,2.45724201,2.45724201,2.45724201,76210
2005-10-21,2.46443391,2.46443391,2.46443391,2.46443391,367411
2005-10-24,2.47717905,2.47717905,2.47717905,2.47717905,590036
2005-10-25,2.53715205,2.53715205,2.53715205,2.53715205,373543
2005-10-26,2.54474306,2.54474306,2.54474306,2.54474306,32035
2005-10-27,2.53715205,2.53715205,2.53715205,2.53715205,55061
2005-10-28,2.48920608,2.48920608,2.48920608,2.48920608,43673
2005-10-31,2.53715205,2.53715205,2.53715205,2.53715205,37041
2005-11-01,2.59097099,2.59097099,2.59097099,2.59097099,139030
2005-11-03,2.63224506,2.63224506,2.63224506,2.63224506,166937
2005-11-04,2.57311201,2.57311201,2.57311201,2.57311201,62820
2005-11-07,2.61702204,2.61702204,2.61702204,2.61702204,87598
2005-11-08,2.62904906,2.62904906,2.62904906,2.62904906,129269
2005-11-09,2.64902592,2.64902592,2.64902592,2.64902592,1725809
2005-11-10,2.69625306,2.69625306,2.69625306,2.69625306,237766
2005-11-11,2.69697309,2.69697309,2.69697309,2.69697309,40170
2005-11-14,2.69697309,2.69697309,2.69697309,2.69697309,24152
2005-11-16,2.73692799,2.73692799,2.73692799,2.73692799,89975
2005-11-17,2.79685998,2.79685998,2.79685998,2.79685998,89975
2005-11-18,2.79685998,2.79685998,2.79685998,2.79685998,346888
2005-11-21,2.83673596,2.83673596,2.83673596,2.83673596,328618
2005-11-22,2.84880209,2.84880209,2.84880209,2.84880209,84845
2005-11-23,2.91668606,2.91668606,2.91668606,2.91668606,753094
2005-11-24,2.89674807,2.89674807,2.89674807,2.89674807,844696
2005-11-25,2.92471695,2.92471695,2.92471695,2.92471695,188711
2005-11-28,2.89275289,2.89275289,2.89275289,2.89275289,274432
2005-11-29,2.93270802,2.93270802,2.93270802,2.93270802,701411
2005-11-30,2.95268607,2.95268607,2.95268607,2.95268607,1703159
2005-12-01,3.08453798,3.08453798,3.08453798,3.08453798,446125
2005-12-02,3.03259611,3.03259611,3.03259611,3.03259611,58315
2005-12-05,3.01261806,3.01261806,3.01261806,3.01261806,188836
2005-12-06,2.96870804,2.96870804,2.96870804,2.96870804,146914
2005-12-07,2.93670297,2.93670297,2.93670297,2.93670297,31660
2005-12-08,2.91672611,2.91672611,2.91672611,2.91672611,43673
2005-12-09,2.95652103,2.95652103,2.95652103,2.95652103,20147
2005-12-12,2.94469404,2.94469404,2.94469404,2.94469404,62695
2005-12-13,2.95268607,2.95268607,2.95268607,2.95268607,22024
2005-12-14,2.98864508,2.98864508,2.98864508,2.98864508,17144
2005-12-15,2.98109388,2.98109388,2.98109388,2.98109388,750
2005-12-16,3.00159097,3.00159097,3.00159097,3.00159097,11137
2005-12-19,2.96866798,2.96866798,2.96866798,2.96866798,72080
2005-12-20,2.99623704,2.99623704,2.99623704,2.99623704,122512
2005-12-21,3.03259611,3.03259611,3.03259611,3.03259611,241520
2005-12-22,3.01661396,3.01661396,3.01661396,3.01661396,163933
2005-12-23,3.02260709,3.02260709,3.02260709,3.02260709,58315
2005-12-26,3.01261806,3.01261806,3.01261806,3.01261806,20523
2005-12-27,3.07255101,3.07255101,3.07255101,3.07255101,60067
2005-12-28,3.04418302,3.04418302,3.04418302,3.04418302,7508
2005-12-29,3.00462699,3.00462699,3.00462699,3.00462699,27656
2006-01-02,2.99663591,2.99663591,2.99663591,2.99663591,8134
2006-01-03,3.0565691,3.0565691,3.0565691,3.0565691,115379
2006-01-04,3.08265996,3.08265996,3.08265996,3.08265996,45926
2006-01-05,3.09852195,3.09852195,3.09852195,3.09852195,94981
2006-01-06,3.17643404,3.17643404,3.17643404,3.17643404,544860
2006-01-09,3.15645695,3.15645695,3.15645695,3.15645695,24026
2006-01-10,3.08453798,3.08453798,3.08453798,3.08453798,66950
2006-01-11,3.1037159,3.1037159,3.1037159,3.1037159,95607
2006-01-12,3.18842101,3.18842101,3.18842101,3.18842101,44549
2006-01-13,3.15645695,3.15645695,3.15645695,3.15645695,100737
2006-01-16,3.15645695,3.15645695,3.15645695,3.15645695,9510
2006-01-17,3.13643909,3.13643909,3.13643909,3.13643909,19521
2006-01-18,3.11650205,3.11650205,3.11650205,3.11650205,6632
2006-01-19,3.19641209,3.19641209,3.19641209,3.19641209,90226
2006-01-20,3.15246105,3.15246105,3.15246105,3.15246105,70328
2006-01-23,3.10427499,3.10427499,3.10427499,3.10427499,12138
2006-01-24,3.12649012,3.12649012,3.12649012,3.12649012,66699
2006-01-25,3.12649012,3.12649012,3.12649012,3.12649012,0
2006-01-26,3.14446998,3.14446998,3.14446998,3.14446998,36666
2006-01-27,3.15645695,3.15645695,3.15645695,3.15645695,13515
2006-01-30,3.08853292,3.08853292,3.08853292,3.08853292,140907
2006-01-31,3.08254004,3.08254004,3.08254004,3.08254004,51682
2006-02-01,3.07654691,3.07654691,3.07654691,3.07654691,28406
2006-02-02,3.02460504,3.02460504,3.02460504,3.02460504,582402
2006-02-03,2.97266293,2.97266293,2.97266293,2.97266293,76585
2006-02-06,2.96071696,2.96071696,2.96071696,2.96071696,80214
2006-02-07,2.95556211,2.95556211,2.95556211,2.95556211,35414
2006-02-08,2.97262311,2.97262311,2.97262311,2.97262311,75209
2006-02-09,2.97665906,2.97665906,2.97665906,2.97665906,137404
2006-02-10,3.03259611,3.03259611,3.03259611,3.03259611,67700
2006-02-13,2.99663591,2.99663591,2.99663591,2.99663591,43924
2006-02-14,2.99663591,2.99663591,2.99663591,2.99663591,543859
2006-02-15,3.07654691,3.07654691,3.07654691,3.07654691,49805
2006-02-16,3.10048008,3.10048008,3.10048008,3.10048008,58190
2006-02-17,3.1364789,3.1364789,3.1364789,3.1364789,65072
2006-02-20,3.17643404,3.17643404,3.17643404,3.17643404,50431
2006-02-21,3.22038507,3.22038507,3.22038507,3.22038507,89475
2006-02-22,3.18442512,3.18442512,3.18442512,3.18442512,68326
2006-02-23,3.092489,3.092489,3.092489,3.092489,228756
2006-02-24,3.11650205,3.11650205,3.11650205,3.11650205,300962
2006-02-27,3.11650205,3.11650205,3.11650205,3.11650205,0
2006-02-28,3.11650205,3.11650205,3.11650205,3.11650205,0
2006-03-01,3.10851097,3.10851097,3.10851097,3.10851097,82592
2006-03-02,3.13875699,3.13875699,3.13875699,3.13875699,104992
2006-03-03,3.18442512,3.18442512,3.18442512,3.18442512,62945
2006-03-06,3.19237709,3.19237709,3.19237709,3.19237709,81591
2006-03-07,3.1145041,3.1145041,3.1145041,3.1145041,77962
2006-03-08,3.11650205,3.11650205,3.11650205,3.11650205,80715
2006-03-09,3.07654691,3.07654691,3.07654691,3.07654691,16017
2006-03-10,3.15645695,3.15645695,3.15645695,3.15645695,12889
2006-03-13,3.07654691,3.07654691,3.07654691,3.07654691,162682
2006-03-14,3.1364789,3.1364789,3.1364789,3.1364789,129019
2006-03-15,3.20440292,3.20440292,3.20440292,3.20440292,250656
2006-03-16,3.2283361,3.2283361,3.2283361,3.2283361,37041
2006-03-17,3.17643404,3.17643404,3.17643404,3.17643404,13014
2006-03-20,3.19641209,3.19641209,3.19641209,3.19641209,154923
2006-03-21,3.11650205,3.11650205,3.11650205,3.11650205,41921
2006-03-22,3.1364789,3.1364789,3.1364789,3.1364789,13515
2006-03-23,3.11650205,3.11650205,3.11650205,3.11650205,101864
2006-03-24,3.12848806,3.12848806,3.12848806,3.12848806,208358
2006-03-27,3.20436311,3.20436311,3.20436311,3.20436311,54811
2006-03-28,3.1562171,3.1562171,3.1562171,3.1562171,92103
2006-03-29,3.24032307,3.24032307,3.24032307,3.24032307,55186
2006-03-30,3.25634503,3.25634503,3.25634503,3.25634503,23901
2006-03-31,3.26833105,3.26833105,3.26833105,3.26833105,9760
2006-04-03,3.33625507,3.33625507,3.33625507,3.33625507,42923
2006-04-04,3.37620997,3.37620997,3.37620997,3.37620997,31410
2006-04-05,3.35623288,3.35623288,3.35623288,3.35623288,37792
2006-04-06,3.39219189,3.39219189,3.39219189,3.39219189,14391
2006-04-07,3.39219189,3.39219189,3.39219189,3.39219189,46427
2006-04-10,3.37217498,3.37217498,3.37217498,3.37217498,32661
2006-04-11,3.3082459,3.3082459,3.3082459,3.3082459,12514
2006-04-12,3.29230404,3.29230404,3.29230404,3.29230404,21899
2006-04-13,3.31188202,3.31188202,3.31188202,3.31188202,31034
2006-04-14,3.31188202,3.31188202,3.31188202,3.31188202,0
2006-04-17,3.33625507,3.33625507,3.33625507,3.33625507,71329
2006-04-18,3.39618802,3.39618802,3.39618802,3.39618802,119133
2006-04-19,3.43574309,3.43574309,3.43574309,3.43574309,97234
2006-04-20,3.46411204,3.46411204,3.46411204,3.46411204,15642
2006-04-21,3.46411204,3.46411204,3.46411204,3.46411204,0
2006-04-24,3.47565889,3.47565889,3.47565889,3.47565889,122887
2006-04-25,3.53047705,3.53047705,3.53047705,3.53047705,60317
2006-04-26,3.51805091,3.51805091,3.51805091,3.51805091,78713
2006-04-27,3.41616511,3.41616511,3.41616511,3.41616511,91352
2006-04-28,3.43614292,3.43614292,3.43614292,3.43614292,56688
2006-05-01,3.43614292,3.43614292,3.43614292,3.43614292,0
2006-05-02,3.45212507,3.45212507,3.45212507,3.45212507,23401
2006-05-03,3.48808503,3.48808503,3.48808503,3.48808503,25403
2006-05-04,3.51205802,3.51205802,3.51205802,3.51205802,18395
2006-05-05,3.58797312,3.58797312,3.58797312,3.58797312,5130
2006-05-08,3.5835371,3.5835371,3.5835371,3.5835371,37667
2006-05-09,3.63591909,3.63591909,3.63591909,3.63591909,17394
2006-05-10,3.58397698,3.58397698,3.58397698,3.58397698,42047
2006-05-11,3.55201292,3.55201292,3.55201292,3.55201292,34288
2006-05-12,3.54857707,3.54857707,3.54857707,3.54857707,13890
2006-05-15,3.43614292,3.43614292,3.43614292,3.43614292,81841
2006-05-16,3.38020611,3.38020611,3.38020611,3.38020611,174195
2006-05-17,3.26833105,3.26833105,3.26833105,3.26833105,59066
2006-05-18,3.35623288,3.35623288,3.35623288,3.35623288,422849
2006-05-19,3.35223699,3.35223699,3.35223699,3.35223699,146539
2006-05-22,3.25634503,3.25634503,3.25634503,3.25634503,105117
2006-05-23,3.29629993,3.29629993,3.29629993,3.29629993,51808
2006-05-24,3.31627703,3.31627703,3.31627703,3.31627703,109247
2006-05-25,3.33225989,3.33225989,3.33225989,3.33225989,103365
2006-05-26,3.32458806,3.32458806,3.32458806,3.32458806,19146
2006-05-29,3.42815208,3.42815208,3.42815208,3.42815208,3754
2006-05-30,3.31228209,3.31228209,3.31228209,3.31228209,11512
2006-05-31,3.36382389,3.36382389,3.36382389,3.36382389,25403
2006-06-01,3.39011502,3.39011502,3.39011502,3.39011502,17019
2006-06-02,3.47210312,3.47210312,3.47210312,3.47210312,52058
2006-06-05,3.40218091,3.40218091,3.40218091,3.40218091,20773
2006-06-06,3.31627703,3.31627703,3.31627703,3.31627703,15517
2006-06-07,3.27232695,3.27232695,3.27232695,3.27232695,4630
2006-06-08,3.2523489,3.2523489,3.2523489,3.2523489,106869
2006-06-09,3.18842101,3.18842101,3.18842101,3.18842101,43673
2006-06-12,3.07814503,3.07814503,3.07814503,3.07814503,76335
2006-06-13,2.99703598,2.99703598,2.99703598,2.99703598,122011
2006-06-14,2.97266293,2.97266293,2.97266293,2.97266293,63821
2006-06-15,2.97266293,2.97266293,2.97266293,2.97266293,0
2006-06-16,3.03647089,3.03647089,3.03647089,3.03647089,60317
2006-06-19,3.01661396,3.01661396,3.01661396,3.01661396,56813
2006-06-20,3.01661396,3.01661396,3.01661396,3.01661396,18520
2006-06-21,3.0565691,3.0565691,3.0565691,3.0565691,20147
2006-06-22,3.07654691,3.07654691,3.07654691,3.07654691,6131
2006-06-23,3.0565691,3.0565691,3.0565691,3.0565691,41046
2006-06-26,2.99663591,2.99663591,2.99663591,2.99663591,37166
2006-06-27,2.9965961,2.9965961,2.9965961,2.9965961,60693
2006-06-28,2.97665906,2.97665906,2.97665906,2.97665906,51682
2006-06-29,3.19241595,3.19241595,3.19241595,3.19241595,48429
2006-06-30,3.19641209,3.19641209,3.19641209,3.19641209,47553
2006-07-03,3.36222601,3.36222601,3.36222601,3.36222601,22149
2006-07-04,3.37221503,3.37221503,3.37221503,3.37221503,6757
2006-07-05,3.24835396,3.24835396,3.24835396,3.24835396,50681
2006-07-06,3.23636699,3.23636699,3.23636699,3.23636699,293328
2006-07-07,3.23189211,3.23189211,3.23189211,3.23189211,57189
2006-07-10,3.19641209,3.19641209,3.19641209,3.19641209,47428
2006-07-11,3.22038507,3.22038507,3.22038507,3.22038507,10762
2006-07-12,3.19641209,3.19641209,3.19641209,3.19641209,13890
2006-07-13,3.16840291,3.16840291,3.16840291,3.16840291,140031
2006-07-14,3.15246105,3.15246105,3.15246105,3.15246105,70829
2006-07-17,3.12449288,3.12449288,3.12449288,3.12449288,39669
2006-07-18,3.12848806,3.12848806,3.12848806,3.12848806,19271
2006-07-19,3.21638989,3.21638989,3.21638989,3.21638989,53184
2006-07-20,3.19629192,3.19629192,3.19629192,3.19629192,1877
2006-07-21,3.13567996,3.13567996,3.13567996,3.13567996,4129
2006-07-24,3.208359,3.208359,3.208359,3.208359,8384
2006-07-25,3.23636699,3.23636699,3.23636699,3.23636699,46802
2006-07-26,3.18442512,3.18442512,3.18442512,3.18442512,52183
2006-07-27,3.17643404,3.17643404,3.17643404,3.17643404,91102
2006-07-28,3.15246105,3.15246105,3.15246105,3.15246105,118632
2006-07-31,3.13643909,3.13643909,3.13643909,3.13643909,145413
2006-08-01,3.11646199,3.11646199,3.11646199,3.11646199,19021
2006-08-02,3.15645695,3.15645695,3.15645695,3.15645695,257789
2006-08-03,3.14047503,3.14047503,3.14047503,3.14047503,174946
2006-08-04,3.14846611,3.14846611,3.14846611,3.14846611,215116
2006-08-07,3.14446998,3.14446998,3.14446998,3.14446998,22525
2006-08-08,3.13208389,3.13208389,3.13208389,3.13208389,69452
2006-08-09,3.16045189,3.16045189,3.16045189,3.16045189,35790
2006-08-10,3.12249494,3.12249494,3.12249494,3.12249494,38042
2006-08-11,3.16045189,3.16045189,3.16045189,3.16045189,56938
2006-08-14,3.16045189,3.16045189,3.16045189,3.16045189,102990
2006-08-15,3.15046406,3.15046406,3.15046406,3.15046406,446750
2006-08-16,3.17283797,3.17283797,3.17283797,3.17283797,638716
2006-08-17,3.26433611,3.26433611,3.26433611,3.26433611,87347
2006-08-18,3.28031802,3.28031802,3.28031802,3.28031802,684517
2006-08-21,3.28431296,3.28431296,3.28431296,3.28431296,29533
2006-08-22,3.27220702,3.27220702,3.27220702,3.27220702,45175
2006-08-23,3.25634503,3.25634503,3.25634503,3.25634503,204479
2006-08-24,3.27632189,3.27632189,3.27632189,3.27632189,22650
2006-08-25,3.29629993,3.29629993,3.29629993,3.29629993,26404
2006-08-28,3.31428003,3.31428003,3.31428003,3.31428003,52934
2006-08-29,3.37620997,3.37620997,3.37620997,3.37620997,85470
2006-08-30,3.37417197,3.37417197,3.37417197,3.37417197,24777
2006-08-31,3.37625003,3.37625003,3.37625003,3.37625003,146163
2006-09-01,3.46363211,3.46363211,3.46363211,3.46363211,161931
2006-09-04,3.4398191,3.4398191,3.4398191,3.4398191,30158
2006-09-05,3.43614292,3.43614292,3.43614292,3.43614292,65198
2006-09-06,3.41616511,3.41616511,3.41616511,3.41616511,55186
2006-09-07,3.41616511,3.41616511,3.41616511,3.41616511,0
2006-09-08,3.42016101,3.42016101,3.42016101,3.42016101,94606
2006-09-11,3.39007497,3.39007497,3.39007497,3.39007497,27155
2006-09-12,3.41616511,3.41616511,3.41616511,3.41616511,43799
2006-09-13,3.47493911,3.47493911,3.47493911,3.47493911,115254
2006-09-14,3.43210697,3.43210697,3.43210697,3.43210697,58690
2006-09-15,3.43610311,3.43610311,3.43610311,3.43610311,10887
2006-09-18,3.46806693,3.46806693,3.46806693,3.46806693,26404
2006-09-19,3.42016101,3.42016101,3.42016101,3.42016101,43673
2006-09-20,3.42016101,3.42016101,3.42016101,3.42016101,101613
2006-09-21,3.35219693,3.35219693,3.35219693,3.35219693,329244
2006-09-22,3.45612001,3.45612001,3.45612001,3.45612001,54686
2006-09-25,3.47406006,3.47406006,3.47406006,3.47406006,12138
2006-09-26,3.51605296,3.51605296,3.51605296,3.51605296,88974
2006-09-27,3.4840889,3.4840889,3.4840889,3.4840889,28281
2006-09-28,3.52796006,3.52796006,3.52796006,3.52796006,247652
2006-09-29,3.50806189,3.50806189,3.50806189,3.50806189,38918
2006-10-02,3.51605296,3.51605296,3.51605296,3.51605296,30909
2006-10-03,3.54797697,3.54797697,3.54797697,3.54797697,323988
2006-10-04,3.560004,3.560004,3.560004,3.560004,150168
2006-10-05,3.56719589,3.56719589,3.56719589,3.56719589,20773
2006-10-06,3.5560081,3.5560081,3.5560081,3.5560081,22525
2006-10-09,3.59156799,3.59156799,3.59156799,3.59156799,125
2006-10-10,3.58397698,3.58397698,3.58397698,3.58397698,57439
2006-10-11,3.56799507,3.56799507,3.56799507,3.56799507,22900
2006-10-12,3.56799507,3.56799507,3.56799507,3.56799507,0
2006-10-13,3.58997011,3.58997011,3.58997011,3.58997011,24777
2006-10-16,3.54398203,3.54398203,3.54398203,3.54398203,19772
2006-10-17,3.52404404,3.52404404,3.52404404,3.52404404,53434
2006-10-18,3.51605296,3.51605296,3.51605296,3.51605296,16017
2006-10-19,3.50806189,3.50806189,3.50806189,3.50806189,24527
2006-10-20,3.41616511,3.41616511,3.41616511,3.41616511,35289
2006-10-23,3.43614292,3.43614292,3.43614292,3.43614292,183205
2006-10-24,3.43214703,3.43214703,3.43214703,3.43214703,18270
2006-10-25,3.37620997,3.37620997,3.37620997,3.37620997,40795
2006-10-26,3.33625507,3.33625507,3.33625507,3.33625507,44549
2006-10-27,3.33625507,3.33625507,3.33625507,3.33625507,42172
2006-10-30,3.31627703,3.31627703,3.31627703,3.31627703,12263
2006-10-31,3.38408089,3.38408089,3.38408089,3.38408089,42172
2006-11-01,3.43214703,3.43214703,3.43214703,3.43214703,71830
2006-11-02,3.43214703,3.43214703,3.43214703,3.43214703,0
2006-11-03,3.39618802,3.39618802,3.39618802,3.39618802,17019
2006-11-06,3.4041791,3.4041791,3.4041791,3.4041791,45676
2006-11-07,3.47010493,3.47010493,3.47010493,3.47010493,31285
2006-11-08,3.4840889,3.4840889,3.4840889,3.4840889,90976
2006-11-09,3.52803993,3.52803993,3.52803993,3.52803993,76961
2006-11-10,3.55596805,3.55596805,3.55596805,3.55596805,18270
2006-11-13,3.5560081,3.5560081,3.5560081,3.5560081,6257
2006-11-14,3.60395503,3.60395503,3.60395503,3.60395503,151419
2006-11-15,3.60395503,3.60395503,3.60395503,3.60395503,0
2006-11-16,3.66268897,3.66268897,3.66268897,3.66268897,59066
2006-11-17,3.66264892,3.66264892,3.66264892,3.66264892,508945
2006-11-20,3.66264892,3.66264892,3.66264892,3.66264892,0
2006-11-21,3.59596395,3.59596395,3.59596395,3.59596395,258414
2006-11-22,3.59596395,3.59596395,3.59596395,3.59596395,13264
2006-11-23,3.65585589,3.65585589,3.65585589,3.65585589,20648
2006-11-24,3.65989208,3.65989208,3.65989208,3.65989208,33662
2006-11-27,3.58397698,3.58397698,3.58397698,3.58397698,15016
2006-11-28,3.56799507,3.56799507,3.56799507,3.56799507,19897
2006-11-29,3.62792802,3.62792802,3.62792802,3.62792802,25528
2006-11-30,3.61789894,3.61789894,3.61789894,3.61789894,86972
2006-12-01,3.59596395,3.59596395,3.59596395,3.59596395,14265
2006-12-04,3.63192296,3.63192296,3.63192296,3.63192296,72831
2006-12-05,3.65585589,3.65585589,3.65585589,3.65585589,203102
2006-12-06,3.66788292,3.66788292,3.66788292,3.66788292,9510
2006-12-07,3.65581608,3.65581608,3.65581608,3.65581608,18771
2006-12-08,3.65589595,3.65589595,3.65589595,3.65589595,19271
2006-12-11,3.71455002,3.71455002,3.71455002,3.71455002,27530
2006-12-12,3.7158289,3.7158289,3.7158289,3.7158289,33662
2006-12-13,3.73636603,3.73636603,3.73636603,3.73636603,47052
2006-12-14,3.73580694,3.73580694,3.73580694,3.73580694,60943
2006-12-15,3.75378609,3.75378609,3.75378609,3.75378609,5881
2006-12-18,3.75578403,3.75578403,3.75578403,3.75578403,116881
2006-12-19,3.75178909,3.75178909,3.75178909,3.75178909,52934
2006-12-20,3.77536201,3.77536201,3.77536201,3.77536201,17769
2006-12-21,3.7453959,3.7453959,3.7453959,3.7453959,90726
2006-12-22,3.75458598,3.75458598,3.75458598,3.75458598,31785
2006-12-26,3.73576689,3.73576689,3.73576689,3.73576689,16143
2006-12-27,3.75514507,3.75514507,3.75514507,3.75514507,22650
2006-12-28,3.76777101,3.76777101,3.76777101,3.76777101,92353
2007-01-02,3.77584195,3.77584195,3.77584195,3.77584195,15892
2007-01-03,3.75578403,3.75578403,3.75578403,3.75578403,11638
2007-01-04,3.75578403,3.75578403,3.75578403,3.75578403,44049
2007-01-05,3.68638206,3.68638206,3.68638206,3.68638206,12639
2007-01-08,3.75170898,3.75170898,3.75170898,3.75170898,13264
2007-01-09,3.72381997,3.72381997,3.72381997,3.72381997,26279
2007-01-10,3.7158289,3.7158289,3.7158289,3.7158289,91978
2007-01-11,3.75977993,3.75977993,3.75977993,3.75977993,47803
2007-01-12,3.84364605,3.84364605,3.84364605,3.84364605,52934
2007-01-15,3.87165403,3.87165403,3.87165403,3.87165403,5756
2007-01-16,3.86366296,3.86366296,3.86366296,3.86366296,17769
2007-01-17,3.89558697,3.89558697,3.89558697,3.89558697,65698
2007-01-18,3.86366296,3.86366296,3.86366296,3.86366296,125640
2007-01-19,3.83569407,3.83569407,3.83569407,3.83569407,17769
2007-01-22,3.90357804,3.90357804,3.90357804,3.90357804,15392
2007-01-23,3.90281892,3.90281892,3.90281892,3.90281892,88599
2007-01-24,3.94353294,3.94353294,3.94353294,3.94353294,31034
2007-01-26,3.90761399,3.90761399,3.90761399,3.90761399,42172
2007-01-29,3.81172109,3.81172109,3.81172109,3.81172109,41421
2007-01-30,3.86366296,3.86366296,3.86366296,3.86366296,18395
2007-01-31,3.89358902,3.89358902,3.89358902,3.89358902,39419
2007-02-01,3.90353799,3.90353799,3.90353799,3.90353799,28406
2007-02-02,3.9036181,3.9036181,3.9036181,3.9036181,14891
2007-02-05,3.89362907,3.89362907,3.89362907,3.89362907,22775
2007-02-06,3.89562702,3.89562702,3.89562702,3.89562702,40670
2007-02-07,3.88963389,3.88963389,3.88963389,3.88963389,62069
2007-02-08,3.86566091,3.86566091,3.86566091,3.86566091,78963
2007-02-09,3.87584901,3.87584901,3.87584901,3.87584901,239768
2007-02-12,3.90357804,3.90357804,3.90357804,3.90357804,26029
2007-02-13,3.92755103,3.92755103,3.92755103,3.92755103,40420
2007-02-14,3.96754599,3.96754599,3.96754599,3.96754599,47052
2007-02-15,4.04745722,4.04745722,4.04745722,4.04745722,236515
2007-02-16,4.15134001,4.15134001,4.15134001,4.15134001,203853
2007-02-21,4.04342079,4.04342079,4.04342079,4.04342079,73957
2007-02-22,4.11538076,4.11538076,4.11538076,4.11538076,281815
2007-02-23,4.10331392,4.10331392,4.10331392,4.10331392,27155
2007-02-26,4.08341599,4.08341599,4.08341599,4.08341599,28531
2007-02-27,3.93158698,3.93158698,3.93158698,3.93158698,186709
2007-02-28,3.91560507,3.91560507,3.91560507,3.91560507,47428
2007-03-01,3.99551511,3.99551511,3.99551511,3.99551511,110373
2007-03-02,3.97553802,3.97553802,3.97553802,3.97553802,182329
2007-03-05,3.95555997,3.95555997,3.95555997,3.95555997,177198
2007-03-06,4.11134481,4.11134481,4.11134481,4.11134481,70203
2007-03-07,4.11138487,4.11138487,4.11138487,4.11138487,12388
2007-03-08,4.11134481,4.11134481,4.11134481,4.11134481,123638
2007-03-09,4.1553359,4.1553359,4.1553359,4.1553359,59316
2007-03-12,4.15529585,4.15529585,4.15529585,4.15529585,86221
2007-03-13,4.11545992,4.11545992,4.11545992,4.11545992,120384
2007-03-14,4.13535786,4.13535786,4.13535786,4.13535786,101488
2007-03-15,4.14334917,4.14334917,4.14334917,4.14334917,67075
2007-03-16,4.08741188,4.08741188,4.08741188,4.08741188,50056
2007-03-19,4.09540319,4.09540319,4.09540319,4.09540319,90476
2007-03-20,4.13535786,4.13535786,4.13535786,4.13535786,62445
2007-03-21,4.20328188,4.20328188,4.20328188,4.20328188,110624
2007-03-22,4.17930889,4.17930889,4.17930889,4.17930889,16893
2007-03-23,4.19313288,4.19313288,4.19313288,4.19313288,162682
2007-03-26,4.20328188,4.20328188,4.20328188,4.20328188,214865
2007-03-27,4.19529104,4.19529104,4.19529104,4.19529104,37291
2007-03-28,4.19129515,4.19129515,4.19129515,4.19129515,77962
2007-03-29,4.21914387,4.21914387,4.21914387,4.21914387,95231
2007-03-30,4.29118299,4.29118299,4.29118299,4.29118299,381427
2007-04-02,4.29917383,4.29917383,4.29917383,4.29917383,81966
2007-04-03,4.3870759,4.3870759,4.3870759,4.3870759,474156
2007-04-04,4.36310291,4.36310291,4.36310291,4.36310291,163433
2007-04-05,4.38312006,4.38312006,4.38312006,4.38312006,21023
2007-04-09,4.43502188,4.43502188,4.43502188,4.43502188,742957
2007-04-10,4.43502188,4.43502188,4.43502188,4.43502188,129895
2007-04-11,4.43302393,4.43302393,4.43302393,4.43302393,159303
2007-04-12,4.43901682,4.43901682,4.43901682,4.43901682,112626
2007-04-13,4.46698618,4.46698618,4.46698618,4.46698618,164309
2007-04-16,4.53770685,4.53770685,4.53770685,4.53770685,80590
2007-04-17,4.53882504,4.53882504,4.53882504,4.53882504,38918
2007-04-18,4.5349102,4.5349102,4.5349102,4.5349102,20523
2007-04-19,4.59484196,4.59484196,4.59484196,4.59484196,88349
2007-04-20,4.64278889,4.64278889,4.64278889,4.64278889,35414
2007-04-23,4.66272593,4.66272593,4.66272593,4.66272593,32661
2007-04-24,4.6947298,4.6947298,4.6947298,4.6947298,72581
2007-04-25,4.71071196,4.71071196,4.71071196,4.71071196,58440
2007-04-26,4.72265911,4.72265911,4.72265911,4.72265911,37166
2007-04-27,4.71470785,4.71470785,4.71470785,4.71470785,35414
2007-04-30,4.6947298,4.6947298,4.6947298,4.6947298,23025
2007-05-02,4.75466299,4.75466299,4.75466299,4.75466299,12263
2007-05-03,4.85455084,4.85455084,4.85455084,4.85455084,20523
2007-05-04,4.83057785,4.83057785,4.83057785,4.83057785,22775
2007-05-07,4.75466299,4.75466299,4.75466299,4.75466299,20523
2007-05-08,4.81859112,4.81859112,4.81859112,4.81859112,15642
2007-05-09,4.97445583,4.97445583,4.97445583,4.97445583,31660
2007-05-10,4.84611988,4.84611988,4.84611988,4.84611988,29407
2007-05-11,4.8105998,4.8105998,4.8105998,4.8105998,32661
2007-05-14,4.79461813,4.79461813,4.79461813,4.79461813,38668
2007-05-15,4.85443115,4.85443115,4.85443115,4.85443115,9010
2007-05-16,4.96243,4.96243,4.96243,4.96243,93730
2007-05-17,5.06631279,5.06631279,5.06631279,5.06631279,21774
2007-05-18,5.19417,5.19417,5.19417,5.19417,85721
2007-05-21,5.27807617,5.27807617,5.27807617,5.27807617,43924
2007-05-22,5.19417,5.19417,5.19417,5.19417,47052
2007-05-23,5.15421486,5.15421486,5.15421486,5.15421486,59691
2007-05-24,5.05428696,5.05428696,5.05428696,5.05428696,59817
2007-05-25,5.0743041,5.0743041,5.0743041,5.0743041,77461
2007-05-28,5.11026382,5.11026382,5.11026382,5.11026382,47428
2007-05-29,5.13415718,5.13415718,5.13415718,5.13415718,29282
2007-05-30,5.14486504,5.14486504,5.14486504,5.14486504,68076
2007-05-31,5.19412994,5.19412994,5.19412994,5.19412994,34038
2007-06-01,5.3899498,5.3899498,5.3899498,5.3899498,76961
2007-06-04,5.35399008,5.35399008,5.35399008,5.35399008,63946
2007-06-05,5.41392279,5.41392279,5.41392279,5.41392279,100737
2007-06-06,5.3899498,5.3899498,5.3899498,5.3899498,76335
2007-06-08,5.43390083,5.43390083,5.43390083,5.43390083,35164
2007-06-11,5.46586514,5.46586514,5.46586514,5.46586514,125140
2007-06-12,5.42990494,5.42990494,5.42990494,5.42990494,55937
2007-06-13,5.51381111,5.51381111,5.51381111,5.51381111,100362
2007-06-14,5.58173513,5.58173513,5.58173513,5.58173513,37166
2007-06-15,5.63367605,5.63367605,5.63367605,5.63367605,72205
2007-06-18,5.66564083,5.66564083,5.66564083,5.66564083,68702
2007-06-19,5.63367605,5.63367605,5.63367605,5.63367605,82968
2007-06-20,5.49379301,5.49379301,5.49379301,5.49379301,66074
2007-06-21,5.47385597,5.47385597,5.47385597,5.47385597,73832
2007-06-22,5.46186876,5.46186876,5.46186876,5.46186876,49180
2007-06-25,5.34991503,5.34991503,5.34991503,5.34991503,38918
2007-06-26,5.2740798,5.2740798,5.2740798,5.2740798,76585
2007-06-27,5.36198092,5.36198092,5.36198092,5.36198092,87973
2007-06-28,5.36993313,5.36993313,5.36993313,5.36993313,46427
2007-06-29,5.49383307,5.49383307,5.49383307,5.49383307,159178
2007-07-02,5.43390083,5.43390083,5.43390083,5.43390083,137654
2007-07-03,5.39394617,5.39394617,5.39394617,5.39394617,101989
2007-07-04,5.50574017,5.50574017,5.50574017,5.50574017,86597
2007-07-05,5.52979279,5.52979279,5.52979279,5.52979279,258289
2007-07-06,5.57574177,5.57574177,5.57574177,5.57574177,34413
2007-07-10,5.53578615,5.53578615,5.53578615,5.53578615,25153
2007-07-11,5.57734013,5.57734013,5.57734013,5.57734013,12639
2007-07-12,5.57570219,5.57570219,5.57570219,5.57570219,21774
2007-07-13,5.57765913,5.57765913,5.57765913,5.57765913,19647
2007-07-16,5.5537262,5.5537262,5.5537262,5.5537262,23776
2007-07-17,5.55376577,5.55376577,5.55376577,5.55376577,121010
2007-07-18,5.5537262,5.5537262,5.5537262,5.5537262,66324
2007-07-19,5.57374382,5.57374382,5.57374382,5.57374382,63696
2007-07-20,5.57769918,5.57769918,5.57769918,5.57769918,22024
2007-07-23,5.64166784,5.64166784,5.64166784,5.64166784,37291
2007-07-24,5.57374382,5.57374382,5.57374382,5.57374382,16518
2007-07-25,5.57334423,5.57334423,5.57334423,5.57334423,59191
2007-07-26,5.39394617,5.39394617,5.39394617,5.39394617,81841
2007-07-27,5.37396812,5.37396812,5.37396812,5.37396812,12514
2007-07-30,5.36917305,5.36917305,5.36917305,5.36917305,34789
2007-07-31,5.2740798,5.2740798,5.2740798,5.2740798,161430
2007-08-01,5.23028898,5.23028898,5.23028898,5.23028898,85971
2007-08-02,5.34160423,5.34160423,5.11425877,5.21414709,1756969
2007-08-03,5.17419195,5.19417,4.9983902,5.10626793,265297
2007-08-06,5.0423398,5.16260481,5.03434896,5.16260481,788383
2007-08-07,5.08029795,5.17419195,5.08029795,5.17019701,460516
2007-08-08,5.30564499,5.39314604,5.16819906,5.33361292,683266
2007-08-09,5.24771023,5.2740798,5.15461397,5.1582098,608181
2007-08-10,5.05991983,5.27767611,4.99439383,5.27767611,350392
2007-08-13,5.2740798,5.27927399,5.19376993,5.27927399,240269
2007-08-14,5.27447987,5.27447987,5.11425877,5.22133923,390437
2007-08-15,5.13423681,5.13423681,4.86254215,4.9444499,1016139
2007-08-16,4.83457279,4.83457279,4.51493216,4.59484196,3131010
2007-08-17,4.59484196,4.83457279,4.55488682,4.59484196,13322435
2007-08-20,4.78143311,4.79461813,4.63519716,4.77424097,2823165
2007-08-21,4.71071196,4.87452888,4.69952488,4.83457279,2685510
2007-08-22,4.99159718,5.03394985,4.874928,5.03394985,3473894
2007-08-23,5.11386013,5.31403494,4.87053299,4.99439383,1614309
2007-08-24,4.95443916,5.17419195,4.95443916,5.17419195,951066
2007-08-27,5.0743041,5.17419195,5.0743041,5.16620111,145162
2007-08-28,5.08589077,5.08629084,5.01437187,5.03434896,427979
2007-08-29,5.11425877,5.15381479,5.03035402,5.15381479,720808
2007-08-30,5.15421486,5.35359097,5.15421486,5.23412514,998619
2007-08-31,5.39394617,5.39394617,5.29405785,5.39394617,535600
2007-09-03,5.27807617,5.42670918,5.27807617,5.42670918,422974
2007-09-04,5.403934,5.47345591,5.27447987,5.3935461,2367654
2007-09-05,5.27008486,5.35359097,5.22413588,5.31323624,740830
2007-09-06,5.31483412,5.36198092,5.22054005,5.35399008,57564
2007-09-10,5.05033112,5.21414709,4.98320723,5.11386013,4029517
2007-09-11,5.23332596,5.31403494,5.05432701,5.17419195,475533
2007-09-12,5.11425877,5.25410318,5.11425877,5.25410318,430482
2007-09-13,5.23372507,5.24171591,5.17419195,5.23412514,2224994
2007-09-14,5.23412514,5.23412514,5.15341616,5.15341616,405454
2007-09-17,5.11425877,5.23372507,5.0743041,5.13383722,825925
2007-09-18,5.19417,5.19417,4.93046618,5.09428215,2620437
2007-09-19,5.19417,5.23372507,5.15221691,5.18577909,2107362
2007-09-20,5.19376993,5.23452377,5.11425877,5.23372507,3058428
2007-09-21,5.27288103,5.27288103,5.15421486,5.23412514,3108484
2007-09-24,5.19417,5.22613382,5.12105179,5.15381479,663243
2007-09-25,5.1026721,5.31403494,4.99439383,5.10586882,1449124
2007-09-26,5.12624598,5.15381479,5.04433823,5.06231785,765858
2007-09-27,5.0743041,5.19337082,5.06631279,5.19337082,1514197
2007-09-28,5.16220617,5.23412514,5.08629084,5.23412514,1684388
2007-10-01,5.19417,5.55256796,5.19376993,5.45387793,2495297
2007-10-02,5.42550993,5.53179121,5.36637688,5.53139114,1349012
2007-10-03,5.51381111,5.57374382,5.45387793,5.54937077,8341852
2007-10-04,5.75354195,5.75354195,5.45387793,5.51261187,1233883
2007-10-05,5.62568521,5.69321012,5.5377841,5.64166784,1932166
2007-10-08,5.67363214,5.67363214,5.55336714,5.63367605,583153
2007-10-09,5.67363214,5.67363214,5.57374382,5.66963577,648226
2007-10-10,5.59851599,5.60930395,5.49383307,5.60530806,185207
2007-10-11,5.67323208,5.67363214,5.45427799,5.67363214,645723
2007-10-15,5.71358681,5.71358681,5.42591,5.55376577,1729438
2007-10-16,5.48184681,5.48184681,5.39394617,5.41352415,327867
2007-10-17,5.71318722,5.71318722,5.41791916,5.63327694,613187
2007-10-18,5.49063683,5.6536541,5.49063683,5.6536541,260291
2007-10-19,5.59731722,5.59731722,5.4227128,5.53378916,352895
2007-10-22,5.47385597,5.53378916,5.38315821,5.53378916,638215
2007-10-23,5.5933218,5.6396699,5.52979279,5.52979279,1797014
2007-10-24,5.55256796,5.55376577,5.43709707,5.53378916,327867
2007-10-25,5.54977083,5.54977083,5.39594316,5.44189215,460516
2007-10-26,5.47385597,5.57374382,5.47345591,5.47345591,225252
2007-10-29,5.51381111,5.56455421,5.43390083,5.51381111,530594
2007-10-30,5.51381111,5.5933218,5.50621986,5.5849309,1066195
2007-10-31,5.57374382,5.67363214,5.51381111,5.67363214,2340123
2007-11-01,5.51381111,5.69720507,5.51381111,5.69720507,728316
2007-11-05,5.57374382,5.5933218,5.41392279,5.5933218,2069820
2007-11-06,5.60011387,5.60011387,5.53378916,5.55336714,578148
2007-11-07,5.48983812,5.5058198,5.39434481,5.45387793,991111
2007-11-08,5.4446888,5.4446888,5.0743041,5.21414709,2059809
2007-11-09,5.19417,5.19417,4.99559307,5.19257212,8990078
2007-11-12,5.11425877,5.19417,5.0743041,5.11825514,723310
2007-11-13,5.15421486,5.15421486,5.03434896,5.13383722,1386554
2007-11-14,5.09428215,5.26968479,5.07510281,5.26968479,1228877
2007-11-16,5.14302683,5.23332596,5.12944221,5.21414709,267800
2007-11-19,5.19376993,5.19376993,4.9548378,5.08189583,668249
2007-11-21,4.93685913,4.93685913,4.78982401,4.8825202,2552862
2007-11-22,4.8825202,4.95363998,4.82458496,4.95363998,1058686
2007-11-23,4.99039793,5.09388208,4.87452888,4.93246412,1584276
2007-11-26,4.89450598,4.91328478,4.8549509,4.8937068,1884612
2007-11-27,4.77623892,4.93446112,4.77464104,4.89450598,2450246
2007-11-28,4.89450598,5.03394985,4.89450598,5.02236319,3253647
2007-11-29,5.11386013,5.15021896,5.03434896,5.10986423,650729
2007-11-30,5.15381479,5.19376993,5.03434896,5.17419195,1749461
2007-12-03,5.19417,5.27368116,5.12824392,5.27368116,1033658
2007-12-04,5.22573423,5.24611092,5.13423681,5.13423681,760852
2007-12-05,5.18577909,5.21414709,5.13423681,5.17019701,1446621
2007-12-06,5.22613382,5.22613382,5.11386013,5.19217205,315353
2007-12-07,5.23412514,5.23412514,5.15381479,5.15421486,352895
2007-12-10,5.15421486,5.21374798,5.15381479,5.21015215,2330112
2007-12-11,5.19417,5.19417,5.13423681,5.19376993,1621818
2007-12-12,5.13423681,5.19376993,5.06671286,5.11386013,1113748
2007-12-13,4.9764142,5.05392694,4.95443916,5.03434896,7888844
2007-12-14,5.03434896,5.04753399,4.87852383,5.02635813,4117115
2007-12-17,4.95443916,4.95443916,4.8105998,4.936059,1233883
2007-12-18,4.93446112,4.97841215,4.85455084,4.91448402,1414085
2007-12-19,4.91448402,4.91448402,4.83457279,4.89330721,2182446
2007-12-20,4.94245195,4.94245195,4.84695911,4.94245195,247777
2007-12-21,4.96642494,4.96642494,4.85455084,4.91448402,207732
2007-12-26,4.98640299,4.98640299,4.91448402,4.98200798,162682
2007-12-27,4.97801208,4.97801208,4.86693716,4.95004416,225252
2007-12-28,4.97441578,5.00238514,4.88291883,4.99439383,242772
2008-01-02,4.99439383,4.99439383,4.78862476,4.91448402,387934
2008-01-03,4.91448402,4.93446112,4.91448402,4.93246412,958574
2008-01-04,4.91448402,4.91688108,4.78782606,4.86973381,1241391
2008-01-07,4.7950182,4.90129805,4.75466299,4.75466299,1399068
2008-01-08,4.79461813,4.86653709,4.73508501,4.83017778,670751
2008-01-09,4.80700397,4.80700397,4.65517521,4.75426388,1138776
2008-01-10,4.73468494,4.99878883,4.65517521,4.94644785,1341503
2008-01-11,4.94644785,4.94644785,4.83457279,4.89410686,493052
2008-01-14,4.93565989,4.93565989,4.79461813,4.80260897,495555
2008-01-15,4.89410686,4.89410686,4.69512987,4.73069,673254
2008-01-16,4.6947298,4.6947298,4.51812887,4.67475319,951066
2008-01-17,4.671556,4.671556,4.46298981,4.51493216,285319
2008-01-18,4.53530884,4.59484196,4.48456621,4.58445406,1021144
2008-01-21,4.5349102,4.5349102,4.37548923,4.4010601,5353501
2008-01-22,4.45499897,4.55488682,4.35511208,4.51093721,2612929
2008-01-23,4.43502188,4.45459986,4.25921917,4.25921917,2517822
2008-01-24,4.55488682,4.63679504,4.35630989,4.55488682,1431604
2008-01-28,4.50454378,4.67475319,4.43662024,4.67475319,543108
2008-01-29,4.67435312,4.71430779,4.51533222,4.59444284,1241391
2008-01-30,4.553689,4.55488682,4.44900608,4.51493216,3486408
2008-01-31,4.51453304,4.59484196,4.38587713,4.59484196,2247519
2008-02-01,4.58685112,4.77464104,4.47497702,4.77464104,1551739
2008-02-06,4.61482,4.67874813,4.61482,4.63399792,973591
2008-02-07,4.55488682,4.90409517,4.55488682,4.90409517,4339865
2008-02-08,4.79461813,4.87452888,4.75865889,4.87452888,2805645
2008-02-11,4.99319506,4.99439383,4.80180979,4.99439383,1278933
2008-02-12,5.08749008,5.08749008,4.87452888,4.99359512,1354017
2008-02-13,5.00238514,5.0743041,4.99439383,5.0743041,2092345
2008-02-14,5.04353905,5.04353905,4.87372923,4.87452888,4565117
2008-02-15,4.87452888,4.87452888,4.79461813,4.83057785,222749
2008-02-18,4.97441578,4.97441578,4.93446112,4.9584341,147665
2008-02-19,4.96043205,4.96602583,4.87772512,4.95443916,2405196
2008-02-20,4.88571596,4.97122002,4.87732506,4.97042084,310347
2008-02-21,5.02276182,5.02276182,4.89490604,4.99039793,1606801
2008-02-22,4.99039793,5.03434896,4.91568184,5.03434896,898507
2008-02-25,4.99439383,5.03394985,4.94285202,5.03394985,623198
2008-02-26,4.99439383,5.15381479,4.93446112,5.12624598,2612929
2008-02-27,5.18497992,5.19417,5.13463688,5.19417,655735
2008-02-28,5.19376993,5.35998392,5.19376993,5.31403494,1974713
2008-02-29,5.3352108,5.3352108,5.11425877,5.11425877,1306464
2008-03-03,5.1574111,5.23332596,5.03434896,5.19417,896004
2008-03-04,5.19376993,5.19417,5.04273987,5.19417,645723
2008-03-05,5.31363583,5.31363583,5.03434896,5.19417,1616812
2008-03-06,4.96642494,4.96642494,4.87452888,4.87452888,4429966
2008-03-07,4.87253094,4.91408396,4.72389793,4.77464104,2470269
2008-03-10,4.76704884,4.76704884,4.65477514,4.75466299,1276431
2008-03-11,4.8929081,4.8929081,4.76585102,4.79461813,3376285
2008-03-12,4.79461813,4.80660486,4.71470785,4.71470785,1949685
2008-03-13,4.6947298,4.79461813,4.66676188,4.79461813,2347631
2008-03-14,4.85415077,4.90649319,4.77464104,4.90649319,1691896
2008-03-17,4.76265383,4.81459618,4.73468494,4.81459618,1902132
2008-03-18,4.83457279,4.85455084,4.76425219,4.78263187,6842671
2008-03-19,4.83017778,4.83017778,4.61522007,4.63479805,1571762
2008-03-20,4.61522007,4.71390915,4.60163498,4.67475319,538103
2008-03-24,4.79341984,4.83457279,4.77504015,4.81459618,1401571
2008-03-25,4.78662682,4.83457279,4.77464104,4.83457279,515578
2008-03-26,4.79461813,4.81459618,4.76305389,4.81419611,931043
2008-03-27,4.79461813,4.79461813,4.63879299,4.63879299,365409
2008-03-28,4.75426388,4.75426388,4.59484196,4.63439798,2169932
2008-03-31,4.59484196,4.70671701,4.51533222,4.65437603,1839562
2008-04-01,4.71790409,4.79461813,4.63519716,4.7666502,1649349
2008-04-02,4.81419611,4.81419611,4.7167058,4.72869205,590662
2008-04-03,4.76025677,4.81299782,4.75865889,4.79461813,2267542
2008-04-04,4.79421902,4.79461813,4.73548508,4.75466299,2119876
2008-04-07,4.7778368,4.7778368,4.63479805,4.65877104,523086
2008-04-08,4.61082506,4.67235518,4.60283279,4.67235518,3020886
2008-04-09,4.64119005,4.66995811,4.57486486,4.62281084,1799517
2008-04-10,4.57486486,4.70032406,4.57486486,4.70032406,2455252
2008-04-11,4.64878178,4.64878178,4.51493216,4.53291178,277811
2008-04-14,4.51493216,4.5349102,4.43302393,4.53211308,1484163
2008-04-15,4.49535418,4.51493216,4.44341183,4.47497702,1133771
2008-04-16,4.55488682,4.59484196,4.5369072,4.57086897,665746
2008-04-17,4.56287813,4.56287813,4.43941689,4.43941689,633209
2008-04-18,4.44061613,4.55249023,4.44021606,4.49495506,3000864
2008-04-22,4.47497702,4.47497702,4.31515598,4.34312487,1006127
2008-04-23,4.39506721,4.39506721,4.29717684,4.31515598,698282
2008-04-24,4.35511208,4.35511208,4.27520084,4.34711981,1328989
2008-04-25,4.37428999,4.43502188,4.31116104,4.43502188,973591
2008-04-28,4.45060396,4.45140314,4.36709785,4.43502188,1536722
2008-04-29,4.39506721,4.39506721,4.23564577,4.27480221,2655477
2008-04-30,4.3135581,4.43502188,4.22725487,4.43502188,2993355
2008-05-02,4.43662024,4.58685112,4.43502188,4.55488682,883490
2008-05-05,4.65397596,4.67435312,4.56487608,4.63439798,470527
2008-05-06,4.6188159,4.6188159,4.50734091,4.5349102,1581773
2008-05-07,4.59484196,4.62480879,4.47977209,4.52691889,893501
2008-05-08,4.45499897,4.51453304,4.39506721,4.47098112,1186329
2008-05-09,4.45060396,4.45060396,4.34711981,4.34711981,1081212
2008-05-12,4.39506721,4.53411102,4.35511208,4.45499897,1994736
2008-05-13,4.45499897,4.5125351,4.39426804,4.49895,1436610
2008-05-14,4.48296785,4.49895,4.45499897,4.49495506,530594
2008-05-15,4.48296785,4.59044695,4.47497702,4.54689598,1489169
2008-05-16,4.50694084,4.55488682,4.50254583,4.51493216,1143782
2008-05-19,4.47537708,4.51493216,4.43582106,4.47497702,1213860
2008-05-20,4.40905094,4.47457695,4.38028288,4.466187,808406
2008-05-21,4.39546585,4.41504383,4.35511208,4.39506721,1746958
2008-05-23,4.39466715,4.48656416,4.29517889,4.43502188,3363771
2008-05-26,4.43502188,4.4905591,4.39506721,4.46658611,1233883
2008-05-27,4.39546585,4.40465593,4.33513403,4.38507795,1706913
2008-05-28,4.31515598,4.39466715,4.29517889,4.30157185,2460258
2008-05-29,4.201684,4.39506721,4.19529104,4.21926403,3308709
2008-05-30,4.21926403,4.34512281,4.175313,4.19129515,1278933
2008-06-02,4.23125076,4.23125076,4.09540319,4.11538076,2202469
2008-06-03,4.13535786,4.13535786,4.00150824,4.05544806,911021
2008-06-04,4.00150824,4.07103014,3.99551511,4.03626919,2154915
2008-06-05,4.0394659,4.09540319,4.02108622,4.05544806,1271425
2008-06-06,4.14254999,4.14254999,4.03547001,4.07502604,3921896
2008-06-09,4.057446,4.07542515,4.05544806,4.057446,2995858
2008-06-10,3.99551511,4.06743383,3.98352909,4.03147507,4224736
2008-06-11,3.99991012,4.05105305,3.97553802,4.01109791,2029775
2008-06-12,3.99591494,4.43262482,3.99551511,4.23524618,3563995
2008-06-13,4.23524618,4.23524618,4.12736702,4.1553359,430482
2008-06-16,4.175313,4.175313,4.11538076,4.175313,152671
2008-06-17,4.175313,4.175313,4.07542515,4.09260607,623198
2008-06-18,4.09260607,4.10339403,3.93558192,4.00390577,1904635
2008-06-19,4.03547001,4.04745722,3.95595908,4.04346085,212738
2008-06-20,4.04386091,4.04386091,3.93598199,3.995116,1531717
2008-06-23,3.995116,4.04386091,3.93957806,3.95795703,560628
2008-06-24,3.93558192,3.95715809,3.89562702,3.95356202,1624321
2008-06-25,3.91560507,3.97833395,3.91560507,3.91760302,1867093
2008-06-26,3.83569407,3.88643789,3.79573894,3.87085509,2873221
2008-06-27,3.77935791,3.85567188,3.72741604,3.80492902,1934668
2008-06-30,3.77576208,3.85167694,3.73580694,3.85167694,715802
2008-07-01,3.7202239,3.75538492,3.67547393,3.7158289,3126004
2008-07-02,3.75578403,3.75578403,3.59596395,3.59596395,1769483
2008-07-03,3.61594105,3.61594105,3.41137099,3.49607611,991111
2008-07-04,3.51565409,3.51565409,3.39818597,3.45532107,1792009
2008-07-07,3.46291304,3.5200491,3.39658689,3.44812894,1962199
2008-07-08,3.43614292,3.47170305,3.39618802,3.46411204,868473
2008-07-10,3.39618802,3.45612001,3.3822031,3.44333506,1266419
2008-07-11,3.4557209,3.47609806,3.43614292,3.4557209,1736947
2008-07-14,3.63631797,3.63631797,3.51964903,3.55481005,2860707
2008-07-15,3.62832689,3.62832689,3.47609806,3.52284598,1016139
2008-07-16,3.45612001,3.50047112,3.41656494,3.47010493,1646846
2008-07-17,3.47130299,3.47130299,3.29629993,3.31627703,2292570
2008-07-18,3.29829788,3.33305907,3.23996305,3.24835396,1746958
2008-07-21,3.26833105,3.30429101,3.16644597,3.27632189,3799259
2008-07-22,3.19681191,3.270329,3.19641209,3.21638989,753344
2008-07-23,3.27632189,3.29629993,3.25634503,3.27592301,2325106
2008-07-24,3.27232695,3.27632189,3.22038507,3.23636699,1121257
2008-07-25,3.23636699,3.2523489,3.19641209,3.212394,1151290
2008-07-28,3.212394,3.21279407,3.124892,3.17163992,850954
2008-07-29,3.19001889,3.23636699,3.14446998,3.23636699,5318462
2008-07-30,3.24036288,3.31627703,3.23636699,3.31627703,6422199
2008-07-31,3.27632189,3.31627703,3.22797704,3.31627703,520583
2008-08-01,3.31627703,3.31627703,3.2883091,3.29590011,1021144
2008-08-04,3.27592301,3.35383511,3.26433611,3.30429101,1381548
2008-08-05,3.30429101,3.51525402,3.30429101,3.47010493,2963322
2008-08-06,3.52204609,3.55560899,3.47649789,3.55001497,1864590
2008-08-07,3.45652008,3.55520892,3.45652008,3.54801702,873479
2008-08-08,3.51605296,3.59196806,3.51565409,3.55560899,966083
2008-08-11,3.63511992,3.63511992,3.4948771,3.534832,505566
2008-08-12,3.53722906,3.56799507,3.43853998,3.47609806,2680505
2008-08-13,3.47609806,3.47609806,3.41017199,3.4557209,3158541
2008-08-14,3.47130299,3.50806189,3.43654203,3.47609806,913524
2008-08-15,3.53603101,3.55560899,3.45132589,3.48568702,1233883
2008-08-18,3.47609806,3.54002595,3.41976094,3.43614292,1444119
2008-08-19,3.43614292,3.44812894,3.38979506,3.43134809,1081212
2008-08-20,3.53203511,3.53203511,3.41856289,3.45612001,848451
2008-08-21,3.43614292,3.47210312,3.37740898,3.47210312,745836
2008-08-22,3.46411204,3.51565409,3.46411204,3.51565409,1023647
2008-08-25,3.49607611,3.51605296,3.44053793,3.49407792,1481661
2008-08-26,3.46770692,3.48728609,3.43654203,3.444134,978597
2008-08-27,3.503268,3.503268,3.4041791,3.43214703,1108743
2008-08-28,3.51325607,3.63551903,3.43214703,3.5200491,3318720
2008-08-29,3.5200491,3.54801702,3.48009396,3.51605296,1616812
2008-09-01,3.50047112,3.51006007,3.43214703,3.50806189,1416588
2008-09-02,3.48049307,3.51605296,3.47809601,3.49207997,1098731
2008-09-03,3.49207997,3.51565409,3.47410011,3.5136559,865970
2008-09-04,3.49607611,3.58357692,3.43174791,3.43174791,3541470
2008-09-05,3.39618802,3.47050405,3.39618802,3.47050405,996116
2008-09-08,3.498873,3.5560081,3.47290206,3.49607611,1669371
2008-09-09,3.50446606,3.55001497,3.48009396,3.51964903,936049
2008-09-10,3.53603101,3.6590929,3.52084804,3.63591909,1223872
2008-09-11,3.63591909,3.80133295,3.63192296,3.7158289,2142401
2008-09-12,3.7158289,3.7158289,3.63591909,3.70344305,1571762
2008-09-15,3.55201292,3.67587399,3.55161309,3.67587399,1138776
2008-09-16,3.60595202,3.60595202,3.43214703,3.53603101,1591784
2008-09-17,3.48808503,3.49088097,3.41616511,3.49088097,3521447
2008-09-18,3.47609806,3.57398796,3.36662102,3.5560081,1581773
2008-09-19,3.67587399,3.77616096,3.60595202,3.75578403,450505
2008-09-22,3.64390993,3.71542907,3.57998109,3.67587399,455510
2008-09-23,3.6391151,3.66788292,3.54002595,3.61594105,568136
2008-09-24,3.58757305,3.67587399,3.57598591,3.59596395,1409079
2008-09-25,3.65389895,3.67547393,3.59636307,3.63551903,4399932
2008-09-26,3.58517599,3.67027998,3.5528121,3.63551903,873479
2008-09-29,3.49607611,3.49607611,3.32986212,3.41616511,968585
2008-09-30,3.47210312,3.66508603,3.37541103,3.66508603,1308967
2008-10-01,3.70344305,3.70344305,3.57358909,3.63591909,1897126
2008-10-02,3.61594105,3.63591909,3.47729707,3.51605296,2147407
2008-10-03,3.53603101,3.59596395,3.42055988,3.47609806,1992233
2008-10-06,3.31627703,3.51605296,3.17643404,3.51605296,1008630
2008-10-07,3.51605296,3.53203511,3.39698696,3.53203511,10231470
2008-10-08,3.43614292,3.47609806,3.25634503,3.34025097,10754556
2008-10-09,3.39618802,3.39618802,3.1049149,3.19641209,2930785
2008-10-10,3.11650205,3.19641209,2.87677097,3.19641209,936049
2008-10-13,3.27632189,3.39658689,3.27632189,3.27632189,2079831
2008-10-14,3.39618802,3.47010493,3.29789805,3.39618802,1792009
2008-10-15,3.35623288,3.43294692,3.00063205,3.15645695,1136273
2008-10-16,3.15645695,3.19641209,3.00023198,3.19641209,788383
2008-10-17,3.12449288,3.51605296,3.12449288,3.42895103,783378
2008-10-20,3.42895103,3.57598591,3.38380194,3.5560081,2337620
2008-10-21,3.55161309,3.65349889,3.43654203,3.57558608,1106240
2008-10-22,3.32466793,3.36382389,2.99663591,3.11090803,1241391
2008-10-23,2.97586012,3.15605688,2.82083392,3.11610198,695780
2008-10-24,2.95308495,3.07654691,2.81723809,3.03219604,1771986
2008-10-27,3.07494807,3.07494807,2.85679293,2.87677097,1083714
2008-10-28,2.96706891,3.17843199,2.91672611,3.17843199,1128765
2008-10-29,3.27632189,3.35623288,3.14047503,3.14047503,725813
2008-10-30,3.3242681,3.3242681,3.01701307,3.11250591,3754208
2008-10-31,3.05057597,3.19201708,3.03659105,3.19201708,1286442
2008-11-03,3.15645695,3.23636699,3.15645695,3.15645695,2502805
2008-11-04,3.23636699,3.23636699,3.07654691,3.14327192,1586778
2008-11-05,3.14446998,3.1944139,3.03659105,3.15246105,3378787
2008-11-06,3.13608003,3.27632189,3.13608003,3.27632189,613187
2008-11-07,3.27632189,3.43574309,3.25075102,3.43574309,3851818
2008-11-10,3.55560899,3.55560899,3.35623288,3.42016101,923535
2008-11-11,3.37541103,3.42735291,3.27712107,3.36941791,2462761
2008-11-12,3.27632189,3.39538908,3.15645695,3.21638989,1043670
2008-11-13,3.21638989,3.59556389,3.19641209,3.59556389,2560370
2008-11-14,3.69585109,3.69585109,3.43614292,3.45612001,1984725
2008-11-17,3.45212507,3.51205802,3.36462307,3.444134,976094
2008-11-18,3.43534398,3.46331191,3.36142707,3.42815208,730819
2008-11-19,3.51605296,3.51605296,3.157655,3.27192712,2380168
2008-11-21,3.22837591,3.4557209,3.21638989,3.40298009,931043
2008-11-24,3.47609806,3.47609806,3.29629993,3.35623288,620695
2008-11-25,3.38819695,3.38819695,3.15645695,3.22438097,538103
2008-11-26,3.21638989,3.21638989,3.04298401,3.1364789,833434
2008-11-27,3.18003011,3.22038507,3.16884303,3.19641209,2820662
2008-11-28,3.26633406,3.26633406,3.20839906,3.22597909,3213602
2008-12-01,3.15645695,3.15645695,2.99663591,3.11650205,1068698
2008-12-02,3.14846611,3.19641209,3.0174129,3.15645695,563131
2008-12-03,3.12249494,3.23596811,3.0565691,3.23596811,815914
2008-12-04,3.23596811,3.27592301,3.129287,3.18562388,618193
2008-12-05,3.07654691,3.18162894,3.03659105,3.13208389,755847
2008-12-08,3.19601202,3.29629993,3.19041896,3.29629993,2122379
2008-12-09,3.26513505,3.29230404,3.15645695,3.27632189,2104859
2008-12-10,3.34704304,3.39618802,3.25674391,3.37620997,1066195
2008-12-11,3.36622095,3.47250199,3.36622095,3.415766,785881
2008-12-12,3.33625507,3.51605296,3.31987309,3.51605296,1489169
2008-12-15,3.4808929,3.4808929,3.39618802,3.42735291,493052
2008-12-16,3.45212507,3.59596395,3.45212507,3.59596395,710796
2008-12-17,3.55560899,3.55560899,3.39658689,3.47929406,948563
2008-12-18,3.47609806,3.59516406,3.43814111,3.53523207,1589281
2008-12-19,3.5560081,3.5560081,3.39618802,3.42575502,1817037
2008-12-22,3.39618802,3.47609806,3.38420105,3.41216993,3984466
2008-12-23,3.41616511,3.41616511,3.31108308,3.31627703,1208855
2008-12-26,3.41536593,3.41536593,3.24475789,3.25314808,1994736
2008-12-29,3.34384704,3.34384704,3.25634503,3.27632189,247777
2008-12-30,3.33186007,3.39219189,3.2599411,3.38779712,1644343
2009-01-02,3.33385801,3.5560081,3.33385801,3.5560081,590662
2009-01-05,3.55520892,3.55520892,3.43614292,3.43614292,1071200
2009-01-06,3.39618802,3.41496706,3.29590011,3.39498901,730819
2009-01-07,3.35623288,3.43534398,3.35623288,3.38020611,450505
2009-01-08,3.39618802,3.41216993,3.35623288,3.41216993,410460
2009-01-09,3.39618802,3.41216993,3.37261391,3.41216993,77586
2009-01-12,3.40018296,3.40018296,3.29390311,3.35623288,1804523
2009-01-13,3.34824204,3.39618802,3.34025097,3.39578795,340381
2009-01-14,3.33625507,3.36142707,3.25674391,3.36142707,325364
2009-01-15,3.34424591,3.39618802,3.27632189,3.39618802,468024
2009-01-16,3.35543299,3.41616511,3.24435806,3.29669905,723310
2009-01-19,3.2883091,3.328264,3.23636699,3.23636699,197721
2009-01-20,3.30628896,3.30628896,3.14686799,3.15645695,941055
2009-01-21,3.23596811,3.23596811,3.09133005,3.19241595,1013636
2009-01-22,3.16245008,3.20799899,3.14846611,3.20799899,573142
2009-01-23,3.15645695,3.23796511,3.11849904,3.19641209,420471
2009-01-26,3.1081109,3.17723393,3.096524,3.15605688,735824
2009-01-27,3.0861361,3.19561291,3.08453798,3.1628499,740830
2009-01-28,3.19641209,3.240762,3.15645695,3.17084098,315353
2009-01-29,3.16764402,3.17004204,3.10771203,3.15645695,375420
2009-01-30,3.16444802,3.21638989,3.16364908,3.21638989,282817
2009-02-02,3.18842101,3.20480299,3.13887691,3.16524696,232760
2009-02-03,3.1472671,3.31507897,3.14526892,3.31148291,220246
2009-02-04,3.24156094,3.34344697,3.24156094,3.30828595,220246
2009-02-05,3.25674391,3.31987309,3.25634503,3.31627703,132648
2009-02-06,3.33225989,3.39578795,3.31627703,3.39538908,147665
2009-02-09,3.34504509,3.4041791,3.3210721,3.36382389,320359
2009-02-10,3.37620997,3.39219189,3.33026195,3.39219189,638215
2009-02-11,3.37620997,3.42815208,3.33425689,3.42815208,207732
2009-02-12,3.39139295,3.43214703,3.36861897,3.43214703,285319
2009-02-13,3.44373393,3.44373393,3.357831,3.39658689,125140
2009-02-16,3.39658689,3.41177011,3.32147193,3.41177011,260291
2009-02-17,3.34065008,3.35423493,3.25434709,3.26912999,705791
2009-02-18,3.26912999,3.4041791,3.26873112,3.4041791,1148787
2009-02-19,3.39099407,3.40178108,3.32546711,3.37620997,2457755
2009-02-20,3.27632189,3.38819695,3.27632189,3.38819695,235263
2009-02-25,3.23636699,3.39618802,3.23636699,3.39618802,868473
2009-02-26,3.40178108,3.40218091,3.32586694,3.38180399,590662
2009-02-27,3.3682189,3.3682189,3.24835396,3.35583305,1281436
2009-03-02,3.26033998,3.26033998,3.0565691,3.0565691,1243894
2009-03-03,3.06735706,3.11410403,3.0270021,3.02859998,600673
2009-03-04,3.096524,3.12848806,3.05576992,3.08653498,710796
2009-03-05,3.0753479,3.19641209,3.0753479,3.19641209,1001122
2009-03-06,3.19641209,3.27592301,3.19081807,3.24435806,2167429
2009-03-09,3.22198296,3.26553392,3.0565691,3.23956394,605679
2009-03-10,3.25154996,3.33225989,3.25154996,3.33026195,302839
2009-03-11,3.29829788,3.36582208,3.29829788,3.33625507,305342
2009-03-12,3.26513505,3.35623288,3.26513505,3.35463405,538103
2009-03-13,3.35623288,3.43614292,3.35623288,3.43614292,395443
2009-03-16,3.42415595,3.42415595,3.3366549,3.35623288,105117
2009-03-17,3.33625507,3.37221503,3.33265901,3.37141609,568136
2009-03-18,3.37141609,3.45612001,3.35263705,3.45212507,1006127
2009-03-19,3.43614292,3.45811796,3.39538908,3.45811796,280314
2009-03-20,3.45612001,3.51405501,3.43614292,3.45612001,813411
2009-03-23,3.54402208,3.61514211,3.50846195,3.61514211,1614309
2009-03-24,3.53603101,3.59516406,3.51805091,3.55201292,675757
2009-03-25,3.5560081,3.61594105,3.53962708,3.55560899,708294
2009-03-26,3.51605296,3.61594105,3.51605296,3.58717299,260291
2009-03-27,3.57558608,3.66748309,3.57558608,3.66748309,175196
2009-03-30,3.59596395,3.6654861,3.5560081,3.57358909,600673
2009-03-31,3.62473106,3.70783806,3.57998109,3.70783806,936049
2009-04-01,3.5999589,3.73940301,3.5560081,3.73940301,330370
2009-04-02,3.7749629,3.827703,3.67986894,3.7877481,670751
2009-04-03,3.74659395,3.80373001,3.74659395,3.8033309,357901
2009-04-06,3.77735996,3.91160893,3.77096701,3.91160893,525589
2009-04-07,3.87405109,3.89562702,3.79174399,3.79174399,257789
2009-04-08,3.79174399,3.79174399,3.54602003,3.60874891,1671874
2009-04-09,3.71942496,3.77536201,3.64790511,3.77536201,227755
2009-04-13,3.77536201,3.81531692,3.65989208,3.81531692,290325
2009-04-14,3.76856995,3.81172109,3.67587399,3.79573894,675757
2009-04-15,3.72901392,3.81971192,3.72461891,3.7857511,848451
2009-04-16,3.7266171,3.82530594,3.7266171,3.81971192,242772
2009-04-17,3.72501898,3.84808111,3.72501898,3.84608293,643221
2009-04-20,3.76417494,3.84728098,3.75178909,3.7593801,252783
2009-04-22,3.86366296,3.91121006,3.84488392,3.85567188,798395
2009-04-23,3.89243102,3.93158698,3.85767007,3.89882398,1201346
2009-04-24,3.93837905,3.93837905,3.83569407,3.89602709,1656857
2009-04-27,3.82810307,3.8752501,3.827703,3.83569407,147665
2009-04-28,3.82370806,3.91560507,3.80812502,3.91560507,610684
2009-04-29,3.93478298,4.02348423,3.93478298,3.95276308,1276431
2009-04-30,4.02348423,4.11458111,3.95396209,3.95396209,2017261
2009-05-04,3.99591494,4.11777782,3.99551511,4.05504799,2072323
2009-05-05,4.07542515,4.09540319,3.9911201,4.04346085,1201346
2009-05-06,4.07143021,4.11058617,3.97953296,3.99551511,825925
2009-05-07,4.03587008,4.17051888,4.01948786,4.05544806,2227497
2009-05-08,4.12736702,4.1553359,4.07023096,4.1553359,593164
2009-05-11,4.03587008,4.11458111,3.9487679,4.08940983,1879607
2009-05-12,4.0162921,4.09420395,3.96434999,3.99551511,1011133
2009-05-13,3.91800189,3.97154188,3.9036181,3.95555997,1218866
2009-05-14,3.85567188,3.95555997,3.85567188,3.95555997,1103737
2009-05-15,3.90122104,3.97473788,3.89602709,3.97473788,1601795
2009-05-18,3.97553802,4.11538076,3.95715809,4.09540319,1839562
2009-05-19,4.13935423,4.14534712,4.08022022,4.14334917,1003625
2009-05-20,4.12736702,4.23524618,4.12337208,4.21526814,5536206
2009-05-21,4.14374924,4.26920795,4.13535786,4.23524618,4580134
2009-05-22,4.19529104,4.34672117,4.175313,4.23524618,1606801
2009-05-25,4.19529104,4.22325897,4.175313,4.22325897,225252
2009-05-26,4.21247196,4.27400303,4.20328188,4.27400303,903512
2009-05-27,4.27360296,4.3143568,4.23125076,4.30756521,553120
2009-05-28,4.30636597,4.35511208,4.22925282,4.35511208,813411
2009-05-29,4.37508917,4.45300198,4.27520084,4.31915188,620695
2009-06-01,4.41344595,4.41384602,4.34312487,4.41384602,548114
2009-06-02,4.44301319,4.44301319,4.29837513,4.32354689,250280
2009-06-03,4.27520084,4.27520084,4.18769884,4.25921917,302839
2009-06-04,4.27520084,4.27520084,4.21327114,4.262815,265297
2009-06-05,4.27520084,4.31076097,4.24043989,4.26721001,645723
2009-06-08,4.19529104,4.26721001,4.19529104,4.22805405,1061189
2009-06-09,4.24323702,4.2775979,4.18730021,4.18730021,530594
2009-06-10,4.28758717,4.28758717,4.19529104,4.23524618,1161301
2009-06-12,4.19529104,4.27520084,4.17171717,4.27520084,1081212
2009-06-15,4.24123907,4.26321507,4.1573329,4.19489098,1178821
2009-06-16,4.19489098,4.19529104,4.1329608,4.15134001,1188832
2009-06-17,4.12337208,4.23404694,4.11937618,4.23404694,735824
2009-06-18,4.26321507,4.26321507,4.19129515,4.25522423,157676
2009-06-19,4.32035112,4.32035112,4.23924208,4.28319216,277811
2009-06-22,4.16332722,4.25442505,4.11218405,4.11538076,898507
2009-06-23,4.085814,4.14175081,4.07542515,4.13535786,270303
2009-06-24,4.11538076,4.1553359,4.09540319,4.1553359,1549236
2009-06-25,4.1553359,4.28958511,4.13975286,4.27520084,595667
2009-06-26,4.26321507,4.27520084,4.175313,4.27520084,440493
2009-06-29,4.30676603,4.30676603,4.09540319,4.17491388,1379046
2009-06-30,4.22765493,4.23125076,4.13935423,4.23125076,620695
2009-07-01,4.175313,4.19928598,4.11617994,4.19928598,1394062
2009-07-02,4.1553359,4.21366978,4.1109848,4.21366978,3030897
2009-07-03,4.20008516,4.23524618,4.17930889,4.23524618,723310
2009-07-06,4.1553359,4.29517889,4.12776709,4.29517889,1771986
2009-07-07,4.27600002,4.27600002,4.23524618,4.2712059,693277
2009-07-08,4.26840878,4.29517889,4.23524618,4.27520084,833434
2009-07-09,4.27520084,4.27520084,4.27520084,4.27520084,0
2009-07-10,4.39506721,4.39506721,4.21526814,4.27600002,295331
2009-07-13,4.20288181,4.29517889,4.16372585,4.29517889,810909
2009-07-14,4.26321507,4.26321507,4.23564577,4.23564577,568136
2009-07-15,4.27879715,4.39506721,4.25602293,4.3870759,1379046
2009-07-16,4.3870759,4.41504383,4.32714319,4.38987207,783378
2009-07-17,4.37508917,4.4010601,4.35511208,4.4010601,693277
2009-07-20,4.41504383,4.46578693,4.37748623,4.46578693,585656
2009-07-21,4.46698618,4.47257996,4.35511208,4.40505505,573142
2009-07-22,4.41744184,4.41744184,4.23524618,4.29318094,505566
2009-07-23,4.29318094,4.43502188,4.28718805,4.43502188,3954433
2009-07-24,4.33793116,4.40265799,4.29917383,4.35471201,2109865
2009-07-27,4.38507795,4.38507795,4.2767992,4.3135581,1556745
2009-07-28,4.30356884,4.34592199,4.26361418,4.26361418,1912143
2009-07-29,4.26321507,4.28199387,4.21766615,4.262815,2472772
2009-07-30,4.32035112,4.37349081,4.30516815,4.31475687,1606801
2009-07-31,4.33353615,4.37109423,4.26800919,4.29517889,1126262
2009-08-03,4.28918505,4.43901682,4.27919722,4.39506721,1461638
2009-08-04,4.27560091,4.44381189,4.27560091,4.43502188,1216363
2009-08-05,4.39506721,4.43462181,4.39506721,4.39626503,1323984
2009-08-06,4.43422318,4.45380116,4.39946222,4.4190402,775869
2009-08-07,4.41943884,4.45499897,4.39506721,4.42703104,2167429
2009-08-10,4.37508917,4.47098112,4.37508917,4.47098112,643221
2009-08-11,4.4522028,4.47497702,4.40305805,4.47497702,1136273
2009-08-12,4.39586592,4.55488682,4.39586592,4.55488682,1123759
2009-08-13,4.59404278,4.65477514,4.52132511,4.59284496,2440235
2009-08-14,4.56687403,4.67035818,4.51493216,4.67035818,1576767
2009-08-17,4.55448818,4.67475319,4.5349102,4.67475319,1684388
2009-08-18,4.61482,4.64918089,4.55888319,4.63479805,1549236
2009-08-19,4.59484196,4.70671701,4.59484196,4.65197802,828428
2009-08-20,4.65477514,4.67475319,4.61482,4.67475319,1756969
2009-08-21,4.68154478,4.78862476,4.68154478,4.78862476,1073703
2009-08-24,4.79421902,4.7950182,4.71870279,4.77464104,1807025
2009-08-25,4.76784801,4.83377409,4.75106716,4.79421902,938552
2009-08-26,4.83057785,4.83457279,4.76704884,4.79461813,1256408
2009-08-27,4.71550703,4.85455084,4.71550703,4.79461813,3045914
2009-08-28,4.83457279,4.87452888,4.77863598,4.87452888,2415207
2009-08-31,4.87452888,4.87452888,4.73668289,4.82738113,635712
2009-09-01,4.87412882,4.87412882,4.67475319,4.78782606,2014758
2009-09-02,4.70751619,4.77024603,4.67954683,4.7167058,573142
2009-09-03,4.69113398,4.75066805,4.63959217,4.75066805,588159
2009-09-04,4.70351982,4.7666502,4.63719511,4.7127099,1273928
2009-09-08,4.77424097,4.77464104,4.64119005,4.77464104,4084579
2009-09-09,4.65957022,4.79621601,4.65957022,4.79621601,2703030
2009-09-10,4.79262018,4.80780315,4.74067879,4.77903605,1551739
2009-09-11,4.70351982,4.79461813,4.70351982,4.75466299,1266419
2009-09-14,4.71470785,4.81859112,4.71470785,4.81859112,1301459
2009-09-15,4.83417416,4.89410686,4.83417416,4.87452888,1349012
2009-09-16,4.84695911,4.91368484,4.84695911,4.91368484,1354017
2009-09-17,4.87452888,4.99319506,4.87253094,4.90849018,478035
2009-09-18,4.94524908,4.94524908,4.89530516,4.92527199,693277
2009-09-21,4.92846823,4.95044279,4.87612677,4.92726898,595667
2009-09-22,4.99679089,4.99679089,4.87812424,4.94205284,901010
2009-09-23,4.94245195,4.99359512,4.80500698,4.94484997,2500303
2009-09-24,4.94484997,4.99439383,4.90489388,4.95044279,2435230
2009-09-25,4.91448402,4.97401714,4.89450598,4.90129805,743333
2009-09-28,4.91448402,4.97441578,4.90289688,4.97441578,1401571
2009-09-29,4.99399424,4.9983902,4.94165277,4.9983902,3126004
2009-09-30,4.9983902,5.05432701,4.89850187,5.05432701,2632951
2009-10-01,5.06711197,5.17698908,4.99439383,5.17698908,1384051
2009-10-02,5.15261602,5.17139482,4.9983902,5.14062977,1026150
2009-10-05,5.18577909,5.25769806,5.15261602,5.25769806,630707
2009-10-06,5.25410318,5.42391205,5.25410318,5.41592121,1584276
2009-10-07,5.36677599,5.41592121,5.33001709,5.35399008,1221369
2009-10-08,5.44668579,5.44668579,5.37436819,5.3935461,1399068
2009-10-09,5.39314604,5.45387793,5.31922913,5.45387793,823423
2009-10-13,5.55216789,5.55216789,5.39834118,5.48544312,565634
2009-10-14,5.51381111,5.55096912,5.45787382,5.52979279,1339001
2009-10-15,5.52539778,5.54977083,5.44308996,5.54977083,1268922
2009-10-16,5.47345591,5.57374382,5.45387793,5.57374382,297833
2009-10-19,5.51421118,5.66524076,5.51381111,5.66364288,1326487
2009-10-20,5.63087988,5.63087988,5.52180195,5.61569691,928540
2009-10-21,5.58812809,5.67123413,5.53418779,5.54537582,488047
2009-10-22,5.63367605,5.63367605,5.51381111,5.58972597,1088720
2009-10-23,5.59372091,5.61409807,5.53938198,5.55776215,708294
2009-10-26,5.51381111,5.6105032,5.51381111,5.55376577,262794
2009-10-27,5.55975914,5.55975914,5.39594316,5.43470001,3113490
2009-10-28,5.41552114,5.41871786,5.23412514,5.2740798,1133771
2009-10-29,5.2740798,5.57694006,5.2740798,5.57694006,998619
2009-10-30,5.57214594,5.57214594,5.2740798,5.35798597,1043670
2009-11-03,5.2740798,5.39114904,5.2740798,5.37396812,87598
2009-11-04,5.37396812,5.49383307,5.37396812,5.45347881,981099
2009-11-05,5.45347881,5.57374382,5.40033817,5.57374382,1741952
2009-11-06,5.57334423,5.59092379,5.4546771,5.55416584,525589
2009-11-09,5.59172392,5.6536541,5.51460981,5.63247824,1351515
2009-11-10,5.59412098,5.75354195,5.59372091,5.71358681,638215
2009-11-11,5.79349709,5.94532681,5.78950214,5.91336298,720808
2009-11-12,5.63887119,5.93334007,5.59851599,5.59851599,1549236
2009-11-13,5.67323208,5.68162298,5.5669508,5.61170101,680763
2009-11-16,5.72797108,5.84104395,5.63727188,5.84104395,540606
2009-11-17,5.85502815,5.87940121,5.80388498,5.83425093,410460
2009-11-18,5.71678305,5.87340689,5.71678305,5.83824682,783378
2009-11-19,5.77431917,5.81946802,5.63087988,5.75354195,370415
2009-11-23,5.79349709,5.82705879,5.64885902,5.72916889,728316
2009-11-24,5.7335639,5.78550577,5.68761587,5.74555111,182704
2009-11-25,5.79309797,5.79349709,5.6536541,5.7335639,232760
2009-11-26,5.6536541,5.67363214,5.59372091,5.65285492,6399674
2009-11-27,5.67363214,5.71918106,5.59412098,5.71358681,165185
2009-11-30,5.71358681,5.7335639,5.6168952,5.71318722,337878
2009-12-01,5.73556185,5.806283,5.7147851,5.75354195,320359
2009-12-02,5.75354195,5.77351999,5.72956896,5.75354195,305342
2009-12-03,5.67283297,5.67363214,5.63367605,5.66284418,175196
2009-12-04,5.66284418,5.67842579,5.51341105,5.51341105,257789
2009-12-07,5.67323208,5.71358681,5.61369896,5.71318722,680763
2009-12-08,5.69760513,5.69760513,5.60011387,5.67363214,225252
2009-12-09,5.71358681,5.71358681,5.63727188,5.67762709,162682
2009-12-10,5.61369896,5.64566278,5.59372091,5.59412098,493052
2009-12-11,5.6724329,5.6724329,5.59931517,5.63287687,1016139
2009-12-14,5.62648487,5.70399809,5.6216898,5.68042421,855959
2009-12-15,5.68521881,5.7335639,5.67363214,5.7335639,210235
2009-12-16,5.75354195,5.75354195,5.69680595,5.7335639,202727
2009-12-17,5.73316479,5.77271986,5.73316479,5.75354195,971088
2009-12-18,5.75354195,5.76752615,5.7335639,5.76153278,728316
2009-12-21,5.76153278,5.78550577,5.7335639,5.77351999,2290067
2009-12-22,5.76392984,5.91296291,5.7335639,5.91296291,500561
2009-12-23,5.91336298,5.91336298,5.78550577,5.80148792,1193838
2009-12-24,5.80148792,5.80148792,5.80148792,5.80148792,0
2009-12-28,5.79349709,5.83345222,5.75793695,5.83305311,618193
2009-12-29,5.83305311,5.99327278,5.83305311,5.99327278,490549
2009-12-30,5.99327278,5.99327278,5.99327278,5.99327278,0
2010-01-04,5.93294096,6.12112904,5.87340689,6.1131382,818417
2010-01-05,6.07358313,6.17307091,6.07358313,6.14909792,1604298
2010-01-06,6.09955406,6.21222687,6.09316111,6.21182823,508069
2010-01-07,6.22101688,6.24099493,6.13311577,6.24099493,2690516
2010-01-08,6.19304895,6.26696587,6.15429211,6.2290082,588159
2010-01-11,6.28974009,6.28974009,6.14709997,6.15309381,573142
2010-01-12,6.15269423,6.20303679,6.03442717,6.19304895,540606
2010-01-13,6.19304895,6.27295923,6.15309381,6.27295923,453007
2010-01-14,6.19344807,6.41799593,6.17866516,6.36285782,583153
2010-01-15,6.42359018,6.42359018,6.27335882,6.35206985,377923
2010-01-18,6.25977421,6.35286903,6.25937414,6.35286903,715802
2010-01-19,6.28214884,6.38283587,6.28174877,6.36205912,377923
2010-01-20,6.39042711,6.39042711,6.18425894,6.22141695,2667991
2010-01-21,6.22141695,6.36405706,6.04121923,6.27096081,633209
2010-01-22,6.1770668,6.35286903,6.04321718,6.35286903,310347
2010-01-26,6.18505812,6.25098419,6.15509081,6.24059486,688271
2010-01-27,6.19304895,6.22381401,6.10115194,6.17427015,523086
2010-01-28,6.25937414,6.25937414,6.1139369,6.18306017,2467766
2010-01-29,6.19304895,6.25298119,5.97329521,5.99327278,1466644
2010-02-01,6.13071918,6.14829922,5.95731306,6.05320597,996116
2010-02-02,6.06159592,6.20103979,6.06159592,6.20103979,763355
2010-02-03,6.20103979,6.2929368,6.14070702,6.2929368,585656
2010-02-04,6.10554695,6.2046361,6.02164078,6.03322792,410460
2010-02-05,5.93933296,5.98488188,5.76153278,5.81347513,790886
2010-02-08,5.81347513,5.83225393,5.73915815,5.75354195,1739450
2010-02-09,5.79309797,5.82985592,5.67962503,5.73636103,1564253
2010-02-10,5.86541605,5.86541605,5.67403078,5.77391911,317856
2010-02-11,5.81227589,5.91336298,5.78550577,5.91336298,1394062
2010-02-12,5.8853941,5.92574883,5.78910208,5.87900114,495555
2010-02-17,5.97329521,6.16508007,5.97329521,6.16508007,267800
2010-02-18,6.2290082,6.2290082,6.09316111,6.12352705,422974
2010-02-19,6.06479311,6.17147303,6.06479311,6.14590216,337878
2010-02-22,6.13671207,6.13671207,6.06599092,6.11833286,165185
2010-02-23,6.0623951,6.0667901,5.92934513,5.95331812,795892
2010-02-24,5.99247408,6.04042006,5.92974377,5.94532681,780875
2010-02-25,5.87340689,6.01165199,5.83385181,6.01165199,475533
2010-02-26,6.00885487,6.00885487,5.900177,5.95851183,568136
2010-03-01,6.01165199,6.03282881,5.93453884,6.02923298,350392
2010-03-02,5.9369359,6.03322792,5.93334007,5.99327278,415465
2010-03-03,6.03322792,6.11913204,6.01324987,6.01324987,1031156
2010-03-04,6.00845623,6.00845623,5.91376209,5.95291805,510572
2010-03-05,6.00925493,6.00925493,5.86581612,5.86941195,778372
2010-03-08,5.92135382,5.92135382,5.85023308,5.90137577,2843187
2010-03-09,5.90137577,5.90137577,5.82546091,5.84503889,2953310
2010-03-10,5.79629421,5.89258623,5.79629421,5.89258623,3261156
2010-03-11,5.85742521,5.91336298,5.81187582,5.91336298,1331492
2010-03-12,5.8778019,5.89258623,5.80748081,5.87340689,685768
2010-03-15,5.87340689,5.91336298,5.78990078,5.86142111,277811
2010-03-16,5.98248482,5.98248482,5.86102104,5.87860203,625701
2010-03-17,5.89338493,5.93134212,5.85382891,5.89338493,2009753
2010-03-18,5.8853941,5.90537214,5.81747007,5.90537214,628204
2010-03-19,5.85342979,5.85342979,5.67363214,5.67363214,570639
2010-03-22,5.79349709,5.8286581,5.69360924,5.69360924,327867
2010-03-23,5.66164494,5.66564083,5.62129021,5.66564083,475533
2010-03-24,5.63367605,5.66524076,5.61329889,5.62288904,427979
2010-03-25,5.63327694,5.69281006,5.61609602,5.69281006,272805
2010-03-26,5.63327694,5.67363214,5.59372091,5.67283297,2099854
2010-03-29,5.65205622,5.65205622,5.60450888,5.62888193,1123759
2010-03-30,5.62968111,5.68242216,5.58253384,5.68242216,875982
2010-03-31,5.6724329,5.67363214,5.51500988,5.51500988,1411582
2010-04-01,5.56575298,5.58533096,5.49063683,5.52339983,588159
2010-04-05,5.52339983,5.70120096,5.52339983,5.63087988,978597
2010-04-06,5.62049103,5.62928104,5.59212303,5.59212303,860965
2010-04-07,5.53258991,5.64126778,5.53258991,5.64126778,445499
2010-04-08,5.64486408,5.64486408,5.574543,5.61369896,3979
2010-04-09,5.64366484,5.71718311,5.63327694,5.6536541,1361526
2010-04-12,5.69720507,5.75114489,5.65325499,5.69360924,1609304
2010-04-13,5.69241095,5.76512909,5.67722797,5.75354195,718305
2010-04-14,5.75354195,5.81347513,5.71358681,5.80148792,405454
2010-04-15,5.80148792,5.90257502,5.76313114,5.90257502,623198
2010-04-16,5.77351999,5.87900114,5.77351999,5.83225393,540606
2010-04-19,5.75314188,5.8030858,5.73436308,5.79349709,220246
2010-04-20,5.81946802,5.88059902,5.74714899,5.79349709,425477
2010-04-22,5.71518517,5.87340689,5.68881512,5.87340689,317856
2010-04-23,5.81067801,5.98528194,5.81067801,5.98528194,453007
2010-04-26,5.95291805,6.1179328,5.91975498,6.08716822,2112368
2010-04-27,6.1131382,6.1131382,5.81347513,5.81347513,1323984
2010-04-28,5.81587219,5.8242631,5.67802715,5.70959091,475533
2010-04-29,5.76313114,5.83345222,5.74954605,5.83145523,783378
2010-04-30,5.78270912,5.87820196,5.77351999,5.87820196,640718
2010-05-03,5.91296291,5.91296291,5.72157812,5.72157812,3353
2010-05-04,5.82945681,5.83345222,5.72557306,5.83345222,883490
2010-05-05,5.83345222,5.95331812,5.83345222,5.87340689,943557
2010-05-06,5.83345222,5.91535997,5.76153278,5.89738083,540606
2010-05-07,5.81347513,5.95331812,5.77831411,5.95331812,703288
2010-05-10,5.99327278,6.03722382,5.91615915,5.97729111,540606
2010-05-11,5.91336298,6.03322792,5.91336298,5.99327278,665746
2010-05-12,6.03322792,6.0528059,5.99327278,6.02883291,823423
2010-05-13,6.06479311,6.06639099,5.99327278,5.99327278,488047
2010-05-14,5.99327278,6.00845623,5.92694712,5.95331812,1769483
2010-05-17,5.91336298,6.03322792,5.91336298,6.03322792,520583
2010-05-18,6.03322792,6.05080795,5.95331812,5.95331812,1063692
2010-05-19,5.89338493,5.94932222,5.85422897,5.91336298,1066195
2010-05-20,5.90896797,5.90896797,5.7375598,5.76992416,698282
2010-05-21,5.72197723,5.90537214,5.72197723,5.74555111,465521
2010-05-24,5.77152205,5.95291805,5.77152205,5.90936708,625701
2010-05-25,5.79349709,5.89338493,5.79349709,5.86941195,563131
2010-05-26,5.8813982,5.91336298,5.59372091,5.59372091,518080
2010-05-27,5.75354195,5.92135382,5.75354195,5.92135382,4347373
2010-05-28,5.87340689,5.95331812,5.86421824,5.94932222,2585398
2010-05-31,5.9369359,5.9369359,5.80828094,5.8853941,255286
2010-06-01,5.90457201,5.99407196,5.87340689,5.93334007,4617676
2010-06-02,5.79349709,6.12112904,5.79349709,6.09316111,1614309
2010-06-04,6.1131382,6.19784307,5.95331812,6.15269423,5859068
2010-06-07,6.19264889,6.27255917,6.19264889,6.20303679,2843187
2010-06-08,6.20303679,6.32290316,6.13351488,6.15309381,2059809
2010-06-09,6.19304895,6.23220491,6.13151789,6.21382523,1979719
2010-06-10,6.28095007,6.2929368,6.23300409,6.23699903,3231122
2010-06-11,6.23300409,6.23300409,6.19304895,6.20583391,182704
2010-06-14,6.28694296,6.29333591,6.20823193,6.23340321,327867
2010-06-15,6.23300409,6.35286903,6.23300409,6.34887409,232760
2010-06-16,6.34248114,6.43277979,6.34248114,6.39282417,415465
2010-06-17,6.41120386,6.43158102,6.29533386,6.43158102,337878
2010-06-18,6.39282417,6.42438889,6.31451178,6.42438889,4605
2010-06-21,6.46873903,6.53466511,6.39722013,6.45275688,573142
2010-06-22,6.45275688,6.57182407,6.45275688,6.56662893,1709416
2010-06-23,6.52627516,6.54225683,6.45715189,6.47792912,978597
2010-06-24,6.58860493,6.58860493,6.35286903,6.35286903,3065937
2010-06-25,6.34447908,6.54465389,6.34447908,6.39322376,1594287
2010-06-28,6.5482502,6.59259987,6.37524414,6.58700705,5783984
2010-06-29,6.52907181,6.52907181,6.36165905,6.36165905,1781997
2010-06-30,6.36285782,6.42398882,6.15349293,6.23300409,1041167
2010-07-01,6.26496792,6.26496792,6.06159592,6.14310503,415465
2010-07-02,6.15309381,6.23300409,6.15309381,6.18505812,470527
2010-07-05,6.21302605,6.21302605,6.1131382,6.1131382,125140
2010-07-06,6.15309381,6.33648777,6.15309381,6.25897503,703288
2010-07-07,6.25258207,6.35286903,6.24419117,6.30012798,2640460
2010-07-08,6.34767485,6.39682007,6.33289194,6.39682007,2828170
2010-07-12,6.19464684,6.35286903,6.19464684,6.31291389,1802
2010-07-13,6.32090521,6.37084913,6.32090521,6.35486698,1158799
2010-07-14,6.35686493,6.38043785,6.35286903,6.37644291,1146285
2010-07-15,6.31531096,6.40920591,6.31411314,6.39242506,1333995
2010-07-16,6.43277979,6.55264521,6.41280222,6.43357897,620695
2010-07-19,6.45275688,6.53546381,6.45275688,6.53546381,245274
2010-07-20,6.47832823,6.54065895,6.45635319,6.54065895,698282
2010-07-21,6.53146887,6.54065895,6.47273493,6.47273493,187710
2010-07-22,6.59180117,6.62056923,6.52547598,6.61257792,620695
2010-07-23,6.61977005,6.63255501,6.51269007,6.51269007,442996
2010-07-26,6.49311209,6.53266811,6.47313404,6.47313404,573142
2010-07-27,6.47313404,6.5482502,6.47313404,6.50070286,625701
2010-07-28,6.49311209,6.59100199,6.48312283,6.52148008,595667
2010-07-29,6.52148008,6.59180117,6.51308918,6.51308918,563131
2010-07-30,6.51308918,6.55224609,6.50030422,6.52188015,240269
2010-08-02,6.53306723,6.6968832,6.26936293,6.55903816,2440235
2010-08-03,6.55903816,6.55903816,6.46674109,6.51269007,463019
2010-08-04,6.51269007,6.52028084,6.47273493,6.48671913,770864
2010-08-05,6.46754122,6.51109219,6.31291389,6.4331789,928540
2010-08-06,6.418396,6.418396,6.31291389,6.38962793,710796
2010-08-09,6.38523293,6.39282417,6.31690979,6.37724209,272805
2010-08-10,6.30492306,6.34687614,6.26097202,6.34687614,463019
2010-08-11,6.26137209,6.31611109,6.25338078,6.27695513,432985
2010-08-12,6.21302605,6.32849693,6.19304895,6.3173089,800897
2010-08-13,6.3173089,6.3436799,6.26137209,6.27295923,1256408
2010-08-16,6.33249187,6.47553205,6.30452394,6.41480017,1168810
2010-08-17,6.41480017,6.59020281,6.39282417,6.5482502,1098731
2010-08-18,6.44436693,6.60059118,6.43677521,6.55264521,1792009
2010-08-19,6.50110292,6.65253305,6.50070286,6.60858202,1148787
2010-08-20,6.59259987,6.61217785,6.54705095,6.60818291,445499
2010-08-23,6.61217785,6.6725111,6.51868296,6.51868296,793389
2010-08-24,6.46634197,6.52867222,6.43277979,6.47273493,1153793
2010-08-25,6.42478895,6.43078184,6.3492732,6.39801884,503063
2010-08-26,6.36085987,6.43277979,6.3448782,6.39282417,1644343
2010-08-27,6.39322376,6.51269007,6.335289,6.51269007,1036161
2010-08-30,6.47273493,6.53466511,6.47273493,6.51149082,4054
2010-08-31,6.47273493,6.6725111,6.47273493,6.6725111,1086217
2010-09-01,6.6725111,6.75202084,6.6725111,6.70047903,7233
2010-09-02,6.67291021,6.72045708,6.59299994,6.59299994,440493
2010-09-03,6.61697292,6.67011309,6.59100199,6.63255501,888496
2010-09-06,6.62856007,6.6725111,6.56543112,6.56583023,50056
2010-09-08,6.65253305,6.71286488,6.64454222,6.71286488,888496
2010-09-09,6.69248819,6.71206617,6.66372013,6.71206617,387934
2010-09-10,6.63295507,6.71246576,6.62895918,6.62895918,1188832
2010-09-13,6.70367622,6.79197598,6.6725111,6.79197598,948563
2010-09-14,6.71765995,6.9114418,6.71246576,6.87228584,953569
2010-09-15,6.81075478,7.04369402,6.81075478,7.04369402,630707
2010-09-16,6.95459414,7.04888821,6.89226389,7.04888821,380426
2010-09-17,6.99255085,6.99255085,6.90584898,6.96218491,903512
2010-09-20,6.94780207,7.07206202,6.94780207,7.04009819,508069
2010-09-21,7.07206202,7.07206202,6.86429501,6.87228584,1173815
2010-09-22,6.91224098,6.99175215,6.85270786,6.93221903,3979
2010-09-23,6.95219707,7.03610182,6.95219707,6.99774599,327867
2010-09-24,6.93221903,7.07565784,6.80356312,6.92103195,1546734
2010-09-27,6.8127532,7.00533724,6.8127532,7.00533724,540606
2010-09-28,7.00453806,7.05168486,6.87628222,7.04808903,500561
2010-09-29,6.99215221,7.16795397,6.99215221,7.10402584,367912
2010-09-30,7.02012014,7.09204006,6.91224098,6.91224098,1792009
2010-10-01,7.008533,7.19192791,7.008533,7.19192791,883490
2010-10-04,6.99215221,7.22509003,6.99215221,7.22509003,530594
2010-10-05,7.27223682,7.36972809,7.240273,7.36972809,783378
2010-10-06,7.32697582,7.37292385,7.27183819,7.35174799,475533
2010-10-07,7.29381323,7.4012928,7.27183819,7.4012928,800897
2010-10-08,7.37532187,7.57949305,7.36133718,7.56231213,1121257
2010-10-11,7.49199104,7.55152416,7.46202421,7.52755117,312850
2010-10-13,7.59147882,7.80723715,7.56590796,7.76528406,1394062
2010-10-14,7.74290895,7.791255,7.72812605,7.791255,901010
2010-10-15,7.791255,7.85158682,7.77447414,7.81123209,978597
2010-10-18,7.85478401,7.88794613,7.73931313,7.88794613,130145
2010-10-19,7.83081102,7.95107603,7.76328611,7.79085493,200224
2010-10-20,7.82841301,7.87076616,7.791255,7.83081102,948563
2010-10-21,7.83001089,7.9906311,7.81522799,7.91072083,2012255
2010-10-22,7.91591501,8.15045166,7.88395119,8.15045166,500561
2010-10-25,8.04337215,8.17042923,7.95107603,7.99262905,1016139
2010-10-26,8.01060867,8.02219582,7.72373104,7.78566122,1621818
2010-10-27,7.791255,7.791255,7.55591917,7.59147882,2199966
2010-10-28,7.66140079,7.7113452,7.58508587,7.59147882,956071
2010-10-29,7.63143396,7.74970198,7.57150221,7.72053385,2367654
2010-11-01,7.72053385,7.89993286,7.71813679,7.89993286,425477
2010-11-03,7.89993286,7.89993286,7.69576216,7.77127695,678260
2010-11-04,7.79045582,7.968256,7.79045582,7.83520603,1426599
2010-11-05,7.78805923,7.88794613,7.75369692,7.88794613,347890
2010-11-08,7.91032124,8.02539158,7.8891449,7.97105312,225252
2010-11-09,8.06894302,8.07094097,7.7441082,7.78845787,375420
2010-11-10,7.78845787,7.78845787,7.63183403,7.69855881,1321481
2010-11-11,7.63782692,7.74290895,7.63742781,7.67937994,365409
2010-11-12,7.62623978,7.79644918,7.62623978,7.69136715,175196
2010-11-16,7.69096708,7.78885794,7.6713891,7.70894718,1464141
2010-11-17,7.74290895,7.93469381,7.7113452,7.92710209,810909
2010-11-18,7.93109798,8.15045166,7.93109798,8.15045166,643221
2010-11-19,8.09411526,8.26032829,8.09091854,8.26032829,380426
2010-11-22,8.25034046,8.38259125,8.21078396,8.38259125,783378
2010-11-23,8.35062695,8.35062695,8.04297161,8.1904068,563131
2010-11-24,8.25034046,8.25713158,8.15085125,8.20479107,162682
2010-11-25,8.20958519,8.31067181,8.11089611,8.23036194,170190
2010-11-26,8.17082882,8.21078396,8.11089611,8.19080639,440493
2010-11-29,8.19080639,8.19080639,7.94907808,8.00061989,1491672
2010-11-30,7.99142981,8.07453728,7.91951084,7.95107603,1349012
2010-12-01,7.99103117,8.03098583,7.824018,7.91111994,2224994
2010-12-02,7.94548178,7.99103117,7.83720303,7.95507097,1461638
2010-12-03,7.97305107,8.10090733,7.95067596,8.09091854,888496
2010-12-06,8.10290527,8.10290527,7.91111994,8.10290527,725813
2010-12-07,8.11848831,8.11848831,7.9031291,7.99103117,1036161
2010-12-08,7.99103117,8.09691238,7.99103117,8.06654644,598170
2010-12-09,8.0509634,8.07613468,7.90552711,7.99103117,528092
2010-12-10,7.99103117,8.10050774,7.95666885,8.10050774,270303
2010-12-13,8.15005207,8.16084003,8.07493687,8.11049747,190213
2010-12-14,8.07094097,8.11089611,8.00741196,8.10690117,162682
2010-12-15,8.11089611,8.26911926,8.11049747,8.23036194,625701
2010-12-16,8.27071667,8.29029465,8.23955154,8.27071667,127643
2010-12-17,8.27031708,8.27111626,8.19080639,8.27031708,227755
2010-12-20,8.346632,8.45251274,8.26871872,8.35462284,397445
2010-12-21,8.43253517,8.6103363,8.35062695,8.52043724,145663
2010-12-22,8.52043724,8.56638527,8.42054939,8.55439758,470527
2010-12-23,8.57038021,8.69024563,8.48647499,8.65828228,180702
2010-12-27,8.68624973,8.68624973,8.43053722,8.58835983,599171
2010-12-28,8.580369,8.62631798,8.34463406,8.59035778,1008630
2010-12-29,8.58835983,8.69024563,8.54640675,8.63630581,359402
2010-12-30,8.63031292,8.67026806,8.55040264,8.67026806,947562
2011-01-03,8.63231087,8.72820282,8.63031292,8.69024563,576145
2011-01-04,8.78414059,8.78414059,8.63031292,8.69224358,328368
2011-01-05,8.67226601,8.71821499,8.44851685,8.53042507,299836
2011-01-06,8.56039238,8.59035778,8.39657593,8.45051479,731319
2011-01-07,8.45051479,8.55040264,8.36860657,8.41655254,1090222
2011-01-10,8.45051479,8.46250153,8.29069424,8.38858414,1038163
2011-01-11,8.42854023,8.53042507,8.32665443,8.40456676,1083214
2011-01-12,8.32066059,8.32066059,8.09091854,8.14086342,728817
2011-01-13,8.28470135,8.28470135,8.0509634,8.07094097,545111
2011-01-14,8.19080639,8.19080639,7.88714695,7.93309593,566134
2011-01-17,8.0189991,8.1208849,7.93309593,8.1208849,278812
2011-01-18,8.1208849,8.18681145,7.75129986,7.78925705,780875
2011-01-19,7.96905518,7.96905518,7.69136715,7.84119892,134150
2011-01-20,7.80124378,7.93709087,7.70535088,7.78526211,473530
2011-01-21,7.791255,7.91111994,7.59347677,7.59347677,176698
2011-01-24,7.76927996,7.76927996,7.59147882,7.72732687,199223
2011-01-26,7.83920097,7.95107603,7.791255,7.8711648,349892
2011-01-27,7.8711648,7.94708014,7.76128912,7.83121014,249780
2011-01-28,7.73132181,7.791255,7.43565416,7.57549715,279813
2011-01-31,7.74330902,7.74330902,7.43165922,7.58548594,765358
2011-02-01,7.59147882,7.59147882,7.38770819,7.48160219,3338
2011-02-02,7.443645,7.59747219,7.40368986,7.52155781,532597
2011-02-03,7.49159098,7.60746098,7.41168118,7.41168118,2412
2011-02-04,7.45163584,7.45163584,7.31179285,7.33776379,498058
2011-02-07,7.39170313,7.48959303,7.32378006,7.41168118,98610
2011-02-08,7.33376789,7.50158024,7.33376789,7.50158024,901
2011-02-09,7.53154612,7.54952621,7.23188305,7.31978416,349391
2011-02-10,7.29980612,7.30180407,7.12799883,7.12799883,225252
2011-02-11,7.12799883,7.43765211,7.096035,7.43765211,535099
2011-02-14,7.50357819,7.53354406,7.32378006,7.47161388,738828
2011-02-15,7.46362305,7.5774951,7.38970613,7.51556396,176698
2011-02-16,7.51156902,7.70934677,7.44164705,7.70934677,1054181
2011-02-17,7.70135593,7.76927996,7.5734992,7.76927996,834936
2011-02-18,7.71334219,7.8891449,7.63343191,7.85718107,205230
2011-02-21,7.75929117,7.8711648,7.71534014,7.78925705,619194
2011-02-22,7.72133303,7.78925705,7.53154612,7.53154612,1065694
2011-02-23,7.59347677,7.59347677,7.38171482,7.39170313,1135272
2011-02-24,7.39170313,7.39170313,7.39170313,7.39170313,0
2011-02-25,7.43765211,7.4476409,7.2918148,7.2918148,405955
2011-02-28,7.2918148,7.48959303,7.2918148,7.48160219,1028152
2011-03-01,7.48959303,7.66140079,7.48959303,7.61944818,605679
2011-03-02,7.77127695,7.88714695,7.61145687,7.88714695,1114749
2011-03-03,7.89114285,7.99103117,7.65340996,7.8052392,1047674
2011-03-04,7.69136715,7.74930191,7.46562004,7.49159098,968085
2011-03-09,7.49159098,7.49159098,7.49159098,7.49159098,0
2011-03-10,7.49159098,7.5415349,7.40169191,7.49159098,1590282
2011-03-11,7.49159098,7.59147882,7.46961594,7.59147882,500060
2011-03-14,7.56750584,7.56750584,7.4576292,7.5415349,300837
2011-03-15,7.40568781,7.53154612,7.34375715,7.53154612,359903
2011-03-16,7.59347677,7.59347677,7.32378006,7.41168118,359903
2011-03-17,7.45163584,7.47161388,7.25186014,7.35174799,1262915
2011-03-18,7.4296608,7.45163584,7.35174799,7.45163584,700785
2011-03-21,7.49159098,7.50957108,7.44164705,7.44164705,2037
2011-03-22,7.45563221,7.59147882,7.44164705,7.57150221,1451126
2011-03-23,7.49758482,7.7113452,7.49758482,7.7113452,10010222
2011-03-24,7.61145687,7.61145687,7.55152416,7.55152416,1797
2011-03-25,7.63542986,7.66939211,7.61345387,7.61345387,1051
2011-03-28,7.59347677,7.59947014,7.43165922,7.51156902,2999362
2011-03-29,7.53154612,7.59347677,7.48160219,7.55152416,670251
2011-03-30,7.49358892,7.68737221,7.49358892,7.66939211,157176
2011-03-31,7.59347677,7.75129986,7.51556396,7.75129986,1007129
2011-04-01,7.72133303,7.99103117,7.69136715,7.99103117,535600
2011-04-04,7.97105312,7.97105312,7.81522799,7.87316322,529093
2011-04-05,7.87316322,7.87316322,7.87316322,7.87316322,0
2011-04-06,7.85118818,7.89114285,7.79724789,7.84919024,275308
2011-04-07,7.84319687,7.84319687,7.70734882,7.77127695,524087
2011-04-08,7.77127695,7.791255,7.6713891,7.7113452,350893
2011-04-11,7.7113452,7.81123209,7.6713891,7.77127695,1182826
2011-04-12,7.75129986,7.78925705,7.65340996,7.69136715,221748
2011-04-13,7.791255,7.791255,7.64941406,7.69136715,272805
2011-04-14,7.63343191,7.91111994,7.63343191,7.86117601,351393
2011-04-15,7.84919024,7.94108677,7.81722593,7.94108677,602175
2011-04-18,7.83320808,7.95906687,7.7552948,7.95906687,198222
2011-04-19,7.96705818,8.13087368,7.96705818,8.09091854,357400
2011-04-20,8.09091854,8.16084003,8.00901127,8.11089611,601674
2011-04-25,8.15884209,8.22676563,8.15085125,8.17082882,628204
2011-04-26,8.16683292,8.35462284,8.14485836,8.35462284,590161
2011-04-27,8.29069424,8.346632,8.23675537,8.31067181,189712
2011-04-28,8.31067181,8.45051479,8.29469013,8.33065033,308846
2011-04-29,8.35062695,8.44851685,8.13486862,8.42654228,1565755
2011-05-02,8.39418983,8.55208111,8.29425907,8.55208111,528365
2011-05-03,8.4741354,8.58405876,8.41417599,8.43416309,1036216
2011-05-04,8.45015144,8.45015144,8.30825043,8.35022068,370756
2011-05-05,8.33423233,8.69398308,8.33423233,8.62403107,418789
2011-05-06,8.63202572,8.81389999,8.60204601,8.81389999,436802
2011-05-09,8.80590534,9.39150047,8.59405231,9.39150047,2196
2011-05-10,9.39150047,9.39150047,9.39150047,9.39150047,0
2011-05-11,8.59405231,8.59405231,8.4581461,8.5121088,316218
2011-05-12,8.44415569,8.5021162,8.39818668,8.4861269,303710
2011-05-13,8.51410675,8.51410675,8.37820053,8.37820053,305711
2011-05-16,8.37820053,8.37820053,8.37820053,8.37820053,0
2011-05-17,8.37220478,8.46813869,8.27427292,8.46214294,368254
2011-05-18,8.46214294,8.4741354,8.31424618,8.35821533,464321
2011-05-19,8.39418983,8.4941206,8.25628567,8.35421753,338233
2011-05-20,8.23829842,8.35221863,8.23430061,8.26428032,424293
2011-05-23,8.22830486,8.34222603,8.15235806,8.27427292,525363
2011-05-24,8.34622288,8.34622288,8.14836025,8.25428677,396274
2011-05-25,8.1643486,8.31224728,8.1643486,8.19233036,614424
2011-05-26,8.29425907,8.29425907,8.13436985,8.19233036,399276
2011-05-27,8.19033146,8.32623672,8.19033146,8.23230171,392271
2011-05-30,8.19233036,8.23430061,8.12637615,8.19432926,83557
2011-05-31,8.18433475,8.23030376,8.09039974,8.21831226,710991
2011-06-01,8.10838795,8.20232296,8.06441784,8.06441784,263682
2011-06-02,8.10838795,8.17434216,7.95249605,8.17434216,556885
2011-06-03,8.06241989,8.32423878,7.89653492,8.31624413,739011
2011-06-06,8.31424618,8.34422493,8.18433475,8.25428677,378261
2011-06-07,8.23430061,8.33423233,8.19233036,8.32423878,700484
2011-06-08,8.19832611,8.59005547,8.19632721,8.29425907,647948
2011-06-09,8.35421753,8.46613979,8.35421753,8.39219189,423292
2011-06-10,8.55408001,8.55408001,8.26627922,8.26627922,195134
2011-06-13,8.26827717,8.29625797,8.1143837,8.18633366,670964
2011-06-14,8.22630596,8.35621643,8.20831871,8.35621643,701485
2011-06-15,8.29425907,8.36021423,8.22830486,8.31424618,963666
2011-06-16,8.37620258,8.41817379,8.07441235,8.07441235,1585596
2011-06-17,8.19432926,8.26428032,8.07041359,8.19432926,1850779
2011-06-20,8.19432926,8.35821533,8.1563549,8.29226112,601916
2011-06-21,8.35821533,8.4941206,8.29026222,8.46414185,547878
2011-06-22,8.40218544,8.54008865,8.37420368,8.37420368,369255
2011-06-24,8.46214294,8.47813225,8.34422493,8.39418983,384766
2011-06-27,8.44015789,8.54208755,8.42416859,8.42416859,321722
2011-06-28,8.33423233,8.56407261,8.33423233,8.56407261,594911
2011-06-29,8.5340929,8.65400982,8.4581461,8.65400982,1093256
2011-06-30,8.68798733,8.68798733,8.52210236,8.59405231,745015
2011-07-01,8.5340929,8.77192879,8.4981184,8.59405231,382264
2011-07-04,8.61403847,8.72596073,8.57006836,8.62602997,48533
2011-07-05,8.62203312,8.74394798,8.62203312,8.69398308,540874
2011-07-06,8.58805561,8.79391384,8.58805561,8.73395538,378761
2011-07-07,8.73795223,8.75394058,8.56207371,8.66400337,105072
2011-07-08,8.59804916,8.64401722,8.39818668,8.508111,305211
2011-07-11,8.508111,8.508111,8.24029732,8.37420368,291201
2011-07-12,8.19432926,8.36620998,8.18833256,8.19233036,296204
2011-07-13,8.30825043,8.30825043,8.1283741,8.21431541,559386
2011-07-14,8.29425907,8.29425907,8.1143837,8.19432926,365752
2011-07-15,8.31824303,8.31824303,8.04643059,8.09439754,608420
2011-07-18,7.99446678,8.19432926,7.89453602,8.19432926,721498
2011-07-19,8.15235806,8.23629856,8.09439754,8.19432926,747016
2011-07-20,8.21431541,8.32223988,8.11838055,8.1443634,235162
2011-07-21,8.11838055,8.17234421,8.01844978,8.12437725,705988
2011-07-22,8.15235806,8.17434216,8.10638905,8.13436985,178623
2011-07-25,8.12437725,8.12437725,7.9564929,7.97448111,3102
2011-07-26,7.99446678,7.99446678,7.7346468,7.74663782,2246053
2011-07-27,7.62472296,7.81459093,7.62072515,7.66469479,426294
2011-07-28,7.64470911,7.81059408,7.60673523,7.81059408,464321
2011-07-29,7.83457708,7.83457708,7.55477095,7.55477095,4067
2011-08-01,7.67468786,7.75463295,7.55477095,7.55477095,733507
2011-08-02,7.76462603,7.79260683,7.59474277,7.68867779,650950
2011-08-03,7.63271713,7.67668676,7.43685293,7.61472988,1766721
2011-08-04,7.54677677,7.69467402,7.35890722,7.43285608,567892
2011-08-05,7.53478479,7.74064302,7.29694986,7.55477095,544376
2011-08-08,7.45484018,7.54277897,7.29095411,7.38888597,947155
2011-08-09,7.3948822,7.69267607,7.36690092,7.45484018,2667344
2011-08-10,7.5487752,7.59474277,7.30894089,7.46483278,900622
2011-08-11,7.65470219,7.99446678,7.65470219,7.85456419,1980869
2011-08-12,7.89253712,8.06641674,7.71466017,7.97448111,1823761
2011-08-15,8.05442524,8.27826977,8.01045609,8.27826977,2266067
2011-08-16,8.27627182,8.35421753,8.04443169,8.35421753,1371448
2011-08-17,8.35421753,8.35421753,8.23829842,8.35421753,1146292
2011-08-18,8.29425907,8.31424618,7.99446678,8.31424618,1053228
2011-08-19,8.17634106,8.54208755,8.17434216,8.39418983,592910
2011-08-22,8.47213554,8.47813225,8.32024097,8.44215679,247671
2011-08-23,8.33822918,8.67399693,8.33423233,8.59205341,326225
2011-08-24,8.52010345,8.67399693,8.460145,8.67399693,336732
2011-08-25,8.56207371,8.68598843,8.5241003,8.63602257,384265
2011-08-26,8.58006191,8.69398308,8.39618874,8.47213554,295704
2011-08-29,8.52809811,8.67399693,8.49012375,8.67399693,1195827
2011-08-30,8.67599487,8.82589054,8.54208755,8.79591179,308213
2011-08-31,8.79391384,9.11769009,8.69398308,9.09370613,1220343
2011-09-01,9.08371258,9.32754421,8.96579456,9.11968803,758024
2011-09-02,8.93581486,9.04174232,8.90583611,8.99377537,608921
2011-09-05,8.98777866,8.98777866,8.79391384,8.79391384,548879
2011-09-06,8.77392673,8.85786915,8.71596813,8.79191494,1283387
2011-09-08,8.81389999,8.91383076,8.54208755,8.79391384,1858785
2011-09-09,8.70197678,8.79391384,8.60004807,8.79391384,1020705
2011-09-12,8.55607796,8.8518734,8.55607796,8.8518734,937648
2011-09-13,8.89384365,8.91183186,8.66600227,8.89384365,404779
2011-09-14,8.92182541,9.04973698,8.84187984,8.98378181,880609
2011-09-15,9.05373383,9.08371258,8.94381046,9.00376797,572395
2011-09-16,9.04573917,9.15366459,8.96379566,9.15366459,570394
2011-09-19,8.98178387,9.2436018,8.94381046,9.21362305,891116
2011-09-20,9.07371998,9.35352612,9.07371998,9.25359535,1177314
2011-09-21,9.19363689,9.46944618,9.19363689,9.2356081,2389652
2011-09-22,9.19363689,9.2356081,8.81589794,9.00376797,2802938
2011-09-23,8.93381691,9.2356081,8.84987545,9.05373383,3352318
2011-09-26,9.05373383,9.05373383,9.05373383,9.05373383,0
2011-09-27,9.11369228,9.19763374,8.87585735,8.93181801,3321797
2011-09-28,8.93181801,9.16365814,8.93181801,9.07371998,3164188
2011-09-29,9.07371998,9.17764759,8.98977757,9.09370613,2443189
2011-09-30,9.14367199,9.19163799,8.87385845,9.19163799,2483717
2011-10-03,8.95180416,9.08771038,8.8778553,8.98378181,985181
2011-10-04,8.8518734,9.07771683,8.82389259,8.89384365,1116772
2011-10-05,8.8918457,9.11369228,8.8918457,9.06572533,734007
2011-10-06,9.18964005,9.31355381,8.96379566,9.01376057,2221536
2011-10-07,9.12168694,9.19363689,9.03174877,9.04174232,845084
2011-10-10,9.11169434,9.16565609,9.03374767,9.13967419,843083
2011-10-11,9.12368488,9.17365074,9.05173492,9.17365074,652951
2011-10-13,9.2515974,9.2515974,9.09570503,9.18364429,629935
2011-10-14,9.18364429,9.2336092,9.01576042,9.13367844,1977867
2011-10-17,9.15166569,9.29556561,9.03374767,9.11369228,2142982
2011-10-18,9.19363689,9.38750267,9.16165924,9.38750267,1152797
2011-10-19,9.38550377,9.49342918,9.35352612,9.47344303,222653
2011-10-20,9.5633812,9.58336735,9.39349937,9.43347073,332730
2011-10-21,9.37351227,9.5653801,9.37351227,9.43347073,999191
2011-10-24,9.39349937,9.50542068,9.32754421,9.42347813,1093256
2011-10-25,9.42347813,9.42347813,9.42347813,9.42347813,0
2011-10-26,9.42347813,9.45345688,9.30955696,9.39549732,383765
2011-10-27,9.49143124,9.49143124,9.19763374,9.27358246,3143674
2011-10-28,9.27358246,9.45345688,9.16365814,9.25359535,741012
2011-10-31,9.25359535,9.33353996,9.17365074,9.26558685,1264874
2011-11-01,9.13367844,9.41548347,9.13367844,9.39549732,530867
2011-11-03,9.32554626,9.39349937,9.26358891,9.39349937,625432
2011-11-04,9.34353256,9.41948128,9.26159,9.37151432,1077245
2011-11-07,9.44946003,9.44946003,9.29356766,9.37151432,607420
2011-11-08,9.39150047,9.39150047,9.1956358,9.27358246,542875
2011-11-09,9.27358246,9.45345688,9.17365074,9.39349937,519859
2011-11-10,9.37151432,9.39349937,9.32154846,9.36152077,1081247
2011-11-11,9.40548992,9.47344303,9.36551762,9.46345043,810560
2011-11-14,9.36551762,9.46345043,9.34353256,9.40349197,703486
2011-11-16,9.34153461,9.63333321,9.34153461,9.5633812,1296396
2011-11-17,9.47943878,9.55938435,9.39349937,9.43347073,2092947
2011-11-18,9.39349937,9.41348457,9.30955696,9.41348457,205642
2011-11-21,9.29356766,9.42947388,9.27358246,9.39349937,641943
2011-11-22,9.39549732,9.44146538,9.29356766,9.39349937,732506
2011-11-23,9.38350582,9.59335995,9.36351871,9.59335995,964667
2011-11-24,9.49342918,9.59335995,9.41148567,9.59335995,959663
2011-11-25,9.59335995,9.59535885,9.47544193,9.50342274,1156800
2011-11-28,9.50342274,9.66531086,9.50342274,9.54339504,1682663
2011-11-29,9.60934925,9.79122257,9.60934925,9.66331196,1053728
2011-11-30,9.78322887,9.99108505,9.73326302,9.91313934,574897
2011-12-01,9.85317993,10.07902431,9.83719158,10.02306271,1136285
2011-12-02,9.99308395,10.24890709,9.89115429,9.99308395,770032
2011-12-05,9.99308395,10.09301472,9.92912769,9.95710945,999191
2011-12-06,9.93312454,10.17096138,9.93312454,10.17096138,1419982
2011-12-07,10.10900307,10.33284855,10.01506805,10.33284855,1035716
2011-12-08,10.17295933,10.38881016,10.11899662,10.33284855,1636131
2011-12-09,10.33284855,10.39280701,10.29287624,10.3748188,686474
2011-12-12,10.3748188,10.39480591,10.28887939,10.3528347,646447
2011-12-13,10.3528347,10.59266853,10.322855,10.49273777,667461
2011-12-14,10.49473667,10.56268883,10.47874832,10.49273777,773034
2011-12-15,10.54470158,10.79253006,10.46875381,10.65262699,617927
2011-12-16,10.79053211,10.79253006,10.58867073,10.61265469,492340
2011-12-19,10.64463329,10.88846397,10.64463329,10.71458435,644946
2011-12-20,10.74856091,10.81851196,10.67661095,10.79253006,396774
2011-12-21,10.79053211,10.79053211,10.59466743,10.70059395,435301
2011-12-22,10.70059395,10.71858215,10.58267593,10.65262699,701485
2011-12-23,10.69260025,10.79053211,10.59266853,10.79053211,711992
2011-12-26,10.79253006,10.83250332,10.63264084,10.7125864,573396
2011-12-27,10.7125864,10.83250332,10.63264084,10.81251717,528865
2011-12-28,10.81251717,10.81251717,10.69260025,10.78653526,618928
2011-12-29,10.76055336,10.91244698,10.7125864,10.91244698,1592601
2012-01-02,10.89046288,10.98040009,10.746562,10.87247467,119582
2012-01-03,10.89246082,10.94642353,10.65462589,10.74856091,2099952
2012-01-04,10.71658325,10.74856091,10.3168602,10.49873447,989684
2012-01-05,10.36282825,10.39080811,10.19494438,10.2908783,1077745
2012-01-06,10.28887939,10.43078136,10.20693588,10.26489639,451312
2012-01-09,10.26489639,10.36082935,10.18095398,10.24490929,352243
2012-01-10,10.28288269,10.3248539,10.12099457,10.19294453,977676
2012-01-11,10.19294453,10.26689434,10.14297962,10.19294453,893117
2012-01-12,10.19494438,10.28687954,10.19494438,10.23891354,1368946
2012-01-13,10.20893383,10.25290394,10.15896893,10.25290394,602916
2012-01-16,10.27688694,10.39280701,10.25490189,10.3748188,799552
2012-01-17,10.39280701,10.52271748,10.35883141,10.44277191,1674157
2012-01-18,10.44277191,10.55269623,10.41079521,10.55269623,1754213
2012-01-19,10.55269623,10.59266853,10.50273132,10.50273132,1336424
2012-01-20,10.59266853,10.59266853,10.3768177,10.53271008,865098
2012-01-23,10.53271008,10.53271008,10.32885075,10.39080811,1178314
2012-01-24,10.27289009,10.52871323,10.27289009,10.52871323,291201
2012-01-26,10.49473667,10.49473667,10.31086445,10.49273777,751019
2012-01-27,10.49273777,10.51072502,10.25889969,10.3428421,834577
2012-01-30,10.19294453,10.3508358,10.15697002,10.3508358,396274
2012-01-31,10.3508358,10.39280701,10.18894768,10.39280701,1077245
2012-02-01,10.30686665,10.53271008,10.29287624,10.53271008,566391
2012-02-02,10.59266853,10.59266853,10.40879631,10.55269623,1713184
2012-02-03,10.51072502,10.7125864,10.47474957,10.7125864,709490
2012-02-06,10.61065578,10.61065578,10.41479206,10.53870583,815564
2012-02-07,10.53870583,10.53870583,10.39880276,10.43277931,487337
2012-02-08,10.47474957,10.47474957,10.25290394,10.38681126,1007196
2012-02-09,10.38281441,10.47075272,10.25290394,10.47075272,1191824
2012-02-10,10.43677711,10.47275162,10.2908783,10.42278576,956161
2012-02-13,10.42278576,10.69260025,10.42278576,10.60266209,596912
2012-02-14,10.69260025,10.69260025,10.52271748,10.62264824,2457699
2012-02-15,10.69260025,10.69260025,10.56868458,10.65262699,1571586
2012-02-16,10.65262699,10.87047577,10.46475697,10.87047577,2252557
2012-02-17,10.87047577,11.18825722,10.54270267,11.14228821,2324607
2012-02-23,10.84649277,11.1023159,10.84649277,11.01237774,2931027
2012-02-24,11.01237774,11.42409325,10.96640968,11.29418278,1075743
2012-02-27,11.29218483,11.47805595,11.13429356,11.39211464,544876
2012-02-28,11.35214329,11.59197712,11.35214329,11.4740591,259679
2012-02-29,11.58997917,11.61596107,11.3961134,11.61596107,1406472
2012-03-01,11.54800797,11.58198357,11.33615398,11.45207405,1664651
2012-03-02,11.40210915,11.64593983,11.39811134,11.64593983,475328
2012-03-05,11.59197712,11.59197712,11.4580698,11.54201221,685974
2012-03-06,11.68990898,11.68990898,11.46206665,11.53201866,1334923
2012-03-07,11.54001331,11.87977791,11.51203156,11.84180355,615425
2012-03-08,11.89177036,12.05165863,11.89177036,12.01368523,778538
2012-03-09,12.02967358,12.44938374,11.96372032,12.39142418,1166806
2012-03-12,12.30148602,12.54331875,12.20155525,12.49135494,1003694
2012-03-13,12.537323,12.69721222,12.39342213,12.69721222,588907
2012-03-14,12.59128571,12.73318672,12.45338058,12.63125801,2140480
2012-03-15,12.65324306,12.68721867,12.35145187,12.50934219,917134
2012-03-16,12.28149986,12.48136234,12.28149986,12.35544872,733006
2012-03-19,12.35544872,12.35544872,12.35544872,12.35544872,0
2012-03-20,12.59128571,12.63125801,12.47536564,12.63125801,610922
2012-03-21,12.64125061,12.78115368,12.63525486,12.67123032,239665
2012-03-22,12.63125801,12.92705345,12.58129215,12.79114723,1864789
2012-03-23,12.81113338,12.86309719,12.68122292,12.79114723,1464512
2012-03-26,12.84710884,13.37074566,12.81513119,13.37074566,776537
2012-03-27,13.38073921,13.39073181,13.01898956,13.12891293,1499537
2012-03-28,13.12691498,13.15089798,12.51334,12.59128571,799052
2012-03-29,12.59128571,12.67123032,12.41141033,12.65124416,463820
2012-03-30,12.70120907,12.73118877,12.44138908,12.58528996,1303901
2012-04-02,12.59128571,12.84111309,12.561306,12.84111309,985181
2012-04-03,12.79514408,12.9310503,12.71120262,12.73518562,747516
2012-04-04,12.67522717,12.69121647,12.40741253,12.59128571,481332
2012-04-05,12.53332615,12.65524101,12.36744022,12.51334,843083
2012-04-09,12.31347847,12.50134754,12.30748177,12.50134754,462319
2012-04-10,12.50134754,12.64125061,12.45138168,12.64125061,1001692
2012-04-11,12.64125061,12.92905235,12.61127186,12.92305565,1208836
2012-04-12,12.98900986,12.99100876,12.86909294,12.99100876,821568
2012-04-13,12.95903111,13.15089798,12.90307045,13.04097366,686975
2012-04-16,13.04497242,13.25482559,12.82112598,13.03897572,915132
2012-04-17,13.04097366,13.22484684,13.02098846,13.19087124,956161
2012-04-18,13.19087124,13.62456989,13.19087124,13.62456989,324224
2012-04-19,13.66454315,13.71051121,13.42470932,13.58859539,673966
2012-04-20,13.6405592,13.84042072,13.59059429,13.78645802,694480
2012-04-23,13.78446007,13.78446007,13.30878925,13.59059429,1167807
2012-04-24,13.59059429,13.77046871,13.41071796,13.51064873,227657
2012-04-25,13.55062199,13.69652081,13.55062199,13.62656879,900622
2012-04-26,13.59059429,13.59858799,13.49665928,13.59858799,380262
2012-04-27,13.59858799,13.68053246,13.52464008,13.6185751,609421
2012-04-30,13.59861183,13.59861183,13.16665554,13.4806242,5175027
2012-05-02,13.25264835,13.41263103,13.25264835,13.3366394,2864792
2012-05-03,13.4786253,13.52661991,13.36863613,13.43462944,457046
2012-05-04,13.35263824,13.46262646,12.99867439,12.99867439,747076
2012-05-07,12.97867584,13.37463474,12.97267628,13.30664158,1935697
2012-05-08,13.28864384,13.398633,13.14465904,13.31664085,696070
2012-05-09,13.28664398,13.28664398,12.79869366,13.10666275,675068
2012-05-10,13.15465832,13.19865322,12.93667984,12.99067402,365537
2012-05-11,12.85668755,12.96667671,12.79869366,12.9386797,811582
2012-05-14,12.87868595,13.07066631,12.64470959,12.83668995,1054107
2012-05-15,12.89468384,12.96667671,12.63471127,12.82469082,2741279
2012-05-16,12.82469082,12.95667839,12.61471272,12.82669067,1203122
2012-05-17,12.70870304,12.79869366,12.57071686,12.79869366,522053
2012-05-18,12.79869366,12.80069447,12.61671257,12.74669933,927594
2012-05-21,12.62071228,12.75869846,12.51272297,12.70670319,560057
2012-05-22,12.61871243,12.77869606,12.43273067,12.77869606,1249627
2012-05-23,12.66270828,12.68870544,12.17875671,12.42273235,984600
2012-05-24,12.42073345,12.53272057,12.26674843,12.31874275,1141616
2012-05-25,12.39673519,12.45472908,12.21675301,12.28874588,955597
2012-05-28,12.2967453,12.45672894,12.2967453,12.37873745,424543
2012-05-29,12.37873745,12.49672508,12.28474617,12.30074501,824084
2012-05-30,12.36873817,12.41873264,12.26474762,12.39873505,676068
2012-05-31,12.31874275,12.51672268,12.11876297,12.51672268,2028206
2012-06-01,12.25874901,12.59871387,11.85678959,11.95277977,1065108
2012-06-04,11.85478973,11.98077679,11.74080181,11.87478828,823583
2012-06-05,11.91678429,11.91678429,11.72280407,11.75879955,607061
2012-06-06,11.78879738,12.17875671,11.75479984,12.17875671,1728176
2012-06-08,12.00077534,12.17475796,11.82279396,12.09676647,3040310
2012-06-11,12.30074501,12.30074501,11.82079411,11.88878727,1999703
2012-06-12,11.90678501,12.13876057,11.90678501,12.04077053,1091611
2012-06-13,12.03877163,12.15476036,11.83679199,11.97877789,1964200
2012-06-14,11.97877789,12.19075584,11.96877861,12.01677418,4535962
2012-06-15,11.99877644,12.1507597,11.57881832,12.07076836,30164076
2012-06-18,11.99877644,12.48872566,11.99077606,12.41073418,3022808
2012-06-19,12.4447298,12.79869366,12.4447298,12.77469635,1280630
2012-06-20,12.76669693,12.79869366,12.39273453,12.79869366,970098
2012-06-21,12.76269817,12.76269817,12.53272057,12.57871628,791580
2012-06-22,12.59271526,12.59271526,12.16675758,12.36873817,1399142
2012-06-25,12.16875839,12.46872807,12.15875912,12.39873505,983600
2012-06-26,12.38873577,12.49072456,12.27074814,12.43273067,1268629
2012-06-27,12.39873505,12.53072071,12.23875141,12.23875141,869088
2012-06-28,12.31874275,12.4007349,12.2147541,12.34873962,686069
2012-06-29,12.42073345,12.65870762,12.38273621,12.6307106,1406643
2012-07-02,12.57671738,12.57671738,12.26474762,12.3387413,451046
2012-07-03,12.45472908,12.59871387,12.28274727,12.55871773,717073
2012-07-04,12.54872036,12.74669933,12.47472668,12.71470261,587559
2012-07-05,12.7526989,12.75869846,12.47872734,12.59871387,543055
2012-07-06,12.5887146,12.64070988,12.33074188,12.44873047,478548
2012-07-10,12.44873047,12.48872566,12.19875526,12.22875214,933595
2012-07-11,12.30274487,12.33674145,12.13876057,12.26874828,598060
2012-07-12,12.11876297,12.24075127,12.11876297,12.1307621,706572
2012-07-13,12.18275738,12.21675301,12.07076836,12.17675686,334034
2012-07-16,12.14076138,12.15875912,12.05876923,12.11876297,344035
2012-07-17,12.19875526,12.19875526,12.02877331,12.10876369,524553
2012-07-18,12.03277206,12.20875359,11.97077847,12.19875526,1426145
2012-07-19,12.11076355,12.39073563,12.11076355,12.21675301,688070
2012-07-20,12.14676094,12.21875286,12.07676792,12.14676094,444045
2012-07-23,12.00877476,12.19875526,11.93878174,12.19875526,905092
2012-07-24,12.26874828,12.26874828,12.00877476,12.04477119,739075
2012-07-25,12.0487709,12.09076595,11.86478901,12.05876923,732074
2012-07-26,12.16875839,12.45272923,12.04277134,12.42873192,1352637
2012-07-27,12.42873192,12.87868595,12.42873192,12.85668755,825584
2012-07-30,12.83069134,12.97867584,12.45272923,12.97867584,1291631
2012-07-31,12.97867584,12.97867584,12.65670872,12.85868835,773578
2012-08-01,12.79469395,12.99867439,12.68670464,12.85468769,1093611
2012-08-02,12.70670319,12.85468769,12.4827261,12.57071686,838085
2012-08-03,12.69870377,12.81269264,12.51072311,12.66470814,533054
2012-08-06,12.66470814,12.93467999,12.62271214,12.85868835,821083
2012-08-07,12.89668369,12.94067955,12.70470428,12.70470428,516552
2012-08-08,12.69270515,12.72270203,12.51672268,12.69870377,768078
2012-08-09,12.55871773,12.65470886,12.50872421,12.65470886,542055
2012-08-10,12.49072456,12.56471825,12.39873505,12.51072311,660567
2012-08-13,12.44672966,12.57271671,12.34873962,12.53672123,857087
2012-08-14,12.51872253,12.73670006,12.45472908,12.6307106,1701673
2012-08-15,12.5867157,12.5867157,12.39873505,12.57471657,722573
2012-08-16,12.63871002,12.63871002,12.42273235,12.59671497,733074
2012-08-17,12.59671497,12.59671497,12.3587389,12.3807373,756577
2012-08-20,12.34274101,12.52872181,12.34274101,12.39273453,518052
2012-08-21,12.4007349,12.45472908,12.08076668,12.08076668,1272129
2012-08-22,12.11076355,12.33674145,11.98877716,12.33674145,1077609
2012-08-23,12.20875359,12.4007349,12.10076523,12.4007349,1343136
2012-08-24,12.28674603,12.48072624,12.22875214,12.45872879,585059
2012-08-27,12.38273621,12.46272755,12.27474689,12.41873264,776579
2012-08-28,12.39873505,12.45672894,12.31274414,12.31874275,490049
2012-08-29,12.29874516,12.35074043,12.13676167,12.35074043,665067
2012-08-30,12.25475025,12.32874203,12.16275883,12.2787466,1914695
2012-08-31,12.35274029,12.7526989,12.30674362,12.7526989,5024512
2012-09-03,12.69670391,12.73470116,12.53872108,12.73470116,2125216
2012-09-04,12.6307106,12.77869606,12.39073563,12.59271526,1061108
2012-09-05,12.61271286,12.61271286,12.30074501,12.59471512,1848688
2012-09-06,12.52072239,12.82269192,12.4827261,12.78669453,1582161
2012-09-10,12.78669453,12.78669453,12.78669453,12.78669453,0
2012-09-11,12.66670704,12.67670631,12.43873119,12.62671185,1227125
2012-09-12,12.64470959,12.73070145,12.40473366,12.49872494,2807786
2012-09-13,12.49872494,12.79069519,12.41673279,12.79069519,1227125
2012-09-14,12.66870689,12.93068123,12.55071926,12.72870064,1492652
2012-09-17,12.69870377,12.82269192,12.66270828,12.72870064,1055107
2012-09-18,12.69870377,12.75869846,12.51872253,12.51872253,1280130
2012-09-19,12.4447298,12.61671257,12.44272995,12.46472836,1439646
2012-09-20,12.45872879,12.61871243,12.40673447,12.61871243,540555
2012-09-21,12.58471584,12.84269047,12.57671738,12.70070362,902092
2012-09-24,12.77069664,12.85868835,12.64070988,12.85868835,1100112
2012-09-25,12.8766861,12.99867439,12.71670246,12.79069519,702571
2012-09-26,12.69870377,12.86868668,12.60071373,12.76869678,629064
2012-09-27,12.7327013,12.79269505,12.65470886,12.77869606,1166618
2012-09-28,12.79269505,12.9386797,12.64070988,12.75069904,1593662
2012-10-01,12.90068436,12.9826746,12.84269047,12.98067474,1544657
2012-10-02,12.93268013,13.29664326,12.90668297,13.28664398,2265231
2012-10-03,13.33063984,13.33063984,13.13265991,13.19665337,490049
2012-10-04,13.19265366,13.35863686,13.18265533,13.356637,791580
2012-10-05,13.26064682,13.47662544,13.26064682,13.45062828,1409643
2012-10-08,13.38263416,13.80059242,13.35863686,13.80059242,881589
2012-10-09,13.74259758,13.84458733,13.32264137,13.37463474,1283630
2012-10-10,13.37263489,16.4523201,13.29664326,13.43862915,522553
2012-10-11,13.4366293,13.49862289,13.3766346,13.48262405,518552
2012-10-15,13.48262405,13.79659176,13.33063984,13.79059315,628564
2012-10-16,13.74659729,13.83658791,13.59861183,13.79659176,1242126
2012-10-17,13.75659561,13.86858463,13.67060471,13.86858463,701071
2012-10-18,13.79859161,14.0645647,13.69860172,14.0645647,785080
2012-10-19,14.0645647,14.08856201,13.68660259,13.81459045,1113613
2012-10-22,13.75859642,13.84858704,13.70260239,13.78659344,782079
2012-10-23,13.68660259,13.79859161,13.63660908,13.67860413,876589
2012-10-24,13.91858006,13.95057678,13.51862144,13.59461308,730574
2012-10-25,13.73459911,13.78459263,13.41263103,13.64060783,709072
2012-10-26,13.51862144,13.70060158,13.45462704,13.70060158,1533156
2012-10-29,13.67260456,13.87258434,13.67260456,13.87258434,560057
2012-10-30,13.84858704,13.9585762,13.74259758,13.75859642,726074
2012-10-31,13.89858246,14.06256485,13.61861038,13.65860558,1564159
2012-11-01,13.67060471,13.79659176,13.57861423,13.79659176,1077609
2012-11-05,13.70460224,13.86858463,13.59861183,13.84858704,1006602
2012-11-06,13.81059074,13.83658791,13.58661366,13.83658791,611062
2012-11-07,13.81459045,13.84858704,13.53861904,13.81459045,1364639
2012-11-08,13.76459503,13.8125906,13.55861664,13.708601,11298152
2012-11-09,13.73259926,13.73459911,13.41063213,13.43262863,5964608
2012-11-12,13.44862843,13.54461765,13.44262791,13.48262405,722573
2012-11-13,13.4806242,13.73859787,13.40463161,13.61861038,4596968
2012-11-14,13.62460995,13.71260071,13.48662376,13.63660908,1956699
2012-11-16,13.99857235,14.7484951,13.99857235,14.538517,10786600
2012-11-19,14.51251888,14.89647961,14.41252899,14.78049183,3175323
2012-11-21,14.83648586,14.99847031,14.67850208,14.99847031,3268833
2012-11-22,15.05446434,15.05446434,14.70849895,14.97247219,2406245
2012-11-23,14.90847874,15.11845684,14.74049568,15.11845684,3283334
2012-11-26,15.13845539,15.13845539,14.85048485,15.08845997,2514756
2012-11-27,15.05846405,15.09245968,14.9564743,15.04446507,3297336
2012-11-28,14.96447277,15.02846718,14.84848499,14.99246979,2443749
2012-11-29,15.05846405,15.05846405,14.57451344,14.79648972,5644075
2012-11-30,14.95847416,15.55841255,14.86648273,15.53841496,68210456
2012-12-03,15.50841808,15.87637997,15.37643147,15.86838055,4460454
2012-12-04,15.87637997,15.87837982,15.45042419,15.51841736,2181222
2012-12-05,15.58840942,15.6604023,15.38842964,15.59840775,1576660
2012-12-06,15.52041626,15.65240288,15.40842819,15.59440899,1649168
2012-12-07,15.59840775,15.61640739,15.29843903,15.31843662,1739677
2012-12-10,17.09825516,17.54821014,16.72429466,17.04826164,12930318
2012-12-11,17.09825516,17.39822578,16.97826767,17.31623268,3538360
2012-12-12,17.30023575,17.35822868,17.16224861,17.35822868,4651974
2012-12-13,17.35422897,17.49421501,17.22824287,17.41822243,3843892
2012-12-14,17.49821472,17.49821472,17.00226593,17.21824265,2422247
2012-12-17,17.22824287,17.31023407,17.12425232,17.19624519,2181222
2012-12-18,17.35822868,17.38622665,17.19024658,17.31823349,1773680
2012-12-19,17.2802372,17.49821472,17.21024323,17.43822098,1455648
2012-12-20,17.35223007,17.37622643,16.92027473,16.92627335,1243126
2012-12-21,16.92627335,17.20224571,16.80828476,16.99426651,1390141
2012-12-26,17.00226593,17.09025574,16.75429153,16.76828957,1076609
2012-12-27,16.72229385,16.87027931,16.67029953,16.77828789,1307633
2012-12-28,16.85828018,16.91627312,16.73829269,16.73829269,2807786
2013-01-02,16.98026657,17.05026054,16.76828957,16.80628586,1126114
2013-01-03,16.94227028,17.114254,16.82028389,17.10425568,1032105
2013-01-04,17.10425568,17.10425568,16.79828644,16.8222847,1488651
2013-01-07,16.80228615,17.01826477,16.79828644,17.01626396,1223124
2013-01-08,16.82028389,17.03626251,16.79828644,16.99626541,1103112
2013-01-09,16.99826622,17.25823975,16.90027618,17.25823975,3035309
2013-01-10,17.18824577,17.22224236,16.95826912,17.22224236,1208623
2013-01-11,17.15024948,17.22024345,16.98026657,17.01826477,1929196
2013-01-14,17.09825516,17.10425568,16.93227196,17.09825516,1452648
2013-01-15,17.09825516,17.25823975,16.91627312,17.15225029,1203622
2013-01-16,17.03026199,17.70219421,17.02826309,17.57620621,1843187
2013-01-17,17.61620331,17.90817261,17.58820534,17.74818993,1713174
2013-01-18,17.79818344,17.95016861,17.74419022,17.93816948,736075
2013-01-21,17.87417603,17.93816948,17.6961937,17.89817429,374538
2013-01-22,17.85417747,18.0281601,17.71219254,17.89817429,3115817
2013-01-23,17.93217087,17.99816322,17.84218025,17.99816322,602561
2013-01-24,17.99416351,18.29813385,17.93617058,18.22414017,1494152
2013-01-28,18.28613472,18.28613472,17.60420418,17.6981945,3074313
2013-01-29,17.79818344,18.03416061,17.63220024,17.91217232,2180722
2013-01-30,17.90817261,18.19814301,17.71419334,18.09815216,1721175
2013-01-31,18.10615349,18.19814301,17.80018425,18.00416374,3407347
2013-02-01,18.00016212,18.20014381,17.80418205,17.90817261,904592
2013-02-04,17.95616722,18.1961422,17.88817406,18.13414955,1155617
2013-02-05,18.13833046,18.13833046,17.79036331,18.02434158,1017593
2013-02-06,18.02834129,18.07633591,17.80636024,18.01434135,762070
2013-02-07,18.09633446,18.09633446,17.63437653,17.77836418,1427631
2013-02-08,17.7883625,18.1983242,17.54638481,18.15832901,2021685
2013-02-13,18.15832901,18.1983242,17.96234703,18.02834129,1086599
2013-02-14,17.99634361,18.04833984,17.9083519,17.99834442,1921176
2013-02-15,17.97834587,18.00834274,17.81835938,17.87235451,1163607
2013-02-18,17.81436157,17.95634842,17.74036789,17.90435219,418538
2013-02-19,17.89035416,18.11833382,17.81636047,17.97834587,787572
2013-02-20,18.07633591,18.1543293,17.92035103,18.09833336,1102101
2013-02-21,18.01834106,18.06833649,17.50838852,17.73636818,1793665
2013-02-22,17.86235619,17.99634361,17.53238678,17.99634361,1695655
2013-02-25,17.99034309,17.99034309,17.24441338,17.37240028,2404721
2013-02-26,17.39439964,17.63037872,16.97843742,17.53838539,2297711
2013-02-27,17.61637878,17.71836853,16.95643997,16.95643997,2086691
2013-02-28,17.00243568,17.4583931,16.86644745,17.4563942,2546734
2013-03-01,17.48639107,17.50638962,17.14842224,17.4983902,1001092
2013-03-04,17.4183979,17.46439362,17.28640938,17.36040115,751069
2013-03-05,17.31840515,17.59038162,17.29840851,17.33040428,623057
2013-03-06,17.4983902,17.85235786,17.47839165,17.79836273,720066
2013-03-07,17.77836418,17.99834442,17.47639275,17.52838707,1736159
2013-03-08,17.46239281,17.72636986,17.34440422,17.59837914,1078099
2013-03-11,17.59837914,17.76036644,17.5003891,17.50838852,602555
2013-03-12,17.49638939,17.60437965,17.20841599,17.26841164,675562
2013-03-13,17.3784008,17.39039993,17.09842682,17.10442543,679062
2013-03-14,17.05643082,17.27240944,17.03643227,17.23841476,1849670
2013-03-15,17.19841766,17.32440567,16.83844948,16.83844948,1970181
2013-03-18,16.98643684,17.07242966,16.71646118,17.06642914,568552
2013-03-19,16.98643684,17.07242966,16.71646118,16.77445602,1281117
2013-03-20,16.76245689,16.96843719,16.76045799,16.89844513,794573
2013-03-21,16.86844826,16.97443771,16.79845428,16.80045319,681562
2013-03-22,16.89444542,16.90044594,16.63646889,16.69846344,1745160
2013-03-25,16.99843597,16.99843597,16.30050087,16.30249977,1780663
2013-03-26,16.37249374,16.53647804,16.30449867,16.35049438,5147473
2013-03-27,16.39849091,16.46848488,16.26050377,16.38249207,1612648
2013-03-28,16.38249207,16.38249207,16.38249207,16.38249207,0
2013-04-01,16.57447433,16.67246628,16.50448036,16.52847862,634058
2013-04-02,16.57447433,16.67246628,16.32849693,16.40649033,1606147
2013-04-03,16.39849091,16.44248772,15.95853138,15.96053123,2734251
2013-04-04,16.02052689,16.13851547,15.95253181,16.06052208,1443632
2013-04-05,15.93653297,16.12251663,15.8225441,16.07652092,1035095
2013-04-08,16.05652237,16.10651779,15.91053581,16.01052666,1250615
2013-04-09,15.91653538,16.10651779,15.91653538,16.0685215,855578
2013-04-10,16.08851814,16.35849571,16.04852295,16.12651634,2192201
2013-04-11,16.14651489,16.14851379,15.75255013,15.83654308,977589
2013-04-12,15.79854584,16.16051292,15.50857258,15.65855885,2695747
2013-04-15,15.65255928,15.65255928,15.21660042,15.21660042,1255615
2013-04-16,15.52657127,15.76654911,15.29659176,15.54656887,1561643
2013-04-17,15.45057774,15.62656212,15.36858559,15.54057026,2024686
2013-04-18,15.58456612,15.72855186,15.56856728,15.6185627,929085
2013-04-19,15.62656212,15.80654526,15.59656525,15.76854897,1303119
2013-04-22,15.77654839,15.80654526,15.60456371,15.70855427,1775663
2013-04-23,15.74855137,16.05652237,15.65455914,16.03052521,554050
2013-04-24,16.05052376,16.06052208,15.62456226,15.62456226,675062
2013-04-25,15.61056328,15.87053871,15.49857426,15.5385704,1066598
2013-04-26,15.5385704,15.5385704,15.5385704,15.5385704,0
2013-04-29,15.43257999,15.474576,15.12460804,15.37858486,1494137
2013-04-30,15.18060303,16.42848778,15.09860992,16.35849571,2098193
2013-05-02,16.36049461,16.45648575,15.95853138,15.99052811,2154198
2013-05-03,16.14251328,16.5184803,16.05252266,16.35849571,830076
2013-05-06,16.40649033,16.50448036,16.25450325,16.32049751,810074
2013-05-07,16.39249039,16.49848175,16.35849571,16.35849571,359533
2013-05-08,16.45848465,16.46248436,16.26250267,16.30849838,872580
2013-05-09,16.29850006,16.8064537,16.29649925,16.8064537,1076098
2013-05-10,16.69046402,16.96443939,16.61047173,16.84645081,842077
2013-05-13,16.86044884,17.39839935,16.85844994,16.94444084,2418722
2013-05-14,17.02243233,17.27640915,16.90044594,17.21841431,1058097
2013-05-15,17.20241737,17.36040115,16.99843597,17.29840851,1139104
2013-05-16,17.2964077,17.36840248,17.08842659,17.12242317,1312120
2013-05-17,17.2144165,17.30440712,16.98843765,17.30440712,897082
2013-05-20,17.2144165,17.35240364,16.98843765,17.17841911,497545
2013-05-21,17.27041054,17.29840851,16.89844513,17.09642792,753069
2013-05-22,17.03643227,17.06842995,16.65646744,16.95643997,1169107
2013-05-23,16.80245399,16.95043945,16.61047173,16.86444855,1543642
2013-05-24,16.89644432,16.97643852,16.67646408,16.76845741,713065
2013-05-27,16.7664566,16.83045006,16.69846344,16.75245857,497545
2013-05-28,16.79845428,17.11242485,16.76845741,16.97843742,895082
2013-05-29,16.93844032,17.0084343,16.58447456,16.62446976,1005592
2013-05-31,16.59447289,16.65246773,15.95253181,16.40848923,3763346
2013-06-03,16.50648117,16.5184803,16.0285244,16.03452492,1173107
2013-06-04,16.08651924,16.08651924,15.72455311,15.90853596,2415722
2013-06-05,15.91853523,15.91853523,15.59256458,15.71055412,813074
2013-06-06,15.71055412,15.92853355,15.60856438,15.80254555,1011093
2013-06-07,15.83854198,15.98252869,15.59856415,15.59856415,741068
2013-06-10,15.59856415,15.91053581,15.51457214,15.61456299,700064
2013-06-11,15.49857426,15.49857426,15.19860077,15.22859764,1250615
2013-06-12,15.44457912,15.46257687,15.22059917,15.24059677,933585
2013-06-13,15.19860077,15.3545866,15.13660717,15.13660717,1087600
2013-06-14,15.23859787,15.74255085,15.23859787,15.33858776,1171107
2013-06-17,15.43857861,15.94653225,15.43857861,15.60856438,1362125
2013-06-18,15.55656815,15.70055485,15.32458973,15.52857113,578053
2013-06-19,15.52857113,15.62856197,15.11860943,15.43857861,1175108
2013-06-20,15.20860004,15.34858704,15.01061916,15.24859715,1000092
2013-06-21,15.15060616,15.69655514,15.15060616,15.56056786,2730751
2013-06-24,15.334589,15.55456829,15.13460732,15.20060062,1176108
2013-06-25,15.3125906,15.50457287,14.92862606,15.23659801,1186609
2013-06-26,15.45257759,15.79654598,15.32258987,15.63856125,1242614
2013-06-27,15.59056473,16.13651466,15.59056473,15.85854053,651559
2013-06-28,16.02252579,16.5984726,15.63856125,16.57447433,1850670
2013-07-01,16.02252579,16.76245689,15.63856125,16.55247688,724066
2013-07-02,16.47448349,16.65846634,16.1905098,16.23850632,1196610
2013-07-03,16.21850777,16.4364872,16.01852608,16.0685215,795573
2013-07-04,16.20850754,16.33849525,16.0285244,16.03852463,297527
2013-07-05,15.96053123,16.29450035,15.96053123,16.29450035,764570
2013-07-08,16.32849693,16.55847549,16.20650864,16.22050667,1099101
2013-07-10,16.24050522,16.66846657,16.24050522,16.35849571,911583
2013-07-11,16.41249084,16.5984726,16.33449745,16.38449287,607055
2013-07-12,16.38449287,16.49248123,16.28450012,16.39249039,580053
2013-07-15,16.38449287,16.6384697,16.38449287,16.6004715,707065
2013-07-16,16.65646744,16.65646744,16.22050667,16.36049461,720566
2013-07-17,16.49448204,16.49448204,16.18651009,16.22250748,1018093
2013-07-18,16.19850922,16.29649925,15.93853283,16.03852463,1286118
2013-07-19,16.0265255,16.07252121,15.8845377,16.01452637,801073
2013-07-22,16.04652214,16.33849525,16.01452637,16.23850632,991091
2013-07-23,16.32249832,16.4764843,16.22250748,16.3564949,582553
2013-07-24,16.36449432,16.46048546,16.10051727,16.19850922,811574
2013-07-25,16.17851067,16.28250122,16.12051582,16.20650864,701564
2013-07-26,16.20650864,16.20650864,16.20650864,16.20650864,0
2013-07-29,16.33649635,16.40249062,16.10451889,16.22450638,604555
2013-07-30,16.30050087,16.41249084,16.09451866,16.41249084,1060097
2013-07-31,16.48648262,17.22441483,16.47048378,17.19641685,2576236
2013-08-01,17.1764183,17.69837189,17.1764183,17.57838249,5586513
2013-08-02,17.43639565,17.69437218,17.29840851,17.40039825,1220612
2013-08-05,17.39639854,17.39639854,17.09842682,17.27840996,955087
2013-08-06,17.20041656,17.32840538,16.99843597,17.11842537,2664245
2013-08-07,17.06043053,17.14042282,16.98043633,17.03043365,759069
2013-08-08,17.14042282,17.20241737,16.94643974,17.19841766,1770162
2013-08-09,17.19841766,17.22241592,16.96243858,17.03443146,870080
2013-08-12,16.99643517,17.15242195,16.77245522,16.93044281,1251615
2013-08-13,16.92644119,17.30440712,16.84045029,17.23641396,666561
2013-08-14,17.20641708,17.34440422,17.1304245,17.13842392,909083
2013-08-15,16.97643852,17.43239594,16.88044548,17.32840538,1239113
2013-08-16,17.2124157,17.50838852,17.20441628,17.43839455,847577
2013-08-19,17.40639877,17.58038139,17.2524128,17.36840248,858578
2013-08-20,17.22841454,17.22841454,16.57847404,16.5984726,1543141
2013-08-21,16.5984726,16.79845428,16.3164978,16.46848488,1014093
2013-08-22,16.49848175,16.75445747,16.42248917,16.5984726,723066
2013-08-23,16.5984726,16.71646118,16.26650238,16.45248604,591054
2013-08-26,16.46648407,16.46848488,16.16051292,16.23450661,1182108
2013-08-27,16.19650841,16.19850922,15.96253109,16.19850922,3084783
2013-08-28,16.14651489,16.29250145,15.9685297,16.0685215,540049
2013-08-29,16.02052689,16.69646263,16.02052689,16.54847717,1225112
2013-08-30,16.02052689,16.73446083,16.02052689,16.69846344,6568104
2013-09-02,16.86044884,16.88244629,16.3964901,16.69846344,1054096
2013-09-03,16.7664566,16.85044861,16.21850777,16.23850632,1248114
2013-09-04,16.22050667,16.26650238,16.01452637,16.23850632,577053
2013-09-05,16.18851089,16.39849091,16.03452492,16.39849091,1031594
2013-09-06,16.40049171,16.53847885,16.17851067,16.32649612,1587146
2013-09-09,16.32649612,16.54647636,16.19850922,16.54647636,1367625
2013-09-10,16.54647636,16.87044716,16.4764843,16.84844971,1846169
2013-09-11,16.84445,17.01643372,16.5984726,17.01643372,2367217
2013-09-12,17.00243568,17.02443314,16.77245522,16.88844681,2770254
2013-09-13,16.90444374,16.99843597,16.82245255,16.89644432,1651651
2013-09-16,16.91644287,16.96443939,16.74845886,16.96443939,1081599
2013-09-17,16.87044716,17.04443169,16.87044716,16.99443626,1047596
2013-09-18,16.98043633,17.1744194,16.74645805,17.0904274,1116102
2013-09-19,17.0484314,17.42239761,17.03843117,17.42239761,949087
2013-09-20,17.35640335,17.59038162,17.14042282,17.34040451,1480136
2013-09-23,17.35640335,17.59038162,17.14042282,17.31240654,974589
2013-09-24,17.35640335,17.59038162,17.08242798,17.24241257,888081
2013-09-25,17.2544117,17.2944088,17.11042595,17.21841431,2057189
2013-09-26,17.37040138,17.57838249,17.36240196,17.55038452,1623149
2013-09-27,17.49638939,17.5823822,17.39839935,17.50838852,819075
2013-09-30,17.49638939,17.5823822,16.93444252,16.93444252,2232705
2013-10-01,17.12042427,17.12642479,16.73246002,17.06242943,775071
2013-10-02,17.06642914,17.08842659,16.85044861,16.96243858,813074
2013-10-03,17.00243568,17.01843452,16.70246315,16.92244339,766070
2013-10-04,16.94244194,17.13642311,16.79245567,17.09642792,407037
2013-10-07,17.09642792,17.09642792,16.85644913,16.95843887,747068
2013-10-08,16.97643852,16.97843742,16.5984726,16.71846008,705064
2013-10-09,16.72846031,16.80245399,16.60247231,16.69046402,1122603
2013-10-10,16.80045319,16.89044571,16.6384697,16.86844826,627057
2013-10-11,16.87644768,16.93844032,16.71246147,16.93844032,409537
2013-10-14,16.84844971,17.1764183,16.79445457,17.05643082,944586
2013-10-15,17.07842827,17.27840996,16.99443626,17.08642769,1601647
2013-10-16,17.11442566,17.1324234,16.80045319,16.93844032,603055
2013-10-17,16.93644142,17.19641685,16.90044594,17.19641685,598055
2013-10-18,17.11442566,17.28440857,17.07842827,17.27840996,2172199
2013-10-21,17.24441338,17.32240677,17.04443169,17.2524128,995591
2013-10-22,17.26841164,17.48439026,17.1744194,17.35840225,780571
2013-10-23,17.2524128,17.2524128,16.89844513,16.89844513,1032594
2013-10-24,16.95443916,17.06842995,16.81445312,16.99843597,898582
2013-10-25,17.00443459,17.16842079,16.69846344,17.10042572,1578645
2013-10-28,17.12042427,17.12642479,16.85844994,17.12442398,2341215
2013-10-29,17.11642456,17.11642456,16.82445145,16.97843742,1203110
2013-10-30,16.97443771,17.01843452,16.74045944,16.82445145,1201110
2013-10-31,16.77645683,16.81445312,16.44048691,16.68846321,4000868
2013-11-01,16.69846344,16.87844658,16.61447144,16.87844658,1369625
2013-11-04,16.83844948,16.83844948,16.54247856,16.69846344,1174608
2013-11-05,16.74045944,16.74045944,16.34849548,16.4784832,899082
2013-11-06,16.53847885,16.89444542,16.53847885,16.75845718,2120695
2013-11-07,16.76245689,17.07842827,16.72846031,16.99043655,1392628
2013-11-08,16.96243858,17.56838226,16.96243858,17.24841309,35848297
2013-11-11,16.96243858,17.56838226,16.96243858,17.24841309,38092504
2013-11-12,17.29840851,17.36840248,16.75845718,17.05842972,11605067
2013-11-13,17.08842659,17.18841743,16.82845116,17.02843285,6329082
2013-11-14,17.24841309,17.4983902,17.0484314,17.46839142,14087395
2013-11-18,17.32840538,17.71836853,17.30840683,17.64837646,11103221
2013-11-19,17.59837914,17.79836273,17.02843285,17.36840248,10155434
2013-11-21,17.24841309,17.4183979,17.14842224,17.26841164,7543593
2013-11-22,17.24841309,17.59837914,17.15842056,17.4583931,6171267
2013-11-25,17.48839188,17.58838081,17.0484314,17.38839912,6124663
2013-11-26,17.24841309,17.59837914,17.19841766,17.59837914,10973909
2013-11-27,17.58838081,17.69837189,17.22841454,17.56838226,6223572
2013-11-28,17.63837624,17.63837624,17.32840538,17.4583931,3787448
2013-11-29,17.4583931,17.68837166,17.36840248,17.55838394,5433199
2013-12-02,17.39839935,17.72836876,17.36840248,17.50838852,9479672
2013-12-03,17.42839622,17.48839188,16.84844971,17.15842056,13016097
2013-12-04,17.24841309,17.35840225,16.57847404,16.65846634,24109317
2013-12-05,17.24841309,17.35840225,16.57847404,16.84844971,10777091
2013-12-06,17.01843452,17.08842659,16.70846176,16.73846054,9054532
2013-12-09,16.83844948,16.99843597,16.6384697,16.99843597,12387939
2013-12-10,16.94844055,17.03843117,16.64846802,16.79845428,6047356
2013-12-11,16.79845428,17.0084343,16.70846176,16.86844826,5159474
2013-12-12,16.91844368,16.928442,16.52847862,16.5984726,6680614
2013-12-13,16.69846344,16.77845573,16.23850632,16.26850319,6148965
2013-12-16,16.38849258,16.65846634,16.21850777,16.50848007,7415382
2013-12-17,16.55847549,16.67846489,16.26850319,16.49848175,6698616
2013-12-18,16.58847237,17.02843285,16.55847549,16.69846344,11059217
2013-12-19,16.99843597,17.03843117,16.65846634,17.02843285,7495089
2013-12-20,16.99843597,17.03843117,16.81845284,16.94844055,6244374
2013-12-23,16.99843597,17.18841743,16.90844345,17.06842995,4880648
2013-12-26,16.99843597,17.12842369,16.93844032,16.93844032,3575528
2013-12-27,16.99843597,17.21841431,16.93844032,17.09842682,5348692
2013-12-30,17.19841766,17.38839912,17.0484314,17.31840515,3843253
2014-01-02,17.29840851,17.4983902,17.17841911,17.38839912,8036139
2014-01-03,17.40839767,17.43839455,16.89844513,17.01843452,24922792
2014-01-06,16.94844055,17.08842659,16.54847717,16.79845428,9355960
2014-01-07,17.03843117,17.39839935,16.93844032,17.32840538,18755025
2014-01-08,17.34840393,17.56838226,17.23841476,17.4983902,11446953
2014-01-09,17.4583931,17.48839188,17.0084343,17.08842659,8830612
2014-01-10,17.09842682,17.22841454,16.88844681,17.19841766,13848973
2014-01-13,17.17841911,17.26841164,17.02843285,17.03843117,5076667
2014-01-14,17.02843285,17.31840515,16.95843887,16.98843765,7152057
2014-01-15,17.11842537,17.19841766,16.91844368,16.99843597,6173667
2014-01-16,17.01843452,17.11842537,16.67846489,16.77845573,5865839
2014-01-17,16.81845284,16.85844994,16.5984726,16.6384697,4786440
2014-01-20,16.62846947,16.79845428,16.56847572,16.69846344,2769854
2014-01-21,16.82845116,16.89844513,16.81845284,16.89844513,7059849
2014-01-22,17.0084343,17.15842056,16.91844368,17.13842392,12216423
2014-01-23,16.99843597,17.23841476,16.54847717,16.54847717,15451621
2014-01-24,16.71846008,16.74845886,16.09851837,16.42848778,13559847
2014-01-27,16.4384861,16.58847237,16.03852463,16.03852463,7639602
2014-01-28,16.29850006,16.50848007,16.09851837,16.09851837,11095920
2014-01-29,16.14851379,16.4784832,15.81854439,16.04852295,10996411
2014-01-30,16.05852127,16.14851379,15.65855885,15.86853981,7576396
2014-01-31,15.75854969,16.18851089,15.49857426,16.08851814,13303723
2014-02-03,15.92853355,16.14851379,15.40858173,15.49857426,13795669
2014-02-04,15.59856415,15.6785574,15.26859474,15.56856728,9327458
2014-02-05,15.54856873,15.58856487,15.1486063,15.43857861,11624669
2014-02-06,15.48857498,16.24850464,15.37858486,16.16851234,13695459
2014-02-07,16.07851982,16.39849091,15.91853523,16.38849258,7470687
2014-02-10,16.22850609,16.34849548,15.95853138,16.13851547,5477603
2014-02-11,16.23850632,16.66846657,16.15851212,16.5984726,7956131
2014-02-12,16.5984726,16.64846802,16.0685215,16.14851379,9754797
2014-02-13,16.00852776,16.36849403,15.74855137,16.32849693,9251151
2014-02-14,16.36849403,16.70846176,16.31849861,16.67846489,13057001
2014-02-17,16.66846657,16.74845886,16.29850006,16.55847549,3928661
2014-02-18,16.42848778,16.57847404,16.0685215,16.14851379,9351660
2014-02-19,15.99852753,16.33849525,15.89853668,16.33849525,7265768
2014-02-20,16.28850174,16.75845718,16.05852127,16.52847862,6814726
2014-02-21,16.49848175,16.85844994,16.37849236,16.57847404,6931037
2014-02-24,16.56847572,16.77845573,16.35849571,16.5984726,5324789
2014-02-25,16.45848465,16.83844948,16.37849236,16.5984726,7052148
2014-02-26,16.86844826,16.98843765,16.65846634,16.69846344,8180852
2014-02-27,16.76845741,16.98843765,16.65846634,16.88844681,6807526
2014-02-28,16.89844513,17.02843285,16.64846802,16.87844658,13450337
2014-03-05,16.78845406,16.98843765,16.49848175,16.79845428,8656896
2014-03-06,16.85844994,17.0084343,16.71846008,16.86844826,7522391
2014-03-07,16.88844681,16.97843742,16.67846489,16.75845718,11885493
2014-03-10,16.73846054,16.75845718,16.42848778,16.68846321,11190029
2014-03-11,16.68846321,16.88844681,16.49848175,16.69846344,8054740
2014-03-12,16.5984726,16.77845573,16.52847862,16.71846008,7650003
2014-03-13,16.78845406,16.80845261,16.41848946,16.58847237,11626469
2014-03-14,16.58847237,16.58847237,16.34849548,16.35849571,7894226
2014-03-17,16.44848633,16.70846176,16.26850319,16.66846657,7711209
2014-03-18,16.6384697,16.80845261,16.60847282,16.78845406,10998111
2014-03-19,16.5984726,16.84844971,16.44848633,16.76845741,10147433
2014-03-20,16.67846489,16.80845261,16.55847549,16.75845718,8947723
2014-03-21,16.62846947,17.13842392,16.62846947,16.65846634,13438636
2014-03-24,16.72846031,16.82845116,16.6384697,16.82845116,8815410
2014-03-25,16.86844826,16.88844681,16.60847282,16.73846054,6984242
2014-03-26,16.80845261,16.85844994,16.5984726,16.64846802,9479672
2014-03-27,16.70846176,17.09842682,16.69846344,17.0484314,14215907
2014-03-28,17.01843452,17.14842224,16.88844681,16.94844055,9632286
2014-03-31,16.99843597,17.07842827,16.83844948,16.94844055,12501850
2014-04-01,16.90844345,17.11842537,16.79845428,17.09842682,8833112
2014-04-02,17.12842369,17.39839935,17.0084343,17.16842079,10020621
2014-04-03,17.19841766,17.3784008,17.02843285,17.17841911,11137524
2014-04-04,17.3384037,17.39839935,16.84844971,16.89844513,13775867
2014-04-07,17.10842514,17.13842392,16.80845261,16.89844513,13267220
2014-04-08,17.0484314,17.0484314,16.67846489,16.81845284,17932649
2014-04-09,16.77845573,16.928442,16.61847115,16.79845428,8194753
2014-04-10,16.77845573,16.98843765,16.73846054,16.97843742,11303339
2014-04-11,16.88844681,17.39839935,16.76845741,17.39839935,9667089
2014-04-14,17.3784008,17.46839142,17.18841743,17.36840248,5725226
2014-04-15,17.19841766,17.3384037,16.94844055,17.3384037,8395672
2014-04-16,17.3384037,17.48839188,17.19841766,17.48839188,12197722
2014-04-17,17.47839165,17.55838394,17.29840851,17.38839912,10705484
2014-04-22,17.3384037,17.84835625,17.32840538,17.83835793,10918504
2014-04-23,17.7883625,17.7883625,17.51838875,17.62837791,6314980
2014-04-24,17.68837166,17.69837189,17.20841599,17.39839935,8689599
2014-04-25,17.36840248,17.43839455,17.10842514,17.26841164,7613400
2014-04-28,17.17841911,17.36840248,17.14842224,17.22841454,8445076
2014-04-29,17.39999962,17.45000076,17.12000084,17.15999985,10052200
2014-04-30,16.60000038,16.70000076,16.18000031,16.31999969,39208800
2014-05-02,16.20000076,16.37999916,15.94999981,16.09000015,34326000
2014-05-05,16.12000084,16.59000015,16.02000046,16.5,15848800
2014-05-06,16.52000046,16.71999931,16.29000092,16.64999962,15193900
2014-05-07,16.60000038,16.62000084,16.12999916,16.29999924,13927300
2014-05-08,16.31999969,16.46999931,16.21999931,16.29999924,8742300
2014-05-09,16.29999924,16.57999992,16.20000076,16.53000069,11153400
2014-05-12,16.62000084,16.70999908,16.52000046,16.68000031,7296800
2014-05-13,16.65999985,17.03000069,16.45999908,16.60000038,16851600
2014-05-14,16.67000008,16.79999924,16.57999992,16.70000076,7534700
2014-05-15,16.60000038,16.64999962,16.38999939,16.5,5050400
2014-05-16,16.54000092,16.67000008,16.32999992,16.51000023,8108100
2014-05-19,16.57999992,16.57999992,16.29999924,16.48999977,7758400
2014-05-20,16.42000008,16.70000076,16.25,16.29999924,10390000
2014-05-21,16.34000015,16.53000069,16.25,16.5,10945300
2014-05-22,16.44000053,16.71999931,16.44000053,16.71999931,7708800
2014-05-23,16.65999985,16.68000031,16.54000092,16.57999992,3863300
2014-05-26,16.64999962,16.68000031,16.46999931,16.64999962,3537900
2014-05-27,16.68000031,16.68000031,16.04999924,16.12000084,11362700
2014-05-28,16.19000053,16.25,16.0,16.14999962,8350900
2014-05-29,16.20000076,16.22999954,16.03000069,16.14999962,5279400
2014-05-30,16.05999947,16.21999931,15.85000038,15.85999966,14181700
2014-06-02,15.93000031,16.31999969,15.89999962,16.27000046,11627100
2014-06-03,16.29000092,16.42000008,16.20000076,16.35000038,11366100
2014-06-04,16.29000092,16.32999992,16.07999992,16.20999908,8087200
2014-06-05,16.22999954,16.32999992,15.94999981,16.07999992,7873600
2014-06-06,16.31999969,16.38999939,16.18000031,16.29999924,13354800
2014-06-09,16.29000092,16.45000076,16.21999931,16.39999962,12913200
2014-06-10,16.22999954,16.40999985,16.17000008,16.40999985,13934700
2014-06-11,16.43000031,16.5,15.98999977,16.07999992,16158900
2014-06-13,16.10000038,16.18000031,15.77999973,15.85000038,10256100
2014-06-16,15.90999985,16.0,15.64999962,15.64999962,12161300
2014-06-17,15.68000031,15.72999954,15.43999958,15.55000019,5580700
2014-06-18,15.63000011,15.96000004,15.60999966,15.96000004,9952600
2014-06-20,15.93999958,16.01000023,15.84000015,16.0,7005200
2014-06-23,15.96000004,16.04000092,15.64000034,15.64999962,6544900
2014-06-24,15.65999985,15.72000027,15.56999969,15.57999992,12096100
2014-06-25,15.60000038,15.75,15.5,15.51000023,9315300
2014-06-26,15.61999989,15.75,15.51000023,15.68000031,8465600
2014-06-27,15.64000034,15.72000027,15.5,15.53999996,6190100
2014-06-30,15.52000046,15.76000023,15.5,15.76000023,10318600
2014-07-01,15.77999973,16.03000069,15.71000004,16.03000069,7914700
2014-07-02,15.98999977,16.0,15.81999969,16.0,9302200
2014-07-03,15.85999966,16.29999924,15.82999992,16.26000023,9697500
2014-07-04,16.26000023,16.36000061,16.06999969,16.31999969,2821300
2014-07-07,16.25,16.25,16.02000046,16.03000069,7228500
2014-07-08,16.07999992,16.12000084,15.92000008,16.06999969,5275900
2014-07-10,16.04000092,16.22999954,15.64999962,15.67000008,30097500
2014-07-11,15.64999962,15.75,15.61999989,15.65999985,10100300
2014-07-14,15.85999966,15.86999989,15.5,15.60000038,16418000
2014-07-15,15.63000011,15.72000027,15.52000046,15.71000004,14963500
2014-07-16,15.75,16.05999947,15.69999981,16.02000046,12182200
2014-07-17,15.98999977,16.32999992,15.93999958,16.20000076,11484800
2014-07-18,16.29999924,16.62999916,16.26000023,16.62999916,19551900
2014-07-21,16.59000015,16.87999916,16.51000023,16.79999924,9746400
2014-07-22,16.81999969,16.81999969,16.55999947,16.67000008,8577000
2014-07-23,16.5,16.68000031,16.38999939,16.43000031,7539200
2014-07-24,16.54999924,16.76000023,16.51000023,16.71999931,5597600
2014-07-25,16.73999977,16.79000092,16.56999969,16.60000038,12715100
2014-07-28,16.63999939,16.71999931,16.45000076,16.46999947,8601200
2014-07-29,16.29999924,16.57999992,16.21999931,16.39999962,5442100
2014-07-30,16.5,16.54000092,16.34000015,16.39999962,7203600
2014-07-31,16.04999924,16.12000084,15.61999989,15.67000008,20162600
2014-08-01,15.68999958,15.77000046,15.55000019,15.60999966,10414700
2014-08-04,15.68000031,15.72999954,15.42000008,15.63000011,11224700
2014-08-05,15.61999989,15.64999962,15.27000046,15.32999992,11756200
2014-08-06,15.34000015,15.59000015,15.01000023,15.46000004,25308600
2014-08-07,15.55000019,15.68999958,15.5,15.55000019,9869200
2014-08-08,15.47000027,15.69999981,15.44999981,15.69999981,14025500
2014-08-11,15.81000042,15.92000008,15.68999958,15.86999989,9001000
2014-08-12,15.77000046,15.93999958,15.69999981,15.82999992,6177300
2014-08-13,15.82999992,15.93000031,15.43000031,15.68999958,15093600
2014-08-14,15.59000015,15.75,15.53999996,15.72000027,7253000
2014-08-15,15.81000042,15.93999958,15.61999989,15.89999962,9729900
2014-08-18,15.98999977,16.14999962,15.90999985,16.13999939,15501000
2014-08-19,16.19000053,16.35000038,16.06999969,16.29999924,20082200
2014-08-20,16.22999954,16.45000076,16.20999908,16.37999916,8109500
2014-08-21,16.35000038,16.44000053,16.10000038,16.30999947,10410900
2014-08-22,16.21999931,16.35000038,16.12000084,16.25,10657400
2014-08-25,16.38999939,16.70999908,16.30999947,16.62000084,9777600
2014-08-26,16.67000008,16.79000092,16.39999962,16.54999924,9090400
2014-08-27,16.65999985,16.65999985,16.45000076,16.54999924,13246600
2014-08-28,16.45000076,16.63999939,16.27000046,16.31999969,11777000
2014-08-29,16.5,16.5,16.22999954,16.37000084,21532500
2014-09-01,16.42000008,16.48999977,15.89999962,15.96000004,8380200
2014-09-02,16.04999924,16.14999962,15.84000015,15.97000027,11798200
2014-09-03,15.97000027,16.29999924,15.97000027,16.22999954,9651600
2014-09-04,16.15999985,16.37000084,16.04999924,16.35000038,10011900
2014-09-05,16.29999924,16.37999916,16.0,16.0,7112000
2014-09-08,16.20000076,16.22999954,15.63000011,15.76000023,11263300
2014-09-09,15.61999989,15.77999973,15.56999969,15.69999981,13838100
2014-09-10,15.57999992,15.94999981,15.52999973,15.93000031,10853200
2014-09-11,16.0,16.12999916,15.72000027,15.80000019,9283200
2014-09-12,15.60000038,16.0,15.43000031,15.47000027,16422900
2014-09-15,15.53999996,16.04999924,15.52000046,16.03000069,10758600
2014-09-16,16.04999924,16.52000046,16.0,16.22999954,16441500
2014-09-17,16.35000038,16.40999985,15.86999989,15.94999981,13583900
2014-09-18,15.96000004,16.45000076,15.81000042,16.18000031,19724800
2014-09-19,16.20000076,16.53000069,16.12000084,16.39999962,14613300
2014-09-22,16.18000031,16.47999954,16.15999985,16.44000053,12190200
2014-09-23,16.20999908,16.45000076,16.18000031,16.38999939,9434200
2014-09-24,16.40999985,16.54000092,16.12999916,16.5,9968600
2014-09-25,16.35000038,16.48999977,16.17000008,16.36000061,867200
2014-09-26,16.39999962,16.55999947,16.23999977,16.40999985,7688500
2014-09-29,16.11000061,16.20999908,15.81000042,16.15999985,17476600
2014-09-30,16.04999924,16.22999954,15.93000031,16.04000092,11496800
2014-10-01,15.85000038,16.02000046,15.39999962,15.60000038,19352200
2014-10-02,15.55000019,15.98999977,15.30000019,15.97000027,14969800
2014-10-03,15.96000004,16.29000092,15.68999958,16.20000076,11531300
2014-10-06,16.62000084,16.93000031,16.37999916,16.62000084,26458000
2014-10-07,16.77000046,16.79999924,16.35000038,16.44000053,14683400
2014-10-08,16.60000038,16.65999985,16.02000046,16.13999939,15597800
2014-10-09,16.39999962,16.47999954,16.04999924,16.10000038,12012400
2014-10-10,15.69999981,15.69999981,15.69999981,15.69999981,11196500
2014-10-13,16.18000031,16.32999992,15.88000011,16.06999969,12509300
2014-10-14,15.98999977,16.29999924,15.96000004,16.12999916,8466000
2014-10-15,15.89000034,16.05999947,15.60000038,15.77000046,16817900
2014-10-16,15.5,15.96000004,15.43000031,15.55000019,14057300
2014-10-17,15.88000011,16.21999931,15.57999992,16.06999969,14271800
2014-10-20,15.97999954,16.18000031,15.76000023,15.90999985,11359100
2014-10-21,15.67000008,15.67000008,15.67000008,15.67000008,21468300
2014-10-22,15.59000015,15.84000015,15.42000008,15.52999973,13746500
2014-10-23,15.38000011,15.47999954,15.01000023,15.18999958,31807600
2014-10-24,15.25,15.82999992,14.98999977,15.69999981,26234200
2014-10-27,15.02000046,15.65999985,14.94999981,15.60000038,46495900
2014-10-28,15.56000042,15.81000042,15.38000011,15.61999989,15719000
2014-10-29,15.48999977,15.84000015,15.47000027,15.63000011,13443000
2014-10-30,15.68999958,15.78999996,15.51000023,15.71000004,12504200
2014-10-31,15.60000038,16.47999954,15.26000023,16.39999962,26148800
2014-11-03,16.20000076,16.27000046,15.93999958,16.20000076,13574300
2014-11-04,16.29999924,16.36000061,15.94999981,16.35000038,11017300
2014-11-05,16.15999985,16.45000076,16.14999962,16.35000038,11559200
2014-11-06,16.17000008,16.32999992,16.07999992,16.29000092,15477700
2014-11-07,16.27000046,16.59000015,16.15999985,16.44000053,10395500
2014-11-10,16.54000092,16.54999924,16.23999977,16.31999969,7753100
2014-11-11,16.14999962,16.20999908,15.84000015,16.0,9231300
2014-11-12,15.93999958,16.5,15.81000042,16.37000084,13310200
2014-11-13,16.31999969,16.52000046,16.0,16.0,10536400
2014-11-14,15.89000034,16.12999916,15.75,15.81999969,14564600
2014-11-17,15.73999977,16.12000084,15.69999981,15.86999989,6613500
2014-11-18,16.03000069,16.19000053,15.90999985,16.18000031,9038600
2014-11-19,16.15999985,16.59000015,16.12999916,16.54000092,14954900
2014-11-21,16.48999977,17.26000023,16.48999977,17.12999916,22232300
2014-11-24,17.28000069,17.45000076,16.78000069,16.87000084,12896300
2014-11-25,16.89999962,17.04000092,16.70000076,16.82999992,16417000
2014-11-26,17.0,17.04999924,16.54000092,16.63999939,9459900
2014-11-27,16.56999969,16.92000008,16.47999954,16.55999947,5584200
2014-11-28,16.67000008,16.94000053,16.59000015,16.76000023,9631500
2014-12-01,16.52000046,16.52000046,15.85000038,16.0,287695249
2014-12-02,16.10000038,16.15999985,15.60999966,15.61999989,275061900
2014-12-03,15.81000042,15.97999954,15.67000008,15.68000031,7758500
2014-12-04,15.85000038,15.92000008,15.47999954,15.69999981,9778600
2014-12-05,15.80000019,16.03000069,15.64999962,15.94999981,9261100
2014-12-08,15.98999977,16.01000023,15.64999962,15.77999973,12177500
2014-12-09,15.69999981,15.81999969,15.31999969,15.65999985,12507800
2014-12-10,15.67000008,15.88000011,15.56999969,15.80000019,7907700
2014-12-11,15.81999969,16.03000069,15.59000015,15.89000034,15724200
2014-12-12,15.80000019,15.93999958,15.47999954,15.51000023,14126900
2014-12-15,15.61999989,15.80000019,15.0,15.57999992,15279100
2014-12-16,15.22000027,15.98999977,15.19999981,15.60000038,16371500
2014-12-17,15.60000038,15.98999977,15.39999962,15.72999954,24300900
2014-12-18,15.89000034,16.06999969,15.69999981,15.84000015,10669900
2014-12-19,16.04000092,16.09000015,15.81000042,16.07999992,10141800
2014-12-22,16.0,16.35000038,15.89000034,16.34000015,7424300
2014-12-23,16.25,16.39999962,16.12999916,16.27000046,6209200
2014-12-26,16.29999924,16.48999977,16.19000053,16.21999931,4132400
2014-12-29,16.20000076,16.57999992,16.13999939,16.47999954,5159400
2014-12-30,16.45000076,16.57999992,16.27000046,16.29000092,9878000
2015-01-02,16.13999939,16.55999947,15.77000046,16.02000046,19396500
2015-01-05,15.90999985,15.97000027,15.53999996,15.72999954,13795900
2015-01-06,15.72999954,16.42000008,15.56000042,16.32999992,18610500
2015-01-07,16.34000015,16.71999931,16.13999939,16.55999947,20493500
2015-01-08,16.43000031,16.68000031,16.26000023,16.54000092,9054500
2015-01-09,16.46999931,16.64999962,16.29999924,16.5,11695700
2015-01-12,16.54999924,16.81999969,16.40999985,16.70999908,11265500
2015-01-13,16.70000076,16.98999977,16.65999985,16.70999908,19614100
2015-01-14,16.53000069,16.79999924,16.53000069,16.76000023,9324100
2015-01-15,16.69000053,16.98999977,16.61000061,16.79000092,12612300
2015-01-16,16.73999977,17.0,16.69000053,16.90999985,9191600
2015-01-19,16.80999947,16.89999962,16.54000092,16.60000038,6363500
2015-01-20,16.78000069,16.95000076,16.69000053,16.89999962,7114500
2015-01-21,16.95000076,17.20000076,16.84000015,17.09000015,9327600
2015-01-22,17.20000076,17.39999962,16.97999954,17.28000069,13341900
2015-01-23,17.04999924,17.20999908,16.98999977,17.03000069,7567000
2015-01-26,16.87999916,17.12000084,16.80999947,16.98999977,7286700
2015-01-27,16.87000084,17.03000069,16.77000046,16.95999908,10007400
2015-01-28,16.82999992,17.18000031,16.78000069,17.03000069,9768700
2015-01-29,17.07999992,17.71999931,16.95000076,17.65999985,17203000
2015-01-30,17.44000053,17.87000084,17.30999947,17.69000053,19490600
2015-02-02,17.52000046,17.62999916,17.28000069,17.48999977,9556100
2015-02-03,17.57999992,17.71999931,17.37999916,17.54999924,10228200
2015-02-04,17.52000046,17.70000076,17.21999931,17.34000015,12135600
2015-02-05,17.34000015,17.73999977,17.15999985,17.73999977,10794300
2015-02-06,17.59000015,17.92000008,17.35000038,17.90999985,10346700
2015-02-09,17.87999916,18.20000076,17.75,18.17000008,10351800
2015-02-10,18.05999947,18.12999916,17.82999992,18.04000092,10680600
2015-02-11,17.96999931,18.06999969,17.68000031,18.04000092,12420900
2015-02-12,18.09000015,18.19000053,17.95999908,18.09000015,10312000
2015-02-13,18.13999939,18.21999931,17.80999947,18.0,9207400
2015-02-18,18.12999916,18.37999916,18.04999924,18.20000076,12971300
2015-02-19,18.15999985,18.36000061,18.05999947,18.22999954,4536700
2015-02-20,18.29000092,18.29999924,18.04999924,18.17000008,5547500
2015-02-23,18.15999985,18.47999954,18.15999985,18.47999954,9354500
2015-02-24,18.47999954,18.60000038,18.36000061,18.47999954,10065500
2015-02-25,18.44000053,18.44000053,18.17000008,18.25,9801500
2015-02-26,18.38999939,18.48999977,18.07999992,18.48999977,15277800
2015-02-27,18.30999947,18.87999916,18.29000092,18.30999947,19534900
2015-03-02,18.30999947,18.32999992,18.03000069,18.10000038,9160400
2015-03-03,18.18000031,18.52000046,18.04999924,18.43000031,9012500
2015-03-04,18.13999939,18.42000008,18.0,18.30999947,12821800
2015-03-05,18.34000015,18.53000069,18.20999908,18.36000061,23429800
2015-03-06,18.37000084,18.44000053,18.11000061,18.22999954,7333600
2015-03-09,18.11000061,18.31999969,18.02000046,18.23999977,10550500
2015-03-10,18.18000031,18.29000092,17.35000038,17.70000076,13599600
2015-03-11,17.64999962,18.19000053,17.60000038,18.13999939,9992700
2015-03-12,18.29999924,18.37000084,17.84000015,18.04000092,11867600
2015-03-13,17.59000015,18.19000053,17.5,18.13999939,16727500
2015-03-16,18.25,18.36000061,17.95999908,18.0,8016300
2015-03-17,18.18000031,18.30999947,18.03000069,18.17000008,11610600
2015-03-18,18.13999939,18.70000076,18.07999992,18.43000031,14337800
2015-03-19,18.38999939,18.60000038,18.29999924,18.5,7329200
2015-03-20,18.65999985,18.89999962,18.56999969,18.67000008,16893900
2015-03-23,18.70999908,18.96999931,18.56999969,18.84000015,8901700
2015-03-24,18.85000038,18.88999939,18.42000008,18.64999962,8195300
2015-03-25,18.73999977,18.89999962,18.37999916,18.42000008,11088000
2015-03-26,18.32999992,18.37999916,18.02000046,18.07999992,16105200
2015-03-27,18.07999992,18.37000084,18.0,18.28000069,9339600
2015-03-30,18.27000046,18.64999962,18.27000046,18.64999962,7648500
2015-03-31,18.39999962,18.61000061,18.31999969,18.47999954,8654300
2015-04-01,18.64999962,19.0,18.42000008,18.95000076,19780900
2015-04-02,18.85000038,19.05999947,18.69000053,18.85000038,16451500
2015-04-06,18.98999977,19.37999916,18.92000008,19.23999977,10617600
2015-04-07,19.38999939,19.60000038,19.25,19.44000053,10859100
2015-04-08,19.63999939,19.69000053,19.29999924,19.43000031,11241600
2015-04-09,19.37999916,19.62000084,19.21999931,19.32999992,9188900
2015-04-10,19.29000092,19.59000015,19.25,19.52000046,10474500
2015-04-13,19.40999985,19.61000061,19.40999985,19.40999985,7812300
2015-04-14,19.52000046,19.54000092,19.05999947,19.12000084,9021900
2015-04-15,19.29000092,19.36000061,19.0,19.13999939,11306200
2015-04-16,19.04000092,19.12999916,18.93000031,19.10000038,10102200
2015-04-17,19.0,19.19000053,18.94000053,19.06999969,9685500
2015-04-20,19.0,19.18000031,18.75,18.88999939,9854000
2015-04-22,18.96999931,19.0,18.72999954,18.95999908,10326700
2015-04-23,18.92000008,19.04999924,18.70999908,18.86000061,11694800
2015-04-24,19.03000069,19.10000038,18.85000038,18.93000031,9154900
2015-04-27,18.98999977,19.04999924,18.70999908,18.79999924,12587700
2015-04-28,18.98999977,18.98999977,18.61000061,18.89999962,10194900
2015-04-29,18.77000046,18.90999985,18.72999954,18.85000038,8790600
2015-04-30,18.75,19.0,18.75,18.95000076,9396600
2015-05-04,19.03000069,19.47999954,19.0,19.34000015,9874100
2015-05-05,19.20000076,19.72999954,19.12999916,19.56999969,11569000
2015-05-06,19.75,20.29000092,19.54000092,19.84000015,19716900
2015-05-07,19.71999931,19.78000069,19.45999908,19.51000023,6641700
2015-05-08,19.78000069,19.92000008,19.52000046,19.87999916,10733600
2015-05-11,19.75,19.87999916,19.64999962,19.72999954,5292100
2015-05-12,19.68000031,19.79000092,19.42000008,19.44000053,12868700
2015-05-13,19.47999954,19.52000046,19.26000023,19.5,6990900
2015-05-14,19.54999924,19.67000008,19.31999969,19.39999962,7393500
2015-05-15,19.34000015,19.70000076,19.34000015,19.67000008,9548600
2015-05-18,19.57999992,19.76000023,19.25,19.28000069,11291500
2015-05-19,19.37999916,19.43000031,19.14999962,19.23999977,8007400
2015-05-20,19.0,19.09000015,18.35000038,18.47999954,11007100
2015-05-21,18.51000023,18.88999939,18.45000076,18.84000015,10942700
2015-05-22,18.87999916,18.98999977,18.59000015,18.75,12629700
2015-05-25,18.73999977,18.95000076,18.59000015,18.89999962,2710100
2015-05-26,18.68000031,18.89999962,18.45000076,18.53000069,10073800
2015-05-27,18.45000076,18.56999969,18.27000046,18.5,9311200
2015-05-28,18.29999924,18.54000092,18.14999962,18.47999954,8894300
2015-05-29,18.35000038,18.54999924,18.21999931,18.53000069,19991200
2015-06-01,18.5,18.67000008,18.47999954,18.60000038,11308900
2015-06-02,18.57999992,18.62000084,18.39999962,18.54999924,12307700
2015-06-03,18.56999969,18.56999969,18.09000015,18.42000008,20628200
2015-06-05,18.5,18.70000076,18.34000015,18.70000076,15198600
2015-06-08,18.65999985,18.80999947,18.45999908,18.45999908,17427000
2015-06-09,18.45000076,18.55999947,18.39999962,18.53000069,15863100
2015-06-10,18.68000031,18.82999992,18.51000023,18.76000023,10555700
2015-06-11,18.80999947,18.98999977,18.67000008,18.67000008,12381300
2015-06-12,18.62999916,18.80999947,18.61000061,18.73999977,13970800
2015-06-15,18.53000069,18.55999947,18.29999924,18.29999924,9410400
2015-06-16,18.54999924,18.87000084,18.46999931,18.72999954,13264500
2015-06-17,18.64999962,18.73999977,18.5,18.65999985,9599400
2015-06-18,18.73999977,18.93000031,18.45999908,18.67000008,11190200
2015-06-19,18.59000015,18.90999985,18.59000015,18.87000084,13488500
2015-06-22,18.97999954,19.15999985,18.87999916,18.95000076,10484300
2015-06-23,19.10000038,19.20000076,18.90999985,18.90999985,7479100
2015-06-24,19.02000046,19.12999916,18.88999939,18.89999962,6618200
2015-06-25,18.93000031,18.97999954,18.75,18.92000008,8910400
2015-06-26,18.88999939,19.23999977,18.86000061,19.13999939,10507500
2015-06-29,19.10000038,19.10000038,18.90999985,18.95999908,6181200
2015-06-30,19.0,19.17000008,18.94000053,18.98999977,19852600
2015-07-01,19.04999924,19.27000046,19.04999924,19.12999916,11488900
2015-07-02,19.22999954,19.34000015,19.02000046,19.04000092,9698500
2015-07-03,19.01000023,19.20000076,18.92000008,19.14999962,3145100
2015-07-06,18.96999931,19.28000069,18.95000076,19.21999931,7129500
2015-07-07,19.06999969,19.35000038,19.03000069,19.30999947,9841600
2015-07-08,19.23999977,19.34000015,19.09000015,19.10000038,8821900
2015-07-10,19.29999924,19.61000061,19.20000076,19.43000031,16642900
2015-07-13,19.56999969,19.75,19.53000069,19.54000092,10619500
2015-07-14,19.51000023,19.70000076,19.44000053,19.64999962,9391200
2015-07-15,19.53000069,19.75,19.53000069,19.75,9788200
2015-07-16,19.79999924,19.88999939,19.55999947,19.72999954,10172500
2015-07-17,19.69000053,19.88999939,19.62000084,19.70000076,11119200
2015-07-20,19.70999908,19.81999969,19.60000038,19.73999977,9206000
2015-07-21,19.78000069,19.85000038,19.46999931,19.62000084,7856200
2015-07-22,19.47999954,19.78000069,19.34000015,19.53000069,7946000
2015-07-23,19.32999992,19.47999954,19.14999962,19.19000053,13250100
2015-07-24,19.22999954,19.28000069,18.90999985,18.95999908,12659100
2015-07-27,18.93000031,19.04000092,18.63999939,18.68000031,11884500
2015-07-28,18.79999924,18.89999962,18.38999939,18.79000092,13952400
2015-07-29,18.64999962,18.95000076,18.56999969,18.61000061,13833800
2015-07-30,18.77000046,18.97999954,18.69000053,18.88999939,10116700
2015-07-31,19.02000046,19.47999954,18.95999908,19.46999931,13350700
2015-08-03,19.35000038,19.63999939,19.31999969,19.60000038,8680800
2015-08-04,19.45999908,19.73999977,19.45999908,19.72999954,9232200
2015-08-05,19.79999924,19.95999908,19.56999969,19.95000076,8460200
2015-08-06,19.81999969,20.05999947,19.70999908,19.87999916,13756600
2015-08-07,19.76000023,19.85000038,19.37000084,19.37999916,10133400
2015-08-10,19.52000046,19.70000076,19.44000053,19.54000092,8460300
2015-08-11,19.56999969,19.75,19.35000038,19.72999954,11079800
2015-08-12,19.5,19.64999962,18.78000069,18.89999962,26481200
2015-08-13,18.96999931,19.13999939,18.61000061,18.65999985,11600900
2015-08-14,18.68000031,18.79999924,18.55999947,18.55999947,8693600
2015-08-17,18.60000038,18.75,18.5,18.59000015,10787900
2015-08-18,18.54000092,19.22999954,18.45999908,18.68000031,18604700
2015-08-19,18.55999947,18.79999924,18.11000061,18.12000084,16872800
2015-08-20,18.04999924,18.52000046,17.93000031,18.47999954,13520800
2015-08-21,18.31999969,18.43000031,18.0,18.05999947,12298100
2015-08-24,17.35000038,18.09000015,16.95999908,18.07999992,26010200
2015-08-25,18.37999916,18.60000038,18.10000038,18.30999947,23538400
2015-08-26,18.52000046,18.89999962,18.43000031,18.86000061,14208800
2015-08-27,19.0,19.35000038,18.75,19.05999947,16167900
2015-08-28,19.02000046,19.25,18.81999969,19.23999977,11792500
2015-08-31,19.0,19.14999962,18.54999924,19.09000015,22414200
2015-09-01,18.64999962,19.0,18.62000084,18.70999908,14942800
2015-09-02,18.87000084,19.17000008,18.64999962,19.13999939,16775500
2015-09-03,19.28000069,19.68000031,18.95999908,19.62999916,19103600
2015-09-04,19.45000076,19.87000084,19.37999916,19.85000038,29001000
2015-09-08,20.06999969,20.18000031,19.45000076,19.61000061,12962200
2015-09-09,19.64999962,19.81999969,19.13999939,19.20999908,12570100
2015-09-10,18.62000084,19.44000053,18.54999924,19.17000008,15656500
2015-09-11,19.07999992,19.12999916,18.75,18.86000061,12074800
2015-09-14,18.89999962,19.03000069,18.68000031,18.86000061,16419800
2015-09-15,18.94000053,19.20000076,18.80999947,19.05999947,12608700
2015-09-16,19.5,19.62999916,19.21999931,19.45000076,33098100
2015-09-17,19.27000046,19.77000046,19.26000023,19.48999977,15112200
2015-09-18,19.29999924,19.77000046,19.21999931,19.46999931,17755500
2015-09-21,19.26000023,19.60000038,19.20999908,19.32999992,8304700
2015-09-22,19.20999908,19.44000053,19.07999992,19.39999962,12341600
2015-09-23,19.42000008,19.44000053,19.10000038,19.17000008,14577900
2015-09-24,18.85000038,19.32999992,18.70999908,19.12000084,12388600
2015-09-25,19.29999924,19.71999931,19.04000092,19.29999924,8973300
2015-09-28,19.31999969,19.40999985,19.04999924,19.28000069,8048100
2015-09-29,19.28000069,19.53000069,19.20000076,19.36000061,9049600
2015-09-30,19.60000038,19.75,19.35000038,19.42000008,12317500
2015-10-01,19.40999985,19.80999947,19.35000038,19.70000076,11101400
2015-10-02,19.59000015,20.12000084,19.55999947,20.05999947,10206500
2015-10-05,20.32999992,20.45999908,20.19000053,20.35000038,7815300
2015-10-06,20.39999962,20.44000053,19.71999931,19.88999939,11701900
2015-10-07,20.11000061,20.14999962,19.84000015,20.0,14611300
2015-10-08,20.0,20.13999939,19.53000069,19.68000031,16584900
2015-10-09,19.95000076,19.95000076,19.37999916,19.79000092,10745500
2015-10-13,19.75,19.75,18.52000046,18.70000076,26310900
2015-10-14,18.70000076,19.05999947,18.29999924,18.39999962,33641900
2015-10-15,18.54000092,19.20999908,18.26000023,19.11000061,22550400
2015-10-16,19.14999962,19.45999908,18.85000038,19.29000092,12205300
2015-10-19,19.29999924,19.46999931,19.11000061,19.46999931,7638800
2015-10-20,19.43000031,19.57999992,19.21999931,19.57999992,8221200
2015-10-21,19.64999962,19.88999939,19.54000092,19.70000076,12448700
2015-10-22,19.70999908,19.94000053,19.5,19.65999985,15198200
2015-10-23,20.04000092,20.04000092,19.68000031,19.77000046,8648600
2015-10-26,19.79999924,19.87000084,19.56999969,19.68000031,7122600
2015-10-27,19.60000038,19.86000061,19.46999931,19.80999947,13534100
2015-10-28,19.62999916,19.65999985,19.45000076,19.63999939,1124700
2015-10-29,19.12000084,19.37999916,19.0,19.0,9370500
2015-10-30,18.87000084,19.26000023,18.70000076,19.09000015,11964400
2015-11-03,19.10000038,19.60000038,18.94000053,19.60000038,13504000
2015-11-04,19.69000053,19.79000092,19.25,19.60000038,10152800
2015-11-05,19.48999977,19.65999985,19.23999977,19.45999908,9123700
2015-11-06,19.37000084,19.44000053,18.86000061,18.96999931,8831000
2015-11-09,18.96999931,19.10000038,18.53000069,18.70000076,7940700
2015-11-10,18.56999969,18.69000053,18.20000076,18.64999962,10882400
2015-11-11,18.70999908,19.07999992,18.70000076,19.05999947,10527800
2015-11-12,19.04999924,19.29999924,18.79999924,18.88999939,9205400
2015-11-13,18.88999939,19.19000053,18.77000046,19.10000038,9777100
2015-11-16,19.05999947,19.23999977,18.88999939,19.04999924,13456500
2015-11-17,19.29999924,19.29999924,19.07999992,19.12000084,6661900
2015-11-18,19.12000084,19.42000008,19.06999969,19.17000008,8395900
2015-11-19,19.40999985,19.45000076,19.17000008,19.35000038,11994500
2015-11-23,19.36000061,19.5,19.03000069,19.05999947,13950500
2015-11-24,19.04999924,19.06999969,18.76000023,18.94000053,6897800
2015-11-25,18.71999931,18.88999939,18.44000053,18.60000038,18395700
2015-11-26,18.60000038,18.87999916,18.57999992,18.80999947,7722000
2015-11-27,18.77000046,18.80999947,18.54999924,18.56999969,9169000
2015-11-30,18.45000076,18.97999954,18.39999962,18.63999939,39865300
2015-12-01,18.68000031,18.78000069,18.5,18.72999954,21176800
2015-12-02,18.67000008,18.75,18.42000008,18.44000053,14178100
2015-12-03,19.04999924,19.07999992,18.55999947,18.75,12319500
2015-12-04,18.69000053,18.87999916,18.47999954,18.54000092,10060000
2015-12-07,18.63999939,18.78000069,18.5,18.60000038,8980300
2015-12-08,18.60000038,18.71999931,18.10000038,18.13999939,11347300
2015-12-09,18.38999939,18.70999908,18.25,18.47999954,16476700
2015-12-10,18.55999947,18.55999947,18.12000084,18.29999924,7703100
2015-12-11,18.20999908,18.57999992,18.17000008,18.28000069,12966500
2015-12-14,18.25,18.35000038,18.0,18.04999924,5611300
2015-12-15,18.14999962,18.28000069,17.85000038,17.85000038,7791500
2015-12-16,17.77000046,18.25,17.70999908,18.13999939,7726900
2015-12-17,18.45000076,18.84000015,17.98999977,18.14999962,12367200
2015-12-18,17.85000038,18.11000061,17.64999962,17.79999924,17657600
2015-12-21,17.79999924,18.29999924,17.79999924,18.0,10020100
2015-12-22,18.0,18.03000069,17.62999916,17.95000076,8177900
2015-12-23,18.04999924,18.25,17.89999962,18.20000076,17338900
2015-12-28,18.12000084,18.21999931,18.0,18.13999939,6944200
2015-12-29,18.09000015,18.29000092,18.04999924,18.20000076,5349200
2015-12-30,18.11000061,18.29000092,17.85000038,17.85000038,12124900
2016-01-04,17.72999954,17.72999954,17.20999908,17.20999908,13206900
2016-01-05,17.25,17.52000046,17.11000061,17.47999954,10774200
2016-01-06,17.36000061,17.47999954,17.20000076,17.30999947,7739100
2016-01-07,17.17000008,17.31999969,16.85000038,16.85000038,15316400
2016-01-08,16.93000031,17.20000076,16.93000031,17.06999969,10684000
2016-01-11,17.19000053,17.29000092,16.75,16.79999924,12772700
2016-01-12,16.94000053,17.04000092,16.78000069,16.97999954,9573800
2016-01-13,17.12000084,17.25,16.71999931,16.82999992,10709300
2016-01-14,16.94000053,16.94000053,16.52000046,16.85000038,12325600
2016-01-15,16.64999962,16.70000076,15.98999977,16.59000015,19870300
2016-01-18,16.53000069,16.55999947,16.23999977,16.23999977,9267800
2016-01-19,16.51000023,16.85000038,16.40999985,16.75,9628400
2016-01-20,16.53000069,16.73999977,16.30999947,16.54000092,12363400
2016-01-21,16.53000069,16.64999962,16.20000076,16.31999969,11049800
2016-01-22,16.42000008,16.85000038,16.42000008,16.85000038,15564500
2016-01-26,16.70000076,16.88999939,16.54999924,16.84000015,13892700
2016-01-27,16.80999947,17.95999908,16.79999924,17.81999969,28371900
2016-01-28,17.84000015,18.30999947,17.52000046,17.88999939,17343800
2016-01-29,18.10000038,18.65999985,17.95999908,18.65999985,20667000
2016-02-01,18.30999947,18.54999924,17.90999985,18.39999962,12665300
2016-02-02,18.11000061,18.39999962,17.92000008,17.97999954,16351800
2016-02-03,18.12000084,18.14999962,17.60000038,18.10000038,11406600
2016-02-04,18.34000015,18.68000031,18.25,18.36000061,18556300
2016-02-05,18.39999962,18.64999962,18.07999992,18.13999939,10973700
2016-02-10,17.95999908,18.0,17.56999969,17.94000053,11694700
2016-02-11,17.65999985,17.86000061,17.53000069,17.85000038,11956300
2016-02-12,17.97999954,18.06999969,17.77000046,17.92000008,9627500
2016-02-15,18.07999992,18.18000031,17.85000038,17.92000008,6378400
2016-02-16,17.97999954,18.22999954,17.87999916,17.96999931,10301800
2016-02-17,18.14999962,18.63999939,18.02000046,18.26000023,18798000
2016-02-18,18.12000084,18.39999962,18.09000015,18.39999962,9991500
2016-02-19,18.25,18.38999939,18.11000061,18.31999969,6644100
2016-02-22,18.65999985,18.81999969,18.44000053,18.59000015,14696300
2016-02-23,18.64999962,18.64999962,18.10000038,18.26000023,11394800
2016-02-24,18.05999947,18.18000031,17.85000038,18.18000031,10037500
2016-02-25,17.68000031,17.85000038,17.46999931,17.70999908,15404600
2016-02-26,17.88999939,17.93000031,17.51000023,17.62999916,9258400
2016-02-29,17.89999962,17.98999977,17.51000023,17.63999939,15340300
2016-03-01,17.78000069,18.38999939,17.67000008,18.25,17549200
2016-03-02,18.29999924,18.37999916,17.95000076,18.13999939,16032100
2016-03-03,18.27000046,18.59000015,18.14999962,18.44000053,21509400
2016-03-04,18.79000092,19.20000076,18.61000061,19.11000061,37209600
2016-03-07,19.20000076,19.38999939,18.94000053,19.17000008,17079300
2016-03-08,19.19000053,19.21999931,18.84000015,19.04999924,23245800
2016-03-09,19.23999977,19.25,18.57999992,18.64999962,21459800
2016-03-10,18.77000046,18.96999931,18.23999977,18.62999916,28065400
2016-03-11,18.52000046,18.78000069,18.04000092,18.21999931,22639400
2016-03-14,18.25,18.34000015,17.92000008,18.04000092,11003000
2016-03-15,17.89999962,18.29999924,17.79999924,18.29999924,12363100
2016-03-16,18.18000031,18.29999924,17.87000084,18.29000092,12644400
2016-03-17,18.70000076,18.73999977,18.31999969,18.72999954,26830900
2016-03-18,18.79000092,18.88999939,18.37000084,18.42000008,27248900
2016-03-21,18.31999969,18.78000069,18.31999969,18.72999954,14963100
2016-03-22,18.70000076,18.73999977,18.48999977,18.73999977,10495100
2016-03-23,18.63999939,19.09000015,18.60000038,19.0,19093200
2016-03-24,18.88999939,19.20000076,18.84000015,19.0,21128700
2016-03-28,19.14999962,19.37000084,19.06999969,19.29999924,12398500
2016-03-29,19.31999969,19.56999969,19.26000023,19.34000015,20856500
2016-03-30,19.5,19.5,19.12000084,19.14999962,11047600
2016-03-31,18.79999924,18.79999924,18.79999924,18.79999924,21000
2016-04-01,18.82999992,18.82999992,18.82999992,18.82999992,8300
2016-04-04,18.51000023,18.51000023,18.51000023,18.51000023,20700
2016-04-05,18.70999908,18.70999908,18.70999908,18.70999908,19000
2016-04-06,18.62999916,18.62999916,18.62999916,18.62999916,29400
2016-04-07,18.54999924,18.54999924,18.54999924,18.54999924,30500
2016-04-08,18.81999969,18.95999908,18.39999962,18.56999969,17390600
2016-04-11,18.20000076,18.20000076,18.20000076,18.20000076,74200
2016-04-12,18.39999962,18.39999962,18.39999962,18.39999962,30700
2016-04-13,18.29999924,18.29999924,18.29999924,18.29999924,149800
2016-04-14,18.38999939,18.84000015,18.35000038,18.73999977,16442600
2016-04-15,18.78000069,19.04999924,18.69000053,18.98999977,14996000
2016-04-18,18.98999977,19.12000084,18.79999924,18.95999908,13475900
2016-04-19,19.12000084,19.12000084,19.12000084,19.12000084,1900
2016-04-20,19.01000023,19.28000069,19.01000023,19.20000076,13665600
2016-04-22,18.86000061,19.45000076,18.86000061,19.15999985,12394900
2016-04-25,19.20000076,19.22999954,19.04999924,19.12999916,5665400
2016-04-26,19.20999908,19.25,19.05999947,19.23999977,13162400
2016-04-27,19.32999992,19.43000031,19.17000008,19.36000061,17990800
2016-04-28,19.32999992,19.53000069,19.26000023,19.45999908,12272300
2016-04-29,19.32999992,19.53000069,19.07999992,19.38999939,23867000
2016-05-02,19.35000038,19.59000015,19.35000038,19.51000023,10854600
2016-05-03,19.37000084,19.70999908,19.20999908,19.59000015,14425300
2016-05-04,19.28000069,19.62000084,19.09000015,19.60000038,19044400
2016-05-05,19.57999992,19.59000015,19.11000061,19.13999939,11528900
2016-05-06,19.09000015,19.25,18.81999969,18.84000015,11022900
2016-05-09,18.78000069,19.05999947,18.60000038,18.88999939,18522300
2016-05-10,19.10000038,19.11000061,18.80999947,19.09000015,12276100
2016-05-11,19.20000076,19.20999908,18.80999947,18.86000061,10657200
2016-05-12,18.96999931,19.26000023,18.80999947,19.18000031,23591900
2016-05-13,19.25,19.25,18.70999908,18.76000023,10196700
2016-05-16,18.60000038,18.86000061,18.60000038,18.77000046,7024100
2016-05-17,18.71999931,18.77000046,18.43000031,18.55999947,11191800
2016-05-18,18.48999977,18.67000008,18.37000084,18.39999962,12833200
2016-05-19,18.31999969,18.68000031,18.29999924,18.60000038,12403900
2016-05-20,18.60000038,18.70999908,18.51000023,18.54000092,7364900
2016-05-23,18.31999969,18.51000023,18.30999947,18.44000053,8850200
2016-05-24,18.54999924,18.73999977,18.43000031,18.69000053,7050400
2016-05-25,18.75,19.17000008,18.68000031,18.97999954,21104900
2016-05-27,18.95000076,19.37999916,18.93000031,19.29999924,15279900
2016-05-30,19.19000053,19.26000023,19.06999969,19.14999962,3844200
2016-05-31,19.10000038,19.22999954,18.95000076,19.11000061,21746000
2016-06-01,18.98999977,19.37000084,18.89999962,19.34000015,12661800
2016-06-02,19.29999924,19.30999947,19.06999969,19.28000069,12179300
2016-06-03,19.34000015,19.57999992,19.27000046,19.5,15233800
2016-06-06,19.47999954,19.60000038,19.31999969,19.42000008,8504300
2016-06-07,19.37000084,19.40999985,18.96999931,19.09000015,12665600
2016-06-08,19.04999924,19.34000015,18.97999954,19.27000046,16188400
2016-06-09,19.20000076,19.29000092,19.04000092,19.15999985,8340900
2016-06-10,19.14999962,19.14999962,18.71999931,18.71999931,12874500
2016-06-13,18.56999969,18.95000076,18.56999969,18.90999985,8294300
2016-06-14,18.85000038,18.88999939,18.42000008,18.56999969,16105600
2016-06-15,18.60000038,18.76000023,18.29999924,18.47999954,18867800
2016-06-16,18.31999969,18.78000069,18.31999969,18.67000008,10088500
2016-06-17,18.77000046,18.79000092,18.37999916,18.61000061,15921800
2016-06-20,18.72999954,18.84000015,18.5,18.59000015,12846800
2016-06-21,18.65999985,18.69000053,18.48999977,18.57999992,13354000
2016-06-22,18.59000015,18.62000084,18.23999977,18.31999969,15328400
2016-06-23,18.39999962,18.64999962,18.37999916,18.51000023,7669300
2016-06-24,18.10000038,18.54000092,18.06999969,18.47999954,11737100
2016-06-27,18.28000069,18.87000084,18.21999931,18.70999908,10192500
2016-06-28,18.89999962,18.94000053,18.65999985,18.75,13551900
2016-06-29,18.92000008,19.12999916,18.78000069,19.02000046,14591200
2016-06-30,19.0,19.11000061,18.79999924,19.04999924,15328300
2016-07-01,19.07999992,19.21999931,18.98999977,19.21999931,22773000
2016-07-04,19.21999931,19.29000092,18.97999954,19.05999947,6702100
2016-07-05,18.96999931,19.31999969,18.95999908,19.29000092,13405900
2016-07-06,19.22999954,19.28000069,18.96999931,19.18000031,11263900
2016-07-07,19.18000031,19.29999924,19.01000023,19.10000038,8916400
2016-07-08,19.18000031,19.56999969,19.10000038,19.39999962,12468900
2016-07-11,19.45000076,19.45000076,19.20999908,19.39999962,10316000
2016-07-12,19.36000061,19.38999939,19.20999908,19.29999924,7635600
2016-07-13,19.14999962,19.21999931,19.02000046,19.10000038,11305800
2016-07-14,19.20000076,19.20000076,19.01000023,19.10000038,16513300
2016-07-15,19.09000015,19.10000038,18.85000038,18.95000076,9036700
2016-07-18,18.95000076,19.10000038,18.90999985,19.05999947,11617600
2016-07-19,19.04999924,19.19000053,18.96999931,19.17000008,8953000
2016-07-20,19.12000084,19.26000023,19.01000023,19.12000084,9986500
2016-07-21,19.12000084,19.25,18.95000076,19.20000076,7734400
2016-07-22,19.23999977,19.45999908,19.11000061,19.38999939,8907900
2016-07-25,19.31999969,19.42000008,19.19000053,19.38999939,9501100
2016-07-26,19.39999962,19.52000046,19.20000076,19.35000038,7397400
2016-07-27,19.45000076,19.45000076,19.26000023,19.31999969,6281700
2016-07-28,19.29999924,19.45999908,19.21999931,19.44000053,7435300
2016-07-29,18.92000008,19.05999947,18.70999908,18.79999924,32575600
2016-08-01,18.88999939,19.05999947,18.62999916,19.0,10216200
2016-08-02,18.93000031,18.96999931,18.71999931,18.84000015,7872000
2016-08-03,18.75,18.82999992,18.59000015,18.63999939,11627000
2016-08-04,18.73999977,18.80999947,18.45999908,18.71999931,11247300
2016-08-05,18.77000046,19.10000038,18.71999931,19.10000038,12098200
2016-08-08,18.98999977,19.31999969,18.98999977,19.25,11238300
2016-08-09,19.25,19.34000015,19.12000084,19.26000023,7200700
2016-08-10,19.28000069,19.29999924,19.07999992,19.17000008,12055400
2016-08-11,19.26000023,19.5,19.01000023,19.5,18475900
2016-08-12,19.46999931,19.78000069,19.44000053,19.72999954,15349800
2016-08-15,19.67000008,20.04000092,19.62999916,19.94000053,8758700
2016-08-16,19.70999908,20.09000015,19.70999908,20.0,11591800
2016-08-17,19.94000053,20.07999992,19.80999947,20.04999924,25444800
2016-08-18,20.04999924,20.06999969,19.79999924,19.92000008,9435800
2016-08-19,19.81999969,19.95999908,19.75,19.85000038,6210900
2016-08-22,19.85000038,19.88999939,19.53000069,19.59000015,10928000
2016-08-23,19.64999962,19.71999931,19.51000023,19.57999992,12252200
2016-08-24,19.5,19.65999985,19.45999908,19.57999992,8370100
2016-08-25,19.59000015,19.73999977,19.26000023,19.30999947,14061800
2016-08-26,19.42000008,19.42000008,19.09000015,19.19000053,11069700
2016-08-29,19.15999985,19.37000084,19.04000092,19.23999977,13283200
2016-08-30,19.26000023,19.31999969,19.12999916,19.23999977,7788900
2016-08-31,19.21999931,19.25,19.04000092,19.19000053,17650700
2016-09-01,19.04999924,19.72999954,18.98999977,19.67000008,28002900
2016-09-02,19.77000046,19.87000084,19.67000008,19.84000015,16656100
2016-09-05,19.92000008,19.97999954,19.76000023,19.87999916,4211500
2016-09-06,19.89999962,20.0,19.82999992,20.0,12495900
2016-09-08,19.94000053,20.0,19.73999977,20.0,18376900
2016-09-09,19.79999924,19.87999916,19.65999985,19.75,17325700
2016-09-12,19.60000038,19.84000015,19.60000038,19.75,14239000
2016-09-13,19.60000038,19.72999954,19.31999969,19.42000008,15077600
2016-09-14,19.36000061,19.79999924,19.25,19.65999985,11980200
2016-09-15,19.72999954,19.84000015,19.67000008,19.72999954,5414000
2016-09-16,19.67000008,19.68000031,19.32999992,19.43000031,12445900
2016-09-19,19.57999992,19.59000015,19.35000038,19.45000076,6147800
2016-09-20,19.54999924,19.56999969,19.38999939,19.48999977,8266200
2016-09-21,19.45000076,19.61000061,19.29000092,19.45999908,9508100
2016-09-22,19.68000031,19.71999931,19.54000092,19.67000008,10250100
2016-09-23,19.79999924,19.81999969,19.61000061,19.72999954,9332800
2016-09-26,19.61000061,19.63999939,19.48999977,19.62000084,7883300
2016-09-27,19.67000008,19.76000023,19.45999908,19.70000076,7263100
2016-09-28,19.79000092,19.90999985,19.69000053,19.85000038,8373900
2016-09-29,19.86000061,19.90999985,19.61000061,19.71999931,9568300
2016-09-30,19.71999931,19.96999931,19.71999931,19.81999969,8749600
2016-10-03,19.70999908,19.82999992,19.65999985,19.75,14082500
2016-10-04,19.78000069,19.78000069,19.48999977,19.54000092,15795000
2016-10-05,19.62000084,19.73999977,19.54999924,19.59000015,8711300
2016-10-06,19.59000015,19.71999931,19.47999954,19.64999962,13265700
2016-10-07,19.71999931,19.73999977,19.51000023,19.64999962,10876200
2016-10-10,19.72999954,19.78000069,19.62999916,19.68000031,6074500
2016-10-11,19.62999916,19.68000031,19.38999939,19.45000076,14587500
2016-10-13,19.29999924,19.42000008,18.92000008,19.22999954,21987200
2016-10-14,19.26000023,19.57999992,19.18000031,19.53000069,20405600
2016-10-17,19.47999954,19.73999977,19.35000038,19.55999947,9686900
2016-10-18,19.55999947,19.76000023,19.45000076,19.64999962,12342400
2016-10-19,19.63999939,19.72999954,19.59000015,19.68000031,5848100
2016-10-20,19.69000053,19.73999977,19.54000092,19.64999962,4586500
2016-10-21,19.67000008,19.86000061,19.5,19.75,21287800
2016-10-24,19.71999931,19.80999947,19.63999939,19.70000076,10105400
2016-10-25,19.62000084,19.67000008,19.46999931,19.53000069,9277400
2016-10-26,19.48999977,19.62000084,19.37000084,19.54000092,9041700
2016-10-27,19.51000023,19.62000084,19.43000031,19.5,7798300
2016-10-28,18.79999924,19.29000092,18.71999931,19.10000038,35116800
2016-10-31,19.12000084,19.18000031,18.82999992,18.82999992,17591900
2016-11-01,18.79000092,18.84000015,18.32999992,18.32999992,19058400
2016-11-03,18.32999992,18.51000023,17.87999916,17.89999962,22712800
2016-11-04,17.98999977,18.11000061,17.68000031,17.71999931,20353300
2016-11-07,17.94000053,18.10000038,17.77000046,17.98999977,11219400
2016-11-08,18.0,18.13999939,17.79000092,18.05999947,8057800
2016-11-09,17.78000069,18.09000015,17.51000023,17.93000031,14829200
2016-11-10,18.04000092,18.22999954,17.51000023,18.04999924,28019700
2016-11-11,17.65999985,18.10000038,17.38999939,17.45000076,23948700
2016-11-14,17.38999939,17.59000015,17.19000053,17.29999924,20266800
2016-11-16,17.35000038,17.85000038,17.28000069,17.82999992,11543000
2016-11-17,17.93000031,17.93000031,17.60000038,17.62000084,7932600
2016-11-18,17.62000084,17.64999962,17.04999924,17.31999969,14795900
2016-11-21,17.32999992,17.52000046,17.29999924,17.45000076,10984000
2016-11-22,17.63999939,17.72999954,17.12000084,17.17000008,12788200
2016-11-23,17.15999985,17.63999939,17.03000069,17.63999939,11650500
2016-11-24,17.62999916,17.64999962,17.32999992,17.35000038,5978100
2016-11-25,17.25,17.35000038,17.04999924,17.22999954,6446100
2016-11-28,17.25,17.54999924,17.15999985,17.54999924,8694400
2016-11-29,17.46999931,17.47999954,17.05999947,17.05999947,13470600
2016-11-30,17.29000092,17.77000046,17.09000015,17.14999962,20399300
2016-12-01,17.0,17.05999947,16.5,16.62999916,28765600
2016-12-02,16.60000038,16.70999908,16.26000023,16.70999908,22659500
2016-12-05,16.78000069,16.87000084,16.39999962,16.45999908,9090100
2016-12-06,16.37999916,16.75,16.29999924,16.75,11012400
2016-12-07,16.82999992,16.88999939,16.62000084,16.63999939,10908100
2016-12-08,16.76000023,16.85000038,16.42000008,16.45999908,10189000
2016-12-09,16.54000092,16.79999924,16.42000008,16.63999939,14663500
2016-12-12,16.40999985,16.54999924,16.03000069,16.11000061,12483300
2016-12-13,16.14999962,16.35000038,16.02000046,16.29000092,19703600
2016-12-14,16.28000069,16.46999931,16.01000023,16.15999985,20370100
2016-12-15,16.10000038,16.53000069,16.02000046,16.31999969,15837600
2016-12-16,16.38999939,16.70999908,16.34000015,16.68000031,23240300
2016-12-19,16.60000038,16.75,16.28000069,16.29999924,13277100
2016-12-20,16.35000038,16.53000069,16.09000015,16.39999962,13460100
2016-12-21,16.36000061,16.51000023,16.25,16.34000015,10466100
2016-12-22,16.21999931,16.23999977,15.78999996,15.81999969,13056700
2016-12-23,15.89000034,16.05999947,15.85999966,16.0,6730800
2016-12-26,16.02000046,16.31999969,16.02000046,16.18000031,2621500
2016-12-27,16.20000076,16.29000092,16.06999969,16.11000061,5663900
2016-12-28,16.12999916,16.29999924,16.12000084,16.22999954,5002400
2016-12-29,16.28000069,16.39999962,16.15999985,16.39999962,8687000
2017-01-02,16.34000015,16.65999985,16.26000023,16.30999947,4265400
2017-01-03,16.5,16.67000008,16.44000053,16.63999939,9535500
2017-01-04,16.65999985,16.65999985,16.43000031,16.51000023,9426500
2017-01-05,16.52000046,16.75,16.47999954,16.60000038,11555800
2017-01-06,16.59000015,16.63999939,16.36000061,16.45999908,7863200
2017-01-09,16.45999908,16.73999977,16.37000084,16.53000069,8753100
2017-01-10,16.62000084,16.67000008,16.30999947,16.34000015,7887800
2017-01-11,16.44000053,16.48999977,16.17000008,16.40999985,9694800
2017-01-12,16.61000061,17.02000046,16.54999924,16.93000031,18340400
2017-01-13,17.09000015,17.12999916,16.77000046,17.11000061,10099300
2017-01-16,17.13999939,17.20000076,16.89999962,17.04999924,8201000
2017-01-17,16.97999954,17.20000076,16.79999924,17.20000076,18257800
2017-01-18,17.21999931,17.54000092,17.04999924,17.26000023,18812200
2017-01-19,17.27000046,17.5,17.14999962,17.29999924,10832000
2017-01-20,17.5,17.5,17.17000008,17.35000038,9858700
2017-01-23,17.30999947,17.39999962,17.17000008,17.34000015,6555000
2017-01-24,17.28000069,17.45000076,17.12999916,17.29999924,11136000
2017-01-26,17.36000061,17.46999931,17.29999924,17.30999947,7789000
2017-01-27,17.29999924,17.38999939,17.02000046,17.31999969,13214700
2017-01-30,17.23999977,17.31999969,16.88999939,16.96999931,6124600
2017-01-31,16.93000031,17.25,16.90999985,17.20000076,7057100
2017-02-01,17.27000046,17.43000031,17.22999954,17.31999969,10992500
2017-02-02,17.23999977,17.34000015,17.11000061,17.15999985,6398900
2017-02-03,17.06999969,17.39999962,16.94000053,17.35000038,13562500
2017-02-06,17.38999939,17.38999939,17.03000069,17.06999969,6596100
2017-02-07,17.10000038,17.26000023,17.02000046,17.02000046,9300200
2017-02-08,17.03000069,17.10000038,16.80999947,16.95999908,13096700
2017-02-09,16.98999977,17.07999992,16.82999992,16.88999939,11002200
2017-02-10,16.88999939,17.22999954,16.79000092,17.13999939,12688200
2017-02-13,17.20999908,17.37000084,17.05999947,17.25,9005500
2017-02-14,17.28000069,17.53000069,17.22999954,17.37999916,10668300
2017-02-15,17.5,18.07999992,17.45999908,18.02000046,18161900
2017-02-16,17.88999939,18.05999947,17.85000038,17.96999931,12169400
2017-02-17,17.95000076,18.01000023,17.79999924,17.89999962,7025800
2017-02-20,17.97999954,18.01000023,17.78000069,17.84000015,3507600
2017-02-21,17.93000031,18.10000038,17.85000038,18.06999969,8323600
2017-02-22,18.12000084,18.39999962,18.11000061,18.28000069,11232800
2017-02-23,18.30999947,18.59000015,18.11000061,18.12999916,10925500
2017-02-24,18.0,18.09000015,17.79000092,17.84000015,12946300
2017-03-01,17.98999977,18.15999985,17.81999969,17.90999985,8762400
2017-03-02,17.29999924,17.46999931,17.14999962,17.20999908,19515700
2017-03-03,17.27000046,17.44000053,17.07999992,17.38999939,12016300
2017-03-06,17.34000015,17.37999916,17.01000023,17.25,11989900
2017-03-07,17.20000076,17.21999931,16.81999969,16.81999969,17651100
2017-03-08,16.82999992,17.22999954,16.75,17.12000084,21297600
2017-03-09,17.10000038,17.37999916,17.05999947,17.29999924,13084700
2017-03-10,17.35000038,17.46999931,17.25,17.29999924,12386500
2017-03-13,17.35000038,17.48999977,17.29999924,17.36000061,6258700
2017-03-14,17.30999947,17.40999985,17.10000038,17.10000038,7321400
2017-03-15,17.01000023,17.34000015,17.01000023,17.29999924,12800100
2017-03-16,17.30999947,17.38999939,17.12999916,17.28000069,5855300
2017-03-17,17.34000015,17.45999908,17.10000038,17.20999908,17182600
2017-03-20,17.35000038,17.78000069,17.12000084,17.63999939,14252900
2017-03-21,17.70000076,17.70000076,17.37999916,17.42000008,10175600
2017-03-22,17.37000084,17.46999931,17.14999962,17.30999947,8537200
2017-03-23,17.19000053,17.59000015,17.12999916,17.44000053,9162800
2017-03-24,17.43000031,17.62999916,17.42000008,17.62999916,7812100
2017-03-27,17.53000069,17.82999992,17.5,17.79000092,8736700
2017-03-28,17.75,17.94000053,17.69000053,17.94000053,9862500
2017-03-29,17.94000053,18.18000031,17.87999916,18.18000031,9521200
2017-03-30,18.17000008,18.32999992,18.06999969,18.27000046,9191600
2017-03-31,18.21999931,18.37000084,18.17000008,18.23999977,12291400
2017-04-03,18.20000076,18.23999977,18.0,18.0,13499300
2017-04-04,18.01000023,18.11000061,17.87999916,18.11000061,5538800
2017-04-05,18.07999992,18.18000031,17.80999947,17.87999916,8734100
2017-04-06,17.87999916,18.04999924,17.77000046,17.97999954,9731500
2017-04-07,18.0,18.12999916,17.92000008,18.04999924,8071400
2017-04-10,18.10000038,18.13999939,17.90999985,18.0,15477000
2017-04-11,18.0,18.05999947,17.39999962,17.62000084,24885700
2017-04-12,17.64999962,17.81999969,17.55999947,17.67000008,19716200
2017-04-13,17.56999969,17.90999985,17.5,17.76000023,15008500
2017-04-17,17.79999924,18.13999939,17.71999931,18.05999947,11646300
2017-04-18,18.01000023,18.23999977,18.01000023,18.15999985,11850500
2017-04-19,18.17000008,18.19000053,17.98999977,18.10000038,24670100
2017-04-20,17.98999977,18.19000053,17.92000008,17.97999954,11200800
2017-04-24,18.14999962,18.18000031,17.95999908,18.03000069,9175400
2017-04-25,18.03000069,18.39999962,17.96999931,18.31999969,12074400
2017-04-26,18.29999924,18.30999947,18.10000038,18.20999908,8025000
2017-04-27,18.21999931,18.23999977,18.01000023,18.20000076,12905300
2017-04-28,18.20000076,18.39999962,18.12000084,18.26000023,10489400
2017-05-02,18.37000084,18.62999916,18.27000046,18.56999969,11291100
2017-05-03,18.56999969,18.62999916,18.34000015,18.55999947,9659800
2017-05-04,18.60000038,19.22999954,18.46999931,19.03000069,35564100
2017-05-05,18.94000053,19.03000069,18.86000061,18.89999962,8540800
2017-05-08,18.84000015,18.93000031,18.77000046,18.88999939,9409800
2017-05-09,18.94000053,19.05999947,18.79999924,18.95000076,11333100
2017-05-10,19.0,19.25,18.94000053,19.19000053,11358800
2017-05-11,19.14999962,19.57999992,19.12000084,19.53000069,22824200
2017-05-12,19.56999969,19.79000092,19.47999954,19.69000053,10667500
2017-05-15,19.70000076,19.85000038,19.47999954,19.73999977,10826700
2017-05-16,19.68000031,19.86000061,19.61000061,19.81999969,13418200
2017-05-17,19.67000008,19.92000008,19.51000023,19.63999939,12218500
2017-05-18,18.25,19.20999908,18.04999924,18.79999924,47330400
2017-05-19,18.68000031,18.98999977,18.39999962,18.62000084,27409800
2017-05-22,18.44000053,18.82999992,18.44000053,18.56999969,25852800
2017-05-23,18.56999969,18.97999954,18.56999969,18.88999939,16500500
2017-05-24,19.07999992,19.13999939,18.84000015,18.86000061,10225100
2017-05-25,18.95999908,19.04000092,18.77000046,18.92000008,8864900
2017-05-26,19.0,19.07999992,18.82999992,19.03000069,11820600
2017-05-29,19.03000069,19.03000069,19.03000069,19.03000069,0
2017-05-30,18.90999985,18.94000053,18.79000092,18.79000092,9445200
2017-05-31,18.80999947,18.87999916,18.62000084,18.70999908,15346500
2017-06-01,18.71999931,18.82999992,18.53000069,18.54999924,17828200
2017-06-02,18.61000061,18.76000023,18.30999947,18.56999969,27939700
2017-06-05,18.52000046,18.97999954,18.5,18.90999985,16514200
2017-06-06,18.86000061,19.18000031,18.85000038,19.06999969,15896400
2017-06-07,19.14999962,19.20999908,18.73999977,18.84000015,12376100
2017-06-08,18.72999954,18.79000092,18.53000069,18.53000069,13847400
2017-06-09,18.62000084,18.67000008,17.97999954,18.11000061,19905900
2017-06-12,18.05999947,18.20000076,17.93000031,18.07999992,14460500
2017-06-13,18.11000061,18.42000008,18.11000061,18.38999939,13088100
2017-06-14,18.36000061,18.48999977,18.0,18.18000031,25729100
2017-06-15,18.18000031,18.18000031,18.18000031,18.18000031,0
2017-06-16,18.21999931,18.21999931,17.73999977,17.78000069,45495200
2017-06-19,17.84000015,17.98999977,17.65999985,17.87000084,18928600
2017-06-20,17.88999939,18.27000046,17.80999947,18.06999969,22831800
2017-06-21,18.07999992,18.27000046,17.98999977,18.12999916,11833200
2017-06-22,18.15999985,18.31999969,18.10000038,18.20000076,7722900
2017-06-23,18.29999924,18.30999947,18.11000061,18.23999977,4632600
2017-06-26,18.22999954,18.38999939,18.17000008,18.27000046,7566700
2017-06-27,18.27000046,18.36000061,18.05999947,18.29000092,23318500
2017-06-28,18.37000084,18.40999985,18.13999939,18.29999924,8752100
2017-06-29,18.29999924,18.36000061,18.10000038,18.25,6348800
2017-06-30,18.27000046,18.42000008,18.25,18.30999947,6962800
2017-07-03,18.36000061,18.44000053,18.20000076,18.28000069,5363900
2017-07-04,18.19000053,18.30999947,18.19000053,18.23999977,2688500
2017-07-05,18.21999931,18.37999916,18.12999916,18.21999931,9175800
2017-07-06,18.21999931,18.23999977,17.71999931,17.78000069,19322100
2017-07-07,17.87000084,18.15999985,17.82999992,18.02000046,14318800
2017-07-10,18.04999924,18.37999916,18.0,18.30999947,10145800
2017-07-11,18.30999947,18.62999916,18.21999931,18.52000046,10168100
2017-07-12,18.60000038,18.77000046,18.47999954,18.64999962,13173900
2017-07-13,18.73999977,18.76000023,18.54999924,18.68000031,6512600
2017-07-14,18.69000053,18.82999992,18.65999985,18.75,5519500
2017-07-17,18.79999924,18.92000008,18.70999908,18.84000015,10153300
2017-07-18,18.87999916,18.87999916,18.64999962,18.75,6024000
2017-07-19,18.87999916,18.87999916,18.65999985,18.81999969,10751400
2017-07-20,18.76000023,18.88999939,18.70999908,18.78000069,7844500
2017-07-21,18.72999954,18.85000038,18.65999985,18.80999947,3845600
2017-07-24,18.81999969,18.92000008,18.76000023,18.81999969,4274500
2017-07-25,18.87999916,18.98999977,18.84000015,18.87999916,13671700
2017-07-26,18.85000038,18.95000076,18.75,18.82999992,6330200
2017-07-27,18.87999916,19.40999985,18.87999916,19.11000061,19358200
2017-07-28,18.95999908,19.21999931,18.92000008,19.10000038,10988300
2017-07-31,19.09000015,19.37000084,19.06999969,19.14999962,15242400
2017-08-01,19.15999985,19.29999924,19.09000015,19.23999977,8865400
2017-08-02,19.17000008,19.43000031,19.13999939,19.39999962,14957200
2017-08-03,19.37000084,19.39999962,19.22999954,19.26000023,9970100
2017-08-04,19.28000069,19.30999947,19.10000038,19.26000023,8045200
2017-08-07,19.25,19.43000031,19.15999985,19.35000038,11358100
2017-08-08,19.30999947,19.55999947,19.29000092,19.38999939,9884300
2017-08-09,19.29000092,19.45000076,19.21999931,19.42000008,4751100
2017-08-10,19.37000084,19.45000076,19.21999931,19.39999962,10295700
2017-08-11,19.54000092,19.57999992,19.40999985,19.52000046,11513400
2017-08-14,19.5,19.82999992,19.45999908,19.70999908,14955300
2017-08-15,19.76000023,19.89999962,19.69000053,19.78000069,11605500
2017-08-16,19.86000061,19.90999985,19.70000076,19.80999947,14771800
2017-08-17,19.75,19.85000038,19.68000031,19.79000092,5673300
2017-08-18,19.81999969,19.82999992,19.64999962,19.76000023,13220100
2017-08-21,19.76000023,19.80999947,19.68000031,19.73999977,13183900
2017-08-22,19.85000038,19.96999931,19.62999916,19.75,17661900
2017-08-23,19.69000053,19.89999962,19.62000084,19.84000015,8926700
2017-08-24,19.87000084,19.90999985,19.73999977,19.79999924,13754800
2017-08-25,19.77000046,19.89999962,19.77000046,19.85000038,6472500
2017-08-28,19.85000038,19.89999962,19.75,19.85000038,4165300
2017-08-29,19.80999947,19.92000008,19.79999924,19.89999962,4590700
2017-08-30,19.95999908,20.0,19.73999977,19.87999916,8532700
2017-08-31,19.77000046,19.90999985,19.77000046,19.86000061,11193000
2017-09-01,19.93000031,19.95999908,19.76000023,19.76000023,17630300
2017-09-04,19.76000023,19.80999947,19.60000038,19.72999954,12235200
2017-09-05,19.89999962,19.94000053,19.70999908,19.81999969,18386200
2017-09-06,19.93000031,20.27000046,19.88999939,20.12999916,20127000
2017-09-07,20.12999916,20.12999916,20.12999916,20.12999916,0
2017-09-08,20.35000038,20.37000084,19.88999939,20.10000038,14593900
2017-09-11,20.15999985,20.39999962,20.12999916,20.26000023,11151500
2017-09-12,20.38999939,21.20999908,20.34000015,21.01000023,28439700
2017-09-13,21.0,21.31999969,20.93000031,21.18000031,11039100
2017-09-14,21.18000031,21.36000061,21.04000092,21.19000053,8081100
2017-09-15,21.32999992,21.45999908,21.09000015,21.45999908,26245400
2017-09-18,21.42000008,21.46999931,21.12000084,21.20000076,13922900
2017-09-19,21.20000076,21.47999954,21.17000008,21.39999962,10078900
2017-09-20,21.36000061,21.47999954,21.20000076,21.47999954,17051700
2017-09-21,21.5,21.70000076,21.27000046,21.36000061,9042900
2017-09-22,21.37999916,21.62000084,21.36000061,21.52000046,12365600
2017-09-25,21.52000046,21.57999992,21.36000061,21.5,8295000
2017-09-26,21.60000038,21.60000038,21.11000061,21.18000031,24397700
2017-09-27,21.27000046,21.28000069,20.82999992,21.10000038,13320700
2017-09-28,21.18000031,21.20999908,21.03000069,21.05999947,10429400
2017-09-29,21.12000084,21.19000053,20.82999992,21.04000092,13225300
2017-10-02,20.92000008,20.92000008,20.47999954,20.70000076,17620100
2017-10-03,20.68000031,21.51000023,20.59000015,21.42000008,20186000
2017-10-04,21.37000084,21.5,21.07999992,21.20000076,13302000
2017-10-05,21.35000038,21.54999924,21.19000053,21.22999954,17195000
2017-10-06,21.11000061,21.12999916,20.88999939,21.06999969,7564200
2017-10-09,20.95999908,21.20000076,20.87000084,21.06999969,5283100
2017-10-10,21.30999947,21.82999992,21.20000076,21.55999947,32801000
2017-10-11,21.61000061,21.73999977,21.43000031,21.62999916,26552700
2017-10-12,21.62999916,21.62999916,21.62999916,21.62999916,0
2017-10-13,21.85000038,22.70000076,21.80999947,22.12999916,26243900
2017-10-16,22.25,22.25,21.76000023,21.92000008,13271300
2017-10-17,21.92000008,21.98999977,21.63999939,21.75,7051900
2017-10-18,21.79999924,21.94000053,21.68000031,21.78000069,14515700
2017-10-19,21.70000076,21.86000061,21.45999908,21.82999992,7696100
2017-10-20,21.82999992,21.90999985,21.45999908,21.53000069,11901300
2017-10-23,21.64999962,21.64999962,21.18000031,21.29999924,8081700
2017-10-24,21.44000053,21.44000053,21.23999977,21.31999969,11173800
2017-10-25,21.39999962,21.45000076,20.81999969,21.19000053,15875200
2017-10-26,21.28000069,21.29999924,20.85000038,21.04000092,11557100
2017-10-27,21.15999985,21.32999992,20.88999939,20.90999985,14504400
2017-10-30,20.87000084,20.98999977,20.64999962,20.95999908,17553000
2017-10-31,21.04999924,21.17000008,20.73999977,20.89999962,14383100
2017-11-01,21.0,21.21999931,20.73999977,20.73999977,16742000
2017-11-02,20.73999977,20.73999977,20.73999977,20.73999977,0
2017-11-03,20.73999977,20.78000069,20.43000031,20.60000038,20765200
2017-11-06,20.64999962,20.73999977,20.38999939,20.54000092,12867100
2017-11-07,20.43000031,20.53000069,20.10000038,20.20000076,17643000
2017-11-08,20.14999962,20.40999985,19.86000061,20.27000046,19153700
2017-11-09,20.34000015,20.37000084,20.06999969,20.21999931,12872400
2017-11-10,20.31999969,20.37000084,19.95000076,20.20999908,15202100
2017-11-13,20.20000076,20.34000015,19.98999977,20.21999931,9161800
2017-11-14,20.27000046,20.38999939,20.20000076,20.20000076,14925800
2017-11-15,20.20000076,20.20000076,20.20000076,20.20000076,0
2017-11-16,20.21999931,20.59000015,20.19000053,20.42000008,15850600
2017-11-17,20.38999939,20.68000031,20.29999924,20.54000092,9254300
2017-11-20,20.54000092,20.54000092,20.54000092,20.54000092,0
2017-11-21,20.68000031,20.95000076,20.51000023,20.80999947,13285900
2017-11-22,20.70999908,21.03000069,20.70000076,20.82999992,16883600
2017-11-23,20.75,20.85000038,20.51000023,20.70999908,5661300
2017-11-24,20.65999985,20.73999977,20.52000046,20.62000084,4749100
2017-11-27,20.60000038,20.78000069,20.36000061,20.73999977,8687300
2017-11-28,20.77000046,20.97999954,20.63999939,20.78000069,15988200
2017-11-29,20.95999908,20.95999908,20.51000023,20.55999947,15064800
2017-11-30,20.5,20.70999908,20.35000038,20.55999947,24640800
2017-12-01,20.45000076,20.52000046,20.29999924,20.45000076,7933800
2017-12-04,20.48999977,20.73999977,20.39999962,20.57999992,11058600
2017-12-05,20.51000023,20.89999962,20.47999954,20.54999924,15592800
2017-12-06,20.40999985,20.79999924,20.40999985,20.70999908,8274000
2017-12-07,20.54000092,20.79999924,20.36000061,20.71999931,12967300
2017-12-08,20.79000092,21.10000038,20.73999977,21.02000046,18886800
2017-12-11,21.04999924,21.18000031,20.93000031,21.14999962,13067700
2017-12-12,21.10000038,21.5,20.94000053,21.5,23500800
2017-12-13,21.64999962,21.71999931,21.01000023,21.04999924,27138100
2017-12-14,21.10000038,21.10000038,20.75,20.96999931,18025500
2017-12-15,20.89999962,21.09000015,20.79000092,20.89999962,18692900
2017-12-18,20.96999931,21.05999947,20.79000092,20.90999985,18404300
2017-12-19,20.63999939,20.64999962,20.45999908,20.59000015,8259800
2017-12-20,20.60000038,20.71999931,20.55999947,20.70000076,8924800
2017-12-21,20.70000076,21.04999924,20.60000038,20.96999931,18289100
2017-12-22,20.95000076,21.13999939,20.78000069,21.03000069,9495400
2017-12-25,21.03000069,21.03000069,21.03000069,21.03000069,0
2017-12-26,21.03000069,21.34000015,20.90999985,21.25,8193200
2017-12-27,21.27000046,21.46999931,21.27000046,21.39999962,5441900
2017-12-28,21.39999962,21.45000076,21.22999954,21.28000069,9896000
2017-12-29,21.28000069,21.28000069,21.28000069,21.28000069,0
2018-01-02,21.32999992,21.75,21.17000008,21.69000053,12717900
2018-01-03,21.55999947,21.96999931,21.55999947,21.73999977,9389900
2018-01-04,21.73999977,21.81999969,21.48999977,21.62000084,9150100
2018-01-05,21.62000084,21.75,21.54000092,21.70000076,11510200
2018-01-08,21.70000076,21.70000076,21.48999977,21.65999985,7074000
2018-01-09,21.64999962,21.69000053,21.52000046,21.60000038,5850700
2018-01-10,21.45000076,21.71999931,21.44000053,21.60000038,5434100
2018-01-11,21.70000076,21.87000084,21.52000046,21.85000038,8663800
2018-01-12,21.69000053,21.94000053,21.45999908,21.60000038,15529600
2018-01-15,21.60000038,21.85000038,21.60000038,21.81999969,4853800
2018-01-16,21.81999969,22.06999969,21.79999924,21.89999962,9196800
2018-01-17,21.95000076,22.05999947,21.79999924,22.03000069,11318200
2018-01-18,21.92000008,22.07999992,21.84000015,21.92000008,7703100
2018-01-19,21.98999977,22.05999947,21.82999992,22.0,10712900
2018-01-22,21.88999939,21.98999977,21.84000015,21.89999962,9900600
2018-01-23,21.88999939,22.0,21.65999985,21.81999969,9624900
2018-01-24,21.95999908,22.03000069,21.62000084,21.88999939,21173700
2018-01-25,21.88999939,21.88999939,21.88999939,21.88999939,0
2018-01-26,21.90999985,21.93000031,21.70999908,21.87999916,14872900
2018-01-29,21.79999924,21.85000038,21.68000031,21.84000015,8321700
2018-01-30,21.72999954,22.0,21.72999954,21.87000084,12080100
2018-01-31,21.95999908,22.26000023,21.92000008,21.95000076,12252600
2018-02-01,22.03000069,22.52000046,22.03000069,22.22999954,23424100
2018-02-02,21.92000008,22.11000061,21.69000053,22.01000023,12316800
2018-02-05,21.84000015,22.0,21.68000031,21.68000031,12556400
2018-02-06,21.52000046,21.84000015,21.10000038,21.62000084,18958500
2018-02-07,21.68000031,22.03000069,21.47999954,21.62000084,12915900
2018-02-08,21.70999908,21.92000008,21.51000023,21.65999985,20079400
2018-02-09,21.57999992,21.79000092,21.25,21.48999977,17136400
2018-02-14,21.70999908,22.39999962,21.65999985,22.23999977,17857000
2018-02-15,22.23999977,22.45000076,22.21999931,22.29999924,10312600
2018-02-16,22.27000046,22.52000046,22.04999924,22.43000031,13084500
2018-02-19,22.46999931,22.51000023,22.20000076,22.34000015,2501800
2018-02-20,22.22999954,22.70999908,22.14999962,22.70999908,15588100
2018-02-21,22.78000069,22.81999969,22.37000084,22.39999962,22576300
2018-02-22,22.45000076,22.5,22.25,22.42000008,16270400
2018-02-23,22.47999954,22.64999962,21.81999969,21.96999931,32687400
2018-02-26,22.21999931,22.23999977,21.79999924,22.14999962,19128700
2018-02-27,22.25,22.35000038,22.04999924,22.21999931,9223300
2018-02-28,22.29999924,22.38999939,22.0,22.0,62731700
2018-03-01,22.68000031,22.73999977,22.10000038,22.34000015,20943200
2018-03-02,22.21999931,22.57999992,22.02000046,22.57999992,13813000
2018-03-05,22.39999962,22.81999969,22.37999916,22.52000046,13439700
2018-03-06,22.56999969,22.92000008,22.44000053,22.77000046,16957900
2018-03-07,22.73999977,23.15999985,22.63999939,23.06999969,13617400
2018-03-08,22.95999908,23.47999954,22.94000053,23.29999924,16683100
2018-03-09,23.35000038,23.54999924,23.23999977,23.44000053,10929200
2018-03-12,23.44000053,24.13999939,23.31999969,23.97999954,18557700
2018-03-13,24.02000046,24.14999962,23.72999954,23.95999908,8862600
2018-03-14,23.81999969,24.34000015,23.81999969,24.27000046,8575500
2018-03-15,24.05999947,24.29999924,23.79999924,23.87999916,20333500
2018-03-16,23.79999924,23.97999954,23.54000092,23.61000061,20736400
2018-03-19,23.47999954,23.79999924,23.30999947,23.79000092,9433700
2018-03-20,23.95000076,23.95000076,23.56999969,23.69000053,8410300
2018-03-21,23.62000084,24.06999969,23.55999947,23.88999939,9439300
2018-03-22,23.98999977,24.07999992,23.72999954,24.01000023,10445800
2018-03-23,23.78000069,24.14999962,23.78000069,23.92000008,8839900
2018-03-26,24.14999962,24.14999962,23.67000008,24.0,9371800
2018-03-27,23.95999908,24.06999969,23.68000031,23.84000015,10656100
2018-03-28,23.68000031,23.96999931,23.60000038,23.81999969,8930200
2018-03-29,23.81999969,24.20999908,23.78000069,24.06999969,12454500
2018-04-02,24.06999969,24.12999916,23.75,23.85000038,5557700
2018-04-03,23.89999962,24.20000076,23.87000084,24.20000076,9681500
2018-04-04,23.88999939,24.28000069,23.86000061,24.19000053,12759600
2018-04-05,24.38999939,24.55999947,24.03000069,24.03000069,12111900
2018-04-06,23.52000046,23.52000046,22.92000008,23.25,24189300
2018-04-09,23.05999947,23.46999931,23.05999947,23.29000092,16524900
2018-04-10,23.42000008,23.85000038,23.27000046,23.79999924,15457400
2018-04-11,23.61000061,24.04999924,23.61000061,23.85000038,11508300
2018-04-12,23.95999908,24.0,23.20999908,23.29000092,12543200
2018-04-13,23.28000069,23.43000031,23.03000069,23.26000023,13368500
2018-04-16,23.26000023,23.37999916,22.85000038,22.97999954,21613800
2018-04-17,23.02000046,23.26000023,22.77000046,23.11000061,11712400
2018-04-18,23.22999954,23.53000069,23.04999924,23.35000038,21079600
2018-04-19,23.21999931,23.5,23.13999939,23.5,15997900
2018-04-20,23.45000076,23.51000023,23.20999908,23.43000031,8479200
2018-04-23,23.30999947,23.54999924,23.22999954,23.45000076,8104000
2018-04-24,23.52000046,23.64999962,23.28000069,23.30999947,11955300
2018-04-25,23.21999931,23.35000038,23.10000038,23.17000008,9453300
2018-04-26,23.15999985,23.59000015,23.15999985,23.30999947,12020200
2018-04-27,23.51000023,23.52000046,23.18000031,23.18000031,8596100
2018-04-30,23.22999954,23.47999954,23.21999931,23.32999992,6094800
2018-05-02,23.17000008,23.35000038,22.54000092,22.67000008,19421600
2018-05-03,22.54000092,22.86000061,22.53000069,22.60000038,11561100
2018-05-04,22.46999931,22.78000069,22.42000008,22.5,23312500
2018-05-07,22.62999916,22.68000031,22.22999954,22.34000015,12905400
2018-05-08,22.25,22.71999931,22.22999954,22.44000053,23215000
2018-05-09,22.35000038,22.35000038,21.84000015,21.90999985,32018000
2018-05-10,22.04000092,22.06999969,21.69000053,21.79999924,27321400
2018-05-11,21.79999924,21.92000008,21.62999916,21.85000038,9202600
2018-05-14,21.86000061,22.0,21.69000053,21.70999908,13097400
2018-05-15,21.51000023,21.57999992,21.35000038,21.45999908,13753400
2018-05-16,21.38999939,21.73999977,21.34000015,21.51000023,15282900
2018-05-17,21.44000053,21.48999977,21.0,21.09000015,23567200
2018-05-18,20.80999947,20.88999939,20.22999954,20.62999916,64364800
2018-05-21,20.59000015,20.78000069,20.21999931,20.29999924,27295100
2018-05-22,20.45000076,20.45000076,20.04000092,20.14999962,26645200
2018-05-23,20.05999947,20.29999924,20.03000069,20.04999924,19890600
2018-05-24,19.92000008,20.38999939,19.87000084,20.32999992,21344000
2018-05-25,20.28000069,20.36000061,19.96999931,20.15999985,23578900
2018-05-28,19.87000084,20.07999992,19.54999924,19.76000023,12122600
2018-05-29,19.79999924,19.95999908,19.38999939,19.59000015,21280400
2018-05-30,19.55999947,19.93000031,19.44000053,19.69000053,32485100
2018-06-01,19.60000038,20.09000015,19.60000038,19.94000053,14595000
2018-06-04,20.14999962,20.31999969,20.0,20.04000092,11908700
2018-06-05,20.02000046,20.18000031,19.72999954,19.76000023,19039400
2018-06-06,19.71999931,19.84000015,19.37999916,19.53000069,17144300
2018-06-07,19.19000053,19.62000084,18.92000008,19.07999992,32312300
2018-06-08,19.11000061,19.19000053,18.81999969,18.95999908,18958000
2018-06-11,18.92000008,19.18000031,18.85000038,18.98999977,14660000
2018-06-12,18.94000053,19.07999992,18.76000023,18.87999916,15225500
2018-06-13,18.89999962,18.95999908,18.5,18.70999908,16002800
2018-06-14,18.77000046,19.18000031,18.71999931,18.93000031,20899000
2018-06-15,18.89999962,18.96999931,18.39999962,18.71999931,33244000
2018-06-18,18.29999924,18.72999954,18.14999962,18.54000092,19846300
2018-06-19,18.53000069,18.98999977,18.39999962,18.79999924,18676900
2018-06-20,18.92000008,18.93000031,18.42000008,18.54000092,19540200
2018-06-21,18.5,18.67000008,18.12999916,18.12999916,12710600
2018-06-22,18.25,18.5,18.05999947,18.15999985,10671500
2018-06-25,18.20000076,18.45000076,18.13999939,18.21999931,10669300
2018-06-26,18.27000046,18.31999969,17.79000092,18.09000015,19940100
2018-06-27,17.94000053,18.21999931,17.87000084,17.95000076,11532700
2018-06-28,17.93000031,18.18000031,17.84000015,18.01000023,10416400
2018-06-29,18.09000015,18.30999947,17.93000031,17.97999954,13306900
2018-07-02,17.93000031,18.23999977,17.79999924,18.13999939,7294300
2018-07-03,18.13999939,18.40999985,18.09000015,18.09000015,10977800
2018-07-04,18.11000061,18.23999977,17.97999954,18.10000038,7882400
2018-07-05,18.14999962,18.43000031,18.01000023,18.39999962,11574400
2018-07-06,18.39999962,18.39999962,17.97999954,18.09000015,19331000
2018-07-10,18.13999939,18.20999908,18.01000023,18.19000053,12608800
2018-07-11,18.20000076,18.26000023,17.79999924,17.90999985,13464200
2018-07-12,17.90999985,18.29999924,17.90999985,18.23999977,18946300
2018-07-13,18.25,18.47999954,18.17000008,18.44000053,11875400
2018-07-16,18.53000069,19.03000069,18.53000069,18.95000076,18208300
2018-07-17,18.95999908,19.37000084,18.90999985,19.17000008,14126700
2018-07-18,19.11000061,19.22999954,18.65999985,18.76000023,11851300
2018-07-19,18.61000061,18.87999916,18.45000076,18.87999916,10294600
2018-07-20,19.20000076,19.28000069,18.70000076,18.79000092,14247100
2018-07-23,18.79000092,18.90999985,18.52000046,18.64999962,6126000
2018-07-24,18.75,19.04000092,18.67000008,18.96999931,13453000
2018-07-25,18.96999931,19.0,18.69000053,18.89999962,14883100
2018-07-26,19.64999962,19.94000053,19.51000023,19.88999939,33046900
2018-07-27,19.95000076,20.29999924,19.70999908,19.80999947,16978200
2018-07-30,19.65999985,19.79000092,19.55999947,19.70000076,12744700
2018-07-31,19.70000076,19.79000092,19.23999977,19.40999985,13110300
2018-08-01,19.45000076,19.70999908,19.36000061,19.45000076,9261100
2018-08-02,19.29999924,19.44000053,19.20999908,19.29000092,8645900
2018-08-03,19.37999916,19.57999992,19.20999908,19.29999924,13735700
2018-08-06,19.35000038,19.40999985,19.17000008,19.29999924,6327100
2018-08-07,19.29999924,19.34000015,19.05999947,19.17000008,14107500
2018-08-08,19.12000084,19.32999992,19.02000046,19.15999985,21203400
2018-08-09,19.12000084,19.44000053,19.10000038,19.27000046,14312100
2018-08-10,19.15999985,19.21999931,18.88999939,18.90999985,18932500
2018-08-13,18.82999992,19.20999908,18.70000076,19.13999939,10336600
2018-08-14,19.27000046,19.45999908,19.10000038,19.40999985,20005300
2018-08-15,19.20000076,19.59000015,19.20000076,19.42000008,17960100
2018-08-16,19.34000015,19.43000031,18.96999931,19.01000023,10816900
2018-08-17,18.95000076,19.29999924,18.56999969,19.18000031,20326000
2018-08-20,19.04999924,19.26000023,18.92000008,19.14999962,13221500
2018-08-21,19.03000069,19.28000069,18.85000038,18.97999954,11065800
2018-08-22,18.97999954,19.04000092,18.76000023,18.89999962,11062000
2018-08-23,18.93000031,19.15999985,18.75,18.94000053,14962400
2018-08-24,18.95999908,19.15999985,18.94000053,19.06999969,13921900
2018-08-27,19.10000038,19.26000023,19.03000069,19.12999916,14945900
2018-08-28,19.12999916,19.14999962,19.0,19.10000038,11838900
2018-08-29,19.12000084,19.46999931,19.07999992,19.25,12853800
2018-08-30,19.14999962,19.22999954,18.72999954,19.0,18010200
2018-08-31,18.95999908,19.04000092,18.68000031,18.85000038,26640800
2018-09-03,18.89999962,18.92000008,18.54000092,18.62999916,4966100
2018-09-04,18.63999939,18.64999962,18.01000023,18.01000023,19372200
2018-09-05,18.01000023,18.35000038,18.0,18.13999939,15790000
2018-09-06,18.25,18.46999931,17.97999954,18.31999969,16262200
2018-09-10,18.31999969,18.45000076,18.19000053,18.29000092,11868100
2018-09-11,18.14999962,18.23999977,17.88999939,18.19000053,14217500
2018-09-12,18.20999908,18.56999969,18.12999916,18.45000076,14075600
2018-09-13,18.37999916,18.51000023,18.20999908,18.32999992,10927000
2018-09-14,18.26000023,18.45000076,18.06999969,18.22999954,10265000
2018-09-17,18.14999962,18.40999985,18.13999939,18.36000061,15714800
2018-09-18,18.28000069,18.95999908,18.28000069,18.79000092,14866400
2018-09-19,18.63999939,18.93000031,18.54999924,18.79000092,13022400
2018-09-20,18.97999954,18.97999954,18.68000031,18.75,7134900
2018-09-21,18.85000038,19.18000031,18.79999924,18.85000038,19894000
2018-09-24,18.79000092,18.81999969,18.34000015,18.38999939,12892100
2018-09-25,18.25,18.51000023,18.15999985,18.39999962,11472300
2018-09-26,18.39999962,18.89999962,18.29999924,18.70000076,10959200
2018-09-27,18.79000092,18.95000076,18.44000053,18.47999954,25704700
2018-09-28,18.37000084,18.5,18.25,18.34000015,9047100
2018-10-01,18.35000038,18.54999924,18.35000038,18.43000031,6236800
2018-10-02,18.79000092,18.79999924,17.97999954,18.25,26709600
2018-10-03,18.73999977,18.73999977,18.03000069,18.12999916,21377300
2018-10-04,18.14999962,18.20000076,17.65999985,17.87000084,12303600
2018-10-05,18.04000092,18.07999992,17.52000046,17.64999962,16164800
2018-10-08,18.0,18.35000038,17.84000015,18.0,26644000
2018-10-09,18.12000084,18.13999939,17.42000008,17.47999954,19569800
2018-10-10,17.42000008,17.48999977,17.20000076,17.20000076,11261500
2018-10-11,17.29999924,17.29999924,16.92000008,16.98999977,14529800
2018-10-15,17.14999962,17.18000031,16.86000061,16.93000031,15583600
2018-10-16,17.0,17.45999908,16.98999977,17.40999985,13766600
2018-10-17,17.29999924,17.35000038,17.04000092,17.04999924,14503400
2018-10-18,17.04999924,17.12999916,16.64999962,16.64999962,14101200
2018-10-19,16.79999924,16.95999908,16.55999947,16.86000061,8740300
2018-10-22,16.94000053,17.04000092,16.56999969,16.81999969,20248500
2018-10-23,16.65999985,16.78000069,16.48999977,16.62999916,23081500
2018-10-24,16.70000076,16.70000076,15.88000011,15.89000034,32261600
2018-10-25,14.80000019,15.09000015,14.53999996,15.0,80816400
2018-10-26,15.14999962,15.48999977,14.78999996,15.18999958,39461900
2018-10-29,15.47999954,15.68000031,15.31000042,15.43000031,31727000
2018-10-30,15.56000042,16.12999916,15.47999954,16.04999924,34851100
2018-10-31,16.19000053,16.37000084,15.94999981,16.34000015,27263000
2018-11-01,16.37000084,16.45000076,16.13999939,16.37000084,22441600
2018-11-05,16.5,16.54999924,16.21999931,16.45999908,19580700
2018-11-06,16.31999969,16.79999924,16.15999985,16.63999939,18079800
2018-11-07,16.71999931,16.87999916,16.31999969,16.35000038,16523600
2018-11-08,16.39999962,16.63999939,15.68000031,15.71000004,20668200
2018-11-09,15.78999996,16.12999916,15.71000004,16.07999992,20738100
2018-11-12,16.04000092,16.20999908,15.78999996,15.94999981,11207200
2018-11-13,16.04999924,16.15999985,15.59000015,15.76000023,17448400
2018-11-14,15.69999981,16.10000038,15.68000031,16.03000069,18774300
2018-11-16,16.10000038,16.5,16.05999947,16.5,19753600
2018-11-19,16.46999931,16.46999931,16.06999969,16.45999908,14540100
2018-11-21,16.25,16.39999962,15.93000031,16.37999916,14321100
2018-11-22,16.53000069,16.62000084,16.44000053,16.5,7567000
2018-11-23,16.5,16.56999969,16.10000038,16.20000076,15008800
2018-11-26,16.34000015,16.37000084,15.93999958,16.14999962,15378900
2018-11-27,16.14999962,16.65999985,15.81000042,16.54000092,21281800
2018-11-28,16.52000046,16.72999954,16.30999947,16.69000053,18701500
2018-11-29,16.55999947,16.85000038,16.35000038,16.63999939,22012600
2018-11-30,16.60000038,16.92000008,16.47999954,16.92000008,35082800
2018-12-03,17.0,17.01000023,16.56999969,16.73999977,27568700
2018-12-04,16.79999924,17.0,16.57999992,16.64999962,33320100
2018-12-05,16.75,16.76000023,16.43000031,16.54000092,9199200
2018-12-06,16.40999985,16.51000023,16.21999931,16.38999939,17966500
2018-12-07,16.37999916,16.38999939,16.05999947,16.11000061,16990500
2018-12-10,16.11000061,16.21999931,15.73999977,15.89000034,20788000
2018-12-11,15.97999954,16.19000053,15.88000011,15.94999981,18074400
2018-12-12,16.10000038,16.20000076,15.86999989,15.94999981,20917600
2018-12-13,16.03000069,16.35000038,16.03000069,16.31999969,13558900
2018-12-14,16.19000053,16.44000053,16.03000069,16.05999947,11488300
2018-12-17,16.12000084,16.19000053,16.0,16.10000038,15399600
2018-12-18,16.17000008,16.17000008,15.88000011,15.88000011,13908400
2018-12-19,15.80000019,15.89000034,15.39999962,15.39999962,13065100
2018-12-20,15.63000011,15.65999985,15.09000015,15.21000004,14676600
2018-12-21,15.26000023,15.32999992,14.90999985,15.17000008,46930400
2018-12-26,15.10000038,15.44999981,15.02000046,15.14000034,11460500
2018-12-27,15.14000034,15.39999962,15.05000019,15.10000038,12544400
2018-12-28,15.22999954,15.67000008,15.19999981,15.38000011,15498800
2019-01-02,15.39999962,16.29999924,15.39999962,16.14999962,18692900
2019-01-03,16.01000023,16.32999992,15.89000034,16.32999992,22739200
2019-01-04,16.29999924,16.69000053,16.03000069,16.54999924,27484600
2019-01-07,16.56999969,16.62999916,16.34000015,16.47999954,17084500
2019-01-08,16.54000092,16.70000076,16.09000015,16.14999962,22108700
2019-01-09,16.20000076,16.54000092,16.11000061,16.37999916,16479100
2019-01-10,16.39999962,17.0,16.28000069,16.85000038,23347300
2019-01-11,17.02000046,17.29000092,16.87999916,17.29000092,73632000
2019-01-14,17.23999977,17.65999985,17.10000038,17.54000092,31707300
2019-01-15,17.56999969,17.79000092,17.29999924,17.70000076,35536600
2019-01-16,17.70000076,17.84000015,17.55999947,17.79999924,19990600
2019-01-17,17.68000031,17.90999985,17.47999954,17.85000038,22422400
2019-01-18,17.89999962,18.0,17.62000084,18.0,21264700
2019-01-21,17.93000031,18.0,17.63999939,18.0,9103600
2019-01-22,17.88999939,18.07999992,17.40999985,17.54000092,22633800
2019-01-23,17.60000038,17.62000084,17.07999992,17.18000031,26855900
2019-01-24,17.20000076,17.29999924,16.95000076,17.15999985,24197500
2019-01-28,17.10000038,18.0,17.09000015,17.95000076,32754800
2019-01-29,18.02000046,18.20000076,17.68000031,17.87000084,30181400
2019-01-30,17.96999931,18.20000076,17.62999916,17.96999931,19243300
2019-01-31,18.0,18.10000038,17.51000023,17.51000023,22631500
2019-02-01,17.54000092,18.11000061,17.53000069,18.11000061,19948900
2019-02-04,18.06999969,18.47999954,17.89999962,18.45000076,23329600
2019-02-05,18.37999916,18.90999985,18.32999992,18.63999939,23156300
2019-02-06,18.44000053,18.65999985,18.09000015,18.09000015,22891100
2019-02-07,18.19000053,18.87000084,18.19000053,18.75,41426700
2019-02-08,18.64999962,18.97999954,18.12999916,18.21999931,38093500
2019-02-11,18.25,18.73999977,18.11000061,18.70999908,29145400
2019-02-12,18.78000069,19.04999924,18.60000038,18.67000008,23990500
2019-02-13,18.86000061,18.86000061,18.29999924,18.38999939,32536700
2019-02-14,18.36000061,18.67000008,18.11000061,18.59000015,20335700
2019-02-15,18.57999992,18.73999977,18.39999962,18.48999977,14836400
2019-02-18,18.5,18.51000023,18.09000015,18.19000053,14494400
2019-02-19,18.19000053,18.56999969,18.15999985,18.31999969,16276800
2019-02-20,18.30999947,18.54000092,18.13999939,18.14999962,22077800
2019-02-21,18.23999977,18.40999985,18.14999962,18.31999969,15038500
2019-02-22,18.23999977,18.31999969,18.01000023,18.31999969,22170000
2019-02-25,18.29999924,18.45000076,18.25,18.38999939,9837900
2019-02-26,18.42000008,18.57999992,18.29999924,18.48999977,12685600
2019-02-27,18.43000031,18.52000046,18.27000046,18.36000061,16915100
2019-02-28,18.13999939,18.14999962,17.17000008,17.22999954,49931300
2019-03-01,17.13999939,17.22999954,16.61000061,16.76000023,37227300
2019-03-06,16.71999931,16.77000046,16.36000061,16.37000084,18259400
2019-03-07,16.37000084,16.85000038,16.30999947,16.69000053,20143000
2019-03-08,16.59000015,16.70000076,16.39999962,16.59000015,20486300
2019-03-11,16.69000053,17.26000023,16.62000084,17.11000061,24113400
2019-03-12,17.20000076,17.32999992,16.87999916,17.0,19858900
2019-03-13,16.97999954,17.04000092,16.73999977,16.89999962,20265200
2019-03-14,16.92000008,16.92000008,16.56999969,16.65999985,20534200
2019-03-15,16.65999985,16.79000092,16.48999977,16.76000023,31836900
2019-03-18,16.79999924,17.52000046,16.78000069,17.30999947,31559300
2019-03-19,17.27000046,17.42000008,17.17000008,17.19000053,16625600
2019-03-20,17.15999985,17.29999924,17.0,17.0,18926100
2019-03-21,16.88999939,17.27000046,16.68000031,16.97999954,35961000
2019-03-22,16.70000076,16.89999962,16.52000046,16.71999931,33908300
2019-03-25,16.64999962,16.78000069,16.43000031,16.52000046,17569800
2019-03-26,16.63999939,17.15999985,16.29999924,16.98999977,30804300
2019-03-27,16.79999924,16.95999908,16.45000076,16.54000092,32628900
2019-03-28,16.54000092,16.94000053,16.47999954,16.75,21093200
2019-03-29,16.87000084,16.96999931,16.70000076,16.82999992,15839700
2019-04-01,16.87000084,17.0,16.73999977,16.81999969,12340900
2019-04-02,17.0,17.12999916,16.71999931,16.77000046,15431100
2019-04-03,16.87000084,17.12000084,16.79000092,16.84000015,14753700
2019-04-04,16.95000076,17.39999962,16.88999939,17.31999969,15281900
2019-04-05,17.37000084,17.64999962,17.35000038,17.44000053,16184700
2019-04-08,17.44000053,17.47999954,17.15999985,17.35000038,10742400
2019-04-09,17.20999908,17.69000053,17.20999908,17.69000053,25773700
2019-04-10,17.70000076,17.76000023,17.37999916,17.54999924,20199100
2019-04-11,17.51000023,17.63999939,17.20999908,17.25,15229900
2019-04-12,17.05999947,17.5,17.0,17.05999947,29774300
2019-04-15,17.20000076,17.42000008,17.09000015,17.42000008,18868300
2019-04-16,17.37999916,17.67000008,17.34000015,17.53000069,13454300
2019-04-17,17.69000053,17.69000053,16.95999908,17.04999924,31512000
2019-04-18,17.20000076,17.20000076,16.86000061,17.07999992,21532200
2019-04-22,17.07999992,17.55999947,16.94000053,17.5,19577100
2019-04-23,17.55999947,17.93000031,17.54999924,17.67000008,13912000
2019-04-24,17.70000076,17.78000069,17.32999992,17.71999931,21919500
2019-04-25,17.62999916,18.32999992,17.60000038,18.30999947,29435300
2019-04-26,18.20000076,18.37000084,18.04999924,18.29000092,14151100
2019-04-29,18.29999924,18.48999977,18.21999931,18.35000038,15043300
2019-04-30,18.37999916,18.54000092,18.20999908,18.46999931,25093600
2019-05-02,18.26000023,18.53000069,17.95000076,17.95000076,23174500
2019-05-03,18.03000069,18.10000038,17.72999954,17.92000008,21902300
2019-05-06,17.70000076,18.19000053,17.56999969,18.05999947,16137000
2019-05-07,18.20000076,18.22999954,17.23999977,17.64999962,43377300
2019-05-08,17.79999924,17.98999977,17.63999939,17.92000008,35491400
2019-05-09,17.75,17.82999992,17.43000031,17.48999977,20651100
2019-05-10,17.5,17.53000069,17.17000008,17.29999924,15438500
2019-05-13,17.0,17.19000053,16.92000008,17.01000023,24573100
2019-05-14,17.05999947,17.14999962,16.76000023,16.94000053,18510000
2019-05-15,16.71999931,16.81999969,16.55999947,16.61000061,26326100
2019-05-16,16.5,16.77000046,16.35000038,16.63999939,27881900
2019-05-17,16.54000092,16.96999931,16.45000076,16.48999977,25763700
2019-05-20,16.59000015,16.70999908,16.39999962,16.48999977,43284300
2019-05-21,16.70000076,17.22999954,16.61000061,17.09000015,31103500
2019-05-22,17.17000008,17.34000015,16.96999931,17.20999908,16255100
2019-05-23,17.18000031,17.38999939,17.06999969,17.20999908,12687200
2019-05-24,17.26000023,17.34000015,16.86000061,17.05999947,15540300
2019-05-27,17.10000038,17.34000015,17.04999924,17.21999931,6924700
2019-05-28,17.29000092,17.54999924,17.18000031,17.30999947,40302300
2019-05-29,17.31999969,17.47999954,17.17000008,17.26000023,17718300
2019-05-30,17.21999931,17.53000069,17.21999931,17.43000031,14045800
2019-05-31,17.38999939,17.60000038,17.28000069,17.54999924,23080800
2019-06-03,17.60000038,17.62999916,17.30999947,17.42000008,18578500
2019-06-04,17.48999977,17.54000092,17.21999931,17.35000038,16407200
2019-06-05,17.38999939,17.54999924,17.36000061,17.40999985,13357100
2019-06-06,17.60000038,17.75,17.48999977,17.63999939,10219400
2019-06-07,17.70000076,17.78000069,17.57999992,17.61000061,11447300
2019-06-10,17.61000061,17.89999962,17.60000038,17.64999962,14089900
2019-06-11,17.68000031,17.95000076,17.59000015,17.71999931,24719200
2019-06-12,17.71999931,17.79000092,17.43000031,17.68000031,21035200
2019-06-13,17.70000076,17.95999908,17.69000053,17.85000038,17586300
2019-06-14,17.86000061,18.04000092,17.60000038,17.63999939,15962500
2019-06-17,17.61000061,17.90999985,17.5,17.79999924,18256700
2019-06-18,17.85000038,18.06999969,17.81999969,18.04999924,13201000
2019-06-19,18.04999924,18.36000061,17.97999954,18.20000076,23446200
2019-06-21,18.28000069,18.57999992,18.28000069,18.45000076,28297900
2019-06-24,18.44000053,18.5,18.29999924,18.29999924,14143300
2019-06-25,18.32999992,18.42000008,18.07999992,18.17000008,19199900
2019-06-26,18.19000053,18.27000046,17.97999954,18.10000038,15422800
2019-06-27,17.96999931,18.04999924,17.80999947,18.04999924,12537000
2019-06-28,18.15999985,18.20000076,17.78000069,17.88999939,17249500
2019-07-01,18.10000038,18.11000061,17.69000053,17.80999947,16148600
2019-07-02,17.79999924,18.25,17.77000046,18.12999916,15780800
2019-07-03,18.02000046,18.98999977,18.01000023,18.84000015,40587600
2019-07-04,18.95000076,19.17000008,18.88999939,19.0,15014400
2019-07-05,18.96999931,19.06999969,18.68000031,19.0,22139900
2019-07-08,19.04000092,19.18000031,18.76000023,18.94000053,18757800
2019-07-10,18.95000076,19.23999977,18.81999969,19.02000046,33415700
2019-07-11,19.06999969,19.18000031,18.60000038,18.69000053,18302600
2019-07-12,18.70000076,18.70000076,18.10000038,18.20000076,31136800
2019-07-15,18.39999962,18.40999985,18.10000038,18.25,16291700
2019-07-16,18.25,18.37000084,18.03000069,18.10000038,9964700
2019-07-17,18.13999939,18.20000076,17.93000031,17.98999977,10416500
2019-07-18,18.03000069,18.29999924,17.92000008,18.25,11537900
2019-07-19,18.22999954,18.52000046,18.04999924,18.09000015,15923300
2019-07-22,18.06999969,18.25,17.85000038,17.98999977,12533800
2019-07-23,18.0,18.27000046,17.95999908,18.03000069,15130100
2019-07-24,18.19000053,18.21999931,17.94000053,17.95999908,11971400
2019-07-25,19.0,19.71999931,18.76000023,19.48999977,75250600
2019-07-26,19.48999977,19.96999931,19.45000076,19.79999924,35478100
2019-07-29,19.79999924,20.68000031,19.68000031,20.5,36618000
2019-07-30,20.31999969,20.77000046,20.25,20.34000015,24255200
2019-07-31,20.30999947,20.40999985,19.84000015,20.12999916,27074600
2019-08-01,20.15999985,20.70000076,20.15999985,20.42000008,26961600
2019-08-02,20.40999985,20.62000084,20.32999992,20.48999977,15526900
2019-08-05,20.14999962,20.40999985,20.07999992,20.15999985,20704700
2019-08-06,20.17000008,20.57999992,20.07999992,20.47999954,21755600
2019-08-07,20.19000053,20.71999931,20.12999916,20.62999916,18799000
2019-08-08,20.04999924,20.42000008,19.94000053,20.17000008,47777900
2019-08-09,20.17000008,20.20000076,19.93000031,20.06999969,18921100
2019-08-12,19.77000046,19.77000046,19.27000046,19.47999954,26937600
2019-08-13,19.31999969,19.60000038,19.28000069,19.37999916,21165200
2019-08-14,19.29999924,19.37000084,18.84000015,19.01000023,27713200
2019-08-15,19.05999947,19.14999962,18.57999992,18.78000069,21761100
2019-08-16,18.92000008,18.95000076,18.65999985,18.89999962,17271500
2019-08-19,19.0,19.23999977,18.90999985,19.11000061,16230300
2019-08-20,19.04999924,19.06999969,18.84000015,18.94000053,15670100
2019-08-21,19.14999962,19.19000053,18.75,18.79999924,17575900
2019-08-22,18.92000008,18.92000008,18.28000069,18.46999931,26247200
2019-08-23,18.29000092,18.70999908,18.03000069,18.32999992,28288000
2019-08-26,18.45999908,18.53000069,17.95999908,18.09000015,16632700
2019-08-27,18.15999985,18.37000084,17.90999985,18.17000008,31854400
2019-08-28,18.01000023,18.20000076,17.96999931,18.14999962,15473700
2019-08-29,18.06999969,18.57999992,18.02000046,18.54999924,16894600
2019-08-30,18.62000084,18.88999939,18.56999969,18.71999931,22981700
2019-09-02,18.71999931,18.92000008,18.37999916,18.37999916,8064200
2019-09-03,18.34000015,18.85000038,18.26000023,18.52000046,20597800
2019-09-04,18.73999977,18.86000061,18.56999969,18.79999924,15174900
2019-09-05,18.89999962,19.0,18.69000053,18.69000053,15042800
2019-09-06,18.82999992,18.87999916,18.57999992,18.71999931,13073200
2019-09-09,18.79000092,18.90999985,18.65999985,18.87000084,11456600
2019-09-10,18.87000084,19.12000084,18.72999954,18.81999969,23425400
2019-09-11,18.89999962,19.28000069,18.71999931,18.90999985,28800600
2019-09-12,19.10000038,19.48999977,19.01000023,19.37000084,22002000
2019-09-13,19.35000038,19.47999954,18.95999908,19.10000038,16045800
2019-09-16,19.05999947,19.22999954,18.93000031,19.14999962,14858800
2019-09-17,19.03000069,19.5,19.03000069,19.43000031,16934100
2019-09-18,19.36000061,19.45000076,19.14999962,19.26000023,18071900
2019-09-19,19.47999954,19.60000038,19.20000076,19.35000038,31691000
2019-09-20,19.43000031,19.46999931,19.10000038,19.38999939,32308600
2019-09-23,19.23999977,19.54000092,19.22999954,19.40999985,13285800
2019-09-24,19.46999931,19.51000023,19.12999916,19.35000038,16081600
2019-09-25,19.25,19.62999916,19.25,19.60000038,15272500
2019-09-26,19.56999969,19.76000023,19.37999916,19.53000069,33348400
2019-09-27,19.55999947,19.67000008,19.30999947,19.45000076,12432300
2019-09-30,19.53000069,19.55999947,19.17000008,19.25,21606700
2019-10-01,19.29999924,19.45999908,19.11000061,19.30999947,24459600
2019-10-02,19.20999908,19.29000092,18.75,18.86000061,17900100
2019-10-03,18.79999924,18.85000038,18.46999931,18.57999992,19307100
2019-10-04,18.59000015,19.37000084,18.5,19.20999908,35765000
2019-10-07,19.20999908,19.28000069,18.78000069,18.87000084,17635100
2019-10-08,18.84000015,18.86000061,18.48999977,18.60000038,19185600
2019-10-09,18.70000076,18.84000015,18.54000092,18.67000008,13310500
2019-10-10,18.62000084,18.73999977,18.29000092,18.42000008,23781900
2019-10-11,18.54000092,18.85000038,18.45999908,18.57999992,18950100
2019-10-14,18.69000053,18.77000046,18.53000069,18.71999931,7716500
2019-10-15,18.71999931,19.04000092,18.68000031,18.88999939,12359100
2019-10-16,19.04999924,19.04999924,18.69000053,18.88999939,22029700
2019-10-17,18.94000053,18.96999931,18.72999954,18.77000046,12012200
2019-10-18,18.82999992,18.87999916,18.54000092,18.67000008,10737900
2019-10-21,18.60000038,19.0,18.60000038,18.98999977,21747300
2019-10-22,18.87000084,19.17000008,18.70999908,18.77000046,23053700
2019-10-23,18.75,18.85000038,18.57999992,18.68000031,23271200
2019-10-24,18.71999931,19.34000015,18.61000061,19.19000053,42853200
2019-10-25,17.89999962,18.23999977,17.57999992,17.60000038,82318800
2019-10-28,17.79000092,17.92000008,17.30999947,17.54000092,29041200
2019-10-29,17.53000069,17.75,17.37000084,17.57999992,28627500
2019-10-30,17.61000061,17.64999962,17.32999992,17.55999947,15607300
2019-10-31,17.46999931,17.64999962,17.35000038,17.37999916,20426500
2019-11-01,17.45000076,17.51000023,17.26000023,17.32999992,14655000
2019-11-04,17.35000038,17.67000008,17.29999924,17.56999969,12268600
2019-11-05,17.59000015,17.77000046,17.46999931,17.70999908,16763700
2019-11-06,17.60000038,17.79000092,17.35000038,17.52000046,10565900
2019-11-07,17.59000015,17.67000008,17.44000053,17.55999947,13188400
2019-11-08,17.45000076,17.55999947,17.18000031,17.29999924,15252400
2019-11-11,17.28000069,17.63999939,17.21999931,17.54000092,11838200
2019-11-12,17.39999962,17.53000069,17.25,17.37000084,14096800
2019-11-13,17.37000084,17.45000076,17.25,17.37000084,11332700
2019-11-14,17.37000084,17.61000061,17.30999947,17.45000076,18222200
2019-11-18,17.59000015,17.68000031,17.42000008,17.55999947,9445200
2019-11-19,17.61000061,17.72999954,17.40999985,17.67000008,9754500
2019-11-21,17.82999992,18.06999969,17.67000008,18.06999969,19540600
2019-11-22,18.02000046,18.29000092,17.94000053,18.19000053,17014400
2019-11-25,18.19000053,18.29999924,18.02000046,18.20000076,7860100
2019-11-26,18.11000061,18.18000031,17.71999931,18.03000069,32541200
2019-11-27,17.95000076,18.14999962,17.76000023,17.95999908,8765700
2019-11-28,17.95999908,18.12999916,17.87999916,18.01000023,5109500
2019-11-29,18.10000038,18.14999962,17.85000038,18.04999924,8325200
2019-12-02,18.04999924,18.15999985,17.88999939,17.96999931,10259800
2019-12-03,18.10000038,18.10000038,17.75,17.87000084,97511800
2019-12-04,18.0,18.53000069,17.95000076,18.29999924,21779200
2019-12-05,18.28000069,18.35000038,18.10000038,18.14999962,34121900
2019-12-06,18.20999908,18.53000069,18.14999962,18.45000076,19544400
2019-12-09,18.45000076,18.5,18.23999977,18.44000053,13479000
2019-12-10,18.38999939,18.56999969,18.29000092,18.37000084,14715500
2019-12-11,18.45999908,18.5,18.26000023,18.45000076,29652200
2019-12-12,18.46999931,18.78000069,18.43000031,18.70000076,17463900
2019-12-13,18.79999924,19.03000069,18.79000092,19.01000023,15663000
2019-12-16,19.02000046,19.27000046,19.01000023,19.07999992,17117700
2019-12-17,19.14999962,19.29999924,18.88999939,18.90999985,14087800
2019-12-18,18.95999908,19.19000053,18.84000015,19.09000015,31759400
2019-12-19,19.09000015,19.17000008,18.95999908,19.17000008,27270600
2019-12-20,18.62000084,19.01000023,18.52000046,18.90999985,25816100
2019-12-23,19.01000023,19.07999992,18.78000069,18.95999908,16331900
2019-12-26,18.95999908,19.25,18.82999992,19.21999931,20726100
2019-12-27,19.25,19.36000061,19.09000015,19.15999985,13210500
2019-12-30,19.20000076,19.35000038,18.67000008,18.67000008,17430500
2020-01-02,18.86000061,19.25,18.78000069,19.20000076,16011300
2020-01-03,18.95000076,19.15999985,18.88999939,18.93000031,20059000
2020-01-06,18.86000061,19.17000008,18.69000053,19.02000046,14644300
2020-01-07,19.04999924,19.22999954,18.86000061,19.05999947,18036600
2020-01-08,19.09000015,19.15999985,18.86000061,18.96999931,14051700
2020-01-09,19.0,19.07999992,18.51000023,18.81999969,21199500
2020-01-10,18.81999969,19.04000092,18.77000046,18.88999939,11697800
2020-01-13,18.93000031,19.35000038,18.90999985,19.20999908,19314500
2020-01-14,19.20000076,19.57999992,18.97999954,19.10000038,21324400
2020-01-15,19.0,19.0,18.76000023,18.76000023,17408600
2020-01-16,18.89999962,18.93000031,18.68000031,18.70000076,10783600
2020-01-17,18.76000023,18.86000061,18.56999969,18.70000076,16556000
2020-01-20,18.70000076,18.87999916,18.57999992,18.79999924,8035600
2020-01-21,18.68000031,18.92000008,18.65999985,18.73999977,11249000
2020-01-22,18.85000038,19.07999992,18.77000046,19.04999924,13925400
2020-01-23,18.89999962,19.03000069,18.59000015,18.64999962,20155900
2020-01-24,18.81999969,19.01000023,18.71999931,18.98999977,12738200
2020-01-27,18.68000031,18.79000092,18.45999908,18.54999924,12916900
2020-01-28,18.62000084,18.95000076,18.5,18.79999924,13373600
2020-01-29,18.86000061,18.90999985,18.21999931,18.29999924,12931800
2020-01-30,18.20000076,18.34000015,17.87999916,18.34000015,15925300
2020-01-31,18.0,18.19000053,17.78000069,17.85000038,20960400
2020-02-03,17.92000008,18.12000084,17.59000015,17.59000015,18733100
2020-02-04,17.78000069,17.94000053,17.57999992,17.64999962,16492600
2020-02-05,17.89999962,18.0,17.20999908,17.25,36940300
2020-02-06,17.47999954,17.47999954,16.75,16.87000084,19619000
2020-02-07,16.73999977,17.17000008,16.72999954,16.92000008,77239000
2020-02-10,16.97999954,17.10000038,16.57999992,16.72999954,17027200
2020-02-11,16.85000038,16.93000031,16.62000084,16.79999924,21283300
2020-02-12,16.71999931,16.87000084,16.47999954,16.64999962,36408300
2020-02-13,16.54000092,16.67000008,16.27000046,16.27000046,15697100
2020-02-14,16.27000046,16.54999924,16.10000038,16.40999985,23398800
2020-02-17,16.54999924,16.81999969,16.45000076,16.60000038,19609100
2020-02-18,16.5,16.55999947,16.07999992,16.18000031,18027400
2020-02-19,16.14999962,16.25,16.0,16.12999916,18162400
2020-02-20,16.11000061,16.37000084,16.07999992,16.17000008,23155100
2020-02-21,16.10000038,16.25,15.86999989,16.25,27991000
2020-02-26,15.94999981,16.05999947,15.73999977,15.81999969,42590700
2020-02-27,14.89999962,14.97000027,14.27999973,14.5,91108200
2020-02-28,14.5,14.53999996,14.01000023,14.53999996,45807500
2020-03-02,14.59000015,14.97999954,14.39999962,14.72000027,31307000
2020-03-03,14.75,15.11999989,14.65999985,14.73999977,26696400
2020-03-04,15.06999969,15.55000019,14.77000046,15.31000042,35799500
2020-03-05,15.03999996,15.52999973,14.93999958,15.22999954,45949800
2020-03-06,14.85999966,15.5,14.69999981,15.31999969,43528300
2020-03-09,14.64999962,14.97999954,14.47000027,14.67000008,46283500
2020-03-10,14.60000038,14.96000004,13.73999977,14.42000008,52663200
2020-03-11,14.14000034,14.32999992,12.89999962,13.75,39788900
2020-03-12,12.47999954,12.68000031,11.39000034,11.57999992,36313400
2020-03-13,12.60000038,13.09000015,11.64000034,12.69999981,51339000
2020-03-16,11.39000034,11.77000046,10.43000031,11.02999973,52067300
2020-03-17,11.05000019,11.90999985,11.05000019,11.68999958,70142000
2020-03-18,10.72999954,11.21000004,10.55000019,11.18999958,62802600
2020-03-19,10.81999969,12.15999985,10.35999966,11.69999981,53157300
2020-03-20,11.89999962,12.48999977,11.76000023,12.05000019,49887100
2020-03-23,12.27999973,12.27999973,11.18000031,11.51000023,50158000
2020-03-24,12.11999989,12.59000015,11.28999996,11.28999996,33699600
2020-03-25,11.30000019,12.06999969,11.06000042,11.64999962,33700300
2020-03-26,11.89999962,13.27999973,11.89000034,12.80000019,45899600
2020-03-27,12.51000023,13.22000027,11.97999954,12.48999977,38232500
2020-03-30,12.60000038,13.02000046,12.36999989,12.55000019,29822100
2020-03-31,12.39999962,12.39999962,11.85000038,11.92000008,27574800
2020-04-01,11.60000038,11.92000008,11.43999958,11.68999958,25192600
2020-04-02,11.68000031,12.23999977,11.47000027,11.98999977,18013700
2020-04-03,11.93999958,11.93999958,11.15999985,11.39000034,22886300
2020-04-06,12.0,12.56999969,11.68000031,11.85999966,19126100
2020-04-07,12.64999962,12.97000027,12.30000019,12.40999985,37535900
2020-04-08,12.5,12.68000031,12.02000046,12.31000042,22934300
2020-04-09,12.51000023,12.72000027,12.10000038,12.10000038,23748200
2020-04-13,12.10999966,12.23999977,11.89999962,12.10000038,17076200
2020-04-14,12.28999996,12.59000015,12.09000015,12.09000015,21281900
2020-04-15,11.92000008,12.06000042,11.72000027,11.90999985,35812700
2020-04-16,11.96000004,12.02000046,11.39999962,11.44999981,26018500
2020-04-17,11.69999981,11.80000019,11.48999977,11.60000038,16763000
2020-04-20,11.39999962,11.85000038,11.28999996,11.60999966,22065800
2020-04-22,11.64999962,11.78999996,11.51000023,11.61999989,22788300
2020-04-23,11.72999954,11.84000015,11.43999958,11.55000019,23608700
2020-04-24,11.44999981,11.55000019,10.68000031,11.10999966,50923200
2020-04-27,11.35000038,11.84000015,11.26000023,11.60999966,26166300
2020-04-28,11.93999958,12.18000031,11.57999992,11.69999981,27108700
2020-04-29,11.81999969,11.90999985,11.64999962,11.67000008,27558700
2020-04-30,11.52999973,11.68000031,11.25,11.34000015,35747500
2020-05-04,11.14000034,11.84000015,11.10000038,11.76000023,30157800
2020-05-05,11.89999962,12.14999962,11.84000015,11.93999958,25595500
2020-05-06,11.97000027,12.06000042,11.60000038,11.82999992,67031600
2020-05-07,11.64999962,12.30000019,11.34000015,11.53999996,56937900
2020-05-08,11.81999969,12.15999985,11.77000046,12.03999996,23218000
2020-05-11,12.03999996,12.35000038,11.92000008,11.93999958,20136100
2020-05-12,11.89999962,12.30000019,11.71000004,11.72000027,33395400
2020-05-13,11.84000015,11.89000034,11.18999958,11.26000023,46230300
2020-05-14,11.30000019,11.81999969,11.27999973,11.73999977,36918000
2020-05-15,11.68999958,11.88000011,11.52000046,11.64000034,30012000
2020-05-18,11.98999977,12.40999985,11.85999966,12.10000038,30350600
2020-05-19,12.18999958,12.35000038,11.93999958,11.93999958,17951200
2020-05-20,11.97000027,12.25,11.85999966,12.14000034,14121900
2020-05-21,12.14000034,12.35000038,11.73999977,11.88000011,38005800
2020-05-22,11.89999962,11.98999977,11.67000008,11.73999977,11924400
2020-05-25,12.01000023,12.39000034,12.01000023,12.27000046,12781100
2020-05-26,12.35000038,12.69999981,12.30000019,12.52999973,30153500
2020-05-27,12.68000031,13.46000004,12.64000034,13.38000011,36754400
2020-05-28,13.43000031,13.52000046,12.72999954,12.81999969,41520600
2020-05-29,12.81000042,12.82999992,12.21000004,12.47999954,46234500
2020-06-01,12.31999969,12.80000019,12.26000023,12.60000038,20420100
2020-06-02,12.76000023,13.30000019,12.64000034,12.97000027,25304000
2020-06-03,13.25,13.63000011,13.22999954,13.25,29826800
2020-06-04,13.30000019,13.47999954,13.18000031,13.38000011,20130800
2020-06-05,13.81000042,14.32999992,13.61999989,14.05000019,50766300
2020-06-08,14.34000015,14.82999992,14.22999954,14.60000038,47678900
2020-06-09,14.57999992,14.57999992,14.10999966,14.31999969,23940800
2020-06-10,14.5,14.52000046,13.81000042,13.96000004,27039100
2020-06-12,13.52000046,13.72000027,13.21000004,13.56999969,29856400
2020-06-15,13.18999958,13.43000031,13.06999969,13.43000031,22964800
2020-06-16,13.71000004,13.73999977,13.11999989,13.26000023,36070000
2020-06-17,13.43999958,14.0,13.40999985,13.77000046,28294300
2020-06-18,13.72000027,13.97000027,13.52000046,13.68000031,26894400
2020-06-19,13.89999962,14.0,13.69999981,13.84000015,33153700
2020-06-22,13.69999981,14.18000031,13.68000031,14.10999966,24735500
2020-06-23,14.26000023,14.31999969,13.80000019,13.93000031,16293000
2020-06-24,13.84000015,13.89999962,13.43000031,13.68000031,16263500
2020-06-25,13.80000019,14.27000046,13.76000023,14.18000031,25008900
2020-06-26,14.10999966,14.28999996,13.82999992,13.94999981,19150700
2020-06-29,14.09000015,14.43000031,13.88000011,14.26000023,22168000
2020-06-30,14.27000046,14.80000019,14.10999966,14.14000034,34581800
2020-07-01,14.26000023,14.64999962,14.23999977,14.35999966,20736100
2020-07-02,14.59000015,14.72000027,14.0,14.17000008,27363800
2020-07-03,14.10000038,14.15999985,14.02000046,14.14000034,7029000
2020-07-06,14.38000011,14.40999985,14.10999966,14.35999966,24349100
2020-07-07,14.27999973,14.5,14.15999985,14.44999981,22581000
2020-07-08,14.56000042,14.86999989,14.34000015,14.71000004,39365200
2020-07-09,14.77999973,14.85999966,14.52000046,14.64000034,31569000
2020-07-10,14.61999989,14.98999977,14.55000019,14.85000038,20193200
2020-07-13,14.90999985,14.94999981,13.97999954,14.0,36972600
2020-07-14,14.02000046,14.02999973,13.65999985,13.90999985,36408700
2020-07-15,14.07999992,14.44999981,14.02000046,14.28999996,31872500
2020-07-16,14.26000023,14.35999966,13.85999966,14.05000019,23008200
2020-07-17,14.15999985,14.18999958,13.81999969,14.15999985,49831400
2020-07-20,14.10999966,14.30000019,14.02999973,14.11999989,34419700
2020-07-21,14.18000031,14.68999958,14.02000046,14.68000031,41081700
2020-07-22,14.64999962,15.13000011,14.56999969,14.71000004,35800700
2020-07-23,14.71000004,14.89000034,14.39000034,14.39999962,21059900
2020-07-24,14.48999977,14.96000004,14.30000019,14.93000031,32629400
2020-07-27,14.93000031,15.39000034,14.88000011,15.27999973,42001500
2020-07-28,15.18999958,15.40999985,15.02999973,15.09000015,44883300
2020-07-29,15.15999985,15.40999985,15.03999996,15.14999962,39734800
2020-07-30,15.80000019,15.92000008,14.52999973,14.55000019,108380100
2020-07-31,14.81000042,14.82999992,13.76000023,13.89999962,67776600
2020-08-03,13.93999958,13.98999977,13.60000038,13.71000004,35573500
2020-08-04,13.68000031,13.71000004,13.17000008,13.39999962,40601100
2020-08-05,13.60000038,13.64999962,13.05000019,13.18000031,47510100
2020-08-06,13.22999954,13.39000034,13.01000023,13.26000023,35028900
2020-08-07,13.18999958,13.52999973,13.07999992,13.31000042,44280200
2020-08-10,13.38000011,13.51000023,13.05000019,13.23999977,28095600
2020-08-11,13.38000011,13.64999962,13.30000019,13.40999985,40751000
2020-08-12,13.52999973,13.57999992,13.10999966,13.47999954,44719600
2020-08-13,13.55000019,13.56000042,13.19999981,13.21000004,22611700
2020-08-14,13.23999977,13.40999985,13.14999962,13.26000023,22032000
2020-08-17,13.21000004,13.38000011,12.75,12.85000038,33507900
2020-08-18,13.02000046,13.26000023,12.89999962,13.07999992,30227500
2020-08-19,13.07999992,13.19999981,12.80000019,12.85000038,15809100
2020-08-20,12.67000008,13.03999996,12.57999992,12.88000011,21512900
2020-08-21,12.85999966,12.97000027,12.69999981,12.97000027,19407800
2020-08-24,13.06000042,13.10999966,12.81999969,12.85999966,18335400
2020-08-25,12.89000034,12.93999958,12.69999981,12.75,14960200
2020-08-26,12.73999977,12.93999958,12.48999977,12.69999981,29757700
2020-08-27,12.69999981,12.82999992,12.60000038,12.68000031,20747000
2020-08-28,12.76000023,12.85000038,12.5,12.75,23050600
2020-08-31,12.65999985,12.68999958,12.31000042,12.31000042,38488000
2020-09-01,12.5,12.68000031,12.43999958,12.64999962,31742100
2020-09-02,12.75,12.81999969,12.55000019,12.76000023,18202600
2020-09-03,12.71000004,13.09000015,12.5,12.60000038,37438600
2020-09-04,12.68999958,12.72000027,12.40999985,12.60000038,22149500
2020-09-08,12.55000019,12.55000019,12.31999969,12.35000038,20712000
2020-09-09,12.40999985,12.47000027,12.17000008,12.35000038,17716100
2020-09-10,12.31999969,12.61999989,12.25,12.31000042,30209800
2020-09-11,12.36999989,12.38000011,12.03999996,12.03999996,25286500
2020-09-14,12.11999989,12.57999992,12.11999989,12.56999969,24419600
2020-09-15,12.60999966,12.96000004,12.5,12.89000034,29444700
2020-09-16,12.92000008,12.93999958,12.55000019,12.56000042,18729400
2020-09-17,12.52000046,13.26000023,12.39999962,13.15999985,58483500
2020-09-18,13.10999966,13.17000008,12.78999996,12.78999996,46869000
2020-09-21,12.69999981,12.80000019,12.51000023,12.72999954,18966300
2020-09-22,12.72000027,12.88000011,12.56999969,12.80000019,13753000
2020-09-23,12.68000031,12.76000023,12.43999958,12.43999958,27736600
2020-09-24,12.5,12.82999992,12.35999966,12.67000008,30902200
2020-09-25,12.64999962,12.90999985,12.5,12.84000015,26495500
2020-09-28,12.97000027,12.97000027,12.42000008,12.47999954,37732800
2020-09-29,12.46000004,12.68999958,12.27999973,12.35000038,25217400
2020-09-30,12.44999981,12.68000031,12.35999966,12.53999996,23817800
2020-10-01,12.55000019,12.77999973,12.47999954,12.69999981,20845400
2020-10-02,12.60999966,12.82999992,12.52999973,12.52999973,19312900
2020-10-05,12.56000042,12.84000015,12.53999996,12.81000042,17239400
2020-10-06,12.93000031,13.69999981,12.89000034,13.34000015,55433200
2020-10-07,13.43000031,13.85999966,13.39999962,13.52999973,36817600
2020-10-08,13.60999966,13.77999973,13.43000031,13.68000031,43108600
2020-10-09,13.64000034,13.93000031,13.53999996,13.56999969,24268300
2020-10-13,13.57999992,13.86999989,13.56999969,13.75,19256200
2020-10-14,13.77000046,13.97000027,13.76000023,13.80000019,23282200
2020-10-15,13.60999966,13.72999954,13.43999958,13.43999958,17291600
2020-10-16,13.47000027,13.47000027,13.18000031,13.27000046,26454900
2020-10-19,13.26000023,13.52000046,13.14000034,13.14999962,20184800
2020-10-20,13.35999966,13.43999958,13.21000004,13.38000011,20035400
2020-10-21,13.31999969,13.55000019,13.22999954,13.36999989,20369800
2020-10-22,13.40999985,13.56999969,13.26000023,13.56999969,21189900
2020-10-23,13.57999992,13.89999962,13.51000023,13.89000034,25463400
2020-10-26,13.85999966,14.40999985,13.85999966,14.19999981,35347700
2020-10-27,14.23999977,14.26000023,13.63000011,13.72000027,31147200
2020-10-28,13.44999981,13.56000042,13.18000031,13.36999989,30778700
2020-10-29,13.5,13.56999969,12.61999989,12.89000034,79877400
2020-10-30,12.68999958,12.85000038,12.18000031,12.18000031,46496800
2020-11-03,12.39999962,12.85999966,12.35000038,12.77999973,40584400
2020-11-04,12.97000027,13.13000011,12.77000046,12.81999969,32125300
2020-11-05,13.09000015,13.35999966,12.94999981,13.32999992,23251900
2020-11-06,13.19999981,13.48999977,13.13000011,13.25,20836200
2020-11-09,13.81000042,14.25,13.61999989,14.22000027,57332800
2020-11-10,14.10999966,15.25,14.10000038,15.21000004,88015400
2020-11-11,15.19999981,15.25,14.75,14.89999962,44074400
2020-11-12,14.89999962,15.05000019,14.51000023,14.61999989,28783200
2020-11-13,14.68999958,15.21000004,14.56000042,15.10999966,31182600
2020-11-16,15.27000046,15.44999981,15.02000046,15.35999966,24432100
2020-11-17,15.27999973,15.68999958,15.10999966,15.46000004,32058700
2020-11-18,15.47999954,15.53999996,14.81000042,14.84000015,31701300
2020-11-19,14.89999962,15.10000038,14.65999985,14.72999954,30028900
2020-11-23,14.56000042,14.72000027,14.28999996,14.65999985,23466400
2020-11-24,14.72000027,15.10000038,14.60999966,14.75,30059900
2020-11-25,14.75,14.75,14.47999954,14.48999977,19138400
2020-11-26,14.39000034,14.59000015,14.35000038,14.42000008,10458000
2020-11-27,14.47999954,14.60000038,14.31999969,14.31999969,17499400
2020-11-30,14.42000008,14.5,13.97999954,13.97999954,41880800
2020-12-01,14.09000015,14.73999977,14.07999992,14.68000031,26702100
2020-12-02,14.60999966,14.93000031,14.47999954,14.88000011,18287100
2020-12-03,14.73999977,14.85999966,14.30000019,14.69999981,32918200
2020-12-04,14.73999977,14.81000042,14.56000042,14.73999977,18361200
2020-12-07,14.92000008,15.22999954,14.85000038,14.97000027,25164600
2020-12-08,14.90999985,15.18000031,14.76000023,15.05000019,23395100
2020-12-09,15.02000046,15.27999973,14.97000027,15.26000023,23965900
2020-12-10,15.36999989,15.92000008,15.35999966,15.68999958,144062500
2020-12-11,15.65999985,15.80000019,15.31999969,15.5,31872700
2020-12-14,15.57999992,15.65999985,15.27000046,15.31999969,21900800
2020-12-15,15.31999969,15.84000015,15.31999969,15.56000042,19882900
2020-12-16,15.60000038,15.97999954,15.39999962,15.81999969,36866900
2020-12-17,15.81999969,16.10000038,15.69999981,16.05999947,58329100
2020-12-18,15.73999977,16.04999924,15.64000034,15.85999966,33239900
2020-12-21,15.64999962,15.78999996,15.31000042,15.42000008,24879600
2020-12-22,15.5,15.75,15.47000027,15.51000023,15406100
2020-12-23,15.57999992,15.72999954,15.5,15.5,11560800
2020-12-28,15.56999969,15.93999958,15.5,15.77000046,11958000
2020-12-29,15.89999962,16.01000023,15.77999973,15.94999981,13638800
2020-12-30,16.04999924,16.10000038,15.64999962,15.64999962,19432700
2021-01-04,15.78999996,15.85000038,15.38000011,15.47999954,17835200
2021-01-05,15.36999989,16.02000046,15.22999954,15.81000042,37105800
2021-01-06,15.65999985,16.22999954,15.63000011,16.12999916,28371600
2021-01-07,16.03000069,16.23999977,15.90999985,16.04999924,32540100
2021-01-08,16.10000038,16.75,16.03000069,16.53000069,30188800
2021-01-11,16.40999985,16.59000015,16.04999924,16.10000038,23618800
2021-01-12,16.17000008,16.90999985,16.17000008,16.79999924,30598100
2021-01-13,16.5,16.62000084,15.97999954,16.17000008,44066900
2021-01-14,16.12000084,16.43000031,16.04999924,16.26000023,17183300
2021-01-15,16.02000046,16.27000046,15.93000031,15.94999981,27742000
2021-01-18,16.15999985,16.47999954,16.02000046,16.21999931,13979800
2021-01-19,16.29000092,16.34000015,15.97999954,16.27000046,16980100
2021-01-20,16.31999969,16.38999939,15.89999962,16.02000046,18321500
2021-01-21,15.94999981,16.06999969,15.48999977,15.60999966,23062400
2021-01-22,15.42000008,15.55000019,14.94999981,15.14999962,36117500
2021-01-26,15.21000004,15.68999958,15.18999958,15.39999962,28714100
2021-01-27,15.39999962,15.59000015,15.17000008,15.39999962,27437800
2021-01-28,15.39000034,15.76000023,15.26000023,15.53999996,20208100
2021-01-29,15.39999962,15.67000008,15.06999969,15.10999966,23141500
2021-02-01,15.35999966,15.69999981,15.22000027,15.60000038,22235900
2021-02-02,15.86999989,16.29999924,15.43000031,15.60999966,34642100
2021-02-03,15.69999981,15.92000008,15.61999989,15.68000031,17825900
2021-02-04,15.59000015,15.77999973,15.44999981,15.60000038,12952800
2021-02-05,15.68000031,15.81999969,15.51000023,15.52000046,11336800
2021-02-08,15.53999996,15.56999969,14.86999989,14.93999958,35731300
2021-02-09,14.85000038,15.14000034,14.81999969,14.96000004,16168600
2021-02-10,15.0,15.11999989,14.88000011,15.01000023,25616400
2021-02-11,15.11999989,15.22000027,14.82999992,14.94999981,17224700
2021-02-12,14.89000034,14.97000027,14.75,14.78999996,17542300
2021-02-17,15.18000031,15.39999962,15.01000023,15.27000046,30687100
2021-02-18,15.18999958,15.22000027,14.78999996,14.78999996,30823900
2021-02-19,14.76000023,15.01000023,14.65999985,14.89000034,25717400
2021-02-22,14.56000042,14.89000034,14.32999992,14.57999992,39438200
2021-02-23,14.65999985,14.84000015,14.42000008,14.68999958,28897400
2021-02-24,14.69999981,14.78999996,14.5,14.68000031,16385700
2021-02-25,14.68000031,14.75,14.18000031,14.19999981,33159300
2021-02-26,14.21000004,14.38000011,14.0,14.02000046,33969400
2021-03-01,14.15999985,14.27999973,13.77000046,13.77000046,19850200
2021-03-02,13.51000023,14.17000008,13.35000038,13.98999977,42904000
2021-03-03,13.93999958,14.44999981,13.63000011,14.17000008,40193500
2021-03-04,14.35000038,14.82999992,14.26000023,14.77999973,37825700
2021-03-05,14.94999981,15.35000038,14.89999962,15.07999992,39950600
2021-03-08,14.78999996,15.25,14.63000011,14.68999958,40360600
2021-03-09,14.60000038,15.27000046,14.52999973,15.15999985,31116200
2021-03-10,15.22999954,15.31000042,14.82999992,15.27000046,37414300
2021-03-11,15.36999989,15.60000038,15.02999973,15.09000015,19424400
2021-03-12,14.93999958,15.22999954,14.93000031,15.02999973,17805500
2021-03-15,14.97000027,15.30000019,14.94999981,15.30000019,11348000
2021-03-16,15.22999954,15.31999969,14.90999985,15.05000019,16891900
2021-03-17,15.02000046,15.46000004,14.81000042,15.42000008,23843400
2021-03-18,15.25,15.43999958,15.15999985,15.30000019,20329000
2021-03-19,15.35000038,15.63000011,15.27999973,15.60000038,32656900
2021-03-22,15.28999996,15.68000031,15.27999973,15.53999996,22475500
2021-03-23,15.40999985,15.55000019,15.07999992,15.07999992,16016400
2021-03-24,15.01000023,15.28999996,14.76000023,14.80000019,25521500
2021-03-25,14.73999977,15.11999989,14.71000004,14.98999977,21553400
2021-03-26,15.01000023,15.32999992,14.98999977,15.14999962,16410500
2021-03-29,15.06999969,15.36999989,15.01000023,15.30000019,13766000
2021-03-30,15.13000011,15.72999954,15.07999992,15.59000015,15332100
2021-03-31,15.60000038,15.67000008,15.28999996,15.28999996,14580700
2021-04-01,15.39000034,15.39999962,14.98999977,15.0,15974100
2021-04-05,15.13000011,15.39000034,15.10000038,15.27000046,20988000
2021-04-06,15.27000046,15.47999954,15.15999985,15.39000034,12645800
2021-04-07,15.22999954,15.43000031,15.09000015,15.22000027,11811200
2021-04-08,15.19999981,15.67000008,15.14000034,15.44999981,19194000
2021-04-09,15.22000027,15.64000034,15.21000004,15.35999966,16710000
2021-04-12,15.5,15.60000038,15.35999966,15.51000023,11987600
2021-04-13,15.5,15.73999977,15.36999989,15.63000011,19448300
2021-04-14,15.64000034,15.89999962,15.61999989,15.81000042,21466700
2021-04-15,15.78999996,16.03000069,15.72000027,15.86999989,17705700
2021-04-16,15.78999996,15.96000004,15.72000027,15.80000019,13563400
2021-04-19,15.53999996,16.06999969,15.51000023,15.72999954,20032500
2021-04-20,15.67000008,15.80000019,15.52999973,15.61999989,12697600
2021-04-22,15.89000034,16.11000061,15.65999985,15.89999962,22839800
2021-04-23,15.97999954,16.04999924,15.81999969,15.85000038,22545200
2021-04-26,15.60000038,15.85000038,15.47999954,15.59000015,19142000
2021-04-27,15.51000023,15.60000038,15.21000004,15.28999996,18054400
2021-04-28,15.30000019,15.40999985,15.18000031,15.21000004,11855100
2021-04-29,15.21000004,15.46000004,15.21000004,15.26000023,14243200
2021-04-30,15.19999981,15.30000019,14.90999985,14.93999958,29652900
2021-05-03,14.92000008,14.98999977,14.60999966,14.80000019,25143600
2021-05-04,14.73999977,14.80000019,14.53999996,14.64000034,16889200
2021-05-05,14.64999962,14.92000008,14.56999969,14.85999966,18070800
2021-05-06,15.84000015,16.29000092,15.72000027,16.18000031,73311200
2021-05-07,16.19000053,16.32999992,16.0,16.20999908,22279100
2021-05-10,16.14999962,16.64999962,16.09000015,16.5,29355000
2021-05-11,16.35000038,17.0,16.25,16.87000084,25719300
2021-05-12,16.64999962,17.22999954,16.64999962,16.87000084,35518800
2021-05-13,17.0,17.13999939,16.76000023,16.87999916,19320300
2021-05-14,17.10000038,17.32999992,17.05999947,17.18000031,20899500
2021-05-17,17.22999954,17.53000069,17.10000038,17.39999962,16843500
2021-05-18,17.35000038,17.59000015,17.26000023,17.42000008,15746000
2021-05-19,17.37000084,17.60000038,17.32999992,17.55999947,17538900
2021-05-20,17.54999924,17.63999939,17.37000084,17.54000092,21344500
2021-05-21,17.54999924,17.62999916,17.22999954,17.61000061,27358200
2021-05-24,17.61000061,17.73999977,17.44000053,17.62999916,13845700
2021-05-25,17.76000023,17.79999924,17.53000069,17.61000061,13963000
2021-05-26,17.75,17.79999924,17.31999969,17.46999931,16085400
2021-05-27,17.37999916,17.69000053,17.20000076,17.69000053,41881900
2021-05-28,17.59000015,17.94000053,17.5,17.85000038,17328000
2021-05-31,17.73999977,17.95000076,17.70999908,17.95000076,10102100
2021-06-01,17.98999977,18.97999954,17.92000008,18.77000046,60016600
2021-06-02,18.77000046,19.65999985,18.62000084,19.37000084,60424800
2021-06-04,19.29999924,19.45999908,19.05999947,19.37999916,33841600
2021-06-07,19.31999969,19.81999969,19.19000053,19.60000038,27901200
2021-06-08,19.46999931,19.86000061,19.37000084,19.59000015,23209600
2021-06-09,19.59000015,19.76000023,19.28000069,19.30999947,25062800
2021-06-10,19.43000031,19.46999931,19.09000015,19.31999969,17134100
2021-06-11,19.23999977,19.38999939,18.84000015,18.94000053,30946600
2021-06-14,19.03000069,19.5,18.98999977,19.47999954,22185300
2021-06-15,19.45000076,19.45000076,19.12999916,19.12999916,12469400
2021-06-16,19.13999939,19.35000038,19.0,19.09000015,36205000
2021-06-17,19.11000061,19.52000046,18.81999969,19.01000023,22474800
2021-06-18,18.92000008,19.09000015,18.63999939,18.76000023,27084500
2021-06-21,18.70000076,18.87999916,18.55999947,18.72999954,13009100
2021-06-22,18.56999969,18.67000008,18.06999969,18.29000092,32543400
2021-06-23,18.12999916,18.42000008,17.89999962,17.98999977,21757300
2021-06-24,18.10000038,18.10000038,17.71999931,17.95000076,21592700
2021-06-25,17.82999992,18.0,16.95000076,16.95000076,66198100
2021-06-28,17.17000008,17.64999962,17.0,17.5,41325600
2021-06-29,17.35000038,17.5,16.89999962,17.29000092,46943000
2021-06-30,17.14999962,17.45999908,17.02000046,17.06999969,28949400
2021-07-01,16.86000061,17.31999969,16.81999969,17.20000076,39119700
2021-07-02,17.38999939,17.62999916,17.25,17.43000031,24241600
2021-07-05,17.42000008,18.0,17.36000061,17.94000053,18812100
2021-07-06,17.73999977,17.86000061,17.31999969,17.54999924,34060600
2021-07-07,17.69000053,17.89999962,17.55999947,17.77000046,25160400
2021-07-08,17.46999931,17.62999916,17.27000046,17.36000061,17936500
2021-07-12,17.51000023,17.71999931,17.29000092,17.65999985,15673600
2021-07-13,17.48999977,17.89999962,17.42000008,17.79999924,22447700
2021-07-14,18.10000038,18.17000008,17.76000023,17.90999985,28762700
2021-07-15,17.95000076,17.95000076,17.45999908,17.62000084,23006300
2021-07-16,17.72999954,17.78000069,17.43000031,17.43000031,23216000
2021-07-19,17.23999977,17.29999924,16.89999962,17.01000023,21998300
2021-07-20,17.03000069,17.15999985,16.87000084,17.03000069,15847800
2021-07-21,17.06999969,17.21999931,16.95999908,17.20000076,13985700
2021-07-22,17.13999939,17.20000076,16.88999939,17.03000069,17005900
2021-07-23,17.11000061,17.12000084,16.72999954,16.75,11774400
2021-07-26,16.75,17.12999916,16.71999931,17.09000015,11973200
2021-07-27,17.0,17.07999992,16.79999924,16.92000008,11928000
2021-07-28,17.04000092,17.32999992,16.85000038,17.32999992,27723400
2021-07-29,17.21999931,17.38999939,16.53000069,17.12999916,54590700
2021-07-30,17.0,17.34000015,16.63999939,16.63999939,23889000
2021-08-02,16.89999962,17.17000008,16.86000061,16.86000061,21537000
2021-08-03,16.84000015,17.23999977,16.57999992,17.06999969,26003800
2021-08-04,16.90999985,17.05999947,16.59000015,16.62999916,20523000
2021-08-05,16.79999924,16.92000008,16.59000015,16.62000084,18203900
2021-08-06,16.70000076,17.17000008,16.65999985,17.10000038,18667000
2021-08-09,17.11000061,17.36000061,17.0,17.15999985,15969000
2021-08-10,17.14999962,17.14999962,16.70999908,16.70999908,21467500
2021-08-11,16.70999908,16.81999969,16.45999908,16.56999969,17091400
2021-08-12,16.56999969,16.78000069,16.5,16.57999992,15643300
2021-08-13,16.59000015,16.65999985,16.29999924,16.64999962,16218300
2021-08-16,16.53000069,16.70000076,16.32999992,16.39999962,18371000
2021-08-17,16.38999939,16.48999977,16.11000061,16.31999969,26879900
2021-08-18,16.29999924,16.81999969,16.21999931,16.46999931,23317500
2021-08-19,16.45999908,17.27000046,16.40999985,17.19000053,39834200
2021-08-20,16.90999985,17.60000038,16.90999985,17.54000092,34873200
2021-08-23,17.51000023,17.57999992,17.21999931,17.36000061,17262100
2021-08-24,17.47999954,17.67000008,17.35000038,17.59000015,18073900
2021-08-25,17.5,17.62000084,17.34000015,17.57999992,13858600
2021-08-26,17.39999962,17.45999908,17.05999947,17.11000061,22172500
2021-08-27,17.18000031,17.18000031,16.90999985,17.04000092,16973500
2021-08-30,16.95999908,17.22999954,16.80999947,17.18000031,16781900
2021-08-31,17.14999962,17.17000008,16.80999947,17.10000038,28079100
2021-09-01,17.15999985,17.37999916,17.04000092,17.26000023,17593400
2021-09-02,17.12000084,17.12000084,16.38999939,16.52000046,36473800
2021-09-03,16.63999939,16.76000023,16.44000053,16.55999947,40771400
2021-09-06,16.55999947,17.19000053,16.31999969,17.19000053,10036700
2021-09-08,16.98999977,17.01000023,16.20999908,16.20999908,39304600
2021-09-09,16.20000076,16.40999985,16.01000023,16.30999947,26356800
2021-09-10,16.43000031,16.62999916,16.10000038,16.10000038,23336500
2021-09-13,16.53000069,16.60000038,16.28000069,16.35000038,14849500
2021-09-14,16.40999985,16.67000008,16.37000084,16.44000053,12461100
2021-09-15,16.45999908,16.48999977,16.0,16.02000046,20538700
2021-09-16,16.0,16.45000076,15.77999973,16.12999916,26714500
2021-09-17,16.18000031,16.18000031,15.35000038,15.73999977,53864700
2021-09-20,15.52999973,15.85999966,15.46000004,15.60999966,22475300
2021-09-21,15.68000031,16.0,15.57999992,15.65999985,12843400
2021-09-22,15.77000046,15.89999962,15.63000011,15.72000027,13740400
2021-09-23,15.80000019,15.97999954,15.67000008,15.88000011,21550900
2021-09-24,15.61999989,15.90999985,15.60999966,15.84000015,16219600
2021-09-27,15.64999962,16.0,15.64999962,15.82999992,14263100
2021-09-28,15.76000023,15.86999989,15.35999966,15.43999958,17672700
2021-09-29,15.53999996,15.77999973,15.42000008,15.48999977,37200600
2021-09-30,15.55000019,15.56999969,15.28999996,15.30000019,39267900
2021-10-01,15.40999985,15.46000004,15.05000019,15.27000046,24130000
2021-10-04,15.07999992,15.22999954,14.81000042,15.03999996,29169100
2021-10-05,15.06999969,15.32999992,14.88000011,15.18000031,22871800
2021-10-06,15.05000019,15.39000034,15.02000046,15.10000038,36830600
2021-10-07,15.13000011,15.19999981,15.01000023,15.07999992,19716000
2021-10-08,15.17000008,15.57999992,15.14999962,15.35999966,23980500
2021-10-11,15.31000042,15.56999969,15.14999962,15.23999977,20540600
2021-10-13,15.19999981,15.68000031,15.19999981,15.51000023,22276300
2021-10-14,15.53999996,15.60000038,15.38000011,15.48999977,11517700
2021-10-15,15.51000023,15.63000011,15.35999966,15.52999973,19521400
2021-10-18,15.39999962,15.72000027,15.30000019,15.61999989,16887800
2021-10-19,15.25,15.55000019,15.06999969,15.14000034,21370000
2021-10-20,15.30000019,15.57999992,15.21000004,15.40999985,19273600
2021-10-21,15.0,15.27999973,14.85000038,15.14000034,23499300
2021-10-22,14.82999992,15.22999954,14.53999996,15.0,29599100
2021-10-25,15.01000023,15.43999958,15.0,15.27000046,19933100
2021-10-26,15.14999962,15.31999969,15.05000019,15.15999985,20648000
2021-10-27,15.31000042,15.71000004,15.22000027,15.22000027,26056100
2021-10-28,16.40999985,16.87000084,16.17000008,16.70000076,91395500
2021-10-29,16.72999954,17.21999931,16.70000076,16.98999977,44577500
2021-11-01,17.12999916,17.54000092,16.96999931,17.36000061,39314900
2021-11-03,17.20000076,18.10000038,17.20000076,17.82999992,42222400
2021-11-04,17.81999969,17.97999954,17.64999962,17.87999916,19997300
2021-11-05,17.97999954,18.12000084,17.82999992,17.89999962,19208500
2021-11-08,17.81999969,18.03000069,17.67000008,17.73999977,16697000
2021-11-09,17.70000076,18.09000015,17.70000076,17.88999939,23812900
2021-11-10,17.82999992,18.06999969,17.69000053,17.75,20848100
2021-11-11,17.93000031,17.94000053,17.60000038,17.61000061,24597200
2021-11-12,17.60000038,17.92000008,17.35000038,17.51000023,39208600
2021-11-16,17.62000084,17.69000053,17.44000053,17.51000023,21469300
2021-11-17,17.64999962,17.65999985,17.32999992,17.54000092,18502600
2021-11-18,17.46999931,17.73999977,17.43000031,17.60000038,17200900
2021-11-19,17.54999924,17.71999931,17.36000061,17.38999939,22010000
2021-11-22,17.45000076,17.60000038,17.26000023,17.31999969,26964000
2021-11-23,17.31999969,17.45000076,17.09000015,17.20000076,29394600
2021-11-24,17.05999947,17.29999924,16.97999954,17.10000038,18485100
2021-11-25,17.09000015,17.31999969,17.0,17.22999954,12150300
2021-11-26,16.89999962,17.06999969,16.57999992,16.69000053,21060500
2021-11-29,16.77000046,16.87999916,16.25,16.34000015,25888500
2021-11-30,16.34000015,16.35000038,15.97000027,16.05999947,54414600
2021-12-01,16.09000015,16.20000076,15.64000034,15.85999966,35109400
2021-12-02,15.98999977,16.18000031,15.72999954,16.01000023,33321600
2021-12-03,16.01000023,16.20999908,15.82999992,16.0,26061600
2021-12-06,16.04000092,16.34000015,15.94999981,16.07999992,16844300
2021-12-07,16.19000053,16.34000015,16.04999924,16.10000038,27590900
2021-12-08,16.12000084,16.34000015,15.92000008,16.07999992,23395200
2021-12-09,16.10000038,16.11000061,15.68999958,15.81000042,19725400
2021-12-10,16.25,16.28000069,15.86999989,15.94999981,15656500
2021-12-13,16.04999924,16.18000031,15.89999962,16.01000023,29400400
2021-12-14,16.02000046,16.45000076,16.02000046,16.17000008,36628700
2021-12-15,16.26000023,16.26000023,15.93999958,16.07999992,21743100
2021-12-16,16.19000053,16.29000092,16.02000046,16.10000038,21380800
2021-12-17,16.01000023,16.25,16.01000023,16.06999969,32774400
2021-12-20,15.5,15.55000019,15.23999977,15.42000008,17585900
2021-12-21,15.44999981,15.55000019,15.31999969,15.39999962,18636200
2021-12-22,15.40999985,15.51000023,15.25,15.39000034,11675500
2021-12-23,15.39999962,15.67000008,15.34000015,15.55000019,10634700
2021-12-27,15.55000019,15.64999962,15.47999954,15.52999973,8437200
2021-12-28,15.53999996,15.56999969,15.39999962,15.52000046,7701300
2021-12-29,15.55000019,15.56000042,15.34000015,15.44999981,8847300
2021-12-30,15.57999992,15.59000015,15.39000034,15.42000008,11819300
2022-01-03,15.42000008,15.53999996,15.14999962,15.32999992,23833600
2022-01-04,15.31999969,15.39999962,15.03999996,15.31000042,16357700
2022-01-05,15.25,15.28999996,14.96000004,15.01000023,24652000
2022-01-06,15.03999996,15.06000042,14.65999985,14.77000046,20406300
2022-01-07,14.80000019,14.80000019,14.44999981,14.52999973,19673600
2022-01-10,14.43999958,14.72999954,14.35000038,14.64999962,16375000
2022-01-11,14.60999966,14.72999954,14.44999981,14.68000031,20485500
2022-01-12,14.64000034,15.02999973,14.56000042,14.88000011,31912000
2022-01-13,14.86999989,15.05000019,14.76000023,14.98999977,20755600
2022-01-14,14.97999954,15.21000004,14.89999962,15.10000038,14544400
2022-01-17,15.03999996,15.17000008,14.78999996,14.80000019,21167400
2022-01-18,14.73999977,14.73999977,14.39000034,14.57999992,24913300
2022-01-19,14.64999962,14.68000031,14.39000034,14.53999996,31621600
2022-01-20,14.61999989,14.63000011,14.43000031,14.48999977,30618200
2022-01-21,14.44999981,14.92000008,14.40999985,14.68999958,28616600
2022-01-24,14.78999996,15.05000019,14.60999966,14.69999981,29992000
2022-01-25,14.64000034,15.09000015,14.60999966,15.06999969,22283700
2022-01-26,15.18999958,15.30000019,14.88000011,15.0,24257200
2022-01-27,15.06000042,15.48999977,14.93000031,15.39999962,24801400
2022-01-28,15.23999977,15.31999969,14.85999966,14.93000031,23251700
2022-01-31,14.89999962,15.11999989,14.77000046,14.97000027,21318000
2022-02-01,14.93999958,15.13000011,14.78999996,14.85000038,14112500
2022-02-02,14.85000038,14.93999958,14.44999981,14.52000046,17975400
2022-02-03,14.53999996,14.61999989,14.42000008,14.46000004,13206600
2022-02-04,14.42000008,14.53999996,14.17000008,14.40999985,18251100
2022-02-07,14.43000031,14.51000023,14.27000046,14.28999996,21182100
2022-02-08,14.26000023,14.32999992,14.10999966,14.15999985,20758500
2022-02-09,14.14999962,14.61999989,14.14999962,14.53999996,45857600
2022-02-10,14.56999969,14.81999969,14.40999985,14.75,31338100
2022-02-11,14.81999969,15.10000038,14.75,14.85999966,30852600
2022-02-14,14.97999954,15.09000015,14.82999992,15.06000042,33362000
2022-02-15,15.10999966,15.69999981,15.10999966,15.38000011,50177400
2022-02-16,15.44999981,15.47999954,14.96000004,15.07999992,25057100
2022-02-17,15.09000015,15.10999966,14.71000004,14.85000038,19881500
2022-02-18,14.97000027,14.98999977,14.73999977,14.77000046,11741300
2022-02-21,14.82999992,14.85000038,14.44999981,14.44999981,12423900
2022-02-22,14.43999958,14.81999969,14.43999958,14.71000004,24539400
2022-02-23,14.61999989,15.26000023,14.59000015,14.81000042,30107000
2022-02-24,14.23999977,14.84000015,13.80000019,14.84000015,59579000
2022-02-25,14.68000031,15.32999992,14.68000031,15.19999981,42942500
2022-03-02,14.68999958,14.97999954,14.42000008,14.52000046,33189500
2022-03-03,14.51000023,14.51000023,14.05000019,14.18000031,42098400
2022-03-04,14.21000004,14.23999977,13.81999969,13.93000031,26285200
2022-03-07,13.78999996,13.78999996,13.22000027,13.43000031,49545300
2022-03-08,13.39999962,13.72999954,13.27999973,13.43999958,35552000
2022-03-09,13.60000038,14.0,13.57999992,13.93000031,26552200
2022-03-10,13.77000046,13.78999996,13.23999977,13.38000011,37910700
2022-03-11,13.5,13.56000042,13.06000042,13.18000031,23133200
2022-03-14,13.22000027,13.46000004,13.15999985,13.31999969,24625600
2022-03-15,13.35000038,13.67000008,13.35000038,13.47000027,26412400
2022-03-16,13.5,13.85000038,13.40999985,13.77999973,24980000
2022-03-17,13.81000042,14.02000046,13.68999958,13.93000031,28381300
2022-03-18,13.85000038,14.25,13.80000019,14.25,44708300
2022-03-21,14.06000042,14.35999966,14.06000042,14.18000031,15295600
2022-03-22,14.31999969,14.5,14.21000004,14.38000011,20799800
2022-03-23,14.31000042,14.38000011,14.06999969,14.18999958,20051100
2022-03-24,14.19999981,14.35999966,14.06000042,14.19999981,26157200
2022-03-25,14.27999973,14.35000038,13.94999981,14.31999969,33591300
2022-03-28,14.43000031,14.75,14.38000011,14.73999977,19531800
2022-03-29,14.94999981,15.39999962,14.86999989,15.25,38100100
2022-03-30,15.26000023,15.30000019,15.02000046,15.17000008,17703300
2022-03-31,15.22999954,15.57999992,15.13000011,15.39999962,23786300
2022-04-01,15.59000015,15.67000008,15.13000011,15.39000034,31411400
2022-04-04,15.39000034,15.44999981,15.07999992,15.18999958,21788200
2022-04-05,15.14999962,15.27999973,15.06000042,15.06999969,11607000
2022-04-06,15.02999973,15.09000015,14.81000042,14.94999981,15442400
2022-04-07,14.93000031,15.14000034,14.81999969,15.06000042,21276300
2022-04-08,14.93999958,15.13000011,14.73999977,14.93000031,22202000
2022-04-11,14.81999969,15.43999958,14.73999977,15.19999981,27193900
2022-04-12,15.40999985,15.53999996,14.97999954,15.05000019,24636500
2022-04-13,15.01000023,15.11999989,14.55000019,14.82999992,33771300
2022-04-14,14.84000015,14.90999985,14.46000004,14.69999981,28820100
2022-04-18,14.61999989,14.80000019,14.60000038,14.71000004,14601500
2022-04-19,14.56000042,14.76000023,14.40999985,14.64999962,25953600
2022-04-20,14.69999981,15.02000046,14.56000042,14.72999954,16174800
2022-04-22,14.55000019,14.97999954,14.55000019,14.75,34086700
2022-04-25,14.76000023,15.18999958,14.63000011,15.11999989,34312300
2022-04-26,15.03999996,15.14999962,14.73999977,14.75,23589700
2022-04-27,14.89000034,14.90999985,14.64000034,14.68000031,19261700
2022-04-28,14.71000004,14.86999989,14.61999989,14.71000004,24849700
2022-04-29,14.85000038,15.0,14.52000046,14.52000046,26145100
2022-05-02,14.57999992,14.71000004,14.31999969,14.47000027,22755000
2022-05-03,14.44999981,14.69999981,14.15999985,14.23999977,21493900
2022-05-04,14.11999989,14.42000008,14.01000023,14.34000015,23653200
2022-05-05,14.32999992,14.32999992,13.61999989,13.72999954,41147400
2022-05-06,13.72999954,13.82999992,13.52999973,13.52999973,21978900
2022-05-09,13.39999962,13.85000038,13.36999989,13.68999958,26091800
2022-05-10,13.81000042,14.02999973,13.72000027,13.72999954,16310700
2022-05-11,13.72000027,14.15999985,13.64000034,13.94999981,29961100
2022-05-12,13.85999966,14.5,13.78999996,14.47999954,27076500
2022-05-13,14.55000019,14.67000008,14.44999981,14.53999996,13385100
2022-05-16,14.52999973,14.85000038,14.40999985,14.68999958,16896700
2022-05-17,14.84000015,14.89000034,14.67000008,14.72999954,13671500
2022-05-18,14.72000027,14.81999969,14.18000031,14.22000027,29516600
2022-05-19,14.25,14.31000042,13.96000004,14.14000034,19551600
2022-05-20,14.25,14.28999996,13.82999992,14.02000046,24557200
2022-05-23,14.14000034,14.14000034,13.85000038,14.07999992,21490000
2022-05-24,14.0,14.18999958,13.85000038,14.13000011,21853400
2022-05-25,14.11999989,14.13000011,13.90999985,14.03999996,15767900
2022-05-26,14.03999996,14.27999973,13.97999954,14.21000004,17300400
2022-05-27,14.18000031,14.36999989,14.03999996,14.21000004,14260900
2022-05-30,14.30000019,14.38000011,14.01000023,14.09000015,7925000
2022-05-31,14.17000008,14.27000046,14.06000042,14.18999958,28066600
2022-06-01,14.14000034,14.23999977,14.05000019,14.11999989,15219000
2022-06-02,14.28999996,14.30000019,13.88000011,14.11999989,14894700
2022-06-03,14.10000038,14.31999969,14.03999996,14.07999992,20761400
2022-06-06,14.11999989,14.19999981,13.96000004,14.05000019,13085700
2022-06-07,13.92000008,13.97000027,13.60999966,13.72999954,23888200
2022-06-08,13.63000011,13.93000031,13.53999996,13.76000023,13145200
2022-06-09,13.72999954,13.82999992,13.56999969,13.60999966,18417700
2022-06-10,13.55000019,13.67000008,13.27000046,13.59000015,29186500
2022-06-13,13.43999958,13.56000042,13.18999958,13.32999992,23595500
2022-06-14,13.32999992,13.36999989,12.98999977,13.14999962,17505300
2022-06-15,13.35000038,13.35000038,13.01000023,13.06000042,28421400
2022-06-17,12.88000011,13.13000011,12.81000042,13.02999973,38950600
2022-06-20,12.98999977,13.25,12.88000011,13.05000019,13366700
2022-06-21,13.07999992,13.31000042,12.93999958,13.17000008,19966600
2022-06-22,13.18000031,13.39000034,13.06000042,13.30000019,16963200
2022-06-23,13.35000038,13.38000011,13.25,13.32999992,17466700
2022-06-24,13.39999962,13.77000046,13.32999992,13.67000008,25329300
2022-06-27,13.72999954,13.85000038,13.64000034,13.72000027,16111400
2022-06-28,13.71000004,13.81000042,13.38000011,13.52000046,24086500
2022-06-29,13.5,13.69999981,13.35000038,13.60999966,27461600
2022-06-30,13.36999989,13.53999996,13.35000038,13.39999962,22872000
2022-07-01,13.35000038,13.80000019,13.30000019,13.76000023,17714200
2022-07-04,13.72000027,13.81000042,13.60999966,13.68000031,7157000
2022-07-05,13.61999989,14.14000034,13.52000046,14.09000015,26056900
2022-07-06,14.06000042,14.39000034,14.02000046,14.22999954,21918400
2022-07-07,14.35000038,14.38000011,14.0,14.22999954,19019700
2022-07-08,14.23999977,14.35999966,14.11999989,14.31000042,13974800
2022-07-11,14.21000004,14.34000015,14.02999973,14.10000038,11484300
2022-07-12,14.10999966,14.10999966,13.52999973,13.78999996,50374400
2022-07-13,13.80000019,14.67000008,13.80000019,14.56999969,53045500
2022-07-14,14.38000011,14.96000004,14.36999989,14.84000015,42313700
2022-07-15,14.81000042,14.88000011,14.56999969,14.59000015,25341500
2022-07-18,14.60000038,14.72000027,14.40999985,14.48999977,16582000
2022-07-19,14.48999977,14.76000023,14.42000008,14.47999954,21362100
2022-07-20,14.40999985,14.56000042,14.10999966,14.30000019,48699500
2022-07-21,14.23999977,14.59000015,14.18000031,14.56000042,25407300
2022-07-22,14.53999996,14.61999989,14.35999966,14.51000023,22205400
2022-07-25,14.52999973,14.77999973,14.44999981,14.68000031,14348000
2022-07-26,14.68999958,14.88000011,14.55000019,14.81999969,27532200
2022-07-27,14.85000038,15.10000038,14.64999962,14.97999954,37333600
2022-07-28,15.43999958,15.80000019,14.72999954,15.10000038,70122600
2022-07-29,15.13000011,15.22999954,14.82999992,14.93000031,40541400
2022-08-01,14.85999966,14.89000034,14.43000031,14.63000011,34565900
2022-08-02,14.56000042,14.78999996,14.51000023,14.71000004,12515800
2022-08-03,14.72999954,14.81999969,14.39999962,14.63000011,19576600
2022-08-04,14.75,14.80000019,14.39999962,14.68000031,22962500
2022-08-05,14.72999954,14.93999958,14.56999969,14.60000038,20809900
2022-08-08,14.68000031,14.81999969,14.51000023,14.80000019,16864800
2022-08-09,14.84000015,14.86999989,14.61999989,14.73999977,13704000
2022-08-10,14.94999981,15.18999958,14.75,15.15999985,19048300
2022-08-11,15.31000042,15.31000042,15.06000042,15.13000011,11619800
2022-08-12,15.26000023,15.35999966,15.07999992,15.21000004,17954400
2022-08-15,15.13000011,15.5,15.06000042,15.42000008,21276600
2022-08-16,15.43999958,15.60999966,15.32999992,15.5,16447100
2022-08-17,15.46000004,15.63000011,15.35000038,15.55000019,27664000
2022-08-18,15.65999985,16.02000046,15.59000015,16.0,34709400
2022-08-19,15.89000034,16.21999931,15.53999996,15.65999985,38987700
2022-08-22,15.71000004,15.77000046,15.34000015,15.42000008,18162300
2022-08-23,15.35000038,15.52000046,15.28999996,15.43999958,14311100
2022-08-24,15.43999958,15.89000034,15.43000031,15.80000019,18054400
2022-08-25,15.94999981,16.07999992,15.75,15.81999969,10482600
2022-08-26,15.89000034,15.89999962,15.60999966,15.67000008,12927600
2022-08-29,15.64999962,15.68999958,15.51000023,15.60999966,9512400
2022-08-30,15.69999981,15.72999954,15.26000023,15.39000034,15374700
2022-08-31,15.42000008,15.61999989,15.27000046,15.27000046,22741700
2022-09-01,15.35999966,15.69999981,15.09000015,15.43000031,33540800
2022-09-02,15.47000027,15.73999977,15.35000038,15.47999954,22400800
2022-09-05,15.60000038,15.60999966,15.43999958,15.55000019,9796000
2022-09-06,15.43999958,15.65999985,15.39000034,15.56000042,20160400
2022-09-08,15.60000038,15.73999977,15.35000038,15.5,22311100
2022-09-09,15.5,15.76000023,15.47999954,15.72000027,13422600
2022-09-12,15.78999996,15.80000019,15.57999992,15.69999981,18048600
2022-09-13,15.60000038,15.88000011,15.48999977,15.59000015,27453000
2022-09-14,15.59000015,15.59000015,15.27000046,15.38000011,17680200
2022-09-15,15.38000011,15.43999958,15.23999977,15.30000019,13293700
2022-09-16,15.23999977,15.39999962,15.14000034,15.27000046,47764700
2022-09-19,15.30000019,15.52999973,15.18000031,15.47000027,14253700
2022-09-20,15.47999954,15.76000023,15.31999969,15.76000023,43727000
2022-09-21,15.77000046,15.86999989,15.47000027,15.55000019,24983700
2022-09-22,15.71000004,15.72000027,15.39999962,15.67000008,32533500
2022-09-23,15.39999962,15.47999954,15.17000008,15.36999989,39045900
2022-09-26,15.35999966,15.48999977,15.17000008,15.27000046,25475400
2022-09-27,15.39000034,15.60000038,15.25,15.43999958,34504900
2022-09-28,15.42000008,15.80000019,15.38000011,15.72000027,30344400
2022-09-29,15.59000015,15.76000023,15.47000027,15.60999966,40055300
2022-09-30,15.60000038,15.68999958,15.44999981,15.53999996,28170400
2022-10-03,15.80000019,16.31999969,15.52999973,16.29999924,37122200
2022-10-04,16.5,16.5,16.09000015,16.23999977,21559300
2022-10-05,16.30999947,16.32999992,15.94999981,16.12000084,38105500
2022-10-06,16.25,16.26000023,15.97999954,16.14999962,28042900
2022-10-07,15.96000004,16.04000092,15.30000019,15.42000008,40213400
2022-10-10,15.46000004,15.47000027,15.06000042,15.19999981,29475700
2022-10-11,15.18000031,15.27000046,14.93999958,14.98999977,30204200
2022-10-13,14.81999969,15.15999985,14.69999981,15.01000023,25868700
2022-10-14,15.02000046,15.11999989,14.78999996,14.82999992,16971400
2022-10-17,14.92000008,15.06000042,14.77000046,14.92000008,11542800
2022-10-18,15.06000042,15.13000011,14.81999969,14.89999962,24386300
2022-10-19,14.93000031,15.03999996,14.77999973,14.89000034,31016000
2022-10-20,14.96000004,15.10999966,14.89999962,15.03999996,25176800
2022-10-21,14.98999977,15.35000038,14.94999981,15.31000042,36933200
2022-10-24,15.15999985,15.34000015,15.02000046,15.18000031,19032100
2022-10-25,15.18000031,15.19999981,14.82999992,14.90999985,26198600
2022-10-26,14.80000019,15.14999962,14.60000038,15.10000038,33679000
2022-10-27,15.25,15.76000023,15.21000004,15.56000042,51627700
2022-10-28,15.56000042,15.77000046,15.47999954,15.77000046,29961700
2022-10-31,15.77000046,16.02000046,15.69999981,16.0,26748700
2022-11-01,16.03000069,16.13999939,15.77000046,15.78999996,28453200
2022-11-03,15.51000023,16.04000092,15.46000004,16.02000046,26575500
2022-11-04,16.17000008,16.55999947,16.04000092,16.45000076,30212300
2022-11-07,16.32999992,16.62000084,16.30999947,16.36000061,32125700
2022-11-08,16.26000023,16.78000069,16.19000053,16.73999977,31603000
2022-11-09,16.61000061,16.87999916,16.42000008,16.47999954,27623800
2022-11-10,16.15999985,16.47999954,15.86999989,15.98999977,56534200
2022-11-11,15.76000023,16.20000076,15.65999985,16.09000015,30034900
2022-11-14,16.32999992,16.37999916,15.77999973,15.94999981,20762300
2022-11-16,15.93999958,15.98999977,15.36999989,15.43999958,42516500
2022-11-17,15.30000019,15.52999973,15.0,15.39999962,35475900
2022-11-18,15.56000042,15.84000015,15.42000008,15.61999989,40152500
2022-11-21,15.77999973,15.80000019,15.52000046,15.67000008,15656100
2022-11-22,15.69999981,15.88000011,15.5,15.65999985,31512300
2022-11-23,15.64999962,15.85000038,15.55000019,15.72000027,26642400
2022-11-24,15.89000034,16.20999908,15.75,16.04000092,14019000
2022-11-25,16.03000069,16.06999969,15.68999958,15.77000046,16221100
2022-11-28,15.80000019,16.0,15.72000027,15.90999985,15172700
2022-11-29,15.90999985,16.04999924,15.68999958,15.76000023,23998200
2022-11-30,15.76000023,16.0,15.65999985,15.92000008,32952700
2022-12-01,15.92000008,16.15999985,15.88000011,16.07999992,28272700
2022-12-02,16.14999962,16.54999924,15.94999981,16.32999992,42011000
2022-12-05,16.03000069,16.20000076,15.97000027,16.02000046,22919200
2022-12-06,16.20000076,16.20000076,15.92000008,16.04999924,20081600
2022-12-07,16.12999916,16.13999939,15.86999989,16.0,26792000
2022-12-08,15.94999981,15.96000004,15.60999966,15.69999981,34785200
2022-12-09,15.77999973,15.80000019,15.51000023,15.51000023,25402800
2022-12-12,15.47999954,15.47999954,15.07999992,15.23999977,31800600
2022-12-13,15.28999996,15.59000015,15.14000034,15.27999973,62286000
2022-12-14,15.18999958,15.22000027,14.72000027,15.13000011,74145500
2022-12-15,15.01000023,15.22000027,14.89999962,15.0,36105800
2022-12-16,14.98999977,15.14000034,14.78999996,14.85000038,44559500
2022-12-19,14.97999954,15.47000027,14.92000008,15.22999954,43156700
2022-12-20,14.40999985,14.68000031,14.25,14.52000046,23944700
2022-12-21,14.56999969,14.71000004,14.31000042,14.35000038,40218600
2022-12-22,14.39000034,14.53999996,14.27999973,14.42000008,24158300
2022-12-23,14.5,14.76000023,14.46000004,14.61999989,30772700
2022-12-26,14.56999969,14.64000034,14.44999981,14.52000046,4149300
2022-12-27,14.60000038,14.65999985,14.42000008,14.52000046,13135400
2022-12-28,14.60000038,14.72999954,14.52000046,14.55000019,15002000
2022-12-29,14.67000008,14.67000008,14.43000031,14.52000046,22326300
2023-01-02,14.39999962,14.44999981,14.02000046,14.18999958,14995900
2023-01-03,14.15999985,14.39000034,14.10999966,14.17000008,36363800
2023-01-04,14.27999973,14.47000027,14.07999992,14.25,23791800
2023-01-05,14.27000046,14.40999985,14.14000034,14.28999996,31031500
2023-01-06,14.30000019,14.35999966,14.15999985,14.31999969,20889800
2023-01-09,14.28999996,14.47000027,14.27000046,14.39999962,24448600
2023-01-10,14.26000023,14.60000038,14.25,14.53999996,35535000
2023-01-11,14.51000023,14.78999996,13.94999981,14.28999996,74419600
2023-01-12,13.80000019,14.17000008,13.65999985,14.10000038,69959500
2023-01-13,14.0,14.05000019,13.77000046,13.88000011,44291300
2023-01-16,13.72000027,13.73999977,13.18000031,13.19999981,58837000
2023-01-17,13.30000019,13.94999981,13.19999981,13.85999966,68143400
2023-01-18,13.93000031,14.06000042,13.72999954,13.77999973,32154400
2023-01-19,13.67000008,13.85000038,13.55000019,13.64000034,51799200
2023-01-20,13.55000019,13.64000034,13.36999989,13.52999973,33626000
2023-01-23,13.56000042,13.68000031,13.35999966,13.42000008,29938500
2023-01-24,13.42000008,13.60999966,13.34000015,13.60999966,17822600
2023-01-25,13.55000019,13.73999977,13.47000027,13.71000004,22021000
2023-01-26,13.69999981,13.85000038,13.52999973,13.73999977,22793400
2023-01-27,13.75,13.75,13.59000015,13.64999962,23904300
2023-01-30,13.68999958,13.69999981,13.43999958,13.52999973,32850700
2023-01-31,13.61999989,13.73999977,13.5,13.65999985,35608800
2023-02-01,13.64000034,13.72999954,12.85000038,13.18000031,136662100
2023-02-02,13.06000042,13.52999973,13.0,13.10999966,49730600
2023-02-03,13.06999969,13.22000027,12.90999985,12.97999954,40568400
2023-02-06,13.03999996,13.19999981,12.94999981,13.02000046,25649000
2023-02-07,13.02000046,13.07999992,12.89000034,12.96000004,22344400
2023-02-08,13.03999996,13.23999977,12.93000031,13.18999958,24324300
2023-02-09,13.14999962,13.22999954,12.94999981,13.02000046,17206200
2023-02-10,12.97999954,12.98999977,12.60000038,12.85999966,49142000
2023-02-13,12.85999966,13.17000008,12.85000038,13.13000011,16722700
2023-02-14,13.14999962,13.35999966,12.98999977,13.0,29701200
2023-02-15,12.98999977,13.36999989,12.93000031,13.22999954,35211800
2023-02-16,13.25,13.30000019,12.96000004,13.07999992,34528900
2023-02-17,13.03999996,13.25,13.01000023,13.19999981,13404000
2023-02-22,13.05000019,13.31000042,13.05000019,13.21000004,29184000
2023-02-23,13.21000004,13.39999962,13.11999989,13.25,24914000
2023-02-24,13.22000027,13.39999962,13.07999992,13.31999969,26791100
2023-02-27,13.38000011,13.46000004,13.26000023,13.39999962,30248900
2023-02-28,13.43000031,13.59000015,13.34000015,13.39000034,39333900
2023-03-01,13.42000008,13.63000011,13.26000023,13.47000027,28582000
2023-03-02,13.47000027,13.53999996,13.06999969,13.13000011,47796400
2023-03-03,13.11999989,13.22000027,12.98999977,13.10999966,22570600
2023-03-06,13.18000031,13.57999992,13.13000011,13.5,29101800
2023-03-07,13.47000027,13.61999989,13.30000019,13.43000031,23803700
2023-03-08,13.39999962,13.64000034,13.35000038,13.61999989,24867300
2023-03-09,13.56000042,13.77999973,13.56000042,13.60000038,19988600
2023-03-10,13.52000046,13.69999981,13.46000004,13.51000023,25089300
2023-03-13,13.5,13.72999954,13.47000027,13.60999966,15168800
2023-03-14,13.60999966,14.07999992,13.59000015,13.94999981,52093500
2023-03-15,13.80000019,14.10000038,13.75,14.02000046,36367400
2023-03-16,14.0,14.40999985,14.0,14.26000023,29043700
2023-03-17,14.19999981,14.39999962,14.09000015,14.22000027,52021500
2023-03-20,14.19999981,14.27000046,14.05000019,14.11999989,33729400
2023-03-21,14.14000034,14.18000031,13.89999962,13.94999981,16500900
2023-03-22,13.90999985,14.09000015,13.89000034,13.94999981,16107100
2023-03-23,14.01000023,14.14999962,13.67000008,13.77999973,26202600
2023-03-24,13.84000015,14.02000046,13.75,13.89000034,27154200
2023-03-27,14.0,14.10999966,13.88000011,13.93000031,15709700
2023-03-28,13.94999981,15.02999973,13.89999962,14.59000015,121741000
2023-03-29,14.65999985,14.92000008,14.48999977,14.81000042,40734700
2023-03-30,15.0,15.05000019,14.75,14.81999969,24247000
2023-03-31,14.86999989,14.92000008,14.18999958,14.32999992,68236900
2023-04-03,14.22999954,14.35000038,14.03999996,14.32999992,24136100
2023-04-04,14.40999985,14.61999989,14.22999954,14.43000031,25925800
2023-04-05,14.51000023,14.63000011,14.21000004,14.39999962,20359100
2023-04-06,14.23999977,14.60999966,14.23999977,14.43000031,39044600
2023-04-10,14.5,14.77999973,14.34000015,14.46000004,31288100
2023-04-11,14.48999977,14.86999989,14.39000034,14.77999973,43646400
2023-04-12,14.81999969,14.93000031,14.64000034,14.76000023,38015500
2023-04-13,14.72999954,14.84000015,14.43000031,14.59000015,25996600
2023-04-14,14.5,14.72999954,14.43999958,14.64999962,14511000
2023-04-17,14.72999954,14.77000046,14.56999969,14.75,12975100
2023-04-18,14.76000023,14.81999969,14.53999996,14.63000011,17645400
2023-04-19,14.52999973,14.68000031,14.43000031,14.57999992,22727300
2023-04-20,14.60999966,14.80000019,14.56000042,14.60000038,25584600
2023-04-24,14.65999985,14.73999977,14.27000046,14.34000015,39968000
2023-04-25,14.27999973,14.38000011,14.06000042,14.28999996,29356500
2023-04-26,14.19999981,14.38000011,14.14999962,14.21000004,19935800
2023-04-27,14.18000031,14.25,14.01000023,14.15999985,16155400
2023-04-28,14.10000038,14.22000027,13.97999954,14.15999985,21948100
2023-05-02,14.06000042,14.31999969,13.96000004,14.26000023,26656000
2023-05-03,14.25,14.68000031,14.13000011,14.57999992,34868300
2023-05-04,15.19999981,15.31000042,14.47000027,14.63000011,54120800
2023-05-05,14.67000008,14.71000004,14.30000019,14.48999977,25846600
2023-05-08,14.56999969,14.64000034,14.43000031,14.51000023,18558200
2023-05-09,14.48999977,14.56999969,14.43999958,14.5,14106700
2023-05-10,14.43999958,14.48999977,14.27999973,14.39999962,32128700
2023-05-11,14.40999985,14.65999985,14.40999985,14.5,24022900
2023-05-12,14.40999985,14.5,14.27000046,14.44999981,17911800
2023-05-15,14.47999954,14.65999985,14.47000027,14.61999989,12250300
2023-05-16,14.67000008,14.84000015,14.60000038,14.60000038,12620000
2023-05-17,14.64999962,14.65999985,14.47000027,14.56000042,21093400
2023-05-18,14.53999996,14.59000015,14.36999989,14.55000019,28578200
2023-05-19,14.60000038,14.77000046,14.39999962,14.57999992,26033100
2023-05-22,14.75,14.84000015,14.56000042,14.61999989,19796100
2023-05-23,14.57999992,14.67000008,14.46000004,14.59000015,12569600
2023-05-24,14.48999977,14.80000019,14.48999977,14.65999985,13887400
2023-05-25,14.85000038,14.93000031,14.64999962,14.73999977,20059400
2023-05-26,14.81000042,14.89999962,14.64000034,14.76000023,9976800
2023-05-29,14.67000008,14.85000038,14.60000038,14.76000023,5236900
2023-05-30,14.82999992,14.89000034,14.42000008,14.47999954,24198200
2023-05-31,14.43999958,14.44999981,14.23999977,14.40999985,41149000
2023-06-01,14.35000038,14.42000008,14.21000004,14.23999977,21073100
2023-06-02,14.39999962,14.61999989,14.25,14.46000004,26641200
2023-06-05,14.42000008,14.52000046,14.34000015,14.40999985,13795200
2023-06-06,14.46000004,14.85000038,14.40999985,14.81999969,38723100
2023-06-07,14.89000034,15.02999973,14.64999962,14.85000038,29670300
2023-06-09,14.92000008,15.17000008,14.89000034,15.14000034,27318300
2023-06-12,15.14000034,15.22999954,14.93000031,15.15999985,23053500
2023-06-13,15.21000004,15.30000019,15.05000019,15.27000046,17207900
2023-06-14,15.26000023,15.43000031,15.07999992,15.32999992,38582700
2023-06-15,15.22999954,15.35000038,14.98999977,15.18999958,19514800
2023-06-16,15.14000034,15.27999973,15.05000019,15.06999969,42108400
2023-06-19,15.06999969,15.18000031,15.02999973,15.10999966,8520800
2023-06-20,15.06000042,15.14999962,15.01000023,15.14000034,17804600
2023-06-21,15.13000011,15.31000042,15.07999992,15.27999973,15349000
2023-06-22,15.18999958,15.60000038,15.18999958,15.55000019,24788600
2023-06-23,15.55000019,15.59000015,15.43999958,15.48999977,15765000
2023-06-26,15.48999977,15.5,15.18999958,15.34000015,17722200
2023-06-27,15.39000034,15.46000004,15.18999958,15.38000011,13978600
2023-06-28,15.42000008,15.43000031,15.15999985,15.22000027,21624500
2023-06-29,15.27000046,15.35000038,15.18999958,15.22000027,14781100
2023-06-30,15.35000038,15.47000027,15.25,15.40999985,18270700
2023-07-03,15.5,15.5,15.31999969,15.40999985,9309100
2023-07-04,15.39999962,15.39999962,15.10000038,15.14000034,12338500
2023-07-05,15.14000034,15.31000042,15.10000038,15.21000004,16649000
2023-07-06,15.14999962,15.26000023,14.80000019,14.82999992,28789100
2023-07-07,14.82999992,15.07999992,14.81000042,14.85000038,18082900
2023-07-10,15.44999981,15.77999973,14.93000031,15.01000023,30024500
2023-07-11,14.93999958,14.96000004,14.57999992,14.63000011,26625300
2023-07-12,14.60999966,14.81000042,14.57999992,14.68999958,17859500
2023-07-13,14.65999985,14.89000034,14.63000011,14.76000023,13600600
2023-07-14,14.71000004,14.80000019,14.56000042,14.73999977,13152500
2023-07-17,14.72000027,14.82999992,14.63000011,14.81999969,21044500
2023-07-18,14.77999973,14.93000031,14.61999989,14.67000008,49083400
2023-07-19,14.71000004,14.75,14.47000027,14.63000011,34813800
2023-07-20,14.75,14.98999977,14.48999977,14.92000008,42121000
2023-07-21,14.88000011,15.47000027,14.88000011,15.30000019,44120600
2023-07-24,15.22000027,15.36999989,15.01000023,15.11999989,28477500
2023-07-25,15.23999977,15.27000046,14.78999996,15.02999973,25287600
2023-07-26,14.97000027,15.05000019,14.86999989,14.97999954,22007900
2023-07-27,14.94999981,15.03999996,14.68000031,14.69999981,24140400
2023-07-28,14.75,15.0,14.65999985,14.96000004,15430600
2023-07-31,14.97000027,15.10000038,14.77000046,14.85999966,16905900
2023-08-01,14.81000042,15.02999973,14.65999985,14.97999954,18921400
2023-08-02,14.94999981,15.18999958,14.85999966,15.05000019,22855900
2023-08-03,15.07999992,15.44999981,14.55000019,14.63000011,63225600
2023-08-04,14.65999985,14.89999962,14.53999996,14.71000004,22648600
2023-08-07,14.75,14.75,14.53999996,14.68000031,15395800
2023-08-08,14.47999954,14.68000031,14.46000004,14.5,15367000
2023-08-09,14.46000004,14.5,14.28999996,14.38000011,19585700
2023-08-10,14.47999954,14.61999989,14.31999969,14.36999989,9563200
2023-08-11,14.43999958,14.47000027,14.27999973,14.35999966,15263200
2023-08-14,14.35999966,14.44999981,14.21000004,14.32999992,17113600
2023-08-15,14.36999989,14.42000008,14.18000031,14.19999981,14551800
2023-08-16,14.19999981,14.35000038,14.14000034,14.18000031,39194000
2023-08-17,14.22999954,14.35999966,14.07999992,14.22000027,39513800
2023-08-18,14.22000027,14.38000011,14.17000008,14.35999966,20322700
2023-08-21,14.39999962,14.43000031,14.26000023,14.31000042,18739800
2023-08-22,14.27000046,14.51000023,14.23999977,14.42000008,27151300
2023-08-23,14.34000015,14.59000015,14.34000015,14.44999981,27857800
2023-08-24,14.44999981,14.48999977,14.15999985,14.18999958,26953700
2023-08-25,14.25,14.25,13.67000008,13.98999977,55070100
2023-08-28,14.02000046,14.31000042,13.85999966,14.21000004,35551200
2023-08-29,14.27000046,14.34000015,14.17000008,14.26000023,14591500
2023-08-30,14.22999954,14.34000015,14.17000008,14.18000031,25045400
2023-08-31,14.14000034,14.15999985,13.71000004,13.84000015,44974800
2023-09-01,13.85000038,14.0,13.68999958,13.86999989,20325700
2023-09-04,13.90999985,13.97999954,13.76000023,13.85999966,23856400
2023-09-05,13.89999962,14.21000004,13.81999969,14.01000023,37047300
2023-09-06,13.98999977,14.15999985,13.96000004,13.97999954,26849800
2023-09-08,13.94999981,13.96000004,13.69999981,13.69999981,23119600
2023-09-11,13.78999996,13.92000008,13.71000004,13.86999989,14866900
2023-09-12,13.85000038,13.89999962,13.65999985,13.71000004,18024700
2023-09-13,13.71000004,13.81999969,13.63000011,13.64000034,32126800
2023-09-14,13.68000031,13.72000027,13.5,13.52999973,21983200
2023-09-15,13.55000019,13.60999966,13.39999962,13.42000008,39186700
2023-09-18,13.39000034,13.47999954,13.31000042,13.39000034,19997200
2023-09-19,13.31000042,13.55000019,13.30000019,13.43000031,25991300
2023-09-20,13.47000027,13.56000042,13.44999981,13.47000027,15729400
2023-09-21,13.31999969,13.39999962,13.19999981,13.23999977,29875400
2023-09-22,13.25,13.27999973,13.10000038,13.11999989,16325200
2023-09-25,13.14999962,13.32999992,13.10999966,13.22000027,20229100
2023-09-26,13.18999958,13.22999954,13.0,13.03999996,29094600
2023-09-27,13.07999992,13.10000038,12.85999966,12.97000027,32045700
2023-09-28,13.0,13.13000011,12.93000031,12.97999954,43949200
2023-09-29,13.07999992,13.17000008,13.05000019,13.10999966,22876500
2023-10-02,13.10999966,13.14999962,12.97999954,13.09000015,17955500
2023-10-03,13.06000042,13.28999996,12.93999958,13.05000019,31511700
2023-10-04,13.05000019,13.27000046,13.03999996,13.21000004,15774100
2023-10-05,13.18000031,13.22999954,12.85999966,12.89000034,31497000
2023-10-06,12.80000019,13.27999973,12.73999977,13.18999958,40211800
2023-10-09,13.14999962,13.18999958,13.05000019,13.17000008,15459500
2023-10-10,13.17000008,13.35999966,13.11999989,13.25,18408800
2023-10-11,13.25,13.32999992,13.18999958,13.28999996,14042700
2023-10-13,13.27999973,13.27999973,12.92000008,12.97999954,24773100
2023-10-16,13.01000023,13.07999992,12.94999981,13.01000023,12422600
2023-10-17,12.89999962,12.98999977,12.77999973,12.80000019,21533400
2023-10-18,12.73999977,12.77999973,12.48999977,12.52999973,41902700
2023-10-19,12.56000042,12.68999958,12.51000023,12.52000046,15581700
2023-10-20,12.44999981,12.63000011,12.39999962,12.48999977,14749400
2023-10-23,12.46000004,12.56999969,12.38000011,12.47999954,11943700
2023-10-24,12.57999992,12.59000015,12.32999992,12.52000046,32749400
2023-10-25,12.51000023,12.53999996,12.39999962,12.43999958,14976900
2023-10-26,12.47999954,12.77999973,12.40999985,12.63000011,25002300
2023-10-27,12.57999992,12.63000011,12.27999973,12.28999996,27730300
2023-10-30,12.39999962,12.48999977,12.30000019,12.35999966,26078000
2023-10-31,12.94999981,12.94999981,12.60999966,12.85999966,64210200
2023-11-01,12.89999962,13.0,12.76000023,12.98999977,40528700
2023-11-03,13.10000038,13.36999989,13.05000019,13.28999996,27360200
2023-11-06,13.34000015,13.56999969,13.28999996,13.51000023,20562100
2023-11-07,13.5,13.59000015,13.46000004,13.56999969,20565500
2023-11-08,13.59000015,13.68000031,13.52000046,13.53999996,29629700
2023-11-09,13.56999969,13.56999969,13.36999989,13.40999985,18858200
2023-11-10,13.44999981,13.48999977,13.35000038,13.35000038,15140600
2023-11-13,13.36999989,13.55000019,13.28999996,13.43000031,16559200
2023-11-14,13.5,13.75,13.44999981,13.69999981,24478100
2023-11-16,13.69999981,13.80000019,13.55000019,13.67000008,45772900
2023-11-17,13.71000004,13.73999977,13.52000046,13.60000038,36893100
2023-11-20,13.60999966,13.71000004,13.47000027,13.60000038,15170600
2023-11-21,13.60000038,13.61999989,13.35999966,13.43999958,17196400
2023-11-22,13.48999977,13.60000038,13.43000031,13.56999969,29650400
2023-11-23,13.60999966,13.76000023,13.27000046,13.55000019,32233900
2023-11-24,13.5,13.53999996,13.27999973,13.39000034,18133100
2023-11-27,13.43999958,13.63000011,13.36999989,13.57999992,22972800
2023-11-28,13.52000046,13.71000004,13.52000046,13.64999962,14913700
2023-11-29,13.63000011,13.68999958,13.30000019,13.30000019,19363500
2023-11-30,13.30000019,13.73999977,13.25,13.68999958,41991100
2023-12-01,13.68999958,14.07999992,13.60000038,14.07999992,30042200
2023-12-04,14.02999973,14.09000015,13.98999977,14.06000042,9861400
2023-12-05,14.07999992,14.36999989,14.06999969,14.23999977,36765000
2023-12-06,14.27000046,14.31999969,13.90999985,13.98999977,20919500
2023-12-07,14.02000046,14.27999973,14.02000046,14.07999992,11940500
2023-12-08,14.27999973,14.48999977,14.17000008,14.31000042,16690900
2023-12-11,14.23999977,14.39000034,14.22000027,14.31999969,11080900
2023-12-12,14.27999973,14.34000015,14.18000031,14.22999954,10541600
2023-12-13,14.27000046,14.80000019,14.14000034,14.69999981,53960800
2023-12-14,14.85000038,14.86999989,14.30000019,14.5,60791700
2023-12-15,14.5,14.56999969,14.39000034,14.47000027,33747300
2023-12-18,14.5,14.64000034,14.43000031,14.55000019,24363100
2023-12-19,14.59000015,14.77999973,14.55000019,14.69999981,32674700
2023-12-20,13.93999958,13.94999981,13.67000008,13.73999977,24316200
2023-12-21,13.81999969,13.81999969,13.59000015,13.69999981,28969600
2023-12-22,13.68999958,13.82999992,13.65999985,13.71000004,19864700
2023-12-26,13.72000027,13.81000042,13.68999958,13.77000046,6884800
2023-12-27,13.77999973,13.84000015,13.72000027,13.84000015,10305900
2023-12-28,13.80000019,13.85000038,13.72999954,13.72999954,16500300
2024-01-02,13.72000027,13.72999954,13.59000015,13.71000004,11690200
2024-01-03,13.67000008,13.75,13.56999969,13.60000038,17612200
2024-01-04,13.60000038,13.68000031,13.52000046,13.64999962,19996000
2024-01-05,13.61999989,13.68999958,13.52999973,13.60000038,18293900
2024-01-08,13.60999966,13.75,13.57999992,13.71000004,11014600
2024-01-09,13.68999958,13.68999958,13.55000019,13.61999989,15705100
2024-01-10,13.61999989,13.82999992,13.60000038,13.76000023,18313300
2024-01-11,13.71000004,13.77000046,13.51000023,13.56000042,22254100
2024-01-12,13.52000046,13.72000027,13.43999958,13.59000015,20300600
2024-01-15,13.47999954,13.60000038,13.46000004,13.59000015,4752100
2024-01-16,13.43999958,13.52000046,13.34000015,13.35000038,24233000
2024-01-17,13.32999992,13.51000023,13.32999992,13.43000031,12493800
2024-01-18,13.42000008,13.42000008,13.25,13.34000015,18425500
2024-01-19,13.40999985,13.42000008,13.26000023,13.35000038,28017100
2024-01-22,13.38000011,13.44999981,13.22999954,13.35999966,16245600
2024-01-23,13.39000034,13.43000031,13.22999954,13.36999989,16851900
2024-01-24,13.43999958,13.43999958,13.18999958,13.27999973,16080200
2024-01-25,13.22000027,13.27999973,13.14000034,13.19999981,12841800
2024-01-26,13.26000023,13.28999996,13.14999962,13.19999981,6568000
2024-01-29,13.15999985,13.28999996,13.11999989,13.25,10163100
2024-01-30,13.22000027,13.25,13.02999973,13.03999996,22516400
2024-01-31,13.07999992,13.22000027,13.02999973,13.07999992,25269100
2024-02-01,13.06999969,13.10999966,12.89999962,13.06999969,27075000
2024-02-02,13.07999992,13.19999981,12.96000004,13.06999969,22938800
2024-02-05,13.07999992,13.18999958,13.03999996,13.09000015,16606500
2024-02-06,13.06999969,13.30000019,13.06999969,13.22999954,29715800
2024-02-07,13.25,13.31000042,12.93000031,13.0,37752200
2024-02-08,12.96000004,13.03999996,12.89999962,12.94999981,23297000
2024-02-09,12.92000008,12.97999954,12.81000042,12.94999981,15447300
2024-02-14,12.88000011,12.93999958,12.81999969,12.92000008,16255700
2024-02-15,12.93000031,13.02000046,12.84000015,12.85000038,27820200
2024-02-16,12.89999962,12.89999962,12.75,12.76000023,21074800
2024-02-19,12.77000046,12.81000042,12.64999962,12.81000042,9229700
2024-02-20,12.81000042,13.09000015,12.77999973,12.85000038,26872100
2024-02-21,12.84000015,12.92000008,12.75,12.89999962,13911900
2024-02-22,12.93000031,13.01000023,12.85999966,12.96000004,16110800
2024-02-23,13.0,13.01000023,12.81999969,12.89000034,18944400
2024-02-26,12.82999992,13.10000038,12.82999992,13.03999996,12942000
2024-02-27,13.10999966,13.32999992,13.06999969,13.31000042,31668800
2024-02-28,13.27000046,13.59000015,13.26000023,13.44999981,34495200
2024-02-29,12.92000008,12.98999977,12.39999962,12.57999992,88182100
2024-03-01,12.46000004,12.67000008,12.30000019,12.43999958,51174000
2024-03-04,12.44999981,12.56999969,12.40999985,12.47999954,16560500
2024-03-05,12.52999973,12.82999992,12.44999981,12.75,33369400
2024-03-06,12.80000019,12.97999954,12.56999969,12.68999958,45103900
2024-03-07,12.63000011,12.72999954,12.52000046,12.64999962,12954500
2024-03-08,12.55000019,12.92000008,12.55000019,12.84000015,54292500
2024-03-11,12.77000046,12.89999962,12.68000031,12.80000019,20348100
2024-03-12,12.82999992,12.89999962,12.76000023,12.84000015,25358500
2024-03-13,12.81999969,12.90999985,12.69999981,12.75,24872300
2024-03-14,12.73999977,12.81000042,12.67000008,12.80000019,27666100
2024-03-15,12.85999966,12.85999966,12.60999966,12.63000011,36174000
2024-03-18,12.64999962,12.68000031,12.53999996,12.63000011,24187500
2024-03-19,12.63000011,12.68999958,12.47000027,12.53999996,26464600
2024-03-20,12.52999973,12.59000015,12.36999989,12.53999996,48407800
2024-03-21,12.52000046,12.60999966,12.43999958,12.60999966,29217300
2024-03-22,12.56000042,12.56999969,12.36999989,12.40999985,18151900
2024-03-25,12.39999962,12.5,12.22999954,12.22999954,21593700
2024-03-26,12.19999981,12.48999977,12.17000008,12.40999985,32319600
2024-03-27,12.35999966,12.44999981,12.30000019,12.44999981,26211600
2024-03-28,12.38000011,12.55000019,12.35999966,12.48999977,44405600
2024-04-01,12.5,12.53999996,12.27000046,12.32999992,21031000
2024-04-02,12.34000015,12.42000008,12.27000046,12.27000046,19115800
2024-04-03,12.25,12.51000023,12.13000011,12.44999981,36137900
2024-04-04,12.47000027,12.69999981,12.46000004,12.47000027,31881300
2024-04-05,12.52000046,12.55000019,12.03999996,12.22999954,71144500
2024-04-08,12.22000027,12.27000046,12.11999989,12.17000008,18919200
2024-04-09,12.21000004,12.42000008,12.18000031,12.35999966,23795200
2024-04-10,12.27000046,12.38000011,12.10000038,12.10000038,23028800
2024-04-11,12.10000038,12.31000042,12.06999969,12.19999981,21019300
2024-04-12,12.15999985,12.21000004,12.05000019,12.11999989,16269700
2024-04-15,12.10000038,12.14999962,11.97999954,12.06999969,31625300
2024-04-16,12.0,12.10999966,11.93999958,11.93999958,31317300
2024-04-17,12.0,12.03999996,11.84000015,11.90999985,26530200
2024-04-18,11.92000008,12.02000046,11.84000015,11.96000004,28663900
2024-04-19,11.97000027,12.10000038,11.94999981,11.94999981,25809800
2024-04-22,11.98999977,12.10000038,11.94999981,11.94999981,23450600
2024-04-23,11.89999962,12.0,11.82999992,11.85999966,18581900
2024-04-24,11.84000015,12.10000038,11.84000015,12.03999996,37013000
2024-04-25,12.06000042,12.10000038,11.88000011,12.02000046,23667800
2024-04-26,12.02999973,12.07999992,11.97999954,12.01000023,16180400
2024-04-29,12.0,12.13000011,11.96000004,12.10000038,26520800
2024-04-30,12.07999992,12.36999989,12.07999992,12.14999962,25146600
2024-05-02,12.25,12.51000023,12.25,12.32999992,27782000
2024-05-03,12.47000027,12.47999954,12.35000038,12.36999989,23380200
2024-05-06,12.39000034,12.51000023,12.28999996,12.44999981,18713000
2024-05-07,12.47000027,12.63000011,12.46000004,12.60000038,27522500
2024-05-08,12.39000034,12.43999958,11.90999985,12.17000008,50692500
2024-05-09,11.97999954,12.19999981,11.97000027,12.05000019,25762900
2024-05-10,12.05000019,12.09000015,11.94999981,12.03999996,29029300
2024-05-13,12.06999969,12.10999966,11.96000004,12.06000042,22472500
2024-05-14,12.07999992,12.25,12.07999992,12.15999985,32670400
2024-05-15,12.18999958,12.43000031,12.17000008,12.31000042,36630700
2024-05-16,12.44999981,12.51000023,12.23999977,12.38000011,32475700
2024-05-17,12.39999962,12.40999985,12.27999973,12.38000011,28118800
2024-05-20,12.32999992,12.39000034,12.05000019,12.10000038,38940700
2024-05-21,12.10000038,12.25,12.02000046,12.02000046,38371300
2024-05-22,11.97999954,12.10999966,11.93000031,11.97000027,49248200
2024-05-23,11.92000008,12.06999969,11.92000008,11.96000004,28419600
2024-05-24,11.96000004,11.98999977,11.86999989,11.86999989,22790000
2024-05-27,11.93000031,11.94999981,11.78999996,11.81000042,16530500
2024-05-28,11.89000034,11.89000034,11.56000042,11.59000015,40481600
2024-05-29,11.52999973,11.60999966,11.34000015,11.52000046,34350900
2024-05-31,11.46000004,11.65999985,11.46000004,11.56000042,62942000
2024-06-03,11.56999969,11.69999981,11.46000004,11.55000019,24967400
2024-06-04,11.56999969,11.72999954,11.43999958,11.68999958,36455800
2024-06-05,11.68999958,11.80000019,11.52000046,11.56999969,35635900
2024-06-06,11.53999996,11.84000015,11.53999996,11.81999969,34548200
2024-06-07,11.71000004,11.76000023,11.52999973,11.56000042,32079700
2024-06-10,11.52000046,11.57999992,11.43000031,11.46000004,23774700
2024-06-11,11.56999969,11.56999969,11.39000034,11.39999962,20061200
2024-06-12,11.44999981,11.47000027,11.18999958,11.27000046,40929700
2024-06-13,11.17000008,11.21000004,11.06999969,11.09000015,39287400
2024-06-14,11.09000015,11.27999973,10.97999954,11.23999977,22356900
2024-06-17,11.21000004,11.32999992,11.18999958,11.23999977,18072300
2024-06-18,11.18999958,11.36999989,11.15999985,11.25,37284200
2024-06-19,11.18000031,11.22999954,11.03999996,11.19999981,17907100
2024-06-20,11.25,11.39999962,11.19999981,11.27999973,29501600
2024-06-21,11.21000004,11.38000011,11.21000004,11.27999973,53470500
2024-06-24,11.26000023,11.39999962,11.22000027,11.31999969,32197300
2024-06-25,11.25,11.40999985,11.21000004,11.38000011,43592000
2024-06-26,11.30000019,11.52000046,11.27000046,11.44999981,26265300
2024-06-27,11.46000004,11.53999996,11.38000011,11.46000004,21499700
2024-06-28,11.43000031,11.47999954,11.15999985,11.40999985,51418600
2024-07-01,11.42000008,11.5,11.32999992,11.44999981,19515400
2024-07-02,11.44999981,11.57999992,11.39000034,11.46000004,20259500
2024-07-03,11.53999996,11.56999969,11.35999966,11.38000011,32807200
2024-07-04,11.44999981,11.46000004,11.36999989,11.44999981,7438600
2024-07-05,11.44999981,11.47999954,11.22999954,11.31999969,39021700
2024-07-08,11.32999992,11.35000038,11.23999977,11.25,28570100
2024-07-09,11.25,11.30000019,11.18000031,11.25,25686000
2024-07-10,11.31999969,11.46000004,11.23999977,11.39999962,29040100
2024-07-11,11.44999981,11.67000008,11.39999962,11.52999973,22185700
2024-07-12,11.51000023,11.65999985,11.51000023,11.64000034,16859800
2024-07-15,11.65999985,11.65999985,11.56000042,11.64000034,12421100
2024-07-16,11.63000011,11.69999981,11.57999992,11.69999981,19050600
2024-07-17,11.71000004,11.90999985,11.65999985,11.81999969,30589900
2024-07-18,11.76000023,11.85999966,11.64000034,11.67000008,30271600
2024-07-19,11.64999962,11.77000046,11.64999962,11.72999954,22774900
2024-07-22,11.67000008,11.85999966,11.64999962,11.81000042,23809300
2024-07-23,11.81000042,11.82999992,11.73999977,11.77999973,20161400
2024-07-24,11.75,11.86999989,11.72999954,11.78999996,22727500
2024-07-25,11.78999996,11.92000008,11.72999954,11.85000038,21585700
2024-07-26,11.81999969,11.88000011,11.75,11.88000011,23201600
2024-07-29,11.86999989,11.88000011,11.76000023,11.81999969,38125500
2024-07-30,11.78999996,11.81000042,11.64000034,11.64000034,29077200
2024-07-31,11.60000038,11.72999954,11.51000023,11.57999992,66719000
2024-08-01,11.75,11.98999977,11.63000011,11.73999977,37947400
2024-08-02,11.69999981,11.86999989,11.68999958,11.86999989,29723800
2024-08-05,11.82999992,11.90999985,11.57999992,11.85000038,28528000
2024-08-06,11.81000042,12.10999966,11.80000019,12.01000023,27415700
2024-08-07,12.06999969,12.56000042,12.03999996,12.51000023,48591300
2024-08-08,12.46000004,12.56000042,12.31000042,12.35999966,28173200
2024-08-09,12.43999958,12.47999954,12.31000042,12.44999981,19122000
2024-08-12,12.5,12.55000019,12.39000034,12.39000034,17501300
2024-08-13,12.47000027,12.65999985,12.40999985,12.56999969,30082000
2024-08-14,12.56999969,12.68999958,12.53999996,12.56000042,22128400
2024-08-15,12.64999962,13.14999962,12.57999992,13.02999973,48543500
2024-08-16,13.14999962,13.39999962,13.01000023,13.01000023,39842400
2024-08-19,13.03999996,13.10000038,12.96000004,13.01000023,29029900
2024-08-20,12.98999977,13.03999996,12.86999989,12.93999958,16424000
2024-08-21,12.92000008,13.03999996,12.84000015,12.93999958,24177300
2024-08-22,12.94999981,13.02999973,12.90999985,13.0,25724200
2024-08-23,13.06000042,13.21000004,13.05000019,13.07999992,33099000
2024-08-26,13.10999966,13.22000027,13.01000023,13.07999992,20467700
2024-08-27,13.02000046,13.11999989,12.94999981,13.02999973,22335000
2024-08-28,13.03999996,13.06999969,12.81000042,12.94999981,21175200
2024-08-29,12.93000031,12.97999954,12.78999996,12.85999966,17873300
2024-08-30,12.77000046,12.86999989,12.75,12.85999966,50852200
2024-09-02,12.81000042,12.89000034,12.69999981,12.86999989,12639100
2024-09-03,12.90999985,12.94999981,12.77999973,12.80000019,19701100
2024-09-04,12.84000015,13.05000019,12.81999969,12.98999977,22848700
2024-09-05,12.93999958,13.02000046,12.92000008,12.97000027,14577100
2024-09-06,12.92000008,13.06999969,12.90999985,12.98999977,20976300
2024-09-09,12.98999977,13.21000004,12.97000027,13.10999966,35098100
2024-09-10,13.01000023,13.31999969,13.01000023,13.23999977,27649100
2024-09-11,13.30000019,13.30000019,13.02000046,13.03999996,21490600
2024-09-12,12.96000004,12.98999977,12.76000023,12.90999985,34492700
2024-09-13,12.94999981,13.0,12.72000027,12.72999954,21946500
2024-09-16,12.76000023,12.86999989,12.75,12.85999966,20765800
2024-09-17,12.78999996,12.98999977,12.78999996,12.96000004,26068700
2024-09-18,12.85999966,13.14000034,12.85000038,12.97999954,26897100
2024-09-19,13.0,13.10999966,12.89000034,12.94999981,44713200
2024-09-20,12.96000004,13.0,12.72999954,12.76000023,41412300
2024-09-23,12.69999981,12.85999966,12.64999962,12.75,20009400
2024-09-24,12.78999996,12.89999962,12.68999958,12.76000023,22598600
2024-09-25,12.77999973,12.97999954,12.68000031,12.68000031,33524600
2024-09-26,12.76000023,12.86999989,12.72000027,12.84000015,16241400
2024-09-27,12.80000019,12.98999977,12.78999996,12.92000008,24958600
2024-09-30,12.93999958,13.17000008,12.89999962,13.07999992,31164900
2024-10-01,13.19999981,13.72000027,13.13000011,13.60000038,65825500
2024-10-02,13.69999981,13.85000038,13.60999966,13.72000027,51056800
2024-10-03,13.55000019,13.63000011,13.39999962,13.39999962,45000000
2024-10-04,13.26000023,13.44999981,13.17000008,13.27999973,36607700
2024-10-07,13.40999985,13.40999985,13.14000034,13.17000008,20788600
2024-10-08,13.02999973,13.13000011,13.01000023,13.07999992,35995700
2024-10-09,12.94999981,13.14999962,12.94999981,13.07999992,28383000
2024-10-10,13.05000019,13.18999958,13.05000019,13.10999966,19340400
2024-10-11,13.09000015,13.11999989,12.84000015,12.88000011,31193700
2024-10-14,12.85999966,12.97000027,12.84000015,12.92000008,21045900
2024-10-15,12.93000031,12.94999981,12.81000042,12.88000011,33545800
2024-10-16,12.89000034,13.0,12.85000038,12.93999958,34342600
2024-10-17,12.77999973,12.96000004,12.75,12.85999966,18266900
2024-10-18,12.96000004,12.96000004,12.80000019,12.88000011,19422900
2024-10-21,12.88000011,12.93999958,12.81000042,12.82999992,28877400
2024-10-22,12.77000046,12.89999962,12.72999954,12.81999969,34756100
2024-10-23,12.73999977,12.81999969,12.69999981,12.75,22384200
2024-10-24,12.72000027,12.89000034,12.68000031,12.82999992,19295300
2024-10-25,12.81999969,12.84000015,12.72999954,12.75,19204000
2024-10-28,12.81000042,13.0,12.77999973,12.89000034,20050900
2024-10-29,12.89999962,13.02999973,12.86999989,12.97999954,21500600
2024-10-30,13.05000019,13.09000015,12.89999962,12.93000031,21176300
2024-10-31,12.60000038,12.84000015,12.47999954,12.64000034,61215800
2024-11-01,12.51000023,12.64999962,12.47999954,12.53999996,29027800
2024-11-04,12.59000015,12.71000004,12.51000023,12.67000008,19442900
2024-11-05,12.60000038,12.73999977,12.56999969,12.68000031,18352000
2024-11-06,12.52000046,12.55000019,12.34000015,12.5,39053800
2024-11-07,12.39000034,12.68999958,12.39000034,12.55000019,23946600
2024-11-08,12.39999962,12.55000019,12.31000042,12.32999992,35013400
2024-11-11,12.31000042,12.55000019,12.26000023,12.51000023,20684800
2024-11-12,12.43000031,12.64000034,12.30000019,12.57999992,26899600
2024-11-13,12.52000046,12.77000046,12.46000004,12.72999954,30341700
2024-11-14,12.68999958,12.89999962,12.60999966,12.64000034,38027500
2024-11-18,12.47999954,12.67000008,12.38000011,12.42000008,37251000
2024-11-19,12.44999981,12.60000038,12.42000008,12.43000031,28564100
2024-11-21,12.31000042,12.47999954,12.30000019,12.39000034,18400700
2024-11-22,12.48999977,12.69999981,12.47000027,12.68000031,24116600
2024-11-25,12.59000015,12.68999958,12.53999996,12.53999996,22015800
2024-11-26,12.59000015,12.71000004,12.53999996,12.60999966,16924800
2024-11-27,12.63000011,12.73999977,12.51000023,12.55000019,48572000
2024-11-28,12.55000019,12.80000019,12.31999969,12.39999962,40805900
2024-11-29,12.32999992,12.72999954,12.25,12.72999954,62396000
2024-12-02,12.65999985,13.27000046,12.60000038,13.25,87464600
2024-12-03,13.25,13.88000011,13.18999958,13.85000038,72892200
2024-12-04,13.89999962,14.06000042,13.77999973,13.93000031,50659000
2024-12-05,14.05000019,14.46000004,14.0,14.42000008,38794000
2024-12-06,14.30000019,14.52999973,14.14999962,14.22000027,46449200
2024-12-09,14.22000027,14.32999992,14.14000034,14.21000004,25321800
2024-12-10,14.32999992,14.5,14.27000046,14.27000046,22942500
2024-12-11,14.27000046,14.35999966,13.65999985,13.80000019,49150600
2024-12-12,13.5,13.57999992,13.10000038,13.10000038,49616900
2024-12-13,13.10000038,13.35999966,13.01000023,13.07999992,30867900
2024-12-16,13.07999992,13.42000008,12.84000015,12.84000015,32095500
2024-12-17,13.0,13.18999958,12.98999977,13.10000038,39564500
2024-12-18,13.06999969,13.07999992,12.75,12.76000023,40864200
2024-12-19,12.76000023,12.90999985,12.64000034,12.77999973,38104000
2024-12-20,12.07999992,12.30000019,12.01000023,12.22999954,86074600
2024-12-23,12.10999966,12.34000015,11.98999977,12.22000027,40181700
2024-12-26,12.18000031,12.23999977,11.98999977,12.14000034,21166800
2024-12-27,12.15999985,12.18999958,11.97000027,12.06999969,37624000
2024-12-30,12.06000042,12.15999985,11.73999977,11.73999977,38907400
2025-01-02,11.72000027,11.89000034,11.48999977,11.60000038,33417900
2025-01-03,11.48999977,11.55000019,11.27000046,11.32999992,41365900
2025-01-06,11.35999966,11.5,11.21000004,11.28999996,50881500
2025-01-07,11.30000019,11.57999992,11.27000046,11.53999996,34905200
2025-01-08,11.47999954,11.52999973,11.27999973,11.42000008,39248800
2025-01-09,11.43000031,11.51000023,11.30000019,11.39999962,24470100
2025-01-10,11.39999962,11.43000031,11.07999992,11.15999985,31277300
2025-01-13,11.18000031,11.31000042,11.11999989,11.23999977,28945300
2025-01-14,11.21000004,11.36999989,11.14999962,11.21000004,42625300
2025-01-15,11.30000019,11.43000031,11.15999985,11.39000034,45380700
2025-01-16,11.42000008,11.42000008,11.03999996,11.07999992,29298500
2025-01-17,10.84000015,11.09000015,10.77000046,11.09000015,51433600
2025-01-20,11.05000019,11.10999966,10.78999996,11.05000019,22293700
2025-01-21,10.98999977,11.26000023,10.98999977,11.25,26293900
2025-01-22,11.18000031,11.22000027,10.93999958,11.02000046,44993500
2025-01-23,11.02000046,11.15999985,10.97999954,11.05000019,35708100
2025-01-24,11.05000019,11.13000011,10.86999989,10.86999989,44514500
2025-01-27,10.86999989,11.11999989,10.84000015,11.11999989,34876400
2025-01-28,11.05000019,11.21000004,11.02000046,11.10999966,39022900
2025-01-29,11.18000031,11.19999981,10.90999985,10.97000027,26199700
2025-01-30,10.98999977,11.14000034,10.96000004,11.10999966,22347200
2025-01-31,11.14000034,11.23999977,11.10000038,11.10000038,26952000
2025-02-03,11.14999962,11.22000027,10.96000004,11.02999973,29524300
2025-02-04,11.0,11.0,10.81999969,10.89999962,23133400
2025-02-05,10.93999958,10.93999958,10.72000027,10.81999969,44675800
2025-02-06,10.80000019,10.89999962,10.72999954,10.85999966,24218200
2025-02-07,10.85999966,10.92000008,10.80000019,10.85000038,33491500
2025-02-10,10.93999958,11.22999954,10.89999962,10.97000027,50519600
2025-02-11,11.02999973,11.02999973,10.77999973,10.96000004,35802500
2025-02-12,10.82999992,11.03999996,10.80000019,10.92000008,39414800
2025-02-13,10.86999989,10.98999977,10.84000015,10.97999954,21078300
2025-02-14,11.05000019,11.18999958,11.0,11.13000011,34084700
2025-02-17,11.17000008,11.22999954,11.06999969,11.10000038,9559900
2025-02-18,11.14000034,11.17000008,11.03999996,11.09000015,18776800
2025-02-19,11.0,11.03999996,10.93000031,10.97000027,16856200
2025-02-20,10.93000031,11.07999992,10.89999962,11.03999996,24406000
2025-02-21,11.02000046,11.17000008,11.01000023,11.11999989,34245000
2025-02-24,11.17000008,11.17000008,10.97999954,11.02999973,28954600
2025-02-25,11.02999973,11.14000034,11.02000046,11.09000015,24354400
2025-02-26,11.72999954,11.84000015,11.44999981,11.69999981,79612200
2025-02-27,11.67000008,12.48999977,11.65999985,12.31999969,66169900
2025-02-28,12.31000042,12.48999977,12.10000038,12.22000027,79761000
2025-03-05,12.5,12.93000031,12.42000008,12.77999973,54086900
2025-03-06,12.77000046,13.03999996,12.69999981,12.85000038,40524500
2025-03-07,12.77999973,13.11999989,12.72000027,13.10000038,30190400
2025-03-10,13.0,13.26000023,12.97999954,13.11999989,27718600
2025-03-11,13.07999992,13.15999985,12.73999977,12.85999966,32659900
2025-03-12,12.89999962,13.10999966,12.86999989,13.02999973,38219900
2025-03-13,13.07999992,13.32999992,12.93999958,13.32999992,35316500
2025-03-14,13.38000011,13.64000034,13.38000011,13.64000034,41772200
2025-03-17,13.43999958,13.68999958,13.40999985,13.56999969,49697100
2025-03-18,13.5,13.63000011,13.26000023,13.55000019,31311700
2025-03-19,13.55000019,13.77000046,13.48999977,13.68000031,35578000
2025-03-20,13.68000031,13.68999958,13.44999981,13.60000038,18669000
2025-03-21,13.63000011,13.75,13.57999992,13.72999954,28909800
2025-03-24,13.76000023,13.78999996,13.47999954,13.53999996,21122400
2025-03-25,13.48999977,13.65999985,13.35999966,13.60000038,20685600
2025-03-26,13.52999973,13.52999973,13.22000027,13.38000011,29019200
2025-03-27,13.39999962,13.47999954,13.31999969,13.46000004,20680800
2025-03-28,13.35999966,13.43000031,13.25,13.43000031,37767300
2025-03-31,13.31999969,13.72000027,13.31000042,13.5,41452600
2025-04-01,13.39999962,13.64999962,13.32999992,13.60999966,31317800
2025-04-02,13.60000038,13.68999958,13.44999981,13.67000008,35788800
2025-04-03,13.64000034,14.14000034,13.60999966,13.85000038,44926800
2025-04-04,13.72999954,13.89999962,13.56000042,13.71000004,59559600
2025-04-07,13.28999996,13.60000038,12.98999977,13.18000031,50069000
2025-04-08,13.15999985,13.47999954,13.14999962,13.23999977,39798300
2025-04-09,13.18999958,13.88000011,13.14999962,13.67000008,51912400
2025-04-10,13.67000008,13.73999977,13.52000046,13.60000038,21741000
2025-04-11,13.72999954,13.72999954,13.43999958,13.47999954,35635500
2025-04-14,13.64999962,13.73999977,13.52999973,13.68000031,23490300
2025-04-15,13.68000031,13.85999966,13.61999989,13.65999985,22758200
2025-04-16,13.59000015,14.07999992,13.56999969,13.89000034,60471500
2025-04-17,13.89999962,14.10000038,13.78999996,14.0,56058800
2025-04-22,13.85000038,14.19999981,13.73999977,14.02000046,28032800
2025-04-23,14.15999985,14.30000019,13.97999954,14.05000019,35704200
2025-04-24,14.07999992,14.18999958,13.97999954,14.14999962,38150200
2025-04-25,14.06999969,14.22999954,13.94999981,14.09000015,24152700
2025-04-28,14.10999966,14.34000015,14.05000019,14.30000019,28336600
2025-04-29,14.22000027,14.60000038,14.18000031,14.51000023,59612200
2025-04-30,14.44999981,14.76000023,14.43999958,14.56999969,46988000
2025-05-02,14.40999985,14.51000023,14.11999989,14.11999989,35468500
2025-05-05,14.11999989,14.25,14.02999973,14.06000042,29153300
2025-05-06,14.0,14.25,14.0,14.21000004,21775000
2025-05-07,14.31000042,14.34000015,14.06000042,14.27000046,23409200
2025-05-08,14.77000046,15.02999973,14.28999996,14.36999989,45418600
2025-05-09,14.28999996,14.40999985,14.19999981,14.27999973,23513400
2025-05-12,14.26000023,14.32999992,14.07999992,14.28999996,19557500
2025-05-13,14.35000038,14.38000011,14.13000011,14.25,20625000
2025-05-14,14.18999958,14.43000031,14.18999958,14.22999954,37228600
2025-05-15,14.22999954,14.43999958,14.19999981,14.40999985,19063200
2025-05-16,14.27000046,14.39999962,14.19999981,14.39000034,26057600
2025-05-19,14.36999989,14.52999973,14.31999969,14.31999969,14202200
2025-05-20,14.31999969,14.36999989,14.22000027,14.28999996,17554600
2025-05-21,14.17000008,14.32999992,14.02999973,14.15999985,16478300
2025-05-22,14.15999985,14.27000046,14.10000038,14.10000038,18062800
2025-05-23,14.0,14.30000019,13.97000027,14.23999977,16090900
2025-05-26,14.25,14.27999973,14.10000038,14.26000023,6439900
2025-05-27,14.46000004,14.46000004,14.17000008,14.19999981,15568200
2025-05-28,14.21000004,14.22000027,14.09000015,14.10000038,12853200
2025-05-29,14.03999996,14.17000008,14.01000023,14.06000042,12528800
2025-05-30,14.11999989,14.11999989,13.89999962,14.02999973,38207300
2025-06-02,14.03999996,14.09000015,13.82999992,13.90999985,15049400
2025-06-03,13.90999985,14.07999992,13.82999992,14.01000023,18971700
2025-06-04,14.09000015,14.26000023,14.01000023,14.07999992,19154800
2025-06-05,14.10000038,14.10999966,13.82999992,13.86999989,20132900
2025-06-06,13.97000027,14.10000038,13.81999969,14.07999992,26987600
2025-06-09,13.98999977,14.06000042,13.81000042,13.96000004,17173900
2025-06-10,14.06999969,14.10000038,13.72999954,13.80000019,23640900
2025-06-11,13.72999954,13.92000008,13.63000011,13.90999985,22849900
2025-06-12,13.75,13.89000034,13.73999977,13.80000019,14788400
2025-06-13,13.68000031,13.78999996,13.57999992,13.64000034,28248400
2025-06-16,13.65999985,13.85000038,13.59000015,13.68000031,27978300
2025-06-17,13.72999954,13.75,13.39999962,13.47000027,32452200
2025-06-18,13.38000011,13.55000019,13.35000038,13.48999977,37567000
2025-06-20,13.40999985,13.55000019,13.36999989,13.52999973,39451400
2025-06-23,13.5,13.64999962,13.47000027,13.56000042,27562100
2025-06-24,13.57999992,13.64999962,13.43000031,13.51000023,26798300
2025-06-25,13.39999962,13.47000027,13.10000038,13.14999962,50901200
2025-06-26,13.19999981,13.36999989,13.11999989,13.31999969,36177200
2025-06-27,13.22000027,13.22000027,13.01000023,13.14999962,27309500
2025-06-30,13.09000015,13.34000015,13.03999996,13.31999969,34532500
2025-07-01,13.35999966,13.40999985,13.17000008,13.38000011,21493700
2025-07-02,13.48999977,13.77999973,13.35999966,13.64999962,47073600
2025-07-03,13.67000008,13.72999954,13.47999954,13.47999954,15694900
2025-07-04,13.40999985,13.63000011,13.39999962,13.52000046,6452500
2025-07-07,13.51000023,13.53999996,13.30000019,13.39999962,23165300
2025-07-08,13.42000008,13.48999977,13.27000046,13.38000011,32803300
2025-07-09,13.44999981,13.44999981,13.22999954,13.31000042,31299800
2025-07-10,13.22000027,13.38000011,13.14999962,13.22999954,26865400
2025-07-11,13.18999958,13.38000011,13.07999992,13.32999992,40755100
2025-07-14,13.26000023,13.56999969,13.26000023,13.28999996,36420400
2025-07-15,13.36999989,13.52000046,13.22999954,13.27000046,27675300
2025-07-16,13.38000011,13.72999954,13.31000042,13.68000031,48903600
2025-07-17,13.67000008,13.68999958,13.43999958,13.46000004,19213600
2025-07-18,13.32999992,13.48999977,13.28999996,13.31999969,23902900
2025-07-21,13.35000038,13.44999981,13.26000023,13.42000008,21355000
2025-07-22,13.43000031,13.52999973,13.39999962,13.39999962,22285900
2025-07-23,13.40999985,13.65999985,13.39999962,13.59000015,15345700
2025-07-24,13.53999996,13.59000015,13.40999985,13.5,8292700
2025-07-25,13.57999992,13.60000038,13.44999981,13.47000027,15436100
2025-07-28,13.47000027,13.48999977,13.02999973,13.06000042,56671100
2025-07-29,13.14999962,13.22999954,13.02000046,13.18999958,20942500
2025-07-30,13.19999981,13.39000034,13.07999992,13.14999962,25805400
2025-07-31,12.32999992,12.60999966,12.19999981,12.46000004,116074600
2025-08-01,12.55000019,12.68000031,12.22000027,12.28999996,34261300
2025-08-04,12.39000034,12.56999969,12.34000015,12.40999985,16396200
2025-08-05,12.47000027,12.51000023,12.31000042,12.35999966,33909800
2025-08-06,12.5,12.56999969,12.38000011,12.47999954,43866000
2025-08-07,12.51000023,12.64999962,12.39999962,12.53999996,34814900
2025-08-08,12.55000019,12.56999969,12.31000042,12.36999989,24174500
2025-08-11,12.36999989,12.43999958,12.25,12.31000042,50587800
2025-08-12,12.38000011,12.43999958,12.22999954,12.22999954,21327300
2025-08-13,12.22999954,12.22999954,11.94999981,12.11999989,42653700
2025-08-14,12.0,12.14000034,11.97000027,12.02000046,21777500
2025-08-15,12.0,12.10999966,11.96000004,12.03999996,22229200
2025-08-18,12.03999996,12.21000004,11.97999954,12.06999969,18813900
2025-08-19,12.03999996,12.09000015,11.94999981,12.06999969,29267000
2025-08-20,12.05000019,12.14999962,11.90999985,12.10000038,21759200
2025-08-21,12.03999996,12.11999989,12.02000046,12.06000042,17547700
2025-08-22,12.13000011,12.31000042,12.09000015,12.21000004,16592500
2025-08-25,12.25,12.26000023,12.11999989,12.11999989,10382300
2025-08-26,12.11999989,12.18999958,12.10000038,12.18000031,27024300
2025-08-27,12.14999962,12.22000027,12.09000015,12.14999962,23328100
2025-08-28,12.23999977,12.31999969,12.17000008,12.25,25303600
2025-08-29,12.26000023,12.51000023,12.26000023,12.35000038,22696900
2025-09-01,12.38000011,12.43000031,12.26000023,12.30000019,8227400
2025-09-02,12.22999954,12.32999992,12.14000034,12.15999985,18419800
2025-09-03,11.89999962,11.96000004,11.75,11.89999962,57777400
2025-09-04,11.90999985,12.18000031,11.90999985,12.15999985,25257600
2025-09-05,12.19999981,12.38000011,12.18000031,12.25,17025900
2025-09-08,12.22999954,12.28999996,12.02000046,12.14000034,43983300
2025-09-09,12.10999966,12.36999989,12.10999966,12.32999992,47583700
2025-09-10,12.26000023,12.5,12.25,12.35999966,40403300
2025-09-11,12.47999954,12.56999969,12.40999985,12.52000046,28340200
2025-09-12,12.43000031,12.60000038,12.43000031,12.57999992,24015800
2025-09-15,12.57999992,12.69999981,12.55000019,12.63000011,37293700
2025-09-16,12.69999981,12.77999973,12.65999985,12.71000004,40985200
2025-09-17,12.68999958,12.88000011,12.64999962,12.78999996,26865600
2025-09-18,12.81000042,12.81000042,12.42000008,12.52000046,59380000
2025-09-19,12.55000019,12.60999966,12.38000011,12.55000019,35447400
2025-09-22,12.40999985,12.51000023,12.35999966,12.35999966,14169100
2025-09-23,12.35999966,12.56000042,12.34000015,12.46000004,14643300
2025-09-24,12.46000004,12.55000019,12.35000038,12.38000011,18134100
2025-09-25,12.39000034,12.61999989,12.31999969,12.46000004,25988200
2025-09-26,12.52999973,12.55000019,12.39000034,12.46000004,12757700
2025-09-29,12.60000038,12.60000038,12.38000011,12.40999985,21050900
2025-09-30,12.22999954,12.42000008,12.03999996,12.09000015,52485900
2025-10-01,12.18999958,12.18999958,11.88000011,11.98999977,28764000
2025-10-02,12.02999973,12.14999962,11.85999966,11.93000031,25828200
2025-10-03,11.82999992,11.94999981,11.75,11.86999989,21785000
2025-10-06,11.88000011,12.0,11.77999973,11.85000038,14804500
2025-10-07,11.78999996,11.85999966,11.71000004,11.71000004,18071700
2025-10-08,11.76000023,11.90999985,11.71000004,11.88000011,14723700
2025-10-09,11.93000031,11.97000027,11.68000031,11.72000027,28928400
2025-10-10,11.77999973,11.86999989,11.73999977,11.81000042,21477200
2025-10-13,11.82999992,11.93000031,11.77999973,11.85999966,11694900
2025-10-14,11.80000019,12.10000038,11.75,12.05000019,29046500
2025-10-15,11.98999977,12.10000038,11.90999985,11.98999977,28407100
2025-10-16,11.98999977,12.23999977,11.92000008,12.14999962,26420200
2025-10-17,12.13000011,12.39999962,12.10000038,12.36999989,23480500
2025-10-20,12.32999992,12.44999981,12.28999996,12.35999966,18260900
2025-10-21,12.31999969,12.35000038,12.14999962,12.22000027,26607400
2025-10-22,12.25,12.27000046,12.06000042,12.06999969,29517800
2025-10-23,12.10000038,12.18000031,12.02999973,12.11999989,25355600
2025-10-24,12.18000031,12.26000023,12.05000019,12.10999966,21686700
2025-10-27,12.22000027,12.39000034,12.10000038,12.14999962,40310400
2025-10-28,12.13000011,12.14999962,12.0,12.02999973,29170400
2025-10-29,12.06000042,12.14000034,11.97999954,12.02999973,38485900
2025-10-30,12.5,12.65999985,12.35000038,12.59000015,91617100
2025-10-31,12.51000023,12.92000008,12.51000023,12.71000004,32112500
2025-11-03,12.89000034,12.93999958,12.72999954,12.90999985,28265800
2025-11-04,12.89000034,13.15999985,12.82999992,13.15999985,27058100
2025-11-05,13.15999985,13.28999996,13.10999966,13.18000031,21385300
2025-11-06,13.23999977,13.23999977,13.07999992,13.07999992,15494600
2025-11-07,13.07999992,13.28999996,13.05000019,13.11999989,30240300
2025-11-10,13.25,13.26000023,13.09000015,13.18000031,25239700
2025-11-11,13.28999996,13.64999962,13.23999977,13.59000015,36404100
2025-11-12,13.59000015,13.65999985,13.55000019,13.61999989,32756700
2025-11-13,13.64000034,13.75,13.51000023,13.63000011,23794500
2025-11-14,13.68000031,13.84000015,13.64999962,13.68999958,15539900
2025-11-17,13.64000034,13.82999992,13.63000011,13.76000023,33654100
2025-11-18,13.68999958,13.89999962,13.67000008,13.73999977,46389400
2025-11-19,13.73999977,13.85999966,13.40999985,13.40999985,101108300
2025-11-21,13.53999996,13.71000004,13.35999966,13.61999989,35463400
2025-11-24,13.57999992,13.86999989,13.56000042,13.77000046,43126600
2025-11-25,13.80000019,13.92000008,13.61999989,13.73999977,20205700
2025-11-26,13.80000019,13.81000042,13.57999992,13.67000008,33961700
2025-11-27,13.69999981,13.77000046,13.64999962,13.72000027,8093600
2025-11-28,13.69999981,13.96000004,13.65999985,13.85999966,23319400
2025-12-01,13.84000015,14.02000046,13.80000019,14.01000023,15984500
2025-12-02,14.01000023,14.35000038,13.85000038,14.0,36109000
2025-12-03,14.06000042,14.14999962,13.97000027,14.14999962,15674100
2025-12-04,14.18000031,14.21000004,13.85000038,13.94999981,37988200
2025-12-05,13.97000027,14.10999966,13.59000015,13.60999966,61741400
2025-12-08,13.68999958,13.76000023,13.59000015,13.61999989,19119600
2025-12-09,13.51000023,13.73999977,13.46000004,13.64000034,38541700
2025-12-10,13.26000023,13.64999962,13.14000034,13.60000038,91743100
2025-12-11,13.52999973,13.84000015,13.42000008,13.77999973,22635200
2025-12-12,13.84000015,14.05000019,13.80000019,14.03999996,30262800
2025-12-15,14.03999996,14.35000038,14.02999973,14.27999973,22268400
2025-12-16,14.06000042,14.27999973,14.01000023,14.15999985,43020300
2025-12-17,13.98999977,14.13000011,13.89999962,14.02000046,28631200
2025-12-18,13.94999981,14.15999985,13.92000008,13.92000008,23928400
2025-12-19,13.18000031,13.31999969,13.14000034,13.27999973,30380100
2025-12-22,13.27999973,13.30000019,13.0,13.11999989,26993300
2025-12-23,13.17000008,13.56999969,13.14000034,13.47000027,45087200
2025-12-26,13.39999962,13.81999969,13.39999962,13.72000027,29118400
2025-12-29,13.68000031,13.86999989,13.53999996,13.86999989,20303700
2025-12-30,13.89999962,14.09000015,13.85999966,13.85999966,25304800
2026-01-02,13.88000011,14.02000046,13.56000042,13.64999962,24557600
2026-01-05,13.63000011,13.76000023,13.56999969,13.71000004,17543300
2026-01-06,13.80000019,13.85000038,13.63000011,13.69999981,28548900
2026-01-07,13.64999962,13.72000027,13.60000038,13.69999981,28605400
2026-01-08,13.68000031,13.80000019,13.34000015,13.64000034,31130800
2026-01-09,13.61999989,13.96000004,13.60999966,13.89999962,17408500
2026-01-12,13.81000042,14.03999996,13.77000046,13.89999962,14562800
2026-01-13,13.85999966,14.10000038,13.77000046,13.90999985,33777500
2026-01-14,13.93000031,14.23999977,13.93000031,14.19999981,22198700
2026-01-15,14.27999973,14.27999973,14.0,14.03999996,21374400
2026-01-16,14.10000038,14.14000034,14.0,14.10000038,31536400
2026-01-19,14.06000042,14.17000008,13.97999954,14.09000015,8040400
2026-01-20,14.07999992,14.21000004,14.0,14.06999969,20664800
2026-01-21,14.25,14.34000015,14.09000015,14.31000042,35138900
2026-01-22,14.35999966,14.80000019,14.31999969,14.59000015,47662500
2026-01-23,14.68000031,15.10999966,14.53999996,14.89999962,53554400
2026-01-26,14.97000027,15.14000034,14.72999954,15.05000019,22156500
2026-01-27,15.22999954,15.25,14.86999989,14.86999989,24248800
2026-01-28,15.0,15.11999989,14.81000042,14.94999981,23714500
2026-01-29,15.01000023,15.06000042,14.60000038,14.76000023,33726800
2026-01-30,14.76000023,14.97000027,14.75,14.85000038,40087800
2026-02-02,14.97999954,15.18000031,14.84000015,15.06000042,19323000
2026-02-03,15.14000034,15.39000034,15.07999992,15.38000011,32249800
2026-02-04,15.27999973,15.43000031,15.21000004,15.30000019,27049700
2026-02-05,15.39999962,15.52000046,15.18000031,15.47999954,26311400
2026-02-06,15.52000046,15.56999969,15.32999992,15.42000008,23511000
2026-02-09,15.46000004,15.5,15.15999985,15.39000034,22980900
2026-02-10,15.34000015,15.78999996,15.30000019,15.65999985,35103300
2026-02-11,15.77000046,15.94999981,15.63000011,15.77000046,26720300
2026-02-12,15.90999985,16.77000046,15.89999962,16.52000046,55037900
2026-02-13,16.12000084,16.40999985,16.10000038,16.35000038,23238400
2026-02-18,16.30999947,16.48999977,16.01000023,16.12999916,29705300
2026-02-19,16.19000053,16.28000069,16.04999924,16.17000008,23244500
2026-02-20,16.05999947,16.10000038,15.71000004,16.03000069,33875800
2026-02-23,15.93000031,16.32999992,15.81999969,16.19000053,29917200
2026-02-24,16.22999954,16.57999992,16.22999954,16.57999992,31221100
2026-02-25,16.61000061,16.63999939,16.26000023,16.37999916,29966400
2026-02-26,16.42000008,16.60000038,16.36000061,16.40999985,18040900
2026-02-27,16.31999969,16.52000046,16.25,16.27000046,34463800
2026-03-02,15.97000027,16.20000076,15.86999989,15.90999985,18638600
2026-03-03,15.35000038,15.57999992,15.14999962,15.56999969,40085300
2026-03-04,15.69999981,15.84000015,15.39999962,15.60000038,26249500
2026-03-05,15.48999977,15.56000042,15.26000023,15.28999996,26954000
2026-03-06,15.30000019,15.34000015,14.96000004,15.22999954,17914800
2026-03-09,15.19999981,15.56000042,15.13000011,15.40999985,21901300
2026-03-10,15.43000031,15.72000027,15.39000034,15.44999981,20894000
2026-03-11,15.31000042,15.55000019,15.19999981,15.43000031,19594000
2026-03-12,15.22000027,15.25,14.86999989,14.94999981,37546800
2026-03-13,14.86999989,15.22999954,14.86999989,15.0,25418200
2026-03-16,15.19999981,15.31999969,15.10000038,15.10000038,28906400
2026-03-17,15.14999962,15.18999958,14.94999981,15.02000046,27499600
2026-03-18,14.94999981,15.06000042,14.73999977,14.73999977,20403700
2026-03-19,14.52000046,14.77000046,14.43999958,14.77000046,30848100
2026-03-20,14.68999958,14.75,14.32999992,14.47000027,65705300
2026-03-23,14.68000031,14.82999992,14.52999973,14.65999985,23231600
2026-03-24,14.65999985,14.76000023,14.5,14.69999981,13573700
2026-03-25,14.89000034,15.11999989,14.78999996,15.01000023,25296600
2026-03-26,14.88000011,15.05000019,14.81000042,14.82999992,13324100
2026-03-27,14.78999996,15.0,14.73999977,14.76000023,17884700
2026-03-30,14.85000038,14.92000008,14.72999954,14.84000015,18158200
2026-03-31,15.0,15.26000023,14.93999958,15.25,36180800
2026-04-01,15.27000046,15.47999954,15.18000031,15.35999966,23927000
2026-04-02,15.14999962,15.40999985,15.10000038,15.27999973,25947900
2026-04-06,15.30000019,15.56000042,15.30000019,15.44999981,14919000
2026-04-07,15.36999989,15.47999954,15.22000027,15.47999954,18339600
2026-04-08,15.96000004,16.03000069,15.64999962,15.85999966,34907800
2026-04-09,15.98999977,16.25,15.85000038,16.05999947,33451600
2026-04-10,16.29999924,16.34000015,16.04000092,16.12000084,23124300
2026-04-13,16.12000084,16.19000053,15.85000038,15.93000031,23073100
2026-04-14,15.97000027,16.02000046,15.82999992,15.89000034,22292800
2026-04-15,15.84000015,15.93999958,15.73999977,15.82999992,24739300
2026-04-16,15.39999962,15.57999992,15.30000019,15.43000031,49811600
2026-04-17,15.64000034,15.77000046,15.31000042,15.32999992,36665400
2026-04-20,15.34000015,15.47000027,15.27999973,15.31000042,14954700
2026-04-22,15.31999969,15.40999985,15.0,15.0,26157200
2026-04-23,15.0,15.0,14.73999977,14.73999977,25435000
2026-04-24,14.72000027,14.72999954,14.46000004,14.5,24151800
2026-04-27,14.61999989,14.71000004,14.5,14.53999996,18935100
2026-04-28,14.40999985,14.63000011,14.39999962,14.57999992,15614300
2026-04-29,14.51000023,14.56000042,14.31999969,14.32999992,18123700
2026-04-30,14.35999966,14.64000034,14.35999966,14.51000023,26546800
2026-05-04,14.56999969,14.61999989,14.43000031,14.43999958,21318400
2026-05-05,15.56000042,16.84000015,15.56000042,16.64999962,109952300
2026-05-06,16.65999985,17.01000023,16.57999992,16.95000076,31822900
2026-05-07,16.86000061,17.04000092,16.31999969,16.40999985,30952400
2026-05-08,16.48999977,16.54999924,16.18000031,16.31999969,41784100
2026-05-11,16.20000076,16.5,16.17000008,16.25,19740000
2026-05-12,16.20999908,16.31999969,16.10000038,16.12999916,19751300
2026-05-13,16.15999985,16.29999924,15.85000038,15.90999985,28456100
2026-05-14,15.96000004,16.10000038,15.75,15.77000046,22570000
2026-05-15,15.67000008,15.89000034,15.5,15.68999958,31009700
2026-05-18,15.72000027,15.85000038,15.60999966,15.81000042,20757200
2026-05-19,15.64999962,15.90999985,15.52999973,15.81000042,25814600
2026-05-20,15.90999985,16.30999947,15.86999989,16.21999931,24281300
2026-05-21,16.11000061,16.54999924,16.07999992,16.39999962,20774700
2026-05-22,16.20000076,16.29999924,16.09000015,16.10000038,24010300
2026-05-25,16.20000076,16.40999985,16.15999985,16.39999962,14643100
2026-05-26,16.89999962,16.92000008,16.38999939,16.59000015,35881800
2026-05-27,16.79000092,16.92000008,16.56999969,16.61000061,37022600
2026-05-28,16.60000038,16.64999962,16.25,16.29000092,24813300
2026-05-29,16.29000092,16.45999908,16.02000046,16.31999969,86401700
2026-06-01,16.38999939,16.56999969,16.13999939,16.43000031,37464400
2026-06-02,16.48999977,16.62999916,16.42000008,16.45000076,15806800
2026-06-03,16.21999931,16.31999969,16.04999924,16.06999969,24645900
2026-06-05,16.04000092,16.26000023,15.94999981,16.17000008,22964600
2026-06-08,16.11000061,16.22999954,15.94999981,16.07999992,18008000
2026-06-09,16.21999931,16.35000038,16.12999916,16.20999908,23741600
2026-06-10,16.12999916,16.28000069,16.12999916,16.28000069,23080500
2026-06-11,16.21999931,16.63999939,16.19000053,16.63999939,33555900
2026-06-12,16.5,16.77000046,16.44000053,16.61000061,14291900
2026-06-15,16.77000046,16.81999969,16.55999947,16.56999969,19463100
2026-06-16,16.47999954,16.55999947,16.35000038,16.44000053,13495700
2026-06-17,16.36000061,16.70999908,16.11000061,16.19000053,32858800
2026-06-18,16.12999916,16.34000015,16.10000038,16.21999931,41278300
2026-06-19,16.17000008,16.30999947,16.04999924,16.04999924,26925200
2026-06-22,16.15999985,16.37999916,16.06999969,16.17000008,22020700
2026-06-23,16.04999924,16.43000031,16.04999924,16.37000084,27581700
2026-06-24,16.29000092,16.52000046,16.25,16.37999916,22826200
2026-06-25,16.39999962,16.48999977,16.22999954,16.38999939,18193000
2026-06-26,16.43000031,16.76000023,16.37999916,16.72999954,21690800
2026-06-29,16.79000092,16.85000038,16.52000046,16.59000015,17657800
2026-06-30,16.45999908,16.5,16.23999977,16.29000092,22299700
2026-07-01,16.12999916,16.38999939,16.09000015,16.20000076,17744600
2026-07-02,16.37999916,16.47999954,16.21999931,16.29999924,17656700
2026-07-03,16.45000076,16.45000076,16.14999962,16.29000092,6915200
2026-07-06,16.09000015,16.10000038,15.68999958,15.88000011,32014900
2026-07-07,15.84000015,16.12000084,15.56000042,15.60999966,37381000
2026-07-08,15.52999973,15.73999977,15.52000046,15.61999989,24227600
2026-07-09,15.72999954,15.78999996,15.64000034,15.72000027,23964000
2026-07-10,15.94999981,15.98999977,15.72000027,15.81999969,34757600
2026-07-13,15.81000042,16.03000069,15.69999981,15.82999992,31167700
2026-07-14,15.93999958,16.0,15.77999973,15.81000042,17907700
2026-07-15,15.59000015,15.72999954,15.35000038,15.56999969,31466500
2026-07-16,15.48999977,15.71000004,15.46000004,15.60000038,20772600
2026-07-17,15.59000015,15.75,15.51000023,15.63000011,16137900
2026-07-20,15.64999962,15.82999992,15.57999992,15.78999996,24319600
2026-07-21,15.73999977,15.89999962,15.73999977,15.80000019,19628700
2026-07-22,15.85000038,16.13999939,15.73999977,16.12999916,28818200
2026-07-23,16.04000092,16.11000061,15.84000015,15.92000008,18873800
2026-07-24,15.78999996,15.89999962,15.60999966,15.64000034,15224800
2026-07-27,15.73999977,15.89000034,15.56000042,15.85999966,30052500
2026-07-28,16.20000076,16.37000084,16.01000023,16.10000038,37458000
2026-07-29,16.04999924,16.22999954,15.89999962,15.89999962,37839300
2026-07-30,15.22000027,15.96000004,15.11999989,15.96000004,70813600
2026-07-31,16.10000038,16.10000038,15.85000038,15.98999977,38243300
2026-08-03,16.06999969,16.12000084,15.72999954,15.77000046,34419100
2026-08-04,16.0,16.01000023,15.57999992,15.86999989,28395700
2026-08-05,15.96000004,15.96000004,15.77999973,15.84000015,35610400
2026-08-06,15.75,15.77999973,15.56000042,15.65999985,27603100
2026-08-07,15.64999962,15.68000031,15.44999981,15.47999954,23662500
2026-08-10,15.39999962,15.47999954,15.25,15.27000046,20681500
2026-08-11,15.21000004,15.30000019,14.93000031,15.01000023,33997000
2026-08-12,15.0,15.06999969,14.81000042,14.85000038,26999400
2026-08-13,14.78999996,15.06000042,14.78999996,14.92000008,21998800
2026-08-14,14.85000038,14.97999954,14.64000034,14.75,33534300
2026-08-17,14.73999977,14.88000011,14.59000015,14.67000008,34531700
2026-08-18,14.65999985,14.86999989,14.63000011,14.72999954,19528000
2026-08-19,14.85999966,15.09000015,14.68000031,14.77999973,23868700
2026-08-20,14.64999962,14.93000031,14.60000038,14.89999962,41094500
2026-08-21,14.96000004,15.03999996,14.86999989,15.0,19912500
2026-08-24,15.0,15.36999989,14.94999981,15.25,34068000
2026-08-25,15.30000019,15.31000042,15.01000023,15.31000042,17428900
2026-08-26,15.26000023,15.43999958,15.18000031,15.23999977,12976600
2026-08-27,15.15999985,15.18999958,14.97999954,15.11999989,23629700
2026-08-28,15.15999985,15.19999981,15.0,15.18999958,16656800
2026-08-31,15.30000019,15.31000042,15.02999973,15.02999973,50670600
2026-09-01,15.18000031,15.39999962,15.02999973,15.17000008,49321300
2026-09-02,15.31000042,15.68000031,15.17000008,15.60000038,45834800
2026-09-03,15.81999969,15.86999989,15.64000034,15.76000023,33952600
2026-09-04,15.76000023,15.88000011,15.61999989,15.73999977,27638900
2026-09-08,15.94999981,16.03000069,15.73999977,15.81999969,25579200
2026-09-09,15.68999958,15.77999973,15.51000023,15.57999992,22611500
2026-09-10,15.56000042,15.75,15.47000027,15.71000004,10120100
