date,open,high,low,close,volume
2017-02-24,3.32807922,3.32807922,3.32807922,3.32807922,5200
2017-03-01,3.32807926,3.32807926,3.28236389,3.28236389,17200
2017-03-02,3.28236389,3.28236389,3.28236389,3.28236389,0
2017-03-03,3.47436789,3.47436789,3.38293716,3.42865252,7200
2017-03-06,3.43779591,3.5657991,3.38293761,3.51094079,22800
2017-03-07,3.3097924,3.47436764,3.3097924,3.36099339,13600
2017-03-08,3.33173539,3.47436744,3.2659055,3.38293672,16400
2017-03-09,3.27322039,3.47436808,3.2238477,3.47253942,6800
2017-03-10,3.30979245,3.47071038,3.29150624,3.41768074,26000
2017-03-13,3.36465144,3.36465144,3.36465144,3.36465144,2400
2017-03-14,3.43596791,3.47436866,3.3829379,3.39939547,3600
2017-03-15,3.38293672,3.41585183,3.38293672,3.41585183,6400
2017-03-16,3.3829372,3.47253928,3.3829372,3.40122342,3200
2017-03-17,3.3829372,3.45608172,3.3829372,3.40122342,4400
2017-03-20,3.34636516,3.34636516,3.2000761,3.2000761,8000
2017-03-21,3.20007547,3.20007547,3.11047339,3.11047339,10000
2017-03-22,3.25493471,3.40122412,3.25493471,3.39939547,623200
2017-03-23,3.3244214,3.39573725,3.27322006,3.27322006,12000
2017-03-24,3.27687721,3.3445361,3.26224831,3.26590562,46800
2017-03-27,3.27322053,3.27322053,3.25493431,3.25493431,1600
2017-03-28,3.28236355,3.41950965,3.28236355,3.41950965,61200
2017-03-29,3.43413831,3.47436771,3.40670881,3.43596697,85200
2017-03-30,3.43596639,3.48351006,3.38293641,3.45608091,349200
2017-03-31,3.43413775,3.48716739,3.43413775,3.47436714,390400
2017-04-03,3.4560809,3.52008247,3.41950883,3.52008247,105200
2017-04-04,3.45608171,3.63711452,3.45608171,3.63711452,24000
2017-04-05,3.51642676,3.6279724,3.51642676,3.58042836,18000
2017-04-06,3.48533903,3.50362524,3.38293672,3.38293672,74000
2017-04-07,3.45242451,3.48351097,3.44693889,3.48351097,9200
2017-04-10,3.42133809,3.52008345,3.41768112,3.47253942,19600
2017-04-11,3.47254016,3.47436882,3.38659537,3.42316747,11600
2017-04-12,3.38293758,3.49082589,3.38293758,3.49082589,27600
2017-04-13,3.40305231,3.40305231,3.30979291,3.36647987,39544400
2017-04-17,3.1836186,3.40122388,3.1836186,3.36465144,4008000
2017-04-18,3.3646508,3.3646508,3.27322007,3.29150629,3004400
2017-04-19,3.22019048,3.36465086,3.10864488,3.19824696,6914000
2017-04-20,3.12327426,3.28236391,3.12327426,3.2000761,2558400
2017-04-24,3.2933354,3.2933354,3.25493431,3.25493431,8001600
2017-04-25,3.25493431,3.25493431,3.25493431,3.25493431,0
2017-04-26,3.29150629,3.29150629,3.29150629,3.29150629,400
2017-04-27,3.29150629,3.29150629,3.29150629,3.29150629,0
2017-04-28,3.29150629,3.29150629,3.29150629,3.29150629,0
2017-05-02,3.29150714,3.34636545,3.23664883,3.34636545,51600
2017-05-03,3.40122264,3.47436714,3.33722107,3.47436714,6040400
2017-05-04,3.41768079,3.41768079,3.32807871,3.39025164,6047600
2017-05-05,3.3829372,3.40122342,3.34636477,3.40122342,11200
2017-05-08,3.29150647,3.40122342,3.29150647,3.40122342,1600
2017-05-09,3.40122337,3.42865252,3.35002204,3.42865252,21200
2017-05-10,3.42865252,3.53836948,3.42865252,3.42865252,6203200
2017-05-11,3.42865271,3.47253942,3.42865271,3.47253942,11200
2017-05-12,3.47436714,3.47436714,3.32259217,3.47436714,1600
2017-05-15,3.47436714,3.47436714,3.47436714,3.47436714,0
2017-05-16,3.43779492,3.43779492,3.43779492,3.43779492,400
2017-05-17,3.40122285,3.43779492,3.36465042,3.43779492,45200
2017-05-18,3.30613462,3.30613462,2.9824698,3.06475759,527200
2017-05-19,3.21104726,3.21104726,3.14521737,3.17264652,14400
2017-05-22,2.980642,3.07207274,2.980642,3.07207274,30000
2017-05-23,3.07207213,3.12693077,2.98612738,2.98612738,17200
2017-05-24,3.07207272,3.15436052,2.8800683,2.8800683,6968400
2017-05-25,2.96235588,2.96235588,2.88189673,2.88189673,8000
2017-05-26,2.87275362,2.87275362,2.87275362,2.87275362,800
2017-05-29,2.87275362,2.87275362,2.87275362,2.87275362,0
2017-05-30,2.83435228,2.83435228,2.74292156,2.78863692,114400
2017-05-31,2.77766577,2.78315174,2.58748984,2.58748984,43200
2017-06-01,2.58931807,2.58931807,2.56006026,2.56006026,8040000
2017-06-02,2.56006026,2.56006026,2.56006026,2.56006026,4000000
2017-06-05,2.6697772,2.6697772,2.56006026,2.56006026,2800
2017-06-06,2.60029101,2.60029101,2.60029101,2.60029101,400
2017-06-07,2.60029101,2.60029101,2.60029101,2.60029101,0
2017-06-08,2.5564025,2.5564025,2.51434445,2.51434445,800
2017-06-09,2.51434445,2.51434445,2.51434445,2.51434445,0
2017-06-12,2.51434445,2.51434445,2.51434445,2.51434445,0
2017-06-13,2.45948648,2.45948648,2.45948648,2.45948648,800
2017-06-14,2.55457504,2.57286108,2.47045875,2.47045875,59600
2017-06-15,2.47045875,2.47045875,2.47045875,2.47045875,0
2017-06-16,2.47045875,2.47045875,2.47045875,2.47045875,0
2017-06-19,2.47045875,2.47045875,2.47045875,2.47045875,0
2017-06-20,2.49788803,2.5490892,2.46863022,2.54177475,40400
2017-06-21,2.46862984,2.46862984,2.46862984,2.46862984,2400
2017-06-22,2.30405426,2.30405426,2.30405426,2.30405426,800
2017-06-23,2.45217203,2.46862959,2.45217203,2.45948648,6000
2017-06-26,2.45034355,2.55091739,2.45034355,2.55091739,9600
2017-06-27,2.55091694,2.55823139,2.49788713,2.49788713,28000
2017-06-28,2.55823231,2.55823231,2.55823231,2.55823231,9600
2017-06-29,2.52348801,2.56006026,2.52348801,2.56006026,6400
2017-06-30,2.64600536,2.64600536,2.57834664,2.64234805,13600
2017-07-03,2.64234805,2.64234805,2.64234805,2.64234805,0
2017-07-04,2.74292159,2.74292159,2.74292159,2.74292159,400
2017-07-05,2.83435269,2.86178184,2.83435269,2.86178184,312000
2017-07-06,2.88798259,2.88798259,2.79426646,2.79426646,12400
2017-07-07,2.81147981,2.81147981,2.81147981,2.81147981,400
2017-07-10,2.81147981,2.81147981,2.81147981,2.81147981,0
2017-07-11,2.81147981,2.81147981,2.81147981,2.81147981,0
2017-07-12,2.92240906,2.92240906,2.92240906,2.92240906,400
2017-07-13,2.92240906,2.92240906,2.92240906,2.92240906,0
2017-07-14,2.92240906,2.92240906,2.92240906,2.92240906,0
2017-07-17,3.02760048,3.02760048,2.92623425,2.92623425,800
2017-07-18,3.15574255,3.15574255,3.02951288,3.04098821,198000
2017-07-19,3.03142563,3.07923991,2.98361135,2.98361135,538800
2017-07-20,3.00273711,3.00464973,2.97404861,2.97404861,264800
2017-07-21,2.97022307,2.97022307,2.91667113,2.96448541,919600
2017-07-24,2.96448541,2.96448541,2.96448541,2.96448541,400
2017-07-25,2.92814671,2.96066025,2.90710831,2.90710831,121600
2017-07-26,2.90710831,2.90710831,2.90710831,2.90710831,0
2017-07-27,2.90710831,2.90710831,2.90710831,2.90710831,110400
2017-07-28,2.90710831,2.90710831,2.90710831,2.90710831,400000
2017-07-31,2.90710831,2.90710831,2.90710831,2.90710831,0
2017-08-01,2.90710831,2.90710831,2.90710831,2.90710831,0
2017-08-02,2.86885665,2.89754514,2.80191659,2.87076926,494400
2017-08-03,2.916671,2.916671,2.86885672,2.89180756,4033600
2017-08-04,2.91667166,2.94536016,2.90710876,2.90902138,6656800
2017-08-07,2.94153432,2.94535937,2.93770909,2.93770909,1055600
2017-08-08,2.95683501,2.95874763,2.94344707,2.95874763,2000800
2017-08-09,2.89563329,2.90328357,2.87268245,2.87842011,18400
2017-08-10,2.85546886,2.85546886,2.81530485,2.82295513,20000
2017-08-11,2.79426664,2.81147981,2.69098779,2.81147981,38800
2017-08-14,2.73115157,2.77896585,2.69098757,2.77131557,122000
2017-08-15,2.77131557,2.7847037,2.75984025,2.75984025,120400
2017-08-16,2.80000462,2.82678051,2.79235435,2.79235435,33200
2017-08-17,2.79235413,2.80191684,2.75410256,2.80191684,6800
2017-08-18,2.76366528,2.81147956,2.76366528,2.77322817,45600
2017-08-21,2.87268195,3.05820122,2.86885672,2.89180756,770000
2017-08-22,2.78279139,3.06011421,2.78279139,2.92623425,9457600
2017-08-23,2.96066073,3.02377576,2.92814718,2.98552418,2498800
2017-08-24,2.8898949,3.0696765,2.8898949,3.01421213,3716400
2017-08-25,3.0505511,3.08880249,3.0218626,3.04098821,2109200
2017-08-28,3.01421224,3.18825619,3.01421224,3.07158923,773200
2017-08-29,3.06776431,3.19399398,3.06011385,3.15574241,2156400
2017-08-30,3.08115206,3.20738172,3.08115206,3.14044166,12996800
2017-08-31,3.11175439,3.16339392,3.05628963,3.12514234,10858000
2017-09-01,3.25328399,3.43689067,3.11749123,3.38525152,2530400
2017-09-04,3.34699933,3.63005976,3.28962235,3.61475921,1924400
2017-09-05,3.67213656,3.67213656,3.55164438,3.61475921,4027600
2017-09-06,3.61475801,3.6893485,3.58033168,3.60328269,6755200
2017-09-07,3.60328269,3.60328269,3.60328269,3.60328269,0
2017-09-08,3.69126349,3.69126349,3.53634528,3.65301228,3845200
2017-09-11,3.6510991,3.6721375,3.59180948,3.6721375,3565600
2017-09-12,3.67022348,3.67022348,3.58989549,3.58989549,1457200
2017-09-13,3.56120809,3.67213722,3.5210439,3.63197303,7295600
2017-09-14,3.64536112,3.71038858,3.61093477,3.67404962,6554800
2017-09-15,3.65301045,3.68552417,3.57268246,3.63388467,6790400
2017-09-18,3.70082505,3.70082505,3.57842025,3.61475921,4126800
2017-09-19,3.6109345,3.62049757,3.57650852,3.6109345,1009200
2017-09-20,3.62432196,3.68169894,3.60328356,3.63388467,2251600
2017-09-21,3.63388558,3.67213715,3.58607129,3.66066146,1740000
2017-09-22,3.66257316,3.67213623,3.5860704,3.63388467,264800
2017-09-25,3.67022362,3.67022362,3.58224517,3.63388467,520400
2017-09-26,3.63388467,3.668311,3.61284627,3.63388467,4233600
2017-09-27,3.65492396,3.66639928,3.55929539,3.65109873,520800
2017-09-28,3.65301077,3.67404881,3.58798333,3.61475921,766800
2017-09-29,3.61475942,3.67213678,3.54208188,3.60519671,6033600
2017-10-02,3.63771059,3.67022432,3.51913101,3.55738258,6880400
2017-10-03,3.56312045,3.65109893,3.55738297,3.57650876,794800
2017-10-04,3.57459575,3.60328425,3.45984141,3.55738258,319600
2017-10-05,3.53634528,3.66640022,3.5191321,3.65301228,7083200
2017-10-06,3.66257442,3.70273861,3.57650892,3.68361282,1278400
2017-10-09,3.67978723,3.67978723,3.54973232,3.65109873,1365600
2017-10-10,3.66257405,3.69126255,3.63388556,3.65109873,2628000
2017-10-11,3.67213635,3.69126177,3.62432208,3.69126177,4607600
2017-10-12,3.69126177,3.69126177,3.69126177,3.69126177,0
2017-10-13,3.70656252,3.74863932,3.65301076,3.70656252,164000
2017-10-16,3.72951437,3.89590825,3.70656335,3.87295723,3090400
2017-10-17,3.88252049,3.96093591,3.85383199,3.92077208,3582800
2017-10-18,3.90929473,4.07186331,3.90164427,4.03552437,23267200
2017-10-19,4.03552492,4.18470523,4.01257391,4.10820246,1336400
2017-10-20,4.15410437,4.1885307,4.12159064,4.17514277,1062400
2017-10-23,4.14071666,4.33579902,4.03935062,4.26503372,13743600
2017-10-24,4.26503372,4.3338864,4.17131777,4.26503372,1485200
2017-10-25,4.24590798,4.40082614,4.20000595,4.28415918,3500000
2017-10-26,4.26312143,4.28224685,4.19235613,4.24590826,5938800
2017-10-27,4.22678282,4.29372289,4.20191918,4.24782085,853200
2017-10-30,4.24782055,4.24782055,4.14262928,4.16366768,649600
2017-10-31,4.15027985,4.25738374,4.07951455,4.20956945,425600
2017-11-01,4.20383227,4.20383227,4.01640034,4.01640034,1703600
2017-11-02,4.01640034,4.01640034,4.01640034,4.01640034,0
2017-11-03,3.99153644,3.99153644,3.83088042,3.91885853,1643200
2017-11-06,3.89973281,3.9781482,3.84618104,3.90164542,944800
2017-11-07,3.86530761,3.93798554,3.79645527,3.89399648,2118800
2017-11-08,3.87295666,3.88251937,3.80410398,3.82514238,3030400
2017-11-09,3.82514251,3.91885846,3.76776552,3.76776552,4268000
2017-11-10,3.82705478,3.95328444,3.63771029,3.81175423,2430000
2017-11-13,3.81366706,3.83279284,3.75246484,3.82514238,619200
2017-11-14,3.82514285,3.86339442,3.58607142,3.73716474,1044800
2017-11-15,3.73716474,3.73716474,3.73716474,3.73716474,0
2017-11-16,3.73142665,3.85765633,3.70082554,3.74863982,3198000
2017-11-17,3.73907637,3.87486911,3.73907637,3.86339378,516800
2017-11-20,3.86339378,3.86339378,3.86339378,3.86339378,0
2017-11-21,3.89973232,4.01257404,3.77159004,3.81175423,1738400
2017-11-22,3.82131737,3.89973277,3.74863982,3.74863982,1299600
2017-11-23,3.76393972,3.80601615,3.67596127,3.74290133,621600
2017-11-24,3.74864015,3.81558022,3.68170007,3.72951436,1040400
2017-11-27,3.73525171,3.73525171,3.61475952,3.71995115,2044400
2017-11-28,3.66831227,3.77159094,3.65301171,3.6721375,1052400
2017-11-29,3.69891205,3.72760054,3.56885717,3.6625731,641600
2017-11-30,3.63388467,3.7065622,3.54973145,3.63388467,2035600
2017-12-01,3.63388467,3.69699949,3.54973145,3.63388467,879600
2017-12-04,3.63388536,3.72760131,3.60137164,3.71421337,709600
2017-12-05,3.72951436,3.81940509,3.63962363,3.72951436,798400
2017-12-06,3.70273817,3.7849788,3.63962334,3.75820255,1018400
2017-12-07,3.71230048,3.86339378,3.65683611,3.78497839,611600
2017-12-08,3.80601569,3.86339303,3.72951293,3.82131624,328400
2017-12-11,3.82514369,3.84426948,3.69126351,3.73907781,1203600
2017-12-12,3.73907674,3.75246505,3.60710959,3.69317508,3766000
2017-12-13,3.70273815,3.72377619,3.65683649,3.67022443,914400
2017-12-14,3.65492431,3.70847608,3.58033377,3.63006067,1983200
2017-12-15,3.66639924,3.70847568,3.58989646,3.6109345,3090800
2017-12-18,3.63197317,3.80601715,3.58989673,3.72951436,1213600
2017-12-19,3.75820295,3.78306658,3.67787493,3.71038866,1025200
2017-12-20,3.69317611,3.74672825,3.6357991,3.65301228,1042800
2017-12-21,3.67213627,3.72760063,3.61667154,3.68743682,981200
2017-12-22,3.6893494,3.7276006,3.61475889,3.63388467,1151600
2017-12-25,3.63388467,3.63388467,3.63388467,3.63388467,0
2017-12-26,3.64153582,3.65874863,3.61475958,3.62432265,11444800
2017-12-27,3.67213623,3.67213623,3.61475889,3.63388467,2048000
2017-12-28,3.61858509,3.63388564,3.61475986,3.63197303,2410000
2017-12-29,3.63197303,3.63197303,3.63197303,3.63197303,0
2018-01-02,3.65301077,3.71803822,3.56694493,3.61475921,5450400
2018-01-03,3.67213715,3.69126257,3.57268335,3.64918613,3283600
2018-01-04,3.67213617,3.71038737,3.65874787,3.6625731,17233600
2018-01-05,3.70924422,3.72907945,3.66957301,3.72312903,684000
2018-01-08,3.72907922,3.78263524,3.7231288,3.76875043,1135200
2018-01-09,3.78065246,3.78660326,3.73503083,3.74296522,540000
2018-01-10,3.74891612,3.75685052,3.7132121,3.7171793,238400
2018-01-11,3.74693245,3.74891605,3.6834588,3.7092452,331600
2018-01-12,3.71321167,3.74693209,3.66957363,3.71916246,680400
2018-01-15,3.7231288,3.76875043,3.71321081,3.76875043,275200
2018-01-16,3.76676732,3.76676732,3.69139247,3.7389977,998000
2018-01-17,3.74693234,3.86792922,3.7032943,3.86792922,7825600
2018-01-18,3.84809263,3.9770235,3.81040502,3.90759945,1316400
2018-01-19,3.89173257,4.06231794,3.86792976,4.00479507,2003600
2018-01-22,3.9968599,4.16347841,3.96115588,4.10397196,3167600
2018-01-23,4.10397132,4.22298458,4.01669488,4.18331337,602400
2018-01-24,4.18529793,4.32414645,4.13174189,4.24480438,7018000
2018-01-25,4.24480438,4.24480438,4.24480438,4.24480438,0
2018-01-26,4.25472333,4.36381865,4.20513448,4.36381865,2820400
2018-01-29,4.35985065,4.35985065,4.28645938,4.31422901,294800
2018-01-30,4.33207891,4.33207891,4.18529606,4.18529606,17347600
2018-01-31,4.10793831,4.31819521,4.10793831,4.19521475,1189200
2018-02-01,4.22298475,4.32414562,4.14165872,4.19521475,2215200
2018-02-02,4.19918292,4.25075536,4.11389006,4.16546249,1449600
2018-02-05,4.19521458,4.25868822,4.09206974,4.15752697,563200
2018-02-06,4.13570786,4.17339548,3.979007,4.10595465,2436000
2018-02-07,4.08612056,4.42332445,4.08612056,4.29439354,6518000
2018-02-08,4.32216355,4.52051891,4.23488708,4.29439354,2927600
2018-02-09,4.28249171,4.32811334,4.16744563,4.22695208,2596400
2018-02-14,4.23092068,4.45109529,4.22893708,4.43324327,2399600
2018-02-15,4.49473186,4.53241948,4.34398176,4.49274826,4425600
2018-02-16,4.482831,4.53837026,4.43324216,4.482831,1428000
2018-02-19,4.419357,4.50663307,4.419357,4.49274826,410800
2018-02-20,4.40745507,4.52250114,4.40745507,4.47291231,903200
2018-02-21,4.47291169,4.56217172,4.46299408,4.52250051,3226400
2018-02-22,4.52448541,4.58795906,4.50068298,4.54233742,2644400
2018-02-23,4.57010667,4.58200788,4.47687943,4.58200788,11460400
2018-02-26,4.58597559,4.601844,4.49869914,4.58795881,1428800
2018-02-27,4.60184443,4.70498893,4.54828839,4.61176205,1261600
2018-02-28,4.56217259,4.61176142,4.51060016,4.57010698,1942400
2018-03-01,4.58994252,4.60779453,4.44514321,4.56217289,4438800
2018-03-02,4.52250184,4.55225545,4.22893602,4.482831,5460800
2018-03-05,4.44514292,4.49473175,4.35786647,4.45307732,1928000
2018-03-06,4.46101042,4.50068163,4.36381637,4.42927361,2264400
2018-03-07,4.44712698,4.6177127,4.36381772,4.482831,2156800
2018-03-08,4.55423763,4.56018843,4.50266559,4.54035282,2704000
2018-03-09,4.56018816,4.56018816,4.48282972,4.55423737,1792800
2018-03-12,4.52448562,4.55225563,4.46101197,4.55225563,3553600
2018-03-13,4.52448544,4.54432105,4.45109418,4.482831,1060400
2018-03-14,4.46894714,4.46894714,4.34001583,4.36381865,2116800
2018-03-15,4.32414579,4.35588261,4.25472174,4.32414579,626400
2018-03-16,4.36580102,4.40348864,4.26860695,4.40348864,7140000
2018-03-19,4.40943949,4.49869955,4.33406462,4.46299553,710000
2018-03-20,4.45506079,4.45704439,4.36778472,4.44315958,343200
2018-03-21,4.41142406,4.45704571,4.07818693,4.43324327,1193600
2018-03-22,4.39158704,4.4729127,4.3241462,4.40348864,1682800
2018-03-23,4.40348893,4.45902819,4.33604808,4.42134094,4544800
2018-03-26,4.45307708,4.51059992,4.42729068,4.49869871,264400
2018-03-27,4.50266661,4.50464983,4.39753814,4.482831,810800
2018-03-28,4.4808461,4.54630333,4.42729008,4.51853371,442800
2018-03-29,4.51456765,4.56217289,4.43125839,4.56217289,5368400
2018-04-02,4.48878156,4.56217321,4.48878156,4.52448559,177200
2018-04-03,4.51456765,4.56217289,4.50663326,4.56217289,335200
2018-04-04,4.54035368,4.56217289,4.50861686,4.56217289,1371200
2018-04-05,4.5820085,4.5820085,4.53440326,4.56217289,2727600
2018-04-06,4.51654946,4.56217108,4.51654946,4.53638506,450400
2018-04-09,4.54035252,4.56217172,4.39753685,4.52250051,890800
2018-04-10,4.50861686,4.56217289,4.451094,4.56217289,940800
2018-04-11,4.51655161,4.56217325,4.51655161,4.55225563,1150400
2018-04-12,4.54630411,4.54630411,4.46299486,4.51060009,1192800
2018-04-13,4.49274876,4.49274876,4.42332431,4.46299553,799200
2018-04-16,4.43522531,4.45307732,4.38563647,4.45307732,1115600
2018-04-17,4.44514269,4.51853432,4.42134026,4.47291231,458000
2018-04-18,4.51258376,4.54233699,4.39555409,4.45307732,2500000
2018-04-19,4.48679733,4.51258336,4.40348809,4.48679733,958800
2018-04-20,4.52051856,4.55027179,4.40348888,4.42332411,799200
2018-04-23,4.40547156,4.54233684,4.38563633,4.38563633,314400
2018-04-24,4.42927591,4.46299634,4.34398303,4.36381865,692400
2018-04-25,4.33803101,4.50663273,4.33604741,4.47291231,2172000
2018-04-26,4.50068231,4.54233675,4.4629947,4.47291231,1494800
2018-04-27,4.42530674,4.55225439,4.40547113,4.47886276,905600
2018-04-30,4.43522548,4.54233716,4.42332388,4.4391923,2442800
2018-05-02,4.43919186,4.45704387,4.32414579,4.32414579,2179200
2018-05-03,4.32414614,4.38563657,4.17736324,4.22695208,3764800
2018-05-04,4.23686978,4.32216263,4.14562614,4.20513296,3144400
2018-05-07,4.19521497,4.22298497,4.16546175,4.20513296,440000
2018-05-08,4.19521367,4.25075328,4.18529606,4.18529606,2746400
2018-05-09,4.18331336,4.264639,4.16546135,4.21306658,1248000
2018-05-10,4.23488617,4.26463939,4.20513295,4.23488617,1368800
2018-05-11,4.23290218,4.264639,4.16546135,4.21306658,3952800
2018-05-14,4.18529742,4.24282026,3.99090929,4.24282026,5342000
2018-05-15,4.17736284,4.20116565,4.14562602,4.16942883,965600
2018-05-16,4.18133149,4.22100272,4.16546308,4.20116711,264400
2018-05-17,4.1852976,4.19719881,4.10595554,4.13372517,1848400
2018-05-18,4.11587289,4.14562611,3.9671064,4.05636644,1307200
2018-05-21,4.09603788,4.1396763,4.04843264,4.06628466,1701600
2018-05-22,4.09603773,4.25670545,4.0702517,4.11587334,941200
2018-05-23,4.11587315,4.12777436,4.04644871,4.04644871,630800
2018-05-24,4.01272747,4.06628349,3.98099066,4.02661228,691200
2018-05-25,4.00876136,4.05438338,3.92346888,3.98694253,349200
2018-05-28,3.99487681,3.99487681,3.74296579,3.80842304,1158000
2018-05-29,3.82825837,3.96115648,3.76478472,3.84809399,10226400
2018-05-30,3.84214283,3.96313933,3.84015924,3.85801125,3173200
2018-06-01,3.90958267,3.92148426,3.83619142,3.90759945,4392800
2018-06-04,3.93536943,3.95718864,3.89371462,3.91751742,258000
2018-06-05,3.88776532,3.92941977,3.78858764,3.88379812,6604000
2018-06-06,3.85206195,3.86991397,3.78858829,3.78858829,778800
2018-06-07,3.76875184,3.77668624,3.59023209,3.64973855,2882400
2018-06-08,3.71122779,3.7310634,3.62990214,3.64577055,1020000
2018-06-11,3.63585286,3.69139248,3.29666546,3.63783646,10028800
2018-06-12,3.67750848,3.6854425,3.55056079,3.60014963,9472400
2018-06-13,3.58229781,3.62990306,3.54461057,3.57833099,934800
2018-06-14,3.57039566,3.57833006,3.51485604,3.56841207,965600
2018-06-15,3.5267577,3.55651092,3.50692209,3.51088929,2122000
2018-06-18,3.48708676,3.52080718,3.44939914,3.47121835,586000
2018-06-19,3.41567867,3.57039596,3.41567867,3.54064274,918800
2018-06-20,3.57832997,3.59221478,3.47518512,3.56444478,12064400
2018-06-21,3.55254361,3.56841202,3.49105357,3.52080679,1277200
2018-06-22,3.60014903,3.60213263,3.50890577,3.59023142,658000
2018-06-25,3.58824828,3.66163955,3.54461024,3.6199851,482000
2018-06-26,3.61601806,3.65767289,3.5327088,3.57039642,1776000
2018-06-27,3.57039542,3.66957307,3.55055981,3.66957307,1326400
2018-06-28,3.62593504,3.7350303,3.62395144,3.66957307,490000
2018-06-29,3.68940867,3.7429647,3.52477379,3.66957307,1879200
2018-07-02,3.6199851,3.66759034,3.51684023,3.6199851,894800
2018-07-03,3.61998528,3.72511376,3.61998528,3.68940973,1123200
2018-07-04,3.69139333,3.73899857,3.67354132,3.68940973,116000
2018-07-05,3.6735415,3.69139351,3.58031424,3.62990308,1878000
2018-07-06,3.61403366,3.73899772,3.60014885,3.72907972,7061200
2018-07-10,3.74693216,3.77470217,3.70726132,3.70726132,606400
2018-07-11,3.66957351,3.87983005,3.66957351,3.82627439,2017200
2018-07-12,3.88776417,3.96512262,3.82825735,3.93140221,415200
2018-07-13,3.94132233,3.94132233,3.91950311,3.94132233,566000
2018-07-16,3.94727135,3.98495897,3.91751812,3.94727135,3318000
2018-07-17,3.9274357,4.02661337,3.88776486,3.98694253,2778400
2018-07-18,4.00677818,4.00677818,3.90958373,3.94727135,344800
2018-07-19,3.90759958,3.90759958,3.81833955,3.88776398,3868000
2018-07-20,3.92545268,4.12579126,3.90760067,4.10793924,555200
2018-07-23,4.15554338,4.1575266,3.9710729,4.07620096,1083200
2018-07-24,4.08016816,4.10198736,4.01669453,4.10198736,716400
2018-07-25,4.09603715,4.14562598,4.07818514,4.14165878,748000
2018-07-26,4.1119063,4.11388989,4.02463021,4.06628466,408000
2018-07-27,4.09405306,4.11388866,4.006777,4.10595465,540400
2018-07-30,4.09207053,4.09207053,4.02859688,4.02859688,559600
2018-07-31,3.98694222,4.02066265,3.89173176,3.9274354,1696400
2018-08-01,3.89371525,3.95718928,3.828258,3.86792922,2303600
2018-08-02,3.83817502,3.92346786,3.83817502,3.90759945,1258000
2018-08-03,3.92743574,3.94925495,3.8857813,3.94727135,3110400
2018-08-06,3.91553446,3.93735367,3.85404441,3.86792922,1148800
2018-08-07,3.86792886,3.92743531,3.792554,3.85801125,3798000
2018-08-08,3.89173176,4.00677783,3.89173176,3.9274354,2077200
2018-08-09,3.96313947,4.08215274,3.867929,4.0166955,1721600
2018-08-10,3.97305819,3.97305819,3.84214368,3.88379812,2844400
2018-08-13,3.8837974,4.10198834,3.83222496,4.04644871,1052400
2018-08-14,4.07177181,4.1599765,3.99587464,4.12920713,596800
2018-08-15,4.12305269,4.20100077,4.00407905,4.05536079,2936000
2018-08-16,4.06151635,4.12305471,3.94049133,4.10254192,656400
2018-08-17,4.06561798,4.09638696,4.00202871,4.0574131,282800
2018-08-20,4.03895052,4.08407831,4.01228379,4.08407831,156800
2018-08-21,4.06151574,4.06151574,3.85638867,3.91792703,1071600
2018-08-22,3.88715773,4.14151522,3.87690114,4.1394639,738000
2018-08-23,4.09023336,4.12305365,3.99997735,3.99997735,434800
2018-08-24,4.01843973,4.0369012,3.98561943,4.01638842,835600
2018-08-27,4.04100248,4.28715467,4.04100248,4.28715467,191600
2018-08-28,4.23382194,4.28715501,4.1517712,4.16407871,514000
2018-08-29,4.15382313,4.24613047,4.14356693,4.24613047,547200
2018-08-30,4.20920773,4.26664306,4.05946506,4.10869551,644400
2018-08-31,4.12100323,4.29536133,4.1066444,4.2051053,1660800
2018-09-03,4.20510407,4.20510407,4.12305334,4.18459129,189200
2018-09-04,4.14971989,4.15382253,4.04510506,4.12305355,729600
2018-09-05,4.08202792,4.19279671,4.07177173,4.19279671,487600
2018-09-06,4.17638709,4.21946359,4.11279742,4.20100212,1000000
2018-09-10,4.24612984,4.24612984,4.12510486,4.16407871,1301200
2018-09-11,4.12715532,4.12715532,4.05536079,4.05536079,442400
2018-09-12,4.0615152,4.12305355,3.97946447,4.12305355,4497200
2018-09-13,4.1066434,4.13125843,3.98972105,4.12305355,9509200
2018-09-14,4.0840788,4.24818026,4.08202749,4.23587275,1195600
2018-09-17,4.20510504,4.36920654,4.19689977,4.33843756,732800
2018-09-18,4.32407932,4.33228459,4.20715693,4.30766916,1566000
2018-09-19,4.35279534,4.35279534,4.235873,4.32818031,1956000
2018-09-20,4.32202585,4.33843599,4.25843659,4.32612848,1607200
2018-09-21,4.36920654,4.38151445,4.25843812,4.33843756,6559200
2018-09-24,4.36305298,4.36920654,4.31997609,4.33843756,1387600
2018-09-25,4.32818136,4.33843756,4.26048944,4.33843756,2342000
2018-09-26,4.34869374,4.46766742,4.31792437,4.37946272,3227200
2018-09-27,4.37741183,4.45125771,4.37741183,4.45125771,3884000
2018-09-28,4.42869443,4.43895063,4.33228483,4.36920738,6043600
2018-10-01,4.38766846,4.38766846,4.20715679,4.2194643,2126400
2018-10-02,4.23177042,4.28305217,4.18253998,4.18459129,3266400
2018-10-03,4.19689936,4.30971947,4.16613038,4.18869448,2761600
2018-10-04,4.20100182,4.20100182,4.07587459,4.10048962,1826000
2018-10-05,3.99997831,4.09228566,3.97946553,4.06151628,21652000
2018-10-08,4.14356659,4.26048895,4.14356659,4.25843763,2428400
2018-10-09,4.2584387,4.37741241,4.24407987,4.30766916,4030000
2018-10-10,4.3097187,4.31382133,4.17228358,4.28305197,2422000
2018-10-11,4.27689727,4.30766623,4.22971816,4.23176908,1369200
2018-10-15,4.30151382,4.30151382,4.16202777,4.19484806,1124800
2018-10-16,4.19279739,4.19484871,4.03074682,4.09843874,3306000
2018-10-17,4.06972132,4.20510516,4.01433691,4.19689989,2159600
2018-10-18,4.19895092,4.19895092,4.07177236,4.09638739,1071200
2018-10-19,4.11895091,4.14151501,4.06356652,4.08613062,399200
2018-10-22,4.07792512,4.19484786,4.07792512,4.17843771,3482800
2018-10-23,4.1292079,4.17023347,4.06766994,4.10869551,1696800
2018-10-24,4.12100213,4.12510476,3.94664407,3.96510553,1343200
2018-10-25,3.99792552,4.0184383,3.93638757,3.97946405,1797200
2018-10-26,3.99792603,4.01433618,3.86664485,3.99997735,2167200
2018-10-29,4.02869453,4.10048906,3.95484907,3.98151541,1455600
2018-10-30,3.9917731,4.12100339,3.98151691,4.10254192,902800
2018-10-31,4.10869386,4.16202693,4.01228392,4.05536079,1190000
2018-11-01,4.05536168,4.18048891,4.03279758,4.16202784,13678400
2018-11-05,4.15997721,4.26664299,4.11690032,4.22151518,547200
2018-11-06,4.18459102,4.38356447,4.14356585,4.38356447,6874800
2018-11-07,4.38356434,4.57433213,4.24612923,4.52715302,10124400
2018-11-08,4.51484612,4.55382037,4.41433392,4.46151304,1232400
2018-11-09,4.43484701,4.45125716,4.28305265,4.41023159,15311200
2018-11-12,4.3733092,4.48612932,4.3733092,4.45125771,439200
2018-11-13,4.46356435,4.59689685,4.34459069,4.53946114,2717200
2018-11-14,4.5456165,4.58459076,4.43484807,4.53330898,1092000
2018-11-16,4.55382177,4.57433417,4.52100147,4.53330898,2856000
2018-11-19,4.56817997,4.56817997,4.44100101,4.44510365,515600
2018-11-21,4.38561571,4.54356361,4.36100068,4.48407698,868000
2018-11-22,4.51484609,4.51484609,4.44510286,4.49638462,172800
2018-11-23,4.51689757,4.5312564,4.43689775,4.43689775,310800
2018-11-26,4.44510427,4.54356518,4.28100274,4.53330898,2763600
2018-11-27,4.56817982,4.56817982,4.43689823,4.47382116,2003600
2018-11-28,4.54971686,4.55587042,4.43074321,4.47176838,1419600
2018-11-29,4.47587147,4.56817878,4.46971791,4.54356337,2747200
2018-11-30,4.54971732,4.56612746,4.51279439,4.54356337,2996000
2018-12-03,4.55997434,4.60920479,4.4676674,4.49433374,3440800
2018-12-04,4.52510221,4.55382026,4.45946162,4.49228191,920800
2018-12-05,4.54151205,4.55381995,4.46561527,4.54356337,1244400
2018-12-06,4.51074338,4.54356367,4.41843645,4.49228191,942000
2018-12-07,4.51074521,4.54356552,4.46356607,4.52510405,997200
2018-12-10,4.51279616,4.54356515,4.39382246,4.41433525,800000
2018-12-11,4.47382126,4.47382126,4.35484757,4.39997578,519200
2018-12-12,4.45330811,4.51279514,4.42459044,4.45330811,1787200
2018-12-13,4.4122832,4.5333082,4.4122832,4.47382116,1002800
2018-12-14,4.47587228,4.50869258,4.4348471,4.49433374,2270400
2018-12-17,4.47176859,4.5415118,4.46971766,4.48817873,458000
2018-12-18,4.49228216,4.60099963,4.49228216,4.58458948,939600
2018-12-19,4.60920496,4.84715232,4.59279481,4.81022978,1452800
2018-12-20,4.82048597,4.84510139,4.75279406,4.81022978,2128800
2018-12-21,4.8738185,4.89227996,4.73228073,4.73228073,3909200
2018-12-26,4.7179222,4.85535734,4.71587088,4.83279324,908800
2018-12-27,4.71997371,4.86356242,4.71997371,4.81228065,1348000
2018-12-28,4.76304903,4.85740766,4.76304903,4.83074093,5064800
2019-01-02,4.85125526,5.11381806,4.85125526,5.10766411,1463200
2019-01-03,5.05432947,5.33125101,5.01740654,5.3189435,1576000
2019-01-04,5.36407179,5.5117635,5.30048252,5.50766087,736800
2019-01-07,5.53843027,5.70253175,5.50971261,5.62048101,7306800
2019-01-08,5.61262302,5.66523478,5.37902666,5.51581717,2610800
2019-01-09,5.57263798,5.57263798,5.41480268,5.52423525,3593200
2019-01-10,5.52002548,5.54948834,5.45478702,5.45689154,1556800
2019-01-11,5.45689177,5.50108545,5.38533974,5.45057821,1134400
2019-01-14,5.45057838,5.48004124,5.39375758,5.3958621,1465200
2019-01-15,5.37692238,5.41901195,5.33272869,5.38744497,1509600
2019-01-16,5.3179967,5.50950347,5.3179967,5.47162294,3644000
2019-01-17,5.50739899,5.67154782,5.47583201,5.61893606,2750400
2019-01-18,5.63366806,5.95565182,5.60630972,5.86936855,2036400
2019-01-21,5.86936808,5.86936808,5.76624907,5.80833864,2578400
2019-01-22,5.80833779,5.87988981,5.74730796,5.76624823,2960400
2019-01-23,5.77677231,5.9893235,5.7641452,5.89251804,7852800
2019-01-24,6.06087542,6.22502428,5.94092066,6.20818853,11440800
2019-01-28,6.04193527,6.23344247,6.04193527,6.16609907,1316800
2019-01-29,6.22502562,6.22502562,6.02089206,6.10296631,2693200
2019-01-30,6.11979998,6.24185925,6.06718822,6.16188955,14204000
2019-01-31,6.16609867,6.328143,6.15557647,6.22712851,10741600
2019-02-01,6.23344177,6.35550104,6.16820289,6.24606848,1099600
2019-02-04,6.24606809,6.44388841,6.16609799,6.43336582,1574800
2019-02-05,6.43126238,6.43547142,6.27974063,6.33445692,2480000
2019-02-06,6.33024715,6.33024715,6.14715804,6.19345665,1353600
2019-02-07,6.30499464,6.43968105,6.1892489,6.43968105,3208400
2019-02-08,6.62066425,6.90476826,6.53648551,6.73430586,6704800
2019-02-11,6.79744095,6.79744095,6.69642644,6.74482918,2108000
2019-02-12,6.75956016,7.01209682,6.75114289,6.95527601,6516800
2019-02-13,7.02893256,7.2477969,7.00578325,7.15520048,10172000
2019-02-14,7.26252706,7.30882567,7.10048354,7.19728899,7479600
2019-02-15,7.2583199,7.2583199,7.15099144,7.15520048,5523200
2019-02-18,7.16572102,7.4982277,7.1404676,7.22254181,3621200
2019-02-19,7.26042378,7.26042378,7.01840933,7.08785725,4838400
2019-02-20,7.10258803,7.10258803,6.85005141,6.85426044,3812400
2019-02-21,6.90687371,6.98473891,6.7174714,6.75535154,2273200
2019-02-22,6.94475261,7.01840876,6.74272364,6.87951374,5758800
2019-02-25,6.96790203,6.97632011,6.73009664,6.84163332,2549200
2019-02-26,6.87109595,6.90687156,6.75955847,6.84794664,2338400
2019-02-27,6.8879322,7.3509159,6.81848509,7.20781183,4956400
2019-02-28,7.20570842,7.20781254,7.03945503,7.12363338,1903200
2019-03-01,7.20570843,7.20570843,7.03524601,7.13626051,3990400
2019-03-06,7.15730461,7.16993172,6.90266384,7.02472353,2231200
2019-03-07,7.08364752,7.09206559,6.85215609,6.91318512,7831200
2019-03-08,6.83952798,6.91528904,6.74272255,6.88161755,4352000
2019-03-11,6.90266311,6.93843953,6.75535001,6.93212557,4714000
2019-03-12,7.14467768,7.14467768,6.99315555,7.04997635,2828400
2019-03-13,7.04997801,7.13836541,6.96790377,7.1257391,6017200
2019-03-14,7.20570813,7.20781225,7.13205117,7.15520048,1247600
2019-03-15,7.20781144,7.44351191,7.15099064,7.4077363,11000800
2019-03-18,7.47086973,7.61818282,7.38037745,7.6160779,4301200
2019-03-19,7.61397539,7.70657182,7.53400528,7.63501978,2468400
2019-03-20,7.63922751,7.6497497,7.54873521,7.60555601,3499600
2019-03-21,7.61607763,7.61607763,7.25831833,7.42246675,2988000
2019-03-22,7.46666115,7.46666115,7.30672175,7.35512447,3366000
2019-03-25,7.57188516,7.6097657,7.20991596,7.35091591,4646800
2019-03-26,7.44351311,7.62870677,7.40142353,7.62660265,5451600
2019-03-27,7.6118701,7.6118701,7.15309623,7.17624474,5873600
2019-03-28,7.12363267,7.19728963,6.97842449,7.19518471,4410800
2019-03-29,7.36564877,7.58451395,7.28778356,7.54873753,3119200
2019-04-01,7.62870581,7.66027319,7.58661624,7.62239265,2619600
2019-04-02,7.65395731,7.65816635,7.53189847,7.61818171,3737600
2019-04-03,7.64975066,7.92122757,7.62870628,7.74866104,5373200
2019-04-04,7.71919745,8.31265804,7.70867526,8.102211,11907200
2019-04-05,8.12115238,8.12115238,7.94016778,7.9654212,2560400
2019-04-08,7.99698925,8.00119828,7.86651228,7.99278021,2658000
2019-04-09,7.9948841,8.02855559,7.769705,7.79285431,2029200
2019-04-10,7.95489903,7.99698861,7.92543657,7.99488449,6130400
2019-04-11,7.99698974,7.99698974,7.81811003,7.84967661,4129200
2019-04-12,7.83915408,7.93385543,7.66869164,7.83284092,1970000
2019-04-15,7.89176659,7.99699014,7.89176659,7.93175125,4575600
2019-04-16,7.93174918,7.98436095,7.81810838,7.9338541,2214000
2019-04-17,7.91070455,7.98856974,7.78654076,7.98856974,10189200
2019-04-18,7.99488369,8.02855519,7.93385386,7.98856974,7932000
2019-04-22,7.99488323,7.99698734,7.89176383,7.99698734,3712400
2019-04-23,7.99698803,8.30424054,7.9822568,8.30213642,16202000
2019-04-24,8.49364246,8.49364246,8.2916135,8.34843349,6677600
2019-04-25,8.34843466,8.39683819,8.1842862,8.39683819,7011600
2019-04-26,8.375794,8.52310713,8.34633154,8.44524193,7787600
2019-04-29,8.44524078,8.57571773,8.41788244,8.54415035,8155200
2019-04-30,8.54415132,8.72303182,8.48312227,8.70830059,9876000
2019-05-02,8.687254,8.69567207,8.58623951,8.5967617,5460000
2019-05-03,8.59886734,8.63674788,8.53362846,8.53362846,9340400
2019-05-06,8.51047766,8.60517899,8.40525415,8.48101521,10201200
2019-05-07,8.43261545,8.53573488,8.3168697,8.4389286,11024800
2019-05-08,8.41998684,8.49995696,8.34422657,8.38631535,4748000
2019-05-09,8.43892766,8.51468874,8.24110769,8.44734573,5185600
2019-05-10,8.46839143,8.87876262,8.44734624,8.78616619,10661200
2019-05-13,8.75459881,8.80089742,8.67252457,8.78616619,10695600
2019-05-14,8.8598241,8.92295889,8.37158681,8.58413887,10892000
2019-05-15,8.56309305,8.56309305,8.32528838,8.41788483,6560800
2019-05-16,8.44524077,8.63464265,8.28740548,8.40525532,9854800
2019-05-17,8.41577844,8.48943459,8.106421,8.24952507,6496800
2019-05-20,8.34001774,8.36316704,8.16955532,8.28740597,6123600
2019-05-21,8.32949654,8.98609126,8.30424231,8.9566288,8733600
2019-05-22,8.9608357,9.28281943,8.85561218,9.1544466,7155600
2019-05-23,9.21758052,9.41960949,9.09131261,9.25335693,6478000
2019-05-24,9.34384916,9.34384916,9.12287912,9.19653606,5696800
2019-05-27,9.1544485,9.40698517,8.98398607,9.30176163,8804400
2019-05-28,9.38804554,9.38804554,8.82825627,9.13340473,21354800
2019-05-29,9.47011782,9.84050429,9.44907343,9.68056488,16496800
2019-05-30,9.70160853,10.16669711,9.67635511,10.10356236,10587200
2019-05-31,10.05095349,10.1288195,9.72265652,9.83419323,11947600
2019-06-03,9.96256222,9.96887537,9.61953334,9.82577133,5444800
2019-06-04,9.78789413,9.91205795,9.58376099,9.82998371,6495200
2019-06-05,9.91626431,9.95204073,9.4111919,9.50168419,6954000
2019-06-06,9.54587924,10.12881773,9.48064036,9.85734081,5936800
2019-06-07,10.14565271,10.26350335,10.06778752,10.22772694,5213200
2019-06-10,10.2487723,10.2487723,9.94362389,9.96466827,7498800
2019-06-11,10.01728066,10.10145981,9.84892316,9.95204258,7390400
2019-06-12,10.05936926,10.17932402,9.90995205,9.94362354,21149600
2019-06-13,10.01728013,10.0256982,9.71213252,9.90784836,23034400
2019-06-14,9.97098254,9.97098254,9.72686397,9.81525135,9522000
2019-06-17,9.7668481,10.20668249,9.7668481,10.0488472,16098000
2019-06-18,10.10145733,10.38976953,9.96677136,10.2592926,14690800
2019-06-19,10.34347465,10.45501135,10.24035523,10.4381752,10118400
2019-06-21,10.5223531,10.67597936,10.35609973,10.59600925,15004000
2019-06-24,10.5244574,10.63599489,10.40871168,10.48026371,5181200
2019-06-25,10.51603893,10.54971042,10.307696,10.41712856,6118800
2019-06-26,10.54339828,10.54339828,10.22562354,10.31190681,8372400
2019-06-27,10.31190645,10.44869736,10.14775799,10.40450287,4853600
2019-06-28,10.45922051,10.70754814,10.33295178,10.70754814,46755600
2019-07-01,10.9011584,10.9011584,10.41081713,10.53287601,6077200
2019-07-02,10.61494929,10.65493475,10.50130849,10.54129314,5356800
2019-07-03,10.5433978,10.73280048,10.33505565,10.73280048,8127600
2019-07-04,10.73279921,11.25049874,10.73279921,11.10318565,5350000
2019-07-05,11.16211222,11.97022896,11.04847061,11.80818462,10066400
2019-07-08,11.7555727,12.18698901,11.71769217,11.94076633,10584400
2019-07-10,11.99548388,12.07966304,11.70296256,11.8523798,10109600
2019-07-11,11.85448406,12.45215298,11.85448406,12.25012398,15428400
2019-07-12,12.20382404,12.32167387,12.03757069,12.20382404,5787200
2019-07-15,12.20592902,12.30694351,12.06072084,12.12174988,7299200
2019-07-16,12.06913709,12.36586738,11.99968999,12.3111515,7232800
2019-07-17,12.41637726,12.41637726,12.23328853,12.30904961,6776400
2019-07-18,12.3111536,12.36376536,11.96812465,12.19540787,8235200
2019-07-19,12.14068908,12.2353904,11.90288451,12.04177952,7233200
2019-07-22,11.97232993,12.18067282,11.85868835,11.85868835,7728800
2019-07-23,11.86921555,11.99127444,11.62930521,11.78293228,4861200
2019-07-24,11.7850352,11.88815461,11.65876729,11.71137905,2981600
2019-07-25,11.71137934,11.78082645,11.44411148,11.55354404,4624400
2019-07-26,11.59563208,11.62719946,11.41254337,11.59984112,7388800
2019-07-29,11.62719944,11.84606457,11.48620031,11.84606457,5154400
2019-07-30,11.8544831,12.60367411,11.8544831,12.48792839,9878000
2019-07-31,12.56158465,13.03298641,12.3637647,12.57631588,12655200
2019-08-01,12.58473464,13.54226865,12.58473464,12.90671921,15182000
2019-08-02,13.25184967,13.33181896,12.75308963,13.02667141,7515200
2019-08-05,12.96143513,12.96143513,12.50055634,12.52160072,6516000
2019-08-06,12.66891349,13.42020945,12.66891349,13.178195,10607600
2019-08-07,13.2792089,13.48965596,12.94249393,13.3465519,11150000
2019-08-08,13.50859705,13.79690849,13.2771048,13.62434196,5738800
2019-08-09,13.83182103,13.95311539,13.38281871,13.67222309,3776400
2019-08-12,13.61902344,13.65094335,13.04872677,13.29982758,9730800
2019-08-13,14.04462026,14.24677702,13.56157034,13.63179302,13035600
2019-08-14,13.61902605,13.7871361,13.18917544,13.27216625,9528400
2019-08-15,13.28067679,13.70627212,12.99978448,13.19342995,9853200
2019-08-16,13.27641841,13.60838236,12.87210418,13.07638931,9343200
2019-08-19,13.29982745,13.78287647,13.2317324,13.5764637,9868400
2019-08-20,13.61689839,13.95950133,13.04234557,13.93822193,7742800
2019-08-21,14.00418646,14.45744564,13.99141914,14.12760925,7322000
2019-08-22,14.25741564,14.5638442,14.17868007,14.29997444,11722800
2019-08-23,12.71463464,13.1083092,11.8315258,11.8315258,56884800
2019-08-26,12.46991863,12.6210053,8.51189007,9.7078104,86392000
2019-08-27,10.68455007,11.66554556,10.0248789,11.4527483,49428800
2019-08-28,11.63362376,11.69746358,11.06545557,11.23994923,11869200
2019-08-29,11.53786811,12.46991956,11.20377647,11.9187746,29396000
2019-08-30,12.2571226,12.39544116,12.02517354,12.14008427,10026400
2019-09-02,12.23584069,12.68271454,12.21456129,12.51247692,9079600
2019-09-03,12.51247908,12.51460751,11.8549355,11.98048592,9803600
2019-09-04,12.050708,12.13157037,11.56552974,11.86131859,12059600
2019-09-05,11.9272838,12.1911527,11.57616888,11.65915966,8454000
2019-09-06,11.4910517,11.68044112,11.19526364,11.29953384,11747600
2019-09-09,11.29740718,11.35699016,10.50580107,10.75903034,18168400
2019-09-10,10.74626197,10.9037323,10.49090508,10.9037323,13550400
2019-09-11,11.11865693,11.48254005,11.11440088,11.39316559,7500400
2019-09-12,11.61660115,11.81663026,11.28250955,11.6846962,11838400
2019-09-13,11.8357848,11.94431187,11.61447624,11.7017231,8963200
2019-09-16,11.7102323,11.85067845,11.51233079,11.59106636,6492000
2019-09-17,11.59319369,11.81024698,11.49743477,11.79960728,6304000
2019-09-18,11.70384903,12.09326839,11.70384903,12.09326839,6202400
2019-09-19,12.12944268,12.48906972,12.02942772,12.33372784,14179200
2019-09-20,12.33585648,12.40395153,12.10177902,12.22945786,4593600
2019-09-23,12.19115648,12.19115648,11.95707899,12.12944508,5270400
2019-09-24,12.18264542,12.18264542,11.96133604,12.10816669,3006800
2019-09-25,12.14859602,12.19541168,11.6825703,12.19541168,6686400
2019-09-26,12.19328339,12.45715237,12.11029259,12.45715237,8463200
2019-09-27,12.47417451,12.47417451,12.19966668,12.36564827,5270000
2019-09-30,12.34224165,12.5529113,12.32096224,12.45715237,4834800
2019-10-01,12.44863895,12.49758221,12.1741303,12.29968071,3885200
2019-10-02,12.13582761,12.19966744,11.83791193,11.97622967,5079600
2019-10-03,11.91877532,12.00389456,10.76754207,11.52297306,23646800
2019-10-04,11.52297216,11.80386448,10.9611867,11.02928257,19309600
2019-10-07,11.02289899,11.09737853,10.76967052,10.77179813,12356400
2019-10-08,10.8484046,11.09524939,10.63135129,10.94841957,7935200
2019-10-09,11.11652694,11.19526168,10.77817933,11.10375881,5549600
2019-10-10,11.02715641,11.5314858,10.99310887,11.42721558,8820400
2019-10-11,11.49105363,11.68257151,11.39103864,11.66341972,6365200
2019-10-14,11.6932084,11.88472543,11.51445869,11.85918999,4174000
2019-10-15,11.88472689,12.26989024,11.75492125,12.04219723,4703200
2019-10-16,12.06347642,12.38267231,11.97197353,12.38267231,4034000
2019-10-17,12.3528806,12.51247854,12.34436851,12.41884804,2686800
2019-10-18,12.34011083,12.49970874,12.19753627,12.38479805,3526400
2019-10-21,12.3422404,12.47630289,12.21668999,12.47204685,2964800
2019-10-22,12.5337571,12.61674789,12.40182223,12.51034927,4074800
2019-10-23,12.56780707,13.24237402,12.49119992,13.08277607,8592800
2019-10-24,13.11895184,13.69776067,13.10831133,13.6615839,10811200
2019-10-25,13.7679812,14.09994601,13.51475277,13.67222309,5451200
2019-10-28,13.83182337,13.83182337,13.59561826,13.6807375,3134400
2019-10-29,13.64243356,13.73819168,13.43814837,13.52326679,3712400
2019-10-30,13.61689748,13.68499173,13.41473992,13.63604927,4498800
2019-10-31,13.70414756,13.92545696,13.55306085,13.90630436,2920000
2019-11-01,13.97652221,14.19783152,13.79138803,13.99567318,6344800
2019-11-04,14.12760917,14.25741562,13.79990121,14.03823471,4722800
2019-11-05,14.32125711,14.46595932,14.05100367,14.33402443,12648000
2019-11-06,14.31061436,14.41488455,13.89140354,14.11271286,5029600
2019-11-07,14.21698128,14.25741327,14.07440754,14.22123814,2470800
2019-11-08,14.10845856,14.52128413,13.97439525,14.4553175,4245200
2019-11-11,14.31912943,14.36807189,14.1127158,14.28720951,4936000
2019-11-12,14.14037804,14.30210442,13.9914206,14.15953064,4128000
2019-11-13,14.05951437,14.21911231,13.64030353,13.70201492,4842800
2019-11-14,13.97226879,14.25528791,13.84246233,14.20847225,2225600
2019-11-18,14.36594199,14.52553992,14.21059929,14.24039078,4396800
2019-11-19,14.25741471,14.59788996,14.14676087,14.57661057,6399600
2019-11-21,14.6404522,15.04263889,14.5383088,14.94049549,9833600
2019-11-22,15.25756554,15.25756554,15.01284994,15.08094501,2395600
2019-11-25,15.25117663,15.3107596,14.81068645,14.88090992,4185600
2019-11-26,14.89580489,14.89580489,14.09781534,14.32763672,9953200
2019-11-27,14.57448214,14.62555464,14.27869411,14.57661057,3880800
2019-11-28,14.53405235,14.70428917,14.41275799,14.58725166,1890800
2019-11-29,14.57661167,14.85324875,14.57661167,14.79579258,3236800
2019-12-02,14.89580704,15.07668437,14.6425778,14.69790554,3670000
2019-12-03,14.68300925,14.7106723,14.42765321,14.58086586,3768800
2019-12-04,14.57661006,14.90857321,14.44893205,14.88729382,3189600
2019-12-05,15.09796276,15.2064898,14.97028475,15.02135563,4848800
2019-12-06,15.2150045,15.82998847,15.1128611,15.7193346,7085600
2019-12-09,15.95979232,16.48540174,15.95979232,16.33005905,10623200
2019-12-10,16.36410942,16.36836465,15.58314388,15.77466011,7726800
2019-12-11,15.91723416,16.15556603,15.42992828,15.50866222,16225600
2019-12-12,15.75551008,15.94489952,15.64485459,15.90021229,5041600
2019-12-13,15.90659369,15.94915249,15.64272557,15.89595318,4260800
2019-12-16,15.9576651,16.07683266,15.77465933,15.92787361,4444000
2019-12-17,15.89169899,16.04278484,15.55760736,15.95979404,3496000
2019-12-18,16.04491397,16.04491397,15.62144787,15.86829185,12712400
2019-12-19,15.95979466,16.42369276,15.80232514,16.16620827,13716000
2019-12-20,16.2491952,16.33644121,16.01299016,16.08108521,2324400
2019-12-23,16.07470544,16.25983965,15.68315763,15.78317261,7251600
2019-12-26,15.92787555,16.24707146,15.86403734,16.09811401,1709200
2019-12-27,16.06618818,16.13641165,15.69804832,15.90446186,3937200
2019-12-30,16.17045988,16.32580257,15.96404633,16.0874691,3013600
2020-01-02,16.20451593,16.3832649,16.132164,16.132164,4561600
2020-01-03,16.14705234,16.21514738,16.05767789,16.17897224,3106400
2020-01-06,16.24707005,16.36410919,16.08747211,16.15556717,5387600
2020-01-07,16.01619794,16.24147502,15.69437213,16.22002029,5153600
2020-01-08,16.17711199,16.19856671,15.86815867,16.07627296,3032800
2020-01-09,16.13420233,16.1921319,15.98830788,16.18569565,1997200
2020-01-10,16.30584118,16.77785172,16.22431257,16.41311646,8156000
2020-01-13,16.3916638,16.60621437,16.34446241,16.45602798,3187600
2020-01-14,16.37664509,16.408828,16.12562132,16.14278412,2672400
2020-01-15,16.09344062,16.18140551,15.7909235,16.00547409,2621600
2020-01-16,16.05053077,16.17711648,15.72656052,15.80165291,1914000
2020-01-17,16.0805645,16.44530145,15.94325227,16.44100952,2201600
2020-01-20,16.45602591,16.53755616,16.35947882,16.41311646,2516800
2020-01-21,16.47104729,16.52039464,16.22645976,16.49464798,4578800
2020-01-22,16.60621469,16.60621469,16.09129299,16.28867912,5449600
2020-01-23,16.75639872,16.82076454,16.55043037,16.82076454,4369600
2020-01-24,16.82076926,16.92804458,16.4710507,16.76927757,6091600
2020-01-27,16.41311658,16.48177269,16.0161984,16.09558105,3604000
2020-01-28,15.87244661,16.3058379,15.87244661,16.13848877,2455600
2020-01-29,16.15565765,16.31442461,15.91965073,16.17925835,1755200
2020-01-30,16.06554707,16.06554707,15.57851796,15.84885216,5172400
2020-01-31,15.90677946,16.20929656,15.79092196,15.93467045,7131200
2020-02-03,16.28438573,16.28438573,15.94754146,16.1942749,2576000
2020-02-04,16.30369235,16.39165884,16.02906797,16.08914185,3996800
2020-02-05,16.3873727,16.91731289,16.33373505,16.82505608,6608800
2020-02-06,16.92804095,16.92804095,16.49035757,16.73709106,4800000
2020-02-07,16.77785446,16.92804084,16.48392121,16.52683067,3114400
2020-02-10,16.61265018,16.61265018,15.7093925,15.7694664,3029200
2020-02-11,15.83812587,16.46890518,15.77805196,16.35733795,6569600
2020-02-12,16.38522709,16.92803975,16.31657097,16.92589378,3970000
2020-02-13,16.94949599,17.55023827,16.69203594,17.51376343,7171200
2020-02-14,17.47514024,17.47514024,16.3380234,16.59977531,9967200
2020-02-17,16.73494284,16.89800172,16.41311702,16.55901146,4422000
2020-02-18,16.4967919,16.4967919,15.87459497,16.00118065,7575200
2020-02-19,15.98401331,16.08056039,15.48196589,15.73727989,14736800
2020-02-20,16.1127452,16.1127452,15.34250955,15.81237411,9563600
2020-02-21,15.44764071,15.87459588,15.21163541,15.451931,5365600
2020-02-26,14.57656419,14.70744015,14.14102685,14.19680882,9118000
2020-02-27,14.16033898,14.62805933,13.77843919,14.37274361,13316800
2020-02-28,13.94578908,14.24186832,13.34719271,14.11957455,11878800
2020-03-02,14.22255537,14.82115156,13.83850971,14.20539093,15676400
2020-03-03,14.28262902,14.67096497,13.75268894,13.80203629,11179200
2020-03-04,13.96724171,14.39205256,13.78487406,14.15175533,7449200
2020-03-05,13.92433085,14.12386293,13.10474783,13.17125797,5967600
2020-03-06,12.04272307,12.65848295,11.69300544,12.12210655,20900400
2020-03-09,10.72753007,11.18237712,10.16326176,10.29628372,34585600
2020-03-10,10.87771411,11.06008177,10.25122602,10.7575655,20469600
2020-03-11,10.47650559,10.9270615,9.20422054,9.52819157,15111600
2020-03-12,8.14648513,8.33528904,6.70470509,6.96860218,36663200
2020-03-13,8.73220732,9.01112286,6.9771838,8.91242981,56032400
2020-03-16,7.50926915,8.16793926,7.18958847,7.57363415,18620800
2020-03-17,7.89545956,7.90618692,7.10805949,7.50926876,29586800
2020-03-18,6.97289255,7.11020476,5.53540376,6.86561728,30899200
2020-03-19,6.43651792,7.31188476,5.79501169,7.09089708,25897200
2020-03-20,7.2947202,7.45777829,6.11683749,6.50302839,21924000
2020-03-23,6.43651692,6.52233707,5.47747605,5.60191536,27881600
2020-03-24,6.22196635,6.99434805,6.22196635,6.99434805,19240400
2020-03-25,6.97289289,8.09928328,6.61888456,7.33977413,25874000
2020-03-26,7.50927085,8.6678444,7.25180997,7.98771858,31328000
2020-03-27,7.50927022,8.13146723,7.36337577,7.80964136,17134800
2020-03-30,7.85255001,8.34172583,7.5435975,7.74098444,12672800
2020-03-31,7.74098403,7.80964014,6.98576602,7.21748018,11229600
2020-04-01,6.86561788,6.86561788,6.32924148,6.43651676,34938400
2020-04-02,6.55666535,6.84630871,6.43651715,6.84630871,16604400
2020-04-03,6.74117863,6.97074807,6.35069667,6.93212891,16414800
2020-04-06,7.40199519,7.98557305,7.40199519,7.55218077,16184000
2020-04-07,8.47474834,8.62707906,7.98986436,8.08641148,18506800
2020-04-08,8.21084744,8.68285869,8.02418874,8.62063885,11466400
2020-04-09,8.68715465,9.054036,8.62064366,8.95748806,12677200
2020-04-13,8.95748602,8.95748602,8.46187392,8.63566017,10154000
2020-04-14,8.71289943,9.07763559,8.68071651,8.68071651,10795600
2020-04-15,8.36747169,8.84806529,8.26019641,8.57773113,30627600
2020-04-16,8.81373749,8.86952028,8.44471026,8.50049305,9143600
2020-04-17,8.8051546,8.83519155,8.54554864,8.75366211,8145600
2020-04-20,8.53696746,8.95748639,8.44471065,8.54983997,8877600
2020-04-22,8.56056737,9.11625333,8.41038182,9.05188751,12567600
2020-04-23,9.22567315,9.45738813,8.66569612,8.71075153,15106800
2020-04-24,8.58202233,8.73435303,7.2518087,8.01346302,27108400
2020-04-27,8.2601972,8.65282515,7.9126255,8.61635113,18400800
2020-04-28,8.85879164,9.46596922,8.84162721,9.39731312,17498000
2020-04-29,9.68695762,9.83285206,9.29432972,9.38444138,13892800
2020-04-30,9.07548913,9.22567469,8.7193352,8.9703598,13810000
2020-05-04,8.70860508,8.968211,8.58202025,8.84162617,9897200
2020-05-05,8.96821369,9.15487246,8.68715297,8.85879326,4711200
2020-05-06,8.91243102,8.95748645,8.47474766,8.47474766,10252000
2020-05-07,8.61635167,8.61849681,7.98342726,8.00488281,19790400
2020-05-08,8.04779107,8.2408869,7.83538647,8.02848148,18061600
2020-05-11,7.9598257,8.3309989,7.84182305,7.95553541,9950400
2020-05-12,8.28165141,8.47903835,7.77531276,7.82895041,15657200
2020-05-13,7.98128123,8.06495582,7.73025664,8.0563736,9028000
2020-05-14,7.93837252,8.17866898,7.74527665,8.17866898,13520800
2020-05-15,8.11001083,8.32670735,7.79676722,8.02204514,12273200
2020-05-18,8.26019513,8.78369811,8.15291986,8.73864269,12950400
2020-05-19,8.68929715,9.0604695,8.5670034,8.90384769,20478000
2020-05-20,8.96821276,9.28360233,8.83090054,9.21923733,15886000
2020-05-21,9.27072832,10.09245725,9.07119626,10.08172989,24621200
2020-05-22,9.90150949,10.06242243,9.69983143,9.88434505,14373200
2020-05-25,10.40570148,10.85411215,10.09889413,10.71465397,11160400
2020-05-26,10.94422384,11.16735662,10.55803299,10.55803299,15676000
2020-05-27,10.73182019,10.92277008,10.64599963,10.91847897,15892000
2020-05-28,10.72537932,10.8347997,10.54086576,10.63955879,11788400
2020-05-29,10.67388817,10.67388817,10.13751188,10.47864723,18732800
2020-06-01,10.47864992,10.82193051,10.33919172,10.7575655,9743200
2020-06-02,10.78974869,11.86679268,10.7704391,11.86679268,19973600
2020-06-03,12.31305761,13.27424411,12.18647274,12.76575947,35992000
2020-06-04,12.60270098,13.1948602,12.28087512,12.92667198,16854800
2020-06-05,13.35577446,13.65399965,12.78292476,12.92452812,27721200
2020-06-08,12.9502709,14.4328143,12.9502709,14.16462612,24401600
2020-06-09,13.83636664,14.69671493,13.57676063,14.07022762,16740400
2020-06-10,14.26761319,14.37488848,13.4094109,13.59392452,21276800
2020-06-12,13.25278807,13.62396043,13.02321903,13.5188303,15121200
2020-06-15,13.08758495,13.32788137,12.7700502,13.04682064,15790000
2020-06-16,13.48450249,13.92862209,13.37079096,13.49523067,11170000
2020-06-17,13.51668686,14.25688573,13.51668686,13.68618202,12444000
2020-06-18,13.72050642,14.9756275,13.52526547,14.85762405,18649200
2020-06-19,15.07432569,15.44764328,14.63664227,15.44764328,33691600
2020-06-22,15.34036597,16.70705371,15.13010569,16.30369759,30803600
2020-06-23,16.75639511,17.550233,16.56329931,16.83363342,30649200
2020-06-24,16.73279842,17.16189955,16.00976405,16.45602798,17316800
2020-06-25,16.52039806,17.03531989,16.12347974,16.49894333,12708000
2020-06-26,16.35089788,16.68774219,15.42618549,15.5913887,19133200
2020-06-29,16.09129133,16.25649453,15.81237496,16.24147606,16090800
2020-06-30,16.1771111,16.82076272,15.93895986,16.56330109,21161600
2020-07-01,16.84221843,17.05676899,16.25435037,16.3916626,15050400
2020-07-02,16.70276183,17.25415674,16.57188585,16.94949532,16826400
2020-07-03,16.90444131,17.18979399,16.7842935,17.058918,8247200
2020-07-06,17.41078075,17.58671217,17.04818973,17.16404724,14847200
2020-07-07,17.09538616,17.63390844,16.84221647,17.36786461,11095200
2020-07-08,17.55238237,18.23679924,17.5330736,18.23679924,12497200
2020-07-09,18.24538068,18.46851347,17.76478786,17.77766037,12393200
2020-07-10,17.9042439,18.32261848,17.64892984,18.32261848,12845600
2020-07-13,18.45134896,18.68735426,18.14883187,18.22821617,11094000
2020-07-14,18.21534431,18.49425908,17.55881843,17.89351845,14524000
2020-07-15,18.16814243,18.38698329,17.98577477,18.01795769,8804800
2020-07-16,18.02009945,19.0499427,17.87206069,18.45778275,21816000
2020-07-17,18.66375326,19.10143661,18.46422117,19.10143661,16276800
2020-07-20,19.69359748,19.98538639,19.04779979,19.84592819,16507600
2020-07-21,20.0540361,20.14629289,18.98771983,19.15936089,17562800
2020-07-22,19.30740792,19.35246335,18.7216857,19.13791275,12290800
2020-07-23,19.22202131,20.11832938,18.79006578,18.87645721,21160800
2020-07-24,18.99956749,18.99956749,17.97583317,18.66048241,20437600
2020-07-27,19.00172771,19.39696583,18.62808539,18.94341278,14638400
2020-07-28,18.85486318,19.09027819,18.25876397,18.30411911,13723200
2020-07-29,18.3581086,19.02116022,17.64970185,18.96932602,20789200
2020-07-30,18.61296173,18.98012323,18.31923187,18.75982666,13160400
2020-07-31,19.00172518,19.1140329,18.27171926,18.66479874,18884800
2020-08-03,19.00604537,19.63238129,18.68207869,19.3840065,18018800
2020-08-04,19.21986191,19.4855153,18.5568102,18.83326149,14933200
2020-08-05,19.00388497,19.286817,18.75983067,19.04924011,8688400
2020-08-06,19.14211054,19.36024857,18.863499,19.36024857,11630000
2020-08-07,19.22418478,19.33433227,18.57625136,19.03628349,13504800
2020-08-10,19.05139992,19.59782344,18.71231487,19.10539436,12873200
2020-08-11,19.5999855,19.83972099,18.76847129,18.85702133,20137600
2020-08-12,19.00604662,19.20258721,18.32571621,18.50497818,13930000
2020-08-13,18.86565827,18.93693133,18.26308008,18.4574604,12511200
2020-08-14,18.5740884,18.63024308,17.67994055,17.83976364,15860800
2020-08-17,17.84192432,17.84192432,16.74259658,17.06224442,18202800
2020-08-18,17.4531625,18.47473804,17.31061803,18.44882011,18394400
2020-08-19,18.38834527,18.48769483,18.03846072,18.11621284,9830800
2020-08-20,17.58059142,18.04062349,17.56979187,17.95639229,14440800
2020-08-21,17.88296038,17.92615527,17.51579717,17.8462429,8432400
2020-08-24,18.06654274,18.16373209,17.80088933,18.04710388,7979200
2020-08-25,17.9261555,18.20692727,17.42508712,17.50067902,11905200
2020-08-26,17.52659852,17.9175178,16.87434465,17.41860962,14514000
2020-08-27,17.49419719,17.88295779,17.23718315,17.87863731,11631600
2020-08-28,17.88296127,18.02550575,17.69289977,17.88296127,7070000
2020-08-31,17.73177458,17.81816602,17.38621048,17.48124123,8783200
2020-09-01,17.3019835,18.11190033,17.3019835,18.11190033,19070800
2020-09-02,18.14213617,18.28036184,17.63458865,17.94775581,10316400
2020-09-03,17.98014706,18.23068203,17.32573476,17.59570694,24953200
2020-09-04,17.69505954,17.8937587,16.75339629,17.31061935,18577200
2020-09-08,16.87866298,17.09032027,16.67132452,16.85274506,14116000
2020-09-09,17.06224984,17.68642568,17.00825538,17.63891029,13013600
2020-09-10,17.53955475,17.6453834,17.05144452,17.09032059,9204000
2020-09-11,17.1702327,17.28470065,16.74259599,16.87002373,10090000
2020-09-14,17.11407847,17.67130153,17.1075994,17.59786987,13684400
2020-09-15,17.79225129,17.85272646,17.15727766,17.25446701,13528800
2020-09-16,17.25446535,17.59787089,17.12055853,17.27822304,12065600
2020-09-17,17.09464516,17.31494182,16.99313532,17.21775246,7282000
2020-09-18,17.06224758,17.22423094,16.39703551,16.42511368,17362000
2020-09-21,15.98235504,16.15513792,15.55471833,15.68214607,22798800
2020-09-22,15.76637732,16.17673542,15.28906665,15.80957222,20459200
2020-09-23,15.87652527,16.17241374,15.67134541,15.79445267,15655200
2020-09-24,15.86140831,16.15297798,15.68646519,15.99747372,15671600
2020-09-25,15.91756546,16.04715347,15.65839272,16.04715347,8163200
2020-09-28,16.24152956,16.62813001,15.60007689,15.61519527,20111600
2020-09-29,15.61519669,15.83117451,15.26963087,15.29986763,11562800
2020-09-30,15.45104983,15.82037162,15.45104983,15.73398018,11601200
2020-10-01,15.66055081,16.10546455,15.52880422,16.09250641,9084800
2020-10-02,15.96075989,16.30200522,15.46833077,15.56768036,11742000
2020-10-05,15.63463368,16.13138331,15.59359737,16.04931068,7146000
2020-10-06,16.12706234,16.265288,15.78149818,16.00179482,11218400
2020-10-07,15.97803272,16.10977762,15.55255634,15.69510078,11106400
2020-10-08,15.7642188,15.96075938,15.49424655,15.88948631,15198000
2020-10-09,15.80093578,16.18321574,15.65838965,15.75557899,7394400
2020-10-13,15.87436574,15.90676273,15.44457045,15.49640465,10578800
2020-10-14,15.54608047,16.2415275,15.4985651,16.11410141,15718000
2020-10-15,15.90244657,16.03203458,15.64975291,15.99099827,9010000
2020-10-16,15.87652506,15.95211695,15.56335633,15.62382984,8584800
2020-10-19,15.69078765,16.66916683,15.65839065,16.15081978,11722800
2020-10-20,16.37111388,17.11191761,16.36031433,17.01472664,14390000
2020-10-21,17.1270379,17.472602,16.81818962,17.45316315,12026000
2020-10-22,17.51579466,17.64106215,17.26094086,17.30197716,10769600
2020-10-23,17.38405209,17.60002989,17.09464264,17.18103409,11918000
2020-10-26,17.38621322,17.40349184,16.61517253,16.98233414,11431200
2020-10-27,17.27822701,17.28686633,16.70156658,16.7534008,10478800
2020-10-28,16.28904328,16.33655866,15.59575483,15.68862534,13748400
2020-10-29,15.5504031,16.37111948,14.96078293,16.27608871,25014400
2020-10-30,15.98235461,15.98235461,15.34522086,15.57415676,14274800
2020-11-03,15.98019431,16.03418875,15.37113708,15.39273453,7802800
2020-11-04,15.7663786,16.32792052,15.64759016,16.22857094,8816400
2020-11-05,16.5741356,17.23718737,16.5741356,16.94561768,13918400
2020-11-06,16.61085161,17.25446446,16.53957855,17.13135719,9518800
2020-11-09,17.81816509,18.05358006,16.84842542,17.00608826,16642800
2020-11-10,16.95210028,17.03849175,16.41431592,16.47694969,16906400
2020-11-11,16.4035128,17.34733636,16.37543628,17.32573891,18346000
2020-11-12,17.20047223,17.54603639,16.93913928,17.17239571,14793200
2020-11-13,17.49203928,17.55683327,17.01040977,17.55683327,8276400
2020-11-16,17.68210052,17.89375781,17.40780783,17.53307533,9494800
2020-11-17,17.47260024,18.01686344,17.46180069,17.92615318,11006400
2020-11-18,18.00390609,18.12053428,17.47691984,17.92831421,7876400
2020-11-19,17.77496981,17.98230826,17.55899206,17.67346001,5838000
2020-11-23,17.58275311,17.6821027,17.03416931,17.18751335,7779600
2020-11-24,17.19399481,17.36461749,16.96937768,17.23503113,6895200
2020-11-25,17.15295557,17.56763253,17.04712691,17.40564919,7904800
2020-11-26,17.44668501,17.44668501,17.13783672,17.33437729,2791600
2020-11-27,17.59355081,17.81384908,17.44020677,17.46396446,4936400
2020-11-30,17.38621628,17.40565349,16.8959473,17.02553368,10452400
2020-12-01,17.23286756,17.86784278,16.91537996,17.67562103,12815600
2020-12-02,17.48340072,17.81384811,16.89594254,17.01688957,11318800
2020-12-03,17.38189361,18.69071852,17.19831117,18.64752197,19929200
2020-12-04,18.22852544,18.32571479,17.66050281,17.72745705,7406000
2020-12-07,17.90672151,18.02766856,17.73825743,17.83328819,4584400
2020-12-08,17.60218804,18.13349315,17.49635939,17.82680511,4519200
2020-12-09,17.80304994,17.89376022,17.3257392,17.36677551,7395600
2020-12-10,17.20263186,17.53091739,16.85274724,17.45964432,8482000
2020-12-11,17.12487588,17.6864177,17.10543703,17.64322281,7920400
2020-12-14,17.57843555,18.45314643,17.52876157,18.39699173,9296400
2020-12-15,18.59137231,19.24362465,18.59137231,19.1075592,12695200
2020-12-16,19.11402922,19.92178548,18.97148313,19.64533424,14386800
2020-12-17,19.61509948,20.07297291,19.61509948,19.85915375,8458400
2020-12-18,19.77708441,19.84835747,19.37320539,19.4660759,6169200
2020-12-21,18.91749355,19.65397859,18.68639738,19.59134483,6838000
2020-12-22,19.76196398,20.18528017,19.66045417,20.07081223,6196400
2020-12-23,20.2479182,20.51357162,20.00818272,20.10105324,4243200
2020-12-28,20.0448995,20.69067432,20.0341016,20.5654068,7931600
2020-12-29,20.62587699,20.74682402,20.30191034,20.61291885,5737200
2020-12-30,20.62587646,20.79865933,20.26303375,20.28247261,4409600
2021-01-04,20.51788541,20.62587428,19.86995219,20.10320854,5809600
2021-01-05,19.65397763,19.95634685,19.22418232,19.95202637,9233600
2021-01-06,19.63021896,19.73388901,18.82894165,19.30841255,13171200
2021-01-07,18.94359764,19.55257735,18.8674756,19.43078041,7985200
2021-01-08,19.7896425,20.2268029,19.74396927,20.04628372,7444400
2021-01-11,19.71787039,20.08543158,19.53300044,19.57649994,4947600
2021-01-12,19.44817767,19.93536204,19.21546078,19.7504921,6797600
2021-01-13,20.09848163,20.43124487,19.64827059,19.86141396,6984000
2021-01-14,20.01583394,20.24202633,19.71134411,19.90273857,6649200
2021-01-15,19.90491174,19.90491174,19.36335591,19.48950195,5588800
2021-01-18,19.43730703,20.55304305,19.43730703,20.20070457,10837600
2021-01-19,20.22897672,21.1772441,20.1833035,20.59436417,15386800
2021-01-20,20.87928083,20.92277867,20.19635448,20.37904739,7003200
2021-01-21,20.44429242,20.72050713,20.06585598,20.55086327,7559600
2021-01-22,20.03105997,20.57479125,19.90708931,19.97233772,15764400
2021-01-26,20.02888357,20.54434139,19.85053978,20.13545609,7688400
2021-01-27,19.79181405,20.05280434,19.55039728,19.87011147,10391200
2021-01-28,19.63957471,20.98802763,19.63957471,20.84230804,13048400
2021-01-29,20.89450789,21.64703187,20.33555214,20.48127174,13806400
2021-02-01,21.26859262,21.8014486,20.71616144,21.40343857,10897200
2021-02-02,21.86452118,21.93411871,21.18377023,21.34253883,10170000
2021-02-03,21.62527992,22.97590818,21.62527992,22.94545937,19053200
2021-02-04,23.15642566,23.4891889,22.91500886,23.41306686,10913200
2021-02-05,23.92635056,25.04643727,23.51093908,23.89372635,25596800
2021-02-08,24.01552267,25.19650707,23.89590278,24.84634399,14325600
2021-02-09,24.82677038,24.97901447,23.81542987,24.6549511,17392800
2021-02-10,24.79414586,25.04426257,23.48919081,23.57401276,19508800
2021-02-11,23.65230764,24.40265605,23.65230764,24.089468,8556000
2021-02-12,24.135142,24.135142,23.6022844,23.6544838,8605200
2021-02-17,23.49788925,23.86980121,23.03245544,23.71103096,7292000
2021-02-18,23.70450809,23.70450809,22.9454597,23.05203056,12770000
2021-02-19,23.11945557,23.47179239,22.86716345,23.19557762,6946800
2021-02-22,22.7279695,22.7279695,21.9232478,22.69099617,18010400
2021-02-23,22.86933732,23.26952273,22.49959907,22.94545937,9932000
2021-02-24,23.03245988,23.41307182,22.68664588,23.06943321,11020400
2021-02-25,22.99765627,23.65230916,22.53222246,22.60181999,9241600
2021-02-26,22.37997946,23.00635729,21.78405045,22.25818253,19755600
2021-03-01,22.4017285,22.75189157,21.98196789,22.33865547,11126800
2021-03-02,21.9667422,22.40172719,21.12069652,22.24948311,21387200
2021-03-03,22.31472917,22.35605327,20.9554011,21.95151711,21739600
2021-03-04,22.26688444,22.76711792,21.29251885,21.3686409,19034000
2021-03-05,21.53393252,21.63397887,20.40732132,21.09894753,22043600
2021-03-08,20.64873587,20.77053113,19.62869565,19.65696907,21687600
2021-03-09,19.74614718,19.86141796,19.07626979,19.37423515,34258000
2021-03-10,19.34160768,19.90056332,18.83484976,19.78746796,27160000
2021-03-11,20.07455747,20.49866716,19.58084859,20.26377487,20546400
2021-03-12,20.14633105,20.52259383,19.98756244,20.4856205,8994000
2021-03-15,20.5682691,20.87928349,20.17243275,20.27030373,15759200
2021-03-16,20.30944692,20.37469532,19.79399081,19.86358833,10190000
2021-03-17,19.8266204,20.63351751,19.73744767,20.48127174,13688000
2021-03-18,20.33772222,20.5051907,19.75919143,19.88968658,11750000
2021-03-19,20.05280666,20.426894,19.77876732,20.34859657,12879200
2021-03-22,20.44429841,20.76183731,20.14850843,20.48127174,7914800
2021-03-23,20.4377706,21.13157221,20.28335112,20.68353653,19969200
2021-03-24,20.7922852,20.8009851,19.95276391,19.96581459,11088800
2021-03-25,19.92448735,20.32684813,19.48297786,20.17895317,10433200
2021-03-26,20.15067954,20.41819438,19.74831877,19.95711136,8216800
2021-03-29,19.75919046,20.06802937,19.69611744,19.94188499,7636400
2021-03-30,19.96798498,21.31861314,19.83748982,21.18811798,16717200
2021-03-31,21.18376898,21.18594437,20.66178667,21.10764694,16062400
2021-04-01,21.14897087,21.27729232,20.33989848,20.56391716,13825200
2021-04-05,20.90538167,21.5034861,20.77706022,21.41213799,13157200
2021-04-06,21.69705134,22.22338277,21.27076626,21.44911003,20317200
2021-04-07,21.39474222,21.81015212,21.22292291,21.48826408,10822800
2021-04-08,21.57525572,21.76012567,21.27076754,21.69922638,13414000
2021-04-09,21.53828296,21.68617793,21.33166574,21.43388748,9830000
2021-04-12,21.5274098,21.70140282,21.46433677,21.58613205,8166400
2021-04-13,21.53828695,21.64268411,21.31426989,21.44476509,10678800
2021-04-14,21.4947843,22.01676663,21.37951354,21.65790367,12500800
2021-04-15,21.67312975,21.81014944,21.34689098,21.58178329,8101200
2021-04-16,21.69922553,22.27123185,21.27946495,22.15378571,10354000
2021-04-19,21.94934153,22.377802,21.59700476,21.69487572,12361200
2021-04-20,21.71445364,21.82102618,21.29469465,21.3795166,7760800
2021-04-22,21.50348566,21.7753513,21.09459866,21.22509384,11532400
2021-04-23,21.29251518,22.01241479,21.20986697,21.61005402,12258400
2021-04-26,21.75577228,22.37345178,21.74924777,22.14943314,13508000
2021-04-27,22.18423887,23.3238993,22.08854162,22.75841904,27266800
2021-04-28,22.80844206,23.30867388,22.79104226,23.14772987,13180800
2021-04-29,23.31519723,23.32389713,22.84541425,23.10423088,14320800
2021-04-30,22.92805944,23.51963932,22.59312079,23.271698,13271600
2021-05-03,23.8132514,24.37220701,23.62185861,24.33523369,22199200
2021-05-04,24.33741133,24.35263574,23.20862471,23.39131927,17109200
2021-05-05,23.60228563,24.07641935,23.3565197,23.92417526,12571600
2021-05-06,23.92417533,24.60927705,23.77193124,24.31131172,18157200
2021-05-07,24.40048491,24.95291607,24.26998807,24.33741188,14023200
2021-05-10,24.76369433,24.82894273,24.01551965,24.43093109,14956800
2021-05-11,24.11774467,24.57447861,23.55443985,23.98289871,22893200
2021-05-12,23.66535792,24.25041327,23.42611651,23.45004082,19531200
2021-05-13,23.81977823,24.73542313,23.72843177,24.36133575,19929200
2021-05-14,24.80501983,24.9507394,24.07641864,24.42440796,18600800
2021-05-17,24.57665494,25.4248761,24.30261389,25.20085907,17626400
2021-05-18,25.37267905,25.40312788,24.84199676,24.88114548,10891200
2021-05-19,24.58752636,25.33569939,24.57665107,25.15518188,15608800
2021-05-20,25.39442504,26.15347341,25.25522997,25.94902992,20151600
2021-05-21,25.94902842,26.02950124,25.40964798,25.79895973,11086400
2021-05-24,25.90553424,26.86685079,25.87291003,26.65805817,19749600
2021-05-25,26.79290233,27.3192338,26.49058788,26.49276161,18743600
2021-05-26,26.31659126,27.14306339,26.25134285,26.31659126,24307600
2021-05-27,26.50798321,27.00821659,26.34921463,26.68632698,15636800
2021-05-28,26.85814909,26.95602171,26.38836614,26.73852921,10524000
2021-05-31,27.18656528,27.35403379,26.80595336,26.97994804,13231200
2021-06-01,27.35838107,27.35838107,26.01427739,26.53408432,17543600
2021-06-02,26.57758359,26.83422481,26.09910074,26.38184166,15822800
2021-06-04,26.20784713,26.72112958,26.14259871,26.58845901,12745600
2021-06-07,26.46231309,26.70590529,25.92510632,26.42316437,12547200
2021-06-08,26.62978333,26.88642456,26.22089635,26.86032486,18486800
2021-06-09,26.88207121,26.90382013,26.1795714,26.41663742,15836000
2021-06-10,26.52973604,26.64718053,26.13172437,26.27526855,11153200
2021-06-11,26.27309773,26.30572028,25.42487655,25.72501564,12352400
2021-06-14,25.74024157,25.97948303,25.55972236,25.76416588,11794000
2021-06-15,25.85115482,26.7276492,25.68586008,26.54060555,15917600
2021-06-16,26.54060965,26.96907014,26.31659264,26.6319561,21526000
2021-06-17,26.6254334,26.86467484,26.27309659,26.60150909,9399600
2021-06-18,26.44926147,26.7494005,26.37096404,26.56670761,7946800
2021-06-21,26.6580559,26.74722862,26.27961941,26.74722862,9664000
2021-06-22,26.73852717,26.73852717,25.94685465,26.30136681,13732000
2021-06-23,26.2687466,26.50581431,26.13172691,26.36226845,8837200
2021-06-24,26.51233493,26.6906787,26.14912287,26.18609619,9624000
2021-06-25,26.07735322,26.29267035,25.51839752,25.72283936,11456000
2021-06-28,25.9881763,26.79289948,25.88378084,26.525383,18452400
2021-06-29,26.59933131,26.68632698,26.09909794,26.68632698,8230800
2021-06-30,26.64283163,26.64283163,26.19044683,26.5471344,46547200
2021-07-01,26.5253825,27.09956251,25.83810713,26.17739487,9616900
2021-07-02,26.53408652,27.66504692,26.37749165,27.36925697,13466300
2021-07-05,27.59545015,27.80424276,27.05606963,27.32575989,6827100
2021-07-06,27.28226303,27.5519533,26.47319057,26.72548103,6344000
2021-07-07,27.04736932,27.14306656,26.37749198,26.94297218,10997100
2021-07-08,26.37748927,26.62108145,25.62061632,26.47318649,9935900
2021-07-12,26.78637699,26.92557206,26.38618993,26.7167778,5903000
2021-07-13,26.62108266,27.27356017,26.31659283,27.09956551,5963400
2021-07-14,27.41275632,27.75204411,27.23006175,27.5693512,8635400
2021-07-15,27.56935015,28.23052756,27.37795568,28.0043335,11500000
2021-07-16,28.01303467,28.01303467,27.4214548,27.56064987,6575600
2021-07-19,27.06476899,27.38665698,26.6471821,27.10826683,10286900
2021-07-20,27.17786101,27.56064825,26.85597306,27.49105072,3843700
2021-07-21,27.49105318,27.77814322,27.24746097,27.70854568,3619100
2021-07-22,27.4997551,27.80424331,27.40405786,27.54325294,3671700
2021-07-23,27.6563471,27.86513804,27.32575757,27.56064987,4046600
2021-07-26,27.57805001,28.47411806,27.42145514,28.07393265,8295000
2021-07-27,28.02172952,28.02172952,27.090862,27.55194664,10174700
2021-07-28,27.72594996,27.81294565,26.77768235,26.98647499,9136600
2021-07-29,27.09956632,27.40405616,26.36879135,26.6645813,13759300
2021-07-30,26.35139574,26.89947619,25.0551388,25.35962868,16747000
2021-08-02,26.01210356,26.37749104,25.36832594,25.69891548,14655600
2021-08-03,25.70761107,26.21219357,24.67234803,26.09909821,14106800
2021-08-04,26.0121005,26.15129556,25.57711554,25.94250298,8701600
2021-08-05,26.09909716,26.51668232,25.52491716,25.85550499,10883200
2021-08-06,26.09167031,26.44165885,25.47919079,26.31041336,7906300
2021-08-09,26.40665934,27.79786517,26.23166424,27.3866272,15961800
2021-08-10,28.21785027,28.56784045,27.00163958,27.20288277,19797700
2021-08-11,27.47412277,27.56162031,26.3191599,26.55540276,12762700
2021-08-12,26.42415995,26.65165124,25.68043328,25.785429,17929700
2021-08-13,26.01291855,26.05666815,25.00670103,25.97792053,20168000
2021-08-16,25.88167798,25.89917783,24.5429699,24.69171524,17327000
2021-08-17,24.70046033,24.8754554,23.38800226,24.52546692,26222100
2021-08-18,24.59546872,24.96295711,23.88674005,24.06173515,19078100
2021-08-19,23.62424902,25.05045295,23.55425131,24.84045982,15120400
2021-08-20,24.66546449,25.11170047,24.23672835,24.78796005,9256600
2021-08-23,24.92795301,25.19044562,24.25422414,24.47296715,9052700
2021-08-24,24.76170972,25.54043602,24.76170972,25.07670021,13065500
2021-08-25,25.0854522,25.19919785,24.31547742,25.16419983,14538900
2021-08-26,25.05044881,25.54918427,24.39421978,24.52546692,13035000
2021-08-27,24.84920689,25.55793381,24.70046156,25.55793381,6838500
2021-08-30,25.6104377,25.65418564,25.00670639,25.14670181,7999900
2021-08-31,25.15544665,25.71542823,24.62171316,24.87545586,11702200
2021-09-01,24.81420738,24.92795301,24.23672597,24.47296715,11119500
2021-09-02,24.47296669,24.64796176,23.90423522,24.17547607,10825300
2021-09-03,24.31547395,24.54296521,23.50174968,24.04423141,11471400
2021-09-06,23.84299079,24.69171316,23.84299079,24.44672203,5798100
2021-09-08,24.40297269,24.40297269,23.09926439,23.25675964,12824400
2021-09-09,23.19551304,24.77921224,23.14301518,24.14923286,14652700
2021-09-10,24.65671289,24.75296035,23.40550258,23.56299782,9621300
2021-09-13,23.75549267,24.56046709,23.75549267,24.11423111,11983500
2021-09-14,24.28047345,24.70920954,24.03548069,24.17547607,5975200
2021-09-15,24.04423531,24.36797575,23.45800388,24.06173515,8380200
2021-09-16,23.76424053,24.04423132,23.64174498,23.92173576,7521000
2021-09-17,23.66799612,23.88673916,23.20426195,23.44925308,6384700
2021-09-20,22.39928364,22.8192698,22.12804278,22.54802895,13515600
2021-09-21,22.61802809,23.2567573,22.57427849,22.95926666,8310800
2021-09-22,23.33550613,24.27172601,23.07301516,23.83423996,11180600
2021-09-23,23.79923985,24.12297856,23.46674954,23.64174461,8480300
2021-09-24,23.50175178,23.54549971,22.94176848,23.42300415,9170000
2021-09-27,23.43175408,23.82549053,23.09926373,23.47550201,7141800
2021-09-28,23.09926125,23.25675648,22.1455416,22.4342823,9756900
2021-09-29,22.65302385,22.8980166,22.35553324,22.67927361,9032000
2021-09-30,22.74927795,22.86302361,21.79555809,21.87430573,12621200
2021-10-01,22.04054833,23.03801602,22.04054833,22.76677513,11128500
2021-10-04,22.18054203,22.28553774,20.88558379,21.6293087,19057900
2021-10-05,21.69930865,21.7868062,21.03433128,21.07807922,13975300
2021-10-06,20.78058775,21.27932159,20.05436096,21.26182175,20704900
2021-10-07,21.34932137,21.6030641,21.04308076,21.34932137,7656300
2021-10-08,21.59431275,22.89802104,21.58556283,22.44303513,16525200
2021-10-11,22.2242893,22.30303692,20.96432911,21.08682632,12120300
2021-10-13,21.20932259,21.93554934,20.8593341,21.64680862,16570700
2021-10-14,21.86555181,21.99679728,21.28807037,21.68180847,9616800
2021-10-15,21.62931123,22.77552597,21.55931353,22.70552826,25443600
2021-10-18,22.31179047,22.52178359,21.69930928,22.31179047,12883800
2021-10-19,21.90055051,21.9267986,20.82433364,21.12182426,14565600
2021-10-20,21.35806717,21.97929818,20.8943314,21.69055748,12715600
2021-10-21,21.00808042,21.34056909,20.27310372,20.32560158,29438600
2021-10-22,20.6405918,20.6405918,18.79440015,20.06311035,36861700
2021-10-25,20.13310766,20.84183457,20.12435774,20.43934822,17497000
2021-10-26,20.05436075,20.26435386,19.49437914,19.66937256,13064600
2021-10-27,19.94061355,20.52684321,19.66937102,19.9493618,8549000
2021-10-28,19.69561978,20.43934631,19.69561978,19.88811302,9234500
2021-10-29,19.98436038,20.32559892,19.65187009,19.81811523,12304500
2021-11-01,20.24685632,20.9118354,20.15936044,20.64059448,13071500
2021-11-03,20.50934636,21.28807099,20.30810151,20.84183502,12498700
2021-11-04,20.78058571,20.96432904,20.19435438,20.46559525,8885700
2021-11-05,20.82433601,21.55056281,20.64934258,21.38431931,8981500
2021-11-08,21.15682551,21.21807329,20.50059644,20.84183502,5413000
2021-11-09,21.04307788,21.68180877,19.78311929,19.85311699,18410400
2021-11-10,20.12435905,21.13057667,19.95811388,20.78058815,13379000
2021-11-11,21.06058005,21.67306125,20.81558891,20.85933685,10881300
2021-11-12,20.73683615,21.29681767,19.85311427,19.93186188,11309000
2021-11-16,20.11561095,20.28185614,19.04814545,19.13564301,11511700
2021-11-17,19.51188053,19.55563015,18.05942673,18.26067162,20716900
2021-11-18,18.46191367,18.96939747,18.18192283,18.26941872,9165800
2021-11-19,18.17317307,18.96939764,18.0156778,18.30441856,10170600
2021-11-22,18.3656652,18.40066489,17.28069993,17.42944527,10868100
2021-11-23,17.45569528,17.7356861,17.06195714,17.58694077,15653600
2021-11-24,17.68318338,18.2431666,17.5169399,18.0244236,11205300
2021-11-25,17.98067728,19.28438727,17.9631791,19.10939217,9500400
2021-11-26,18.25191863,18.53190944,17.85818052,18.21691895,8828400
2021-11-29,18.53190856,18.98689443,18.26941594,18.84689903,8036000
2021-11-30,18.40066378,18.90814753,17.41194438,18.07692337,16042700
2021-12-01,18.52315951,19.32813391,18.05067377,18.16442108,11236000
2021-12-02,18.6456561,18.93439684,18.12942239,18.27816772,10521000
2021-12-03,18.48816407,19.66937702,18.40066818,18.46191597,8098900
2021-12-06,18.71565345,18.89939847,18.23441945,18.61940765,6198000
2021-12-07,18.94314811,19.1093933,18.52316185,18.56690979,9700600
2021-12-08,18.51440963,19.06564299,18.28691668,18.99564362,10369500
2021-12-09,18.86439987,19.25813802,18.60190888,18.69815636,11643000
2021-12-10,18.99564118,20.08060792,18.82064778,19.83561516,16080900
2021-12-13,19.8881151,20.64059163,19.65187223,19.97561264,11928900
2021-12-14,20.22935608,20.22935608,18.99564386,19.10064125,13578400
2021-12-15,19.13564078,19.65187279,18.61065718,19.63437462,8008900
2021-12-16,19.87936642,20.32560241,19.38938249,19.46813011,8070300
2021-12-17,19.45062978,19.99311323,19.08314142,19.82686806,8393600
2021-12-20,19.38063002,19.49437732,18.89939608,18.97814369,7176400
2021-12-21,19.22196374,19.30095825,18.59000936,18.79188347,4451700
2021-12-22,18.74799772,19.17807798,18.67778057,19.11663818,5068600
2021-12-23,19.26585358,19.30973868,18.7655544,18.83577156,3637300
2021-12-27,18.8708796,19.20441069,18.65145077,18.85332489,2918600
2021-12-28,18.95865062,18.984981,18.03704856,18.18626022,5912000
2021-12-29,18.38813242,18.42324016,17.91416546,18.19503403,4026400
2021-12-30,18.30036624,18.47590831,18.15115455,18.40569115,4143500
2022-01-03,18.2564767,18.76555148,17.62452232,17.65963173,8744700
2022-01-04,17.80006451,17.8615043,17.19444056,17.25588036,12655000
2022-01-05,17.30854756,17.59819359,16.4571642,16.50982666,24686600
2022-01-06,16.54283465,16.64899093,15.95012342,16.33051872,13573900
2022-01-07,16.31282766,16.71091625,16.02089536,16.4543705,14039400
2022-01-10,16.41013492,16.55167773,15.95896825,16.41898155,9375900
2022-01-11,16.8082239,17.30362371,16.67552773,17.20631409,10666400
2022-01-12,17.39208979,17.81671823,17.07361761,17.30362511,11896100
2022-01-13,17.37439878,17.58671303,16.9763102,17.07361984,5544700
2022-01-14,16.93207493,17.76364024,16.93207493,17.34785843,8234700
2022-01-17,17.51593944,17.72825535,17.23285381,17.48055458,4037000
2022-01-18,17.27708932,17.3390141,16.48090877,16.76399612,11916400
2022-01-19,16.88784419,17.63979149,16.79937951,17.63979149,8287000
2022-01-20,17.71056231,19.17907031,17.66632913,19.11714554,21107700
2022-01-21,18.72790403,19.32061528,18.59520784,18.84290695,8249200
2022-01-24,18.84290485,19.13483713,18.26788695,19.11714554,13917800
2022-01-25,18.9844492,20.22295148,18.77213495,19.92217255,13562200
2022-01-26,20.28487505,21.40837266,20.28487505,20.479496,25216500
2022-01-27,20.70950483,21.65607314,20.62988678,21.33760262,19698900
2022-01-28,20.95720935,21.26683497,20.5325791,20.62989044,10465300
2022-01-31,20.71835073,21.32875522,20.65642596,21.26683044,22915000
2022-02-01,21.34644823,21.75338514,21.15182726,21.4526062,10163400
2022-02-02,21.45260455,21.94800443,20.55911442,20.69181061,10247400
2022-02-03,20.86873846,21.18721063,20.02832654,20.41757011,11009300
2022-02-04,20.55911146,20.57680473,19.66562146,20.23179436,6640400
2022-02-07,20.27602801,20.39987755,19.96640246,20.04602051,3850800
2022-02-08,19.99294543,20.05487021,19.57716186,19.97525215,7336200
2022-02-09,20.24064422,21.16952099,20.13448794,20.73604584,14431500
2022-02-10,20.665277,20.85105136,19.9929476,20.62989044,12990900
2022-02-11,20.74488548,21.19605207,20.22294581,20.3644886,11713400
2022-02-14,20.52373119,21.09874916,20.479498,20.65642738,7724200
2022-02-15,21.01028264,22.07185549,20.93951123,21.98339081,11567400
2022-02-16,22.02762194,22.80610914,21.07220707,22.34609413,22764200
2022-02-17,22.33724703,22.91226493,22.1691643,22.17801094,10128000
2022-02-18,22.65572229,23.06265752,22.22224715,22.23993874,6913900
2022-02-21,22.11608451,22.41686339,21.26682767,21.37298393,7108100
2022-02-22,21.92146984,22.55841264,21.89492992,22.51418114,8523200
2022-02-23,22.59379284,23.56689921,22.12493124,22.3018589,13235600
2022-02-24,21.24029187,23.09804366,21.10759567,23.04496384,17075600
2022-02-25,22.52302369,22.96534546,22.11608847,22.47879219,8268500
2022-03-02,22.76187626,23.26612277,21.69145846,22.24878311,8276200
2022-03-03,22.02762341,22.39917376,21.54991679,21.82415581,12142800
2022-03-04,21.94800529,22.15147458,21.0279769,21.0722084,8262100
2022-03-07,21.33759928,21.34644423,20.27602654,20.34679794,11010000
2022-03-08,20.52373084,21.1872135,20.13448721,21.10759544,13148500
2022-03-09,21.18721198,22.5141772,21.18721198,22.11608696,13566800
2022-03-10,21.9391607,21.9391607,21.08105702,21.47030067,7168200
2022-03-11,21.6560719,22.15147346,21.08990062,21.09874725,7856600
2022-03-14,21.47914456,21.93031295,20.79796867,20.86874008,10238100
2022-03-15,20.96605434,21.34644968,20.32026322,20.97489929,11101300
2022-03-16,20.9660506,21.83300078,20.78912123,21.63837814,10908500
2022-03-17,21.5410712,22.39032821,21.30221703,22.23993874,11797100
2022-03-18,22.20455538,23.00958095,22.00993271,22.6911087,9480800
2022-03-21,22.53186793,22.8238002,21.61183962,22.0895462,9517700
2022-03-22,22.38147794,22.91226433,22.28416831,22.72649002,9114000
2022-03-23,22.62033028,23.39881738,22.25762664,23.03611374,10993000
2022-03-24,23.06265711,23.79691119,22.93880756,23.48728561,10080300
2022-03-25,23.62882805,24.28346576,23.59344319,23.84998894,12442100
2022-03-28,23.94729884,24.2126929,23.5049771,23.88537407,6909500
2022-03-29,24.34538905,24.84078893,23.93845217,24.01807022,11274200
2022-03-30,23.85883842,23.85883842,23.0007347,23.30151367,18754900
2022-03-31,23.33689093,23.66420971,22.8149529,23.03611374,11932100
2022-04-01,23.18650741,23.81460523,23.15996919,23.55805779,9129600
2022-04-04,23.55805587,23.58459578,23.17766057,23.33689499,5612800
2022-04-05,23.26612325,23.36343457,22.23109029,22.4168663,10814500
2022-04-06,22.15147321,22.45225043,21.41721751,22.21339798,12586600
2022-04-07,22.03646741,22.86803269,21.76222842,22.6822567,9539700
2022-04-08,22.4345577,22.69110342,22.28416825,22.63802528,6495400
2022-04-11,22.63802483,22.63802483,22.0718536,22.33724594,7362200
2022-04-12,22.53187064,23.00073233,21.88608125,21.93915939,11316900
2022-04-13,22.03647016,22.57610325,21.96569874,22.44340706,9530800
2022-04-14,22.18686033,22.53187078,22.05416413,22.2045536,8335500
2022-04-18,22.01877378,22.57610007,22.01877378,22.33724594,6582000
2022-04-19,22.09839521,23.13342821,22.06301034,22.92111397,7638400
2022-04-20,23.05380678,23.23073613,22.74418124,23.2218895,8244300
2022-04-22,23.04496192,23.38997403,22.1514735,22.469944,8893300
2022-04-25,22.10723967,22.70879749,21.94800358,22.22224426,9302800
2022-04-26,22.02762223,22.2045516,20.98374266,21.09874725,10117300
2022-04-27,21.24028851,21.63837703,20.89527812,21.08989906,11131600
2022-04-28,21.1429775,21.60299249,20.78912047,21.34644508,7725900
2022-04-29,21.66491885,21.75338354,20.27602884,20.4264183,10793400
2022-05-02,20.47949488,20.76258051,19.93986354,20.41757011,9203200
2022-05-03,20.42641818,20.52372951,19.76293557,20.02832794,8359900
2022-05-04,19.736391,20.48833812,18.94021239,20.3644886,24433400
2022-05-05,19.86909082,20.1433315,19.19676329,19.5683136,15080200
2022-05-06,19.48869424,19.54177237,18.91367469,19.37368965,16646500
2022-05-09,19.44446351,20.22295072,19.03752831,20.07256126,25317500
2022-05-10,20.26718305,21.31990932,20.26718305,20.67411995,14030700
2022-05-11,20.54142146,20.85989366,19.7806292,20.01948166,10536500
2022-05-12,19.78063005,21.00143739,19.47985111,20.93066597,14114100
2022-05-13,20.97489787,21.91262125,20.90412645,21.4526062,10085600
2022-05-16,21.46145214,22.09839487,21.26683117,21.69145966,8059400
2022-05-17,22.03647157,22.51417991,21.60299641,21.96570015,12727400
2022-05-18,21.9656987,21.9656987,20.88643421,21.11644173,14533600
2022-05-19,21.09874959,21.9922398,21.02797817,21.70915413,12496200
2022-05-20,22.02762341,22.0718566,21.34644749,21.82415581,12381800
2022-05-23,22.11608737,22.15147392,21.49683625,21.62068748,9777000
2022-05-24,21.40837434,21.66492009,20.91297275,21.46145248,10316400
2022-05-25,21.21375096,21.91262014,21.06336149,21.83300209,6928700
2022-05-26,21.8330014,22.35494119,21.37298638,22.07185555,8986700
2022-05-27,22.06301081,22.65572206,22.05416418,22.29301834,12984800
2022-05-30,22.50532661,22.82379706,21.84184412,22.02761841,5234400
2022-05-31,22.26647576,22.32840053,21.94800358,22.22224426,6008800
2022-06-01,22.5495605,22.55840714,21.91261785,21.97454262,8514800
2022-06-02,22.29301521,22.40801811,21.66491749,22.40801811,5868400
2022-06-03,22.24878314,22.24878314,21.45260435,21.54106903,9834200
2022-06-06,21.62068826,21.81530923,20.7271981,20.89528084,7332000
2022-06-07,20.85989387,20.88643379,20.34680071,20.5945015,5841500
2022-06-08,20.4087235,20.62988436,19.98409506,20.28487396,7065200
2022-06-09,20.29372278,20.89528065,20.09025349,20.54142189,10211700
2022-06-10,20.21410443,20.32026071,19.80716754,19.84255409,9290900
2022-06-13,19.63023706,19.63023706,18.67482228,19.2409935,16050900
2022-06-14,19.29407212,19.59485102,19.01983314,19.27638054,9191500
2022-06-15,19.63024292,20.27603238,19.54177822,19.86025047,12827200
2022-06-17,19.66562426,19.68331754,18.94021688,19.09945297,9136600
2022-06-20,18.97560488,19.32061532,18.5332831,18.93137169,7652900
2022-06-21,19.17022274,19.58600454,18.96675516,19.1348362,15178100
2022-06-22,18.95790877,20.40872344,18.91367559,20.19640923,17720200
2022-06-23,20.43526572,20.43526572,19.78062972,19.92217255,9845900
2022-06-24,20.13448782,20.2848773,19.62139462,19.80716896,5810600
2022-06-27,19.88678309,20.70065508,19.63908402,20.52372742,10928600
2022-06-28,20.497192,20.50603864,19.78947781,19.97525215,6645200
2022-06-29,20.05487067,20.16102865,19.3117699,19.70101357,6956900
2022-06-30,19.16137698,19.84255284,19.15253034,19.73639488,9193000
2022-07-01,19.53292745,20.32025959,19.19676368,20.00178909,11090200
2022-07-04,19.93101675,20.03717301,19.54177317,19.66562271,2960200
2022-07-05,19.33830427,19.80716416,19.02867876,19.78947258,6878000
2022-07-06,19.58600811,20.29372398,19.58600811,20.11679459,7684700
2022-07-07,20.27602886,20.49718973,20.02832808,20.07256126,7406300
2022-07-08,20.26718248,20.40872531,19.79832082,19.88678551,4214200
2022-07-11,19.63908795,19.82486229,19.0906082,19.23215103,5884000
2022-07-12,19.2852293,19.68331958,18.96675876,19.49754524,4496400
2022-07-13,19.2409974,19.90448007,18.98444996,19.63908768,9438600
2022-07-14,19.19676905,19.32946526,18.55097786,18.68367577,13823900
2022-07-15,19.00214319,19.2940755,18.80752222,19.10830116,14042600
2022-07-18,19.28522729,19.50638817,18.95791015,19.09945297,5945700
2022-07-19,19.28522916,20.16102778,19.14368632,20.11679459,10801500
2022-07-20,20.17871598,20.22294916,19.61254473,20.06371307,9120500
2022-07-21,19.8690922,20.11679298,19.73639601,20.01948166,5395900
2022-07-22,19.99294383,20.07256188,19.56831534,19.87793922,4626600
2022-07-25,19.8867845,20.16987013,19.75408832,20.00178909,3694400
2022-07-26,19.72754747,19.85139869,19.05521996,19.31176567,10729800
2022-07-27,19.43561794,19.76293679,19.15253228,19.69216537,7492700
2022-07-28,19.64793033,20.35564611,19.5506207,20.13448524,5933000
2022-07-29,20.134483,20.2760258,19.72754618,20.01063347,6725200
2022-08-01,19.84255484,20.09025395,19.47100449,19.69216537,6754900
2022-08-02,19.7363964,20.10794674,19.49754393,19.87793922,15334200
2022-08-03,19.9221717,20.51488291,19.70985747,20.47064972,7115800
2022-08-04,20.60334912,21.90377453,20.59450248,21.7179985,14328300
2022-08-05,21.58649451,22.17790518,21.29975015,22.07933617,8078800
2022-08-08,22.17791068,22.96645787,22.0614214,22.27647972,13711400
2022-08-09,22.67074557,23.11878404,21.5237682,21.81051254,17542700
2022-08-10,22.85892653,23.61163142,22.47361311,23.36072922,21082500
2022-08-11,23.36072947,23.72812094,23.16359313,23.35176849,16691900
2022-08-12,23.66539333,23.71915747,23.25319873,23.4324131,9315600
2022-08-15,23.2980059,24.20304402,23.12775076,23.67435837,10288100
2022-08-16,23.6743544,23.79084366,23.27111907,23.55786514,5967500
2022-08-17,23.3876081,23.89837167,23.29800006,23.6205883,6124200
2022-08-18,23.6564364,23.82669153,23.1815166,23.48618126,6251500
2022-08-19,23.29800477,23.50410209,22.92165232,23.15463257,9007400
2022-08-22,23.15463129,23.19943446,22.55425959,22.7603569,5820700
2022-08-23,22.74243503,23.33384746,22.73347576,23.19047356,6741500
2022-08-24,23.19943596,23.98798478,23.19943596,23.39657402,7375500
2022-08-25,23.39657258,23.63851209,22.95749502,23.19047356,7434100
2022-08-26,23.29800106,23.39657007,22.65282626,22.71555138,8532300
2022-08-29,22.50945723,23.35176846,22.33920211,23.10982895,7195800
2022-08-30,23.23527586,23.45033413,22.8858064,23.09190369,7138000
2022-08-31,23.10982877,23.58474853,22.80516243,22.80516243,10379100
2022-09-01,22.85892825,23.36969195,22.34816455,23.05606461,8008900
2022-09-02,23.25319933,23.63851101,22.97541422,23.28904152,9779400
2022-09-05,23.45929931,23.85357372,23.3159271,23.70124054,7179500
2022-09-06,23.43241508,23.83565045,22.87684826,23.11878777,10787700
2022-09-08,23.2442392,23.45929748,22.86788677,23.38761139,7509400
2022-09-09,23.62059172,23.80876708,23.40553343,23.56682587,4253600
2022-09-12,23.62955418,24.27472908,23.62955418,24.20304298,6844100
2022-09-13,24.01486648,24.11343551,23.53098572,23.62955475,7105000
2022-09-14,23.39657255,24.12239449,23.33384743,23.69227791,11431700
2022-09-15,23.59371129,23.8804557,23.45930006,23.67435837,4898000
2022-09-16,23.65643532,23.65643532,22.82308334,23.58474922,13136000
2022-09-19,23.33384496,24.0686278,23.33384496,23.83564758,8922500
2022-09-20,24.01486262,24.56147013,23.80876532,24.4360199,13683000
2022-09-21,24.05966815,24.05966815,22.83204189,23.17255211,39457700
2022-09-22,23.39657405,23.51306333,22.44673108,23.14567184,19610900
2022-09-23,22.72451496,23.04710154,22.20479033,22.75139618,13326500
2022-09-26,22.59010059,22.75139473,21.37143702,21.43416214,9441100
2022-09-27,21.44312459,21.91804434,21.27286947,21.88220215,16453700
2022-09-28,21.87323942,22.44672815,21.71194529,22.24959183,14904200
2022-09-29,21.78363388,22.01661413,21.49688948,21.85531998,12208400
2022-09-30,21.74778968,22.54529768,21.54169237,22.23167038,9157500
2022-10-03,22.84996184,23.79980291,22.84996184,23.61162758,16917100
2022-10-04,23.79084492,24.40913856,23.64747273,23.7639637,16640000
2022-10-05,24.05966728,24.30160848,23.49513783,23.8804512,10751500
2022-10-06,24.12239186,24.57043034,24.05966674,24.21199989,11803600
2022-10-07,24.0417485,24.09551264,23.43241579,23.59370995,8012500
2022-10-10,23.94317835,23.94317835,23.36072861,23.5041008,5090700
2022-10-11,23.55786691,23.97006154,23.37865081,23.49514008,12934600
2022-10-13,23.29799863,23.86252631,22.80515704,23.66539001,8057300
2022-10-14,23.7908466,24.10447393,23.36969098,23.52202415,10170300
2022-10-17,23.656433,24.1761576,23.53098276,24.03278542,5681900
2022-10-18,24.17615933,24.4718647,23.97006201,24.4718647,12560800
2022-10-19,24.48978229,24.84821272,24.26576306,24.5525074,10919300
2022-10-20,24.78549059,25.06327399,24.6062745,24.70484352,13616700
2022-10-21,24.64212079,25.81598134,24.60627688,25.61884499,15147300
2022-10-24,25.52923603,25.90558848,24.91094236,25.09015846,16706600
2022-10-25,24.91093865,25.2335269,24.60627235,24.71380234,11013700
2022-10-26,23.74604337,24.48978731,23.46825995,23.58474922,15463200
2022-10-27,23.84461245,25.23353129,23.71019952,24.45394516,11648500
2022-10-28,24.29264549,24.63315396,24.03278236,24.57042885,10215400
2022-10-31,24.10447409,25.99519735,23.85357359,25.93247223,17966200
2022-11-01,26.03103733,26.46115561,25.34105931,26.00415611,18217800
2022-11-03,25.58300035,26.52388233,25.47547206,25.8876667,18015700
2022-11-04,26.42531235,26.88231185,26.2640182,26.35362625,15931300
2022-11-07,26.28194223,26.38947224,25.36794314,25.48443413,8793200
2022-11-08,25.98623718,26.09376719,25.22457126,25.65468788,11899500
2022-11-09,25.71741079,25.8159781,24.97366695,25.22456741,9186300
2022-11-10,24.63316095,24.70484706,23.0739869,23.41449547,28425700
2022-11-11,23.38760789,23.91629341,22.75139239,23.00229454,20944800
2022-11-14,23.44137708,23.69227928,23.03814169,23.52202415,8519400
2022-11-16,23.63851378,23.63851378,21.83740026,22.02557564,13926100
2022-11-17,21.41624134,21.6402606,20.60977233,21.46104622,19114900
2022-11-18,22.37504261,23.0739833,22.14206238,22.41984749,10676600
2022-11-21,22.72451265,22.98437408,21.918042,22.64386559,7717200
2022-11-22,22.9395703,22.96645151,21.50584684,21.66714096,13211300
2022-11-23,21.61338068,22.32128071,21.47000677,22.09726143,9945100
2022-11-24,22.20479059,23.37865108,22.20479059,23.18151474,6104400
2022-11-25,22.82308071,23.03813899,21.93596468,22.06141663,9060400
2022-11-28,22.13310511,22.43777146,21.76571363,21.85531998,4393800
2022-11-29,22.03453158,22.77827535,21.70298237,22.37504005,8230700
2022-11-30,22.28544146,22.8768523,21.7388338,22.43777466,9267400
2022-12-01,22.29439258,22.62594179,22.0882953,22.26751137,9011200
2022-12-02,22.491535,23.09190671,22.02557451,22.93061256,13790100
2022-12-05,22.79620117,22.94853434,21.81947703,21.88220215,13680800
2022-12-06,22.37504494,22.3929669,21.64026198,21.78363419,11962000
2022-12-07,21.76571358,22.23167237,21.3624782,21.42520332,9673000
2022-12-08,21.32663246,21.38935929,20.50224153,20.55600739,14289100
2022-12-09,20.94131935,21.07573055,20.53808403,20.53808403,9087000
2022-12-12,20.42159567,20.81586832,19.27461649,19.51655769,23325400
2022-12-13,19.61512579,19.96459699,18.55775461,18.68320656,17576700
2022-12-14,18.5398373,19.51656156,17.96634674,19.26565933,27100800
2022-12-15,18.82658002,19.67785224,18.63840294,19.57032394,13315200
2022-12-16,19.3014989,19.3014989,18.5487941,18.78177261,12917600
2022-12-19,18.69679923,20.06265172,18.65157302,19.89078903,15461600
2022-12-20,19.72797607,20.95814848,19.6465675,20.514925,16304200
2022-12-21,20.57823823,21.13905251,20.38828609,20.98528099,10807500
2022-12-22,21.02146159,21.3470958,20.64155559,20.85864449,10985600
2022-12-23,20.98528181,22.26972581,20.97623623,22.1611805,14376400
2022-12-26,22.29686226,22.40540759,21.20237207,21.60941315,6555600
2022-12-27,21.69986979,21.76318718,20.74105984,21.10287476,7778800
2022-12-28,21.30186963,22.19736379,21.30186963,22.15213585,6141900
2022-12-29,22.61345098,22.69485954,21.50991519,21.64559555,5493300
2023-01-02,20.9581447,20.98528146,19.97219818,20.24355888,8056700
2023-01-03,20.3521061,20.36115169,19.18525119,19.27570534,10776400
2023-01-04,19.77319986,20.19833207,19.33902034,19.89078903,11174400
2023-01-05,20.19831564,20.80845418,19.89779974,20.69917488,11518200
2023-01-06,20.59900524,21.05433248,20.48972593,20.8175621,5299900
2023-01-09,20.6900684,20.93594551,20.24384793,20.61721611,6025000
2023-01-10,20.38044803,21.73732483,20.0070798,21.72821808,10150800
2023-01-11,21.50966151,21.57340706,21.01790722,21.32752991,9443600
2023-01-12,20.74471223,21.20003953,20.48062157,20.71739197,27722800
2023-01-13,20.77203168,20.85399074,19.98886988,20.15278625,11944600
2023-01-16,19.71567079,19.99797321,19.21481148,19.32408905,29056600
2023-01-17,19.50622054,20.48972738,19.26945015,20.28027725,14211600
2023-01-18,20.38955705,21.1727206,20.27117271,20.69007301,16624400
2023-01-19,20.50793999,20.5261535,19.88869465,20.07993126,10802300
2023-01-20,20.07082581,20.15278312,19.34230118,19.478899,17639500
2023-01-23,19.41515612,19.67014003,18.75948542,19.06000137,14558600
2023-01-24,19.05089444,19.3878374,18.73216498,19.31498337,14975600
2023-01-25,19.03268193,19.97065685,18.69574068,19.81584549,12655100
2023-01-26,19.69745696,19.93422735,19.2603432,19.72477722,12119700
2023-01-27,19.65192562,19.77030995,19.20570508,19.36962318,6927000
2023-01-30,19.39694119,19.49711375,18.83233635,19.21481133,13752600
2023-01-31,19.29676998,19.93422711,19.21481094,19.74299049,10555500
2023-02-01,19.67013988,19.88869678,18.80501731,19.50622177,17729200
2023-02-02,19.16017485,19.9069114,18.73216605,18.75037956,13427700
2023-02-03,18.66841618,18.88697304,18.25862098,18.27683449,8914200
2023-02-06,18.34058445,18.56824811,17.89436387,18.30415916,17340300
2023-02-07,18.23130598,18.44075613,18.04917436,18.35879707,11974800
2023-02-08,18.38611815,19.3331981,18.31326585,19.11464119,18721200
2023-02-09,19.26034292,19.78852247,18.90518821,18.93250847,11745800
2023-02-10,18.82322935,19.24212961,18.36790209,18.9780407,14238000
2023-02-13,19.82495091,19.97976226,19.23302577,19.39694214,29685800
2023-02-14,19.41515705,19.58818192,18.58646145,18.75037956,11938400
2023-02-15,18.8414419,19.74298964,18.54092599,19.478899,14623800
2023-02-16,19.26034219,19.75209645,19.01446506,19.67013741,13324700
2023-02-17,19.35140694,19.41515247,18.70484311,19.04178429,13806600
2023-02-22,18.66841837,18.9689343,18.27683663,18.76859093,7554800
2023-02-23,18.78680285,19.13285255,18.40432786,18.87786865,9816900
2023-02-24,18.7321633,18.76859032,18.35879509,18.48628616,8436100
2023-02-27,18.53182062,18.66841845,18.07649334,18.13113213,12679500
2023-02-28,18.13113429,18.44075702,18.0764955,18.30415916,7519700
2023-03-01,18.49539548,18.55914103,17.32065188,17.70312691,22893100
2023-03-02,17.79418767,18.09470355,17.58473584,17.64848137,12513200
2023-03-03,17.49367092,17.71222951,17.30243432,17.59384346,6461200
2023-03-06,17.67580388,18.21309018,17.4390335,18.01274681,10051000
2023-03-07,17.78508536,18.01274902,17.48456941,17.67580605,3610300
2023-03-08,17.60295143,18.85054886,17.60295143,18.84144211,12162700
2023-03-09,18.70484868,19.34230594,18.65931491,19.10553551,10205200
2023-03-10,18.70484795,18.70484795,18.07649573,18.28594589,10656800
2023-03-13,17.93078836,18.12202498,17.55742014,17.78508377,11752400
2023-03-14,17.73044265,18.05827883,17.62116508,17.75776291,7722200
2023-03-15,17.48456803,18.05827963,17.0929863,17.830616,15729900
2023-03-16,17.75776462,18.62288718,17.6484853,18.52271461,9629100
2023-03-17,18.30415641,18.31326317,17.87614767,18.04006577,7387200
2023-03-20,18.1857676,18.22219461,17.3843925,17.64848137,10127800
2023-03-21,17.74865563,18.05827829,17.60295105,17.60295105,6078000
2023-03-22,17.64848347,17.93989437,17.27511526,17.32975578,7262900
2023-03-23,17.32975451,17.51188436,16.32803429,16.65587044,17378500
2023-03-24,16.71051368,17.10209547,16.41910446,16.91996384,15332500
2023-03-27,17.12941253,17.41171671,16.81978983,17.13851929,10100000
2023-03-28,17.1385186,17.61205939,16.82889591,17.49367332,12286300
2023-03-29,17.55741707,17.65758787,16.87442628,17.34796524,7040100
2023-03-30,17.83972087,18.55003197,17.65758929,18.08559799,17139000
2023-03-31,18.20398418,18.4862866,17.79419068,17.8943615,16716400
2023-04-03,17.89436066,17.9581062,17.63937851,17.88525391,18574000
2023-04-04,18.00364146,18.63199187,17.86704362,18.41343498,11524700
2023-04-05,18.47718033,18.98714636,18.22219645,18.73216248,14135100
2023-04-06,18.60467124,18.90518715,18.37700762,18.62288475,15419200
2023-04-10,18.54092775,19.16017314,18.52271424,18.98714828,12977800
2023-04-11,19.30587735,20.80845702,19.30587735,20.58079338,41223300
2023-04-12,20.59901045,21.61894276,20.53526316,21.09076309,31420700
2023-04-13,21.0998672,21.41859665,20.70828544,20.9541626,18602900
2023-04-14,20.85398901,21.21825049,20.72649793,20.89952278,14229900
2023-04-17,20.94505773,21.12718936,20.67186202,20.7629261,6781300
2023-04-18,20.72649616,21.15450314,20.59900509,21.0725441,10459500
2023-04-19,20.80845844,20.92684278,20.39866317,20.42598343,14246600
2023-04-20,20.48972832,20.80845777,20.28938493,20.71739197,6869100
2023-04-24,20.62632682,20.79024493,20.34402437,20.42598343,9891800
2023-04-25,20.24385098,20.83577611,19.96154854,20.67185974,7679400
2023-04-26,20.49883321,20.70828333,20.0343992,20.39866066,9630600
2023-04-27,20.32580851,21.22735627,20.32580851,21.08165169,10394300
2023-04-28,21.2182506,21.50055476,20.89952289,21.32752991,10605200
2023-05-02,21.3093146,21.32752811,20.4532989,20.5625782,12518800
2023-05-03,20.562579,20.69007007,20.31670186,20.63543129,6299000
2023-05-04,20.7356041,21.42770175,20.59900626,21.12718582,10569400
2023-05-05,21.43680784,21.94677388,21.11807842,21.73732376,9840000
2023-05-08,22.14712009,22.35657024,21.63715399,21.98320198,12894100
2023-05-09,21.79196423,22.83010989,21.74643046,22.31103706,9663500
2023-05-10,22.3201445,22.94849667,22.27461073,22.76636505,11270900
2023-05-11,22.80279001,23.44024713,22.57512638,23.27632904,11226200
2023-05-12,22.90296275,23.39471706,22.8392172,23.21258545,6662400
2023-05-15,23.40382218,23.69523135,23.12151802,23.38560867,9556900
2023-05-16,23.38560895,23.81361596,23.2125841,23.3036499,8959300
2023-05-17,23.58595197,23.9046814,23.33096981,23.76808357,7164500
2023-05-18,23.58595221,24.02306597,23.34007506,23.7498703,9173800
2023-05-19,23.77719017,24.3600085,23.485781,24.02306557,13236000
2023-05-22,24.07770876,24.45107702,23.52220888,23.60416794,9577500
2023-05-23,23.49488589,23.98664016,23.38560832,23.59505844,7608800
2023-05-24,23.50399566,23.79540486,23.29454551,23.52220917,8977400
2023-05-25,23.67701767,24.85176284,23.67701767,24.46928787,19720000
2023-05-26,24.81533674,25.59850022,24.18698461,24.71516418,19146300
2023-05-29,24.7789075,25.09763692,24.53303212,24.86086655,7793800
2023-05-30,24.8426606,25.28888119,23.97753795,24.24162865,14732200
2023-05-31,24.04127445,24.30536504,23.74075858,23.95020866,10752000
2023-06-01,24.0412801,25.00657345,23.93200253,24.84265709,13597100
2023-06-02,25.48011486,25.88991011,25.32530351,25.68045998,18090400
2023-06-05,25.68956427,25.95365492,25.270664,25.84437561,9716600
2023-06-06,25.92633498,26.15399862,25.67135281,25.95365524,10967000
2023-06-07,26.21774271,26.68217495,26.06293138,26.60021591,17910400
2023-06-09,26.59111456,26.99180133,26.35434416,26.490942,16528800
2023-06-12,26.44541038,26.91894945,26.44541038,26.77324486,9394900
2023-06-13,26.80966846,26.80966846,25.99007977,26.18131638,11395400
2023-06-14,26.31791668,26.52736681,25.64403251,26.27238464,16521200
2023-06-15,26.22684783,26.70038857,26.15399554,26.40897942,6500600
2023-06-16,26.24506444,27.15571901,26.12668011,27.01912117,10468900
2023-06-19,27.22856689,27.38337821,26.91894425,27.2467804,5868900
2023-06-20,27.63836523,28.05726548,27.49266065,27.92066765,15928800
2023-06-21,27.92977414,28.36688789,27.67479025,28.25761032,13688200
2023-06-22,28.04815969,28.18475927,27.0009073,27.48355484,12622400
2023-06-23,27.54729923,27.77496286,27.17393101,27.62015152,6838600
2023-06-26,27.72032359,28.002626,27.00090569,27.40159416,6572900
2023-06-27,27.59283241,27.80228428,26.70039136,27.22857094,8378300
2023-06-28,27.01911947,27.6747901,26.83698787,27.31963539,10744000
2023-06-29,27.31963847,28.3395724,27.16482711,28.18476105,8862100
2023-06-30,28.34867432,29.18647654,28.13922419,28.64008522,14272000
2023-07-03,28.76757492,29.63269736,28.75846816,29.47788429,16465600
2023-07-04,29.27754181,29.44145989,29.03166296,29.42324638,3154700
2023-07-05,29.07720005,29.92410905,29.06809329,29.25022316,7482500
2023-07-06,28.85864273,29.14094515,28.07547927,28.09369278,10216700
2023-07-07,28.23939569,29.61448416,28.14832989,29.33218002,11175300
2023-07-10,29.27754291,29.45056601,28.70382961,28.7766819,7610400
2023-07-11,28.77668329,28.86774909,27.86602876,28.62187195,9762000
2023-07-12,28.71293636,29.22290239,28.43063223,28.7766819,6419900
2023-07-13,28.77668095,29.60537462,28.77668095,29.59626961,8218400
2023-07-14,29.11362247,29.56895143,28.88595885,29.06809044,9038900
2023-07-17,28.95881428,29.97874641,28.81310969,29.97874641,7275400
2023-07-18,29.97874465,30.47049892,29.74197601,30.29747581,6630700
2023-07-19,30.32479762,30.32479762,29.66002017,29.95142937,8351100
2023-07-20,30.22462008,30.38853816,29.76929286,30.34300613,7175600
2023-07-21,30.48871188,31.39936637,30.39764782,31.03510666,8615200
2023-07-24,30.80744437,31.05331803,30.37032713,30.6890583,7437300
2023-07-25,30.96225212,31.2991933,30.37032532,30.5615654,9818100
2023-07-26,30.60710041,30.92582812,30.23373218,30.80744553,5849000
2023-07-27,30.78922993,31.25366219,30.43407175,30.55245781,7235900
2023-07-28,30.71638055,30.9531527,30.32479878,30.81655312,3876500
2023-07-31,30.73459249,31.10796074,30.64352843,30.97136116,6635800
2023-08-01,30.76191306,30.91672616,30.18820313,30.78012657,6144300
2023-08-02,30.50693049,30.67995362,29.73287544,30.24283981,8727600
2023-08-03,30.52513768,31.17170151,30.1517695,30.40675163,9324000
2023-08-04,30.23372899,30.70726972,29.89678781,30.00606537,6595500
2023-08-07,30.09958526,30.57896298,29.97051824,30.43146133,7606200
2023-08-08,29.50957613,30.64349926,28.85503776,30.42224503,9122700
2023-08-09,30.62506419,30.71725141,29.7123952,30.34849548,16620400
2023-08-10,30.43146583,30.95694426,30.05349258,30.28396416,11736100
2023-08-11,30.28396259,30.33005972,29.59254789,29.7584877,8236900
2023-08-14,30.04427466,30.0995891,29.2791091,30.09036827,20857500
2023-08-15,30.25630631,30.25630631,29.18691841,29.3067646,7434400
2023-08-16,29.47270284,29.80458421,28.51394205,28.66144371,10794800
2023-08-17,28.85503809,28.87347624,27.68424392,27.88705826,11909800
2023-08-18,27.60127287,28.50472091,27.49064576,28.30190659,8702300
2023-08-21,28.07143784,28.55081736,27.85018358,28.07143784,7582900
2023-08-22,28.45862951,29.0670743,28.39409599,29.02097893,11121400
2023-08-23,29.13160664,30.30240088,29.00254137,30.11802292,10987400
2023-08-24,30.10880533,30.45912309,29.89677191,30.06271172,12405700
2023-08-25,30.1548986,30.20099221,29.10394883,29.68473816,7944100
2023-08-28,29.93365078,30.26553043,29.48192492,29.91521263,5801500
2023-08-29,30.21021455,30.60662594,29.8691176,30.55131149,5775400
2023-08-30,30.66193669,30.84631465,30.11802363,30.29318428,4952600
2023-08-31,30.13646358,30.28396525,29.53723956,29.93365097,6583900
2023-09-01,29.95208668,30.53287251,29.73083243,29.77692604,9738300
2023-09-04,29.66629948,30.05349001,29.09472924,29.28832626,5225800
2023-09-05,29.03019781,29.49114093,28.67988181,29.00254059,9013000
2023-09-06,29.01175956,29.21457566,28.3111258,28.54159737,5649300
2023-09-08,28.45862884,28.6522241,28.14518738,28.26503181,5922100
2023-09-11,28.52316117,28.69831829,28.0437799,28.56003571,5891500
2023-09-12,28.61535061,29.35285893,28.56003617,29.17770004,5964000
2023-09-13,29.17769892,30.56974735,29.13160532,30.27474403,17339400
2023-09-14,30.5974048,30.97537804,29.97974267,30.97537804,11796400
2023-09-15,30.92928397,30.95694295,30.18255834,30.23786926,6926700
2023-09-18,30.04427453,30.2286525,29.49114241,29.73083305,6203100
2023-09-19,29.59254484,29.85989267,28.81816207,28.94722557,9798400
2023-09-20,29.28832732,29.28832732,28.59691262,28.63378716,8871600
2023-09-21,27.97002888,28.58769274,27.66580649,28.42175293,14578100
2023-09-22,28.49550813,29.00254494,28.40331914,28.5969162,9928500
2023-09-25,28.55081983,28.63378975,28.15441018,28.48628807,7474800
2023-09-26,28.53238283,28.55081922,27.77643456,27.85018539,9418200
2023-09-27,27.91471836,28.25581532,26.90064306,27.5551815,17859200
2023-09-28,27.51830487,28.59691185,27.40767775,28.32034492,10471000
2023-09-29,28.6337863,28.8366024,28.33878298,28.64300537,6052800
2023-10-02,28.64300764,28.68910301,27.82252938,28.23737717,7559900
2023-10-03,27.92393416,28.255812,27.60127364,27.73033714,7265500
2023-10-04,27.73033824,28.66144356,27.72111917,28.42175293,5995900
2023-10-05,28.3019083,28.67066244,28.04377952,28.40331459,4984900
2023-10-06,28.04378051,28.90113502,27.33392766,28.51394272,9595700
2023-10-09,28.44941485,28.57847838,27.88706358,28.29269409,8539400
2023-10-10,28.44019122,28.89191527,28.24659419,28.66144371,3879000
2023-10-11,29.0394174,29.40817156,28.71675686,29.39895248,10218700
2023-10-13,29.63864425,29.70317601,28.35722117,28.54159737,11020600
2023-10-16,28.67988171,28.84582152,28.42175293,28.42175293,4839000
2023-10-17,27.99768816,28.44941224,27.65658944,27.87784195,5848700
2023-10-18,27.57361955,27.82252927,26.90986203,27.07580185,12843700
2023-10-19,27.08501539,27.69346189,26.95595188,26.97439003,7102600
2023-10-20,26.74392103,27.30627222,26.61485752,26.94673538,6980700
2023-10-23,26.79923219,28.37565855,26.79923219,27.98846626,13685500
2023-10-24,28.08987454,28.79972741,28.03456186,28.44941139,8887100
2023-10-25,28.44941034,28.71675644,27.97924814,28.44019127,10728500
2023-10-26,28.67988119,28.91035275,28.00690291,28.68910027,8153500
2023-10-27,28.70753928,29.10395068,27.71190213,27.87784195,8219800
2023-10-30,28.20972005,28.2281582,27.03892407,27.25095749,8838000
2023-10-31,27.26939602,27.49064852,26.84532918,27.28783417,12005300
2023-11-01,27.50908431,27.65658596,27.14954925,27.23251915,10453900
2023-11-03,28.0069046,29.49114208,27.77643303,29.47270393,17882800
2023-11-06,29.52801467,29.89677056,29.03941609,29.69395447,5799000
2023-11-07,29.50036057,30.52365489,29.50036057,30.20099258,9338100
2023-11-08,30.47756122,31.16897592,30.08114985,30.96615982,13285300
2023-11-09,31.23350645,31.24272377,29.91520886,30.05348969,4110000
2023-11-10,30.14568376,31.38101158,30.10880746,31.34413528,8877100
2023-11-13,31.25194225,31.29803585,30.70802927,30.78177834,2646200
2023-11-14,31.15976004,31.99867654,30.82788037,31.45476341,7909100
2023-11-16,31.59304419,32.0724255,31.27960271,31.37178993,10477500
2023-11-17,31.46397842,31.5838211,30.68037301,30.7541256,5051100
2023-11-20,31.06756845,31.15053836,30.34849476,30.59740448,8669100
2023-11-21,30.24709006,30.41302987,29.81380238,30.09958839,7361900
2023-11-22,30.38537238,31.06756981,30.23787071,30.72647285,8059100
2023-11-23,30.92928348,31.37178846,30.45912303,31.06756783,6522000
2023-11-24,31.06756745,31.06756745,30.57896534,30.79100227,2675200
2023-11-27,31.06756786,31.35335036,30.50521668,31.20584869,6446000
2023-11-28,31.22428908,31.55616872,30.96616203,31.34413528,6410800
2023-11-29,31.43631852,31.98945236,31.27959955,31.98945236,9029400
2023-11-30,31.98945509,32.81915065,31.64835815,32.76383972,12374200
2023-12-01,32.67164266,32.74539524,31.88804087,32.46883011,12790100
2023-12-04,32.33055139,32.58867842,32.14617343,32.24758148,5576600
2023-12-05,32.40617933,32.55466466,32.0442552,32.29481888,4812000
2023-12-06,32.47113675,32.54537586,31.58952477,31.80296707,5587000
2023-12-07,31.94216428,32.34120964,31.25543754,31.58024025,7984300
2023-12-08,31.73801069,32.12777402,31.46888636,31.89577103,5529600
2023-12-11,31.58024573,32.16489425,31.58024573,32.03497314,2798600
2023-12-12,32.1834534,32.22985328,31.64520479,31.88648987,3262800
2023-12-13,31.98857591,33.40843319,31.73801224,33.20426941,9669500
2023-12-14,33.41770993,34.4478038,33.2599496,34.18796158,11432800
2023-12-15,34.24364396,34.55916817,33.2970713,33.86315918,9322100
2023-12-18,34.19723784,34.49420137,33.82603519,34.33644104,6517200
2023-12-19,34.16939596,34.78188364,34.03947487,34.39212036,4546100
2023-12-20,34.24363612,34.3642751,33.6497056,33.99307251,5570600
2023-12-21,34.299315,34.299315,33.45482441,34.02091217,6340600
2023-12-22,34.2250796,34.2250796,33.57547056,34.15083694,4830100
2023-12-26,34.1508405,34.67980705,33.96523739,34.60556793,3360500
2023-12-27,34.42924429,35.16237463,34.36428373,34.85613251,5075700
2023-12-28,34.84684106,35.37580748,34.73548064,34.90252304,5348800
2024-01-02,34.90252648,35.09740812,34.19723548,34.54988098,5020500
2024-01-03,34.34571669,34.81900471,33.81675022,33.90955353,10161200
2024-01-04,33.9358715,34.00110023,33.05067172,33.50724792,7690100
2024-01-05,33.4420183,34.56016954,33.26497908,34.22472382,8636100
2024-01-08,34.10358891,35.32423782,34.10358891,35.32423782,7777700
2024-01-09,35.05402312,35.54787543,35.01675414,35.20310974,7135300
2024-01-10,35.24969985,35.51060053,34.78380376,35.18447113,5303200
2024-01-11,35.10061501,35.28697418,34.62540249,34.93289566,6505300
2024-01-12,34.88630384,35.874005,34.05700923,35.72491837,9232800
2024-01-15,35.72491627,35.99513689,35.41742311,35.84605026,2266100
2024-01-16,35.40810073,35.65036512,35.10060762,35.25901413,6385000
2024-01-17,35.22174678,35.43605857,34.08496264,34.43904114,15066500
2024-01-18,34.52290297,34.59744806,33.6376996,34.05700684,8906400
2024-01-19,34.31790985,34.53222164,33.76815229,34.30858994,9374700
2024-01-22,34.31790309,34.47630603,33.63769176,34.34585571,8042700
2024-01-23,34.48562734,34.79312047,34.22472667,34.70925903,9165300
2024-01-24,34.98879389,35.19378929,34.47630892,34.83039093,7835400
2024-01-25,34.78380386,35.04470453,34.26199895,34.47631073,8311200
2024-01-26,34.81175736,34.82107372,34.31790863,34.51358414,6624200
2024-01-29,34.52290235,34.52290235,34.01041732,34.15950394,3057400
2024-01-30,34.15950409,34.24336554,33.13453403,33.45134354,7944200
2024-01-31,33.54451986,33.98246334,33.22771036,33.56315613,11215300
2024-02-01,33.62838494,34.23405137,33.33021168,34.17814255,7699800
2024-02-02,34.25267705,34.5508538,33.68428683,34.16881561,8178700
2024-02-05,34.6626752,34.75585301,33.5445237,34.45767975,5046900
2024-02-06,34.4390387,35.03538513,34.12222921,34.98879623,9095700
2024-02-07,34.98879868,35.8460494,34.81175943,35.76218796,9861200
2024-02-08,35.63173664,35.96717886,34.6999444,34.78380585,11774600
2024-02-09,34.77448299,35.11924509,34.62539639,35.00743103,8294200
2024-02-14,34.58812332,34.83970762,34.32722266,34.49494553,4706500
2024-02-15,34.55085791,34.66267199,33.83337746,34.21541214,8124700
2024-02-16,34.22472799,34.31790935,33.62838154,33.93587112,4919400
2024-02-19,33.64701685,34.4390388,33.5538355,34.37381363,3649700
2024-02-20,34.08495938,35.03538426,34.08495938,34.76516724,6251700
2024-02-21,34.76517004,35.43605804,34.39245172,35.43605804,14870700
2024-02-22,35.46401486,35.51060376,35.10061289,35.24038315,3524700
2024-02-23,35.40810291,35.40810291,34.09427608,34.42972183,6276600
2024-02-26,34.38313293,34.75584767,34.18745387,34.42972183,3837500
2024-02-27,34.68131277,34.68131277,33.77747304,34.06632996,9752700
2024-02-28,33.91724075,34.15018882,33.58179496,33.90792084,7537400
2024-02-29,33.73088158,34.12223264,33.42338842,33.90792084,7680300
2024-03-01,33.83338118,33.91724264,33.41407392,33.55384064,5564400
2024-03-04,33.55384064,33.55384064,33.55384064,33.55384064,0
2024-03-05,33.5538372,33.79610518,32.8829492,33.12521362,7014200
2024-03-06,33.11589052,33.6936006,32.9854402,33.2556572,11834100
2024-03-07,33.07862325,33.43270528,32.69658859,33.14384842,5877700
2024-03-08,32.92021968,33.62838018,32.44500367,33.19975662,8747500
2024-03-11,33.07862031,33.31156834,32.99475887,33.13452911,5799900
2024-03-12,33.36748085,34.21541164,33.2277106,33.93587112,5781400
2024-03-13,33.81473964,35.08197759,33.78678345,34.84902954,8593700
2024-03-14,34.91425594,34.99811738,34.2899533,34.64403534,5457100
2024-03-15,34.5415375,35.00743361,33.79610443,33.79610443,13136600
2024-03-18,34.10359527,34.15018773,33.19043928,33.49793243,5821100
2024-03-19,33.45134401,33.99178168,33.33952637,33.91724014,6104300
2024-03-20,33.73088165,34.93289456,33.6470202,34.75585175,7997600
2024-03-21,34.75585409,34.96084955,34.42972819,34.72790146,5506300
2024-03-22,34.42040611,34.59744892,34.18745804,34.18745804,4778400
2024-03-25,34.1035945,34.56017426,33.86133008,34.40176773,4242800
2024-03-26,34.19677489,35.03538575,34.19677489,34.74653244,6644800
2024-03-27,34.76517142,35.06334467,34.14086874,34.56949234,11061500
2024-03-28,34.53222052,34.5694895,33.94519043,33.94519043,6392500
2024-04-01,34.05701283,34.14087429,33.08794785,33.08794785,6764500
2024-04-02,33.08794256,33.26498537,32.39841826,33.05998993,11868800
2024-04-03,33.10657588,33.33020757,32.48227681,33.05067062,9551800
2024-04-04,33.25566127,34.28063479,33.09725831,33.34884262,7843100
2024-04-05,33.24634378,33.33952157,32.70590263,32.98544312,8090000
2024-04-08,32.98544619,33.98246358,32.83635957,33.84269333,7547900
2024-04-09,33.85200882,34.16881472,33.68428596,33.85200882,6716600
2024-04-10,33.63770602,33.82406522,32.44501282,32.61273575,14223300
2024-04-11,32.70590418,32.79908554,32.08160513,32.35182571,7352000
2024-04-12,32.47295324,32.47295324,31.69024773,31.96046829,7706100
2024-04-15,32.00706112,32.06296993,31.12186136,31.3454895,11013800
2024-04-16,31.17776742,31.46662429,30.67459876,31.0286808,13007900
2024-04-17,31.07527009,31.38276324,30.30188437,30.50687981,9944800
2024-04-18,30.52551289,30.81436977,30.0968893,30.3112011,8175200
2024-04-19,30.56278821,30.66528594,30.19938977,30.39506531,5640200
2024-04-22,30.51619808,31.04731941,30.24597746,31.04731941,5635300
2024-04-23,30.78641589,30.90754632,30.28324724,30.5161953,12989000
2024-04-24,30.39506131,30.5161953,30.05029919,30.5161953,5610400
2024-04-25,30.28324699,30.63732903,30.10620775,30.37642479,10119600
2024-04-26,30.7957316,31.89524668,30.49755838,31.7741127,11814300
2024-04-29,31.6250248,31.7741114,31.44798556,31.6250248,4991700
2024-04-30,31.4014013,31.5691242,31.05663914,31.12186432,6284300
2024-05-02,31.37344407,32.01638302,31.37344407,31.83934021,9124700
2024-05-03,32.35182622,33.15316808,32.30523377,32.91090012,11860400
2024-05-06,32.91090543,33.19044243,32.47296189,32.75250244,7293300
2024-05-07,33.00407791,33.4513413,32.73386088,32.91090012,7962200
2024-05-08,32.66863968,32.72454494,32.02570071,32.24933243,6858700
2024-05-09,32.01638096,32.25864537,30.59074002,30.9448185,15573400
2024-05-10,31.11254292,31.50389752,31.00072885,31.23367691,11769600
2024-05-13,31.61571017,32.20274026,31.42003465,31.74616051,8390600
2024-05-14,31.8672954,32.95749062,31.8672954,32.32387161,15412600
2024-05-15,32.61273614,33.21840266,32.46364949,33.03204346,11536200
2024-05-16,33.24634613,33.4047491,32.77113011,33.19043732,14692000
2024-05-17,32.97612267,33.22770697,32.52886287,32.6593132,16540000
2024-05-20,32.47295798,32.65931714,32.04433441,32.09092331,5978900
2024-05-21,31.83933917,32.14683232,31.69025256,31.78343391,7454800
2024-05-22,31.5411708,31.61571589,30.76778497,30.85164642,8093300
2024-05-23,30.82368906,31.02868094,30.16211387,30.3205204,9778000
2024-05-24,30.2273396,30.31120105,29.80803415,29.91053009,8860300
2024-05-27,30.23665549,30.26460811,29.65894358,30.03166008,5587200
2024-05-28,30.46960677,30.59074076,29.84530413,30.0409832,11065500
2024-05-29,29.9571202,29.9571202,29.54712937,29.75212479,7146800
2024-05-31,29.82666904,29.97575566,29.43531799,29.43531799,9388500
2024-06-03,29.64030927,30.6280085,29.55644783,30.3391552,12451500
2024-06-04,30.18074755,30.29256162,29.82666553,30.06893349,6850600
2024-06-05,29.91052577,30.39505811,29.84530061,30.27392769,6907700
2024-06-06,30.33915654,31.05663699,30.30188399,31.0286808,7297200
2024-06-07,30.60937267,30.87959326,30.24597427,30.4509697,9200700
2024-06-10,30.47892358,30.64664647,29.28623064,29.44463539,10160000
2024-06-11,29.68689799,30.12484143,29.55644588,30.03166008,5847700
2024-06-12,30.12484207,30.50687671,29.43531431,29.52849388,13676600
2024-06-13,29.62167812,30.01302918,29.32350309,29.7055378,11315200
2024-06-14,29.57508597,29.80803404,29.33281977,29.72417259,11886600
2024-06-17,29.55644989,29.71485465,29.23032402,29.50986099,7878500
2024-06-18,29.55644677,30.06893353,29.4912216,29.76144218,11903000
2024-06-19,29.67758405,30.0503006,29.34213826,30.0503006,5807400
2024-06-20,30.12484489,30.51619592,29.57508555,29.65894699,9764500
2024-06-21,29.4353158,30.32983546,29.36077249,30.26461029,17136100
2024-06-24,30.1527986,30.88891535,30.09688978,30.63733101,8266000
2024-06-25,30.79573374,30.98209291,30.39506278,30.4975605,5896700
2024-06-26,30.16211552,30.34847469,29.74281006,30.2273407,10271900
2024-06-27,30.05961375,30.36710687,29.92916341,29.99438858,10667900
2024-06-28,30.16211054,30.29256087,27.94444603,28.80169487,24176900
2024-07-01,28.86692116,29.37008979,28.60602049,29.07191658,34507700
2024-07-02,29.01600893,29.31418216,28.70851757,29.17441368,8642800
2024-07-03,29.44463496,30.34847279,29.42599869,30.0875721,12432700
2024-07-04,30.76389443,30.87713836,30.33924231,30.55628777,13211900
2024-07-05,30.54684799,30.91488174,30.14106806,30.73558426,6119800
2024-07-08,30.28261891,30.95262924,30.25430973,30.56572151,9729900
2024-07-09,30.5657236,30.5657236,29.95233338,30.17881584,15917300
2024-07-10,30.38642639,30.50910551,29.80134535,29.92402267,9493100
2024-07-11,30.29205764,30.29205764,29.77303554,30.008955,21254600
2024-07-12,29.99951782,30.68840218,29.85796471,30.68840218,5498700
2024-07-15,30.90544717,30.90544717,30.31092917,30.35811234,4182400
2024-07-16,30.4807925,30.52797567,30.15050671,30.24487305,8137100
2024-07-17,30.04670064,30.75445897,30.04670064,30.65065384,5915500
2024-07-18,30.38642283,30.66009023,29.77303088,29.89570999,7159700
2024-07-19,29.89571005,30.42417086,29.83908989,29.9617672,7248600
2024-07-22,30.05613851,30.66952873,30.05613851,30.33924294,5027400
2024-07-23,30.27318469,30.50910414,30.20712394,30.38642502,6108600
2024-07-24,30.33924045,30.44304198,30.04669906,30.16937637,7943300
2024-07-25,30.01839315,30.44304712,29.77303668,30.25431442,8556900
2024-07-26,30.38642516,30.90544722,30.22599807,30.74502373,6503500
2024-07-29,30.6223442,30.72614933,30.40529874,30.48079109,6230500
2024-07-30,30.33924299,30.56572365,30.20712507,30.24487305,4177400
2024-07-31,30.33924357,30.89601363,30.2826216,30.7733345,5781500
2024-08-01,31.04699742,31.44334032,30.84882237,30.92431831,10023900
2024-08-02,30.91488174,31.78306715,30.81108021,30.89601135,12459500
2024-08-05,29.67866685,30.22599809,29.15964299,29.99951744,13679800
2024-08-06,30.25431121,30.86769961,30.19768925,30.46191788,12296200
2024-08-07,30.66952799,31.66038895,30.58459685,31.66038895,9459100
2024-08-08,31.65095333,32.53800913,31.46221705,32.46251678,7491700
2024-08-09,32.67012241,32.98153779,32.3870198,32.57575607,7221200
2024-08-12,32.93435791,33.30239169,32.76449561,33.08534622,9386200
2024-08-13,33.19858202,33.73647802,33.09477689,33.59492493,13795400
2024-08-14,33.60437261,33.67986498,32.49083234,33.02872849,22404000
2024-08-15,33.08534572,34.19888584,33.08534572,34.15169907,10322800
2024-08-16,34.31212722,34.87833249,33.90634545,34.03845978,12872500
2024-08-19,34.32155671,34.51973176,33.70816837,34.26493835,8093500
2024-08-20,34.32156063,34.63297603,34.18001112,34.39705658,7479100
2024-08-21,34.48199283,34.7650955,34.32156571,34.68016434,5137900
2024-08-22,34.53860245,34.69902953,33.99127126,34.07620239,6235700
2024-08-23,34.30268478,34.66128334,34.01958218,34.30268478,4693500
2024-08-26,34.39705535,34.51973446,34.0195828,34.24606705,7135500
2024-08-27,34.16114429,34.29325864,33.99128197,34.00071716,4342000
2024-08-28,33.9252184,34.36874453,33.53831063,34.31212616,5749400
2024-08-29,34.06676556,34.19888347,33.47225117,33.55718231,7757400
2024-08-30,33.46281238,33.74591498,33.19858376,33.55718231,15559500
2024-09-02,33.64211418,33.70817134,32.99097421,33.3118248,3523700
2024-09-03,33.30238765,33.57605506,33.16083456,33.40619278,6531300
2024-09-04,33.2363348,34.17057385,33.18914803,33.48168945,6260900
2024-09-05,33.46281731,33.70817558,33.09478351,33.57606125,4105900
2024-09-06,33.26464559,33.63267939,32.90604699,33.01929092,3472300
2024-09-09,33.03815636,33.64211314,32.85885888,33.58549118,6448000
2024-09-10,33.40619474,33.47225189,33.01928699,33.3118248,4800300
2024-09-11,33.22689945,33.41563576,32.48139301,32.66069412,6304400
2024-09-12,32.56631853,32.56631853,32.03786128,32.14166641,4928600
2024-09-13,32.11335441,32.93435669,32.03786206,32.93435669,5984300
2024-09-16,32.96266646,33.34013903,32.78336897,33.30239105,6995500
2024-09-17,33.28352098,33.32126896,32.88717438,33.27408218,6160000
2024-09-18,32.8871698,33.87803436,32.8871698,33.22689438,7930900
2024-09-19,33.40619055,33.45337371,32.74561547,32.75505066,6572700
2024-09-20,32.60407006,32.80224155,31.45278549,31.45278549,16468100
2024-09-23,31.45278221,31.60377051,30.56572279,30.94319534,10884000
2024-09-24,31.11305644,31.29235391,30.55628642,30.85826302,8089000
2024-09-25,30.74502703,31.06587406,30.55629074,30.99981689,12277000
2024-09-26,31.10362256,31.61320949,30.8393939,31.30179405,11265400
2024-09-27,30.88657521,32.52857623,30.88657521,32.17941284,23095500
2024-09-30,32.08504447,32.43420424,31.39616013,31.39616013,12562100
2024-10-01,31.5660273,31.61321047,30.71671572,31.05644035,6750200
2024-10-02,31.58489675,32.1227928,30.62234497,30.62234497,13286500
2024-10-03,30.2259991,30.59403287,29.82965615,30.47135735,8663800
2024-10-04,30.24487134,30.87713731,30.19768818,30.66952705,6065900
2024-10-07,30.83939038,30.9620695,30.26374636,30.55628777,3018900
2024-10-08,30.66009417,30.89601363,30.49023188,30.7733345,6160600
2024-10-09,30.38642752,30.74502611,30.25431319,30.59403419,5255200
2024-10-10,30.48079302,30.53741499,30.07501307,30.1882534,9591000
2024-10-11,30.25431179,30.53741441,29.88627622,30.33924294,3156800
2024-10-14,30.39586427,30.91488639,30.12219861,30.78277206,5747200
2024-10-15,30.95263042,31.47165248,30.88657326,31.23573303,7046200
2024-10-16,31.03755886,31.52827169,30.99981089,31.34897423,8242000
2024-10-17,31.03755895,31.49052382,30.72614719,31.32066154,10156300
2024-10-18,31.60377029,31.60377029,30.74502366,31.26404572,11641100
2024-10-21,31.31122874,31.31122874,30.70727554,30.90544701,6460200
2024-10-22,30.55628885,30.88657465,30.38642656,30.50910568,4907500
2024-10-23,30.38642507,30.53741337,30.0278265,30.45248222,7670900
2024-10-24,30.33924357,30.92432281,30.21656444,30.7733345,4792200
2024-10-25,30.6695271,30.82995059,30.55628678,30.73558426,3936300
2024-10-28,31.00924907,31.53770626,30.85826078,31.40559196,7939300
2024-10-29,31.48108924,31.60376835,30.95262842,31.10361671,6972300
2024-10-30,31.17911469,31.17911469,30.74502378,30.81108093,3195000
2024-10-31,30.73558535,31.00925277,30.46191792,30.68840218,6802600
2024-11-01,30.74502195,30.74502195,29.84852559,29.90514755,7950000
2024-11-04,30.20712411,31.2829198,30.15050575,31.23573303,9841300
2024-11-05,31.28292366,31.32066804,30.69784078,31.30179405,3804700
2024-11-06,30.55628421,31.55658025,30.34867397,31.40559196,8501600
2024-11-07,31.10362093,31.8396921,30.90544945,31.20742607,4538100
2024-11-08,30.52797395,30.87713731,30.21656216,30.66952705,5564100
2024-11-11,30.52797568,31.74532091,30.36755218,31.70757294,10805900
2024-11-12,31.70757068,32.35871062,30.90544604,31.99067688,17462200
2024-11-13,31.82081777,32.16054236,31.49996716,32.04729843,7915300
2024-11-14,31.66038802,32.37758513,31.66038802,32.22659683,6627800
2024-11-18,31.97180197,32.54744595,31.95292798,32.23603058,9952300
2024-11-19,32.0850426,32.3681452,31.9434895,32.20772171,4604900
2024-11-21,31.94348868,32.03785861,31.18854724,31.32066154,14142300
2024-11-22,31.49052806,31.66039036,31.01868915,31.4244709,7864800
2024-11-25,31.35841666,31.56602695,31.01869203,31.24517632,6335200
2024-11-26,31.46222097,32.1511054,31.18855352,31.91518593,5728700
2024-11-27,32.00954954,32.02842353,30.24487305,30.24487305,12600100
2024-11-28,30.01839178,30.04670276,28.7916113,29.15964508,14859900
2024-11-29,29.09358604,29.19739117,28.06497711,28.57456398,25340100
2024-12-02,28.39526496,28.75386173,28.21596568,28.31977081,12401700
2024-12-03,28.3103352,28.91428845,28.3103352,28.37639236,12176400
2024-12-04,28.40470309,29.00865632,28.23484079,28.98978233,11864800
2024-12-05,29.26344815,29.74472403,29.19739099,29.25401115,10605100
2024-12-06,29.84853068,29.97120981,28.69724431,28.88598061,18551200
2024-12-09,28.91428795,29.33894369,28.51794319,28.65949631,7033300
2024-12-10,29.12189752,29.24457484,28.68780479,29.10302353,8240800
2024-12-11,29.20682706,30.18825098,28.62174606,29.65979195,10262200
2024-12-12,29.29175862,29.44274691,28.68780362,29.0180912,12381400
2024-12-13,28.9425979,29.06527522,28.480196,28.480196,4898200
2024-12-16,28.62174569,28.65005667,27.23454006,27.25341225,17574800
2024-12-17,27.34778018,27.84793002,27.27228603,27.57426262,11146800
2024-12-18,27.54595646,27.57426565,25.90395725,26.06438255,13988000
2024-12-19,26.31917498,27.1590495,26.03607234,26.92313004,14659800
2024-12-20,26.96439767,27.95636606,26.76409522,27.40315247,12814100
2024-12-23,27.00254782,27.31730723,26.52563951,26.63055992,8195800
2024-12-26,26.64009955,26.78317169,26.30626336,26.53517914,4578900
2024-12-27,26.80225,26.87855527,26.13457758,26.30626488,5850500
2024-12-30,26.43026015,26.56379573,25.94381523,25.94381523,13941600
2025-01-02,26.18227068,26.21088402,25.48598306,25.84843445,6061600
2025-01-03,25.75305031,26.07734813,25.44782927,25.48598099,6595900
2025-01-06,25.89685536,26.42438316,25.81053236,26.42438316,8885500
2025-01-07,26.95191337,27.55617253,26.64498796,26.89436531,8694000
2025-01-08,26.70253501,26.98068546,26.52988902,26.77926636,8663100
2025-01-09,26.76008354,27.48903228,26.73131042,27.43148422,6302600
2025-01-10,27.43148572,27.57535678,26.44356793,26.59703064,7471800
2025-01-13,27.11496931,27.53699085,26.99987136,27.16292572,7654400
2025-01-14,27.26843049,27.5082162,26.96150509,27.35475349,6522400
2025-01-15,27.62331289,29.27303973,27.57535648,28.92774773,16103900
2025-01-16,28.9277465,29.0140695,28.66877751,28.89897156,12279600
2025-01-17,29.18671612,29.18671612,28.48654231,28.82224083,7532300
2025-01-20,28.53449789,29.22508004,28.40981013,28.98529434,4292100
2025-01-21,28.92774776,29.36895441,28.92774776,29.15794182,5807000
2025-01-22,29.20590052,29.8485263,28.84142521,29.62792206,9958100
2025-01-23,29.63751302,30.06912803,29.55119002,29.65669632,13909000
2025-01-24,29.51282613,29.86770796,29.47445954,29.7238369,5799300
2025-01-27,29.72383692,30.37605436,29.65669721,30.36646271,7377900
2025-01-28,30.31850778,30.32809943,30.0691304,30.12667847,4713400
2025-01-29,30.4048293,30.4048293,29.79097663,29.95403099,3869900
2025-01-30,30.02116909,30.86521579,29.99239598,30.7405262,7756800
2025-01-31,30.78848241,31.64212258,30.66379465,31.2392807,14859200
2025-02-03,31.19132443,31.32560384,30.59665509,30.69256973,7490300
2025-02-04,30.59665521,30.78848267,30.08831069,30.32809639,8052500
2025-02-05,30.15545167,30.51992514,29.6471053,30.40482903,7522400
2025-02-06,30.36646115,30.98990544,29.9636211,30.78848267,8169400
2025-02-07,30.78848348,31.17214208,30.63502261,30.80766678,10328400
2025-02-10,31.17214224,31.17214224,30.14585969,30.26095581,14660500
2025-02-11,30.26095603,31.44070129,30.23218292,30.99949646,11255300
2025-02-12,30.46237741,30.88440078,30.2225917,30.41441917,13749500
2025-02-13,30.23218134,30.55829003,29.97321234,30.31850433,6320100
2025-02-14,30.6829814,31.88191186,30.53911033,31.69008255,11688000
2025-02-17,31.69007855,32.37106905,31.69007855,32.05455017,5263900
2025-02-18,32.13128362,32.34229621,31.79558511,32.15046692,6240400
2025-02-19,31.8051761,31.9778221,31.40233787,31.53661728,7959200
2025-02-20,31.72844989,32.08333175,31.23928495,31.93945885,8618600
2025-02-21,31.93945552,32.08332841,31.5653904,31.949049,11963400
2025-02-24,32.03536993,32.03536993,31.09540679,31.30641937,8091400
2025-02-25,31.41192685,31.64212274,31.05704504,31.10500145,10105900
2025-02-26,31.45988354,31.48866031,30.88439931,31.06663513,11152700
2025-02-27,31.10500116,31.32560356,30.73093605,30.73093605,11958400
2025-02-28,30.70215995,30.91317254,30.21299872,30.28973007,13479100
2025-03-05,30.06912682,30.72134238,29.78138288,30.63502121,10101800
2025-03-06,30.63502265,30.7309373,30.08831152,30.16504288,10279800
2025-03-07,29.93484551,31.31601346,29.67587835,30.76930237,7194400
2025-03-10,30.50074133,30.83644352,30.28013892,30.57747269,6403700
2025-03-11,30.65420418,31.12418577,30.16504294,30.62543106,7062000
2025-03-12,30.78848435,31.13377636,30.68297988,31.00909042,8835100
2025-03-13,31.08581983,32.13128569,30.79807771,32.01618958,11654800
2025-03-14,32.13128128,33.01369083,31.96822878,32.55330276,10124600
2025-03-17,32.64922333,33.64673277,32.47657732,33.47408676,8721200
2025-03-18,33.33021382,34.20303367,33.33021382,34.11671066,10512700
2025-03-19,34.11670541,34.72096634,34.0399759,34.35649109,11984200
2025-03-20,34.31812978,34.6250552,33.88651843,34.11671066,6626800
2025-03-21,33.95365965,34.6058771,33.85774316,34.33731461,13364500
2025-03-24,34.65383337,34.68260648,33.7042803,33.78101349,6618700
2025-03-25,33.79059756,34.23180234,33.78100775,34.01119995,6208300
2025-03-26,34.33731457,34.33731457,33.58918429,33.87692642,5115000
2025-03-27,33.97283462,34.0495678,33.20552115,33.49326324,10046100
2025-03-28,33.28225746,34.02079789,33.10961146,33.47408676,7313800
2025-03-31,32.80268388,32.80268388,32.17923961,32.32311249,19678400
2025-04-01,32.5149437,32.74513593,32.16005821,32.73554611,12950200
2025-04-02,32.76431695,33.16715882,32.40943515,32.95614624,3920300
2025-04-03,33.05205801,33.91528794,32.71635951,33.38776016,7359000
2025-04-04,33.07124219,33.07124219,31.44069875,31.67089462,7358600
2025-04-07,31.2776485,33.04247147,30.95153979,32.27515793,10317700
2025-04-08,32.27515963,32.99451679,32.02578043,32.22719955,14001200
2025-04-09,32.03537201,33.39735308,31.22009841,32.63962936,14262400
2025-04-10,32.3327052,32.3327052,31.64212482,32.20801926,8755800
2025-04-11,32.38065728,32.45739046,31.94904598,32.19842148,8776800
2025-04-14,32.36147955,33.09042646,32.24637978,32.97533035,6055800
2025-04-15,32.96573742,33.18633983,32.67799531,32.89859772,4435700
2025-04-16,32.71636255,32.97533155,32.33270395,32.63962936,5708900
2025-04-17,32.8506432,33.31103134,32.44780496,33.31103134,6110000
2025-04-22,32.90819052,33.81937324,32.90819052,33.52204132,5247900
2025-04-23,33.9056965,34.48118438,33.86733357,34.26058197,6784300
2025-04-24,34.60587758,34.97994273,34.12630613,34.62505722,7774800
2025-04-25,34.62505429,35.24849859,34.49077488,35.1046257,8555400
2025-04-28,35.37318608,35.78561776,35.06626069,35.6033783,7502500
2025-04-29,35.60338194,35.92949066,35.4595127,35.87194443,8055700
2025-04-30,35.78562296,36.77353898,35.66093336,36.55293655,9105400
2025-05-02,36.11172878,36.66802972,36.02540578,36.2076416,8443000
2025-05-05,36.37069831,36.52416469,35.81439731,35.93908691,5567500
2025-05-06,35.98703891,35.98703891,35.6609302,35.8335762,4624200
2025-05-07,36.15009367,36.29396657,35.88153484,36.25559998,4657900
2025-05-08,36.65843803,38.93160538,36.65843803,38.452034,19387200
2025-05-09,38.26980026,39.32485591,38.21225037,39.14262009,14974100
2025-05-12,38.80692138,39.37281584,37.69431574,38.12593079,12741200
2025-05-13,38.03960533,39.38240679,37.90532592,38.89324188,10157700
2025-05-14,38.82610392,39.31526884,38.49999519,38.74937439,8310400
2025-05-15,38.65345075,39.1713887,38.40407525,38.85486984,7344300
2025-05-16,38.84528785,38.84528785,37.93410135,38.3081665,6980500
2025-05-19,38.12592641,39.13302562,38.06837652,38.84528351,6551900
2025-05-20,39.10425243,39.10425243,37.89573045,38.38489532,5509300
2025-05-21,38.07797367,38.36571581,37.57921893,37.92451096,6493500
2025-05-22,37.98205648,38.78773664,37.70390783,38.00123978,6092600
2025-05-23,36.50497458,38.07796811,36.50497458,38.06837463,7504500
2025-05-26,38.07797095,38.55754236,37.99164795,38.31775665,2309500
2025-05-27,39.28649117,39.58382678,38.84528633,39.37281418,9944800
2025-05-28,39.33444579,39.61259809,39.03711386,39.60300827,5319300
2025-05-29,39.32485552,39.67014752,38.50958559,38.95079041,3989500
2025-05-30,39.31526527,39.31526527,37.88614088,37.93409729,12965900
2025-06-02,38.31775977,38.90283753,37.80941154,38.11634064,8711000
2025-06-03,37.74226973,39.10425448,37.74226973,38.89324188,5752100
2025-06-04,38.94119654,39.22894231,38.63427113,38.75896072,8068100
2025-06-05,38.79732659,39.09465851,38.27938861,38.55754089,7688900
2025-06-06,38.79733005,38.87405958,38.10674601,38.36571503,3675900
2025-06-09,38.10674564,38.41367106,37.79023039,38.17388535,7978900
2025-06-10,38.36571103,38.95078871,38.08755875,38.08755875,4586000
2025-06-11,37.92450599,39.07547805,37.8861394,38.53835678,8325800
2025-06-12,38.36571367,39.56464223,38.15470108,39.52627563,6015200
2025-06-13,39.32485138,39.36321797,38.85486984,38.85486984,6730800
2025-06-16,39.11384397,40.0442137,39.01793115,39.70851517,4994100
2025-06-17,40.00584793,40.12094771,39.7372891,40.00584793,4150000
2025-06-18,39.98666442,40.38950632,39.57423269,40.09217072,6693300
2025-06-20,39.63178339,40.11135483,39.55505386,40.11135483,6190600
2025-06-23,40.12094513,40.14012477,39.10425245,39.85238266,8456300
2025-06-24,39.98666371,40.96498985,39.833201,40.71561432,8191600
2025-06-25,40.28400262,40.53337817,40.00585029,40.42787552,12470200
2025-06-26,40.6580681,40.6580681,40.07299033,40.43746567,5527300
2025-06-27,40.10176359,40.47582872,39.79483818,39.98666382,4379300
2025-06-30,39.87156722,40.83071005,39.65096481,40.52378464,8334500
2025-07-01,40.55255954,41.11845398,40.3223673,41.11845398,4238200
2025-07-02,41.3678297,41.3678297,39.60300681,39.84279251,10367900
2025-07-03,39.8044257,40.9458043,39.75646929,40.5717392,5225300
2025-07-04,40.37991165,40.97458284,40.11135283,40.70602036,2710000
2025-07-07,40.56215237,40.56215237,40.04421435,40.27441025,4649100
2025-07-08,39.80442722,39.96747974,38.9124241,39.3248558,13216400
2025-07-09,39.00833191,39.49749674,38.98915228,39.47831345,21627200
2025-07-10,38.91242371,39.28648883,38.26979978,39.13302612,14172500
2025-07-11,39.02751733,39.3728093,38.56712924,39.16180038,7406300
2025-07-14,39.19057562,39.30567173,38.75896063,38.94119644,4004400
2025-07-15,39.22894275,39.46872845,38.49040234,38.58631516,7307500
2025-07-16,38.6822338,39.49750378,38.48081101,39.37281418,16498800
2025-07-17,39.03711525,40.20726705,38.73977964,40.00584793,6837400
2025-07-18,39.66055828,40.37991547,38.26021049,38.68223572,13833800
2025-07-21,38.46162747,38.94119891,37.7710471,38.17388535,7863800
2025-07-22,38.36571756,38.89324545,37.72309355,38.05879211,6280800
2025-07-23,38.07797315,38.73978043,37.78063754,38.73978043,6641600
2025-07-24,38.1930665,38.50958539,37.81900139,37.84777451,4727100
2025-07-25,37.84777821,38.15470365,37.41616317,37.75186539,4980000
2025-07-28,37.7518612,37.84777402,36.53374941,36.91740799,9459000
2025-07-29,37.21474146,37.38738746,36.86944945,37.13801193,8888000
2025-07-30,37.01331917,37.88613894,36.62007079,37.52166367,17070700
2025-07-31,37.71349727,37.88614328,36.65844158,37.53126144,5961700
2025-08-01,38.3177558,38.44244539,37.3202464,37.47370911,4618300
2025-08-04,37.95328063,38.03960363,37.32983634,37.56962204,3932900
2025-08-05,37.42575064,38.15469753,37.29147124,37.60798645,4681300
2025-08-06,37.98205306,38.70141015,37.62717125,38.19306564,13498200
2025-08-07,38.6534535,39.13302489,38.15469881,38.64386368,5940600
2025-08-08,38.941199,39.65096633,38.63427357,39.09466171,11263900
2025-08-11,39.14723811,39.67296666,38.82596203,38.9622612,5105400
2025-08-12,41.1625265,44.28768811,40.9094,44.07350159,40024200
2025-08-13,43.81064239,43.94694157,42.89548808,43.12914276,15450400
2025-08-14,42.82733465,44.11244641,42.66182586,43.33358765,7705600
2025-08-15,43.80090557,43.80090557,42.84680393,43.275177,7071800
2025-08-18,43.05125894,44.43372631,43.05125894,43.87879181,8717900
2025-08-19,43.46989129,43.51856903,41.99979887,42.35028458,7315500
2025-08-20,42.16530885,42.29187025,41.60063659,41.88297272,5873700
2025-08-21,41.91217595,41.91217595,41.38644741,41.48380661,7563000
2025-08-22,41.62010834,42.34055162,41.39618774,42.15557098,19733400
2025-08-25,42.33081606,42.57420852,41.85376892,42.10689545,4902900
2025-08-26,42.10689274,42.10689274,41.54222049,41.91217804,4472800
2025-08-27,41.86350011,42.86627579,41.68825726,42.86627579,5632600
2025-08-28,43.12914165,44.21953879,42.93442695,43.32385635,8611700
2025-08-29,43.50883051,44.13191826,43.19728849,43.67433929,10425500
2025-09-01,43.77169644,44.24874726,42.97336951,43.24596786,2485800
2025-09-02,42.72024411,43.35306226,42.4963235,43.32385635,7235200
2025-09-03,43.1486146,43.35306338,42.72997928,43.12914276,7430000
2025-09-04,43.28491146,44.51161146,43.05125679,44.20006943,6909800
2025-09-05,44.78421288,45.58253985,44.45319898,45.04707718,6882000
2025-09-08,45.26126061,45.26126061,44.13191982,44.26821899,8082400
2025-09-09,44.15138631,44.42398836,43.83984429,44.35583878,5057000
2025-09-10,44.28769079,45.348882,44.25848118,44.40451813,15471400
2025-09-11,44.69659084,45.84540354,44.63817531,45.14443207,7180900
2025-09-12,44.60896796,45.07628102,44.34610367,44.34610367,6734700
2025-09-15,44.58949659,45.35861763,44.521347,44.65764618,6509400
2025-09-16,44.99839731,44.99839731,44.58949606,44.82315445,6169000
2025-09-17,44.73553235,46.04985007,44.73553235,45.46570969,8736400
2025-09-18,45.50465497,45.73830965,45.25152474,45.51438904,5922200
2025-09-19,45.74804785,46.63399624,45.58253905,46.23483276,9928000
2025-09-22,46.30298353,46.40033903,45.56306836,45.90382004,4744300
2025-09-23,45.90381557,46.63399289,45.82592821,46.54637146,4461500
2025-09-24,46.51716403,46.68267283,46.1374724,46.56584549,7463600
2025-09-25,46.63399619,46.75082353,46.05958985,46.09852982,5263200
2025-09-26,46.38086478,46.86764968,46.19588786,46.77029419,3814800
2025-09-29,46.87738401,47.80227228,46.46848279,47.55887985,6690500
2025-09-30,47.89963212,48.1917023,46.90659053,46.98447418,7678700
2025-10-01,47.59782593,47.81201247,46.28350822,46.55610657,6326700
2025-10-02,46.53663268,46.76055327,45.58253478,45.991436,4768900
2025-10-03,45.89407666,46.66319764,45.81619301,46.53663254,4618000
2025-10-06,46.64372642,46.71187601,45.64095077,46.37112808,4015200
2025-10-07,46.0693226,46.28350915,44.46293095,44.82315445,16249000
2025-10-08,44.92050961,46.3808643,44.92050961,46.1861496,9710500
2025-10-09,46.5853098,46.99421102,46.06931904,46.15694046,6340900
2025-10-10,46.40033402,46.75081972,45.43649833,45.8940773,8014700
2025-10-13,46.47822086,46.47822086,45.98169821,46.05958557,3143100
2025-10-14,45.98170223,46.01090813,44.78421179,45.1736412,10120900
2025-10-15,44.81341533,47.08183467,44.62843841,46.17641449,24915000
2025-10-16,45.76751579,46.20562296,44.43372617,44.56029129,13862700
2025-10-17,44.33636842,45.21257898,43.92746718,45.15416718,7795300
2025-10-20,45.44623947,45.74804745,44.99839825,45.44623947,5951900
2025-10-21,45.17363623,46.04984675,44.92050603,45.64094925,5120200
2025-10-22,46.09852821,46.37113028,45.7480462,46.04985046,6351400
2025-10-23,46.14720748,46.43927766,45.71883441,46.03037643,6050900
2025-10-24,46.39060211,46.85791517,46.17641557,46.39060211,4187800
2025-10-27,47.1207799,47.13051396,46.41980846,46.49769211,5240600
2025-10-28,46.49769376,46.83844543,46.27377315,46.68267441,4268400
2025-10-29,46.87738505,48.2695901,46.87738505,48.25011826,11214000
2025-10-30,47.78281067,48.77584866,47.5394182,47.82175064,12866200
2025-10-31,48.19170225,48.40588878,47.48099679,47.52967453,7662800
2025-11-03,48.09435015,48.09435015,46.98447744,47.21813583,5588700
2025-11-04,47.11104032,47.80227396,46.89685378,47.74386215,6048900
2025-11-05,47.74386401,49.21395278,47.67571443,49.05818176,9600800
2025-11-06,48.92188321,49.62285467,48.70769667,48.89267731,5821100
2025-11-07,48.67848527,49.25289154,48.58112978,49.25289154,6100800
2025-11-10,49.5839118,50.68404675,49.44761262,49.85651016,10668100
2025-11-11,51.22923943,52.26122471,50.05122092,51.01505661,18905300
2025-11-12,51.06373514,52.37805284,50.75219311,52.25148773,14058900
2025-11-13,52.13465823,53.2542649,51.99835906,52.57276535,17188900
2025-11-14,52.49488411,52.70907066,51.59920164,51.97889328,10473800
2025-11-17,52.19307718,52.22228309,51.24871329,51.57972717,14274000
2025-11-18,50.9371681,51.52130846,50.83007484,51.00531769,6671900
2025-11-19,50.68404653,50.87875753,50.22646752,50.74245834,7483600
2025-11-21,50.2362018,50.50880388,49.26263197,49.85651016,7939700
2025-11-24,49.9441294,50.30434919,49.50602226,49.83703613,9202500
2025-11-25,49.94412772,50.57694955,49.22368818,50.4017067,5878200
2025-11-26,50.67430753,51.48237225,50.28488184,51.27791977,7409000
2025-11-27,51.17082917,51.6770859,51.05399812,51.26818466,2457800
2025-11-28,51.60892968,52.84536369,51.60892968,52.57276535,6504800
2025-12-01,52.62144528,52.82589404,52.00809529,52.25148773,3445200
2025-12-02,52.57276787,53.72158051,52.45594054,53.72158051,5700500
2025-12-03,53.92602807,54.65620539,53.61448605,54.59779358,8799600
2025-12-04,55.16246188,55.7952837,54.72435475,55.41558838,10489900
2025-12-05,55.36691315,55.47400642,50.820344,51.03452682,15402400
2025-12-08,51.77444131,51.83285683,50.2946148,51.54078293,10922400
2025-12-09,51.14161911,51.29739013,49.86624508,50.82034302,15113500
2025-12-10,50.89822698,52.16387066,50.83007739,52.01783371,10755900
2025-12-11,52.01783555,53.77026048,51.79391494,53.33215332,9599300
2025-12-12,53.3224138,54.51990411,53.24452644,53.8286705,7252300
2025-12-15,54.32519462,55.49347914,54.21810135,54.96775055,6660700
2025-12-16,54.13047942,54.13047942,52.09571838,52.09571838,10155500
2025-12-17,51.60893278,51.78417564,49.64232508,50.38223648,14692300
2025-12-18,50.38223571,51.63814161,50.08042775,51.36553955,9506600
2025-12-19,51.34099659,52.30413119,50.97736127,51.36064911,7955000
2025-12-22,51.12478188,51.46875719,50.29923739,50.67269897,4724200
2025-12-23,50.82011403,52.28447405,50.82011403,51.95032501,3988600
2025-12-26,51.54738235,51.94049646,51.13460824,51.54738235,2571800
2025-12-29,51.49824309,51.72428454,50.8790838,51.53755188,4830000
2025-12-30,51.79219977,52.40325799,51.77248773,51.82176971,4172300
2026-01-02,52.40326066,52.64965553,51.36840292,51.43739319,3901500
2026-01-05,51.47681781,53.47754303,51.25013497,52.8270607,5441900
2026-01-06,53.20158191,54.17730728,53.20158191,53.52682495,4560900
2026-01-07,53.1325914,53.46768858,51.77249062,52.48210907,4471400
2026-01-08,52.3047018,53.70422659,52.23571154,53.61552429,6647300
2026-01-09,53.61552688,54.88692159,53.50711253,53.93091202,5274500
2026-01-12,53.61552624,53.77321881,52.9847522,53.2902832,4598600
2026-01-13,52.91575976,53.52682173,52.00902846,52.62008667,7179100
2026-01-14,52.96504207,53.89148541,52.48210648,53.71408081,7456700
2026-01-15,54.05903423,54.42370135,53.47754217,54.28572083,7038100
2026-01-16,54.28571863,54.47297737,53.221291,53.61552429,5636300
2026-01-19,53.46768852,54.12802498,53.46768852,54.02946854,2129900
2026-01-20,54.17730493,54.56168032,53.3001398,54.30542755,5683800
2026-01-21,55.04461243,57.15375567,54.67009493,56.8975029,11414100
2026-01-22,57.15375777,59.27275147,56.80880268,57.46914291,16209600
2026-01-23,57.49870753,59.39101835,57.47899549,58.23789215,11815900
2026-01-26,58.62226937,59.75568732,58.0407773,59.36145401,11168400
2026-01-27,60.19919871,61.24391059,59.8049654,60.81025696,11595100
2026-01-28,61.19463133,61.88453774,60.18933979,61.32275772,7986400
2026-01-29,61.84511244,61.84511244,59.00664248,60.09078217,20184000
2026-01-30,60.12034889,60.24847528,58.50399913,59.08549118,7466500
2026-02-02,59.95280175,60.60328406,59.35159766,60.23861694,11794800
2026-02-03,61.2439086,62.08165342,60.08092451,60.33717728,11319800
2026-02-04,59.87395228,60.05135688,56.77923337,57.3607254,14129300
2026-02-05,57.75495719,58.61241406,57.24245916,58.12947845,15395500
2026-02-06,58.19846694,59.86409865,58.16890075,59.40087509,8950000
2026-02-09,58.99678911,59.40087656,57.69582448,59.33188629,19528000
2026-02-10,59.31217378,60.23861714,57.29173658,58.09005356,11375400
2026-02-11,58.33644717,59.21361605,57.85351534,58.35615921,15363700
2026-02-12,58.04077416,58.60255416,57.41985805,57.65639877,10400400
2026-02-13,57.29173721,58.73068237,56.53284055,58.73068237,13019500
2026-02-18,59.33188487,60.26818612,58.74053493,59.45015335,7790400
2026-02-19,59.51914654,60.95809174,59.51914654,60.95809174,7157700
2026-02-20,60.11049459,61.5198698,59.99222234,61.28333282,5465400
2026-02-23,61.29318699,61.44102542,59.49943263,59.73597336,6658000
2026-02-24,60.11049591,60.37659906,59.16433672,60.26818848,8188300
2026-02-25,60.61314037,60.94823756,59.62756085,60.90881348,8997900
2026-02-26,61.05664911,61.73669759,60.36674272,61.14535141,11718500
2026-02-27,60.99751449,61.35232371,59.92323269,60.37659836,10421600
2026-03-02,59.69655124,60.80039925,58.41529861,60.20905304,7548900
2026-03-03,57.62683469,58.14919062,55.10374981,56.68067551,21363700
2026-03-04,57.7253911,59.80496445,57.7253911,59.02635574,12691800
2026-03-05,58.64198086,59.09534653,56.17803208,56.32587051,12883000
2026-03-06,56.26673327,56.54269433,54.72922791,55.19245148,9962200
2026-03-09,54.4039893,56.286446,54.11817034,55.88235855,12474600
2026-03-10,56.47370434,59.05592156,55.93163637,57.08476257,10675500
2026-03-11,56.89750415,58.19846879,56.5032746,57.38043976,4985700
2026-03-12,56.17803104,56.67082079,54.83764233,55.291008,11722700
2026-03-13,55.68523958,56.03019089,53.95062138,54.31528473,7846700
2026-03-16,55.42899214,55.91192398,54.6208135,55.09389496,4283300
2026-03-17,54.92634464,56.47370414,54.74894003,55.291008,7097900
2026-03-18,54.85735602,55.96120403,54.601107,54.62081528,10772900
2026-03-19,53.28042705,54.79821656,52.72850119,54.31528473,11706900
2026-03-20,53.63523562,53.79293195,51.07273037,51.97946548,18114700
2026-03-23,53.41840992,55.6359638,53.41840992,54.4335556,12812700
2026-03-24,54.05903473,54.93620365,53.14244548,54.82778931,6165400
2026-03-25,55.9513465,57.05519444,55.47826881,55.8626442,10106000
2026-03-26,54.73908506,55.68524045,54.00975459,54.40398788,5861800
2026-03-27,53.98018829,53.99004243,52.36383855,52.75806808,14128200
2026-03-30,53.6549475,53.81264007,52.09773382,52.62994766,10362400
2026-03-31,53.75350734,55.78379873,53.645093,55.47827148,12745600
2026-04-01,55.84293527,57.91265075,55.81336909,56.76937866,9892000
2026-04-02,54.72922761,56.92706942,54.55182301,56.44413757,6127500
2026-04-06,56.67082156,57.37058211,56.27658826,56.87779236,4491900
2026-04-07,56.75952433,57.54798719,55.76409068,57.37058258,4506400
2026-04-08,60.66241737,61.71698714,60.19919757,61.22419739,18658200
2026-04-09,61.1453516,62.68285318,60.98765903,62.14078522,11089100
2026-04-10,62.12107444,62.76170262,61.35232364,61.87467957,7803800
2026-04-13,61.72684435,62.93910667,61.37203514,62.87997055,10530300
2026-04-14,62.99823852,63.37276353,61.90424845,62.33790207,8523900
2026-04-15,62.38718284,63.40233231,61.81554868,63.40233231,7588000
2026-04-16,63.40233147,63.66843463,62.47588433,63.41218185,5036900
2026-04-17,64.06266648,64.55545622,62.6828537,62.6828537,8357200
2026-04-20,62.57444511,63.47132232,62.32805023,63.20521164,4243100
2026-04-22,62.78141393,62.86025833,60.72155265,61.13549423,6396500
2026-04-23,61.29318731,61.29318731,59.62755932,60.08092499,5330800
2026-04-24,60.35688822,60.35688822,59.28260645,60.00207901,4296900
2026-04-27,60.00208014,60.50472403,59.52900244,59.63741302,2601900
2026-04-28,59.09534705,59.4107322,58.13933748,59.31217575,7849400
2026-04-29,59.03621394,59.04606808,57.27202572,57.72539139,6087700
2026-04-30,58.4054391,58.82923858,58.00135166,58.48428726,9514200
2026-05-04,58.79967355,58.87852172,56.94678302,57.27202606,6426000
2026-05-05,57.34101384,57.82394568,56.99606253,57.10447311,6316300
2026-05-06,58.17875749,58.71097133,57.34101641,58.16890335,7356200
2026-05-07,57.26216808,57.75495783,56.17803212,56.37514877,7742800
2026-05-08,57.42971611,58.32659328,57.22274533,57.80423737,9091400
2026-05-11,58.70111596,59.89366625,55.74437748,56.13860703,12253600
2026-05-12,55.79365652,56.54269529,55.6162519,56.17803192,17384700
2026-05-13,55.94149076,56.27658794,53.73379479,54.13788223,18127600
2026-05-14,54.6109596,55.35014422,54.40398881,54.59124756,13168800
2026-05-15,53.80278311,54.04917798,53.17201286,53.71408081,8815400
2026-05-18,54.22658382,54.22658382,52.59052202,53.3986969,8557600
2026-05-19,52.42297124,52.8861948,51.80205888,52.30470276,10589600
2026-05-20,52.74821311,54.3054267,52.18643312,53.41840744,16101300
2026-05-21,52.93547425,53.84220935,52.43283036,53.58595657,12222800
2026-05-22,53.68451561,53.68451561,52.50181948,53.15230179,8871900
2026-05-25,54.00975526,55.09389496,53.68451599,55.09389496,5612600
2026-05-26,54.78836356,54.87706586,53.61552533,54.69966125,9069500
2026-05-27,55.54726051,55.665529,53.92105286,54.19701767,7089600
2026-05-28,54.19701619,54.69966006,53.51696396,53.51696396,11597400
2026-05-29,53.70422979,53.70422979,52.44268545,52.97489929,14559100
2026-06-01,52.92562013,53.06360066,51.66407581,51.98931885,12828100
2026-06-02,52.33427064,53.03403495,52.07802162,52.48210907,8932700
2026-06-03,51.89076356,52.07802232,49.96888274,49.97873688,14867300
2026-06-05,50.24484071,50.27440689,49.56479223,49.91960144,9846200
2026-06-08,50.16599614,50.16599614,49.59435824,49.77176285,5479800
2026-06-09,50.47152369,50.84604494,49.58450442,50.11671448,16494900
2026-06-10,49.84075573,49.84075573,48.02728927,48.49051285,14645300
2026-06-11,48.66791637,50.15613975,48.16526872,49.75205231,11346000
2026-06-12,49.59435889,50.69820685,49.18041731,49.66334915,7441800
2026-06-15,50.89532478,51.32898216,50.05758371,50.14628601,10725400
2026-06-16,49.8703195,50.31383101,49.52536819,49.9688797,38493700
2026-06-17,50.21527501,51.12200632,49.55493481,49.66334915,12655300
2026-06-18,50.05758212,50.81647876,49.47609008,50.11671448,10210500
2026-06-19,50.19556321,50.38282196,49.90974426,49.90974426,6356200
2026-06-22,50.95445985,51.84147912,50.59965063,51.45710373,9634100
2026-06-23,51.25013425,52.2554258,50.85590095,52.03859711,11615900
2026-06-24,51.52609537,53.08331279,51.38811484,52.88619614,15130900
2026-06-25,53.00446219,54.19701619,53.00446219,53.51696396,8896800
2026-06-26,53.55639143,54.30543022,53.04388963,53.87177658,8258000
2026-06-29,53.88163056,54.1181713,53.13259178,53.72393799,4023600
2026-06-30,53.00446275,53.82249552,52.31456013,53.30999374,6276200
2026-07-01,52.33426757,53.50710953,52.23571113,53.22129059,5629300
2026-07-02,53.5662432,54.21672551,53.40855063,53.75350571,10354300
2026-07-03,54.00975594,55.46841315,53.84220923,55.03475952,10866000
2026-07-06,54.67995064,54.83764321,53.93091187,54.5813942,7904300
2026-07-07,54.48283163,54.96576722,53.60566651,53.76335907,8742500
2026-07-08,53.1424462,53.41841103,52.45254354,53.17201614,10184300
2026-07-09,53.17201546,55.07418422,53.17201546,54.87706757,6957300
2026-07-10,56.4047141,58.2477467,55.36985638,57.88308334,15106000
2026-07-13,57.79438066,58.04077553,56.64125446,56.69053268,8271000
2026-07-14,56.86793923,57.79438262,56.55255408,57.11433411,12486600
2026-07-15,57.36072891,57.36072891,56.08933043,56.21745682,7741000
2026-07-16,55.89221334,56.27658875,55.25158892,55.77394485,5047800
2026-07-17,55.63596471,55.98091604,55.16288699,55.36985779,5467200
2026-07-20,55.54726131,55.72466592,55.03475952,55.03475952,4782500
2026-07-21,55.20230731,55.35014574,54.49269261,54.57153702,5416600
2026-07-22,54.88691995,56.64125398,54.63067094,56.19774246,7459100
2026-07-23,55.64581742,55.87250025,54.94605688,55.48812485,14839600
2026-07-24,54.92634558,55.27130066,53.88162994,53.88162994,3987200
2026-07-27,54.46312056,55.01504643,54.26600767,54.74893951,3226300
2026-07-28,56.55255286,56.867938,55.01504748,55.03475952,6390200
2026-07-29,54.68980939,54.7785117,53.75350809,53.87177658,6016600
2026-07-30,54.20687106,55.80350876,54.17730488,55.80350876,4774300
2026-07-31,56.04005119,56.29630021,55.75423223,55.98091507,5155600
2026-08-03,56.76937668,57.04534149,55.84293332,56.29629898,6082800
2026-08-04,57.17346533,57.81409351,55.89221273,55.93163681,5792900
2026-08-05,56.22730922,57.28187897,55.80350974,55.99077225,4633900
2026-08-06,55.39942247,55.96120248,55.29100812,55.38956833,23863700
2026-08-07,55.58668588,55.87250108,53.07345512,53.13259125,15220400
2026-08-10,53.22129352,53.49725458,52.58066533,53.08331299,8649700
2026-08-11,54.20000076,54.43999863,50.04999924,50.13000107,38429900
2026-08-12,50.38000107,50.43999863,49.36999893,49.59999847,22461900
2026-08-13,49.66999817,50.61000061,49.34000015,50.24000168,15762600
2026-08-14,50.00999832,51.20000076,49.22000122,51.0,16691200
2026-08-17,50.88000107,51.43000031,49.90000153,50.0,14447100
2026-08-18,50.0,50.84999847,49.81999969,50.22000122,8424700
2026-08-19,51.09000015,51.45000076,50.20999908,50.50999832,8212000
2026-08-20,50.25999832,51.0,49.65999985,49.86000061,5745900
2026-08-21,50.34999847,52.33000183,50.06999969,51.84999847,13327100
2026-08-24,51.47000122,53.43000031,51.20999908,52.59999847,8525300
2026-08-25,52.63999939,54.52000046,52.63999939,54.20000076,13879400
2026-08-26,54.56999969,55.77000046,54.06999969,54.06999969,10206800
2026-08-27,54.09000015,54.36999893,53.38999939,53.74000168,14009600
2026-08-28,54.09000015,54.20999908,52.84000015,53.58000183,7241300
2026-08-31,53.97000122,55.11999893,53.95000076,54.70999908,7416300
2026-09-01,55.36000061,56.75,54.70999908,55.97000122,14181700
2026-09-02,56.66999817,58.77999878,56.04999924,57.68000031,11058600
2026-09-03,59.43000031,60.13000107,58.13000107,58.81000137,14273100
2026-09-04,58.65999985,59.81999969,58.13000107,59.24000168,8156400
2026-09-08,60.0,61.29999924,59.95000076,60.52999878,16775900
2026-09-09,59.84000015,59.84000015,58.27999878,59.06000137,12264400
2026-09-10,58.70999908,61.09999847,58.38999939,60.34999847,5755800
