date,open,high,low,close,volume
2000-01-03,0.63249999,0.63249999,0.57499999,0.57499999,0
2000-01-04,0.63249999,0.63249999,0.57499999,0.57499999,0
2000-01-05,0.63249999,0.63249999,0.57499999,0.57499999,0
2000-01-06,0.63249999,0.63249999,0.57499999,0.57499999,0
2000-01-07,0.63249999,0.63249999,0.57499999,0.57499999,0
2000-01-10,0.625,0.625,0.58749998,0.58749998,0
2000-01-11,0.63249999,0.63249999,0.60000002,0.60000002,0
2000-01-12,0.63249999,0.63249999,0.60000002,0.60000002,0
2000-01-13,0.63249999,0.63249999,0.60000002,0.60000002,0
2000-01-14,0.63249999,0.63249999,0.60000002,0.60000002,0
2000-01-17,0.60000002,0.60000002,0.60000002,0.60000002,32000
2000-01-18,0.60000002,0.60000002,0.60000002,0.60000002,0
2000-01-19,0.60000002,0.60000002,0.60000002,0.60000002,0
2000-01-20,0.60000002,0.60000002,0.60000002,0.60000002,1160000
2000-01-21,0.60000002,0.60000002,0.60000002,0.60000002,0
2000-01-24,0.63249999,0.6875,0.63249999,0.6875,16000
2000-01-25,0.6875,0.6875,0.6875,0.6875,0
2000-01-26,0.6875,0.6875,0.6875,0.6875,0
2000-01-27,0.6875,0.6875,0.6875,0.6875,0
2000-01-28,0.6875,0.6875,0.6875,0.6875,0
2000-01-31,0.67500001,0.67500001,0.67500001,0.67500001,8000
2000-02-01,0.67500001,0.67500001,0.67500001,0.67500001,0
2000-02-02,0.67500001,0.67500001,0.64999998,0.64999998,24000
2000-02-03,0.64999998,0.64999998,0.64999998,0.64999998,0
2000-02-04,0.64999998,0.64999998,0.64999998,0.64999998,0
2000-02-07,0.64999998,0.64999998,0.64999998,0.64999998,0
2000-02-08,0.64999998,0.64999998,0.64999998,0.64999998,0
2000-02-09,0.64999998,0.64999998,0.64999998,0.64999998,0
2000-02-10,0.64999998,0.64999998,0.64999998,0.64999998,0
2000-02-11,0.685,0.685,0.685,0.685,8000
2000-02-14,0.6875,0.6875,0.6875,0.6875,8000
2000-02-15,0.6875,0.69999999,0.6875,0.69999999,288000
2000-02-16,0.6875,0.6875,0.6875,0.6875,120000
2000-02-17,0.6875,0.6875,0.6875,0.6875,0
2000-02-18,0.6875,0.6875,0.6875,0.6875,0
2000-02-21,0.6875,0.6875,0.6875,0.6875,0
2000-02-22,0.69999999,0.69999999,0.69999999,0.69999999,32000
2000-02-23,0.69999999,0.69999999,0.69999999,0.69999999,0
2000-02-24,0.69999999,0.69999999,0.69999999,0.69999999,0
2000-02-25,0.6875,0.6875,0.6875,0.6875,8000
2000-02-28,0.6875,0.6875,0.6875,0.6875,0
2000-02-29,0.72500002,0.72500002,0.72500002,0.72500002,96000
2000-03-01,0.72500002,0.72500002,0.72500002,0.72500002,0
2000-03-02,0.72500002,0.72500002,0.72500002,0.72500002,0
2000-03-03,0.71249998,0.71249998,0.71249998,0.71249998,8000
2000-03-06,0.71249998,0.71249998,0.71249998,0.71249998,0
2000-03-07,0.71249998,0.71249998,0.71249998,0.71249998,0
2000-03-08,0.66250002,0.69999999,0.66250002,0.69999999,16000
2000-03-09,0.69999999,0.69999999,0.69999999,0.69999999,0
2000-03-10,0.69999999,0.69999999,0.69999999,0.69999999,8000
2000-03-13,0.69999999,0.69999999,0.69999999,0.69999999,0
2000-03-14,0.69999999,0.69999999,0.69999999,0.69999999,0
2000-03-15,0.69999999,0.69999999,0.69999999,0.69999999,0
2000-03-16,0.69999999,0.69999999,0.69999999,0.69999999,0
2000-03-17,0.69999999,0.69999999,0.69999999,0.69999999,0
2000-03-20,0.69999999,0.69999999,0.69999999,0.69999999,0
2000-03-21,0.69749999,0.69749999,0.64249998,0.64249998,256000
2000-03-22,0.69999999,0.69999999,0.69749999,0.69749999,232000
2000-03-23,0.69749999,0.69749999,0.69749999,0.69749999,0
2000-03-24,0.69749999,0.69749999,0.69749999,0.69749999,0
2000-03-27,0.69749999,0.69749999,0.69749999,0.69749999,0
2000-03-28,0.67500001,0.67500001,0.67500001,0.67500001,8000
2000-03-29,0.67500001,0.67500001,0.67500001,0.67500001,16000
2000-03-30,0.67500001,0.67500001,0.67500001,0.67500001,0
2000-03-31,0.67500001,0.67500001,0.67500001,0.67500001,0
2000-04-03,0.67500001,0.67500001,0.67500001,0.67500001,0
2000-04-04,0.67500001,0.67500001,0.67500001,0.67500001,0
2000-04-05,0.67500001,0.67500001,0.67500001,0.67500001,0
2000-04-06,0.67500001,0.67500001,0.67500001,0.67500001,0
2000-04-07,0.65750003,0.65750003,0.63,0.63,16000
2000-04-10,0.63249999,0.63249999,0.61250001,0.625,96000
2000-04-11,0.64999998,0.64999998,0.60000002,0.625,96000
2000-04-12,0.625,0.625,0.625,0.625,0
2000-04-13,0.625,0.625,0.625,0.625,0
2000-04-14,0.60250002,0.60250002,0.60250002,0.60250002,8000
2000-04-17,0.5625,0.5625,0.5625,0.5625,8000
2000-04-18,0.5625,0.5625,0.5625,0.5625,0
2000-04-19,0.5625,0.5625,0.5625,0.5625,0
2000-04-20,0.55000001,0.55000001,0.55000001,0.55000001,120000
2000-04-21,0.55000001,0.55000001,0.55000001,0.55000001,0
2000-04-24,0.55250001,0.55250001,0.55250001,0.55250001,40000
2000-04-25,0.60000002,0.60000002,0.60000002,0.60000002,8000
2000-04-26,0.60000002,0.60000002,0.60000002,0.60000002,0
2000-04-27,0.54500002,0.54500002,0.54500002,0.54500002,8000
2000-04-28,0.57499999,0.57499999,0.57499999,0.57499999,8000
2000-05-01,0.57499999,0.57499999,0.57499999,0.57499999,0
2000-05-02,0.57499999,0.57499999,0.57499999,0.57499999,0
2000-05-03,0.57499999,0.57499999,0.57499999,0.57499999,0
2000-05-04,0.57499999,0.57499999,0.57499999,0.57499999,0
2000-05-05,0.58749998,0.59750003,0.58749998,0.59750003,112000
2000-05-08,0.59750003,0.59750003,0.59750003,0.59750003,0
2000-05-09,0.59750003,0.59750003,0.59750003,0.59750003,0
2000-05-10,0.59750003,0.59750003,0.59750003,0.59750003,0
2000-05-11,0.59750003,0.59750003,0.59750003,0.59750003,0
2000-05-12,0.59750003,0.59750003,0.59750003,0.59750003,0
2000-05-15,0.59750003,0.59750003,0.59750003,0.59750003,0
2000-05-16,0.59750003,0.59750003,0.59750003,0.59750003,0
2000-05-17,0.59750003,0.59750003,0.59750003,0.59750003,0
2000-05-18,0.59750003,0.59750003,0.59750003,0.59750003,0
2000-05-19,0.59750003,0.59750003,0.59750003,0.59750003,0
2000-05-22,0.59750003,0.59750003,0.59750003,0.59750003,0
2000-05-23,0.59750003,0.59750003,0.59750003,0.59750003,0
2000-05-24,0.59750003,0.59750003,0.59750003,0.59750003,0
2000-05-25,0.59750003,0.59750003,0.59750003,0.59750003,0
2000-05-26,0.59750003,0.59750003,0.59750003,0.59750003,0
2000-05-29,0.59750003,0.59750003,0.59750003,0.59750003,0
2000-05-30,0.58749998,0.58749998,0.58749998,0.58749998,48000
2000-05-31,0.58749998,0.58749998,0.58749998,0.58749998,40000
2000-06-01,0.61250001,0.61250001,0.61250001,0.61250001,1632000
2000-06-02,0.63749999,0.63749999,0.63749999,0.63749999,8000
2000-06-05,0.63749999,0.63749999,0.63749999,0.63749999,0
2000-06-06,0.63749999,0.63749999,0.63749999,0.63749999,0
2000-06-07,0.63749999,0.63749999,0.63749999,0.63749999,0
2000-06-08,0.63749999,0.63749999,0.63749999,0.63749999,0
2000-06-09,0.63749999,0.63749999,0.63749999,0.63749999,0
2000-06-12,0.63749999,0.63749999,0.63749999,0.63749999,0
2000-06-13,0.63749999,0.63749999,0.63749999,0.63749999,0
2000-06-14,0.63749999,0.63749999,0.63749999,0.63749999,0
2000-06-15,0.63749999,0.63749999,0.63749999,0.63749999,0
2000-06-16,0.63749999,0.63749999,0.63749999,0.63749999,0
2000-06-19,0.63749999,0.63749999,0.63749999,0.63749999,0
2000-06-20,0.63749999,0.63749999,0.63749999,0.63749999,0
2000-06-21,0.6875,0.6875,0.6875,0.6875,8000
2000-06-22,0.6875,0.6875,0.6875,0.6875,0
2000-06-23,0.6875,0.6875,0.6875,0.6875,0
2000-06-26,0.6875,0.6875,0.6875,0.6875,0
2000-06-27,0.67500001,0.67500001,0.67500001,0.67500001,8000
2000-06-28,0.67500001,0.67500001,0.67500001,0.67500001,8000
2000-06-29,0.67500001,0.67500001,0.67500001,0.67500001,40000
2000-06-30,0.67500001,0.67500001,0.67500001,0.67500001,0
2000-07-03,0.67500001,0.67500001,0.67500001,0.67500001,80000
2000-07-04,0.67500001,0.67500001,0.67500001,0.67500001,8000
2000-07-05,0.71499997,0.71499997,0.71499997,0.71499997,8000
2000-07-06,0.71499997,0.71499997,0.71499997,0.71499997,0
2000-07-07,0.6875,0.72500002,0.6875,0.72500002,40000
2000-07-10,0.745,0.745,0.69999999,0.69999999,48000
2000-07-11,0.69999999,0.69999999,0.69999999,0.69999999,0
2000-07-12,0.71249998,0.71249998,0.69749999,0.69749999,104000
2000-07-13,0.67750001,0.67750001,0.67750001,0.67750001,8000
2000-07-14,0.67750001,0.67750001,0.67750001,0.67750001,16000
2000-07-17,0.67750001,0.67750001,0.67750001,0.67750001,0
2000-07-18,0.67750001,0.67750001,0.67750001,0.67750001,0
2000-07-19,0.67750001,0.67750001,0.67750001,0.67750001,0
2000-07-20,0.66250002,0.66250002,0.64999998,0.64999998,16000
2000-07-21,0.65249997,0.65249997,0.64999998,0.64999998,32000
2000-07-24,0.64999998,0.64999998,0.64999998,0.64999998,0
2000-07-25,0.64999998,0.64999998,0.64999998,0.64999998,0
2000-07-26,0.64999998,0.64999998,0.625,0.625,48000
2000-07-27,0.625,0.625,0.625,0.625,0
2000-07-28,0.625,0.625,0.625,0.625,16000
2000-07-31,0.625,0.625,0.625,0.625,0
2000-08-01,0.66250002,0.66250002,0.66250002,0.66250002,24000
2000-08-02,0.66250002,0.66250002,0.66250002,0.66250002,0
2000-08-03,0.66250002,0.66250002,0.66250002,0.66250002,24000
2000-08-04,0.64999998,0.64999998,0.64999998,0.64999998,8000
2000-08-07,0.64999998,0.64999998,0.64999998,0.64999998,0
2000-08-08,0.65249997,0.65249997,0.65249997,0.65249997,72000
2000-08-09,0.64999998,0.64999998,0.64999998,0.64999998,32000
2000-08-10,0.64999998,0.64999998,0.64999998,0.64999998,0
2000-08-11,0.64999998,0.64999998,0.64999998,0.64999998,48000
2000-08-14,0.64999998,0.64999998,0.64999998,0.64999998,0
2000-08-15,0.64999998,0.64999998,0.64999998,0.64999998,0
2000-08-16,0.64999998,0.64999998,0.64999998,0.64999998,40000
2000-08-17,0.64999998,0.64999998,0.64999998,0.64999998,64000
2000-08-18,0.64999998,0.64999998,0.64999998,0.64999998,0
2000-08-21,0.64999998,0.64999998,0.64999998,0.64999998,8000
2000-08-22,0.64999998,0.64999998,0.64999998,0.64999998,0
2000-08-23,0.64999998,0.64999998,0.64999998,0.64999998,8000
2000-08-24,0.64999998,0.64999998,0.64999998,0.64999998,0
2000-08-25,0.64999998,0.64999998,0.64999998,0.64999998,0
2000-08-28,0.65249997,0.65249997,0.64999998,0.64999998,24000
2000-08-29,0.63749999,0.63749999,0.625,0.625,24000
2000-08-30,0.625,0.625,0.625,0.625,72000
2000-08-31,0.625,0.625,0.625,0.625,0
2000-09-01,0.61500001,0.61500001,0.61500001,0.61500001,16000
2000-09-04,0.6275,0.6275,0.6275,0.6275,424000
2000-09-05,0.6275,0.6275,0.6275,0.6275,0
2000-09-06,0.625,0.625,0.625,0.625,64000
2000-09-07,0.625,0.625,0.625,0.625,0
2000-09-08,0.625,0.625,0.625,0.625,0
2000-09-11,0.625,0.625,0.625,0.625,0
2000-09-12,0.625,0.625,0.625,0.625,0
2000-09-13,0.625,0.625,0.625,0.625,80000
2000-09-14,0.625,0.625,0.625,0.625,0
2000-09-15,0.625,0.625,0.625,0.625,0
2000-09-18,0.625,0.625,0.625,0.625,0
2000-09-19,0.625,0.625,0.625,0.625,0
2000-09-20,0.625,0.625,0.625,0.625,0
2000-09-21,0.625,0.625,0.625,0.625,0
2000-09-22,0.61250001,0.61250001,0.61250001,0.61250001,24000
2000-09-25,0.625,0.625,0.625,0.625,32000
2000-09-26,0.625,0.625,0.625,0.625,32000
2000-09-27,0.625,0.625,0.625,0.625,0
2000-09-28,0.625,0.625,0.625,0.625,0
2000-09-29,0.625,0.625,0.625,0.625,0
2000-10-02,0.625,0.625,0.625,0.625,0
2000-10-03,0.625,0.625,0.625,0.625,0
2000-10-04,0.625,0.625,0.625,0.625,0
2000-10-05,0.625,0.625,0.625,0.625,0
2000-10-06,0.625,0.625,0.625,0.625,0
2000-10-09,0.625,0.625,0.625,0.625,0
2000-10-10,0.625,0.625,0.625,0.625,0
2000-10-11,0.625,0.625,0.625,0.625,0
2000-10-12,0.625,0.625,0.625,0.625,0
2000-10-13,0.625,0.625,0.625,0.625,0
2000-10-16,0.625,0.625,0.625,0.625,0
2000-10-17,0.625,0.625,0.625,0.625,0
2000-10-18,0.60000002,0.60000002,0.59249997,0.59249997,24000
2000-10-19,0.59249997,0.59249997,0.59249997,0.59249997,0
2000-10-20,0.59249997,0.59249997,0.59249997,0.59249997,0
2000-10-23,0.59249997,0.59249997,0.59249997,0.59249997,0
2000-10-24,0.59249997,0.59249997,0.59249997,0.59249997,0
2000-10-25,0.59249997,0.59249997,0.59249997,0.59249997,0
2000-10-26,0.59249997,0.59249997,0.59249997,0.59249997,0
2000-10-27,0.6225,0.6225,0.6225,0.6225,240000
2000-10-30,0.60000002,0.60000002,0.56999999,0.56999999,32000
2000-10-31,0.54000002,0.54000002,0.54000002,0.54000002,232000
2000-11-01,0.54000002,0.54000002,0.54000002,0.54000002,0
2000-11-02,0.54000002,0.54000002,0.54000002,0.54000002,0
2000-11-03,0.54000002,0.54000002,0.54000002,0.54000002,0
2000-11-06,0.54000002,0.54000002,0.54000002,0.54000002,0
2000-11-07,0.55000001,0.55000001,0.55000001,0.55000001,8000
2000-11-08,0.55000001,0.60000002,0.55000001,0.60000002,136000
2000-11-09,0.58749998,0.58749998,0.58749998,0.58749998,40000
2000-11-10,0.58749998,0.58749998,0.58749998,0.58749998,8000
2000-11-13,0.58749998,0.58749998,0.58749998,0.58749998,96000
2000-11-14,0.58749998,0.58749998,0.58749998,0.58749998,0
2000-11-15,0.58749998,0.58749998,0.58749998,0.58749998,0
2000-11-16,0.58749998,0.58749998,0.58749998,0.58749998,0
2000-11-17,0.61750001,0.61750001,0.61750001,0.61750001,8000
2000-11-20,0.61750001,0.61750001,0.61750001,0.61750001,0
2000-11-21,0.625,0.625,0.625,0.625,56000
2000-11-22,0.625,0.625,0.625,0.625,0
2000-11-23,0.625,0.625,0.625,0.625,0
2000-11-24,0.625,0.625,0.625,0.625,0
2000-11-27,0.625,0.625,0.625,0.625,0
2000-11-28,0.625,0.625,0.625,0.625,0
2000-11-29,0.625,0.625,0.625,0.625,0
2000-11-30,0.625,0.625,0.625,0.625,0
2000-12-01,0.625,0.625,0.625,0.625,0
2000-12-04,0.625,0.625,0.625,0.625,0
2000-12-05,0.63749999,0.63749999,0.63749999,0.63749999,40000
2000-12-06,0.66250002,0.66250002,0.66250002,0.66250002,56000
2000-12-07,0.67500001,0.67500001,0.67500001,0.67500001,24000
2000-12-08,0.67500001,0.67500001,0.67500001,0.67500001,0
2000-12-11,0.67500001,0.67500001,0.67500001,0.67500001,0
2000-12-12,0.67500001,0.67500001,0.67500001,0.67500001,0
2000-12-13,0.67500001,0.67500001,0.67500001,0.67500001,0
2000-12-14,0.67500001,0.67500001,0.67500001,0.67500001,0
2000-12-15,0.67500001,0.67500001,0.67500001,0.67500001,0
2000-12-18,0.67500001,0.67500001,0.67500001,0.67500001,0
2000-12-19,0.67500001,0.67500001,0.67500001,0.67500001,0
2000-12-20,0.67500001,0.67500001,0.67500001,0.67500001,0
2000-12-21,0.6275,0.6275,0.6275,0.6275,8000
2000-12-22,0.6275,0.6275,0.6275,0.6275,0
2000-12-25,0.6275,0.6275,0.6275,0.6275,0
2000-12-26,0.6275,0.6275,0.6275,0.6275,0
2000-12-27,0.71499997,0.71499997,0.70749998,0.70999998,24000
2000-12-28,0.70999998,0.70999998,0.70999998,0.70999998,0
2000-12-29,0.70999998,0.70999998,0.70999998,0.70999998,0
2001-01-01,0.70999998,0.70999998,0.70999998,0.70999998,0
2001-01-02,0.70999998,0.70999998,0.70999998,0.70999998,0
2001-01-03,0.70999998,0.70999998,0.70999998,0.70999998,0
2001-01-04,0.69999999,0.70999998,0.69999999,0.70999998,24000
2001-01-05,0.70999998,0.70999998,0.70999998,0.70999998,0
2001-01-08,0.70999998,0.70999998,0.70999998,0.70999998,0
2001-01-09,0.70999998,0.70999998,0.70999998,0.70999998,0
2001-01-10,0.76249999,0.77499998,0.76249999,0.77499998,16000
2001-01-11,0.77499998,0.77499998,0.77499998,0.77499998,16000
2001-01-12,0.77499998,0.77499998,0.77499998,0.77499998,0
2001-01-15,0.77499998,0.77499998,0.77499998,0.77499998,0
2001-01-16,0.77499998,0.77499998,0.77499998,0.77499998,0
2001-01-17,0.77499998,0.77499998,0.77499998,0.77499998,0
2001-01-18,0.80000001,0.80000001,0.80000001,0.80000001,8000
2001-01-19,0.80000001,0.80000001,0.80000001,0.80000001,0
2001-01-22,0.80000001,0.80000001,0.80000001,0.80000001,0
2001-01-23,0.80000001,0.80000001,0.80000001,0.80000001,48000
2001-01-24,0.80000001,0.80000001,0.80000001,0.80000001,32000
2001-01-25,0.80000001,0.80000001,0.80000001,0.80000001,0
2001-01-26,0.80000001,0.80000001,0.80000001,0.80000001,0
2001-01-29,0.82499999,0.82499999,0.82499999,0.82499999,32000
2001-01-30,0.80000001,0.82499999,0.80000001,0.82499999,72000
2001-01-31,0.82499999,0.82499999,0.80000001,0.80000001,88000
2001-02-01,0.80500001,0.80500001,0.80500001,0.80500001,16000
2001-02-02,0.82499999,0.82499999,0.82499999,0.82499999,8000
2001-02-05,0.82499999,0.82499999,0.82499999,0.82499999,0
2001-02-06,0.82499999,0.82499999,0.82499999,0.82499999,80000
2001-02-07,0.82499999,0.82499999,0.82499999,0.82499999,0
2001-02-08,0.82499999,0.82499999,0.82499999,0.82499999,0
2001-02-09,0.82499999,0.82499999,0.82499999,0.82499999,0
2001-02-12,0.82499999,0.83749998,0.82499999,0.83749998,16000
2001-02-13,0.83749998,0.83749998,0.83749998,0.83749998,8000
2001-02-14,0.83749998,0.83749998,0.83749998,0.83749998,0
2001-02-15,0.86250001,0.86250001,0.86250001,0.86250001,40000
2001-02-16,0.86250001,0.86250001,0.86250001,0.86250001,0
2001-02-19,0.86250001,0.86250001,0.86250001,0.86250001,8000
2001-02-20,0.86250001,0.86250001,0.86250001,0.86250001,0
2001-02-21,0.80250001,0.82499999,0.80250001,0.80250001,96000
2001-02-22,0.80000001,0.80000001,0.80000001,0.80000001,128000
2001-02-23,0.80000001,0.80000001,0.80000001,0.80000001,80000
2001-02-26,0.80000001,0.80000001,0.80000001,0.80000001,0
2001-02-27,0.80000001,0.80000001,0.80000001,0.80000001,0
2001-02-28,0.80000001,0.80000001,0.80000001,0.80000001,0
2001-03-01,0.80000001,0.80000001,0.80000001,0.80000001,0
2001-03-02,0.80000001,0.80000001,0.80000001,0.80000001,40000
2001-03-05,0.80000001,0.80000001,0.80000001,0.80000001,16000
2001-03-06,0.80000001,0.80000001,0.80000001,0.80000001,64000
2001-03-07,0.80000001,0.80000001,0.80000001,0.80000001,0
2001-03-08,0.80000001,0.80000001,0.80000001,0.80000001,0
2001-03-09,0.80000001,0.80000001,0.80000001,0.80000001,0
2001-03-12,0.80000001,0.80000001,0.80000001,0.80000001,0
2001-03-13,0.80000001,0.80000001,0.80000001,0.80000001,0
2001-03-14,0.80000001,0.80000001,0.80000001,0.80000001,0
2001-03-15,0.80000001,0.80000001,0.80000001,0.80000001,0
2001-03-16,0.80000001,0.80000001,0.80000001,0.80000001,0
2001-03-19,0.80000001,0.80000001,0.80000001,0.80000001,0
2001-03-20,0.80000001,0.80000001,0.80000001,0.80000001,0
2001-03-21,0.80000001,0.80000001,0.80000001,0.80000001,0
2001-03-22,0.80000001,0.80000001,0.80000001,0.80000001,0
2001-03-23,0.80000001,0.80000001,0.80000001,0.80000001,0
2001-03-26,0.80000001,0.80000001,0.80000001,0.80000001,0
2001-03-27,0.80000001,0.80000001,0.80000001,0.80000001,0
2001-03-28,0.80000001,0.80000001,0.80000001,0.80000001,0
2001-03-29,0.80000001,0.80000001,0.80000001,0.80000001,0
2001-03-30,0.80000001,0.80000001,0.80000001,0.80000001,0
2001-04-02,0.80000001,0.80000001,0.80000001,0.80000001,0
2001-04-03,0.80000001,0.80000001,0.80000001,0.80000001,0
2001-04-04,0.80000001,0.80000001,0.80000001,0.80000001,0
2001-04-05,0.80000001,0.80000001,0.80000001,0.80000001,0
2001-04-06,0.80000001,0.80000001,0.80000001,0.80000001,0
2001-04-09,0.80000001,0.80000001,0.80000001,0.80000001,0
2001-04-10,0.80000001,0.80000001,0.80000001,0.80000001,0
2001-04-11,0.80000001,0.80000001,0.80000001,0.80000001,0
2001-04-12,0.80000001,0.80000001,0.80000001,0.80000001,0
2001-04-13,0.80000001,0.80000001,0.80000001,0.80000001,0
2001-04-16,0.80000001,0.80000001,0.80000001,0.80000001,0
2001-04-17,0.80000001,0.80000001,0.80000001,0.80000001,0
2001-04-18,0.80000001,0.80000001,0.80000001,0.80000001,0
2001-04-19,0.80000001,0.80000001,0.80000001,0.80000001,0
2001-04-20,0.76249999,0.76249999,0.76249999,0.76249999,8000
2001-04-23,0.75,0.75,0.75,0.75,8000
2001-04-24,0.75,0.75,0.75,0.75,0
2001-04-25,0.75,0.75,0.75,0.75,0
2001-04-26,0.75,0.75,0.75,0.75,0
2001-04-27,0.75,0.75,0.75,0.75,0
2001-04-30,0.75,0.75,0.75,0.75,8000
2001-05-01,0.75,0.75,0.75,0.75,0
2001-05-02,0.75,0.75,0.75,0.75,0
2001-05-03,0.75,0.75,0.75,0.75,0
2001-05-04,0.75,0.75,0.75,0.75,0
2001-05-07,0.75,0.75,0.75,0.75,0
2001-05-08,0.75,0.75,0.75,0.75,0
2001-05-09,0.75,0.75,0.75,0.75,0
2001-05-10,0.75,0.75,0.75,0.75,0
2001-05-11,0.75,0.75,0.75,0.75,0
2001-05-14,0.75,0.75,0.75,0.75,0
2001-05-15,0.75,0.75,0.75,0.75,0
2001-05-16,0.75,0.75,0.75,0.75,0
2001-05-17,0.7475,0.75,0.7475,0.75,24000
2001-05-18,0.75,0.75,0.75,0.75,0
2001-05-21,0.75,0.75,0.75,0.75,0
2001-05-22,0.75,0.75,0.75,0.75,0
2001-05-23,0.75,0.75,0.75,0.75,16000
2001-05-24,0.75,0.75,0.75,0.75,0
2001-05-25,0.75,0.75,0.75,0.75,0
2001-05-28,0.75,0.75,0.75,0.75,0
2001-05-29,0.75,0.75,0.75,0.75,0
2001-05-30,0.75,0.75,0.75,0.75,0
2001-05-31,0.75,0.75,0.75,0.75,0
2001-06-01,0.75,0.75,0.75,0.75,0
2001-06-04,0.75,0.75,0.75,0.75,0
2001-06-05,0.75,0.75,0.75,0.75,0
2001-06-06,0.75,0.75,0.75,0.75,0
2001-06-07,0.75,0.75,0.75,0.75,0
2001-06-08,0.75,0.75,0.75,0.75,0
2001-06-11,0.71499997,0.71499997,0.71499997,0.71499997,8000
2001-06-12,0.71499997,0.71499997,0.71499997,0.71499997,0
2001-06-13,0.71499997,0.71499997,0.71499997,0.71499997,0
2001-06-14,0.71499997,0.71499997,0.71499997,0.71499997,0
2001-06-15,0.71499997,0.71499997,0.71499997,0.71499997,0
2001-06-18,0.71499997,0.71499997,0.71499997,0.71499997,0
2001-06-19,0.71499997,0.71499997,0.71499997,0.71499997,0
2001-06-20,0.71499997,0.71499997,0.71499997,0.71499997,0
2001-06-21,0.71499997,0.71499997,0.71499997,0.71499997,0
2001-06-22,0.71499997,0.71499997,0.71499997,0.71499997,0
2001-06-25,0.71499997,0.71499997,0.71499997,0.71499997,0
2001-06-26,0.71499997,0.71499997,0.71499997,0.71499997,0
2001-06-27,0.71499997,0.71499997,0.71499997,0.71499997,0
2001-06-28,0.71499997,0.71499997,0.71499997,0.71499997,0
2001-06-29,0.75,0.75,0.75,0.75,8000
2001-07-02,0.75,0.75,0.75,0.75,0
2001-07-03,0.75,0.75,0.75,0.75,0
2001-07-04,0.75,0.75,0.75,0.75,0
2001-07-05,0.75,0.75,0.75,0.75,0
2001-07-06,0.75,0.75,0.75,0.75,0
2001-07-09,0.75,0.75,0.75,0.75,0
2001-07-10,0.71249998,0.71249998,0.71249998,0.71249998,8000
2001-07-11,0.71249998,0.71249998,0.71249998,0.71249998,0
2001-07-12,0.71249998,0.71249998,0.71249998,0.71249998,0
2001-07-13,0.71249998,0.71249998,0.71249998,0.71249998,0
2001-07-16,0.71249998,0.71249998,0.71249998,0.71249998,0
2001-07-17,0.71249998,0.71249998,0.71249998,0.71249998,0
2001-07-18,0.71249998,0.71249998,0.71249998,0.71249998,0
2001-07-19,0.71249998,0.71249998,0.71249998,0.71249998,0
2001-07-20,0.71249998,0.71249998,0.71249998,0.71249998,0
2001-07-23,0.71249998,0.71249998,0.71249998,0.71249998,0
2001-07-24,0.71249998,0.71249998,0.71249998,0.71249998,0
2001-07-25,0.71249998,0.71249998,0.71249998,0.71249998,0
2001-07-26,0.71249998,0.71249998,0.71249998,0.71249998,0
2001-07-27,0.71249998,0.71249998,0.71249998,0.71249998,0
2001-07-30,0.71249998,0.71249998,0.71249998,0.71249998,0
2001-07-31,0.71249998,0.71249998,0.71249998,0.71249998,0
2001-08-01,0.71249998,0.71249998,0.71249998,0.71249998,0
2001-08-02,0.71249998,0.71249998,0.71249998,0.71249998,0
2001-08-03,0.71249998,0.71249998,0.71249998,0.71249998,0
2001-08-06,0.71249998,0.71249998,0.71249998,0.71249998,0
2001-08-07,0.71249998,0.71249998,0.71249998,0.71249998,0
2001-08-08,0.71249998,0.71249998,0.71249998,0.71249998,0
2001-08-09,0.71249998,0.71249998,0.71249998,0.71249998,0
2001-08-10,0.71249998,0.71249998,0.71249998,0.71249998,0
2001-08-13,0.71249998,0.71249998,0.71249998,0.71249998,0
2001-08-14,0.71249998,0.71249998,0.71249998,0.71249998,0
2001-08-15,0.71249998,0.71249998,0.71249998,0.71249998,0
2001-08-16,0.71249998,0.71249998,0.71249998,0.71249998,0
2001-08-17,0.71249998,0.71249998,0.71249998,0.71249998,0
2001-08-20,0.71249998,0.71249998,0.71249998,0.71249998,0
2001-08-21,0.71249998,0.71249998,0.71249998,0.71249998,0
2001-08-22,0.71249998,0.71249998,0.71249998,0.71249998,0
2001-08-23,0.71249998,0.71249998,0.71249998,0.71249998,0
2001-08-24,0.71249998,0.71249998,0.71249998,0.71249998,0
2001-08-27,0.71249998,0.71249998,0.71249998,0.71249998,0
2001-08-28,0.71249998,0.71249998,0.71249998,0.71249998,0
2001-08-29,0.65249997,0.65249997,0.64999998,0.64999998,704000
2001-08-30,0.64999998,0.64999998,0.64999998,0.64999998,0
2001-08-31,0.64999998,0.64999998,0.64999998,0.64999998,0
2001-09-03,0.64999998,0.64999998,0.64999998,0.64999998,0
2001-09-04,0.64999998,0.64999998,0.64999998,0.64999998,0
2001-09-05,0.64999998,0.64999998,0.64999998,0.64999998,0
2001-09-06,0.64999998,0.64999998,0.64999998,0.64999998,0
2001-09-07,0.64999998,0.64999998,0.64999998,0.64999998,0
2001-09-10,0.64999998,0.64999998,0.64999998,0.64999998,0
2001-09-11,0.64999998,0.64999998,0.64999998,0.64999998,0
2001-09-12,0.64999998,0.64999998,0.64999998,0.64999998,0
2001-09-13,0.64999998,0.64999998,0.64999998,0.64999998,0
2001-09-14,0.64999998,0.64999998,0.64999998,0.64999998,0
2001-09-17,0.64999998,0.64999998,0.64999998,0.64999998,0
2001-09-18,0.53750002,0.53750002,0.53750002,0.53750002,8000
2001-09-19,0.53750002,0.53750002,0.53750002,0.53750002,0
2001-09-20,0.53750002,0.53750002,0.53750002,0.53750002,0
2001-09-21,0.53750002,0.53750002,0.53750002,0.53750002,0
2001-09-24,0.53750002,0.53750002,0.53750002,0.53750002,0
2001-09-25,0.64999998,0.64999998,0.64999998,0.64999998,24000
2001-09-26,0.64999998,0.64999998,0.64999998,0.64999998,0
2001-09-27,0.64999998,0.64999998,0.64999998,0.64999998,0
2001-09-28,0.64999998,0.64999998,0.64999998,0.64999998,0
2001-10-01,0.64999998,0.64999998,0.64999998,0.64999998,0
2001-10-02,0.67500001,0.67500001,0.67500001,0.67500001,24000
2001-10-03,0.67500001,0.67500001,0.67500001,0.67500001,0
2001-10-04,0.67500001,0.67500001,0.67500001,0.67500001,0
2001-10-05,0.67500001,0.67500001,0.67500001,0.67500001,0
2001-10-08,0.67500001,0.67500001,0.67500001,0.67500001,0
2001-10-09,0.67500001,0.67500001,0.67500001,0.67500001,0
2001-10-10,0.67500001,0.67500001,0.67500001,0.67500001,0
2001-10-11,0.67500001,0.67500001,0.67500001,0.67500001,0
2001-10-12,0.67500001,0.67500001,0.67500001,0.67500001,0
2001-10-15,0.67500001,0.67500001,0.67500001,0.67500001,0
2001-10-16,0.67500001,0.67500001,0.67500001,0.67500001,0
2001-10-17,0.67500001,0.67500001,0.67500001,0.67500001,0
2001-10-18,0.67500001,0.67500001,0.67500001,0.67500001,0
2001-10-19,0.67500001,0.67500001,0.67500001,0.67500001,0
2001-10-22,0.67500001,0.67500001,0.67500001,0.67500001,0
2001-10-23,0.67500001,0.67500001,0.67500001,0.67500001,0
2001-10-24,0.67500001,0.67500001,0.67500001,0.67500001,0
2001-10-25,0.67500001,0.67500001,0.67500001,0.67500001,0
2001-10-26,0.67500001,0.67500001,0.67500001,0.67500001,0
2001-10-29,0.67500001,0.67500001,0.67500001,0.67500001,0
2001-10-30,0.67500001,0.67500001,0.67500001,0.67500001,0
2001-10-31,0.67500001,0.67500001,0.67500001,0.67500001,0
2001-11-01,0.67500001,0.67500001,0.67500001,0.67500001,0
2001-11-02,0.67500001,0.67500001,0.67500001,0.67500001,0
2001-11-05,0.67500001,0.67500001,0.67500001,0.67500001,0
2001-11-06,0.67500001,0.67500001,0.67500001,0.67500001,0
2001-11-07,0.67250001,0.67250001,0.67250001,0.67250001,16000
2001-11-08,0.67250001,0.67250001,0.67250001,0.67250001,0
2001-11-09,0.67500001,0.67500001,0.67500001,0.67500001,16000
2001-11-12,0.67500001,0.67500001,0.67500001,0.67500001,0
2001-11-13,0.66250002,0.66250002,0.66250002,0.66250002,8000
2001-11-14,0.66250002,0.66250002,0.66250002,0.66250002,0
2001-11-15,0.66250002,0.66250002,0.66250002,0.66250002,0
2001-11-16,0.66250002,0.66250002,0.66250002,0.66250002,0
2001-11-19,0.64999998,0.64999998,0.64999998,0.64999998,8000
2001-11-20,0.64999998,0.64999998,0.64999998,0.64999998,0
2001-11-21,0.64999998,0.64999998,0.64999998,0.64999998,0
2001-11-22,0.64999998,0.64999998,0.64999998,0.64999998,0
2001-11-23,0.64999998,0.64999998,0.64999998,0.64999998,0
2001-11-26,0.64999998,0.64999998,0.64999998,0.64999998,0
2001-11-27,0.51249999,0.51249999,0.51249999,0.51249999,160000
2001-11-28,0.55250001,0.55250001,0.55000001,0.55000001,224000
2001-11-29,0.53750002,0.53750002,0.53750002,0.53750002,240000
2001-11-30,0.55000001,0.55000001,0.53750002,0.53750002,408000
2001-12-03,0.53750002,0.53750002,0.53750002,0.53750002,0
2001-12-04,0.53750002,0.53750002,0.53750002,0.53750002,0
2001-12-05,0.53750002,0.53750002,0.53750002,0.53750002,0
2001-12-06,0.53750002,0.53750002,0.53750002,0.53750002,0
2001-12-07,0.53750002,0.53750002,0.53750002,0.53750002,0
2001-12-10,0.51999998,0.51999998,0.5,0.5,352000
2001-12-11,0.5,0.5,0.5,0.5,0
2001-12-12,0.5,0.5,0.5,0.5,40000
2001-12-13,0.5,0.5,0.5,0.5,0
2001-12-14,0.5,0.5,0.5,0.5,0
2001-12-17,0.5,0.5,0.5,0.5,0
2001-12-18,0.52499998,0.52499998,0.52499998,0.52499998,24000
2001-12-19,0.5,0.5,0.5,0.5,984000
2001-12-20,0.5,0.5,0.5,0.5,72000
2001-12-21,0.5,0.5,0.5,0.5,88000
2001-12-24,0.5,0.5,0.5,0.5,0
2001-12-25,0.5,0.5,0.5,0.5,0
2001-12-26,0.5,0.5,0.5,0.5,0
2001-12-27,0.5,0.5,0.5,0.5,0
2001-12-28,0.5,0.5,0.5,0.5,0
2001-12-31,0.5,0.5,0.5,0.5,0
2002-01-01,0.5,0.5,0.5,0.5,0
2002-01-02,0.5,0.5,0.5,0.5,0
2002-01-03,0.5,0.5,0.5,0.5,0
2002-01-04,0.48750001,0.48750001,0.48750001,0.48750001,96000
2002-01-07,0.48750001,0.48750001,0.48750001,0.48750001,0
2002-01-08,0.48750001,0.48750001,0.48750001,0.48750001,96000
2002-01-09,0.48750001,0.48750001,0.48750001,0.48750001,0
2002-01-10,0.48750001,0.48750001,0.48750001,0.48750001,0
2002-01-11,0.48750001,0.48750001,0.48750001,0.48750001,0
2002-01-14,0.48750001,0.48750001,0.48750001,0.48750001,0
2002-01-15,0.48750001,0.48750001,0.48750001,0.48750001,408000
2002-01-16,0.48750001,0.48750001,0.48750001,0.48750001,0
2002-01-17,0.48750001,0.48750001,0.48750001,0.48750001,0
2002-01-18,0.5,0.5,0.48750001,0.48750001,800000
2002-01-21,0.48750001,0.48750001,0.48750001,0.48750001,400000
2002-01-22,0.48750001,0.48750001,0.48750001,0.48750001,0
2002-01-23,0.48750001,0.48750001,0.48750001,0.48750001,0
2002-01-24,0.48750001,0.48750001,0.48750001,0.48750001,0
2002-01-25,0.48750001,0.48750001,0.48750001,0.48750001,0
2002-01-28,0.48750001,0.48750001,0.48750001,0.48750001,0
2002-01-29,0.5,0.5,0.5,0.5,16000
2002-01-30,0.5,0.5,0.5,0.5,16000
2002-01-31,0.5,0.5,0.5,0.5,0
2002-02-01,0.5,0.5,0.5,0.5,0
2002-02-04,0.5,0.5,0.5,0.5,0
2002-02-05,0.5,0.5,0.5,0.5,16000
2002-02-06,0.5,0.5,0.5,0.5,0
2002-02-07,0.5,0.5,0.5,0.5,16000
2002-02-08,0.5,0.5,0.5,0.5,0
2002-02-11,0.5,0.5,0.5,0.5,0
2002-02-12,0.5,0.5,0.5,0.5,0
2002-02-13,0.5,0.5,0.5,0.5,0
2002-02-14,0.5,0.5,0.5,0.5,0
2002-02-15,0.5,0.5,0.5,0.5,0
2002-02-18,0.5,0.5,0.5,0.5,24000
2002-02-19,0.5,0.5,0.5,0.5,16000
2002-02-20,0.5,0.5,0.5,0.5,0
2002-02-21,0.5,0.5,0.5,0.5,0
2002-02-22,0.5,0.5,0.5,0.5,0
2002-02-25,0.55000001,0.55000001,0.55000001,0.55000001,8000
2002-02-26,0.55000001,0.55000001,0.55000001,0.55000001,0
2002-02-27,0.55000001,0.55000001,0.55000001,0.55000001,0
2002-02-28,0.55000001,0.55000001,0.55000001,0.55000001,0
2002-03-01,0.55000001,0.55000001,0.55000001,0.55000001,0
2002-03-04,0.55000001,0.55000001,0.55000001,0.55000001,0
2002-03-05,0.55000001,0.55000001,0.55000001,0.55000001,8000
2002-03-06,0.55000001,0.55000001,0.55000001,0.55000001,32000
2002-03-07,0.55000001,0.55000001,0.55000001,0.55000001,0
2002-03-08,0.5025,0.5025,0.5,0.5,232000
2002-03-11,0.5,0.5,0.5,0.5,0
2002-03-12,0.53750002,0.565,0.53750002,0.565,64000
2002-03-13,0.505,0.505,0.505,0.505,24000
2002-03-14,0.505,0.505,0.505,0.505,0
2002-03-15,0.505,0.505,0.505,0.505,0
2002-03-18,0.505,0.505,0.505,0.505,0
2002-03-19,0.505,0.505,0.505,0.505,0
2002-03-20,0.505,0.505,0.505,0.505,0
2002-03-21,0.505,0.505,0.505,0.505,32000
2002-03-22,0.505,0.505,0.505,0.505,8000
2002-03-25,0.505,0.505,0.505,0.505,0
2002-03-26,0.505,0.505,0.505,0.505,0
2002-03-27,0.505,0.505,0.505,0.505,0
2002-03-28,0.51249999,0.51249999,0.51249999,0.51249999,24000
2002-03-29,0.51249999,0.51249999,0.51249999,0.51249999,0
2002-04-01,0.51249999,0.51249999,0.51249999,0.51249999,0
2002-04-02,0.51249999,0.51249999,0.51249999,0.51249999,0
2002-04-03,0.51249999,0.51249999,0.51249999,0.51249999,0
2002-04-04,0.51249999,0.51249999,0.51249999,0.51249999,0
2002-04-05,0.51249999,0.51249999,0.51249999,0.51249999,0
2002-04-08,0.51249999,0.51249999,0.51249999,0.51249999,0
2002-04-09,0.51249999,0.51249999,0.51249999,0.51249999,0
2002-04-10,0.51249999,0.51249999,0.51249999,0.51249999,0
2002-04-11,0.51249999,0.51249999,0.51249999,0.51249999,0
2002-04-12,0.51249999,0.51249999,0.51249999,0.51249999,0
2002-04-15,0.51249999,0.51249999,0.51249999,0.51249999,0
2002-04-16,0.51249999,0.51249999,0.51249999,0.51249999,0
2002-04-17,0.51249999,0.51249999,0.51249999,0.51249999,0
2002-04-18,0.50749999,0.50749999,0.50749999,0.50749999,72000
2002-04-19,0.50749999,0.50749999,0.50749999,0.50749999,0
2002-04-22,0.5575,0.5575,0.5575,0.5575,296000
2002-04-23,0.5575,0.5575,0.49000001,0.5575,376000
2002-04-24,0.55500001,0.55500001,0.55500001,0.55500001,32000
2002-04-25,0.55500001,0.55500001,0.55500001,0.55500001,8000
2002-04-26,0.55500001,0.55500001,0.55500001,0.55500001,0
2002-04-29,0.55500001,0.55500001,0.55500001,0.55500001,128000
2002-04-30,0.55500001,0.55500001,0.55500001,0.55500001,0
2002-05-01,0.55500001,0.55500001,0.55500001,0.55500001,0
2002-05-02,0.55000001,0.55500001,0.55000001,0.55500001,256000
2002-05-03,0.55500001,0.55500001,0.55500001,0.55500001,8000
2002-05-06,0.55000001,0.55000001,0.55000001,0.55000001,80000
2002-05-07,0.55000001,0.55000001,0.55000001,0.55000001,0
2002-05-08,0.55000001,0.55000001,0.55000001,0.55000001,40000
2002-05-09,0.55000001,0.55000001,0.52499998,0.52499998,208000
2002-05-10,0.55500001,0.55500001,0.55500001,0.55500001,56000
2002-05-13,0.55500001,0.55500001,0.55500001,0.55500001,0
2002-05-14,0.55000001,0.55000001,0.55000001,0.55000001,16000
2002-05-15,0.55000001,0.55000001,0.55000001,0.55000001,16000
2002-05-16,0.55000001,0.55000001,0.55000001,0.55000001,0
2002-05-17,0.55000001,0.55000001,0.55000001,0.55000001,0
2002-05-20,0.55000001,0.55000001,0.55000001,0.55000001,72000
2002-05-21,0.55000001,0.55000001,0.55000001,0.55000001,8000
2002-05-22,0.55000001,0.55000001,0.55000001,0.55000001,0
2002-05-23,0.55000001,0.55000001,0.55000001,0.55000001,0
2002-05-24,0.55000001,0.55000001,0.55000001,0.55000001,8000
2002-05-27,0.55000001,0.55000001,0.55000001,0.55000001,0
2002-05-28,0.55000001,0.55000001,0.55000001,0.55000001,0
2002-05-29,0.55000001,0.55000001,0.55000001,0.55000001,0
2002-05-30,0.55000001,0.55000001,0.55000001,0.55000001,0
2002-05-31,0.55000001,0.55000001,0.55000001,0.55000001,0
2002-06-03,0.55000001,0.55000001,0.55000001,0.55000001,0
2002-06-04,0.55000001,0.55000001,0.55000001,0.55000001,0
2002-06-05,0.55000001,0.55000001,0.55000001,0.55000001,0
2002-06-06,0.55000001,0.55000001,0.55000001,0.55000001,0
2002-06-07,0.55000001,0.55000001,0.55000001,0.55000001,8000
2002-06-10,0.55000001,0.57749999,0.55000001,0.57749999,16000
2002-06-11,0.57749999,0.57749999,0.57749999,0.57749999,48000
2002-06-12,0.57749999,0.57749999,0.57749999,0.57749999,0
2002-06-13,0.57749999,0.57749999,0.57749999,0.57749999,48000
2002-06-14,0.57749999,0.57749999,0.57749999,0.57749999,0
2002-06-17,0.57749999,0.57749999,0.57749999,0.57749999,0
2002-06-18,0.57749999,0.57749999,0.57749999,0.57749999,0
2002-06-19,0.57749999,0.57749999,0.57749999,0.57749999,0
2002-06-20,0.57749999,0.58749998,0.57749999,0.58749998,256000
2002-06-21,0.5675,0.5675,0.5625,0.5675,192000
2002-06-24,0.57499999,0.57499999,0.57499999,0.57499999,40000
2002-06-25,0.57499999,0.57499999,0.57499999,0.57499999,0
2002-06-26,0.61250001,0.61250001,0.61250001,0.61250001,176000
2002-06-27,0.61250001,0.61250001,0.61250001,0.61250001,0
2002-06-28,0.61250001,0.61250001,0.61250001,0.61250001,0
2002-07-01,0.61250001,0.61250001,0.61250001,0.61250001,0
2002-07-02,0.61250001,0.61250001,0.61250001,0.61250001,0
2002-07-03,0.61250001,0.61250001,0.61250001,0.61250001,0
2002-07-04,0.61250001,0.61250001,0.61250001,0.61250001,0
2002-07-05,0.61250001,0.61250001,0.61250001,0.61250001,0
2002-07-08,0.61250001,0.61250001,0.61250001,0.61250001,0
2002-07-09,0.61250001,0.61250001,0.61250001,0.61250001,0
2002-07-10,0.61250001,0.61250001,0.61250001,0.61250001,0
2002-07-11,0.61250001,0.61250001,0.61250001,0.61250001,0
2002-07-12,0.60000002,0.60000002,0.60000002,0.60000002,160000
2002-07-15,0.60000002,0.60000002,0.60000002,0.60000002,160000
2002-07-16,0.60000002,0.60000002,0.60000002,0.60000002,0
2002-07-17,0.60000002,0.60000002,0.60000002,0.60000002,0
2002-07-18,0.60000002,0.60000002,0.60000002,0.60000002,0
2002-07-19,0.60000002,0.60000002,0.60000002,0.60000002,0
2002-07-22,0.60000002,0.60000002,0.60000002,0.60000002,0
2002-07-23,0.60000002,0.60000002,0.60000002,0.60000002,0
2002-07-24,0.60000002,0.60000002,0.60000002,0.60000002,0
2002-07-25,0.60000002,0.60000002,0.60000002,0.60000002,0
2002-07-26,0.60000002,0.60000002,0.60000002,0.60000002,0
2002-07-29,0.60000002,0.60000002,0.60000002,0.60000002,0
2002-07-30,0.60000002,0.60000002,0.60000002,0.60000002,0
2002-07-31,0.60000002,0.60000002,0.60000002,0.60000002,0
2002-08-01,0.60000002,0.60000002,0.60000002,0.60000002,0
2002-08-02,0.60000002,0.60000002,0.60000002,0.60000002,16000
2002-08-05,0.60000002,0.60000002,0.60000002,0.60000002,0
2002-08-06,0.60000002,0.60000002,0.60000002,0.60000002,0
2002-08-07,0.60000002,0.60000002,0.60000002,0.60000002,0
2002-08-08,0.60000002,0.60000002,0.60000002,0.60000002,0
2002-08-09,0.60000002,0.60000002,0.60000002,0.60000002,0
2002-08-12,0.60000002,0.60000002,0.60000002,0.60000002,0
2002-08-13,0.60000002,0.60000002,0.60000002,0.60000002,0
2002-08-14,0.60000002,0.60000002,0.60000002,0.60000002,0
2002-08-15,0.60000002,0.60000002,0.60000002,0.60000002,0
2002-08-16,0.60000002,0.60000002,0.60000002,0.60000002,64000
2002-08-19,0.60000002,0.60000002,0.60000002,0.60000002,0
2002-08-20,0.60000002,0.60000002,0.60000002,0.60000002,0
2002-08-21,0.60000002,0.60000002,0.60000002,0.60000002,0
2002-08-22,0.60000002,0.60000002,0.60000002,0.60000002,0
2002-08-23,0.60000002,0.60000002,0.60000002,0.60000002,0
2002-08-26,0.60000002,0.60000002,0.60000002,0.60000002,0
2002-08-27,0.60000002,0.60000002,0.60000002,0.60000002,0
2002-08-28,0.60000002,0.60000002,0.60000002,0.60000002,72000
2002-08-29,0.60000002,0.60000002,0.60000002,0.60000002,8000
2002-08-30,0.60000002,0.60000002,0.60000002,0.60000002,0
2002-09-02,0.60000002,0.60000002,0.60000002,0.60000002,0
2002-09-03,0.60000002,0.60000002,0.60000002,0.60000002,0
2002-09-04,0.60000002,0.60000002,0.60000002,0.60000002,0
2002-09-05,0.60000002,0.60000002,0.60000002,0.60000002,0
2002-09-06,0.60000002,0.60000002,0.60000002,0.60000002,0
2002-09-09,0.60000002,0.60000002,0.60000002,0.60000002,0
2002-09-10,0.60000002,0.60000002,0.60000002,0.60000002,0
2002-09-11,0.60000002,0.60000002,0.60000002,0.60000002,24000
2002-09-12,0.60000002,0.60000002,0.60000002,0.60000002,0
2002-09-13,0.60000002,0.60000002,0.60000002,0.60000002,0
2002-09-16,0.60000002,0.60000002,0.60000002,0.60000002,0
2002-09-17,0.60000002,0.60000002,0.60000002,0.60000002,0
2002-09-18,0.60000002,0.60000002,0.60000002,0.60000002,0
2002-09-19,0.60000002,0.60000002,0.60000002,0.60000002,0
2002-09-20,0.60000002,0.60000002,0.60000002,0.60000002,0
2002-09-23,0.60000002,0.60000002,0.60000002,0.60000002,0
2002-09-24,0.60000002,0.60000002,0.60000002,0.60000002,0
2002-09-25,0.60000002,0.60000002,0.60000002,0.60000002,0
2002-09-26,0.60000002,0.60000002,0.60000002,0.60000002,0
2002-09-27,0.60000002,0.60000002,0.60000002,0.60000002,0
2002-09-30,0.60000002,0.60000002,0.60000002,0.60000002,0
2002-10-01,0.60000002,0.60000002,0.60000002,0.60000002,0
2002-10-02,0.60000002,0.60000002,0.60000002,0.60000002,0
2002-10-03,0.60000002,0.60000002,0.60000002,0.60000002,0
2002-10-04,0.60000002,0.60000002,0.60000002,0.60000002,0
2002-10-07,0.59750003,0.59750003,0.59750003,0.59750003,16000
2002-10-08,0.60000002,0.61750001,0.60000002,0.61750001,32000
2002-10-09,0.61750001,0.61750001,0.61750001,0.61750001,0
2002-10-10,0.61750001,0.61750001,0.61750001,0.61750001,0
2002-10-11,0.61750001,0.61750001,0.61750001,0.61750001,0
2002-10-14,0.61750001,0.61750001,0.61750001,0.61750001,0
2002-10-15,0.61750001,0.61750001,0.61750001,0.61750001,0
2002-10-16,0.61750001,0.61750001,0.61750001,0.61750001,0
2002-10-17,0.61750001,0.61750001,0.61750001,0.61750001,0
2002-10-18,0.61750001,0.61750001,0.61750001,0.61750001,0
2002-10-21,0.61750001,0.61750001,0.61750001,0.61750001,0
2002-10-22,0.61750001,0.61750001,0.61750001,0.61750001,0
2002-10-23,0.61000001,0.61750001,0.61000001,0.61750001,48000
2002-10-24,0.61750001,0.61750001,0.61750001,0.61750001,0
2002-10-25,0.61750001,0.61750001,0.61750001,0.61750001,0
2002-10-28,0.61750001,0.61750001,0.61750001,0.61750001,24000
2002-10-29,0.61750001,0.61750001,0.61750001,0.61750001,16000
2002-10-30,0.61750001,0.61750001,0.61750001,0.61750001,8000
2002-10-31,0.61750001,0.61750001,0.61750001,0.61750001,8000
2002-11-01,0.61750001,0.61750001,0.61750001,0.61750001,72000
2002-11-04,0.61750001,0.61750001,0.61750001,0.61750001,48000
2002-11-05,0.61750001,0.61750001,0.61750001,0.61750001,0
2002-11-06,0.61750001,0.61750001,0.61750001,0.61750001,0
2002-11-07,0.61750001,0.61750001,0.61750001,0.61750001,8000
2002-11-08,0.61750001,0.61750001,0.61750001,0.61750001,0
2002-11-11,0.61750001,0.61750001,0.61750001,0.61750001,8000
2002-11-12,0.61750001,0.61750001,0.61750001,0.61750001,0
2002-11-13,0.61750001,0.61750001,0.61750001,0.61750001,0
2002-11-14,0.61750001,0.61750001,0.61750001,0.61750001,56000
2002-11-15,0.61750001,0.61750001,0.61750001,0.61750001,0
2002-11-18,0.61750001,0.61750001,0.61750001,0.61750001,0
2002-11-19,0.61750001,0.61750001,0.61750001,0.61750001,0
2002-11-20,0.61750001,0.61750001,0.61750001,0.61750001,0
2002-11-21,0.61750001,0.61750001,0.61750001,0.61750001,16000
2002-11-22,0.61750001,0.61750001,0.61750001,0.61750001,0
2002-11-25,0.61750001,0.61750001,0.61750001,0.61750001,0
2002-11-26,0.61750001,0.61750001,0.61750001,0.61750001,0
2002-11-27,0.61750001,0.61750001,0.61750001,0.61750001,0
2002-11-28,0.61750001,0.61750001,0.61750001,0.61750001,0
2002-11-29,0.61750001,0.61750001,0.61750001,0.61750001,0
2002-12-02,0.61750001,0.61750001,0.61750001,0.61750001,0
2002-12-03,0.61750001,0.61750001,0.61750001,0.61750001,0
2002-12-04,0.61750001,0.61750001,0.61750001,0.61750001,0
2002-12-05,0.61750001,0.61750001,0.61750001,0.61750001,56000
2002-12-06,0.61750001,0.61750001,0.61750001,0.61750001,0
2002-12-09,0.61750001,0.61750001,0.61750001,0.61750001,32000
2002-12-10,0.61750001,0.61750001,0.61750001,0.61750001,0
2002-12-11,0.61750001,0.61750001,0.61750001,0.61750001,0
2002-12-12,0.61750001,0.61750001,0.61750001,0.61750001,32000
2002-12-13,0.61750001,0.61750001,0.61750001,0.61750001,0
2002-12-16,0.66250002,0.66250002,0.66250002,0.66250002,8000
2002-12-17,0.72750002,0.72750002,0.72750002,0.72750002,392000
2002-12-18,0.72500002,0.72500002,0.625,0.625,424000
2002-12-19,0.625,0.625,0.625,0.625,0
2002-12-20,0.625,0.625,0.625,0.625,0
2002-12-23,0.625,0.625,0.625,0.625,0
2002-12-24,0.625,0.625,0.625,0.625,0
2002-12-25,0.625,0.625,0.625,0.625,0
2002-12-26,0.625,0.625,0.625,0.625,0
2002-12-27,0.625,0.625,0.625,0.625,0
2002-12-30,0.625,0.625,0.625,0.625,0
2002-12-31,0.625,0.625,0.625,0.625,0
2003-01-01,0.625,0.625,0.625,0.625,0
2003-01-02,0.625,0.625,0.625,0.625,0
2003-01-03,0.625,0.625,0.625,0.625,0
2003-01-06,0.625,0.625,0.625,0.625,0
2003-01-07,0.625,0.625,0.625,0.625,0
2003-01-08,0.71249998,0.71249998,0.71249998,0.71249998,96000
2003-01-09,0.64999998,0.64999998,0.64999998,0.64999998,8000
2003-01-10,0.64999998,0.64999998,0.64999998,0.64999998,0
2003-01-13,0.64999998,0.64999998,0.64999998,0.64999998,0
2003-01-14,0.64999998,0.64999998,0.64999998,0.64999998,0
2003-01-15,0.64999998,0.64999998,0.64999998,0.64999998,0
2003-01-16,0.64999998,0.64999998,0.64999998,0.64999998,0
2003-01-17,0.64999998,0.64999998,0.64999998,0.64999998,0
2003-01-20,0.64999998,0.64999998,0.64999998,0.64999998,0
2003-01-21,0.64999998,0.64999998,0.64999998,0.64999998,0
2003-01-22,0.64999998,0.64999998,0.64999998,0.64999998,0
2003-01-23,0.64999998,0.64999998,0.64999998,0.64999998,0
2003-01-24,0.64999998,0.64999998,0.64999998,0.64999998,0
2003-01-27,0.625,0.625,0.625,0.625,8000
2003-01-28,0.625,0.625,0.625,0.625,0
2003-01-29,0.625,0.625,0.625,0.625,0
2003-01-30,0.625,0.625,0.625,0.625,0
2003-01-31,0.625,0.625,0.625,0.625,0
2003-02-03,0.625,0.625,0.625,0.625,0
2003-02-04,0.625,0.625,0.625,0.625,0
2003-02-05,0.625,0.625,0.625,0.625,0
2003-02-06,0.625,0.625,0.625,0.625,0
2003-02-07,0.625,0.625,0.625,0.625,0
2003-02-10,0.625,0.625,0.625,0.625,0
2003-02-11,0.625,0.625,0.625,0.625,0
2003-02-12,0.625,0.625,0.625,0.625,0
2003-02-13,0.625,0.625,0.625,0.625,0
2003-02-14,0.625,0.625,0.625,0.625,0
2003-02-17,0.625,0.625,0.625,0.625,0
2003-02-18,0.625,0.625,0.625,0.625,0
2003-02-19,0.625,0.625,0.625,0.625,0
2003-02-20,0.625,0.625,0.625,0.625,0
2003-02-21,0.625,0.625,0.625,0.625,0
2003-02-24,0.625,0.625,0.625,0.625,0
2003-02-25,0.625,0.625,0.625,0.625,0
2003-02-26,0.625,0.625,0.625,0.625,0
2003-02-27,0.625,0.625,0.625,0.625,0
2003-02-28,0.625,0.625,0.625,0.625,0
2003-03-03,0.625,0.625,0.625,0.625,0
2003-03-04,0.625,0.625,0.625,0.625,0
2003-03-05,0.625,0.625,0.625,0.625,0
2003-03-06,0.625,0.625,0.625,0.625,0
2003-03-07,0.625,0.625,0.625,0.625,0
2003-03-10,0.625,0.625,0.625,0.625,0
2003-03-11,0.625,0.625,0.625,0.625,0
2003-03-12,0.625,0.625,0.625,0.625,0
2003-03-13,0.625,0.625,0.625,0.625,0
2003-03-14,0.625,0.625,0.625,0.625,0
2003-03-17,0.625,0.625,0.625,0.625,0
2003-03-18,0.625,0.625,0.625,0.625,0
2003-03-19,0.71249998,0.75,0.71249998,0.75,16000
2003-03-20,0.75,0.75,0.75,0.75,0
2003-03-21,0.75,0.75,0.75,0.75,0
2003-03-24,0.75,0.75,0.75,0.75,0
2003-03-25,0.75,0.75,0.75,0.75,0
2003-03-26,0.75,0.75,0.75,0.75,0
2003-03-27,0.75,0.75,0.75,0.75,0
2003-03-28,0.75,0.75,0.75,0.75,0
2003-03-31,0.75,0.75,0.75,0.75,0
2003-04-01,0.75,0.75,0.75,0.75,8000
2003-04-02,0.75,0.75,0.75,0.75,0
2003-04-03,0.7525,0.7525,0.7525,0.7525,16000
2003-04-04,0.7525,0.7525,0.7525,0.7525,0
2003-04-07,0.7525,0.7525,0.7525,0.7525,0
2003-04-08,0.7525,0.7525,0.7525,0.7525,0
2003-04-09,0.7525,0.7525,0.7525,0.7525,0
2003-04-10,0.7525,0.7525,0.7525,0.7525,0
2003-04-11,0.74000001,0.74000001,0.74000001,0.74000001,8000
2003-04-14,0.75,0.75,0.75,0.75,128000
2003-04-15,0.75,0.75,0.75,0.75,0
2003-04-16,0.75,0.75,0.75,0.75,0
2003-04-17,0.75,0.75,0.75,0.75,0
2003-04-18,0.75,0.75,0.75,0.75,0
2003-04-21,0.75,0.75,0.75,0.75,0
2003-04-22,0.75,0.75,0.75,0.75,0
2003-04-23,0.75,0.75,0.75,0.75,0
2003-04-24,0.75,0.75,0.75,0.75,0
2003-04-25,0.75,0.75,0.75,0.75,0
2003-04-28,0.71249998,0.72500002,0.625,0.72500002,352000
2003-04-29,0.72500002,0.72500002,0.72500002,0.72500002,0
2003-04-30,0.72500002,0.72500002,0.72500002,0.72500002,0
2003-05-01,0.72500002,0.72500002,0.72500002,0.72500002,0
2003-05-02,0.72500002,0.72500002,0.72500002,0.72500002,0
2003-05-05,0.72500002,0.72500002,0.72500002,0.72500002,0
2003-05-06,0.72500002,0.72500002,0.72500002,0.72500002,0
2003-05-07,0.72500002,0.72500002,0.72500002,0.72500002,0
2003-05-08,0.72500002,0.72500002,0.72500002,0.72500002,0
2003-05-09,0.72500002,0.72500002,0.72500002,0.72500002,0
2003-05-12,0.72500002,0.72500002,0.72500002,0.72500002,0
2003-05-13,0.72500002,0.72500002,0.72500002,0.72500002,0
2003-05-14,0.72500002,0.72500002,0.72500002,0.72500002,0
2003-05-15,0.875,0.875,0.875,0.875,8000
2003-05-16,0.875,0.875,0.875,0.875,0
2003-05-19,0.875,0.875,0.875,0.875,8000
2003-05-20,0.875,0.94999999,0.875,0.94999999,16000
2003-05-21,1.0,1.0,1.0,1.0,8000
2003-05-22,1.0,1.0,1.0,1.0,0
2003-05-23,1.0,1.0,1.0,1.0,0
2003-05-26,1.0,1.0,1.0,1.0,0
2003-05-27,1.0,1.0,1.0,1.0,0
2003-05-28,1.0,1.0,1.0,1.0,0
2003-05-29,0.995,0.995,0.995,0.995,48000
2003-05-30,0.995,0.995,0.995,0.995,0
2003-06-02,0.995,0.995,0.995,0.995,0
2003-06-03,0.995,0.995,0.995,0.995,0
2003-06-04,0.995,0.995,0.995,0.995,0
2003-06-05,0.995,0.995,0.995,0.995,0
2003-06-06,0.995,0.995,0.995,0.995,0
2003-06-09,0.995,0.995,0.995,0.995,40000
2003-06-10,0.995,0.995,0.995,0.995,0
2003-06-11,0.995,0.995,0.995,0.995,0
2003-06-12,0.995,0.995,0.995,0.995,0
2003-06-13,0.995,0.995,0.995,0.995,0
2003-06-16,0.995,0.995,0.995,0.995,0
2003-06-17,0.995,0.995,0.995,0.995,0
2003-06-18,0.995,0.995,0.995,0.995,0
2003-06-19,0.995,0.995,0.995,0.995,0
2003-06-20,0.995,0.995,0.995,0.995,0
2003-06-23,0.995,0.995,0.995,0.995,0
2003-06-24,0.995,0.995,0.995,0.995,0
2003-06-25,0.995,0.995,0.995,0.995,0
2003-06-26,0.995,0.995,0.995,0.995,0
2003-06-27,0.995,0.995,0.995,0.995,0
2003-06-30,0.995,0.995,0.995,0.995,0
2003-07-01,0.995,0.995,0.995,0.995,0
2003-07-02,0.995,0.995,0.995,0.995,0
2003-07-03,0.995,0.995,0.995,0.995,0
2003-07-04,0.995,0.995,0.995,0.995,0
2003-07-07,0.995,0.995,0.995,0.995,0
2003-07-08,0.995,0.995,0.995,0.995,0
2003-07-09,0.995,0.995,0.995,0.995,0
2003-07-10,0.995,0.995,0.995,0.995,0
2003-07-11,0.995,0.995,0.995,0.995,0
2003-07-14,0.995,0.995,0.995,0.995,0
2003-07-15,0.995,0.995,0.995,0.995,0
2003-07-16,0.8725,0.8725,0.8725,0.8725,160000
2003-07-17,0.8725,0.8725,0.8725,0.8725,0
2003-07-18,0.8725,0.8725,0.8725,0.8725,0
2003-07-21,0.8725,0.8725,0.8725,0.8725,0
2003-07-22,0.875,0.875,0.875,0.875,40000
2003-07-23,0.875,0.875,0.875,0.875,0
2003-07-24,0.875,0.875,0.875,0.875,0
2003-07-25,0.875,0.875,0.875,0.875,40000
2003-07-28,0.875,0.875,0.875,0.875,40000
2003-07-29,0.875,0.875,0.875,0.875,0
2003-07-30,0.875,0.875,0.875,0.875,0
2003-07-31,0.875,0.875,0.875,0.875,0
2003-08-01,0.875,0.875,0.875,0.875,0
2003-08-04,0.875,0.875,0.875,0.875,0
2003-08-05,0.875,0.875,0.875,0.875,0
2003-08-06,0.875,0.875,0.875,0.875,0
2003-08-07,0.875,0.875,0.875,0.875,0
2003-08-08,0.875,0.875,0.875,0.875,0
2003-08-11,0.875,0.875,0.875,0.875,0
2003-08-12,0.875,0.875,0.875,0.875,0
2003-08-13,0.875,0.875,0.875,0.875,0
2003-08-14,0.875,0.875,0.875,0.875,0
2003-08-15,0.875,0.875,0.875,0.875,0
2003-08-18,0.875,0.875,0.875,0.875,0
2003-08-19,0.875,0.875,0.875,0.875,0
2003-08-20,0.875,0.875,0.875,0.875,0
2003-08-21,0.875,0.875,0.875,0.875,0
2003-08-22,0.875,0.875,0.875,0.875,0
2003-08-25,0.875,0.875,0.875,0.875,0
2003-08-26,0.875,0.875,0.875,0.875,0
2003-08-27,0.875,0.875,0.875,0.875,0
2003-08-28,0.875,0.875,0.875,0.875,0
2003-08-29,0.875,0.875,0.875,0.875,0
2003-09-01,0.875,0.875,0.875,0.875,0
2003-09-02,0.875,0.875,0.875,0.875,0
2003-09-03,0.875,0.875,0.875,0.875,0
2003-09-04,0.875,0.875,0.875,0.875,0
2003-09-05,0.875,0.875,0.875,0.875,0
2003-09-08,0.875,0.875,0.875,0.875,0
2003-09-09,0.875,0.875,0.875,0.875,0
2003-09-10,0.875,0.875,0.875,0.875,0
2003-09-11,0.875,0.875,0.875,0.875,0
2003-09-12,0.875,0.875,0.875,0.875,0
2003-09-15,0.875,0.875,0.875,0.875,0
2003-09-16,0.875,0.875,0.875,0.875,0
2003-09-17,0.875,0.875,0.875,0.875,0
2003-09-18,0.875,0.875,0.875,0.875,0
2003-09-19,0.875,0.875,0.875,0.875,0
2003-09-22,0.875,0.875,0.875,0.875,0
2003-09-23,0.875,0.875,0.875,0.875,0
2003-09-24,0.875,0.875,0.875,0.875,0
2003-09-25,0.875,0.875,0.875,0.875,0
2003-09-26,0.875,0.875,0.875,0.875,0
2003-09-29,0.875,0.875,0.875,0.875,0
2003-09-30,0.875,0.875,0.875,0.875,0
2003-10-01,0.875,0.875,0.875,0.875,0
2003-10-02,0.875,0.875,0.875,0.875,0
2003-10-03,0.875,0.875,0.875,0.875,0
2003-10-06,0.875,0.875,0.875,0.875,0
2003-10-07,0.76499999,0.76499999,0.7525,0.7525,16000
2003-10-08,0.7525,0.7525,0.7525,0.7525,0
2003-10-09,0.7525,0.7525,0.7525,0.7525,0
2003-10-10,0.7525,0.7525,0.7525,0.7525,16000
2003-10-13,0.7525,0.7525,0.7525,0.7525,0
2003-10-14,0.7525,0.7525,0.7525,0.7525,0
2003-10-15,0.7525,0.7525,0.7525,0.7525,0
2003-10-16,0.7475,0.75,0.7475,0.75,3600000
2003-10-17,0.75,0.75,0.75,0.75,0
2003-10-20,0.75,0.75,0.75,0.75,0
2003-10-21,0.75,0.75,0.75,0.75,0
2003-10-22,0.75,0.75,0.75,0.75,1600000
2003-10-23,0.75,0.75,0.75,0.75,0
2003-10-24,0.75,0.75,0.75,0.75,0
2003-10-27,0.75,0.75,0.75,0.75,0
2003-10-28,0.75,0.75,0.75,0.75,0
2003-10-29,0.78750002,0.78750002,0.78750002,0.78750002,80000
2003-10-30,0.78750002,0.78750002,0.78750002,0.78750002,0
2003-10-31,0.78750002,0.78750002,0.78750002,0.78750002,0
2003-11-03,0.78750002,0.78750002,0.78750002,0.78750002,0
2003-11-04,0.78750002,0.78750002,0.78750002,0.78750002,0
2003-11-05,0.78750002,0.78750002,0.78750002,0.78750002,0
2003-11-06,0.78750002,0.78750002,0.78750002,0.78750002,0
2003-11-07,0.78750002,0.78750002,0.78750002,0.78750002,0
2003-11-10,0.78750002,0.78750002,0.78750002,0.78750002,0
2003-11-11,0.78750002,0.78750002,0.78750002,0.78750002,0
2003-11-12,0.78750002,0.78750002,0.78750002,0.78750002,0
2003-11-13,0.75,0.75,0.75,0.75,120000
2003-11-14,0.75,0.75,0.75,0.75,0
2003-11-17,0.75,0.75,0.75,0.75,0
2003-11-18,0.80000001,0.80000001,0.80000001,0.80000001,16000
2003-11-19,0.80000001,0.80000001,0.80000001,0.80000001,0
2003-11-20,0.79750001,0.79750001,0.79750001,0.79750001,8000
2003-11-21,0.79750001,0.79750001,0.79750001,0.79750001,0
2003-11-24,0.79750001,0.79750001,0.79750001,0.79750001,0
2003-11-25,0.79750001,0.79750001,0.79750001,0.79750001,0
2003-11-26,0.79750001,0.79750001,0.79750001,0.79750001,0
2003-11-27,0.79750001,0.79750001,0.79750001,0.79750001,0
2003-11-28,0.76249999,0.76249999,0.76249999,0.76249999,1896000
2003-12-01,0.76249999,0.76249999,0.76249999,0.76249999,0
2003-12-02,0.76249999,0.76249999,0.76249999,0.76249999,0
2003-12-03,0.76249999,0.76249999,0.76249999,0.76249999,16000
2003-12-04,0.77499998,0.82249999,0.77499998,0.82249999,232000
2003-12-05,0.77499998,0.77499998,0.75,0.75,32000
2003-12-08,0.75,0.75,0.75,0.75,0
2003-12-09,0.75,0.75,0.75,0.75,0
2003-12-10,0.75,0.75,0.75,0.75,0
2003-12-11,0.75,0.75,0.75,0.75,0
2003-12-12,0.75,0.75,0.75,0.75,0
2003-12-15,0.75,0.75,0.75,0.75,0
2003-12-16,0.75,0.75,0.75,0.75,0
2003-12-17,0.75,0.75,0.75,0.75,0
2003-12-18,0.75,0.75,0.75,0.75,0
2003-12-19,0.75,0.75,0.75,0.75,0
2003-12-22,0.75,0.75,0.75,0.75,0
2003-12-23,0.75,0.75,0.75,0.75,0
2003-12-24,0.75,0.75,0.75,0.75,0
2003-12-25,0.75,0.75,0.75,0.75,0
2003-12-26,0.75,0.75,0.75,0.75,0
2003-12-29,0.75,0.75,0.75,0.75,0
2003-12-30,0.75,0.75,0.75,0.75,0
2003-12-31,0.75,0.75,0.75,0.75,0
2004-01-01,0.75,0.75,0.75,0.75,0
2004-01-02,0.75,0.75,0.75,0.75,0
2004-01-05,0.75,0.75,0.75,0.75,0
2004-01-06,0.75,0.75,0.75,0.75,0
2004-01-07,0.75,0.75,0.75,0.75,0
2004-01-08,0.75,0.75,0.75,0.75,0
2004-01-09,0.75,0.75,0.75,0.75,0
2004-01-12,0.75,0.75,0.75,0.75,0
2004-01-13,0.75,0.75,0.75,0.75,0
2004-01-14,0.75,0.75,0.75,0.75,0
2004-01-15,0.94999999,0.94999999,0.94999999,0.94999999,24000
2004-01-16,0.94999999,0.94999999,0.94999999,0.94999999,0
2004-01-19,0.94999999,0.94999999,0.94999999,0.94999999,0
2004-01-20,0.94999999,0.94999999,0.94999999,0.94999999,0
2004-01-21,0.94999999,0.94999999,0.94999999,0.94999999,0
2004-01-22,0.94999999,0.94999999,0.94999999,0.94999999,0
2004-01-23,0.94999999,0.94999999,0.94999999,0.94999999,0
2004-01-26,0.94999999,0.94999999,0.94999999,0.94999999,0
2004-01-27,0.94999999,0.94999999,0.94999999,0.94999999,0
2004-01-28,0.94999999,0.94999999,0.94999999,0.94999999,0
2004-01-29,0.94999999,0.94999999,0.94999999,0.94999999,0
2004-01-30,0.94999999,0.94999999,0.94999999,0.94999999,0
2004-02-02,0.94999999,0.94999999,0.94999999,0.94999999,0
2004-02-03,0.94999999,0.94999999,0.94999999,0.94999999,0
2004-02-04,0.94999999,0.94999999,0.94999999,0.94999999,0
2004-02-05,0.94999999,0.94999999,0.94999999,0.94999999,0
2004-02-06,0.94999999,0.94999999,0.94999999,0.94999999,0
2004-02-09,0.94999999,0.94999999,0.94999999,0.94999999,0
2004-02-10,0.94999999,0.94999999,0.94999999,0.94999999,0
2004-02-11,0.94749999,0.94749999,0.94749999,0.94749999,160000
2004-02-12,0.94749999,0.94749999,0.94749999,0.94749999,8000
2004-02-13,0.94499999,0.94499999,0.9375,0.9375,72000
2004-02-16,0.9375,0.9375,0.9375,0.9375,0
2004-02-17,0.9375,0.9375,0.9375,0.9375,0
2004-02-18,0.9375,0.9375,0.9375,0.9375,0
2004-02-19,0.9375,0.9375,0.9375,0.9375,0
2004-02-20,0.9375,0.9375,0.9375,0.9375,0
2004-02-23,0.9375,0.9375,0.9375,0.9375,0
2004-02-24,0.9375,0.9375,0.9375,0.9375,0
2004-02-25,0.9375,0.9375,0.9375,0.9375,0
2004-02-26,0.9375,0.9375,0.9375,0.9375,0
2004-02-27,0.9375,0.9375,0.9375,0.9375,0
2004-03-01,0.9375,0.9375,0.9375,0.9375,0
2004-03-02,0.9375,0.9375,0.9375,0.9375,0
2004-03-03,0.9375,0.9375,0.9375,0.9375,0
2004-03-04,0.9375,0.9375,0.9375,0.9375,0
2004-03-05,0.9375,0.9375,0.9375,0.9375,0
2004-03-08,0.9375,0.9375,0.9375,0.9375,0
2004-03-09,0.9375,0.9375,0.9375,0.9375,0
2004-03-10,0.9375,0.9375,0.9375,0.9375,0
2004-03-11,0.9375,0.9375,0.9375,0.9375,0
2004-03-12,0.9375,0.9375,0.9375,0.9375,0
2004-03-15,0.9375,0.9375,0.9375,0.9375,0
2004-03-16,0.9375,0.9375,0.9375,0.9375,0
2004-03-17,0.9375,0.9375,0.9375,0.9375,0
2004-03-18,0.9375,0.9375,0.9375,0.9375,0
2004-03-19,0.9375,0.9375,0.9375,0.9375,0
2004-03-22,0.75,0.75,0.75,0.75,8000
2004-03-23,0.75,0.75,0.75,0.75,0
2004-03-24,0.75,0.75,0.75,0.75,0
2004-03-25,0.75,0.75,0.75,0.75,0
2004-03-26,0.75,0.75,0.75,0.75,0
2004-03-29,0.75,0.75,0.75,0.75,0
2004-03-30,0.75,0.75,0.75,0.75,0
2004-03-31,0.75,0.75,0.75,0.75,0
2004-04-01,0.85000002,0.85000002,0.85000002,0.85000002,40000
2004-04-02,0.85000002,0.85000002,0.85000002,0.85000002,0
2004-04-05,0.85000002,0.85000002,0.85000002,0.85000002,0
2004-04-06,0.85000002,0.85000002,0.85000002,0.85000002,0
2004-04-07,0.85000002,0.85000002,0.85000002,0.85000002,0
2004-04-08,0.85000002,0.85000002,0.85000002,0.85000002,0
2004-04-09,0.85000002,0.85000002,0.85000002,0.85000002,0
2004-04-12,0.9375,0.9375,0.9375,0.9375,56000
2004-04-13,0.9375,0.9375,0.9375,0.9375,0
2004-04-14,0.94,0.94,0.94,0.94,8000
2004-04-15,0.9425,0.9425,0.9375,0.9375,40000
2004-04-16,0.94999999,0.94999999,0.94999999,0.94999999,1200000
2004-04-19,0.94999999,0.94999999,0.94999999,0.94999999,80000
2004-04-20,0.96249998,0.96249998,0.96249998,0.96249998,8000
2004-04-21,0.96249998,0.96249998,0.96249998,0.96249998,0
2004-04-22,0.96249998,0.96249998,0.96249998,0.96249998,8000
2004-04-23,0.96249998,0.96249998,0.96249998,0.96249998,0
2004-04-26,0.96249998,0.96249998,0.96249998,0.96249998,8000
2004-04-27,0.96249998,0.96249998,0.96249998,0.96249998,0
2004-04-28,0.96249998,0.96249998,0.96249998,0.96249998,8000
2004-04-29,0.94999999,0.94999999,0.94999999,0.94999999,8000
2004-04-30,0.94999999,0.94999999,0.94999999,0.94999999,0
2004-05-03,0.94999999,0.94999999,0.94999999,0.94999999,0
2004-05-04,0.94999999,0.94999999,0.94999999,0.94999999,0
2004-05-05,0.94999999,0.94999999,0.94999999,0.94999999,0
2004-05-06,0.92250001,0.92250001,0.92250001,0.92250001,8000
2004-05-07,0.92250001,0.92250001,0.92250001,0.92250001,8000
2004-05-10,0.91000003,0.91000003,0.91000003,0.91000003,40000
2004-05-11,0.89999998,0.91250002,0.89999998,0.91250002,32000
2004-05-12,0.90750003,0.90750003,0.90750003,0.90750003,8000
2004-05-13,0.90750003,0.90750003,0.89999998,0.89999998,32000
2004-05-14,0.91250002,0.91250002,0.91250002,0.91250002,8000
2004-05-17,0.89999998,0.89999998,0.875,0.875,80000
2004-05-18,0.88499999,0.88499999,0.88499999,0.88499999,16000
2004-05-19,0.88499999,0.88499999,0.88499999,0.88499999,0
2004-05-20,0.88499999,0.88499999,0.88499999,0.88499999,0
2004-05-21,0.88999999,0.88999999,0.88999999,0.88999999,8000
2004-05-24,0.89249998,0.89249998,0.89249998,0.89249998,16000
2004-05-25,0.89249998,0.89249998,0.89249998,0.89249998,0
2004-05-26,0.88749999,0.88749999,0.88749999,0.88749999,40000
2004-05-27,0.88749999,0.88749999,0.88749999,0.88749999,0
2004-05-28,0.89499998,0.89499998,0.89499998,0.89499998,8000
2004-05-31,0.88999999,0.90249997,0.88999999,0.90249997,16000
2004-06-01,0.90249997,0.90249997,0.90249997,0.90249997,0
2004-06-02,0.90249997,0.90249997,0.90249997,0.90249997,0
2004-06-03,0.90249997,0.90249997,0.90249997,0.90249997,0
2004-06-04,0.88,0.88,0.88,0.88,16000
2004-06-07,0.89249998,0.89249998,0.89249998,0.89249998,16000
2004-06-08,0.89249998,0.89249998,0.89249998,0.89249998,0
2004-06-09,0.89249998,0.89249998,0.89249998,0.89249998,0
2004-06-10,0.89249998,0.89249998,0.89249998,0.89249998,0
2004-06-11,0.89249998,0.89249998,0.89249998,0.89249998,0
2004-06-14,0.89999998,0.89999998,0.89999998,0.89999998,8000
2004-06-15,0.90750003,0.90750003,0.90750003,0.90750003,8000
2004-06-16,0.90750003,0.90750003,0.90750003,0.90750003,0
2004-06-17,0.90750003,0.90750003,0.90750003,0.90750003,0
2004-06-18,0.90249997,0.90249997,0.90249997,0.90249997,32000
2004-06-21,0.90249997,0.90249997,0.90249997,0.90249997,0
2004-06-22,0.90249997,0.90249997,0.90249997,0.90249997,0
2004-06-23,0.90249997,0.90249997,0.90249997,0.90249997,0
2004-06-24,0.90249997,0.90249997,0.90249997,0.90249997,0
2004-06-25,0.90249997,0.90249997,0.90249997,0.90249997,0
2004-06-28,0.90249997,0.90249997,0.90249997,0.90249997,0
2004-06-29,0.90249997,0.90249997,0.90249997,0.90249997,0
2004-06-30,0.89749998,0.89749998,0.89749998,0.89749998,40000
2004-07-01,0.89249998,0.89249998,0.89249998,0.89249998,8000
2004-07-02,0.89249998,0.89249998,0.89249998,0.89249998,0
2004-07-05,0.89249998,0.89249998,0.89249998,0.89249998,0
2004-07-06,0.89249998,0.89249998,0.89249998,0.89249998,0
2004-07-07,0.89249998,0.89249998,0.89249998,0.89249998,0
2004-07-08,0.89249998,0.89249998,0.89249998,0.89249998,0
2004-07-09,0.89249998,0.89249998,0.89249998,0.89249998,0
2004-07-12,0.89249998,0.89249998,0.89249998,0.89249998,0
2004-07-13,0.89249998,0.89249998,0.89249998,0.89249998,0
2004-07-14,0.89249998,0.89249998,0.89249998,0.89249998,0
2004-07-15,0.89249998,0.89249998,0.89249998,0.89249998,0
2004-07-16,0.89249998,0.89249998,0.89249998,0.89249998,0
2004-07-19,0.89249998,0.89249998,0.89249998,0.89249998,0
2004-07-20,0.89249998,0.89249998,0.89249998,0.89249998,0
2004-07-21,0.89249998,0.89249998,0.89249998,0.89249998,0
2004-07-22,0.89249998,0.89249998,0.89249998,0.89249998,0
2004-07-23,0.89249998,0.89249998,0.89249998,0.89249998,0
2004-07-26,0.89249998,0.89249998,0.89249998,0.89249998,0
2004-07-27,0.89249998,0.89249998,0.89249998,0.89249998,0
2004-07-28,0.89249998,0.89249998,0.89249998,0.89249998,0
2004-07-29,0.89999998,0.89999998,0.89999998,0.89999998,16000
2004-07-30,0.89999998,0.89999998,0.89999998,0.89999998,0
2004-08-02,0.89999998,0.89999998,0.89999998,0.89999998,0
2004-08-03,0.89999998,0.89999998,0.89999998,0.89999998,0
2004-08-04,0.89999998,0.89999998,0.89999998,0.89999998,0
2004-08-05,0.89999998,0.89999998,0.89999998,0.89999998,0
2004-08-06,0.89999998,0.89999998,0.89999998,0.89999998,0
2004-08-09,0.89999998,0.89999998,0.89999998,0.89999998,0
2004-08-10,0.89999998,0.89999998,0.89999998,0.89999998,0
2004-08-11,0.89999998,0.89999998,0.89999998,0.89999998,0
2004-08-12,0.89999998,0.89999998,0.89999998,0.89999998,0
2004-08-13,0.89999998,0.89999998,0.89999998,0.89999998,0
2004-08-16,0.89999998,0.89999998,0.89999998,0.89999998,0
2004-08-17,0.89999998,0.89999998,0.89999998,0.89999998,0
2004-08-18,0.89999998,0.89999998,0.89999998,0.89999998,0
2004-08-19,0.89999998,0.89999998,0.89999998,0.89999998,0
2004-08-20,0.89999998,0.89999998,0.89999998,0.89999998,0
2004-08-23,0.89999998,0.89999998,0.89999998,0.89999998,0
2004-08-24,0.89999998,0.89999998,0.89999998,0.89999998,0
2004-08-25,0.89999998,0.89999998,0.89999998,0.89999998,0
2004-08-26,0.89999998,0.89999998,0.89999998,0.89999998,0
2004-08-27,0.89999998,0.89999998,0.89999998,0.89999998,0
2004-08-30,0.89999998,0.89999998,0.89999998,0.89999998,0
2004-08-31,0.90750003,0.90750003,0.90750003,0.90750003,48000
2004-09-01,0.91500002,0.91500002,0.91500002,0.91500002,16000
2004-09-02,0.91500002,0.91500002,0.91500002,0.91500002,0
2004-09-03,0.91500002,0.91500002,0.91500002,0.91500002,0
2004-09-06,0.91500002,0.91500002,0.91500002,0.91500002,0
2004-09-07,0.91500002,0.91500002,0.91500002,0.91500002,0
2004-09-08,0.92250001,0.92250001,0.92250001,0.92250001,40000
2004-09-09,0.91750002,0.91750002,0.91750002,0.91750002,40000
2004-09-10,0.91250002,0.91250002,0.91250002,0.91250002,32000
2004-09-13,0.91250002,0.91250002,0.91250002,0.91250002,0
2004-09-14,0.91250002,0.91250002,0.91250002,0.91250002,0
2004-09-15,0.91250002,0.91250002,0.91250002,0.91250002,0
2004-09-16,0.91250002,0.91250002,0.91250002,0.91250002,0
2004-09-17,0.91250002,0.91250002,0.91250002,0.91250002,0
2004-09-20,0.91250002,0.91250002,0.91250002,0.91250002,0
2004-09-21,0.91250002,0.91250002,0.91250002,0.91250002,0
2004-09-22,0.91250002,0.91250002,0.91250002,0.91250002,0
2004-09-23,0.91250002,0.91250002,0.91250002,0.91250002,0
2004-09-24,0.91250002,0.91250002,0.91250002,0.91250002,0
2004-09-27,0.91250002,0.91250002,0.91250002,0.91250002,0
2004-09-28,0.91250002,0.91250002,0.91250002,0.91250002,0
2004-09-29,0.91250002,0.91250002,0.91250002,0.91250002,0
2004-09-30,0.91250002,0.91250002,0.91250002,0.91250002,0
2004-10-01,0.90750003,0.90750003,0.90750003,0.90750003,2400
2004-10-04,0.90750003,0.90750003,0.90750003,0.90750003,0
2004-10-05,0.90750003,0.90750003,0.90750003,0.90750003,0
2004-10-06,0.90750003,0.90750003,0.90750003,0.90750003,0
2004-10-07,0.91500002,0.91500002,0.91250002,0.91250002,10400
2004-10-08,0.92250001,0.935,0.92250001,0.935,80000
2004-10-11,0.935,0.935,0.935,0.935,0
2004-10-12,0.935,0.935,0.935,0.935,0
2004-10-13,0.935,0.935,0.935,0.935,0
2004-10-14,0.935,0.935,0.935,0.935,0
2004-10-15,0.935,0.935,0.935,0.935,0
2004-10-18,0.935,0.935,0.935,0.935,0
2004-10-19,0.935,0.935,0.935,0.935,0
2004-10-20,0.9425,0.9425,0.9425,0.9425,1600
2004-10-21,0.94999999,0.94999999,0.94999999,0.94999999,9600
2004-10-22,0.95749998,0.95749998,0.95749998,0.95749998,8000
2004-10-25,0.95249999,0.96499997,0.95249999,0.96499997,1600
2004-10-26,0.96499997,0.96499997,0.96499997,0.96499997,0
2004-10-27,0.96499997,0.96499997,0.96499997,0.96499997,16000
2004-10-28,0.97250003,0.97250003,0.97250003,0.97250003,800
2004-10-29,0.98000002,0.98000002,0.97500002,0.97500002,64000
2004-11-01,0.97500002,0.97500002,0.97500002,0.97500002,0
2004-11-03,0.98250002,0.98250002,0.98250002,0.98250002,16000
2004-11-04,0.99000001,0.99000001,0.97750002,0.97750002,45600
2004-11-05,0.97750002,0.97750002,0.97750002,0.97750002,0
2004-11-08,0.97750002,0.97750002,0.97750002,0.97750002,0
2004-11-09,0.98500001,0.98500001,0.98500001,0.98500001,8000
2004-11-10,0.98500001,0.98500001,0.98500001,0.98500001,0
2004-11-11,0.99250001,0.99250001,0.99250001,0.99250001,16000
2004-11-12,1.0,1.0,1.0,1.0,24000
2004-11-15,1.0,1.0,1.0,1.0,0
2004-11-16,1.00750005,1.00750005,1.00750005,1.00750005,16000
2004-11-17,1.01499999,1.01999998,1.00250006,1.01999998,208000
2004-11-18,1.02750003,1.02750003,1.02750003,1.02750003,120000
2004-11-19,1.02750003,1.02750003,1.02750003,1.02750003,0
2004-11-22,1.03499997,1.03499997,1.03499997,1.03499997,8000
2004-11-23,1.03750002,1.04250002,1.03750002,1.04250002,160800
2004-11-24,1.04999995,1.04999995,1.04999995,1.04999995,8000
2004-11-25,1.04999995,1.04999995,1.04999995,1.04999995,112000
2004-11-26,1.04999995,1.04999995,1.04999995,1.04999995,40000
2004-11-29,1.04999995,1.0575,1.04999995,1.0575,64800
2004-11-30,1.06500006,1.07749999,1.06500006,1.07749999,120000
2004-12-01,1.08500004,1.11249995,1.08500004,1.11249995,160000
2004-12-02,1.10749996,1.14999998,1.10749996,1.12750006,344000
2004-12-03,1.16250002,1.16250002,1.16250002,1.16250002,1600
2004-12-06,1.16250002,1.16250002,1.16250002,1.16250002,0
2004-12-07,1.16250002,1.16250002,1.16250002,1.16250002,40000
2004-12-08,1.16999996,1.16999996,1.16250002,1.16250002,32800
2004-12-09,1.16250002,1.16499996,1.16250002,1.16250002,128000
2004-12-10,1.16250002,1.16250002,1.16250002,1.16250002,0
2004-12-13,1.16250002,1.16250002,1.16250002,1.16250002,0
2004-12-14,1.16250002,1.16250002,1.16250002,1.16250002,0
2004-12-15,1.09749997,1.09749997,1.09749997,1.09749997,800
2004-12-16,1.09249997,1.09249997,1.09249997,1.09249997,24000
2004-12-17,1.10000002,1.10000002,1.10000002,1.10000002,8000
2004-12-20,1.10749996,1.10749996,1.10749996,1.10749996,40000
2004-12-21,1.11500001,1.11500001,1.11500001,1.11500001,40000
2004-12-22,1.11500001,1.11500001,1.11500001,1.11500001,0
2004-12-23,1.11500001,1.11500001,1.11500001,1.11500001,0
2004-12-24,1.11500001,1.11500001,1.11500001,1.11500001,0
2004-12-27,1.11749995,1.11749995,1.11749995,1.11749995,40000
2004-12-28,1.11749995,1.11749995,1.11749995,1.11749995,0
2004-12-29,1.11749995,1.11749995,1.11749995,1.11749995,0
2004-12-30,1.11749995,1.11749995,1.11749995,1.11749995,0
2004-12-31,1.11749995,1.11749995,1.11749995,1.11749995,0
2005-01-03,1.11249995,1.11249995,1.11249995,1.11249995,800
2005-01-04,1.11249995,1.11249995,1.11249995,1.11249995,0
2005-01-05,1.11249995,1.11249995,1.11249995,1.11249995,0
2005-01-06,1.11249995,1.11249995,1.11249995,1.11249995,0
2005-01-07,1.12,1.12,1.12,1.12,28000
2005-01-10,1.11500001,1.11500001,1.11500001,1.11500001,40000
2005-01-11,1.11500001,1.11500001,1.11500001,1.11500001,0
2005-01-12,1.11500001,1.11500001,1.11500001,1.11500001,0
2005-01-13,1.12,1.12,1.12,1.12,1600
2005-01-14,1.12,1.12,1.12,1.12,0
2005-01-17,1.12,1.12,1.12,1.12,0
2005-01-18,1.12,1.12,1.12,1.12,0
2005-01-19,1.11500001,1.11500001,1.11500001,1.11500001,40000
2005-01-20,1.11000001,1.11000001,1.09749997,1.09749997,56800
2005-01-21,1.09749997,1.09749997,1.09749997,1.09749997,0
2005-01-24,1.09749997,1.09749997,1.09749997,1.09749997,0
2005-01-26,1.09749997,1.09749997,1.09749997,1.09749997,0
2005-01-27,1.09749997,1.09749997,1.09749997,1.09749997,0
2005-01-28,1.09749997,1.09749997,1.09749997,1.09749997,0
2005-01-31,1.09749997,1.09749997,1.09749997,1.09749997,0
2005-02-01,1.09749997,1.09749997,1.09749997,1.09749997,0
2005-02-02,1.09749997,1.09749997,1.09749997,1.09749997,0
2005-02-03,1.09749997,1.09749997,1.09749997,1.09749997,0
2005-02-04,1.09749997,1.09749997,1.09749997,1.09749997,0
2005-02-09,1.10000002,1.10000002,1.10000002,1.10000002,40000
2005-02-10,1.10000002,1.10000002,1.10000002,1.10000002,0
2005-02-11,1.10749996,1.10749996,1.10749996,1.10749996,40000
2005-02-14,1.11500001,1.11500001,1.11500001,1.11500001,40000
2005-02-15,1.12249994,1.12249994,1.12249994,1.12249994,40000
2005-02-16,1.13,1.14250004,1.11749995,1.11749995,200000
2005-02-17,1.125,1.13750005,1.125,1.13750005,120000
2005-02-18,1.14499998,1.14499998,1.14499998,1.14499998,40000
2005-02-21,1.15250003,1.15250003,1.15250003,1.15250003,40000
2005-02-22,1.15999997,1.15999997,1.15999997,1.15999997,40000
2005-02-23,1.16750002,1.17999995,1.16750002,1.17999995,120000
2005-02-24,1.1875,1.20000005,1.1875,1.20000005,120000
2005-02-25,1.20749998,1.22000003,1.20000005,1.20000005,124800
2005-02-28,1.20749998,1.22000003,1.20749998,1.22000003,119200
2005-03-01,1.22749996,1.24000001,1.22749996,1.24000001,76000
2005-03-02,1.24749994,1.24749994,1.24749994,1.24749994,21600
2005-03-03,1.25,1.25,1.25,1.25,24000
2005-03-04,1.25,1.25,1.25,1.25,0
2005-03-07,1.25,1.25,1.25,1.25,0
2005-03-08,1.25,1.25,1.25,1.25,0
2005-03-09,1.5,1.5,1.5,1.5,8000
2005-03-10,1.5,1.75,1.5,1.70000005,114400
2005-03-11,1.625,1.72500002,1.625,1.72500002,16800
2005-03-14,1.72500002,1.72500002,1.72500002,1.72500002,38400
2005-03-15,1.72500002,1.72500002,1.72500002,1.72500002,0
2005-03-16,1.72500002,1.72500002,1.72500002,1.72500002,8000
2005-03-17,1.72249997,1.72249997,1.72249997,1.72249997,800
2005-03-18,1.625,1.625,1.625,1.625,8000
2005-03-21,1.75,1.75,1.75,1.75,344800
2005-03-22,1.75,1.75,1.70000005,1.73749995,72800
2005-03-23,1.73749995,1.73749995,1.73749995,1.73749995,0
2005-03-24,1.73749995,1.73749995,1.73749995,1.73749995,0
2005-03-28,1.79999995,1.79999995,1.79999995,1.79999995,8000
2005-03-29,1.85000002,1.85000002,1.83749998,1.85000002,28800
2005-03-30,1.79999995,1.79999995,1.79999995,1.79999995,15200
2005-03-31,1.79999995,1.79999995,1.79999995,1.79999995,800
2005-04-01,1.79999995,1.79999995,1.79999995,1.79999995,0
2005-04-04,1.75,1.75,1.75,1.75,12000
2005-04-05,1.75,1.75,1.75,1.75,0
2005-04-06,1.75,1.75,1.75,1.75,0
2005-04-07,1.75,1.75,1.75,1.75,0
2005-04-08,1.75,1.75,1.75,1.75,0
2005-04-11,1.75,1.75,1.75,1.75,0
2005-04-12,1.75,1.75,1.75,1.75,0
2005-04-13,1.75,1.75,1.75,1.75,0
2005-04-14,1.52499998,1.52499998,1.5,1.5,6400
2005-04-15,1.5,1.52499998,1.375,1.47500002,26400
2005-04-18,1.47500002,1.47500002,1.47500002,1.47500002,0
2005-04-19,1.53750002,1.53750002,1.53750002,1.53750002,800
2005-04-20,1.53750002,1.53750002,1.53750002,1.53750002,0
2005-04-22,1.53750002,1.53750002,1.53750002,1.53750002,0
2005-04-25,1.46249998,1.46249998,1.46249998,1.46249998,2400
2005-04-26,1.46249998,1.46249998,1.46249998,1.46249998,0
2005-04-27,1.46249998,1.46249998,1.46249998,1.46249998,0
2005-04-28,1.32500005,1.35000002,1.32500005,1.32500005,71200
2005-04-29,1.32500005,1.32500005,1.32500005,1.32500005,0
2005-05-02,1.32500005,1.39999998,1.32500005,1.39999998,37600
2005-05-03,1.39999998,1.39999998,1.39999998,1.39999998,5600
2005-05-04,1.46249998,1.52499998,1.46249998,1.52499998,56800
2005-05-05,1.54999995,1.57500005,1.54999995,1.57500005,1600
2005-05-06,1.52499998,1.52499998,1.5,1.5,313600
2005-05-09,1.57500005,1.57500005,1.54999995,1.54999995,1600
2005-05-10,1.54999995,1.54999995,1.54999995,1.54999995,0
2005-05-11,1.5,1.5,1.5,1.5,8000
2005-05-12,1.5,1.5,1.5,1.5,0
2005-05-13,1.5,1.5,1.5,1.5,0
2005-05-16,1.5,1.5,1.42499995,1.42499995,4000
2005-05-17,1.42499995,1.42499995,1.42499995,1.42499995,8000
2005-05-18,1.42499995,1.42499995,1.42499995,1.42499995,0
2005-05-19,1.42499995,1.42499995,1.42499995,1.42499995,0
2005-05-20,1.5,1.5,1.5,1.5,2400
2005-05-23,1.45000005,1.45000005,1.42499995,1.42499995,11200
2005-05-24,1.42499995,1.42499995,1.42499995,1.42499995,0
2005-05-25,1.42499995,1.42499995,1.42499995,1.42499995,0
2005-05-27,1.375,1.375,1.375,1.375,800
2005-05-30,1.5,1.5,1.45000005,1.45000005,2400
2005-05-31,1.45000005,1.45000005,1.45000005,1.45000005,0
2005-06-01,1.45000005,1.45000005,1.45000005,1.45000005,0
2005-06-02,1.45000005,1.54999995,1.45000005,1.47500002,81600
2005-06-03,1.5,1.5,1.5,1.5,40000
2005-06-06,1.5,1.5,1.5,1.5,0
2005-06-07,1.5,1.5,1.5,1.5,8000
2005-06-08,1.5,1.62249994,1.5,1.62249994,40000
2005-06-09,1.52499998,1.52499998,1.5,1.5,36000
2005-06-10,1.5,1.5,1.5,1.5,40800
2005-06-13,1.5,1.5,1.5,1.5,0
2005-06-14,1.5,1.5,1.5,1.5,24000
2005-06-15,1.5,1.5,1.5,1.5,800
2005-06-16,1.5,1.5,1.5,1.5,0
2005-06-17,1.79999995,1.79999995,1.75,1.75,95200
2005-06-20,1.75,1.75,1.75,1.75,32800
2005-06-21,1.75,1.75,1.75,1.75,0
2005-06-22,1.79999995,1.79999995,1.79999995,1.79999995,40000
2005-06-23,1.97500002,2.0,1.97500002,2.0,99200
2005-06-24,2.0,2.125,2.0,2.125,82400
2005-06-27,2.125,2.125,2.125,2.125,0
2005-06-28,2.125,2.125,2.125,2.125,0
2005-06-29,2.125,2.125,2.125,2.125,0
2005-06-30,2.125,2.125,2.125,2.125,0
2005-07-01,2.125,2.125,2.125,2.125,80000
2005-07-04,2.0,2.0,2.0,2.0,4000
2005-07-05,2.0,2.0,2.0,2.0,4000
2005-07-06,2.0,2.0,2.0,2.0,12000
2005-07-07,2.0,2.0999999,2.0,2.0999999,24000
2005-07-08,2.0999999,2.0999999,2.0999999,2.0999999,0
2005-07-11,2.0,2.0,2.0,2.0,16000
2005-07-12,2.0,2.0,2.0,2.0,8800
2005-07-13,2.0999999,2.125,2.0999999,2.0999999,84800
2005-07-14,2.20000005,2.20000005,2.20000005,2.20000005,800
2005-07-15,2.20000005,2.20000005,2.20000005,2.20000005,0
2005-07-18,2.20000005,2.20000005,2.20000005,2.20000005,0
2005-07-19,2.20000005,2.20000005,2.20000005,2.20000005,0
2005-07-20,2.20000005,2.20000005,2.20000005,2.20000005,0
2005-07-21,2.20000005,2.20000005,2.20000005,2.20000005,0
2005-07-22,2.20000005,2.20000005,2.20000005,2.20000005,0
2005-07-25,2.07500005,2.07500005,2.07500005,2.07500005,3200
2005-07-26,2.0,2.0,2.0,2.0,4000
2005-07-27,2.0,2.0,2.0,2.0,0
2005-07-28,2.22000003,2.22000003,2.22000003,2.22000003,1600
2005-07-29,2.125,2.25,2.125,2.20000005,17600
2005-08-01,2.125,2.25,2.125,2.25,16800
2005-08-02,2.25,2.25,2.25,2.25,0
2005-08-03,2.375,2.375,2.31500006,2.31500006,6400
2005-08-04,2.22749996,2.22749996,2.22749996,2.22749996,8000
2005-08-05,2.22749996,2.22749996,2.22749996,2.22749996,0
2005-08-08,2.22749996,2.22749996,2.22749996,2.22749996,0
2005-08-09,2.25,2.25,2.25,2.25,25600
2005-08-10,2.25,2.75,2.25,2.75,609600
2005-08-11,2.625,2.82500005,2.625,2.82500005,104000
2005-08-12,2.79999995,2.9749999,2.79999995,2.9749999,15200
2005-08-15,2.9749999,2.9749999,2.9749999,2.9749999,0
2005-08-16,2.9749999,3.0250001,2.9749999,3.0,216000
2005-08-17,3.0875001,3.125,3.0,3.11249995,66400
2005-08-18,3.0250001,3.02999997,3.0,3.0150001,18400
2005-08-19,3.0,3.1099999,3.0,3.1099999,53600
2005-08-22,3.0999999,3.0999999,3.0999999,3.0999999,4000
2005-08-23,3.0999999,3.11249995,3.0875001,3.0999999,136000
2005-08-24,3.0999999,3.0999999,3.0999999,3.0999999,155200
2005-08-25,3.0999999,3.125,3.0999999,3.125,24000
2005-08-26,3.125,3.125,3.125,3.125,0
2005-08-29,3.125,3.125,3.125,3.125,0
2005-08-30,3.125,3.125,3.125,3.125,800
2005-08-31,3.125,3.125,3.125,3.125,64000
2005-09-01,3.0875001,3.25,3.0875001,3.25,200000
2005-09-02,3.2750001,3.5,3.25,3.5,173600
2005-09-05,3.5,3.5,3.5,3.5,8000
2005-09-06,3.5250001,3.54999995,3.5,3.54999995,49600
2005-09-08,3.57500005,3.57500005,3.54999995,3.57500005,40000
2005-09-09,3.57500005,3.57500005,3.5,3.51250005,622400
2005-09-12,3.54999995,3.54999995,3.5,3.5,208000
2005-09-13,3.57500005,3.625,3.57500005,3.625,239200
2005-09-14,3.6500001,3.75,3.625,3.75,87200
2005-09-15,3.75,3.75,3.6500001,3.75,106400
2005-09-16,3.70000005,3.9000001,3.70000005,3.875,663200
2005-09-19,3.92499995,4.25,3.92499995,4.2249999,384000
2005-09-20,4.30000019,4.30000019,4.19999981,4.25,482400
2005-09-21,4.2750001,4.73750019,4.2750001,4.63749981,56101600
2005-09-22,4.5,4.57250023,4.34749985,4.42500019,34139200
2005-09-23,4.43249989,4.5999999,4.40250015,4.5,22420000
2005-09-26,4.625,4.625,4.5,4.5250001,7703200
2005-09-27,4.5250001,4.55249977,4.4625001,4.5250001,7589600
2005-09-28,4.5250001,4.69999981,4.5250001,4.67500019,9352800
2005-09-29,4.75,4.86000013,4.61250019,4.7249999,15841600
2005-09-30,4.72249985,4.75,4.55000019,4.5999999,8964000
2005-10-03,4.5,4.69999981,4.5,4.62750006,6121600
2005-10-04,4.625,4.82499981,4.57499981,4.7249999,9897600
2005-10-05,4.74749994,4.74749994,4.57499981,4.6875,6179200
2005-10-06,4.55000019,4.67500019,4.5,4.5250001,7273600
2005-10-07,4.67999983,4.67999983,4.57499981,4.625,2960800
2005-10-10,4.625,4.6500001,4.625,4.6500001,2628000
2005-10-11,4.6500001,4.67000008,4.625,4.63749981,7072000
2005-10-13,4.57499981,4.57499981,4.44999981,4.5,6804000
2005-10-14,4.5,4.54750013,4.35500002,4.5,11174400
2005-10-17,4.5250001,4.5250001,4.35249996,4.375,5965600
2005-10-18,4.30000019,4.4000001,4.18499994,4.18499994,4647200
2005-10-19,3.97250009,4.1500001,3.97250009,4.125,4055200
2005-10-20,4.25,4.375,4.125,4.19999981,12330400
2005-10-21,4.1500001,4.25,4.125,4.13000011,7754400
2005-10-24,4.17500019,4.30000019,4.17500019,4.30000019,4573600
2005-10-25,4.26249981,4.30749989,4.24749994,4.30000019,7107200
2005-10-26,4.30499983,4.30499983,4.25,4.30000019,485600
2005-10-27,4.30000019,4.30000019,4.19999981,4.2874999,1863200
2005-10-28,4.30000019,4.30000019,4.2249999,4.30000019,1321600
2005-10-31,4.30000019,4.4749999,4.19999981,4.42500019,2130400
2005-11-01,4.42500019,4.57000017,4.42500019,4.51249981,4363200
2005-11-03,4.55000019,4.8499999,4.5250001,4.80000019,4841600
2005-11-04,4.87249994,4.87249994,4.63749981,4.6500001,4513600
2005-11-07,4.74749994,4.75,4.5999999,4.69999981,8559200
2005-11-08,4.74249983,4.8499999,4.67500019,4.8499999,9633600
2005-11-09,4.8499999,4.92999983,4.84749985,4.9000001,3584000
2005-11-10,4.9375,5.375,4.9375,5.375,6260000
2005-11-11,5.4000001,5.4000001,5.19999981,5.25,9527200
2005-11-14,5.4749999,5.4749999,5.12750006,5.25,13930400
2005-11-16,5.43499994,5.5999999,5.30000019,5.4749999,12180800
2005-11-17,5.5,5.92250013,5.5,5.87249994,8904000
2005-11-18,5.75,6.36250019,5.75,6.01249981,8757600
2005-11-21,6.375,6.375,6.0,6.19999981,8537600
2005-11-22,6.125,6.17500019,6.0999999,6.125,11144800
2005-11-23,6.1500001,6.22249985,5.93249989,6.0,6558400
2005-11-24,5.9000001,5.98750019,5.9000001,5.9625001,450400
2005-11-25,5.9625001,6.125,5.8375001,5.99499989,12857600
2005-11-28,6.125,6.1875,5.75,5.9375,6855200
2005-11-29,5.86999989,5.9749999,5.7874999,5.87249994,5905600
2005-11-30,6.0,6.22249985,5.7750001,6.125,22572800
2005-12-01,6.24499989,6.44999981,6.07499981,6.375,5346400
2005-12-02,6.42500019,6.875,6.37249994,6.625,4263200
2005-12-05,6.75,6.75,6.49749994,6.75,3475200
2005-12-06,7.50250006,7.50250006,6.75,7.50250006,7380000
2005-12-07,7.25,7.50250006,7.12750006,7.25,5240000
2005-12-08,6.75,7.4375,6.75,6.75,4570400
2005-12-09,6.75,7.0,6.5250001,6.75,2575200
2005-12-12,6.57499981,6.99749994,6.57499981,6.57499981,3321600
2005-12-13,6.875,6.875,6.5,6.875,2341600
2005-12-14,6.7249999,7.0,6.7249999,6.7249999,5720800
2005-12-15,6.6500001,6.84749985,6.5,6.6500001,5360800
2005-12-16,6.75,6.7750001,6.57499981,6.75,6470400
2005-12-19,7.0,7.125,6.74499989,7.0,4020000
2005-12-20,6.875,7.3499999,6.8375001,6.875,1809600
2005-12-21,7.2249999,7.49749994,6.875,7.2249999,3773600
2005-12-22,7.375,7.50500011,7.125,7.375,4308000
2005-12-23,7.625,7.87249994,7.5,7.87249994,2322400
2005-12-26,8.15999985,8.15999985,7.75750017,8.15999985,237600
2005-12-27,8.125,8.625,7.95249987,8.125,1636000
2005-12-28,8.0,8.11999989,7.71750021,8.0,3267200
2005-12-29,8.0,8.07499981,7.92500019,8.0,799200
2006-01-02,7.8499999,8.0,7.69999981,7.8499999,343200
2006-01-03,7.97249985,8.07499981,7.67500019,7.97249985,4062400
2006-01-04,8.0,8.00749969,7.9124999,8.0,1037600
2006-01-05,7.94999981,7.94999981,7.80000019,7.94999981,2896800
2006-01-06,8.0,8.07499981,7.87750006,8.0,6282400
2006-01-09,8.27499962,8.50249958,8.0,8.50249958,2948800
2006-01-10,8.4375,8.625,8.28750038,8.4375,5815200
2006-01-11,8.84749985,8.84749985,8.5,8.75,4492000
2006-01-12,8.80000019,8.80000019,8.5,8.5,2176000
2006-01-13,8.75,8.99499989,8.62250042,8.99499989,2393600
2006-01-16,9.0625,9.19999981,8.81999969,9.125,792000
2006-01-17,9.125,9.17500019,8.63749981,8.64999962,1526400
2006-01-18,8.57499981,8.57499981,8.17500019,8.21000004,1044800
2006-01-19,8.4375,8.5,8.3125,8.42500019,4496800
2006-01-20,8.64750004,8.64750004,8.37749958,8.4375,2760000
2006-01-23,8.4375,8.59749985,7.94999981,8.42500019,3336800
2006-01-24,8.5,8.70250034,8.44999981,8.61250019,2329600
2006-01-25,8.61250019,8.61250019,8.61250019,8.61250019,0
2006-01-26,8.625,8.875,8.51500034,8.73750019,11809600
2006-01-27,8.82499981,8.97500038,8.55000019,8.75,6571200
2006-01-30,8.72500038,8.75,8.32750034,8.69999981,4600000
2006-01-31,8.66250038,8.66250038,8.25,8.25,4967200
2006-02-01,8.44999981,8.49750042,8.25,8.25,2595200
2006-02-02,8.25,8.30000019,8.05000019,8.19999981,728800
2006-02-03,8.25,8.30000019,8.125,8.21249962,11210400
2006-02-06,8.25,8.39750004,8.02499962,8.02499962,5532800
2006-02-07,8.0,8.19750023,7.94750023,8.0,714400
2006-02-08,8.0625,8.17500019,7.80000019,7.875,948800
2006-02-09,7.875,8.23750019,7.875,8.17500019,1508000
2006-02-10,8.25,8.55000019,8.25,8.36250019,2466400
2006-02-13,8.375,8.375,7.91499996,8.125,518400
2006-02-14,8.19999981,8.19999981,8.0,8.05000019,2680800
2006-02-15,8.125,8.125,7.88000011,7.99749994,5843200
2006-02-16,7.9000001,8.625,7.9000001,8.625,16800000
2006-02-17,8.75,9.19999981,8.75,9.00249958,1916000
2006-02-20,8.97500038,9.17500019,8.92500019,9.125,1401600
2006-02-21,9.11250019,10.01000023,9.10000038,9.625,6027200
2006-02-22,9.85000038,10.5,9.67500019,10.0,4385600
2006-02-23,10.125,10.44750023,9.875,10.44750023,2467200
2006-02-24,10.375,10.375,9.875,9.94499969,3472000
2006-02-27,9.94499969,9.94499969,9.94499969,9.94499969,0
2006-02-28,9.94499969,9.94499969,9.94499969,9.94499969,0
2006-03-01,9.80000019,10.24750042,9.69999981,9.84500027,424000
2006-03-02,10.05249977,10.05249977,9.55000019,9.86999989,1752000
2006-03-03,9.86999989,10.0,9.62749958,10.0,7374400
2006-03-06,10.00500011,10.00500011,9.80000019,9.99750042,2336800
2006-03-07,9.97500038,10.0,9.50500011,9.63749981,1286400
2006-03-08,9.50500011,9.875,9.125,9.77499962,1389600
2006-03-09,9.77750015,10.0,9.41250038,10.0,2474400
2006-03-10,9.75249958,10.34500027,9.75249958,10.24750042,6538400
2006-03-13,10.32499981,10.47500038,9.92500019,10.22500038,3400000
2006-03-14,10.22500038,10.22500038,9.88000011,9.97500038,2350400
2006-03-15,10.19999981,10.19999981,9.80249977,9.875,1250400
2006-03-16,9.875,9.97500038,9.82499981,9.85000038,1165600
2006-03-17,9.76500034,9.86250019,9.67749977,9.75,480800
2006-03-20,9.99750042,10.1875,9.99750042,10.05000019,1676000
2006-03-21,10.06499958,10.30000019,10.0,10.25,2061600
2006-03-22,10.12749958,10.43500042,10.12749958,10.35000038,677600
2006-03-23,10.35000038,10.39999962,10.00500011,10.25,2471200
2006-03-24,10.25,10.27499962,9.87749958,10.0,765600
2006-03-27,10.0,10.375,10.0,10.22999954,1110400
2006-03-28,9.77499962,10.01249981,9.5,9.63749981,1995200
2006-03-29,9.75,9.98499966,9.69999981,9.75,3274400
2006-03-30,9.875,9.875,9.25,9.5,3092000
2006-03-31,9.5,9.73750019,9.5,9.64000034,1136800
2006-04-03,9.75,10.0,9.75,9.85000038,4560800
2006-04-04,9.97249985,10.0,9.75,9.83749962,1331200
2006-04-05,9.99499989,9.99499989,9.50249958,9.56499958,1108000
2006-04-06,9.56750011,9.63749981,9.35000038,9.35000038,2822400
2006-04-07,9.375,9.72500038,9.33749962,9.72500038,925600
2006-04-10,9.72500038,9.72500038,9.25500011,9.48750019,1272800
2006-04-11,9.72500038,9.75,9.17500019,9.17749977,1933600
2006-04-12,8.875,9.42000008,8.67749977,9.04500008,1543200
2006-04-13,8.92500019,8.92500019,8.77750015,8.875,1284800
2006-04-14,8.875,8.875,8.875,8.875,0
2006-04-17,8.97000027,9.01249981,8.5,8.5,1687200
2006-04-18,8.74750042,8.75,8.39999962,8.75,7325600
2006-04-19,8.75,9.39000034,8.75,9.25,1880800
2006-04-20,9.3125,9.39999962,9.23750019,9.30000019,2668800
2006-04-21,9.30000019,9.30000019,9.30000019,9.30000019,0
2006-04-24,9.30249977,9.375,8.6875,8.80000019,2810400
2006-04-25,8.99750042,8.99750042,8.47500038,8.57499981,5205600
2006-04-26,8.60000038,8.93000031,8.55500031,8.85000038,2716000
2006-04-27,8.60000038,8.93999958,8.60000038,8.88749981,2389600
2006-04-28,8.97249985,8.97249985,8.75,8.875,330400
2006-05-01,8.875,8.875,8.875,8.875,0
2006-05-02,8.875,8.875,8.52499962,8.72500038,2473600
2006-05-03,8.72500038,8.875,8.51249981,8.875,3406400
2006-05-04,8.875,9.35499954,8.86499977,9.08749962,3553600
2006-05-05,9.24499989,9.64750004,9.125,9.64750004,3325600
2006-05-08,9.57499981,9.86250019,9.57499981,9.86250019,2380000
2006-05-09,9.86499977,9.97000027,9.75,9.94999981,46738288
2006-05-10,9.78750038,10.00249958,9.78750038,9.94999981,112268080
2006-05-11,9.95250034,10.0,9.625,9.75,44627244
2006-05-12,9.99499989,9.99499989,9.5,9.75,22979100
2006-05-15,9.72999954,9.72999954,8.90250015,8.90250015,23490116
2006-05-16,9.125,9.25,8.77499962,8.81999969,6822076
2006-05-17,8.80000019,8.80000019,8.27750015,8.27750015,25747280
2006-05-18,8.375,8.5,7.90250015,8.0625,3001600
2006-05-19,8.35000038,8.35000038,7.7249999,8.0,4363200
2006-05-22,7.99249983,7.99249983,6.92749977,7.2874999,5096000
2006-05-23,7.5,7.5,7.25,7.32499981,60751124
2006-05-24,7.32499981,7.32499981,6.5875001,6.6875,105306728
2006-05-25,6.90500021,7.125,6.74249983,7.0625,66839052
2006-05-26,7.24749994,7.99499989,7.24749994,7.5,33757120
2006-05-29,7.61250019,7.92500019,7.4124999,7.4124999,334400
2006-05-30,7.36749983,7.375,6.6500001,7.125,69158736
2006-05-31,7.0999999,7.86499977,7.0999999,7.75,58408988
2006-06-01,7.625,8.65250015,7.625,8.25,108432240
2006-06-02,8.375,8.875,8.11499977,8.375,38726524
2006-06-05,8.5,8.5,7.625,7.875,7264720
2006-06-06,7.875,8.35000038,7.41750002,8.35000038,10072332
2006-06-07,8.19999981,8.19999981,7.48500013,7.5,18319216
2006-06-08,7.5,7.82250023,6.88000011,7.82250023,54131188
2006-06-09,7.875,8.1875,7.3499999,7.625,13202372
2006-06-12,7.50250006,7.7249999,7.06500006,7.07999992,15965024
2006-06-13,7.17000008,7.2125001,6.75,6.75,27851528
2006-06-14,6.9124999,6.94999981,6.19999981,6.19999981,44475372
2006-06-15,6.19999981,6.19999981,6.19999981,6.19999981,0
2006-06-16,6.57749987,7.1875,6.57499981,6.69999981,94268192
2006-06-19,6.9000001,7.0,6.75,6.8125,116631304
2006-06-20,6.80000019,7.07250023,6.75,7.0250001,43725416
2006-06-21,7.07499981,7.74749994,6.94000006,7.59749985,16701440
2006-06-22,7.5374999,7.7249999,7.40500021,7.5625,11359960
2006-06-23,7.42500019,7.63749981,7.37750006,7.52750015,23434508
2006-06-26,7.59749985,7.75,7.5,7.75,449600
2006-06-27,7.75,7.8375001,7.5,7.7874999,16692140
2006-06-28,7.625,7.9749999,7.57749987,7.8499999,37487052
2006-06-29,7.8375001,8.5,7.8375001,8.5,45905000
2006-06-30,8.39999962,9.125,8.39999962,8.96249962,69374968
2006-07-03,9.0,9.48750019,9.0,9.35000038,41482992
2006-07-04,9.375,9.375,8.99499989,8.99499989,84596136
2006-07-05,8.25,8.82499981,8.125,8.19999981,43304868
2006-07-06,8.44999981,8.72500038,8.4375,8.55000019,77759208
2006-07-07,8.625,8.72500038,8.47500038,8.52499962,36774952
2006-07-10,9.25,9.25,8.62250042,9.19999981,20920068
2006-07-11,9.12250042,9.125,8.80249977,8.83749962,6672864
2006-07-12,8.78750038,8.99750042,8.62250042,8.72500038,32911416
2006-07-13,8.40250015,8.66250038,8.375,8.49499989,11119944
2006-07-14,8.5,8.5,8.14999962,8.14999962,30803884
2006-07-17,8.24499989,8.24750042,7.74749994,7.75,1028000
2006-07-18,7.875,8.0,7.28000021,7.67500019,15497436
2006-07-19,7.75,8.25,7.26249981,7.55000019,174554432
2006-07-20,7.625,7.75,7.2874999,7.375,21526400
2006-07-21,7.26749992,7.4749999,7.25,7.25,116727488
2006-07-24,7.2750001,7.42250013,7.0,7.37249994,53657636
2006-07-25,7.32499981,7.5,7.32250023,7.38749981,2173600
2006-07-26,7.42500019,7.42500019,7.32499981,7.37249994,3202400
2006-07-27,7.41499996,7.44999981,7.34000015,7.375,8281600
2006-07-28,7.38000011,7.44750023,7.34000015,7.375,104579080
2006-07-31,7.41499996,7.44750023,7.375,7.375,44062560
2006-08-01,7.375,7.375,7.28999996,7.32499981,69718000
2006-08-02,7.34250021,7.41499996,7.3125,7.375,49180304
2006-08-03,7.3499999,7.41499996,7.32499981,7.36999989,42679060
2006-08-04,7.40999985,7.67500019,7.3499999,7.4749999,130544784
2006-08-07,7.4749999,7.5,7.375,7.37750006,43781180
2006-08-08,7.49499989,7.7249999,7.44999981,7.51249981,87809312
2006-08-09,7.875,7.9749999,7.64750004,7.82499981,341863392
2006-08-10,7.75500011,8.12250042,7.67749977,8.10000038,178167008
2006-08-11,8.125,8.22500038,7.95249987,8.0,6407200
2006-08-14,8.0625,8.19999981,8.02750015,8.03750038,50107876
2006-08-15,8.21749973,8.75,8.17500019,8.5,201649040
2006-08-16,8.61250019,8.74750042,8.56750011,8.66250038,86882624
2006-08-17,8.69999981,8.80000019,8.5,8.57499981,87472672
2006-08-18,8.55000019,8.5625,8.20250034,8.56000042,44104544
2006-08-21,8.5,8.5,8.25500011,8.41250038,28903648
2006-08-22,8.39999962,8.55249977,8.35000038,8.375,62412188
2006-08-23,8.42249966,8.48499966,8.12749958,8.32499981,111047264
2006-08-24,8.32499981,8.60000038,8.27999973,8.60000038,99892424
2006-08-25,8.67500019,8.875,8.55000019,8.55000019,38675108
2006-08-28,8.55000019,8.80000019,8.55000019,8.73750019,37251660
2006-08-29,8.72749996,8.97500038,8.5625,8.94999981,51467392
2006-08-30,8.875,9.125,8.78250027,8.96249962,59666612
2006-08-31,9.07499981,9.44999981,9.07499981,9.44999981,261454208
2006-09-01,9.39750004,9.49750042,9.26749992,9.375,73932032
2006-09-04,9.39999962,9.5625,9.375,9.52499962,22416132
2006-09-05,9.5,9.75249958,9.25,9.60000038,18726712
2006-09-06,9.50249958,9.60999966,9.25,9.25,36132004
2006-09-07,9.25,9.25,9.25,9.25,0
2006-09-08,9.25,9.375,9.0,9.30000019,40028632
2006-09-11,9.22500038,9.22500038,8.75,8.82250023,1479600
2006-09-12,8.85249996,9.17249966,8.82499981,8.875,3255600
2006-09-13,9.125,9.47500038,8.96749973,9.19999981,9220800
2006-09-14,9.19999981,9.36750031,9.19999981,9.30000019,1693200
2006-09-15,9.50249958,9.75,9.32499981,9.75,4036000
2006-09-18,9.625,10.03750038,9.625,9.625,1707200
2006-09-19,9.5,9.62250042,9.25,9.47500038,1230000
2006-09-20,9.42749977,9.58749962,8.97500038,8.97500038,2598400
2006-09-21,9.07499981,9.07499981,8.375,8.52499962,1300400
2006-09-22,8.56499958,8.72500038,8.27750015,8.5,2395200
2006-09-25,8.5,8.54749966,8.34000015,8.44999981,2904000
2006-09-26,8.5,9.22500038,8.5,9.125,1452000
2006-09-27,9.12749958,9.47000027,8.92500019,9.17500019,2441200
2006-09-28,9.22249985,9.27499962,8.92500019,9.05500031,1630400
2006-09-29,8.80249977,9.25,8.80000019,9.24750042,1431200
2006-10-02,9.32499981,9.69999981,9.01500034,9.6875,4680800
2006-10-03,9.5,9.90999985,9.47500038,9.62250042,2379200
2006-10-04,9.72249985,9.72249985,9.35000038,9.38749981,2758400
2006-10-05,9.5,9.5,8.94499969,9.0,6344800
2006-10-06,8.92500019,8.99750042,8.625,8.85000038,1802000
2006-10-09,8.875,8.875,8.875,8.875,1122400
2006-10-10,9.23750019,9.625,9.22500038,9.42500019,1391600
2006-10-11,9.35000038,9.47249985,9.14999962,9.24750042,1208800
2006-10-12,9.24750042,9.24750042,9.24750042,9.24750042,0
2006-10-13,9.5,9.5,9.15250015,9.23750019,1344000
2006-10-16,9.27499962,9.34749985,9.14999962,9.22500038,2032800
2006-10-17,9.22000027,9.25,9.0,9.22500038,2142400
2006-10-18,9.30500031,9.5,9.27499962,9.375,4457600
2006-10-19,9.51249981,9.64999962,9.25,9.5,807200
2006-10-20,9.49750042,9.625,9.375,9.57499981,783600
2006-10-23,9.52750015,9.94999981,9.52499962,9.89750004,2524400
2006-10-24,9.81499958,10.10000038,9.77499962,9.97500038,3755200
2006-10-25,9.77999973,9.94999981,9.69999981,9.87250042,1681600
2006-10-26,9.875,9.94999981,9.69999981,9.87250042,2370400
2006-10-27,9.86250019,10.25,9.86250019,10.125,2819600
2006-10-30,10.05000019,10.30000019,10.02499962,10.25249958,902800
2006-10-31,10.29749966,10.99750042,10.25,10.89999962,2572400
2006-11-01,10.80000019,11.10999966,10.66250038,10.71249962,2268800
2006-11-02,10.71249962,10.71249962,10.71249962,10.71249962,0
2006-11-03,10.75,10.94750023,10.73750019,10.75,620800
2006-11-06,10.75,11.23750019,10.75,11.10000038,2143200
2006-11-07,10.89249992,11.17249966,10.72500038,10.80000019,885600
2006-11-08,10.80000019,10.80000019,10.27999973,10.55000019,2053600
2006-11-09,10.75,10.78999996,10.17749977,10.5,2657600
2006-11-10,10.44999981,10.44999981,10.13749981,10.25,1539200
2006-11-13,10.21249962,10.47249985,10.15250015,10.30000019,4708800
2006-11-14,10.30000019,10.30000019,9.72249985,9.89999962,5420800
2006-11-15,9.89999962,9.89999962,9.89999962,9.89999962,0
2006-11-16,10.16250038,10.16250038,9.52499962,9.55000019,2091600
2006-11-17,9.67000008,9.82499981,9.44999981,9.82499981,1282400
2006-11-20,9.82499981,9.82499981,9.82499981,9.82499981,0
2006-11-21,9.97500038,10.35000038,9.875,10.35000038,5877600
2006-11-22,10.4375,10.64249992,10.39999962,10.61499977,1909200
2006-11-23,10.64000034,10.68500042,10.125,10.57499981,2352000
2006-11-24,10.44999981,10.54749966,10.22500038,10.37250042,1521600
2006-11-27,10.34749985,10.35000038,9.82499981,9.93000031,1635200
2006-11-28,10.0,10.21500015,9.625,10.21500015,1631200
2006-11-29,10.30000019,10.54749966,10.15250015,10.375,1046800
2006-11-30,10.47749996,10.47749996,10.09249973,10.42500019,1084800
2006-12-01,10.35000038,10.48750019,10.14999962,10.44750023,1085200
2006-12-04,10.42500019,10.53750038,10.28750038,10.5,923200
2006-12-05,10.54749966,10.77499962,10.50249958,10.61250019,1716000
2006-12-06,10.625,10.625,10.24750042,10.36250019,549200
2006-12-07,10.49750042,10.49750042,9.95499992,10.10000038,3563600
2006-12-08,10.19499969,10.44499969,9.97500038,10.18999958,1309600
2006-12-11,10.38500023,10.38500023,10.09500027,10.14999962,561000
2006-12-12,10.17500019,10.28999996,9.82499981,9.97500038,1703400
2006-12-13,10.00500011,10.125,9.53999996,9.75,5627600
2006-12-14,9.77999973,9.92500019,9.64500046,9.72500038,1570800
2006-12-15,10.0,10.10499954,9.69999981,9.77999973,3042000
2006-12-18,9.96000004,10.11999989,9.64999962,9.78999996,1976200
2006-12-19,9.77499962,9.77499962,9.33500004,9.60000038,6917800
2006-12-20,9.77999973,10.02999973,9.77999973,9.90999985,6964400
2006-12-21,9.94999981,10.04500008,9.65999985,10.02000046,2104400
2006-12-22,10.0,10.02000046,9.85000038,10.0,560200
2006-12-26,10.0,10.02999973,9.875,10.0,1167000
2006-12-27,9.94999981,10.19499969,9.94999981,10.14999962,1610400
2006-12-28,10.14999962,10.27499962,10.07499981,10.19499969,2993800
2007-01-02,10.19999981,10.30500031,10.19999981,10.25,1735200
2007-01-03,10.24499989,10.60000038,10.20499992,10.55000019,5212800
2007-01-04,10.60000038,10.77999973,10.43000031,10.77999973,4034200
2007-01-05,10.76500034,11.03999996,10.19999981,10.75,5134800
2007-01-08,10.75500011,11.26500034,10.60999966,11.26500034,3257000
2007-01-09,11.21500015,11.25,10.625,10.89999962,2502800
2007-01-10,10.68000031,10.84500027,10.40999985,10.5,2341600
2007-01-11,10.39999962,10.59500027,10.14999962,10.39999962,1996800
2007-01-12,10.26000023,10.54500008,10.02999973,10.27499962,3422200
2007-01-15,10.42500019,10.43500042,9.95499992,10.14999962,1433200
2007-01-16,10.05000019,10.05000019,9.66499996,9.875,3946200
2007-01-17,9.82499981,9.99499989,9.70499992,9.79500008,3839200
2007-01-18,9.85499954,9.94999981,9.40999985,9.40999985,4264000
2007-01-19,9.49499989,10.14999962,9.49499989,10.14999962,5324400
2007-01-22,10.25,10.43000031,9.85999966,10.09000015,2010800
2007-01-23,10.07499981,10.07499981,9.69999981,9.75,4752400
2007-01-24,9.85000038,10.07999992,9.75,10.07499981,4981800
2007-01-26,9.95499992,10.35000038,9.72500038,10.32999992,3457600
2007-01-29,10.31499958,10.31499958,9.99499989,10.02999973,3535200
2007-01-30,10.10000038,10.10499954,9.80500031,9.95499992,3541400
2007-01-31,9.94999981,10.0,9.66499996,9.82499981,4160600
2007-02-01,9.91499996,10.52999973,9.91499996,10.25,6103600
2007-02-02,10.25,10.40499973,10.13000011,10.35499954,2292200
2007-02-05,10.07499981,10.64500046,10.05000019,10.64500046,2124200
2007-02-06,10.56999969,10.69499969,10.34500027,10.40499973,13707800
2007-02-07,10.40999985,10.5,9.89999962,10.0,1979200
2007-02-08,10.00500011,10.20499992,9.92500019,10.14999962,1768000
2007-02-09,10.13000011,10.28999996,10.0,10.07499981,1842400
2007-02-12,10.10000038,10.25,9.82499981,9.89999962,2342600
2007-02-13,10.02999973,10.125,9.90999985,10.0,2099800
2007-02-14,10.07499981,10.42500019,10.0,10.30000019,3119600
2007-02-15,10.19999981,10.45499992,10.125,10.43500042,2670600
2007-02-16,10.26000023,10.47000027,10.26000023,10.43999958,1905600
2007-02-21,10.42500019,10.57499981,10.25,10.39999962,1620200
2007-02-22,10.36999989,11.05500031,10.36999989,10.82499981,3464000
2007-02-23,10.80000019,10.89500046,10.47500038,10.47500038,2520200
2007-02-26,10.56999969,10.65499973,10.24499989,10.25,2527000
2007-02-27,10.0,10.14999962,9.60000038,9.75,2535400
2007-02-28,9.85499954,9.89999962,9.47500038,9.85000038,6336800
2007-03-01,9.5,10.10499954,9.19999981,9.80000019,4910400
2007-03-02,9.74499989,9.75500011,9.35999966,9.40499973,2230600
2007-03-05,9.27499962,9.39999962,9.05000019,9.25,2360400
2007-03-06,9.55000019,9.94999981,9.375,9.89999962,2180400
2007-03-07,9.89999962,9.89999962,9.44999981,9.44999981,2114000
2007-03-08,9.75,9.76000023,9.39999962,9.39999962,3775000
2007-03-09,9.55000019,9.56999969,9.27499962,9.42500019,3816600
2007-03-12,9.39999962,9.53999996,9.30000019,9.30500031,2761200
2007-03-13,9.10000038,9.30000019,8.80000019,8.80000019,3236600
2007-03-14,8.72500038,8.85000038,8.52499962,8.69999981,5552400
2007-03-15,8.89999962,8.93500042,8.60000038,8.93500042,4607200
2007-03-16,8.89999962,9.10000038,8.85000038,9.0,2365800
2007-03-19,9.10000038,9.25,9.0,9.25,4214600
2007-03-20,9.31000042,9.69999981,9.10000038,9.42000008,2761200
2007-03-21,9.44999981,9.69999981,9.31999969,9.69999981,3060800
2007-03-22,9.64999962,9.82499981,9.52000046,9.52000046,1635000
2007-03-23,9.50500011,9.63500023,9.27499962,9.52499962,1562400
2007-03-26,9.5,9.5,9.24499989,9.375,1113000
2007-03-27,9.30000019,9.49499989,9.17500019,9.49499989,1229600
2007-03-28,9.25,9.46000004,9.25,9.30500031,1202800
2007-03-29,9.44499969,9.54500008,9.17000008,9.30000019,3922400
2007-03-30,9.35000038,9.56000042,9.25500011,9.56000042,3789800
2007-04-02,9.56000042,9.56000042,9.39999962,9.5,1344200
2007-04-03,9.56999969,10.10000038,9.51500034,10.05000019,3556000
2007-04-04,9.97500038,10.47000027,9.92500019,10.44999981,3001600
2007-04-05,10.34500027,10.39999962,10.18000031,10.25,2384400
2007-04-09,10.39999962,10.47500038,10.05000019,10.125,1098800
2007-04-10,10.18999958,10.35999966,10.14999962,10.35999966,2006400
2007-04-11,10.30000019,10.43500042,10.18000031,10.35000038,1445200
2007-04-12,10.13000011,10.44999981,10.13000011,10.19999981,2923200
2007-04-13,10.375,10.625,10.25,10.44999981,2342600
2007-04-16,10.44999981,11.04500008,10.39999962,10.86499977,4441400
2007-04-17,10.80500031,11.05500031,10.72000027,10.85000038,2076600
2007-04-18,10.85000038,10.85000038,10.64999962,10.64999962,1651400
2007-04-19,10.57499981,10.86499977,10.25,10.64500046,1853200
2007-04-20,10.65499973,11.10000038,10.65499973,11.08500004,1861600
2007-04-23,11.0,11.06999969,10.80500031,10.80500031,1446400
2007-04-24,10.80000019,11.39500046,10.65499973,11.24499989,1731600
2007-04-25,11.26000023,11.72500038,11.07499981,11.69499969,2232000
2007-04-26,11.64500046,12.11999989,11.64500046,12.0,2127800
2007-04-27,11.875,11.875,11.39999962,11.42500019,3267000
2007-04-30,11.55000019,11.56499958,10.64999962,10.64999962,2442800
2007-05-02,10.85499954,11.375,10.74499989,11.11499977,2968200
2007-05-03,11.24499989,11.64000034,11.24499989,11.60000038,2995600
2007-05-04,11.60999966,12.05000019,11.60999966,11.65499973,2546000
2007-05-07,11.625,11.67500019,11.40499973,11.55000019,1312000
2007-05-08,11.43999958,11.75,11.375,11.44999981,2495800
2007-05-09,11.5,12.0,11.35499954,11.99499989,2498000
2007-05-10,12.00500011,12.00500011,11.39000034,11.39000034,2922600
2007-05-11,11.625,11.96000004,11.55000019,11.82499981,1066600
2007-05-14,11.92000008,12.10000038,11.80500031,12.10000038,1550600
2007-05-15,12.0,12.73499966,11.98499966,12.39999962,2307600
2007-05-16,12.43000031,12.64999962,12.25,12.54500008,2192200
2007-05-17,12.53499985,12.68999958,12.25,12.30000019,2100000
2007-05-18,12.35499954,12.41499996,11.92000008,12.25,3176000
2007-05-21,12.25,12.5,12.14000034,12.14999962,1544600
2007-05-22,12.30500031,12.47999954,11.77499962,11.77499962,2309800
2007-05-23,11.93000031,12.02499962,11.55000019,11.75,4294800
2007-05-24,11.88500023,11.89500046,11.40999985,11.40999985,1439600
2007-05-25,11.60000038,11.72000027,11.11999989,11.625,1271400
2007-05-28,11.74499989,11.875,11.57499981,11.625,523400
2007-05-29,11.66499996,12.23999977,11.625,11.93000031,2560600
2007-05-30,11.75,12.36999989,11.55000019,12.36499977,2540400
2007-05-31,12.34000015,12.55000019,12.14999962,12.5,2780400
2007-06-01,12.5,12.89500046,12.375,12.85000038,1851600
2007-06-04,12.56000042,12.80000019,12.40499973,12.41499996,1516600
2007-06-05,12.52499962,12.52499962,11.97500038,12.19999981,2784600
2007-06-06,12.14999962,12.14999962,11.59000015,11.80000019,3021000
2007-06-08,11.55000019,11.85000038,11.25,11.52999973,3310600
2007-06-11,11.70499992,11.82499981,11.60000038,11.60999966,1797000
2007-06-12,11.55000019,11.75,11.15499973,11.25,1814400
2007-06-13,11.5,11.75,11.44999981,11.61499977,3968000
2007-06-14,11.73499966,12.26500034,11.73499966,12.09000015,3008200
2007-06-15,12.22999954,12.75,12.22999954,12.50500011,3845800
2007-06-18,12.60000038,12.86499977,12.42500019,12.72500038,2289400
2007-06-19,12.64500046,13.10000038,12.51000023,12.52499962,4409200
2007-06-20,12.75500011,12.94999981,12.05000019,12.125,3406600
2007-06-21,12.25500011,12.59500027,11.89999962,12.30000019,4735200
2007-06-22,12.35000038,12.35000038,11.89999962,12.01500034,2401000
2007-06-25,11.88500023,12.19999981,11.85999966,12.10000038,1962800
2007-06-26,12.10000038,12.22000027,11.75,11.89999962,1808200
2007-06-27,11.72000027,11.80500031,11.51000023,11.60000038,3134600
2007-06-28,11.75,12.25,11.75,12.06499958,2690800
2007-06-29,12.26500034,12.56000042,11.91499996,11.94999981,4626800
2007-07-02,12.13000011,12.31999969,12.11999989,12.26000023,2317600
2007-07-03,12.39999962,12.5,12.27999973,12.30500031,2006200
2007-07-04,12.39500046,12.64000034,12.25500011,12.39000034,1789000
2007-07-05,12.44999981,12.5,12.14999962,12.5,1300400
2007-07-06,12.5,12.97500038,12.35499954,12.875,4249800
2007-07-10,12.875,12.97500038,12.35999966,12.71500015,2353400
2007-07-11,12.64999962,12.89999962,12.51000023,12.55000019,2602800
2007-07-12,12.67500019,12.93000031,12.41499996,12.41499996,3897800
2007-07-13,12.60000038,12.72999954,12.40499973,12.60000038,1982800
2007-07-16,12.58500004,12.58500004,12.26500034,12.5,2412200
2007-07-17,12.55000019,12.63000011,12.32499981,12.625,2815000
2007-07-18,12.54500008,12.72500038,12.31000042,12.69499969,2049200
2007-07-19,12.55500031,13.25,12.55500031,13.14999962,3709400
2007-07-20,13.25,13.35000038,12.56000042,12.75500011,2977200
2007-07-23,12.88500023,12.94999981,12.55000019,12.55000019,2057000
2007-07-24,12.5,12.5,11.84000015,12.14999962,3469200
2007-07-25,12.25500011,12.39000034,11.5,12.24499989,2785200
2007-07-26,11.75,11.90499973,11.125,11.64999962,2802600
2007-07-27,11.53999996,11.81999969,11.18000031,11.32499981,3078400
2007-07-30,11.5,11.89999962,11.30000019,11.39999962,2178000
2007-07-31,11.89000034,11.89000034,11.02499962,11.02499962,4435600
2007-08-01,11.125,11.125,10.39500046,10.69999981,4878200
2007-08-02,10.98999977,11.09000015,10.80000019,11.0,2793400
2007-08-03,11.07999992,11.10000038,10.32499981,10.55000019,2283000
2007-08-06,10.72500038,10.72500038,10.05500031,10.35000038,5233800
2007-08-07,10.48999977,11.72500038,10.375,11.5,6156600
2007-08-08,11.75,12.07499981,11.26500034,11.5,4260200
2007-08-09,19.5,20.48999977,19.01000023,19.89999962,1966100
2007-08-10,19.20000076,19.89999962,18.95000076,19.89999962,1088400
2007-08-13,20.25,20.39999962,19.75,20.0,1014800
2007-08-14,20.19000053,20.25,19.07999992,19.51000023,973600
2007-08-15,19.0,19.79999924,18.29999924,18.75,2542000
2007-08-16,17.70000076,18.25,15.75,17.89999962,3496100
2007-08-17,19.0,19.45000076,17.90999985,19.20000076,2892500
2007-08-20,19.5,19.78000069,18.89999962,19.0,1391000
2007-08-21,19.13999939,19.5,18.79999924,19.29999924,975800
2007-08-22,19.5,19.72999954,19.17000008,19.19000053,1402100
2007-08-23,19.34000015,19.35000038,18.20000076,18.39999962,2012400
2007-08-24,18.36000061,18.56999969,17.95000076,18.10000038,2581300
2007-08-27,18.14999962,19.13999939,17.95000076,19.03000069,1988100
2007-08-28,18.84000015,18.84000015,17.79999924,18.25,1577800
2007-08-29,18.34000015,18.89999962,18.04999924,18.62000084,1244900
2007-08-30,18.45000076,19.0,17.85000038,17.85000038,1571600
2007-08-31,18.35000038,19.10000038,18.04999924,18.54999924,3880000
2007-09-03,18.63999939,19.21999931,18.60000038,19.15999985,976000
2007-09-04,19.29000092,19.55999947,18.98999977,19.04999924,989300
2007-09-05,18.85000038,18.85000038,18.32999992,18.64999962,1629100
2007-09-06,18.70000076,18.92000008,17.95999908,18.39999962,1325200
2007-09-10,17.98999977,18.0,17.29999924,17.39999962,1878400
2007-09-11,17.88999939,18.59000015,17.71999931,18.5,2095000
2007-09-12,18.5,19.5,18.39999962,19.25,2148900
2007-09-13,19.19000053,20.39999962,19.19000053,20.25,2034200
2007-09-14,19.88999939,21.0,19.64999962,20.70000076,1381700
2007-09-17,20.54999924,20.69000053,19.89999962,20.64999962,884600
2007-09-18,20.69000053,21.68000031,20.61000061,21.48999977,2523800
2007-09-19,21.79999924,22.0,21.5,21.71999931,2531400
2007-09-20,21.64999962,22.13999939,21.10000038,21.80999947,3303700
2007-09-21,21.89999962,22.10000038,21.60000038,22.0,2318300
2007-09-24,21.87000084,22.14999962,21.35000038,21.60000038,1035400
2007-09-25,21.57999992,22.29999924,21.10000038,22.29999924,1951900
2007-09-26,22.22999954,23.35000038,22.22999954,23.02000046,1963700
2007-09-27,23.0,25.10000038,23.0,25.10000038,2933100
2007-09-28,24.94000053,25.64999962,24.35000038,24.98999977,3772400
2007-10-01,25.14999962,25.54000092,24.79999924,24.79999924,1855100
2007-10-02,24.60000038,24.60000038,23.34000015,23.5,1859200
2007-10-03,23.29999924,24.29999924,23.25,23.5,1878200
2007-10-04,23.40999985,24.60000038,23.40999985,24.10000038,2720700
2007-10-05,24.59000015,24.98999977,24.18000031,24.79999924,2538500
2007-10-08,24.75,24.75,24.15999985,24.38999939,577300
2007-10-09,24.64999962,24.64999962,24.14999962,24.25,583300
2007-10-10,24.29999924,24.64999962,23.79999924,23.79999924,2587700
2007-10-11,24.10000038,24.5,22.46999931,23.79999924,1623500
2007-10-15,23.86000061,24.38999939,22.70000076,23.0,1208200
2007-10-16,22.5,23.20000076,21.87000084,22.95000076,1258300
2007-10-17,23.78000069,24.29999924,22.89999962,24.0,1653000
2007-10-18,23.5,24.19000053,23.17000008,24.19000053,1677900
2007-10-19,24.29999924,24.29999924,23.10000038,24.0,635000
2007-10-22,23.79999924,25.60000038,23.70000076,25.60000038,2117300
2007-10-23,25.79000092,26.69000053,25.73999977,26.14999962,2120600
2007-10-24,26.39999962,26.97999954,25.51000023,25.88999939,1491500
2007-10-25,26.10000038,26.61000061,25.5,25.70000076,1237400
2007-10-26,25.87999916,26.57999992,25.60000038,26.19000053,1585000
2007-10-29,26.03000069,27.69000053,26.03000069,26.70000076,1066700
2007-10-30,26.70000076,29.39999962,26.22999954,28.5,1069900
2007-10-31,29.0,30.5,28.75,30.10000038,1542600
2007-11-01,29.10000038,29.79999924,28.04000092,28.38999939,2009600
2007-11-05,28.0,29.0,27.39999962,29.0,1778500
2007-11-06,29.42000008,30.93000031,29.42000008,30.5,1782300
2007-11-07,30.20000076,30.20000076,29.29999924,30.0,1404500
2007-11-08,30.14999962,30.51000023,27.54999924,28.29999924,2096100
2007-11-09,28.29000092,28.98999977,26.61000061,28.94000053,1998200
2007-11-12,28.47999954,28.79999924,27.11000061,27.29999924,1018900
2007-11-13,27.53000069,28.79000092,27.45000076,28.70000076,771000
2007-11-14,29.32999992,30.45999908,28.85000038,29.89999962,1400100
2007-11-16,30.0,30.14999962,28.90999985,29.5,1913300
2007-11-19,28.62999916,29.20000076,27.69000053,28.0,911700
2007-11-21,27.10000038,27.98999977,26.62000084,27.29999924,1979600
2007-11-22,27.60000038,27.72999954,26.86000061,26.95000076,366200
2007-11-23,27.10000038,27.60000038,26.47999954,26.95000076,877600
2007-11-26,26.48999977,27.35000038,25.81999969,26.5,1392600
2007-11-27,26.0,27.95999908,25.29999924,27.10000038,878800
2007-11-28,27.61000061,28.5,27.5,27.85000038,1875000
2007-11-29,28.09000015,28.60000038,26.70999908,26.92000008,1075700
2007-11-30,27.51000023,28.31999969,27.14999962,27.71999931,1248100
2007-12-03,27.95999908,28.88999939,27.55999947,28.20000076,1988000
2007-12-04,28.04999924,28.62000084,27.23999977,28.0,1988200
2007-12-05,28.5,29.25,28.29999924,28.29999924,2604600
2007-12-06,28.85000038,29.0,28.26000023,28.89999962,1942600
2007-12-07,29.02000046,29.21999931,28.30999947,28.60000038,1943700
2007-12-10,28.64999962,28.64999962,27.29999924,27.45000076,1498700
2007-12-11,27.79999924,28.09000015,25.60000038,26.5,1470800
2007-12-12,27.01000023,28.04999924,26.79999924,27.28000069,2434600
2007-12-13,26.98999977,27.54999924,26.02000046,26.5,1338200
2007-12-14,26.90999985,27.80999947,26.01000023,27.0,819500
2007-12-17,26.37999916,26.5,24.95999908,25.25,1401800
2007-12-18,26.09000015,26.09000015,24.27000046,25.95000076,1547200
2007-12-19,25.29999924,25.29999924,23.54999924,24.34000015,3174600
2007-12-20,24.64999962,24.92000008,23.56999969,23.95000076,1214600
2007-12-21,24.35000038,24.39999962,23.56999969,23.92000008,754600
2007-12-26,24.29999924,25.38999939,24.14999962,25.28000069,607100
2007-12-27,25.14999962,25.25,24.20000076,24.39999962,1290900
2007-12-28,24.5,24.75,23.62999916,24.20000076,1392400
2008-01-02,24.20000076,24.20000076,23.20000076,23.70999908,812500
2008-01-03,23.61000061,23.95000076,23.31999969,23.48999977,509900
2008-01-04,23.88999939,23.88999939,21.79999924,23.0,1324600
2008-01-07,23.10000038,23.43000031,22.31999969,23.0,739200
2008-01-08,23.40999985,24.35000038,23.05999947,24.35000038,1397400
2008-01-09,23.60000038,25.20000076,23.20999908,24.20000076,1251100
2008-01-10,24.40999985,25.17000008,24.06999969,24.29999924,1073700
2008-01-11,24.20000076,24.28000069,23.45000076,23.93000031,1046500
2008-01-14,24.20000076,24.46999931,23.09000015,23.22999954,1124800
2008-01-15,22.87999916,22.89999962,21.51000023,21.79999924,1805600
2008-01-16,21.14999962,22.64999962,20.89999962,22.39999962,1681800
2008-01-17,22.0,23.88999939,21.80999947,22.34000015,1672400
2008-01-18,23.0,23.19000053,21.0,21.39999962,1787700
2008-01-21,19.98999977,20.79999924,19.27000046,20.0,1103400
2008-01-22,19.80999947,21.62999916,19.37000084,21.14999962,2162800
2008-01-23,20.5,21.69000053,19.79999924,20.20000076,1570700
2008-01-24,21.14999962,22.02000046,21.12000084,21.75,1719400
2008-01-28,21.5,22.28000069,21.31999969,21.70000076,1881300
2008-01-29,21.85000038,23.28000069,21.78000069,23.28000069,1047900
2008-01-30,22.70000076,23.98999977,22.20000076,23.60000038,1021800
2008-01-31,22.65999985,23.79999924,22.04000092,22.89999962,1702800
2008-02-01,24.01000023,24.5,23.61000061,24.19000053,1389400
2008-02-06,23.0,24.0,22.70000076,22.89999962,3077000
2008-02-07,22.5,22.5,21.5,21.5,2053000
2008-02-08,21.63999939,21.84000015,21.02000046,21.10000038,2147200
2008-02-11,21.36000061,22.0,21.36000061,21.85000038,1423500
2008-02-12,22.36000061,23.07999992,22.22999954,22.5,2796400
2008-02-13,24.42000008,25.29999924,24.0,24.0,6216300
2008-02-14,24.40999985,25.68000031,24.01000023,25.0,2171200
2008-02-15,24.97999954,25.10000038,23.79999924,25.10000038,2531300
2008-02-18,25.70000076,26.0,25.37999916,25.79999924,601700
2008-02-19,26.20999908,27.13999939,26.10000038,26.20999908,2159200
2008-02-20,25.87999916,26.69000053,25.20000076,26.11000061,2800900
2008-02-21,26.51000023,26.79999924,25.0,25.35000038,1496800
2008-02-22,26.0,26.70000076,25.60000038,26.5,2033000
2008-02-25,26.59000015,26.75,26.10000038,26.39999962,1268500
2008-02-26,26.14999962,26.79000092,25.70000076,26.75,1856800
2008-02-27,26.39999962,27.97999954,26.22999954,27.34000015,2494700
2008-02-28,27.35000038,27.98999977,26.75,26.75,1619600
2008-02-29,26.15999985,27.48999977,25.79999924,27.0,1611700
2008-03-03,26.79999924,28.29000092,26.79999924,28.25,2338600
2008-03-04,27.88999939,28.23999977,26.89999962,27.67000008,1548600
2008-03-05,27.78000069,28.44000053,27.36000061,27.70000076,2763600
2008-03-06,27.47999954,27.85000038,26.10000038,26.23999977,899200
2008-03-07,25.95000076,26.10000038,25.15999985,25.76000023,1170600
2008-03-10,25.5,26.79999924,24.10000038,24.20000076,1743700
2008-03-11,25.20999908,26.20000076,23.86000061,26.0,1724300
2008-03-12,26.12000084,26.5,25.14999962,25.70000076,1193400
2008-03-13,25.0,26.15999985,24.11000061,25.88999939,2502800
2008-03-14,24.89999962,26.5,24.64999962,25.0,3098600
2008-03-17,24.0,24.77000046,23.71999931,24.25,1720400
2008-03-18,24.79999924,26.0,24.60000038,25.5,1498200
2008-03-19,25.79999924,25.97999954,24.29999924,24.89999962,1483400
2008-03-20,24.5,25.27000046,23.89999962,24.5,829200
2008-03-24,24.79999924,25.5,24.25,24.35000038,921600
2008-03-25,25.0,25.02000046,23.97999954,24.14999962,1266200
2008-03-26,24.5,24.60000038,24.20000076,24.20000076,664900
2008-03-27,24.70000076,24.77000046,24.25,24.29999924,1711500
2008-03-28,24.5,24.5,22.89999962,23.0,1872500
2008-03-31,23.11000061,23.20000076,22.35000038,23.0,1986800
2008-04-01,23.20999908,24.12000084,23.20999908,24.12000084,1182200
2008-04-02,24.05999947,25.11000061,24.05999947,24.60000038,1073400
2008-04-03,24.5,26.29999924,24.28000069,25.65999985,1572900
2008-04-04,25.89999962,26.20000076,25.0,25.35000038,1354900
2008-04-07,25.5,25.92000008,25.23999977,25.76000023,1233800
2008-04-08,25.60000038,26.04999924,25.10000038,25.70000076,1045800
2008-04-09,25.55999947,25.88999939,24.80999947,25.25,1441200
2008-04-10,25.5,25.95000076,24.86000061,24.86000061,2041500
2008-04-11,24.95000076,25.10000038,24.29999924,25.10000038,664600
2008-04-14,24.60000038,24.97999954,23.72999954,23.94000053,1157300
2008-04-15,23.86000061,24.39999962,23.84000015,24.12999916,419200
2008-04-16,24.37000084,24.70000076,23.82999992,24.5,1299600
2008-04-17,24.10000038,25.0,23.73999977,24.10000038,928900
2008-04-18,24.17000008,24.5,23.5,23.5,1061000
2008-04-22,23.65999985,23.89999962,23.53000069,23.73999977,838700
2008-04-23,23.67000008,23.79000092,23.0,23.48999977,1294300
2008-04-24,23.31999969,23.59000015,23.0,23.0,618400
2008-04-25,23.01000023,23.55999947,22.89999962,23.44000053,769300
2008-04-28,23.5,24.88999939,23.5,24.88999939,1361800
2008-04-29,24.72999954,24.94000053,24.0,24.01000023,2165700
2008-04-30,24.20000076,28.01000023,24.15999985,27.72999954,2383900
2008-05-02,29.11000061,32.0,28.39999962,29.01000023,4975600
2008-05-05,29.0,29.71999931,28.36000061,29.0,1417300
2008-05-06,29.18000031,29.18000031,27.0,27.95000076,1858700
2008-05-07,28.11000061,28.48999977,26.54999924,26.89999962,1393100
2008-05-08,27.20999908,27.39999962,26.29000092,26.72999954,1967300
2008-05-09,26.5,26.5,25.79999924,26.0,2189500
2008-05-12,26.31999969,26.59000015,25.90999985,26.53000069,2285000
2008-05-13,26.92000008,27.25,26.39999962,26.98999977,2285000
2008-05-14,27.28000069,27.39999962,26.06999969,26.32999992,4038200
2008-05-15,26.54999924,26.89999962,25.80999947,26.89999962,1889300
2008-05-16,27.19000053,27.39999962,26.70000076,27.29999924,2864300
2008-05-19,27.45000076,28.03000069,26.95000076,27.60000038,3747900
2008-05-20,27.29000092,27.29000092,26.54000092,26.95000076,1091500
2008-05-21,26.89999962,26.97999954,25.75,26.29999924,2634100
2008-05-23,26.0,26.12999916,25.06999969,25.75,1609900
2008-05-26,25.65999985,25.84000015,25.05999947,25.28000069,766200
2008-05-27,25.06999969,25.34000015,24.84000015,25.05999947,1942000
2008-05-28,25.30999947,26.59000015,25.20999908,26.59000015,2516400
2008-05-29,26.20000076,26.79999924,26.04999924,26.48999977,2516400
2008-05-30,26.92000008,27.29999924,26.64999962,27.28000069,3690100
2008-06-02,26.95000076,26.95000076,25.70000076,25.79999924,3690100
2008-06-03,26.0,26.09000015,24.32999992,24.5,2565100
2008-06-04,24.45000076,24.45000076,23.15999985,23.87000084,3621100
2008-06-05,24.29999924,25.70000076,24.11000061,25.70000076,3328000
2008-06-06,25.45999908,25.45999908,24.47999954,24.5,2902000
2008-06-09,24.60000038,24.70000076,23.54999924,24.10000038,1536800
2008-06-10,23.63999939,24.10000038,23.35000038,24.10000038,1546100
2008-06-11,24.14999962,24.14999962,22.65999985,22.77000046,2059200
2008-06-12,23.20999908,23.47999954,23.0,23.12999916,1577300
2008-06-13,23.79999924,23.79999924,22.95000076,23.34000015,773700
2008-06-16,23.20000076,23.73999977,22.95999908,23.44000053,1428400
2008-06-17,23.68000031,24.20000076,23.45000076,24.20000076,2318300
2008-06-18,23.75,23.94000053,23.03000069,23.09000015,1887300
2008-06-19,23.29999924,23.35000038,21.82999992,22.11000061,2468300
2008-06-20,22.14999962,22.56999969,21.17000008,22.45000076,2843900
2008-06-23,23.0,23.0,21.36000061,21.88999939,4996800
2008-06-24,21.95000076,21.95000076,21.45000076,21.85000038,4354500
2008-06-25,21.85000038,22.60000038,21.64999962,22.57999992,2719900
2008-06-26,21.75,22.25,21.5,21.79999924,1918900
2008-06-27,21.76000023,22.04999924,21.62999916,21.95000076,2184400
2008-06-30,22.03000069,22.37000084,21.81999969,22.13999939,1781300
2008-07-01,21.55999947,21.79999924,20.72999954,21.79999924,3492200
2008-07-02,21.90999985,21.93000031,20.07999992,20.48999977,2231400
2008-07-03,20.0,20.21999931,19.48999977,19.79999924,4392000
2008-07-04,19.5,20.06999969,19.28000069,19.89999962,1526200
2008-07-07,20.04999924,20.20000076,19.0,19.64999962,2318700
2008-07-08,19.20000076,19.78000069,18.76000023,19.59000015,4177500
2008-07-10,19.29999924,19.56999969,18.87000084,19.45999908,4113600
2008-07-11,19.14999962,19.46999931,18.86000061,18.93000031,1921800
2008-07-14,19.44000053,19.44000053,18.81999969,18.86000061,1050400
2008-07-15,19.0,20.78000069,18.52000046,20.5,3579500
2008-07-16,20.40999985,22.47999954,20.39999962,22.47999954,2951400
2008-07-17,22.37000084,22.69000053,20.87999916,21.37999916,2390900
2008-07-18,21.40999985,22.03000069,20.48999977,20.5,1897100
2008-07-21,20.90999985,21.70999908,20.84000015,21.17000008,1460400
2008-07-22,20.88999939,21.60000038,20.70000076,21.60000038,1187200
2008-07-23,21.61000061,22.79999924,21.02000046,22.79999924,3191000
2008-07-24,22.46999931,23.31999969,22.21999931,22.54999924,2693600
2008-07-25,23.0,23.13999939,22.25,22.35000038,1902000
2008-07-28,22.39999962,22.70000076,21.39999962,21.5,1006600
2008-07-29,21.54999924,22.78000069,21.54999924,22.39999962,1793000
2008-07-30,22.65999985,23.69000053,22.65999985,23.20000076,2662600
2008-07-31,23.29999924,23.29999924,22.20999908,22.79999924,2932900
2008-08-01,22.79999924,23.10000038,21.18000031,21.59000015,2390200
2008-08-04,21.39999962,21.44000053,20.52000046,20.64999962,2743600
2008-08-05,20.85000038,21.90999985,20.64999962,21.79999924,1997900
2008-08-06,22.10000038,22.95999908,21.61000061,22.29999924,2131400
2008-08-07,22.39999962,22.78000069,22.0,22.0,1585600
2008-08-08,21.51000023,23.07999992,21.51000023,22.5,1328700
2008-08-11,22.54000092,23.37999916,22.35000038,22.35000038,2529000
2008-08-12,22.30999947,23.09000015,22.0,22.04999924,1696400
2008-08-13,22.0,22.0,21.10000038,21.20000076,2586000
2008-08-14,21.34000015,21.95000076,21.20000076,21.39999962,1448300
2008-08-15,21.98999977,21.98999977,20.01000023,20.78000069,2386400
2008-08-18,21.04999924,21.5,20.28000069,20.70000076,1048200
2008-08-19,20.68000031,20.68000031,19.65999985,20.10000038,1758600
2008-08-20,20.31999969,21.26000023,20.23999977,21.26000023,1637800
2008-08-21,21.45000076,21.73999977,20.69000053,21.73999977,1326600
2008-08-22,21.73999977,21.77000046,20.79999924,20.98999977,1443500
2008-08-25,20.97999954,21.10000038,20.53000069,20.60000038,1028800
2008-08-26,20.53000069,20.89999962,19.82999992,20.0,1741500
2008-08-27,20.25,20.36000061,19.75,20.25,1915200
2008-08-28,20.39999962,20.72999954,20.05999947,20.20000076,2178300
2008-08-29,20.20000076,20.64999962,19.85000038,20.48999977,1571700
2008-09-01,20.29999924,21.73999977,20.04999924,20.45000076,1457200
2008-09-02,20.45999908,21.45000076,20.36000061,20.44000053,1999000
2008-09-03,20.71999931,20.93000031,19.86000061,19.89999962,2100700
2008-09-04,20.01000023,20.01000023,17.95999908,18.69000053,4183700
2008-09-05,18.0,18.59000015,17.39999962,18.14999962,3347500
2008-09-08,18.87000084,19.70000076,18.5,19.04999924,4290900
2008-09-09,19.0,19.18000031,18.35000038,18.84000015,1995400
2008-09-10,19.34000015,19.70000076,18.81999969,19.39999962,3741100
2008-09-11,18.86000061,19.38999939,18.42000008,19.38999939,2185900
2008-09-12,19.18000031,19.37999916,18.61000061,19.0,2677500
2008-09-15,18.10000038,18.18000031,17.52000046,17.64999962,1922300
2008-09-16,17.0,17.89999962,16.55999947,17.89999962,2978300
2008-09-17,17.27000046,17.27000046,16.5,16.5,4034800
2008-09-18,16.63999939,18.5,16.0,18.5,4797700
2008-09-19,20.10000038,21.25,19.89999962,20.5,4245200
2008-09-22,20.48999977,20.48999977,19.5,19.62000084,3712900
2008-09-23,19.54999924,20.19000053,19.20000076,19.79999924,2576500
2008-09-24,20.04999924,20.38999939,19.39999962,19.60000038,2029300
2008-09-25,19.72999954,20.60000038,19.62999916,20.5,1683500
2008-09-26,19.79999924,20.38999939,19.20000076,20.0,2821700
2008-09-29,19.98999977,19.98999977,17.34000015,18.20000076,2653800
2008-09-30,18.79999924,19.97999954,18.31999969,19.5,2151800
2008-10-01,19.5,20.23999977,19.0,19.70000076,2060600
2008-10-02,19.70000076,19.70000076,17.37000084,17.95000076,2259400
2008-10-03,18.29999924,18.88999939,16.75,17.0,2563200
2008-10-06,15.75,17.39999962,15.60000038,17.39999962,11907500
2008-10-07,18.29999924,18.29999924,14.5,15.0,8221800
2008-10-08,14.0,14.34000015,12.69999981,13.22000027,6285500
2008-10-09,14.0,14.19999981,10.90999985,11.42000008,2197400
2008-10-10,9.64999962,11.0,9.44999981,10.89999962,3307000
2008-10-13,11.69999981,11.94999981,10.89999962,11.60000038,6626400
2008-10-14,12.10000038,12.94999981,11.69999981,12.80000019,3120300
2008-10-15,12.0,12.5,10.0,10.5,2941800
2008-10-16,10.64999962,10.89999962,9.68000031,10.80000019,2174900
2008-10-17,10.80000019,11.43000031,10.26000023,10.81000042,1452700
2008-10-20,11.02000046,12.27999973,11.02000046,12.05000019,1129000
2008-10-21,11.34000015,13.44999981,11.31000042,12.39999962,2383300
2008-10-22,11.71000004,11.82999992,10.05000019,10.26000023,1648200
2008-10-23,9.98999977,10.27000046,9.06000042,9.40999985,2470700
2008-10-24,8.55000019,8.85000038,8.15999985,8.32999992,1931200
2008-10-27,8.05000019,8.14999962,7.75,7.75,2180500
2008-10-28,8.30000019,10.48999977,7.5,10.35000038,2795700
2008-10-29,10.52999973,11.94999981,10.52999973,11.5,4110600
2008-10-30,11.80000019,12.5,11.71000004,12.10000038,3008000
2008-10-31,11.75,11.75,10.18000031,10.60000038,3093900
2008-11-03,10.77999973,11.80000019,10.65999985,11.80000019,2716700
2008-11-04,12.31999969,12.80000019,12.0,12.67000008,2538500
2008-11-05,12.27999973,12.55000019,11.51000023,11.80000019,2624500
2008-11-06,11.40999985,11.40999985,9.69999981,9.69999981,2711700
2008-11-07,10.10000038,10.48999977,9.19999981,9.19999981,1841100
2008-11-10,10.0,10.18999958,7.9000001,7.9000001,3873300
2008-11-11,7.73999977,8.32999992,7.21000004,8.10000038,6185000
2008-11-12,7.69999981,7.78999996,7.05000019,7.32000017,8121400
2008-11-13,7.44999981,8.06999969,7.11999989,7.76000023,5434400
2008-11-14,7.0999999,7.51999998,7.0999999,7.4000001,5991500
2008-11-17,7.28999996,7.28999996,6.80999994,6.9000001,3570000
2008-11-18,6.5999999,6.88999987,6.5,6.5,4184000
2008-11-19,6.51000023,6.73000002,6.25,6.30000019,2007900
2008-11-21,6.0,6.17000008,5.61000013,5.80000019,4327100
2008-11-24,6.28999996,6.57000017,6.03999996,6.30999994,3924000
2008-11-25,6.19999981,7.19999981,6.11000013,7.19999981,3541000
2008-11-26,6.96000004,8.0,6.96000004,7.8499999,6011900
2008-11-27,7.86000013,8.10000038,7.71000004,7.71000004,1314900
2008-11-28,7.5999999,7.98999977,7.57999992,7.84000015,1423900
2008-12-01,7.30999994,7.51999998,7.11000013,7.38000011,2911000
2008-12-02,7.5,7.78999996,7.26000023,7.5,1704200
2008-12-03,7.4000001,7.48999977,7.0,7.0,2330900
2008-12-04,7.17000008,7.48000002,7.07000017,7.48000002,2383100
2008-12-05,7.17999983,8.01000023,7.13000011,8.0,4249900
2008-12-08,8.47000027,8.89999962,8.47000027,8.89999962,3882100
2008-12-09,8.89000034,9.10000038,8.81000042,9.0,3295200
2008-12-10,9.11999989,9.89000034,9.11999989,9.69999981,2248800
2008-12-11,9.64999962,10.0,9.61999989,9.75,2565300
2008-12-12,9.19999981,9.81999969,9.05000019,9.5,1484600
2008-12-15,9.52000046,9.68999958,8.90999985,8.90999985,2261000
2008-12-16,9.15999985,9.44999981,9.02000046,9.22999954,2097700
2008-12-17,9.28999996,9.38000011,8.92000008,8.92000008,2820300
2008-12-18,9.15999985,9.27999973,8.46000004,8.64999962,1691200
2008-12-19,8.5,9.18999958,8.48999977,9.10000038,1247000
2008-12-22,9.06999969,9.14000034,8.61999989,8.93999958,1324400
2008-12-23,8.89000034,9.06000042,8.10000038,8.14999962,1183400
2008-12-26,8.21000004,8.55000019,8.17000008,8.55000019,336900
2008-12-29,8.59000015,8.89000034,8.43000031,8.81999969,953700
2008-12-30,8.89000034,9.19999981,8.75,9.19999981,2863400
2009-01-02,9.25,9.89999962,9.25,9.78999996,964200
2009-01-05,9.68999958,10.73999977,9.68999958,10.48999977,2701700
2009-01-06,10.69999981,11.23999977,10.56000042,11.0,1809700
2009-01-07,10.85000038,11.14999962,10.25,11.0,1344200
2009-01-08,10.80000019,11.27999973,10.48999977,10.80000019,1748400
2009-01-09,10.89999962,11.19999981,10.26000023,10.48999977,2551700
2009-01-12,10.39000034,10.65999985,9.30000019,9.30000019,2811500
2009-01-13,9.19999981,9.71000004,9.13000011,9.25,2583400
2009-01-14,9.25,9.39000034,8.63000011,8.64999962,1713300
2009-01-15,8.78999996,9.34000015,8.52999973,9.30000019,1966500
2009-01-16,9.56000042,9.75,9.22000027,9.57999992,3119300
2009-01-19,9.75,9.88000011,9.22000027,9.26000023,1143200
2009-01-20,9.17000008,9.39999962,8.36999989,8.36999989,2185100
2009-01-21,8.56000042,8.77999973,8.18999958,8.77999973,3840400
2009-01-22,8.89000034,8.89000034,8.03999996,8.03999996,5708700
2009-01-23,7.73000002,8.5,7.55000019,8.38000011,2614200
2009-01-26,8.31000042,8.67000008,8.22000027,8.42000008,1101400
2009-01-27,8.32999992,8.68000031,8.30000019,8.61999989,1482100
2009-01-28,9.60999966,9.68000031,8.90999985,9.55000019,4620500
2009-01-29,9.42000008,9.65999985,9.18000031,9.47000027,2094200
2009-01-30,9.25,9.89999962,9.25,9.30000019,1683600
2009-02-02,9.02000046,9.59000015,8.89999962,9.44999981,2106300
2009-02-03,9.39000034,10.60999966,9.30000019,10.39999962,3120400
2009-02-04,10.64999962,11.57999992,9.60999966,9.85000038,8448600
2009-02-05,9.88000011,10.75,9.85000038,9.97000027,3519300
2009-02-06,10.21000004,10.55000019,9.97999954,10.39999962,1955700
2009-02-09,10.43000031,10.47999954,10.10999966,10.11999989,1078000
2009-02-10,10.22000027,10.35000038,9.43999958,9.67000008,2645700
2009-02-11,9.81999969,10.13000011,9.23999977,9.55000019,2515800
2009-02-12,9.47999954,9.89000034,9.40999985,9.60000038,2207400
2009-02-13,10.10000038,10.13000011,9.80000019,10.0,2080000
2009-02-16,9.98999977,9.98999977,9.68000031,9.94999981,770200
2009-02-17,9.56000042,9.72999954,9.42000008,9.47000027,15255700
2009-02-18,9.53999996,9.73999977,8.97999954,9.01000023,2550900
2009-02-19,8.98999977,9.10000038,8.42000008,8.47999954,7152400
2009-02-20,8.38000011,8.38000011,7.6500001,7.94999981,5273600
2009-02-25,7.69999981,7.69999981,7.19999981,7.36999989,4265300
2009-02-26,7.5999999,7.63000011,7.15999985,7.25,4823400
2009-02-27,7.05999994,7.17000008,6.92000008,7.03999996,7939900
2009-03-02,6.84000015,6.88000011,6.55000019,6.55000019,5216700
2009-03-03,6.71000004,7.26999998,6.55000019,7.15999985,5781200
2009-03-04,7.42000008,7.46000004,6.98999977,7.0999999,3922200
2009-03-05,6.98999977,7.34000015,6.76000023,7.34000015,1811300
2009-03-06,7.25,7.55999994,6.96999979,7.11000013,1957000
2009-03-09,6.96999979,7.36999989,6.82999992,7.0999999,1683000
2009-03-10,7.32999992,7.57999992,7.07000017,7.57999992,3802900
2009-03-11,7.67999983,7.76000023,7.28000021,7.36000013,2638800
2009-03-12,7.42999983,7.42999983,7.13000011,7.23999977,2714000
2009-03-13,7.30000019,7.48999977,7.0999999,7.25,2011700
2009-03-16,7.26999998,7.59000015,7.1500001,7.21000004,2622100
2009-03-17,7.21999979,7.5999999,7.17000008,7.5999999,1659700
2009-03-18,7.48999977,8.11999989,7.42000008,7.92999983,2469800
2009-03-19,8.11999989,8.40999985,7.94000006,8.0,4509900
2009-03-20,8.0,8.25,7.80999994,8.14999962,2433300
2009-03-23,8.46000004,9.31999969,8.35000038,9.11999989,5404700
2009-03-24,9.05000019,9.10999966,8.63000011,8.68000031,3511200
2009-03-25,9.0,9.27999973,8.40999985,8.67000008,5720600
2009-03-26,8.84000015,8.97999954,8.65999985,8.97999954,3164900
2009-03-27,8.80000019,8.85000038,8.60999966,8.80000019,4091000
2009-03-30,8.53999996,8.93999958,8.44999981,8.92000008,2890900
2009-03-31,9.03999996,9.51000023,8.96000004,9.18000031,3543900
2009-04-01,9.10000038,9.78999996,8.96000004,9.78999996,2558200
2009-04-02,10.0,10.80000019,10.0,10.69999981,3623500
2009-04-03,10.69999981,10.97999954,10.64999962,10.85999966,2512500
2009-04-06,10.69999981,10.76000023,10.35000038,10.68000031,2595600
2009-04-07,10.44999981,11.38000011,10.39999962,11.30000019,3666100
2009-04-08,11.48999977,12.43999958,11.35999966,12.25,5086400
2009-04-09,12.80000019,12.85999966,11.19999981,11.35999966,5610200
2009-04-13,11.5,11.90999985,11.5,11.88000011,4277300
2009-04-14,11.93999958,12.25,11.72000027,11.81000042,3097900
2009-04-15,11.94999981,11.94999981,11.31999969,11.5,3734400
2009-04-16,11.75,11.86999989,11.51000023,11.51000023,2543800
2009-04-17,11.56000042,12.03999996,11.52000046,11.75,2193900
2009-04-20,11.48999977,11.72000027,10.94999981,10.97000027,2033900
2009-04-22,11.19999981,11.85999966,11.19999981,11.85000038,2467300
2009-04-23,11.98999977,12.18000031,11.65999985,12.18000031,1697100
2009-04-24,12.19999981,13.76000023,12.19999981,13.60000038,4245400
2009-04-27,13.01000023,14.0,13.01000023,13.85000038,3448100
2009-04-28,13.40999985,13.75,12.85000038,12.94999981,4751500
2009-04-29,13.36999989,14.46000004,13.27999973,14.30000019,3594400
2009-04-30,14.80000019,14.89999962,13.60999966,13.60999966,4236900
2009-05-04,14.0,15.30000019,13.97999954,15.30000019,4834600
2009-05-05,15.46000004,16.19000053,14.27999973,14.81000042,3349900
2009-05-06,15.39000034,15.43999958,14.25,14.78999996,4253600
2009-05-07,15.19999981,15.30000019,13.75,14.52000046,3081500
2009-05-08,15.0,15.13000011,14.22999954,14.80000019,1718400
2009-05-11,14.40999985,14.53999996,13.96000004,14.22000027,1781100
2009-05-12,14.5,14.59000015,13.67000008,13.94999981,2522400
2009-05-13,13.39999962,13.60000038,12.82999992,13.01000023,4290200
2009-05-14,12.94999981,13.64000034,12.64999962,13.64000034,2968000
2009-05-15,13.64999962,13.97000027,13.02999973,13.14999962,2241500
2009-05-18,13.47999954,14.10000038,13.31999969,14.10000038,2112900
2009-05-19,14.25,14.89000034,13.85000038,14.5,2620800
2009-05-20,14.77000046,14.93000031,13.93000031,14.0,2964600
2009-05-21,13.82999992,13.97999954,13.07999992,13.25,2816000
2009-05-22,13.53999996,13.86999989,13.17000008,13.86999989,1566200
2009-05-25,14.05000019,14.05000019,13.78999996,13.98999977,754600
2009-05-26,13.85000038,14.80000019,13.61999989,14.80000019,3659900
2009-05-27,14.89999962,15.56000042,14.60000038,15.0,5615800
2009-05-28,15.39000034,15.48999977,14.81999969,15.28999996,3216000
2009-05-29,15.5,15.52000046,14.56000042,15.10000038,3939600
2009-06-01,15.21000004,15.39999962,14.86999989,15.0,2362600
2009-06-02,14.89999962,14.89999962,14.26000023,14.57999992,3598600
2009-06-03,14.19999981,14.48999977,13.5,13.69999981,8124000
2009-06-04,14.05000019,14.22999954,13.81000042,14.15999985,2687700
2009-06-05,14.60999966,14.60999966,13.5,13.89999962,4488400
2009-06-08,13.75,14.14999962,13.63000011,13.89999962,1831400
2009-06-09,14.14000034,14.21000004,13.76000023,14.0,2527200
2009-06-10,14.14999962,14.27000046,13.60999966,13.60999966,2512500
2009-06-12,13.71000004,14.10000038,13.71000004,14.0,1970500
2009-06-15,13.76000023,13.93999958,12.85999966,13.10000038,4020000
2009-06-16,13.40999985,13.42000008,12.89999962,13.17000008,2522800
2009-06-17,13.19999981,13.57999992,12.97000027,13.39999962,5935500
2009-06-18,13.48999977,13.64999962,13.22000027,13.5,1408600
2009-06-19,13.69999981,13.81000042,13.55000019,13.56000042,2613300
2009-06-22,13.25,13.47000027,12.55000019,12.76000023,3561900
2009-06-23,12.86999989,13.06000042,12.51000023,13.06000042,1928200
2009-06-24,13.22999954,13.67000008,13.06999969,13.5,2498300
2009-06-25,13.44999981,14.31999969,13.19999981,14.31999969,3819300
2009-06-26,14.31999969,14.53999996,14.05000019,14.23999977,1636600
2009-06-29,14.23999977,14.98999977,14.23999977,14.85000038,2891900
2009-06-30,15.0,15.06000042,14.44999981,14.85000038,1735300
2009-07-01,15.0,15.09000015,14.72000027,14.93000031,1653500
2009-07-02,14.5,15.17000008,14.43999958,14.77999973,1435700
2009-07-03,14.90999985,15.05000019,14.82999992,14.97000027,675000
2009-07-06,14.73999977,15.14999962,14.71000004,15.14999962,1379800
2009-07-07,15.0,15.09000015,14.60999966,14.80000019,1714800
2009-07-08,14.69999981,14.92000008,14.02000046,14.19999981,3705400
2009-07-09,14.19999981,14.19999981,14.19999981,14.19999981,0
2009-07-10,14.13000011,14.93000031,14.06000042,14.52000046,2806100
2009-07-13,14.82999992,14.88000011,14.06999969,14.06999969,3084700
2009-07-14,14.21000004,14.73999977,14.03999996,14.64000034,2394600
2009-07-15,14.93999958,15.81000042,14.89999962,15.78999996,2899100
2009-07-16,15.5,16.54999924,15.39999962,16.10000038,4093200
2009-07-17,16.03000069,16.70999908,16.03000069,16.54999924,3982700
2009-07-20,16.86000061,17.28000069,16.78000069,16.82999992,2874500
2009-07-21,17.05999947,17.14999962,16.37000084,16.85000038,2631900
2009-07-22,16.69000053,17.82999992,16.5,17.29999924,2668300
2009-07-23,17.5,18.03000069,17.17000008,17.98999977,4964900
2009-07-24,17.95999908,18.39999962,17.70999908,18.0,3677000
2009-07-27,18.25,18.75,18.03000069,18.63999939,2895300
2009-07-28,18.47999954,19.37000084,18.31999969,19.0,3211300
2009-07-29,18.79000092,18.79000092,18.12999916,18.54999924,2357200
2009-07-30,18.87999916,19.05999947,18.68000031,18.82999992,2892900
2009-07-31,18.85000038,19.29000092,18.71999931,19.25,1806100
2009-08-03,20.0,20.10000038,19.5,19.70999908,2497500
2009-08-04,19.73999977,20.87999916,19.42000008,20.64999962,4093200
2009-08-05,20.55999947,21.10000038,20.40999985,20.73999977,3258900
2009-08-06,20.95000076,21.39999962,19.61000061,19.79999924,2909800
2009-08-07,20.20999908,20.48999977,19.21999931,19.29999924,2364900
2009-08-10,19.40999985,19.55999947,18.93000031,19.20000076,2430200
2009-08-11,19.19000053,19.52000046,18.75,19.39999962,2743500
2009-08-12,19.52000046,20.48999977,19.52000046,20.45000076,3274500
2009-08-13,20.57999992,21.20999908,19.97999954,20.78000069,1888100
2009-08-14,21.20000076,21.43000031,19.84000015,20.79999924,3829400
2009-08-17,19.98999977,20.59000015,19.86000061,20.39999962,2101700
2009-08-18,20.5,21.35000038,20.20999908,21.01000023,2441800
2009-08-19,20.60000038,21.36000061,20.45000076,21.10000038,2138200
2009-08-20,21.18000031,22.30999947,20.90999985,22.30999947,5000100
2009-08-21,22.77000046,23.79000092,22.76000023,23.54999924,6613000
2009-08-24,23.73999977,24.0,23.5,24.0,3350800
2009-08-25,24.14999962,24.34000015,23.54999924,24.09000015,3359000
2009-08-26,23.88999939,25.20000076,23.70000076,25.20000076,2712100
2009-08-27,25.20000076,25.38999939,24.62999916,24.80999947,2839300
2009-08-28,24.85000038,25.10000038,24.39999962,24.52000046,1730000
2009-08-31,24.39999962,24.39999962,23.42000008,23.69000053,3417500
2009-09-01,23.5,23.98999977,22.10000038,22.10000038,5002900
2009-09-02,21.64999962,21.85000038,20.90999985,21.01000023,5707800
2009-09-03,21.43000031,21.5,20.61000061,20.85000038,3134000
2009-09-04,21.10000038,22.79000092,21.05999947,22.60000038,3627800
2009-09-08,23.23999977,23.76000023,22.95000076,23.27000046,2091900
2009-09-09,23.34000015,23.79999924,22.5,23.70000076,2736800
2009-09-10,23.38999939,23.73999977,23.37000084,23.37000084,1978100
2009-09-11,23.5,23.79000092,23.15999985,23.64999962,2027900
2009-09-14,23.28000069,24.10000038,23.20000076,24.0,2230500
2009-09-15,24.22999954,24.62000084,24.11000061,24.55999947,1810400
2009-09-16,25.0,25.18000031,24.75,24.84000015,2105800
2009-09-17,24.84000015,25.04000092,23.84000015,24.0,2535700
2009-09-18,23.79999924,24.20999908,23.51000023,23.51000023,2650000
2009-09-21,23.59000015,24.04000092,23.20000076,23.84000015,2620100
2009-09-22,23.89999962,24.92000008,23.67000008,24.57999992,3660900
2009-09-23,24.51000023,24.82999992,23.39999962,23.60000038,3159500
2009-09-24,23.82999992,24.0,22.70999908,23.0,2991900
2009-09-25,22.96999931,23.75,22.96999931,23.75,1946900
2009-09-28,23.98999977,24.10000038,23.64999962,23.79000092,1538900
2009-09-29,23.81999969,23.98999977,23.10000038,23.10000038,2193500
2009-09-30,23.38999939,23.44000053,22.90999985,23.04999924,2251500
2009-10-01,22.95000076,23.01000023,22.10000038,22.25,4430000
2009-10-02,21.5,23.57999992,21.5,23.29999924,6625100
2009-10-05,23.60000038,23.76000023,23.29999924,23.5,2379900
2009-10-06,23.70999908,24.23999977,23.64999962,24.20999908,3018400
2009-10-07,23.75,24.54999924,23.75,24.5,2332800
2009-10-08,24.52000046,25.20000076,24.37999916,25.0,3202600
2009-10-09,24.79999924,25.28000069,24.70000076,24.85000038,1730000
2009-10-13,24.94000053,26.60000038,24.93000031,26.48999977,2656200
2009-10-14,26.79999924,28.20000076,26.79000092,27.89999962,3891600
2009-10-15,27.23999977,27.88999939,27.01000023,27.29999924,3916700
2009-10-16,26.79999924,28.51000023,26.64999962,27.59000015,3387700
2009-10-19,27.87000084,28.10000038,27.0,27.0,1980100
2009-10-20,26.37999916,26.48999977,24.25,25.31999969,5346000
2009-10-21,25.20000076,26.07999992,24.80999947,24.80999947,3277100
2009-10-22,25.20999908,25.75,24.90999985,25.20000076,2333200
2009-10-23,25.79999924,25.93000031,24.27000046,24.29999924,2601500
2009-10-26,24.45000076,24.54999924,23.5,24.06999969,3925500
2009-10-27,24.17000008,24.25,22.39999962,22.39999962,5817000
2009-10-28,22.07999992,22.25,20.89999962,21.29999924,13041100
2009-10-29,21.89999962,23.10000038,21.79999924,23.10000038,13971800
2009-10-30,23.45999908,23.70999908,21.90999985,22.5,8854300
2009-11-03,21.85000038,22.69000053,21.57999992,22.12000084,3651400
2009-11-04,22.5,23.60000038,22.5,23.54999924,5070800
2009-11-05,23.39999962,24.27000046,23.30999947,24.05999947,2637600
2009-11-06,24.31999969,24.54999924,23.01000023,23.89999962,3509700
2009-11-09,24.35000038,24.45999908,23.79000092,23.96999931,2490800
2009-11-10,23.82999992,24.20000076,23.73999977,23.81999969,2138000
2009-11-11,24.10000038,24.37999916,23.94000053,24.25,3449300
2009-11-12,24.20000076,24.46999931,22.92000008,23.10000038,2303100
2009-11-13,23.77000046,24.75,23.42000008,24.54999924,7624100
2009-11-16,24.80999947,25.20000076,24.78000069,24.79999924,3343200
2009-11-17,24.69000053,24.84000015,24.26000023,24.75,1985000
2009-11-18,24.89999962,25.18000031,24.25,24.30999947,2464800
2009-11-19,23.85000038,24.45000076,23.54999924,24.35000038,1445400
2009-11-23,24.70000076,24.89999962,24.35000038,24.5,3582200
2009-11-24,24.56999969,24.79999924,23.89999962,24.54999924,2152800
2009-11-25,24.70000076,24.89999962,24.38999939,24.45000076,2150600
2009-11-26,24.0,24.43000031,23.56999969,23.70999908,1730800
2009-11-27,23.53000069,23.69000053,23.03000069,23.5,3173800
2009-11-30,23.56999969,24.70000076,23.56999969,24.70000076,2919900
2009-12-01,24.97999954,25.39999962,24.77000046,25.38999939,4492800
2009-12-02,25.39999962,25.56999969,24.5,25.23999977,6484500
2009-12-03,25.54999924,25.75,25.11000061,25.20000076,2144000
2009-12-04,24.93000031,25.79000092,24.69000053,24.79999924,2184700
2009-12-07,25.29000092,25.64999962,25.11000061,25.42000008,2105300
2009-12-08,25.12999916,25.34000015,24.82999992,25.0,1759000
2009-12-09,25.32999992,25.39999962,24.77000046,24.89999962,1168600
2009-12-10,25.23999977,25.37999916,24.42000008,24.80999947,4202200
2009-12-11,25.14999962,25.14999962,24.62000084,24.69000053,1219800
2009-12-14,24.85000038,25.19000053,24.25,24.54999924,2519600
2009-12-15,24.46999931,24.57999992,23.87999916,24.04999924,2257400
2009-12-16,24.20000076,24.35000038,23.39999962,23.60000038,2408400
2009-12-17,23.5,23.73999977,22.79999924,23.23999977,2377700
2009-12-18,23.38999939,23.70000076,23.04999924,23.47999954,2170400
2009-12-21,23.79999924,23.95000076,22.60000038,22.60000038,1929500
2009-12-22,23.0,23.47999954,22.52000046,23.35000038,3598800
2009-12-23,23.57999992,23.70000076,23.05999947,23.53000069,1451600
2009-12-24,23.53000069,23.53000069,23.53000069,23.53000069,0
2009-12-28,23.64999962,23.79999924,23.48999977,23.64999962,1350800
2009-12-29,23.79000092,23.95000076,23.68000031,23.79999924,1795000
2009-12-30,23.79999924,23.79999924,23.79999924,23.79999924,0
2010-01-04,24.54999924,24.54999924,23.81999969,24.20000076,3656100
2010-01-05,24.27000046,24.35000038,23.86000061,23.96999931,3938400
2010-01-06,23.89999962,24.37000084,23.87000084,24.0,3261400
2010-01-07,23.80999947,24.28000069,23.54000092,23.54000092,3224300
2010-01-08,23.76000023,23.94000053,23.36000061,23.5,2128500
2010-01-11,23.76000023,23.96999931,23.45000076,23.72999954,2062500
2010-01-12,23.5,24.12000084,23.40999985,24.12000084,2329600
2010-01-13,24.29000092,24.35000038,23.60000038,23.75,2206600
2010-01-14,23.75,23.93000031,23.39999962,23.53000069,2363800
2010-01-15,23.39999962,23.62999916,23.02000046,23.23999977,3369700
2010-01-18,23.38999939,23.57999992,22.85000038,22.97999954,2083000
2010-01-19,22.80999947,23.19000053,22.80999947,22.95999908,3753600
2010-01-20,22.79999924,22.80999947,21.54999924,21.88999939,7928600
2010-01-21,22.14999962,22.14999962,21.04999924,21.13999939,3579600
2010-01-22,21.0,21.95000076,20.81999969,21.35000038,3416200
2010-01-26,21.14999962,21.81999969,20.40999985,21.70000076,4105400
2010-01-27,21.70000076,22.25,21.68000031,22.01000023,4274800
2010-01-28,22.37999916,22.54999924,21.85000038,22.14999962,2916200
2010-01-29,22.29999924,22.45000076,21.42000008,21.63999939,2046300
2010-02-01,21.80999947,22.79999924,21.64999962,22.70000076,2627500
2010-02-02,22.79999924,23.10000038,22.61000061,23.10000038,2099300
2010-02-03,23.04000092,23.12999916,22.51000023,23.0,3057800
2010-02-04,22.62000084,22.87999916,21.23999977,21.63999939,4395200
2010-02-05,21.20000076,21.39999962,20.30999947,21.10000038,6133500
2010-02-08,21.21999931,21.94000053,20.79999924,21.12000084,2883400
2010-02-09,21.67000008,22.22999954,21.36000061,22.20999908,3297600
2010-02-10,22.29000092,22.94000053,22.10000038,22.70999908,2716300
2010-02-11,22.63999939,23.12999916,22.30999947,23.12999916,2996800
2010-02-12,22.78000069,23.05999947,22.22999954,22.89999962,2664800
2010-02-17,22.89999962,23.72999954,22.70000076,23.62999916,2644600
2010-02-18,23.62999916,24.10000038,23.20000076,24.0,2547600
2010-02-19,23.70000076,24.04999924,23.61000061,24.04000092,2699200
2010-02-22,24.19000053,24.22999954,23.60000038,23.77000046,2041600
2010-02-23,23.61000061,23.79999924,22.85000038,23.23999977,2020400
2010-02-24,23.30999947,23.59000015,22.86000061,23.18000031,1390700
2010-02-25,22.54000092,22.84000015,22.12000084,22.72999954,3515100
2010-02-26,22.79000092,22.85000038,22.03000069,22.54999924,3452300
2010-03-01,22.89999962,22.98999977,22.59000015,22.72999954,2403200
2010-03-02,22.85000038,23.12999916,22.57999992,22.65999985,2131000
2010-03-03,22.79999924,23.29000092,22.73999977,22.95000076,3496400
2010-03-04,22.94000053,23.09000015,22.37999916,22.60000038,1868900
2010-03-05,23.0,23.0,22.19000053,22.54000092,3820100
2010-03-08,22.47999954,22.54000092,21.79999924,21.95999908,3916300
2010-03-09,21.89999962,22.29000092,21.84000015,21.89999962,6098900
2010-03-10,22.04999924,22.76000023,21.94000053,22.47999954,3603300
2010-03-11,22.29999924,23.12000084,22.28000069,22.70999908,2724500
2010-03-12,22.97999954,23.06999969,22.40999985,22.62000084,2119400
2010-03-15,22.42000008,22.62999916,21.70999908,22.14999962,2924100
2010-03-16,22.39999962,22.45999908,22.10000038,22.39999962,1362800
2010-03-17,22.54999924,22.59000015,21.84000015,21.92000008,2415100
2010-03-18,22.12999916,22.62000084,22.01000023,22.22999954,3642700
2010-03-19,22.29000092,22.44000053,21.77000046,21.89999962,2446600
2010-03-22,21.76000023,21.95000076,21.31999969,21.89999962,2108600
2010-03-23,22.14999962,22.20000076,21.20999908,21.54999924,5772400
2010-03-24,21.51000023,21.89999962,21.22999954,21.45000076,4800400
2010-03-25,21.72999954,21.81999969,21.22999954,21.26000023,2822900
2010-03-26,21.77000046,21.79000092,20.65999985,21.10000038,8527700
2010-03-29,21.29000092,21.29000092,20.20999908,20.85000038,6107300
2010-03-30,20.98999977,21.44000053,20.5,20.70000076,6486200
2010-03-31,20.59000015,21.05999947,20.26000023,21.05999947,5235700
2010-04-01,21.25,21.81999969,21.14999962,21.81999969,4989900
2010-04-05,21.82999992,22.13999939,21.63999939,21.81999969,2858900
2010-04-06,21.60000038,22.05999947,21.40999985,21.46999931,4430500
2010-04-07,21.48999977,21.79999924,21.06999969,21.09000015,3573300
2010-04-08,21.20000076,21.85000038,21.0,21.85000038,2832
2010-04-09,21.59000015,21.79999924,21.21999931,21.28000069,2585500
2010-04-12,21.29000092,21.62999916,21.04999924,21.12999916,1301900
2010-04-13,21.20000076,21.54000092,21.10000038,21.5,2069500
2010-04-14,21.42000008,21.63999939,21.13999939,21.48999977,2897300
2010-04-15,21.48999977,21.48999977,21.04999924,21.17000008,2071400
2010-04-16,21.04999924,21.12999916,20.38999939,20.64999962,2522200
2010-04-19,20.5,20.87999916,20.30999947,20.64999962,1876600
2010-04-20,20.79999924,21.34000015,20.76000023,20.97999954,4271700
2010-04-22,20.64999962,21.60000038,20.51000023,21.54999924,3214800
2010-04-23,21.45999908,21.70999908,21.05999947,21.15999985,2526700
2010-04-26,21.34000015,21.43000031,21.01000023,21.25,1914400
2010-04-27,21.02000046,21.51000023,20.52000046,20.70000076,3450300
2010-04-28,21.0,21.0,20.25,20.64999962,2753800
2010-04-29,20.90999985,21.0,20.45000076,20.51000023,3608100
2010-04-30,20.48999977,21.19000053,20.45000076,21.0,4502900
2010-05-03,21.38999939,21.53000069,20.63999939,21.39999962,3093
2010-05-04,21.29999924,21.35000038,20.51000023,21.0,6090800
2010-05-05,20.82999992,21.14999962,20.40999985,21.01000023,3899200
2010-05-06,20.94000053,21.04999924,18.45999908,20.04999924,5461000
2010-05-07,20.26000023,20.37000084,19.25,19.98999977,5033900
2010-05-10,21.0,21.48999977,20.70000076,21.48999977,2662400
2010-05-11,20.97999954,21.70000076,20.89999962,21.12000084,2580300
2010-05-12,21.29999924,21.60000038,21.0,21.0,3035700
2010-05-13,21.10000038,21.10000038,20.39999962,20.39999962,3309700
2010-05-14,20.10000038,20.25,19.04999924,19.10000038,7067900
2010-05-17,19.20000076,19.45000076,17.85000038,18.82999992,3377600
2010-05-18,18.95000076,19.13999939,17.60000038,17.64999962,5195100
2010-05-19,17.28000069,17.70000076,16.79999924,17.35000038,5180500
2010-05-20,16.69000053,18.70000076,16.57999992,18.37999916,7859100
2010-05-21,18.22999954,19.47999954,18.05999947,19.10000038,5365800
2010-05-24,18.97999954,19.28000069,18.29000092,18.60000038,3191600
2010-05-25,18.0,18.11000061,17.5,18.06999969,6699600
2010-05-26,18.29000092,18.87999916,18.05999947,18.5,4366100
2010-05-27,19.0,19.45000076,18.95000076,19.36000061,2482500
2010-05-28,19.53000069,19.87999916,19.10000038,19.64999962,3807400
2010-05-31,19.70000076,19.82999992,19.52000046,19.75,1411500
2010-06-01,19.29999924,19.95000076,19.20000076,19.28000069,2416400
2010-06-02,19.28000069,20.25,19.05999947,20.25,2946100
2010-06-04,19.81999969,19.93000031,19.25,19.45000076,2486400
2010-06-07,19.39999962,19.62999916,18.84000015,18.95000076,2115700
2010-06-08,19.12000084,19.40999985,18.68000031,19.40999985,2231700
2010-06-09,19.5,19.77000046,18.64999962,18.84000015,3288600
2010-06-10,19.07999992,19.54999924,19.07999992,19.5,3019500
2010-06-11,19.35000038,20.06999969,19.14999962,20.06999969,2899600
2010-06-14,20.10000038,20.96999931,19.77000046,20.79999924,5447100
2010-06-15,20.87999916,20.95999908,20.35000038,20.85000038,2152800
2010-06-16,20.63999939,20.76000023,20.31999969,20.53000069,3986500
2010-06-17,20.46999931,21.20000076,20.39999962,20.89999962,3407200
2010-06-18,20.84000015,21.29999924,20.80999947,21.0,2027
2010-06-21,21.22999954,21.36000061,20.61000061,21.13999939,2129400
2010-06-22,20.90999985,21.47999954,20.90999985,21.10000038,4570700
2010-06-23,21.20999908,21.51000023,20.78000069,21.39999962,2688800
2010-06-24,21.20999908,21.64999962,20.59000015,20.59000015,2305600
2010-06-25,20.70000076,20.97999954,20.53000069,20.95000076,1056100
2010-06-28,20.96999931,21.18000031,20.75,20.80999947,1653600
2010-06-29,20.34000015,20.46999931,19.45000076,19.69000053,4058000
2010-06-30,19.70000076,20.26000023,19.51000023,19.51000023,2414400
2010-07-01,19.62999916,19.89999962,19.04000092,19.39999962,2037500
2010-07-02,19.52000046,19.61000061,19.07999992,19.45000076,3670500
2010-07-05,19.60000038,19.70000076,19.30999947,19.5,947400
2010-07-06,19.87000084,20.39999962,19.62000084,19.85000038,4278500
2010-07-07,19.95000076,20.54999924,19.92000008,20.10000038,3193000
2010-07-08,20.28000069,20.48999977,19.80999947,20.48999977,2932900
2010-07-12,20.48999977,20.95999908,20.23999977,20.70000076,2552500
2010-07-13,20.87000084,21.20000076,20.52000046,21.20000076,2793500
2010-07-14,20.89999962,21.57999992,20.79000092,21.57999992,3078200
2010-07-15,21.54999924,22.0,21.42000008,22.0,5531100
2010-07-16,21.80999947,22.0,21.12999916,21.12999916,2520100
2010-07-19,21.32999992,21.98999977,21.20999908,21.95999908,4949700
2010-07-20,21.89999962,22.54999924,21.68000031,21.84000015,4720900
2010-07-21,21.92000008,22.25,21.53000069,21.67000008,2788400
2010-07-22,22.0,22.60000038,21.87999916,22.54999924,4204800
2010-07-23,22.65999985,23.17000008,22.65999985,23.10000038,4158400
2010-07-26,23.06999969,23.28000069,22.65999985,22.95000076,2261900
2010-07-27,23.18000031,23.29999924,22.81999969,23.19000053,1941100
2010-07-28,23.01000023,23.60000038,22.93000031,23.60000038,3298300
2010-07-29,23.60000038,24.60000038,23.60000038,24.60000038,5287600
2010-07-30,24.27000046,24.88999939,23.86000061,24.79000092,3931900
2010-08-02,24.93000031,26.04000092,24.67000008,25.51000023,4958000
2010-08-03,25.25,25.42000008,24.70000076,24.95000076,5612800
2010-08-04,25.04999924,25.04999924,24.37999916,24.60000038,4543500
2010-08-05,24.35000038,24.64999962,23.89999962,24.04999924,2902200
2010-08-06,23.85000038,23.94000053,23.10000038,23.42000008,5723200
2010-08-09,23.71999931,24.04999924,23.39999962,23.39999962,3363600
2010-08-10,23.14999962,23.36000061,22.68000031,22.89999962,4889300
2010-08-11,22.60000038,23.12999916,22.45999908,22.60000038,2265600
2010-08-12,22.5,22.64999962,21.75,22.04000092,6757200
2010-08-13,22.06999969,22.5,21.88999939,21.95000076,3161700
2010-08-16,22.10000038,22.73999977,21.94000053,22.73999977,2104600
2010-08-17,23.0,23.43000031,22.81999969,23.37999916,2816000
2010-08-18,23.38999939,23.79999924,23.04999924,23.79999924,2861800
2010-08-19,23.70000076,24.0,22.95999908,23.29000092,2745500
2010-08-20,23.15999985,23.27000046,22.68000031,22.95000076,1534000
2010-08-23,23.22999954,23.45000076,22.71999931,22.95000076,2271700
2010-08-24,22.5,23.05999947,22.20000076,22.71999931,2021600
2010-08-25,22.64999962,22.71999931,22.14999962,22.30999947,2176800
2010-08-26,22.45000076,22.55999947,21.40999985,21.51000023,2322900
2010-08-27,21.79000092,22.13999939,21.14999962,22.0,2963100
2010-08-30,22.04000092,22.96999931,21.5,22.96999931,2043
2010-08-31,21.55999947,22.20000076,21.51000023,21.82999992,3031800
2010-09-01,21.89999962,22.62999916,21.89999962,22.29999924,2189
2010-09-02,22.63999939,22.75,22.21999931,22.73999977,1650200
2010-09-03,23.0,23.07999992,22.17000008,22.39999962,1991100
2010-09-06,22.39999962,22.56999969,22.20000076,22.25,429200
2010-09-08,22.18000031,22.32999992,21.93000031,22.28000069,1349000
2010-09-09,22.46999931,23.20000076,22.36000061,23.20000076,2191500
2010-09-10,23.25,23.48999977,23.12000084,23.43000031,1563000
2010-09-13,23.61000061,23.96999931,23.43000031,23.95000076,1656400
2010-09-14,23.76000023,24.5,23.76000023,24.37999916,2856100
2010-09-15,24.29999924,25.04000092,24.0,24.79000092,2313600
2010-09-16,24.61000061,24.79999924,23.81999969,24.20000076,1771500
2010-09-17,23.97999954,24.39999962,23.20000076,23.5,3543200
2010-09-20,22.0,22.0,22.0,22.0,3000
2010-09-21,24.13999939,24.25,23.60000038,23.85000038,3723100
2010-09-22,23.85000038,24.48999977,23.64999962,24.47999954,1461
2010-09-23,24.14999962,25.34000015,24.10000038,25.0,3850800
2010-09-24,25.10000038,25.45000076,24.40999985,24.79999924,3208600
2010-09-27,24.73999977,25.04999924,24.43000031,24.79999924,1347600
2010-09-28,24.94000053,24.98999977,24.44000053,24.75,1486900
2010-09-29,24.70000076,24.79999924,24.21999931,24.5,2669000
2010-09-30,24.54999924,24.62000084,23.80999947,23.95000076,4323600
2010-10-01,24.19000053,24.64999962,24.04000092,24.37999916,3558700
2010-10-04,24.20999908,25.25,24.20999908,25.0,3599600
2010-10-05,25.29999924,25.54000092,25.07999992,25.45000076,3065100
2010-10-06,25.45000076,25.59000015,25.03000069,25.20000076,3363000
2010-10-07,25.20000076,25.31999969,24.0,24.5,2979600
2010-10-08,24.39999962,24.84000015,24.22999954,24.60000038,2714900
2010-10-11,24.63999939,24.93000031,24.48999977,24.93000031,1750800
2010-10-13,25.05999947,25.70000076,24.97999954,25.70000076,4337000
2010-10-14,25.73999977,26.14999962,25.5,25.87999916,2264700
2010-10-15,25.85000038,25.85000038,25.04999924,25.55999947,1722200
2010-10-18,25.5,25.59000015,25.03000069,25.10000038,1738000
2010-10-19,24.70000076,24.87000084,23.51000023,23.60000038,4033900
2010-10-20,23.85000038,23.95000076,23.26000023,23.28000069,3533500
2010-10-21,23.42000008,23.54999924,22.36000061,22.82999992,2371900
2010-10-22,22.95000076,23.5,22.26000023,22.60000038,1980900
2010-10-25,22.89999962,23.21999931,22.40999985,22.61000061,2082300
2010-10-26,22.45999908,23.0,22.28000069,22.79999924,1728500
2010-10-27,22.89999962,23.5,22.89999962,23.38999939,2647700
2010-10-28,23.64999962,23.77000046,22.79999924,22.79999924,1958300
2010-10-29,23.0,23.5,22.79999924,23.5,2105600
2010-11-01,22.60000038,23.0,22.28000069,22.29999924,4908900
2010-11-03,22.5,22.51000023,21.5,21.65999985,7614500
2010-11-04,21.85000038,22.75,21.84000015,22.70000076,4442600
2010-11-05,22.62000084,22.87999916,22.55999947,22.71999931,2286200
2010-11-08,22.79999924,22.79999924,22.20999908,22.25,2189600
2010-11-09,22.40999985,22.42000008,21.0,21.04999924,4968200
2010-11-10,21.06999969,21.39999962,20.60000038,20.90999985,5631000
2010-11-11,20.87999916,21.29999924,20.79999924,21.15999985,2051800
2010-11-12,20.72999954,21.09000015,20.47999954,20.90999985,3930400
2010-11-16,20.68000031,21.20000076,20.22999954,20.39999962,2932300
2010-11-17,20.69000053,21.17000008,20.5,21.06999969,1696700
2010-11-18,21.32999992,21.87000084,21.29999924,21.87000084,2877100
2010-11-19,21.72999954,22.0,21.54000092,21.89999962,3182100
2010-11-22,21.69000053,21.85000038,20.87999916,21.10000038,2269200
2010-11-23,20.63999939,20.98999977,19.97999954,20.13999939,2451000
2010-11-24,20.5,21.10000038,20.5,21.04999924,4308400
2010-11-25,21.01000023,21.5,20.77000046,21.20999908,2030100
2010-11-26,20.75,21.71999931,20.70000076,21.27000046,4376800
2010-11-29,20.96999931,21.29000092,20.53000069,20.75,2506100
2010-11-30,20.70000076,21.70000076,20.55999947,21.70000076,4457300
2010-12-01,21.87000084,22.22999954,21.60000038,22.20000076,3836800
2010-12-02,22.28000069,22.44000053,21.89999962,22.23999977,3461700
2010-12-03,22.19000053,22.45000076,21.75,22.0,2739100
2010-12-06,22.07999992,22.13999939,21.52000046,21.85000038,2415200
2010-12-07,22.10000038,22.27000046,21.86000061,21.95000076,1897100
2010-12-08,21.89999962,22.0,20.89999962,21.05999947,3438700
2010-12-09,21.20000076,21.26000023,20.32999992,20.70999908,3602000
2010-12-10,20.84000015,21.14999962,20.55999947,20.87000084,3237400
2010-12-13,21.13999939,21.20000076,20.79999924,20.87999916,2866900
2010-12-14,20.85000038,21.62000084,20.62999916,20.65999985,4528800
2010-12-15,20.53000069,20.75,19.71999931,19.71999931,4741100
2010-12-16,19.94000053,19.94000053,18.82999992,19.03000069,5562400
2010-12-17,19.05999947,19.38999939,18.71999931,19.29999924,3390300
2010-12-20,19.40999985,19.5,18.5,18.54999924,2808900
2010-12-21,18.69000053,19.98999977,18.64999962,19.79999924,4421700
2010-12-22,19.68000031,20.31999969,19.54999924,20.28000069,2822300
2010-12-23,20.09000015,20.34000015,19.95999908,20.23999977,1085200
2010-12-27,19.89999962,20.18000031,19.87000084,20.0,605400
2010-12-28,20.18000031,20.71999931,20.12000084,20.48999977,1472500
2010-12-29,20.69000053,21.39999962,20.57999992,21.29999924,2504300
2010-12-30,21.25,21.85000038,20.89999962,21.85000038,3423000
2011-01-03,21.90999985,22.37999916,20.88999939,21.60000038,3020600
2011-01-04,21.69000053,21.82999992,20.90999985,21.37000084,2395200
2011-01-05,21.09000015,21.80999947,20.96999931,21.5,2095900
2011-01-06,21.43000031,21.54000092,20.78000069,20.78000069,3511100
2011-01-07,20.64999962,21.06999969,20.38999939,20.38999939,2780600
2011-01-10,20.25,20.70000076,20.20000076,20.31999969,2103800
2011-01-11,20.53000069,20.81999969,20.43000031,20.43000031,2434000
2011-01-12,20.64999962,21.12999916,20.37999916,21.02000046,2686900
2011-01-13,21.0,21.25,20.21999931,20.29999924,3248200
2011-01-14,20.20000076,20.62000084,20.01000023,20.37999916,2011300
2011-01-17,20.45000076,20.79999924,20.05999947,20.12000084,1955300
2011-01-18,20.29999924,20.75,20.12999916,20.75,3013300
2011-01-19,20.77000046,20.86000061,20.25,20.62999916,2457300
2011-01-20,20.46999931,20.65999985,20.34000015,20.64999962,1783800
2011-01-21,20.70000076,20.80999947,20.05999947,20.13999939,2063500
2011-01-24,20.14999962,20.59000015,20.04999924,20.59000015,1632100
2011-01-26,20.42000008,20.67000008,19.56999969,19.89999962,3198200
2011-01-27,19.94000053,20.07999992,18.92000008,19.25,5708800
2011-01-28,19.29999924,19.40999985,18.46999931,18.46999931,3152600
2011-01-31,18.64999962,18.82999992,18.15999985,18.40999985,2534400
2011-02-01,18.54999924,19.39999962,18.40999985,19.39999962,2145
2011-02-02,19.04999924,19.25,18.09000015,18.14999962,4425700
2011-02-03,18.14999962,18.64999962,18.11000061,18.28000069,1561
2011-02-04,18.40999985,18.46999931,17.51000023,17.61000061,2996100
2011-02-07,17.79999924,17.87000084,17.36000061,17.75,3271300
2011-02-08,17.70000076,18.45000076,17.61000061,18.39999962,2323
2011-02-09,18.17000008,18.29000092,17.5,17.75,2758500
2011-02-10,17.72999954,17.84000015,17.34000015,17.38999939,2935300
2011-02-11,17.48999977,18.59000015,17.39999962,18.57999992,7393400
2011-02-14,18.5,19.35000038,18.20999908,19.14999962,4789000
2011-02-15,18.94000053,19.19000053,18.54000092,18.73999977,2632300
2011-02-16,18.93000031,19.03000069,18.12999916,18.44000053,6927800
2011-02-17,18.54999924,18.54999924,18.04000092,18.19000053,3547600
2011-02-18,18.05999947,18.62000084,18.04999924,18.45999908,3810000
2011-02-21,18.40999985,18.45000076,17.69000053,17.73999977,3456900
2011-02-22,17.60000038,17.60000038,16.79999924,16.79999924,9249600
2011-02-23,17.0,17.14999962,16.44000053,16.89999962,9586200
2011-02-24,16.89999962,16.89999962,16.89999962,16.89999962,0
2011-02-25,17.47999954,17.54999924,16.89999962,17.0,7898500
2011-02-28,17.17000008,17.18000031,15.89000034,16.54999924,7627700
2011-03-01,16.60000038,16.63999939,15.76000023,15.76000023,7885400
2011-03-02,15.77999973,16.19000053,15.53999996,15.89999962,9399500
2011-03-03,16.13999939,16.54000092,15.89999962,16.5,9755200
2011-03-04,16.43000031,16.5,15.88000011,15.89999962,7396600
2011-03-09,15.89999962,15.89999962,15.89999962,15.89999962,0
2011-03-10,15.35000038,15.96000004,15.30000019,15.72000027,5950500
2011-03-11,15.60000038,16.28000069,15.51000023,16.20000076,5474600
2011-03-14,15.60000038,15.64999962,15.05000019,15.14999962,18042700
2011-03-15,14.75,15.03999996,14.68000031,14.96000004,17523400
2011-03-16,15.13000011,15.72000027,15.10999966,15.5,16556300
2011-03-17,15.68000031,15.81999969,15.07999992,15.07999992,9482000
2011-03-18,15.25,15.51000023,15.15999985,15.28999996,5110700
2011-03-21,15.47000027,15.47000027,15.05000019,15.06000042,2073
2011-03-22,15.05000019,15.35000038,14.85000038,15.27999973,4987000
2011-03-23,15.19999981,15.31999969,14.94999981,14.94999981,3916700
2011-03-24,15.19999981,15.19999981,14.85999966,14.97999954,3000
2011-03-25,14.97999954,14.97999954,14.97999954,14.97999954,0
2011-03-28,15.13000011,15.30000019,14.90999985,14.92000008,4599200
2011-03-29,14.92000008,14.92000008,14.92000008,14.92000008,0
2011-03-30,14.92000008,14.92000008,14.92000008,14.92000008,0
2011-03-31,14.92000008,14.92000008,14.92000008,14.92000008,0
2011-04-01,14.92000008,14.92000008,14.92000008,14.92000008,0
2011-04-04,14.92000008,14.92000008,14.92000008,14.92000008,0
2011-04-05,14.92000008,14.92000008,14.92000008,14.92000008,0
2011-04-06,16.07999992,16.27000046,15.78999996,15.78999996,5543300
2011-04-07,15.82999992,16.38999939,15.81000042,16.38999939,7996400
2011-04-08,16.29999924,16.57999992,16.23999977,16.36000061,6600300
2011-04-11,16.39999962,16.52000046,15.97999954,16.12000084,3898400
2011-04-12,15.89999962,16.09000015,15.55000019,15.64999962,5249300
2011-04-13,15.81000042,15.89000034,15.68000031,15.85999966,2944300
2011-04-14,15.89999962,16.07999992,15.51000023,15.86999989,4682900
2011-04-15,15.97000027,16.29999924,15.5,16.18000031,3669600
2011-04-18,15.92000008,16.37000084,15.86999989,16.19000053,3386100
2011-04-19,16.22999954,16.73999977,16.20000076,16.73999977,3229600
2011-04-20,16.89999962,17.38999939,16.89999962,17.10000038,6644200
2011-04-25,17.11000061,17.19000053,16.75,17.04999924,3486600
2011-04-26,17.01000023,17.32999992,16.85000038,17.04999924,3802100
2011-04-27,17.04999924,17.12999916,16.67000008,16.97999954,3279400
2011-04-28,16.71999931,16.94000053,16.20000076,16.37000084,5145000
2011-04-29,16.45000076,16.94000053,16.28000069,16.51000023,6704100
2011-05-02,16.38999939,16.53000069,15.92000008,16.15999985,3542000
2011-05-03,16.06999969,16.30999947,15.61999989,15.86999989,3393500
2011-05-04,15.93999958,16.01000023,15.19999981,15.35000038,4466200
2011-05-05,15.30000019,15.65999985,15.05000019,15.22000027,5143400
2011-05-06,15.59000015,15.82999992,15.27999973,15.69999981,4248300
2011-05-09,15.84000015,15.84000015,15.31000042,15.61999989,715
2011-05-10,15.61999989,15.61999989,15.61999989,15.61999989,0
2011-05-11,15.39999962,15.90999985,15.27999973,15.90999985,6238100
2011-05-12,15.72000027,16.23999977,15.57999992,16.14999962,5165900
2011-05-13,15.97000027,16.5,15.53999996,16.25,10106000
2011-05-16,16.25,16.25,16.25,16.25,0
2011-05-17,15.65999985,16.11000061,15.23999977,16.11000061,3753400
2011-05-18,16.07999992,16.12999916,15.27999973,15.38000011,3804200
2011-05-19,15.47000027,15.56999969,14.80000019,14.85000038,3910000
2011-05-20,14.93000031,15.68999958,14.75,15.51000023,5752500
2011-05-23,15.31999969,15.92000008,15.15999985,15.85999966,4167300
2011-05-24,15.92000008,16.40999985,15.78999996,16.26000023,4906400
2011-05-25,16.20000076,16.86000061,16.12999916,16.35000038,6190500
2011-05-26,16.39999962,16.70000076,16.20000076,16.38999939,8319500
2011-05-27,16.38999939,16.68000031,16.23999977,16.38999939,5552700
2011-05-30,16.45000076,16.54999924,16.30999947,16.37000084,2597600
2011-05-31,16.67000008,16.95999908,16.39999962,16.89999962,5919300
2011-06-01,16.79999924,17.09000015,16.11000061,16.19000053,6552500
2011-06-02,16.20000076,16.56999969,16.04000092,16.56999969,4421500
2011-06-03,16.54000092,17.0,16.37999916,16.94000053,6104800
2011-06-06,16.97999954,17.09000015,16.29000092,16.29999924,5810200
2011-06-07,16.43000031,16.70999908,16.29999924,16.29999924,5256700
2011-06-08,16.22999954,16.5,16.15999985,16.29000092,4827200
2011-06-09,16.31999969,16.60000038,16.23999977,16.57999992,4902400
2011-06-10,16.51000023,16.56999969,15.92000008,16.10000038,3121500
2011-06-13,16.23999977,16.34000015,15.85000038,15.89000034,2394000
2011-06-14,16.01000023,16.29999924,15.39000034,15.44999981,4129800
2011-06-15,15.35000038,15.5,15.14999962,15.27999973,5380500
2011-06-16,15.30000019,15.55000019,14.80000019,15.0,4524400
2011-06-17,15.19999981,15.30000019,14.85999966,14.94999981,4329000
2011-06-20,14.94999981,15.18999958,14.81999969,15.02000046,2251500
2011-06-21,15.14999962,15.14999962,14.75,14.85000038,3156500
2011-06-22,14.80000019,14.93999958,14.60000038,14.84000015,5926300
2011-06-24,14.96000004,15.02000046,14.72000027,14.85000038,1988900
2011-06-27,14.89999962,15.39999962,14.89999962,15.39999962,4406000
2011-06-28,15.46000004,15.81000042,15.31000042,15.47000027,4131200
2011-06-29,15.57999992,15.68999958,14.96000004,15.30000019,4348100
2011-06-30,15.23999977,15.27000046,14.85000038,14.86999989,4659900
2011-07-01,14.94999981,15.35999966,14.82999992,15.22999954,4675900
2011-07-04,15.22999954,15.35000038,15.03999996,15.35000038,1868800
2011-07-05,15.28999996,15.43999958,14.93000031,15.05000019,6466200
2011-07-06,14.98999977,15.02999973,14.57999992,14.64999962,6585600
2011-07-07,14.80000019,14.85000038,14.47000027,14.60000038,5047400
2011-07-08,14.42000008,14.55000019,14.30000019,14.31999969,4643500
2011-07-11,14.17000008,14.43000031,13.97000027,14.01000023,5391800
2011-07-12,13.94999981,14.10999966,13.80000019,13.80000019,5156000
2011-07-13,14.05000019,14.69999981,14.01000023,14.65999985,12407700
2011-07-14,14.73999977,14.77999973,14.38000011,14.59000015,7478100
2011-07-15,14.64999962,14.85000038,14.39999962,14.57999992,3788200
2011-07-18,14.35999966,14.56999969,14.06000042,14.17000008,4510900
2011-07-19,14.35999966,14.48999977,14.19999981,14.48999977,5052100
2011-07-20,14.57999992,15.10999966,14.46000004,14.86999989,4099700
2011-07-21,14.90999985,15.85000038,14.90999985,15.43000031,7043100
2011-07-22,15.55000019,16.01000023,15.30000019,15.78999996,5015200
2011-07-25,15.80000019,15.89999962,15.44999981,15.56999969,873
2011-07-26,15.38000011,15.59000015,15.06999969,15.13000011,3244200
2011-07-27,15.01000023,15.14999962,14.52000046,14.52000046,4241600
2011-07-28,14.61999989,15.31999969,14.5,14.72999954,5406300
2011-07-29,14.80000019,15.19999981,14.47999954,15.06000042,709
2011-08-01,15.35000038,15.39999962,14.63000011,14.80000019,4310200
2011-08-02,14.80000019,15.06000042,14.42000008,14.5,5693900
2011-08-03,14.47000027,14.67000008,14.05000019,14.44999981,7602400
2011-08-04,14.21000004,14.25,13.40999985,13.40999985,7914600
2011-08-05,13.47999954,14.02000046,13.17000008,13.69999981,7268500
2011-08-08,13.14999962,13.60000038,12.51000023,12.85999966,8399800
2011-08-09,12.93000031,14.47999954,12.69999981,14.30000019,9102700
2011-08-10,13.89000034,14.94999981,13.61999989,14.27999973,7051300
2011-08-11,14.69999981,15.52999973,14.40999985,14.65999985,6089100
2011-08-12,13.80000019,14.22000027,13.55000019,13.82999992,10224000
2011-08-15,13.97999954,14.47000027,13.85000038,14.14999962,4105700
2011-08-16,14.0,14.43000031,13.85000038,14.0,4654900
2011-08-17,14.15999985,14.28999996,13.56000042,14.21000004,5547900
2011-08-18,13.76000023,13.85000038,13.35000038,13.44999981,4214500
2011-08-19,13.32999992,14.0,13.11999989,13.72999954,4491500
2011-08-22,13.89999962,14.23999977,13.65999985,13.75,3160000
2011-08-23,13.81999969,14.35000038,13.39999962,14.30000019,6152100
2011-08-24,14.14999962,14.27000046,13.77000046,13.93999958,7629800
2011-08-25,14.01000023,14.03999996,13.39999962,13.52000046,3858900
2011-08-26,13.48999977,13.77999973,13.28999996,13.42000008,5493800
2011-08-29,13.67000008,14.39000034,13.47999954,14.39000034,5051800
2011-08-30,14.19999981,14.98999977,14.10000038,14.85999966,5220700
2011-08-31,15.03999996,15.25,14.72999954,15.09000015,6086200
2011-09-01,16.0,16.71999931,15.81999969,15.89999962,10531800
2011-09-02,15.5,15.84000015,15.30000019,15.31000042,7066500
2011-09-05,15.01000023,15.01000023,14.57999992,14.72999954,3844200
2011-09-06,14.30000019,15.43999958,14.27999973,15.25,4818200
2011-09-08,15.60000038,15.97000027,15.39999962,15.60000038,4005200
2011-09-09,15.25,15.5,14.60000038,14.60000038,4460500
2011-09-12,14.26000023,14.47000027,13.89999962,14.18999958,6787200
2011-09-13,14.34000015,14.59000015,13.94999981,14.10999966,3649400
2011-09-14,14.27999973,14.35999966,13.64999962,13.98999977,4504500
2011-09-15,14.14999962,14.27000046,13.80000019,13.94999981,3313400
2011-09-16,13.90999985,14.22999954,13.85999966,14.22999954,1904700
2011-09-19,13.90999985,13.96000004,13.69999981,13.75,3761300
2011-09-20,13.81999969,13.85000038,12.89999962,12.89999962,7066200
2011-09-21,13.17000008,13.17000008,12.63000011,12.69999981,5408500
2011-09-22,12.19999981,12.34000015,11.85000038,11.94999981,7881700
2011-09-23,12.02999973,12.47999954,11.89999962,12.19999981,6411500
2011-09-26,12.39999962,12.43999958,11.80000019,12.22000027,3315000
2011-09-27,12.5,12.68000031,12.14999962,12.19999981,4130500
2011-09-28,12.27000046,12.38000011,12.0,12.0,4814500
2011-09-29,12.10000038,12.26000023,11.85999966,12.10999966,4244400
2011-09-30,11.97000027,12.07999992,11.56999969,11.71000004,7189300
2011-10-03,11.52999973,11.89000034,11.19999981,11.22000027,6462300
2011-10-04,11.14000034,11.53999996,11.05000019,11.39999962,8162300
2011-10-05,11.53999996,11.80000019,11.14999962,11.61999989,4277300
2011-10-06,11.85999966,12.28999996,11.71000004,11.98999977,3699600
2011-10-07,12.30000019,12.31000042,11.72000027,11.86999989,4464100
2011-10-10,12.05000019,12.64000034,12.03999996,12.51000023,4056000
2011-10-11,12.43999958,12.98999977,12.31000042,12.60000038,4185600
2011-10-13,12.85999966,13.30000019,12.39999962,13.19999981,6237300
2011-10-14,13.28999996,13.63000011,13.15999985,13.53999996,4237000
2011-10-17,13.26000023,13.35999966,12.93000031,13.23999977,3911200
2011-10-18,13.14999962,13.81000042,13.0,13.55000019,3911200
2011-10-19,13.67000008,13.97999954,13.59000015,13.97000027,5163000
2011-10-20,13.81000042,13.82999992,13.34000015,13.46000004,4087200
2011-10-21,13.68999958,14.07999992,13.56000042,13.90999985,4262900
2011-10-24,13.98999977,14.47000027,13.88000011,14.35000038,3305700
2011-10-25,14.35000038,14.35000038,14.35000038,14.35000038,0
2011-10-26,14.35000038,14.35000038,14.35000038,14.35000038,0
2011-10-27,14.35000038,14.35000038,14.35000038,14.35000038,0
2011-10-28,15.35999966,16.07999992,15.35999966,15.77999973,8782700
2011-10-31,15.36999989,15.5,15.01000023,15.01000023,4293000
2011-11-01,14.35000038,14.47000027,14.05000019,14.30000019,6241100
2011-11-03,14.77999973,14.78999996,14.39000034,14.42000008,3632400
2011-11-04,14.21000004,14.69999981,14.19999981,14.55000019,3061900
2011-11-07,14.5,14.90999985,14.5,14.90999985,2429000
2011-11-08,15.0,15.15999985,14.72000027,15.10999966,3450900
2011-11-09,14.89000034,14.93000031,14.14999962,14.14999962,3966500
2011-11-10,14.14999962,14.14999962,14.14999962,14.14999962,0
2011-11-11,14.64999962,15.17000008,14.56000042,14.94999981,3036900
2011-11-14,14.80000019,15.09000015,14.46000004,14.5,3101700
2011-11-16,14.31000042,14.68000031,14.10000038,14.39000034,4138600
2011-11-17,14.31000042,14.36999989,13.55000019,13.64000034,5154900
2011-11-18,13.72999954,13.89000034,13.40999985,13.68000031,4918900
2011-11-21,13.30000019,13.68000031,13.30000019,13.60999966,3853400
2011-11-22,13.69999981,13.94999981,13.38000011,13.64999962,5305100
2011-11-23,13.32999992,13.60000038,13.32999992,13.47999954,5491400
2011-11-24,13.68999958,14.03999996,13.39999962,13.86999989,2964100
2011-11-25,13.64000034,14.26000023,13.60000038,13.89999962,2482500
2011-11-28,14.15999985,14.84000015,14.11999989,14.67000008,5972800
2011-11-29,14.69999981,15.5,14.55000019,15.0,6606800
2011-11-30,15.47000027,15.80000019,15.02000046,15.02999973,7125700
2011-12-01,15.56999969,15.76000023,15.22000027,15.65999985,6303200
2011-12-02,15.73999977,16.05999947,15.64000034,15.98999977,5950500
2011-12-05,16.27000046,16.34000015,15.75,15.94999981,6669800
2011-12-06,15.75,16.27000046,15.52000046,16.21999931,6699500
2011-12-07,16.10000038,16.12999916,15.64000034,15.85000038,3775600
2011-12-08,15.97000027,16.02000046,15.06000042,15.06000042,4267800
2011-12-09,15.25,15.71000004,14.94999981,15.63000011,3039700
2011-12-12,15.63000011,15.63000011,15.63000011,15.63000011,0
2011-12-13,15.47999954,15.89999962,15.36999989,15.38000011,4125500
2011-12-14,15.35000038,15.64000034,15.27000046,15.35999966,5322500
2011-12-15,15.55000019,15.80000019,15.46000004,15.68999958,3360300
2011-12-16,15.77999973,15.94999981,15.56999969,15.78999996,2702500
2011-12-19,15.84000015,16.04000092,15.14999962,15.19999981,4880500
2011-12-20,15.35999966,15.48999977,14.60999966,15.06999969,5798200
2011-12-21,14.82999992,15.07999992,14.55000019,14.71000004,3671400
2011-12-22,14.76000023,15.09000015,14.5,14.92000008,3352900
2011-12-23,14.94999981,15.25,14.77999973,15.17000008,1999400
2011-12-26,15.09000015,15.57999992,15.09000015,15.27999973,1188200
2011-12-27,15.35999966,15.52000046,15.14000034,15.39999962,1796500
2011-12-28,15.42000008,15.42000008,14.84000015,14.85999966,2207500
2011-12-29,15.07999992,15.23999977,14.69999981,14.84000015,3251100
2012-01-02,14.68999958,15.39000034,14.68999958,15.39000034,2518500
2012-01-03,15.39000034,16.20000076,15.31999969,16.14999962,3800900
2012-01-04,16.0,16.20000076,15.72999954,15.98999977,2240100
2012-01-05,15.85000038,16.07999992,15.31000042,15.60000038,3004500
2012-01-06,15.78999996,15.89000034,15.35999966,15.47999954,1668900
2012-01-09,15.69999981,15.96000004,15.65999985,15.72999954,2152500
2012-01-10,15.97999954,15.97999954,15.51000023,15.64000034,4167900
2012-01-11,15.53999996,15.77000046,15.47000027,15.65999985,3129900
2012-01-12,15.77999973,15.96000004,15.60999966,15.94999981,3364100
2012-01-13,15.85000038,15.93999958,15.10999966,15.14999962,3508200
2012-01-16,15.25,15.48999977,15.10999966,15.25,1192200
2012-01-17,15.25,15.25,15.25,15.25,0
2012-01-18,15.10000038,15.14000034,14.85000038,15.06999969,6075700
2012-01-19,15.21000004,15.77000046,15.17000008,15.60999966,4803300
2012-01-20,15.60999966,16.25,15.42000008,16.23999977,3631600
2012-01-23,16.13999939,16.65999985,16.03000069,16.20000076,6501000
2012-01-24,16.12999916,16.22999954,15.89999962,15.89999962,7459800
2012-01-26,16.20000076,16.77000046,16.20000076,16.55999947,7172200
2012-01-27,16.61000061,17.39999962,16.56999969,16.80999947,6525900
2012-01-30,16.51000023,16.79000092,16.05999947,16.69000053,3231100
2012-01-31,16.87000084,16.96999931,16.05999947,16.18000031,6254600
2012-02-01,16.31999969,17.11000061,16.20999908,16.98999977,4372600
2012-02-02,16.88999939,17.20000076,16.70000076,17.12999916,3198000
2012-02-03,17.04999924,17.84000015,16.89999962,17.56999969,5054300
2012-02-06,17.64999962,17.78000069,17.30999947,17.65999985,2163900
2012-02-07,17.42000008,17.89999962,17.27000046,17.79999924,3229400
2012-02-08,17.81999969,18.04999924,17.62000084,17.87999916,3644400
2012-02-09,17.72999954,17.92000008,17.05999947,17.26000023,4007100
2012-02-10,16.89999962,17.14999962,16.62999916,16.73999977,2781900
2012-02-13,16.96999931,17.54999924,16.87999916,17.54999924,2458700
2012-02-14,17.5,17.76000023,17.13999939,17.21999931,2820300
2012-02-15,17.60000038,18.20000076,17.60000038,18.09000015,6069600
2012-02-16,17.87999916,18.70000076,17.70999908,18.69000053,4873500
2012-02-17,18.62000084,18.79999924,18.19000053,18.75,3543800
2012-02-23,18.17000008,18.30999947,17.93000031,18.11000061,3642600
2012-02-24,18.18000031,18.43000031,17.87000084,18.0,2951000
2012-02-27,17.98999977,17.98999977,17.30999947,17.42000008,2995600
2012-02-28,17.45999908,17.84000015,17.45000076,17.68000031,4000300
2012-02-29,17.76000023,17.92000008,17.17000008,17.31999969,6272700
2012-03-01,17.48999977,18.20999908,17.40999985,18.20999908,2818900
2012-03-02,18.35000038,19.04999924,18.20000076,18.93000031,3700600
2012-03-05,18.87999916,19.25,18.70999908,19.04000092,4891700
2012-03-06,18.64999962,18.85000038,18.10000038,18.28000069,3545500
2012-03-07,18.45000076,19.12000084,18.45000076,19.12000084,3433800
2012-03-08,19.54000092,19.72999954,19.23999977,19.39999962,4028100
2012-03-09,19.5,19.5,18.5,18.5,3855400
2012-03-12,18.37000084,18.93000031,18.20000076,18.75,6323200
2012-03-13,18.89999962,19.64999962,18.80999947,19.47999954,2792500
2012-03-14,19.25,19.69000053,18.71999931,18.82999992,3286100
2012-03-15,18.60000038,18.60000038,18.12999916,18.25,3058700
2012-03-16,18.5,18.62000084,17.70999908,17.70999908,3848100
2012-03-19,17.85000038,18.18000031,17.63999939,17.68000031,2451100
2012-03-20,17.39999962,18.27000046,17.36000061,18.27000046,3038800
2012-03-21,18.34000015,18.44000053,17.95000076,18.14999962,3981700
2012-03-22,17.98999977,18.32999992,17.29999924,17.51000023,3981700
2012-03-23,17.64999962,17.64999962,17.09000015,17.42000008,6475100
2012-03-26,17.57999992,17.79999924,17.44000053,17.79000092,3175400
2012-03-27,17.79000092,18.20000076,17.10000038,17.10000038,6798400
2012-03-28,17.10000038,17.22999954,16.85000038,16.89999962,4005300
2012-03-29,16.79999924,16.87000084,16.27000046,16.78000069,5095400
2012-03-30,16.88999939,17.12000084,16.14999962,16.14999962,3351000
2012-04-02,16.25,16.26000023,15.64000034,16.14999962,6072300
2012-04-03,16.35000038,16.54000092,16.0,16.20999908,3018600
2012-04-04,16.04999924,17.13999939,15.85999966,16.98999977,5038900
2012-04-05,16.85000038,17.54999924,16.64999962,17.29999924,3302800
2012-04-09,16.81999969,17.0,16.38999939,16.63999939,3136200
2012-04-10,16.70999908,16.70999908,15.80000019,16.14999962,4427400
2012-04-11,16.46999931,16.57999992,15.81000042,15.81000042,2643000
2012-04-12,16.0,16.54999924,15.80000019,16.30999947,3057300
2012-04-13,16.10000038,16.38999939,15.69999981,15.80000019,3718900
2012-04-16,16.03000069,16.44000053,15.69999981,16.29000092,3371300
2012-04-17,16.5,17.35000038,16.5,17.21999931,3323800
2012-04-18,17.11000061,17.77000046,16.84000015,17.5,5470800
2012-04-19,17.31999969,17.93000031,17.25,17.55999947,2928800
2012-04-20,17.72999954,17.75,16.65999985,16.70000076,4523800
2012-04-23,16.39999962,16.45000076,15.97999954,16.05999947,4884200
2012-04-24,16.10000038,16.29999924,15.94999981,16.20000076,3669400
2012-04-25,16.57999992,16.89999962,16.40999985,16.70999908,4807300
2012-04-26,16.70999908,17.21999931,16.51000023,17.10000038,3341100
2012-04-27,17.29999924,17.29999924,15.75,15.75,9616700
2012-04-30,15.52000046,15.60000038,15.18999958,15.39999962,4155800
2012-05-02,15.31000042,15.75,15.10000038,15.68000031,4155800
2012-05-03,15.75,16.32999992,15.63000011,16.10000038,5123800
2012-05-04,16.11000061,16.76000023,15.68000031,15.77999973,7587500
2012-05-07,15.55000019,15.97999954,15.39999962,15.97000027,3214600
2012-05-08,15.60000038,16.07999992,15.46000004,15.89999962,3768100
2012-05-09,15.5,15.67000008,14.98999977,15.10000038,4603100
2012-05-10,15.27999973,15.39999962,14.57999992,14.57999992,10200900
2012-05-11,14.43000031,15.06999969,14.31999969,14.93999958,3972500
2012-05-14,14.68999958,14.68999958,14.23999977,14.31999969,3633300
2012-05-15,14.69999981,14.97000027,14.0,14.19999981,5790800
2012-05-16,14.44999981,14.64999962,14.14000034,14.38000011,4390700
2012-05-17,14.35000038,14.78999996,14.19999981,14.34000015,4101600
2012-05-18,14.30000019,14.60999966,13.98999977,14.18000031,3839200
2012-05-21,14.30000019,14.84000015,13.92000008,14.47999954,3205600
2012-05-22,14.30000019,14.42000008,13.63000011,13.64999962,4964400
2012-05-23,13.60000038,14.02000046,13.34000015,14.02000046,5493200
2012-05-24,14.03999996,14.28999996,13.5,14.14999962,3966300
2012-05-25,14.22999954,14.97999954,14.03999996,14.85000038,5142900
2012-05-28,15.10000038,15.53999996,14.94999981,15.21000004,2469300
2012-05-29,15.21000004,15.30000019,14.56000042,14.65999985,2733400
2012-05-30,14.38000011,14.64999962,13.93000031,14.40999985,3480000
2012-05-31,14.40999985,15.5,14.18000031,15.11999989,5087900
2012-06-01,14.60999966,15.34000015,14.52000046,14.60999966,4239200
2012-06-04,14.61999989,15.28999996,14.61999989,15.03999996,3277700
2012-06-05,15.09000015,15.25,14.14000034,14.23999977,3434500
2012-06-06,14.31000042,15.30000019,14.31000042,15.30000019,3184500
2012-06-08,15.06999969,15.39999962,14.81999969,15.35000038,2193700
2012-06-11,15.46000004,15.85000038,14.89000034,15.02000046,2559100
2012-06-12,15.15999985,15.27999973,14.46000004,14.92000008,3729900
2012-06-13,14.81000042,15.68000031,14.72999954,15.68000031,4739400
2012-06-14,15.52000046,15.73999977,15.01000023,15.22999954,2236200
2012-06-15,15.38000011,15.85000038,15.0,15.76000023,3585300
2012-06-18,15.39999962,15.97000027,15.35000038,15.5,2639900
2012-06-19,15.75,15.88000011,15.40999985,15.64999962,4067700
2012-06-20,15.51000023,15.81000042,15.23999977,15.51000023,2485000
2012-06-21,15.5,15.61999989,14.81000042,14.96000004,1978800
2012-06-22,15.09000015,15.35999966,14.88000011,15.19999981,1880500
2012-06-25,14.93000031,15.18999958,14.5,14.64000034,1641700
2012-06-26,14.69999981,14.81999969,14.31999969,14.40999985,2027300
2012-06-27,14.56999969,14.86999989,14.27999973,14.28999996,2410100
2012-06-28,14.28999996,14.68999958,14.14999962,14.46000004,1875700
2012-06-29,15.01000023,15.30000019,14.73999977,14.80000019,3125700
2012-07-02,14.60000038,15.02999973,14.56999969,14.90999985,1931000
2012-07-03,15.0,15.90999985,14.92000008,15.39999962,4389300
2012-07-04,15.46000004,15.60000038,15.10000038,15.25,2466100
2012-07-05,15.35000038,15.75,14.98999977,15.36999989,2737100
2012-07-06,15.17000008,15.19999981,14.57999992,14.89999962,2975000
2012-07-10,14.93000031,15.05000019,14.02000046,14.27000046,3390800
2012-07-11,14.22000027,14.34000015,13.65999985,13.98999977,4510500
2012-07-12,13.76000023,13.94999981,13.38000011,13.76000023,2855500
2012-07-13,13.80000019,14.13000011,13.63000011,13.92000008,2319400
2012-07-16,13.84000015,14.07999992,13.14999962,13.19999981,3508300
2012-07-17,13.38000011,13.92000008,13.19999981,13.92000008,3100200
2012-07-18,13.89999962,14.43999958,13.63000011,14.39999962,2328500
2012-07-19,14.52999973,14.94999981,14.40999985,14.94999981,3113200
2012-07-20,14.71000004,14.71000004,14.02000046,14.26000023,2818500
2012-07-23,13.57999992,13.77000046,13.15999985,13.31000042,3524200
2012-07-24,13.36999989,13.60999966,13.17000008,13.39999962,3033500
2012-07-25,13.61999989,13.77000046,13.43999958,13.46000004,2085500
2012-07-26,13.60000038,14.31999969,13.60000038,14.14999962,3512400
2012-07-27,14.39000034,15.48999977,14.26000023,15.0,6052800
2012-07-30,14.84000015,15.5,14.84000015,15.5,2755200
2012-07-31,15.60000038,15.93000031,14.80000019,14.80000019,3808000
2012-08-01,14.89999962,15.68999958,14.73999977,15.52999973,3708100
2012-08-02,15.19999981,15.35000038,14.81999969,15.17000008,2590000
2012-08-03,15.92000008,16.27000046,15.72999954,16.14999962,4229600
2012-08-06,16.20000076,17.27000046,16.03000069,17.14999962,6917400
2012-08-07,17.25,17.45999908,16.31999969,16.45000076,7309900
2012-08-08,16.12999916,17.12999916,16.12999916,16.93000031,4857700
2012-08-09,16.79999924,17.21999931,16.45999908,17.21999931,2910900
2012-08-10,16.85000038,17.39999962,16.75,17.32999992,2910900
2012-08-13,17.06999969,17.22999954,16.65999985,17.0,3189200
2012-08-14,17.25,17.25,16.15999985,16.29999924,4104900
2012-08-15,16.38999939,16.75,16.20000076,16.60000038,4885600
2012-08-16,16.79999924,17.27000046,16.54999924,17.0,4167500
2012-08-17,17.03000069,17.23999977,16.55999947,17.20000076,2266500
2012-08-20,17.20000076,17.20999908,16.76000023,17.0,2142300
2012-08-21,17.13999939,17.47999954,16.70000076,16.92000008,4273600
2012-08-22,16.75,17.23999977,16.75,16.88999939,3277700
2012-08-23,16.79999924,16.87000084,16.14999962,16.21999931,4228900
2012-08-24,16.09000015,16.73999977,16.09000015,16.5,3222300
2012-08-27,16.37999916,16.63999939,16.18000031,16.39999962,1643100
2012-08-28,16.53000069,17.14999962,16.45999908,16.98999977,2618400
2012-08-29,17.02000046,17.17000008,16.37999916,16.70000076,3450000
2012-08-30,16.51000023,17.04000092,16.45000076,16.87000084,1897700
2012-08-31,17.0,17.15999985,16.51000023,16.51000023,6506400
2012-09-03,16.59000015,17.12999916,16.56999969,16.79000092,3442600
2012-09-04,16.70000076,16.95999908,16.39999962,16.64999962,2830000
2012-09-05,16.88999939,17.15999985,16.51000023,16.79999924,2580100
2012-09-06,16.88999939,17.14999962,16.79999924,17.07999992,3326400
2012-09-10,17.07999992,17.07999992,17.07999992,17.07999992,3193900
2012-09-11,16.90999985,17.04999924,16.76000023,16.98999977,2858200
2012-09-12,17.12999916,17.13999939,16.75,17.0,2641400
2012-09-13,16.80999947,17.56999969,16.68000031,17.29999924,5026200
2012-09-14,17.45000076,17.78000069,17.02000046,17.17000008,3915800
2012-09-17,17.17000008,17.55999947,16.79999924,17.07999992,1964400
2012-09-18,17.25,17.35000038,16.97999954,17.25,2045900
2012-09-19,17.35000038,17.84000015,17.30999947,17.57999992,3540900
2012-09-20,17.40999985,18.10000038,17.36000061,18.0,8660700
2012-09-21,18.19000053,18.19000053,17.86000061,17.95000076,3511000
2012-09-24,17.79999924,18.19000053,17.72999954,18.10000038,4197600
2012-09-25,18.12000084,18.19000053,17.89999962,18.01000023,3537500
2012-09-26,17.87000084,18.04999924,17.52000046,17.95000076,1910300
2012-09-27,18.0,18.05999947,17.75,18.04000092,2562200
2012-09-28,17.94000053,18.02000046,17.12000084,17.39999962,4178800
2012-10-01,17.47999954,18.05999947,17.25,17.89999962,2067500
2012-10-02,17.82999992,18.10000038,17.79000092,18.0,4932700
2012-10-03,18.0,18.01000023,17.48999977,17.5,2535100
2012-10-04,17.5,17.81999969,17.03000069,17.35000038,2881900
2012-10-05,17.75,18.18000031,17.64999962,18.10000038,3733700
2012-10-08,17.98999977,18.37999916,17.92000008,18.34000015,3211400
2012-10-09,18.35000038,18.35000038,17.79000092,17.93000031,3721700
2012-10-10,17.98999977,18.12000084,17.72999954,18.0,2517900
2012-10-11,18.03000069,18.31999969,17.94000053,18.20000076,2974000
2012-10-15,18.12000084,18.28000069,18.05999947,18.25,3081800
2012-10-16,18.34000015,18.35000038,18.10000038,18.12999916,2843600
2012-10-17,18.12000084,18.36000061,18.06999969,18.29999924,4357000
2012-10-18,18.20000076,18.39999962,17.96999931,18.25,4062700
2012-10-19,18.35000038,18.36000061,18.06999969,18.12999916,2514300
2012-10-22,18.10000038,18.20000076,17.82999992,17.88999939,1941900
2012-10-23,17.84000015,17.84000015,17.42000008,17.57999992,2099800
2012-10-24,17.62000084,17.62000084,17.21999931,17.37000084,1188900
2012-10-25,17.46999931,17.82999992,17.29999924,17.54999924,3410000
2012-10-26,17.39999962,17.46999931,17.10000038,17.20000076,2197300
2012-10-29,17.02000046,17.39999962,16.95000076,17.29999924,825500
2012-10-30,17.31999969,17.43000031,17.09000015,17.29999924,944100
2012-10-31,17.14999962,17.42000008,17.14999962,17.21999931,1526600
2012-11-01,17.25,17.97999954,17.20000076,17.64999962,1445900
2012-11-05,17.54000092,17.89999962,17.39999962,17.75,1791000
2012-11-06,17.88999939,18.28000069,17.62000084,18.22999954,1655800
2012-11-07,18.12999916,18.26000023,17.76000023,18.07999992,1813500
2012-11-08,18.06999969,18.29000092,17.77000046,17.95000076,1422900
2012-11-09,17.79999924,18.29999924,17.51000023,17.89999962,2306200
2012-11-12,17.89999962,18.04000092,17.5,17.51000023,1395700
2012-11-13,17.37999916,17.54000092,17.03000069,17.28000069,3669900
2012-11-14,17.20000076,17.51000023,16.54999924,16.69000053,2874900
2012-11-16,16.54999924,16.84000015,16.29999924,16.35000038,2168900
2012-11-19,16.51000023,17.14999962,16.35000038,16.98999977,2305800
2012-11-21,17.12000084,17.29000092,16.75,17.14999962,2377100
2012-11-22,17.29000092,17.70000076,17.21999931,17.47999954,1826600
2012-11-23,17.62999916,18.17000008,17.5,18.10000038,2601500
2012-11-26,17.95000076,18.04999924,17.60000038,17.75,1739200
2012-11-27,17.70999908,18.03000069,17.06999969,17.37999916,2149500
2012-11-28,17.02000046,17.46999931,16.88999939,17.34000015,2643300
2012-11-29,17.5,17.84000015,17.30999947,17.79999924,1790200
2012-11-30,17.79999924,18.19000053,17.62999916,17.81999969,5387600
2012-12-03,17.73999977,18.54999924,17.73999977,18.30999947,4600600
2012-12-04,18.30999947,19.09000015,18.04999924,18.35000038,7945800
2012-12-05,18.45000076,18.70000076,17.87000084,18.20000076,3973600
2012-12-06,18.39999962,18.79000092,18.0,18.70000076,3578500
2012-12-07,18.67000008,19.0,18.47999954,18.70000076,2609800
2012-12-10,18.62999916,18.95000076,18.56999969,18.79999924,1323800
2012-12-11,18.84000015,18.94000053,17.76000023,17.90999985,6222300
2012-12-12,17.95000076,18.09000015,17.46999931,17.54000092,6334200
2012-12-13,17.63999939,17.64999962,17.18000031,17.29999924,4620000
2012-12-14,17.45000076,17.57999992,17.27000046,17.32999992,3417800
2012-12-17,17.29999924,17.69000053,17.29000092,17.36000061,2784300
2012-12-18,17.63999939,17.84000015,17.37999916,17.65999985,2337600
2012-12-19,17.70000076,18.10000038,17.69000053,17.89999962,3755400
2012-12-20,17.79999924,18.04000092,17.70000076,18.04000092,1901400
2012-12-21,17.75,17.93000031,17.70000076,17.89999962,1453700
2012-12-26,17.75,18.07999992,17.65999985,17.95000076,1006100
2012-12-27,17.95999908,18.27000046,17.80999947,17.94000053,1764800
2012-12-28,17.80999947,18.13999939,17.79999924,17.88999939,2621200
2013-01-02,18.18000031,18.39999962,17.95000076,18.02000046,3933500
2013-01-03,18.11000061,18.28000069,17.96999931,18.11000061,3042000
2013-01-04,17.95999908,18.07999992,17.62999916,17.70000076,4427400
2013-01-07,17.79000092,17.89999962,17.51000023,17.51000023,2085800
2013-01-08,17.55999947,17.79999924,17.37000084,17.54000092,2826200
2013-01-09,17.51000023,18.14999962,17.29999924,18.13999939,4773900
2013-01-10,18.12000084,18.43000031,18.0,18.38999939,4146100
2013-01-11,18.36000061,18.61000061,18.06999969,18.51000023,3783300
2013-01-14,18.57999992,18.62000084,18.29000092,18.54999924,2534900
2013-01-15,18.57999992,18.70000076,18.17000008,18.35000038,2440700
2013-01-16,18.35000038,18.42000008,18.03000069,18.20000076,4737700
2013-01-17,18.04999924,18.29999924,18.04999924,18.12999916,5773400
2013-01-18,18.20000076,18.5,18.09000015,18.44000053,6411400
2013-01-21,18.5,18.59000015,18.37999916,18.5,1533900
2013-01-22,18.28000069,18.5,17.92000008,18.5,3299200
2013-01-23,17.97999954,18.29000092,17.82999992,18.0,2718900
2013-01-24,18.11000061,18.60000038,17.69000053,18.0,8182200
2013-01-28,17.85000038,18.06999969,17.55999947,17.78000069,3404400
2013-01-29,17.60000038,17.93000031,17.40999985,17.89999962,3199800
2013-01-30,17.70000076,17.84000015,17.42000008,17.54999924,4435200
2013-01-31,17.64999962,17.70000076,17.20999908,17.54999924,3992500
2013-02-01,17.64999962,17.86000061,17.45999908,17.57999992,2872400
2013-02-04,17.52000046,17.67000008,17.31999969,17.60000038,3281500
2013-02-05,17.61000061,17.78000069,17.37999916,17.54000092,2346500
2013-02-06,17.62000084,17.71999931,17.39999962,17.68000031,3481400
2013-02-07,17.67000008,17.73999977,17.14999962,17.29999924,3168700
2013-02-08,17.36000061,17.37999916,16.85000038,17.14999962,3670400
2013-02-13,17.20999908,17.48999977,16.96999931,17.14999962,2709900
2013-02-14,17.05999947,17.53000069,17.04000092,17.39999962,1589000
2013-02-15,17.34000015,17.39999962,16.95000076,17.14999962,2424200
2013-02-18,17.14999962,17.20999908,16.70000076,16.79999924,2454600
2013-02-19,16.98999977,17.12999916,16.60000038,16.70000076,2558300
2013-02-20,16.62000084,16.96999931,16.39999962,16.46999931,4080500
2013-02-21,16.40999985,16.65999985,16.27000046,16.5,3732500
2013-02-22,16.56999969,17.14999962,16.36000061,16.87000084,4533200
2013-02-25,17.07999992,17.12999916,16.62999916,16.84000015,3073200
2013-02-26,16.73999977,17.27000046,16.62999916,17.10000038,4595400
2013-02-27,16.98999977,17.48999977,16.90999985,17.31999969,3982700
2013-02-28,17.22999954,17.53000069,17.18000031,17.39999962,3254300
2013-03-01,17.20999908,17.45999908,17.15999985,17.40999985,2772000
2013-03-04,17.22999954,17.60000038,17.15999985,17.51000023,2318200
2013-03-05,17.52000046,17.62000084,17.01000023,17.12000084,2657200
2013-03-06,17.10000038,17.5,16.81999969,17.26000023,2265100
2013-03-07,17.51000023,17.69000053,17.12000084,17.35000038,1856900
2013-03-08,17.12999916,17.51000023,17.04999924,17.28000069,2435400
2013-03-11,17.12999916,17.38999939,17.12999916,17.35000038,1870000
2013-03-12,17.38999939,17.47999954,17.04999924,17.20000076,2372000
2013-03-13,17.12000084,17.32999992,16.85000038,16.95000076,4025200
2013-03-14,17.12000084,17.12000084,16.61000061,16.90999985,2954600
2013-03-15,16.80999947,17.09000015,16.40999985,16.5,3402900
2013-03-18,16.5,16.57999992,16.20000076,16.45000076,3107400
2013-03-19,16.5,16.57999992,16.13999939,16.39999962,3140300
2013-03-20,16.39999962,16.60000038,16.0,16.26000023,3968500
2013-03-21,16.13999939,16.30999947,15.93000031,16.04999924,3513000
2013-03-22,16.57999992,16.87999916,16.40999985,16.64999962,7537000
2013-03-25,16.86000061,16.86000061,16.47999954,16.64999962,3911500
2013-03-26,16.61000061,16.77000046,16.36000061,16.60000038,2638900
2013-03-27,16.60000038,16.78000069,16.42000008,16.54999924,3235000
2013-03-28,16.54999924,16.54999924,16.54999924,16.54999924,3817800
2013-04-01,17.20000076,17.56999969,17.03000069,17.38999939,2336000
2013-04-02,17.20000076,17.56999969,16.90999985,17.12000084,3604900
2013-04-03,17.19000053,17.65999985,16.82999992,17.46999931,6112200
2013-04-04,17.54999924,17.62999916,17.34000015,17.60000038,2931000
2013-04-05,17.5,18.19000053,17.42000008,18.12999916,3964500
2013-04-08,18.0,18.45000076,17.88999939,18.35000038,2359400
2013-04-09,18.39999962,18.60000038,18.0,18.14999962,2843500
2013-04-10,18.10000038,18.39999962,18.05999947,18.12000084,2863800
2013-04-11,18.30999947,18.30999947,18.0,18.18000031,2557600
2013-04-12,18.0,18.21999931,17.95000076,18.14999962,6372700
2013-04-15,18.02000046,18.05999947,17.64999962,17.64999962,3631800
2013-04-16,17.73999977,17.98999977,17.53000069,17.68000031,2538200
2013-04-17,17.52000046,17.61000061,17.26000023,17.37000084,4331600
2013-04-18,17.35000038,17.51000023,17.14999962,17.34000015,3053600
2013-04-19,17.46999931,17.87000084,17.37999916,17.71999931,3572600
2013-04-22,17.85000038,17.89999962,17.45000076,17.75,2233100
2013-04-23,17.77000046,18.0,17.46999931,17.79999924,2936600
2013-04-24,17.71999931,17.97999954,17.71999931,17.81999969,2503100
2013-04-25,17.79000092,17.93000031,17.37999916,17.70000076,1811400
2013-04-26,17.70000076,17.70000076,17.70000076,17.70000076,0
2013-04-29,17.60000038,18.06999969,17.52000046,17.75,2217000
2013-04-30,17.71999931,18.29999924,17.67000008,18.18000031,3453200
2013-05-02,17.79000092,18.20000076,17.14999962,17.37999916,2736300
2013-05-03,17.62000084,17.88999939,17.35000038,17.60000038,4832500
2013-05-06,17.47999954,17.51000023,17.05999947,17.06999969,3679300
2013-05-07,17.0,17.40999985,17.0,17.22999954,2489600
2013-05-08,17.28000069,17.39999962,17.18000031,17.29999924,2844800
2013-05-09,17.25,17.79999924,17.14999962,17.36000061,1905000
2013-05-10,17.20999908,17.45000076,17.20999908,17.37999916,2081300
2013-05-13,17.25,17.56999969,17.21999931,17.29999924,2030900
2013-05-14,17.55999947,18.31999969,17.39999962,18.06999969,6370600
2013-05-15,18.03000069,18.38999939,17.87999916,17.90999985,3217800
2013-05-16,17.90999985,18.05999947,17.70999908,17.97999954,1946300
2013-05-17,18.10000038,18.34000015,17.95000076,18.21999931,1993300
2013-05-20,18.10000038,18.5,17.95000076,18.37000084,2704600
2013-05-21,18.45000076,18.93000031,18.35000038,18.84000015,6038500
2013-05-22,18.85000038,18.96999931,18.75,18.79000092,2662900
2013-05-23,18.62999916,18.95999908,18.55999947,18.79999924,2648800
2013-05-24,18.62999916,18.95000076,18.62999916,18.79999924,2782800
2013-05-27,18.87999916,18.93000031,18.67000008,18.67000008,1028500
2013-05-28,18.81999969,18.93000031,18.14999962,18.44000053,3414400
2013-05-29,18.32999992,18.44000053,18.10000038,18.14999962,2295600
2013-05-31,18.01000023,18.12999916,16.97999954,17.0,7180800
2013-06-03,17.19000053,17.28000069,16.84000015,17.10000038,3549400
2013-06-04,17.01000023,17.37000084,17.01000023,17.11000061,3217700
2013-06-05,17.0,17.37999916,17.0,17.20000076,2647100
2013-06-06,17.15999985,17.20999908,16.79999924,16.95000076,2238800
2013-06-07,16.70999908,17.28000069,16.39999962,16.45000076,3683800
2013-06-10,16.43000031,16.47999954,16.10000038,16.14999962,3806500
2013-06-11,16.04999924,16.04999924,15.69999981,15.90999985,4082200
2013-06-12,16.04000092,16.31999969,15.68000031,15.89999962,5259600
2013-06-13,16.0,16.63999939,15.97000027,16.45999908,2850800
2013-06-14,16.31999969,16.65999985,16.25,16.38999939,3667300
2013-06-17,16.39999962,16.68000031,16.25,16.29999924,3888900
2013-06-18,16.09000015,16.36000061,15.81999969,16.12999916,3228300
2013-06-19,16.29999924,16.31999969,15.56000042,15.65999985,3306900
2013-06-20,15.63000011,16.03000069,15.02999973,15.94999981,4557100
2013-06-21,15.61999989,16.04999924,15.14999962,15.30000019,2863400
2013-06-24,14.85000038,15.22000027,14.57999992,15.02999973,6289900
2013-06-25,15.05000019,15.43999958,15.05000019,15.21000004,4272900
2013-06-26,15.34000015,15.71000004,15.26000023,15.60000038,4119500
2013-06-27,15.53999996,16.02000046,15.35000038,15.53999996,3459100
2013-06-28,15.43999958,15.59000015,15.19999981,15.39999962,4603400
2013-07-01,15.43999958,15.98999977,15.19999981,15.98999977,4837500
2013-07-02,15.81999969,16.20999908,15.35000038,15.47000027,9115500
2013-07-03,15.34000015,15.68999958,15.11999989,15.30000019,3712900
2013-07-04,15.42000008,15.68999958,15.31000042,15.59000015,2977300
2013-07-05,15.51000023,15.59000015,14.97000027,15.22000027,3618800
2013-07-08,15.30000019,15.69999981,15.09000015,15.31999969,2325600
2013-07-10,15.30000019,15.48999977,15.14999962,15.36999989,1648800
2013-07-11,15.59000015,16.0,15.47000027,15.94999981,1931700
2013-07-12,15.85000038,16.12000084,15.35000038,15.43999958,2913500
2013-07-15,15.69999981,16.17000008,15.35999966,16.04999924,2332200
2013-07-16,16.39999962,16.79999924,16.27000046,16.5,4190000
2013-07-17,16.5,16.78000069,16.32999992,16.62999916,3082800
2013-07-18,16.51000023,16.98999977,16.40999985,16.78000069,2533100
2013-07-19,16.54000092,16.84000015,16.54000092,16.80999947,1238100
2013-07-22,16.80999947,17.12999916,16.71999931,16.87999916,2569300
2013-07-23,16.95000076,17.17000008,16.79999924,16.95000076,1766500
2013-07-24,16.77000046,16.93000031,16.51000023,16.54000092,2429600
2013-07-25,16.53000069,16.89999962,16.43000031,16.85000038,2359400
2013-07-26,16.85000038,16.85000038,16.85000038,16.85000038,0
2013-07-29,16.63999939,16.87999916,16.5,16.76000023,1115200
2013-07-30,16.98999977,16.98999977,16.43000031,16.45999908,2684600
2013-07-31,16.36000061,16.54000092,16.11000061,16.29000092,2569500
2013-08-01,16.62999916,16.89999962,16.32999992,16.64999962,2363000
2013-08-02,16.62000084,16.77000046,16.20999908,16.36000061,1748000
2013-08-05,16.31999969,16.55999947,16.13999939,16.39999962,2178700
2013-08-06,16.37000084,16.45000076,15.85000038,16.02000046,3440600
2013-08-07,15.89000034,16.02000046,15.72999954,15.80000019,2483300
2013-08-08,15.85000038,16.92000008,15.81999969,16.82999992,3364300
2013-08-09,16.95999908,17.32999992,16.57999992,16.88999939,3506000
2013-08-12,17.03000069,17.29999924,16.87000084,16.87000084,3302200
2013-08-13,17.10000038,17.12999916,16.72999954,17.0,2374800
2013-08-14,17.03000069,17.05999947,16.51000023,16.80999947,5269100
2013-08-15,16.42000008,16.60000038,16.10000038,16.22999954,4489800
2013-08-16,16.26000023,16.45999908,15.92000008,16.05999947,3186900
2013-08-19,15.93000031,16.21999931,15.60999966,15.69999981,4244400
2013-08-20,15.69999981,15.85999966,15.39999962,15.44999981,2125700
2013-08-21,15.43999958,15.80000019,15.34000015,15.60000038,2351000
2013-08-22,15.68000031,15.72999954,15.32999992,15.56999969,2099600
2013-08-23,15.56999969,16.15999985,15.23999977,16.04999924,2623800
2013-08-26,15.92000008,16.44000053,15.85000038,16.04999924,2341500
2013-08-27,15.80000019,16.0,15.32999992,15.64000034,2667500
2013-08-28,15.77000046,15.77000046,15.32999992,15.61999989,2234800
2013-08-29,15.71000004,15.98999977,15.56999969,15.75,1526400
2013-08-30,15.71000004,15.98999977,15.42000008,15.89000034,4730800
2013-09-02,15.90999985,16.10000038,15.77999973,16.05999947,2297800
2013-09-03,15.93000031,16.04999924,15.59000015,15.85000038,2681200
2013-09-04,15.81000042,15.97000027,15.71000004,15.80000019,2299700
2013-09-05,15.88000011,16.30999947,15.72000027,16.04000092,3054600
2013-09-06,16.28000069,16.69000053,16.06999969,16.59000015,4289600
2013-09-09,16.63999939,17.04999924,16.60000038,17.0,3593700
2013-09-10,17.20000076,17.25,16.62000084,16.90999985,3022900
2013-09-11,16.86000061,17.0,16.62000084,16.77000046,2123100
2013-09-12,16.82999992,16.88999939,16.44000053,16.70000076,1542700
2013-09-13,16.70000076,17.07999992,16.53000069,16.89999962,1675600
2013-09-16,16.94000053,17.12000084,16.57999992,16.84000015,2021400
2013-09-17,16.85000038,17.11000061,16.70000076,17.04999924,2329000
2013-09-18,17.0,17.67000008,16.77000046,17.59000015,5611700
2013-09-19,17.53000069,17.67000008,17.14999962,17.29999924,3768100
2013-09-20,17.40999985,17.45999908,16.80999947,17.03000069,2819000
2013-09-23,17.40999985,17.45999908,16.63999939,16.93000031,3393400
2013-09-24,17.40999985,17.45999908,16.63999939,17.05999947,1474200
2013-09-25,16.98999977,17.19000053,16.75,16.95000076,1719400
2013-09-26,16.87999916,17.13999939,16.68000031,16.79000092,1715800
2013-09-27,16.78000069,17.0,16.63999939,16.87999916,939400
2013-09-30,16.78000069,17.0,16.21999931,16.75,4771900
2013-10-01,16.96999931,17.12000084,16.77000046,16.97999954,3041600
2013-10-02,16.82999992,17.01000023,16.70999908,16.82999992,2131500
2013-10-03,16.82999992,16.95000076,16.5,16.54999924,1775700
2013-10-04,16.68000031,16.68000031,16.30999947,16.39999962,1720100
2013-10-07,16.34000015,16.72999954,16.25,16.61000061,3616300
2013-10-08,16.55999947,16.72999954,16.55999947,16.61000061,1232600
2013-10-09,16.61000061,17.06999969,16.55999947,17.0,2348700
2013-10-10,16.96999931,17.18000031,16.81999969,17.18000031,1905100
2013-10-11,17.01000023,17.36000061,16.88999939,17.15999985,2999500
2013-10-14,17.12999916,17.20000076,16.82999992,16.98999977,2392900
2013-10-15,16.97999954,17.04999924,16.55999947,16.81999969,3709600
2013-10-16,16.70999908,17.28000069,16.70999908,17.05999947,3868200
2013-10-17,16.94000053,17.22999954,16.82999992,17.12999916,2604400
2013-10-18,17.23999977,17.25,16.81999969,16.95000076,2648100
2013-10-21,17.04999924,17.29000092,16.88999939,17.10000038,1603100
2013-10-22,17.20999908,17.43000031,17.07999992,17.20000076,1764300
2013-10-23,17.17000008,17.17000008,16.76000023,16.94000053,1394000
2013-10-24,16.95999908,16.98999977,16.51000023,16.72999954,1908200
2013-10-25,16.77000046,16.86000061,16.57999992,16.72999954,2323000
2013-10-28,16.76000023,16.96999931,16.70999908,16.75,2144400
2013-10-29,16.73999977,16.92000008,16.61000061,16.79999924,1497000
2013-10-30,16.79000092,16.88999939,16.55999947,16.73999977,2318000
2013-10-31,16.82999992,16.84000015,16.51000023,16.75,2708500
2013-11-01,16.85000038,16.85000038,16.37999916,16.53000069,2984600
2013-11-04,16.47999954,16.60000038,16.37999916,16.56999969,2646700
2013-11-05,16.57999992,16.57999992,16.22999954,16.30999947,2781000
2013-11-06,16.20999908,16.25,15.77999973,15.90999985,5564700
2013-11-07,16.03000069,16.03000069,15.43999958,15.60000038,10590700
2013-11-08,15.56000042,15.68000031,15.10000038,15.56000042,5992200
2013-11-11,15.56000042,15.92000008,15.39999962,15.73999977,2211000
2013-11-12,15.85000038,15.97000027,15.31999969,15.57999992,3953300
2013-11-13,15.52000046,16.04999924,15.39999962,15.93000031,3884500
2013-11-14,15.78999996,16.13999939,15.60000038,15.94999981,7764900
2013-11-18,15.96000004,16.37000084,15.84000015,15.94999981,3591600
2013-11-19,15.90999985,15.90999985,15.44999981,15.64999962,2957700
2013-11-21,15.39999962,15.77000046,15.35000038,15.64999962,2468200
2013-11-22,15.56999969,16.0,15.53999996,15.78999996,1546500
2013-11-25,15.89000034,15.89000034,15.39999962,15.5,2311300
2013-11-26,15.40999985,15.67000008,15.38000011,15.64999962,2759700
2013-11-27,15.72999954,15.72999954,15.23999977,15.46000004,2456800
2013-11-28,15.68000031,15.85000038,15.56000042,15.64999962,2777300
2013-11-29,15.75,15.82999992,15.59000015,15.80000019,1656300
2013-12-02,15.67000008,15.78999996,15.13000011,15.39999962,3101900
2013-12-03,15.28999996,15.39000034,14.90999985,15.09000015,4515900
2013-12-04,15.17000008,15.23999977,14.89999962,15.17000008,2511400
2013-12-05,15.17000008,15.35999966,14.89999962,15.27000046,4179000
2013-12-06,15.35000038,15.35000038,14.90999985,15.0,2845100
2013-12-09,14.98999977,15.27999973,14.89999962,15.22999954,2272500
2013-12-10,15.11999989,15.31000042,14.81000042,14.93000031,3476600
2013-12-11,15.0,15.06999969,14.77999973,14.82999992,2417700
2013-12-12,14.94999981,14.94999981,14.5,14.55000019,3258900
2013-12-13,14.57999992,14.72999954,14.31000042,14.47000027,3369400
2013-12-16,14.53999996,14.85999966,14.5,14.71000004,3032300
2013-12-17,14.78999996,14.78999996,14.52999973,14.56000042,2083600
2013-12-18,14.64000034,14.88000011,14.47999954,14.5,3873200
2013-12-19,14.56000042,14.68000031,14.44999981,14.60000038,2839100
2013-12-20,14.53999996,14.81000042,14.25,14.35999966,2956900
2013-12-23,14.43999958,14.5,14.26000023,14.31999969,1971600
2013-12-26,14.34000015,14.43999958,14.26000023,14.35000038,1692900
2013-12-27,14.35000038,14.59000015,14.25,14.39999962,2880500
2013-12-30,14.43999958,14.56000042,14.35000038,14.39999962,3765000
2014-01-02,14.47999954,14.47999954,13.94999981,14.03999996,6452500
2014-01-03,14.03999996,14.55000019,13.93999958,14.55000019,7301800
2014-01-06,14.39999962,14.72000027,14.32999992,14.43999958,2675200
2014-01-07,14.39000034,14.71000004,14.27000046,14.32999992,2993500
2014-01-08,14.36999989,14.43999958,14.14999962,14.27000046,2384500
2014-01-09,14.18000031,14.30000019,13.90999985,14.03999996,5429400
2014-01-10,14.01000023,14.56000042,14.01000023,14.44999981,4874600
2014-01-13,14.32999992,14.55000019,14.32999992,14.47000027,1964500
2014-01-14,14.60000038,15.14999962,14.60000038,15.02000046,6122300
2014-01-15,15.14999962,15.14999962,14.86999989,15.03999996,4594900
2014-01-16,15.0,15.22999954,14.89000034,15.02999973,3360300
2014-01-17,15.0,15.06000042,14.75,14.77999973,2531100
2014-01-20,14.72000027,14.96000004,14.72000027,14.80000019,1115800
2014-01-21,14.55000019,14.55000019,14.52999973,14.55000019,6863500
2014-01-22,14.67000008,15.38000011,14.64999962,15.30000019,7177100
2014-01-23,15.30000019,15.56999969,14.96000004,14.98999977,10790500
2014-01-24,14.90999985,15.0,14.56000042,14.68000031,4790600
2014-01-27,14.64999962,14.93999958,14.63000011,14.85000038,1866300
2014-01-28,15.0,15.06999969,14.77999973,14.80000019,1551700
2014-01-29,14.80000019,14.90999985,14.53999996,14.61999989,2954900
2014-01-30,14.53999996,14.89000034,14.51000023,14.60000038,2578900
2014-01-31,14.51000023,14.55000019,14.27999973,14.27999973,1823700
2014-02-03,14.26000023,14.34000015,13.68000031,13.76000023,4011100
2014-02-04,13.71000004,13.90999985,13.69999981,13.85000038,2516300
2014-02-05,13.76000023,14.01000023,13.71000004,13.97999954,4619000
2014-02-06,14.10000038,14.69999981,13.93000031,14.39999962,6460600
2014-02-07,14.53999996,14.73999977,14.10000038,14.26000023,5960700
2014-02-10,14.10000038,14.27000046,13.82999992,13.98999977,2009500
2014-02-11,14.10000038,14.55000019,13.97000027,14.26000023,3550400
2014-02-12,14.39000034,14.39000034,14.01000023,14.09000015,2145700
2014-02-13,14.01000023,14.01000023,13.55000019,13.64999962,3339400
2014-02-14,13.75,14.06000042,13.57999992,14.01000023,2302900
2014-02-17,14.14000034,14.14000034,13.77999973,13.80000019,1260700
2014-02-18,13.89999962,13.89999962,13.23999977,13.23999977,4246000
2014-02-19,13.21000004,13.61999989,13.06000042,13.48999977,2553700
2014-02-20,13.31999969,13.65999985,13.25,13.43999958,1273900
2014-02-21,13.52999973,13.93999958,13.39999962,13.89000034,2808800
2014-02-24,13.97000027,13.97000027,13.43999958,13.85000038,3772400
2014-02-25,13.77000046,13.93999958,13.25,13.48999977,4400900
2014-02-26,13.52000046,13.61999989,13.22999954,13.25,8117200
2014-02-27,13.30000019,13.75,13.30000019,13.55000019,3135600
2014-02-28,13.64999962,13.64999962,13.05000019,13.06000042,7700600
2014-03-05,13.09000015,13.18000031,12.77999973,12.85000038,2696000
2014-03-06,12.89000034,13.32999992,12.89000034,13.03999996,2830200
2014-03-07,13.0,13.23999977,12.80000019,12.80000019,3082200
2014-03-10,12.73999977,12.90999985,12.39999962,12.48999977,3625100
2014-03-11,12.67000008,12.68999958,12.35999966,12.60999966,2822100
2014-03-12,12.47999954,12.72999954,12.39999962,12.69999981,1985300
2014-03-13,12.78999996,12.82999992,12.42000008,12.53999996,3419800
2014-03-14,12.63000011,12.63000011,12.19999981,12.26000023,2434500
2014-03-17,12.35000038,12.43000031,12.17000008,12.26000023,1814500
2014-03-18,12.19999981,12.60000038,12.11999989,12.48999977,3001700
2014-03-19,12.36999989,12.60999966,12.25,12.39000034,2867800
2014-03-20,12.32999992,12.85999966,12.17000008,12.60999966,2840300
2014-03-21,12.48999977,12.64999962,12.31999969,12.44999981,2848600
2014-03-24,12.5,12.77000046,12.32999992,12.68999958,2004800
2014-03-25,12.82999992,12.88000011,12.51000023,12.77999973,1346700
2014-03-26,12.90999985,12.93999958,12.72000027,12.80000019,2812600
2014-03-27,13.0,13.5,12.82999992,13.25,5246100
2014-03-28,13.30000019,13.56999969,13.14999962,13.43999958,4401300
2014-03-31,13.59000015,13.81000042,13.43000031,13.65999985,3205800
2014-04-01,13.80000019,13.80000019,13.40999985,13.59000015,3737400
2014-04-02,13.59000015,14.02000046,13.47999954,14.01000023,6827300
2014-04-03,13.72000027,13.86999989,13.17000008,13.31999969,5940800
2014-04-04,13.52000046,13.64000034,13.18000031,13.18000031,4273900
2014-04-07,13.39999962,13.47000027,13.05000019,13.14999962,2651200
2014-04-08,13.47999954,13.86999989,13.43999958,13.59000015,4517000
2014-04-09,13.72999954,13.75,13.31999969,13.40999985,5628900
2014-04-10,13.39999962,13.52999973,13.32999992,13.43999958,3814800
2014-04-11,13.36999989,13.85999966,13.27999973,13.72999954,2771700
2014-04-14,13.78999996,13.88000011,13.47000027,13.61999989,2999800
2014-04-15,13.5,13.65999985,13.31999969,13.39000034,3651300
2014-04-16,13.42000008,13.48999977,13.18000031,13.36999989,4360200
2014-04-17,13.43999958,13.52000046,13.23999977,13.5,2649200
2014-04-22,13.67000008,13.89999962,13.5,13.72000027,3472100
2014-04-23,13.61999989,13.76000023,13.47000027,13.51000023,3023000
2014-04-24,13.52999973,13.80000019,13.46000004,13.80000019,9402900
2014-04-25,13.65999985,13.88000011,13.42000008,13.43999958,5492400
2014-04-28,13.43000031,13.52000046,13.27000046,13.27000046,2343200
2014-04-29,13.05000019,13.52000046,13.05000019,13.28999996,6921100
2014-04-30,13.27999973,13.56999969,13.23999977,13.53999996,11774100
2014-05-02,13.64999962,13.75,13.48999977,13.72999954,7990000
2014-05-05,13.78999996,13.90999985,13.47000027,13.65999985,2639400
2014-05-06,13.59000015,13.59000015,13.30000019,13.39999962,4664100
2014-05-07,13.44999981,13.64999962,13.35999966,13.56000042,2944200
2014-05-08,13.55000019,13.72000027,13.47000027,13.47999954,1455600
2014-05-09,13.69999981,13.69999981,13.42000008,13.46000004,2752900
2014-05-12,13.5,13.60999966,13.31999969,13.48999977,3615600
2014-05-13,13.56000042,13.61999989,13.35000038,13.39999962,3705100
2014-05-14,13.47999954,13.60000038,13.35000038,13.5,1834100
2014-05-15,13.5,13.61999989,13.38000011,13.55000019,2370000
2014-05-16,13.55000019,13.61999989,13.5,13.53999996,1335200
2014-05-19,13.56000042,13.57999992,13.43999958,13.53999996,1322200
2014-05-20,13.59000015,13.60000038,13.42000008,13.48999977,2132600
2014-05-21,13.47999954,13.64000034,13.39999962,13.51000023,1397600
2014-05-22,13.52000046,13.59000015,13.02000046,13.55000019,3157400
2014-05-23,13.55000019,13.76000023,13.5,13.73999977,2238700
2014-05-26,13.76000023,13.85000038,13.64999962,13.68000031,912800
2014-05-27,13.67000008,13.71000004,13.43000031,13.47000027,3338800
2014-05-28,13.52999973,13.64999962,13.47999954,13.52000046,1682200
2014-05-29,13.51000023,13.60000038,13.39999962,13.51000023,2204300
2014-05-30,13.47999954,13.51000023,13.05000019,13.38000011,7364000
2014-06-02,13.21000004,13.46000004,13.18000031,13.25,1341700
2014-06-03,13.23999977,13.43000031,13.18999958,13.40999985,3139100
2014-06-04,13.32999992,13.39000034,13.14999962,13.21000004,1790700
2014-06-05,13.25,13.32999992,12.97000027,13.02999973,2189300
2014-06-06,13.31000042,13.43000031,13.05000019,13.07999992,4226800
2014-06-09,13.05000019,13.59000015,13.05000019,13.5,1676800
2014-06-10,13.56000042,13.80000019,13.51000023,13.56000042,9889300
2014-06-11,13.73999977,13.78999996,13.52000046,13.64999962,1414200
2014-06-13,13.64999962,13.89999962,13.64000034,13.65999985,1636600
2014-06-16,13.68000031,13.78999996,13.60000038,13.61999989,1382500
2014-06-17,13.64999962,13.68999958,13.38000011,13.5,707600
2014-06-18,13.57999992,13.64999962,13.47999954,13.64000034,2150700
2014-06-20,13.53999996,13.75,13.53999996,13.73999977,2443800
2014-06-23,13.72999954,13.72999954,13.55000019,13.64999962,749100
2014-06-24,13.64999962,13.89999962,13.63000011,13.64999962,1008600
2014-06-25,13.56000042,13.85999966,13.55000019,13.69999981,2926600
2014-06-26,13.78999996,13.85999966,13.60000038,13.69999981,6859500
2014-06-27,13.64000034,13.77000046,13.57999992,13.75,3969600
2014-06-30,13.81999969,13.93999958,13.73999977,13.81999969,4234700
2014-07-01,13.84000015,13.97000027,13.81000042,13.86999989,2475800
2014-07-02,13.86999989,13.89999962,13.63000011,13.64999962,2609100
2014-07-03,13.61999989,13.80000019,13.61999989,13.80000019,973100
2014-07-04,13.80000019,13.85000038,13.72000027,13.75,286500
2014-07-07,13.69999981,13.84000015,13.69999981,13.77999973,715200
2014-07-08,13.69999981,13.77000046,13.57999992,13.69999981,969300
2014-07-10,13.72999954,14.10000038,13.72999954,13.96000004,2506200
2014-07-11,13.88000011,14.14000034,13.85000038,14.01000023,2314200
2014-07-14,14.10000038,14.23999977,14.02999973,14.07999992,2502100
2014-07-15,13.97999954,14.22999954,13.80000019,13.85000038,1987000
2014-07-16,13.90999985,13.98999977,13.68999958,13.72999954,1043900
2014-07-17,13.69999981,13.90999985,13.52000046,13.69999981,2510100
2014-07-18,13.85999966,14.06000042,13.77999973,13.85000038,4467800
2014-07-21,13.93000031,13.96000004,13.75,13.84000015,3571800
2014-07-22,13.84000015,13.97000027,13.60000038,13.84000015,1497100
2014-07-23,13.84000015,13.89999962,13.60000038,13.67000008,3321700
2014-07-24,13.69999981,13.80000019,13.59000015,13.59000015,1671100
2014-07-25,13.60000038,13.63000011,13.40999985,13.48999977,2787500
2014-07-28,13.52000046,13.60000038,13.32999992,13.43000031,3266700
2014-07-29,13.40999985,13.47999954,12.77000046,12.77999973,3125500
2014-07-30,12.85999966,13.01000023,12.73999977,12.86999989,2417500
2014-07-31,12.77999973,12.84000015,12.52000046,12.56999969,2483800
2014-08-01,12.55000019,12.76000023,12.42000008,12.60999966,1929300
2014-08-04,12.60000038,12.81999969,12.52000046,12.72999954,1320900
2014-08-05,12.72999954,12.96000004,12.55000019,12.85000038,1677800
2014-08-06,12.85000038,13.02999973,12.76000023,12.78999996,1058000
2014-08-07,12.86999989,12.90999985,12.60000038,12.60000038,1393600
2014-08-08,12.57999992,12.73999977,12.53999996,12.60000038,2815800
2014-08-11,12.60000038,12.81999969,12.56000042,12.60000038,1507300
2014-08-12,12.59000015,12.77000046,12.56000042,12.59000015,1419700
2014-08-13,12.68000031,12.68000031,12.43000031,12.43000031,2572200
2014-08-14,12.42000008,12.69999981,12.42000008,12.55000019,1888600
2014-08-15,12.64000034,13.14000034,12.63000011,13.06999969,2246100
2014-08-18,13.13000011,13.18999958,12.94999981,12.96000004,1316200
2014-08-19,12.96000004,13.47999954,12.89000034,13.39999962,1660000
2014-08-20,13.43000031,13.72999954,13.31000042,13.59000015,3984400
2014-08-21,13.60000038,13.63000011,13.38000011,13.39999962,1632200
2014-08-22,13.34000015,13.56999969,13.19999981,13.23999977,1069100
2014-08-25,13.35000038,13.72999954,13.35000038,13.56999969,3223900
2014-08-26,13.61999989,13.67000008,13.53999996,13.55000019,3095100
2014-08-27,13.55000019,13.89000034,13.55000019,13.85000038,7016700
2014-08-28,13.81999969,13.93000031,13.73999977,13.89999962,3857700
2014-08-29,13.97000027,14.18999958,13.84000015,14.18999958,4838100
2014-09-01,14.18999958,14.27999973,13.69999981,14.0,1901700
2014-09-02,14.0,14.31000042,13.90999985,14.17000008,2403500
2014-09-03,14.27000046,14.31999969,14.18999958,14.31000042,2560600
2014-09-04,14.21000004,14.31999969,14.07999992,14.19999981,1581400
2014-09-05,14.22000027,14.27000046,14.02999973,14.02999973,920800
2014-09-08,14.13000011,14.22000027,13.60000038,13.72000027,2427400
2014-09-09,13.61999989,13.72000027,13.21000004,13.31000042,2357400
2014-09-10,13.27999973,13.56999969,13.02000046,13.18999958,1590800
2014-09-11,13.27000046,13.59000015,13.22000027,13.46000004,1672100
2014-09-12,13.28999996,13.38000011,13.0,13.06999969,2547000
2014-09-15,13.10000038,13.68000031,13.01000023,13.25,1861300
2014-09-16,13.32999992,13.72999954,13.23999977,13.43999958,1884500
2014-09-17,13.48999977,13.69999981,13.35000038,13.52999973,1378000
2014-09-18,13.48999977,13.68000031,13.32999992,13.35000038,1226200
2014-09-19,13.40999985,13.48999977,13.06999969,13.18000031,1677000
2014-09-22,13.01000023,13.13000011,12.64000034,12.68000031,2233500
2014-09-23,12.61999989,12.82999992,12.52000046,12.65999985,1930100
2014-09-24,12.52999973,12.88000011,12.48999977,12.80000019,887700
2014-09-25,12.73999977,12.84000015,12.44999981,12.61999989,1935200
2014-09-26,12.64999962,13.05000019,12.59000015,13.0,1175800
2014-09-29,12.64999962,12.64999962,12.25,12.44999981,5842200
2014-09-30,12.31000042,12.43999958,12.06999969,12.35000038,2905800
2014-10-01,12.18000031,12.39000034,11.97000027,12.09000015,4202200
2014-10-02,12.03999996,12.26000023,12.02000046,12.10999966,2792300
2014-10-03,12.18999958,12.92000008,12.14999962,12.53999996,2678600
2014-10-06,13.5,13.51000023,13.02999973,13.18000031,2883600
2014-10-07,13.44999981,13.55000019,13.22000027,13.35000038,2152100
2014-10-08,13.55000019,13.61999989,13.11999989,13.35000038,1809600
2014-10-09,13.61999989,13.68000031,13.22000027,13.5,1874200
2014-10-10,13.18999958,13.18999958,13.18999958,13.18999958,1452700
2014-10-13,13.47000027,13.64000034,13.10999966,13.32999992,2228100
2014-10-14,13.0,13.39000034,12.89999962,13.14999962,962800
2014-10-15,13.0,13.06000042,12.46000004,12.55000019,2405000
2014-10-16,12.30000019,12.56000042,12.01000023,12.14999962,3406500
2014-10-17,12.14999962,12.65999985,12.14999962,12.44999981,2821600
2014-10-20,12.39999962,12.39999962,12.39999962,12.39999962,1934900
2014-10-21,12.01000023,12.01000023,12.01000023,12.01000023,2359700
2014-10-22,11.98999977,12.35000038,11.85000038,11.86999989,1548900
2014-10-23,11.80000019,12.09000015,11.43999958,11.43999958,6396500
2014-10-24,11.48999977,12.39999962,11.38000011,11.86999989,5571200
2014-10-27,11.27000046,11.84000015,11.06000042,11.44999981,4486600
2014-10-28,11.59000015,11.98999977,11.52000046,11.89999962,1851100
2014-10-29,11.84000015,12.35000038,11.75,11.94999981,2335600
2014-10-30,11.93999958,12.06999969,11.77000046,12.02000046,2154000
2014-10-31,12.01000023,12.51000023,11.89000034,12.31999969,2209300
2014-11-03,12.30000019,12.34000015,11.94999981,11.96000004,1820100
2014-11-04,11.96000004,12.27000046,11.77999973,11.97000027,1507700
2014-11-05,11.89000034,12.09000015,11.77000046,11.85999966,1242700
2014-11-06,11.77999973,11.81999969,11.30000019,11.43000031,2740400
2014-11-07,11.43000031,11.57999992,11.14999962,11.14999962,3049900
2014-11-10,11.19999981,11.48999977,11.0,11.06000042,2062500
2014-11-11,11.05000019,11.32999992,11.01000023,11.31000042,1409100
2014-11-12,11.31000042,11.68999958,11.26000023,11.60000038,1838400
2014-11-13,11.55000019,11.82999992,11.27999973,11.30000019,2199700
2014-11-14,11.35000038,11.57999992,11.21000004,11.44999981,2961400
2014-11-17,11.57999992,11.61999989,11.35999966,11.39999962,1655700
2014-11-18,11.43999958,11.76000023,11.36999989,11.68999958,1229600
2014-11-19,11.68999958,12.14999962,11.68000031,11.92000008,2897200
2014-11-21,11.94999981,12.68000031,11.94999981,12.39999962,3911900
2014-11-24,12.73999977,12.73999977,12.38000011,12.40999985,4849700
2014-11-25,12.69999981,12.71000004,12.30000019,12.38000011,4779500
2014-11-26,12.5,12.59000015,12.22999954,12.31000042,2082900
2014-11-27,12.51000023,12.52999973,12.06000042,12.19999981,1173700
2014-11-28,12.0,12.55000019,12.0,12.55000019,1856600
2014-12-01,12.22999954,12.22999954,11.81999969,11.86999989,34770182
2014-12-02,11.90999985,12.10999966,11.61999989,11.69999981,23020005
2014-12-03,11.61999989,11.90999985,11.60999966,11.69999981,2123400
2014-12-04,11.69999981,11.85999966,11.52000046,11.65999985,1647600
2014-12-05,11.65999985,11.81000042,11.55000019,11.75,800300
2014-12-08,11.73999977,12.02999973,11.52999973,11.69999981,2112000
2014-12-09,11.68999958,11.78999996,11.51000023,11.59000015,1826100
2014-12-10,11.57999992,11.68999958,11.43999958,11.43999958,1388300
2014-12-11,11.43999958,11.53999996,11.27000046,11.27000046,1637500
2014-12-12,11.26000023,11.36999989,10.85000038,10.85000038,2330500
2014-12-15,10.85000038,10.98999977,10.55000019,10.78999996,2687300
2014-12-16,10.57999992,10.85000038,10.40999985,10.56000042,4804000
2014-12-17,10.56000042,11.06000042,10.56000042,10.85999966,3068500
2014-12-18,10.88000011,11.10000038,10.64999962,10.84000015,1771800
2014-12-19,10.76000023,10.97999954,10.68000031,10.77999973,1357000
2014-12-22,10.82999992,11.18999958,10.80000019,11.14000034,1372100
2014-12-23,11.10000038,11.30000019,11.06000042,11.10999966,1329700
2014-12-26,11.10999966,11.35000038,11.0,11.10000038,855100
2014-12-29,11.10000038,11.17000008,10.94999981,11.02000046,687000
2014-12-30,11.11999989,11.27000046,10.97999954,11.06000042,1837900
2015-01-02,10.92000008,11.06999969,10.44999981,10.44999981,1420000
2015-01-05,10.42000008,10.72000027,10.28999996,10.72000027,3160100
2015-01-06,10.72999954,11.02000046,10.64999962,11.02000046,2078200
2015-01-07,11.07999992,11.35999966,10.92000008,11.31000042,2838400
2015-01-08,11.44999981,11.48999977,11.25,11.39999962,1453400
2015-01-09,11.27000046,11.27999973,10.72999954,10.78999996,4294500
2015-01-12,10.72000027,10.81000042,10.55000019,10.55000019,2696300
2015-01-13,10.59000015,10.90999985,10.55000019,10.55000019,1532200
2015-01-14,10.5,10.86999989,10.48999977,10.51000023,3634000
2015-01-15,10.60999966,10.89999962,10.60000038,10.68000031,1429000
2015-01-16,10.60000038,10.85000038,10.55000019,10.81999969,1104500
2015-01-19,10.77999973,10.81999969,10.59000015,10.72000027,723500
2015-01-20,10.85999966,10.89999962,10.57999992,10.60000038,1375600
2015-01-21,10.65999985,11.10999966,10.60000038,11.0,1964600
2015-01-22,11.03999996,11.26000023,10.89999962,11.13000011,1571300
2015-01-23,11.03999996,11.26000023,10.89999962,11.0,4852100
2015-01-26,10.84000015,11.03999996,10.72000027,11.01000023,1619000
2015-01-27,11.0,11.31999969,10.84000015,10.97999954,2597900
2015-01-28,10.89999962,11.13000011,10.82999992,10.89999962,3177200
2015-01-29,11.02000046,11.14999962,10.77999973,11.02000046,1335000
2015-01-30,11.06000042,11.06000042,10.81000042,10.81000042,2260700
2015-02-02,10.97000027,10.97999954,10.31000042,10.73999977,3089500
2015-02-03,10.68999958,10.94999981,10.68999958,10.76000023,2584900
2015-02-04,10.81000042,10.89000034,10.51000023,10.64999962,3347600
2015-02-05,10.52999973,11.06999969,10.52999973,10.93999958,1965000
2015-02-06,10.78999996,10.93000031,10.57999992,10.85999966,2923000
2015-02-09,10.89999962,11.13000011,10.85999966,10.97000027,1933700
2015-02-10,10.89999962,11.07999992,10.77000046,10.81999969,1230400
2015-02-11,10.68000031,10.88000011,10.68000031,10.75,1420800
2015-02-12,10.90999985,11.06999969,10.77000046,10.97000027,2154100
2015-02-13,10.90999985,11.48999977,10.90999985,11.17000008,3156500
2015-02-18,11.26000023,11.57999992,11.26000023,11.39999962,2083500
2015-02-19,11.46000004,11.56999969,11.36999989,11.44999981,1854200
2015-02-20,11.47999954,11.55000019,11.30000019,11.44999981,1375800
2015-02-23,11.32999992,11.47999954,11.19999981,11.38000011,1476500
2015-02-24,11.44999981,11.46000004,11.10999966,11.35000038,1606400
2015-02-25,11.28999996,11.43999958,11.19999981,11.39000034,2362000
2015-02-26,11.44999981,11.55000019,11.27000046,11.5,3621000
2015-02-27,11.51000023,11.73999977,11.36999989,11.57999992,3299100
2015-03-02,11.59000015,11.63000011,11.47999954,11.52000046,2697500
2015-03-03,11.52999973,11.63000011,11.39999962,11.51000023,2581400
2015-03-04,11.38000011,11.59000015,11.28999996,11.5,2807900
2015-03-05,11.51000023,11.84000015,11.39999962,11.75,4773100
2015-03-06,11.80000019,11.90999985,11.52999973,11.64000034,1853800
2015-03-09,11.43000031,11.52000046,11.18000031,11.27000046,3054300
2015-03-10,11.14999962,11.22999954,10.89999962,10.90999985,2966700
2015-03-11,10.90999985,11.31999969,10.86999989,11.21000004,2185000
2015-03-12,11.40999985,11.56000042,11.31999969,11.44999981,2049300
2015-03-13,11.44999981,11.63000011,11.35999966,11.55000019,1765400
2015-03-16,11.59000015,11.90999985,11.53999996,11.61999989,3314400
2015-03-17,11.56000042,11.94999981,11.56000042,11.85000038,2370100
2015-03-18,11.82999992,12.44999981,11.68999958,12.25,3091800
2015-03-19,12.22999954,12.60999966,12.22999954,12.52000046,2339900
2015-03-20,12.72999954,13.25,12.71000004,13.19999981,4920500
2015-03-23,12.94999981,13.35000038,12.94999981,13.22000027,2370800
2015-03-24,13.19999981,13.64999962,13.15999985,13.64999962,2432600
2015-03-25,13.80000019,14.06000042,13.5,13.94999981,3872600
2015-03-26,13.82999992,14.30000019,13.67000008,13.94999981,3015600
2015-03-27,13.97999954,13.97999954,13.26000023,13.59000015,4870300
2015-03-30,13.5,13.84000015,13.43999958,13.55000019,1559800
2015-03-31,13.43000031,13.60000038,13.25,13.25,2569500
2015-04-01,13.31999969,14.0,13.31999969,13.81000042,2591000
2015-04-02,14.02999973,14.10000038,13.65999985,13.81000042,2617000
2015-04-06,14.14000034,14.42000008,13.88000011,14.06000042,3150100
2015-04-07,14.10000038,14.31000042,13.94999981,14.0,1759100
2015-04-08,14.30000019,14.39999962,13.98999977,14.06999969,2027800
2015-04-09,13.96000004,14.28999996,13.63000011,13.68000031,3638600
2015-04-10,13.68000031,13.77999973,13.48999977,13.69999981,1770600
2015-04-13,13.61999989,13.84000015,13.43000031,13.43000031,1781100
2015-04-14,13.5,13.65999985,13.06000042,13.06999969,1869900
2015-04-15,12.98999977,13.47000027,12.81000042,13.15999985,2086200
2015-04-16,13.14999962,13.43000031,12.97999954,13.13000011,2136800
2015-04-17,12.80000019,13.10000038,12.80000019,12.97000027,1918400
2015-04-20,12.88000011,12.96000004,12.67000008,12.75,1656100
2015-04-22,12.81999969,13.06000042,12.77999973,12.96000004,1462800
2015-04-23,13.02000046,13.21000004,12.90999985,13.03999996,1412100
2015-04-24,13.10999966,13.27999973,12.93000031,12.93000031,1575500
2015-04-27,12.98999977,13.35999966,12.84000015,12.84000015,2463500
2015-04-28,12.90999985,12.97999954,12.44999981,12.44999981,2856600
2015-04-29,12.10000038,12.14000034,11.44999981,11.75,3429400
2015-04-30,11.5,11.96000004,11.46000004,11.72999954,1937600
2015-05-04,11.52999973,11.90999985,11.40999985,11.69999981,3193700
2015-05-05,11.80000019,11.80000019,11.53999996,11.60000038,1947900
2015-05-06,11.63000011,11.75,11.32999992,11.44999981,1827100
2015-05-07,11.21000004,11.40999985,11.21000004,11.27000046,2452600
2015-05-08,11.46000004,11.5,11.21000004,11.25,1262100
2015-05-11,11.28999996,11.40999985,11.14000034,11.31999969,1834600
2015-05-12,11.19999981,11.39999962,11.03999996,11.31000042,3001700
2015-05-13,11.18999958,11.32999992,11.15999985,11.15999985,3500000
2015-05-14,11.17000008,11.26000023,10.81999969,10.89999962,3103700
2015-05-15,11.06999969,11.48999977,11.01000023,11.39000034,3787900
2015-05-18,11.32999992,11.60000038,10.89999962,11.10999966,2220100
2015-05-19,11.13000011,11.22999954,10.93999958,11.07999992,1597000
2015-05-20,11.01000023,11.18999958,10.94999981,11.02999973,1225400
2015-05-21,11.02999973,11.02999973,10.76000023,10.94999981,1748300
2015-05-22,11.02000046,11.05000019,10.56999969,10.77999973,1949100
2015-05-25,10.72999954,10.82999992,10.60000038,10.72000027,724000
2015-05-26,10.64999962,10.71000004,10.38000011,10.47999954,1686100
2015-05-27,10.35999966,10.60000038,10.35999966,10.56999969,770700
2015-05-28,10.46000004,10.77999973,10.32999992,10.77999973,1483700
2015-05-29,10.93000031,11.11999989,10.80000019,10.86999989,4478000
2015-06-01,10.85000038,10.96000004,10.73999977,10.85000038,1409000
2015-06-02,10.76000023,11.18000031,10.76000023,10.97000027,1292400
2015-06-03,11.06999969,11.15999985,10.52999973,10.57999992,5809500
2015-06-05,10.43000031,10.86999989,10.43000031,10.75,1300700
2015-06-08,10.76000023,10.98999977,10.56000042,10.77000046,1365500
2015-06-09,10.71000004,10.85999966,10.26000023,10.26000023,2696900
2015-06-10,10.32999992,10.68999958,10.26000023,10.38000011,1925300
2015-06-11,10.52000046,10.52000046,10.03999996,10.18000031,1454200
2015-06-12,10.05000019,10.15999985,9.76000023,9.77000046,5220100
2015-06-15,9.77000046,9.81000042,9.47999954,9.60000038,1807200
2015-06-16,9.60000038,10.02000046,9.56000042,9.67000008,2108700
2015-06-17,9.67000008,9.80000019,9.57999992,9.64999962,1566100
2015-06-18,9.72000027,9.86999989,9.57999992,9.72000027,2191000
2015-06-19,9.85999966,10.26000023,9.77999973,10.0,3906300
2015-06-22,10.06999969,10.21000004,9.77000046,9.81999969,1842700
2015-06-23,9.89999962,10.06000042,9.82999992,10.02000046,1470200
2015-06-24,9.94999981,10.06000042,9.92000008,10.03999996,1404100
2015-06-25,9.97000027,10.0,9.82999992,9.89999962,1984900
2015-06-26,9.93999958,10.14000034,9.89000034,9.98999977,1979800
2015-06-29,9.92000008,9.98999977,9.81999969,9.88000011,1266300
2015-06-30,10.0,10.02999973,9.85000038,9.89999962,2481300
2015-07-01,9.89000034,10.03999996,9.85999966,9.93999958,1050600
2015-07-02,10.01000023,10.15999985,9.85000038,9.92000008,1779700
2015-07-03,9.86999989,9.97999954,9.77999973,9.81000042,466700
2015-07-06,9.73999977,9.82999992,9.63000011,9.72999954,909200
2015-07-07,9.68000031,9.77000046,9.56000042,9.67000008,1281900
2015-07-08,9.60000038,9.65999985,9.47999954,9.52999973,1308200
2015-07-10,9.64999962,9.77000046,9.52999973,9.52999973,738000
2015-07-13,9.56999969,9.64999962,9.32999992,9.47999954,1371300
2015-07-14,9.5,9.51000023,9.31999969,9.39999962,1165700
2015-07-15,9.32999992,9.57999992,9.32999992,9.46000004,688000
2015-07-16,9.52999973,9.60000038,9.35999966,9.42000008,888500
2015-07-17,9.47999954,9.61999989,9.34000015,9.40999985,954800
2015-07-20,9.36999989,9.56000042,9.21000004,9.25,1365200
2015-07-21,9.23999977,9.38000011,9.06999969,9.19999981,836000
2015-07-22,9.11999989,9.19999981,8.97000027,9.19999981,1499600
2015-07-23,9.19999981,9.19999981,8.82999992,9.01000023,1600100
2015-07-24,9.0,9.06000042,8.80000019,8.92000008,3483800
2015-07-27,8.85999966,9.14999962,8.81999969,8.93999958,2299200
2015-07-28,9.0,9.06999969,8.80000019,8.94999981,3121900
2015-07-29,8.88000011,9.22999954,8.81999969,9.02999973,1131900
2015-07-30,9.06999969,9.17000008,8.86999989,8.97000027,881900
2015-07-31,8.94999981,9.51000023,8.93000031,9.30000019,2322100
2015-08-03,9.28999996,9.42000008,9.15999985,9.27999973,1245400
2015-08-04,9.39999962,9.42000008,9.09000015,9.18999958,1534800
2015-08-05,9.18999958,9.27000046,8.93000031,9.03999996,2331600
2015-08-06,8.97999954,9.03999996,8.75,8.80000019,1709000
2015-08-07,8.75,8.85000038,8.39000034,8.39999962,6289900
2015-08-10,8.32999992,8.60000038,8.32999992,8.39999962,4298000
2015-08-11,8.35999966,8.47999954,8.23999977,8.28999996,3490500
2015-08-12,8.30000019,8.32999992,7.98000002,8.07999992,2908800
2015-08-13,8.06000042,8.27999973,7.90999985,8.13000011,1992700
2015-08-14,8.18999958,8.28999996,8.06000042,8.10000038,3842700
2015-08-17,8.10999966,8.47999954,8.06999969,8.14999962,881900
2015-08-18,8.14999962,8.14999962,8.0,8.10000038,4564700
2015-08-19,8.03999996,8.03999996,7.82999992,8.0,3989600
2015-08-20,7.9000001,8.14999962,7.76000023,8.14999962,12314300
2015-08-21,8.15999985,8.15999985,7.88000011,8.03999996,1969100
2015-08-24,7.78000021,8.22000027,7.5,7.98999977,3682000
2015-08-25,8.06000042,8.34000015,7.94000006,8.22000027,2898200
2015-08-26,8.18000031,8.26000023,8.02999973,8.14000034,2133800
2015-08-27,8.19999981,8.56999969,8.06000042,8.43999958,2569600
2015-08-28,8.38000011,8.40999985,8.21000004,8.39000034,2180000
2015-08-31,8.35000038,8.51000023,7.98000002,8.39999962,4162600
2015-09-01,8.28999996,8.28999996,7.84000015,7.88999987,2840200
2015-09-02,7.86000013,8.02000046,7.61999989,7.98000002,5496400
2015-09-03,7.98999977,8.14999962,7.9000001,7.98999977,2173300
2015-09-04,7.88000011,7.98999977,7.76999998,7.98999977,2387700
2015-09-08,8.05000019,8.07999992,7.80000019,7.94999981,1571900
2015-09-09,7.94000006,8.0,7.69999981,7.76999998,3453100
2015-09-10,7.61999989,7.94000006,7.57000017,7.94000006,3915200
2015-09-11,7.94000006,7.94000006,7.71999979,7.76000023,1656300
2015-09-14,7.71000004,7.98000002,7.6500001,7.9000001,1882000
2015-09-15,7.76999998,8.22000027,7.76999998,8.01000023,1448200
2015-09-16,8.06999969,8.71000004,8.02000046,8.38000011,2954800
2015-09-17,8.31999969,8.63000011,8.18999958,8.43999958,2410100
2015-09-18,8.38000011,8.52000046,8.15999985,8.52000046,4973600
2015-09-21,8.47999954,8.57999992,8.36999989,8.48999977,1309500
2015-09-22,8.38000011,8.38000011,8.18999958,8.27000046,2061700
2015-09-23,8.21000004,8.32999992,7.92000008,8.25,2018900
2015-09-24,8.02999973,8.35999966,8.02999973,8.25,2806000
2015-09-25,8.31000042,8.39000034,8.19999981,8.30000019,1336500
2015-09-28,8.23999977,8.35000038,8.17000008,8.26000023,904100
2015-09-29,8.26000023,8.35000038,8.22000027,8.27999973,1074600
2015-09-30,8.42000008,8.57999992,8.27000046,8.27000046,4320400
2015-10-01,8.27000046,8.36999989,8.05000019,8.18000031,2232700
2015-10-02,8.14000034,8.43000031,8.03999996,8.32999992,1456400
2015-10-05,8.47000027,8.98999977,8.32999992,8.64999962,1458900
2015-10-06,8.71000004,9.06000042,8.68999958,8.80000019,1078200
2015-10-07,8.94999981,9.18000031,8.64999962,8.72999954,2019300
2015-10-08,8.78999996,8.93000031,8.60999966,8.81000042,847000
2015-10-09,8.89999962,9.18999958,8.89999962,9.05000019,1074600
2015-10-13,9.10000038,9.10999966,8.72000027,8.94999981,1057000
2015-10-14,8.89000034,9.10999966,8.81000042,8.90999985,2889300
2015-10-15,8.97000027,9.06999969,8.72999954,8.84000015,1230500
2015-10-16,8.89000034,9.18999958,8.77999973,9.09000015,1898600
2015-10-19,9.09000015,9.26000023,8.98999977,9.25,1329200
2015-10-20,9.23999977,9.47999954,9.02000046,9.19999981,2033000
2015-10-21,9.19999981,9.34000015,9.02000046,9.18999958,1371200
2015-10-22,9.21000004,9.46000004,9.19999981,9.39999962,1868900
2015-10-23,9.47999954,9.77999973,9.35999966,9.35999966,2766100
2015-10-26,9.25,9.43000031,9.18999958,9.28999996,1322900
2015-10-27,9.28999996,9.47999954,9.18999958,9.43999958,1922300
2015-10-28,9.42000008,9.59000015,9.26000023,9.47999954,167300
2015-10-29,9.35999966,9.52999973,9.13000011,9.25,1978700
2015-10-30,9.23999977,9.23999977,8.80000019,8.96000004,2103100
2015-11-03,8.82999992,9.46000004,8.82999992,9.26000023,1716300
2015-11-04,9.26000023,9.90999985,9.25,9.39999962,2304400
2015-11-05,9.40999985,9.77000046,9.35999966,9.59000015,1059000
2015-11-06,9.57999992,9.76000023,9.17000008,9.30000019,2076200
2015-11-09,9.25,9.32999992,8.96000004,9.06999969,2673400
2015-11-10,9.02000046,9.02000046,8.81999969,8.90999985,2863700
2015-11-11,8.89999962,9.34000015,8.85999966,9.10000038,8054700
2015-11-12,9.19999981,9.39999962,9.02000046,9.07999992,1347500
2015-11-13,9.02000046,9.30000019,8.64999962,9.03999996,2386800
2015-11-16,8.97000027,9.03999996,8.53999996,8.69999981,3873400
2015-11-17,8.72999954,8.86999989,8.5,8.57999992,3184600
2015-11-18,8.52000046,8.59000015,8.40999985,8.44999981,3994500
2015-11-19,8.43999958,8.55000019,8.40999985,8.44999981,2924400
2015-11-23,8.52000046,8.61999989,8.13000011,8.27000046,4270700
2015-11-24,8.21000004,8.30000019,8.11999989,8.14000034,2444200
2015-11-25,8.07999992,8.10999966,7.78000021,7.96000004,4870500
2015-11-26,7.90999985,8.18999958,7.90999985,8.10999966,1310800
2015-11-27,8.05000019,8.23999977,7.9000001,8.0,3264100
2015-11-30,7.94000006,8.02000046,7.38999987,7.38999987,44157000
2015-12-01,7.5,7.63000011,7.3499999,7.51000023,5621300
2015-12-02,7.46000004,7.92000008,7.46000004,7.86999989,3585700
2015-12-03,8.0,8.27999973,7.88000011,7.88000011,9274900
2015-12-04,7.98000002,7.98000002,7.61999989,7.71000004,4497900
2015-12-07,7.76000023,7.84000015,7.53999996,7.73999977,4981300
2015-12-08,7.69000006,7.88999987,7.61999989,7.75,11314500
2015-12-09,7.76999998,8.18999958,7.76999998,7.9000001,4830000
2015-12-10,7.8499999,7.96000004,7.71999979,7.88999987,3308900
2015-12-11,7.82999992,7.98999977,7.80000019,7.9000001,2714900
2015-12-14,7.86000013,7.92999983,7.61000013,7.71000004,2115800
2015-12-15,7.65999985,7.8499999,7.57999992,7.82000017,1701600
2015-12-16,7.75,7.82999992,7.51999998,7.80999994,2019500
2015-12-17,7.86000013,8.14999962,7.80999994,7.84000015,1396200
2015-12-18,7.78000021,7.8499999,7.44999981,7.55999994,3938800
2015-12-21,7.55000019,7.6500001,7.44999981,7.5,2000900
2015-12-22,7.46000004,7.57999992,7.3499999,7.42000008,1153300
2015-12-23,7.42999983,7.5,7.28999996,7.4000001,1482300
2015-12-28,7.42999983,7.5,7.38000011,7.42999983,807000
2015-12-29,7.40999985,7.48000002,7.34000015,7.4000001,680700
2015-12-30,7.36000013,7.5,7.09000015,7.5,2529700
2016-01-04,7.4000001,7.46000004,7.1500001,7.28000021,1277300
2016-01-05,7.25,7.61000013,7.25,7.61000013,1560700
2016-01-06,7.55000019,7.55000019,7.26999998,7.32000017,3183700
2016-01-07,7.26999998,7.38999987,7.05999994,7.36000013,5752100
2016-01-08,7.30000019,7.51000023,7.25,7.5,1059700
2016-01-11,7.5,7.51999998,7.3499999,7.48999977,1463300
2016-01-12,7.44999981,7.5999999,7.34000015,7.53999996,1932500
2016-01-13,7.51000023,7.73999977,7.48999977,7.59000015,1490500
2016-01-14,7.53999996,7.63000011,7.38999987,7.44999981,2466400
2016-01-15,7.38999987,7.44000006,7.11999989,7.25,2358400
2016-01-18,7.17000008,7.23999977,6.98000002,7.13000011,1618900
2016-01-19,7.19999981,7.38000011,7.17999983,7.30000019,1246100
2016-01-20,7.17999983,7.30000019,7.05000019,7.21999979,1046000
2016-01-21,7.17000008,7.46000004,7.13999987,7.30000019,2429100
2016-01-22,7.34000015,7.5999999,7.15999985,7.21000004,1621200
2016-01-26,7.15999985,7.19999981,6.94999981,6.94999981,1884900
2016-01-27,6.9000001,7.21999979,6.86000013,7.21000004,1504900
2016-01-28,7.15999985,7.19999981,6.94000006,7.05000019,1819900
2016-01-29,7.05999994,7.17999983,6.92999983,7.1500001,2957100
2016-02-01,7.19999981,7.34000015,7.11000013,7.30000019,1247900
2016-02-02,7.28000021,7.36000013,7.0999999,7.3499999,2160600
2016-02-03,7.4000001,7.53000021,7.25,7.3499999,2109000
2016-02-04,7.4000001,7.69999981,7.38000011,7.5999999,3053600
2016-02-05,7.55000019,7.92999983,7.55000019,7.90999985,2573200
2016-02-10,7.80000019,7.94999981,7.75,7.94000006,1691900
2016-02-11,7.88000011,7.92999983,7.69000006,7.76999998,1640200
2016-02-12,7.82999992,7.86999989,7.67000008,7.80000019,1156500
2016-02-15,7.84000015,8.01000023,7.82999992,7.9000001,946700
2016-02-16,7.92999983,8.18000031,7.90999985,8.14999962,2369200
2016-02-17,8.18999958,8.31999969,8.02000046,8.11999989,1798100
2016-02-18,8.06000042,8.18000031,7.92999983,8.0,1156800
2016-02-19,8.0,8.17000008,8.0,8.13000011,1091500
2016-02-22,8.23999977,8.39999962,8.18999958,8.22000027,1218800
2016-02-23,8.19999981,8.31999969,8.02999973,8.02999973,1263300
2016-02-24,7.96000004,8.06999969,7.8499999,8.0,1540800
2016-02-25,7.94000006,8.13000011,7.80999994,7.98000002,1184100
2016-02-26,8.03999996,8.34000015,7.94999981,8.14999962,1097500
2016-02-29,8.28999996,8.38000011,8.10000038,8.19999981,3025700
2016-03-01,8.26000023,8.43999958,8.21000004,8.39000034,2191200
2016-03-02,8.47000027,8.47999954,8.07999992,8.07999992,4445900
2016-03-03,8.11999989,8.86999989,8.11999989,8.51000023,6494700
2016-03-04,9.89999962,9.89999962,8.72000027,9.30000019,10292900
2016-03-07,9.36999989,9.56000042,9.25,9.5,4641300
2016-03-08,9.5,9.85000038,9.31999969,9.68000031,5110800
2016-03-09,9.75,10.15999985,9.55000019,9.64999962,6555400
2016-03-10,9.72000027,10.40999985,9.69999981,10.39000034,5108000
2016-03-11,10.31000042,10.38000011,10.15999985,10.25,3417200
2016-03-14,10.31000042,10.44999981,9.92000008,10.11999989,2299500
2016-03-15,9.97999954,9.97999954,9.26000023,9.39999962,5186800
2016-03-16,9.39000034,10.10000038,9.32999992,9.96000004,3863000
2016-03-17,10.68000031,10.97000027,10.47999954,10.97000027,7620900
2016-03-18,11.05000019,11.10000038,10.81000042,11.10000038,8642000
2016-03-21,11.18000031,11.18000031,10.86999989,11.05000019,2751700
2016-03-22,11.10000038,11.18000031,10.60000038,10.60000038,3185100
2016-03-23,10.47999954,10.53999996,10.19999981,10.35000038,3247500
2016-03-24,9.89999962,10.17000008,9.55000019,9.90999985,5811000
2016-03-28,10.01000023,10.55000019,10.01000023,10.5,4508900
2016-03-29,10.53999996,10.84000015,10.35999966,10.67000008,4796200
2016-03-30,10.81000042,11.18000031,10.34000015,10.68000031,4063600
2016-03-31,10.60000038,10.64000034,10.19999981,10.43000031,4100
2016-04-01,10.39999962,10.55000019,10.18999958,10.44999981,1300100
2016-04-04,10.34000015,10.64999962,10.07999992,10.21000004,3900
2016-04-05,10.06000042,10.39000034,10.02999973,10.17000008,5100
2016-04-06,10.02000046,10.23999977,9.85000038,9.85000038,2600
2016-04-07,9.80000019,9.80000019,9.80000019,9.80000019,5300
2016-04-08,10.14999962,10.5,10.03999996,10.31000042,2864200
2016-04-11,10.46000004,10.46000004,10.06999969,10.06999969,1469200
2016-04-12,10.18999958,10.52000046,10.11999989,10.43000031,1300
2016-04-13,10.68999958,10.93999958,10.5,10.60000038,9000
2016-04-14,10.71000004,10.82999992,10.19999981,10.19999981,2159600
2016-04-15,10.35999966,10.69999981,10.21000004,10.61999989,4908500
2016-04-18,10.71000004,10.88000011,10.47000027,10.60000038,1408400
2016-04-19,10.67000008,11.11999989,10.67000008,10.97999954,1700
2016-04-20,10.90999985,10.98999977,10.47999954,10.52999973,2691500
2016-04-22,10.39999962,10.44999981,10.13000011,10.30000019,3200400
2016-04-25,10.35999966,10.64999962,10.28999996,10.43999958,876400
2016-04-26,10.60000038,10.60000038,10.39999962,10.47000027,674300
2016-04-27,10.60000038,10.93999958,10.5,10.75,2154400
2016-04-28,10.68999958,10.89000034,10.61999989,10.78999996,1725800
2016-04-29,10.61999989,10.72000027,10.22999954,10.27000046,1609800
2016-05-02,10.32999992,10.32999992,9.97000027,10.03999996,1213300
2016-05-03,9.89999962,10.06999969,9.89999962,9.97000027,1077000
2016-05-04,9.90999985,10.10999966,9.77999973,10.01000023,1636000
2016-05-05,10.05000019,10.35000038,10.01000023,10.01000023,1210800
2016-05-06,10.03999996,10.18000031,9.86999989,10.11999989,615800
2016-05-09,10.03999996,10.10999966,9.86999989,9.97000027,1988500
2016-05-10,10.06000042,10.47999954,10.06000042,10.30000019,3881000
2016-05-11,10.43999958,10.81000042,10.25,10.80000019,5335800
2016-05-12,10.89000034,11.18999958,10.73999977,11.15999985,2559700
2016-05-13,11.19999981,11.39999962,10.90999985,11.25,3091200
2016-05-16,11.39000034,11.39999962,10.97000027,11.11999989,2285200
2016-05-17,11.13000011,11.21000004,10.77999973,10.82999992,1402700
2016-05-18,10.81000042,10.85999966,10.47000027,10.59000015,2957400
2016-05-19,10.44999981,10.60999966,10.19999981,10.35000038,2139100
2016-05-20,10.34000015,10.51000023,9.96000004,10.01000023,2337600
2016-05-23,9.81000042,10.03999996,9.73999977,9.89999962,1761200
2016-05-24,9.89999962,10.14999962,9.82999992,9.84000015,1519400
2016-05-25,9.85000038,10.07999992,9.61999989,9.68999958,1331200
2016-05-27,9.60000038,9.81000042,9.5,9.65999985,1701100
2016-05-30,9.77999973,9.77999973,9.5,9.63000011,667500
2016-05-31,9.55000019,9.80000019,9.51000023,9.60000038,2877900
2016-06-01,9.60999966,9.84000015,9.44999981,9.84000015,1850400
2016-06-02,9.89999962,9.98999977,9.65999985,9.89999962,2493800
2016-06-03,9.98999977,10.47999954,9.89999962,10.31999969,2565300
2016-06-06,10.35000038,10.52999973,10.18999958,10.30000019,1640400
2016-06-07,10.22000027,10.34000015,10.02000046,10.15999985,1752700
2016-06-08,10.22000027,10.88000011,10.06999969,10.69999981,3328500
2016-06-09,10.60000038,10.97000027,10.60000038,10.77999973,1382500
2016-06-10,10.76000023,10.80000019,10.39999962,10.44999981,1801100
2016-06-13,10.28999996,10.39999962,10.10999966,10.31999969,1544100
2016-06-14,10.28999996,10.39999962,9.96000004,10.02000046,1561400
2016-06-15,10.0,10.21000004,9.89999962,10.0,2708100
2016-06-16,9.86999989,10.10999966,9.82999992,10.0,2253500
2016-06-17,10.10999966,10.14999962,9.93000031,9.93999958,1635500
2016-06-20,10.10999966,10.5,10.10999966,10.22999954,1724300
2016-06-21,10.26000023,10.56000042,10.06999969,10.56000042,2307900
2016-06-22,10.60000038,10.72000027,10.42000008,10.44999981,2446000
2016-06-23,10.47999954,10.78999996,10.35999966,10.75,2900100
2016-06-24,10.43000031,10.63000011,9.90999985,9.92000008,6474200
2016-06-27,10.0,10.02000046,9.65999985,9.72999954,1910300
2016-06-28,9.94999981,9.97000027,9.53999996,9.75,3411100
2016-06-29,9.80000019,10.21000004,9.77000046,10.10000038,2674300
2016-06-30,10.18000031,10.35000038,10.11999989,10.28999996,2597500
2016-07-01,10.35000038,10.35999966,10.06999969,10.11999989,2501500
2016-07-04,10.14999962,10.55000019,10.14999962,10.27999973,1798900
2016-07-05,10.18000031,10.27999973,9.96000004,10.06999969,2226200
2016-07-06,9.92000008,10.14999962,9.77999973,9.92000008,2373000
2016-07-07,9.97999954,10.05000019,9.89000034,10.0,990700
2016-07-08,10.10000038,10.30000019,10.06000042,10.10000038,4484900
2016-07-11,10.18999958,10.31999969,10.14999962,10.18000031,2010300
2016-07-12,10.31999969,10.35999966,10.0,10.05000019,2235200
2016-07-13,10.0,10.17000008,9.94999981,9.96000004,2302200
2016-07-14,10.10000038,10.31999969,10.07999992,10.28999996,1463300
2016-07-15,10.21000004,10.43999958,10.21000004,10.39000034,1794500
2016-07-18,10.39999962,10.77999973,10.35999966,10.76000023,1970000
2016-07-19,10.80000019,11.03999996,10.76000023,10.93000031,3609600
2016-07-20,10.84000015,10.97999954,10.73999977,10.89000034,1637200
2016-07-21,10.89999962,11.15999985,10.77999973,10.96000004,2336100
2016-07-22,11.03999996,11.06000042,10.67000008,10.85000038,3327200
2016-07-25,10.88000011,11.05000019,10.72000027,10.85000038,3614000
2016-07-26,10.85000038,11.02999973,10.69999981,10.81000042,2261500
2016-07-27,10.80000019,10.89000034,10.61999989,10.78999996,3616300
2016-07-28,10.71000004,11.0,10.71000004,10.93000031,2165500
2016-07-29,10.97999954,11.27000046,10.93000031,11.21000004,2201400
2016-08-01,11.19999981,11.38000011,11.15999985,11.23999977,1316000
2016-08-02,11.22999954,11.30000019,10.89999962,11.06000042,1263600
2016-08-03,10.93999958,11.26000023,10.81999969,11.17000008,1910800
2016-08-04,11.13000011,11.61999989,11.06999969,11.5,3047300
2016-08-05,11.5,11.77000046,11.38000011,11.55000019,4253700
2016-08-08,11.47999954,11.55000019,11.06999969,11.32999992,1929100
2016-08-09,11.39000034,11.46000004,11.01000023,11.07999992,1950700
2016-08-10,10.78999996,10.90999985,10.5,10.64999962,4557000
2016-08-11,10.57999992,10.67000008,10.30000019,10.61999989,3732600
2016-08-12,10.67000008,10.72999954,10.21000004,10.31000042,3307200
2016-08-15,10.30000019,10.32999992,10.0,10.05000019,5127200
2016-08-16,10.02999973,10.11999989,9.93999958,10.02999973,1998600
2016-08-17,9.97999954,10.11999989,9.92000008,10.05000019,1474900
2016-08-18,10.18999958,10.25,10.05000019,10.15999985,4009400
2016-08-19,10.15999985,10.35999966,10.02000046,10.35999966,3262000
2016-08-22,10.39999962,10.43000031,10.10999966,10.21000004,3596700
2016-08-23,10.23999977,10.39999962,10.05000019,10.10000038,4804200
2016-08-24,10.02000046,10.27000046,9.90999985,10.22999954,4080200
2016-08-25,10.10000038,10.35000038,10.10000038,10.26000023,1795700
2016-08-26,10.21000004,10.60000038,10.02000046,10.47000027,4426000
2016-08-29,10.42000008,10.86999989,10.36999989,10.80000019,2440800
2016-08-30,10.85000038,10.88000011,10.65999985,10.81000042,3531000
2016-08-31,10.75,10.93000031,10.39000034,10.56999969,3195800
2016-09-01,10.57999992,10.63000011,10.25,10.57999992,2589100
2016-09-02,10.51000023,10.80000019,10.48999977,10.80000019,3099400
2016-09-05,10.69999981,10.75,10.52000046,10.73999977,957600
2016-09-06,10.80000019,10.89999962,10.60000038,10.68000031,1091500
2016-09-08,10.59000015,10.63000011,10.39999962,10.53999996,2144100
2016-09-09,10.39000034,10.43999958,9.82999992,9.82999992,4901100
2016-09-12,9.81000042,10.05000019,9.60999966,10.05000019,2153900
2016-09-13,10.0,10.02000046,9.77999973,9.93000031,2445800
2016-09-14,9.85000038,10.18999958,9.85000038,10.18000031,5718200
2016-09-15,10.17000008,10.31000042,10.10000038,10.26000023,911900
2016-09-16,10.26000023,10.28999996,10.03999996,10.15999985,2243900
2016-09-19,10.18999958,10.35000038,10.14999962,10.18000031,3908500
2016-09-20,10.27999973,10.31000042,10.13000011,10.21000004,1240100
2016-09-21,10.22000027,10.47999954,10.19999981,10.30000019,1223100
2016-09-22,10.46000004,10.56999969,10.23999977,10.27000046,2845200
2016-09-23,10.32999992,10.39000034,9.88000011,10.01000023,4240700
2016-09-26,9.93999958,10.10999966,9.81999969,9.81999969,2733200
2016-09-27,9.89000034,9.94999981,9.73999977,9.81999969,2140600
2016-09-28,9.82999992,10.23999977,9.82999992,10.17000008,3635500
2016-09-29,10.09000015,10.34000015,10.02999973,10.11999989,1760800
2016-09-30,10.19999981,10.26000023,10.10000038,10.22999954,1642600
2016-10-03,10.35000038,10.55000019,10.15999985,10.46000004,2189100
2016-10-04,10.55000019,10.56000042,10.30000019,10.38000011,1125400
2016-10-05,10.35000038,10.57999992,10.35000038,10.51000023,1844200
2016-10-06,10.51000023,10.67000008,10.44999981,10.59000015,1064400
2016-10-07,10.64000034,10.77000046,10.56000042,10.68999958,1836500
2016-10-10,10.73999977,10.85000038,10.57999992,10.85000038,1135100
2016-10-11,10.84000015,10.89000034,10.72000027,10.85000038,1388200
2016-10-13,10.85999966,10.85999966,10.55000019,10.75,2259700
2016-10-14,10.77000046,10.89999962,10.72999954,10.81000042,1484900
2016-10-17,10.81999969,10.85000038,10.53999996,10.60999966,1899000
2016-10-18,10.64999962,10.85999966,10.48999977,10.82999992,1847700
2016-10-19,10.77000046,11.0,10.68000031,10.80000019,2236400
2016-10-20,10.77000046,10.81999969,10.56000042,10.75,1974600
2016-10-21,10.69999981,10.81000042,10.55000019,10.67000008,3881200
2016-10-24,10.67000008,11.11999989,10.67000008,11.06000042,3862800
2016-10-25,11.10999966,11.14000034,10.73999977,10.97000027,3282200
2016-10-26,10.86999989,11.02999973,10.73999977,10.85000038,2751600
2016-10-27,10.88000011,11.0,10.72000027,10.92000008,1631400
2016-10-28,10.82999992,11.05000019,10.77999973,10.92000008,2288100
2016-10-31,10.84000015,10.93999958,10.67000008,10.75,5516300
2016-11-01,10.76000023,10.81999969,10.42000008,10.64000034,2144600
2016-11-03,10.63000011,10.69999981,10.28999996,10.30000019,3594700
2016-11-04,10.35999966,10.42000008,10.18000031,10.32999992,2185800
2016-11-07,10.35000038,10.80000019,10.35000038,10.80000019,3376400
2016-11-08,10.78999996,11.02999973,10.59000015,10.93000031,2400300
2016-11-09,10.69999981,10.88000011,10.46000004,10.88000011,2687600
2016-11-10,10.85000038,10.85000038,9.93999958,10.0,9625400
2016-11-11,9.97000027,9.97000027,9.02999973,9.22000027,7876200
2016-11-14,9.13000011,9.35999966,8.71000004,9.0,4298200
2016-11-16,9.09000015,9.22999954,8.89999962,9.14999962,2751600
2016-11-17,9.27999973,9.40999985,9.09000015,9.17000008,3056800
2016-11-18,9.11999989,9.18999958,8.72000027,8.76000023,4964900
2016-11-21,8.77999973,9.06000042,8.59000015,9.06000042,3769300
2016-11-22,9.13000011,9.17000008,8.80000019,8.80000019,5161800
2016-11-23,8.81000042,8.85000038,8.63000011,8.64999962,5534400
2016-11-24,8.68000031,9.02999973,8.68000031,8.92000008,1016100
2016-11-25,8.80000019,9.06000042,8.77000046,9.02999973,2571200
2016-11-28,9.06000042,9.06999969,8.88000011,8.92000008,1866600
2016-11-29,8.92000008,9.07999992,8.89999962,8.92000008,2705600
2016-11-30,9.06000042,9.32999992,9.0,9.32999992,2688800
2016-12-01,9.18000031,9.18000031,8.86999989,8.93000031,2792500
2016-12-02,8.77999973,9.42000008,8.77000046,9.42000008,3803400
2016-12-05,9.42000008,9.43000031,9.22000027,9.30000019,2382300
2016-12-06,9.26000023,9.72999954,8.86999989,9.64000034,3441000
2016-12-07,9.68000031,10.03999996,9.68000031,9.89000034,4573300
2016-12-08,10.03999996,10.03999996,9.34000015,9.53999996,3306500
2016-12-09,9.53999996,9.63000011,9.35000038,9.48999977,3449300
2016-12-12,9.32999992,9.53999996,9.31000042,9.40999985,3318400
2016-12-13,9.35000038,9.72999954,9.31999969,9.68000031,2188000
2016-12-14,9.64000034,9.81999969,9.52000046,9.65999985,1853900
2016-12-15,9.60000038,9.71000004,9.43999958,9.57999992,1259700
2016-12-16,9.57999992,9.84000015,9.55000019,9.73999977,2054900
2016-12-19,9.73999977,9.88000011,9.61999989,9.73999977,3112300
2016-12-20,9.77000046,9.89000034,9.65999985,9.72000027,2883800
2016-12-21,9.60000038,9.60000038,9.60000038,9.60000038,3017200
2016-12-22,9.56000042,9.85000038,9.55000019,9.77999973,915900
2016-12-23,9.80000019,10.17000008,9.68999958,9.97000027,1635300
2016-12-26,9.98999977,10.10999966,9.93000031,9.93000031,358200
2016-12-27,10.02999973,10.09000015,9.92000008,10.02000046,817600
2016-12-28,10.0,10.32999992,10.0,10.31999969,1490800
2016-12-29,10.35000038,10.43999958,10.25,10.27000046,1916900
2017-01-02,10.14999962,10.46000004,10.07999992,10.27999973,1133200
2017-01-03,10.28999996,11.22000027,10.28999996,11.14999962,3294900
2017-01-04,11.0,11.84000015,10.97000027,11.56000042,4718600
2017-01-05,11.64000034,11.64999962,11.15999985,11.40999985,3998600
2017-01-06,11.35999966,11.5,11.22000027,11.34000015,2099600
2017-01-09,11.34000015,11.90999985,11.31000042,11.75,2555700
2017-01-10,11.69999981,11.86999989,11.57999992,11.57999992,1242200
2017-01-11,11.67000008,11.85999966,11.39999962,11.69999981,2262900
2017-01-12,12.0,12.43000031,12.0,12.05000019,7680300
2017-01-13,12.11999989,12.19999981,11.98999977,12.10999966,2142700
2017-01-16,12.10999966,12.57999992,12.05000019,12.35999966,1881500
2017-01-17,12.36999989,12.89999962,12.36999989,12.80000019,1492300
2017-01-18,13.25,13.39000034,11.93999958,12.10999966,5054000
2017-01-19,12.02000046,12.36999989,11.88000011,12.01000023,3097000
2017-01-20,12.10999966,12.44999981,11.90999985,12.30000019,2210900
2017-01-23,12.42000008,12.57999992,12.13000011,12.5,1410800
2017-01-24,12.55000019,12.72999954,12.30000019,12.44999981,2664700
2017-01-26,12.44999981,12.64000034,12.44999981,12.55000019,2001700
2017-01-27,12.55000019,12.85000038,12.43999958,12.76000023,2005400
2017-01-30,12.65999985,12.72000027,12.39999962,12.51000023,1627700
2017-01-31,12.36999989,12.98999977,12.32999992,12.94999981,2069500
2017-02-01,13.0,13.18000031,12.89000034,12.89000034,1603500
2017-02-02,12.88000011,13.14999962,12.68000031,12.88000011,1480000
2017-02-03,13.14000034,13.42000008,12.98999977,13.35999966,3235800
2017-02-06,13.5,13.94999981,13.31999969,13.44999981,4509600
2017-02-07,13.71000004,13.81999969,13.42000008,13.64999962,2968500
2017-02-08,13.69999981,14.10000038,13.44999981,13.94999981,4807000
2017-02-09,14.05000019,14.09000015,13.89000034,14.03999996,3778400
2017-02-10,14.03999996,14.5,13.84000015,14.14000034,2188200
2017-02-13,14.14999962,14.27999973,13.85999966,13.85999966,1107000
2017-02-14,13.88000011,13.94999981,13.32999992,13.67000008,2641900
2017-02-15,13.68000031,13.81000042,13.52999973,13.67000008,2084200
2017-02-16,13.75,13.75,13.26000023,13.40999985,1801900
2017-02-17,13.52000046,13.64000034,13.30000019,13.5,1387200
2017-02-20,13.64000034,13.73999977,13.39000034,13.39000034,1292500
2017-02-21,13.39000034,13.64999962,13.34000015,13.57999992,1664400
2017-02-22,13.60000038,13.64000034,13.40999985,13.56999969,775000
2017-02-23,13.64999962,13.97000027,12.85999966,13.22999954,2758300
2017-02-24,13.10000038,13.23999977,12.81000042,12.98999977,2179700
2017-03-01,12.94999981,13.13000011,12.52000046,12.89999962,1289900
2017-03-02,12.90999985,13.06999969,12.81999969,12.92000008,1828500
2017-03-03,13.05000019,13.19999981,12.85999966,13.14000034,3363200
2017-03-06,13.17000008,13.47999954,13.02999973,13.18999958,1480300
2017-03-07,13.22000027,13.47000027,13.10999966,13.34000015,1399800
2017-03-08,13.27000046,13.30000019,12.60999966,12.93999958,1762800
2017-03-09,12.89000034,13.34000015,12.68999958,13.10000038,2571500
2017-03-10,13.22000027,13.44999981,13.01000023,13.10000038,3459000
2017-03-13,13.19999981,13.65999985,13.19999981,13.5,2251400
2017-03-14,13.55000019,13.63000011,13.26000023,13.43999958,1616000
2017-03-15,13.44999981,13.60000038,13.17000008,13.47000027,2356600
2017-03-16,13.53999996,13.60000038,13.30000019,13.44999981,2147300
2017-03-17,13.51000023,13.56000042,13.17000008,13.18999958,3257300
2017-03-20,13.26000023,13.51000023,12.94999981,13.44999981,1508900
2017-03-21,13.44999981,13.69999981,13.02999973,13.10000038,3146600
2017-03-22,13.02999973,13.27000046,12.52999973,13.14999962,1953100
2017-03-23,13.06999969,13.31000042,12.88000011,13.0,1192900
2017-03-24,12.93999958,13.03999996,12.27999973,12.75,1419600
2017-03-27,12.72000027,13.0,12.47000027,12.94999981,1361500
2017-03-28,12.89999962,13.21000004,12.73999977,13.10000038,1135900
2017-03-29,13.17000008,13.17000008,12.94999981,13.02999973,921800
2017-03-30,13.10000038,13.36999989,13.06000042,13.27000046,1040700
2017-03-31,13.21000004,13.47999954,13.11999989,13.23999977,654600
2017-04-03,13.18000031,13.31999969,13.10999966,13.15999985,950800
2017-04-04,13.21000004,13.30000019,13.02999973,13.30000019,809400
2017-04-05,13.30000019,13.39999962,12.93999958,13.22000027,2445900
2017-04-06,13.14999962,13.47999954,12.96000004,13.10000038,1798100
2017-04-07,13.22999954,13.31999969,12.85000038,13.0,855000
2017-04-10,13.01000023,13.22999954,12.93999958,13.21000004,833300
2017-04-11,13.30000019,13.35999966,12.89999962,13.14000034,727000
2017-04-12,13.18999958,13.28999996,13.02999973,13.02999973,1007500
2017-04-13,13.02999973,13.19999981,12.89999962,13.19999981,1017800
2017-04-17,13.32999992,13.52999973,13.14999962,13.52000046,1922700
2017-04-18,13.42000008,13.46000004,13.06000042,13.30000019,2421700
2017-04-19,13.39999962,13.39999962,12.85999966,12.97000027,2132600
2017-04-20,13.03999996,13.30000019,13.0,13.19999981,2516800
2017-04-24,13.18999958,13.36999989,12.89999962,12.93999958,1945800
2017-04-25,12.88000011,13.31999969,12.88000011,13.31999969,1565800
2017-04-26,13.27999973,13.31000042,13.06999969,13.11999989,1711800
2017-04-27,13.18000031,13.27999973,12.94999981,12.96000004,1355400
2017-04-28,12.93000031,13.19999981,12.89999962,13.19999981,1448700
2017-05-02,13.02000046,13.64000034,13.02000046,13.5,1867400
2017-05-03,13.60000038,13.73999977,13.19999981,13.52000046,1812500
2017-05-04,13.43000031,13.55000019,13.14000034,13.34000015,1558600
2017-05-05,13.40999985,13.40999985,13.05000019,13.05000019,1056800
2017-05-08,13.10000038,13.14000034,12.65999985,12.77999973,1429200
2017-05-09,12.84000015,13.18999958,12.84000015,13.07999992,983300
2017-05-10,13.15999985,13.47999954,13.13000011,13.28999996,1001700
2017-05-11,13.22000027,13.60000038,13.17000008,13.48999977,820000
2017-05-12,13.39999962,13.64000034,13.18999958,13.39999962,1668000
2017-05-15,13.35000038,13.42000008,13.05000019,13.18000031,1989500
2017-05-16,13.25,13.60999966,13.18999958,13.51000023,1579700
2017-05-17,13.35000038,13.56000042,13.10000038,13.22000027,2553300
2017-05-18,10.10999966,11.56999969,10.10999966,11.06999969,6140000
2017-05-19,11.19999981,11.89999962,11.19999981,11.39999962,4398800
2017-05-22,11.30000019,11.36999989,10.07999992,10.68999958,4504900
2017-05-23,10.81000042,11.10000038,10.65999985,10.77000046,1691700
2017-05-24,11.06999969,11.47000027,10.68999958,11.26000023,3026200
2017-05-25,11.39999962,11.40999985,10.72999954,10.80000019,4477900
2017-05-26,10.88000011,11.14999962,10.86999989,10.93999958,1489300
2017-05-29,10.93999958,10.93999958,10.93999958,10.93999958,0
2017-05-30,11.22999954,11.39000034,10.98999977,11.09000015,1561000
2017-05-31,11.10999966,11.30000019,10.68999958,10.68999958,1587400
2017-06-01,10.68999958,10.97000027,10.55000019,10.68999958,2734000
2017-06-02,10.80000019,11.0,10.68000031,10.81999969,978900
2017-06-05,10.71000004,10.86999989,10.44999981,10.48999977,1191700
2017-06-06,10.5,10.98999977,10.46000004,10.82999992,1421600
2017-06-07,10.96000004,10.97999954,10.65999985,10.84000015,748900
2017-06-08,10.86999989,10.86999989,10.47999954,10.68999958,1502600
2017-06-09,10.75,11.05000019,10.72000027,10.94999981,2357600
2017-06-12,11.02000046,11.14000034,10.56000042,10.72000027,2601000
2017-06-13,10.77000046,10.78999996,10.56999969,10.60999966,1525800
2017-06-14,10.75,10.75,10.27999973,10.5,1802400
2017-06-15,10.5,10.5,10.5,10.5,0
2017-06-16,10.5,10.63000011,10.43000031,10.43000031,986000
2017-06-19,10.56000042,10.59000015,10.39999962,10.53999996,883600
2017-06-20,10.56999969,10.56999969,10.06000042,10.18000031,2220000
2017-06-21,10.22999954,10.39000034,10.10000038,10.19999981,1633100
2017-06-22,10.14999962,10.28999996,10.06999969,10.09000015,1954200
2017-06-23,10.10000038,10.19999981,9.93000031,10.10999966,1128800
2017-06-26,10.17000008,10.61999989,10.15999985,10.52000046,1402400
2017-06-27,10.55000019,10.72000027,10.42000008,10.67000008,2203000
2017-06-28,10.68999958,10.75,10.60999966,10.69999981,1728000
2017-06-29,10.75,11.02000046,10.67000008,10.89999962,1899200
2017-06-30,11.0,11.11999989,10.84000015,10.96000004,1748500
2017-07-03,10.96000004,11.22000027,10.81000042,10.89000034,1449300
2017-07-04,11.0,11.03999996,10.85999966,10.89000034,892500
2017-07-05,10.97999954,11.02999973,10.84000015,10.93999958,999800
2017-07-06,11.03999996,11.05000019,10.69999981,10.82999992,1809700
2017-07-07,10.98999977,11.05000019,10.75,10.75,1575400
2017-07-10,10.78999996,10.90999985,10.59000015,10.80000019,1783800
2017-07-11,10.71000004,11.13000011,10.71000004,11.02000046,1401300
2017-07-12,11.0,11.5,10.98999977,11.30000019,2652900
2017-07-13,11.30000019,11.44999981,11.28999996,11.35999966,645900
2017-07-14,11.46000004,11.56999969,11.35999966,11.5,1070000
2017-07-17,11.47000027,11.60999966,11.39000034,11.53999996,1005800
2017-07-18,11.57999992,11.57999992,11.31000042,11.31000042,1452700
2017-07-19,11.34000015,11.52000046,11.31000042,11.43999958,1888500
2017-07-20,11.71000004,11.93999958,11.69999981,11.85000038,6215600
2017-07-21,11.85000038,12.14999962,11.77000046,12.14999962,1892100
2017-07-24,12.25,12.56999969,12.25,12.36999989,2104700
2017-07-25,12.44999981,12.5,12.06999969,12.06999969,1673200
2017-07-26,12.03999996,12.10999966,11.96000004,12.0,1731200
2017-07-27,12.09000015,12.42000008,12.07999992,12.25,1225400
2017-07-28,12.18000031,12.30000019,12.06000042,12.13000011,1174300
2017-07-31,12.25,12.31999969,12.10999966,12.23999977,1108100
2017-08-01,12.35000038,12.35000038,12.02000046,12.14999962,1856800
2017-08-02,12.14999962,12.52999973,11.97000027,12.52000046,2171400
2017-08-03,12.47000027,12.60000038,12.17000008,12.18999958,1504100
2017-08-04,12.23999977,12.23999977,11.97999954,11.97999954,1248000
2017-08-07,12.01000023,12.42000008,12.01000023,12.42000008,2312000
2017-08-08,12.36999989,12.59000015,12.23999977,12.42000008,1966700
2017-08-09,12.36999989,12.36999989,11.94999981,12.13000011,2274600
2017-08-10,12.07999992,12.18999958,11.94999981,12.05000019,1950400
2017-08-11,11.85999966,12.51000023,11.75,12.34000015,6460100
2017-08-14,12.27000046,12.53999996,12.22000027,12.43000031,2795700
2017-08-15,12.55000019,12.55000019,12.28999996,12.34000015,1216200
2017-08-16,12.43000031,12.52000046,12.02999973,12.39999962,2222200
2017-08-17,12.38000011,12.40999985,12.11999989,12.21000004,1034000
2017-08-18,12.31999969,12.31999969,12.05000019,12.17000008,1530600
2017-08-21,12.17000008,12.36999989,12.05000019,12.10999966,1717600
2017-08-22,12.31000042,12.46000004,12.15999985,12.39999962,2512100
2017-08-23,12.43000031,12.5,12.30000019,12.43000031,1882800
2017-08-24,12.48999977,12.81999969,12.36999989,12.73999977,3020500
2017-08-25,12.89999962,12.96000004,12.52000046,12.61999989,1731700
2017-08-28,12.60000038,12.72999954,12.48999977,12.53999996,1040200
2017-08-29,12.52000046,12.89999962,12.40999985,12.85000038,2209000
2017-08-30,12.90999985,13.14000034,12.80000019,13.10000038,4095100
2017-08-31,13.10999966,13.31000042,13.0,13.18000031,2794900
2017-09-01,13.19999981,13.28999996,12.86999989,13.19999981,2155900
2017-09-04,13.22000027,13.35999966,12.97999954,13.34000015,1325300
2017-09-05,13.38000011,13.67000008,13.31999969,13.67000008,2746300
2017-09-06,13.69999981,14.07999992,13.64000034,13.82999992,4547300
2017-09-07,13.82999992,13.82999992,13.82999992,13.82999992,0
2017-09-08,13.69999981,14.13000011,13.69999981,13.94999981,2387100
2017-09-11,14.10000038,14.51000023,13.96000004,14.51000023,3142800
2017-09-12,14.47999954,14.80000019,14.30000019,14.30000019,2711100
2017-09-13,14.35000038,14.44999981,13.90999985,14.19999981,3005500
2017-09-14,14.22999954,14.48999977,14.15999985,14.48999977,1768800
2017-09-15,14.47999954,14.53999996,14.23999977,14.53999996,2249300
2017-09-18,14.67000008,14.93999958,14.65999985,14.80000019,2402900
2017-09-19,14.80000019,14.81999969,14.43000031,14.47000027,2623500
2017-09-20,14.59000015,14.78999996,14.5,14.78999996,2228800
2017-09-21,14.76000023,14.89999962,14.55000019,14.72999954,860200
2017-09-22,14.80000019,14.89000034,14.44999981,14.56999969,1596800
2017-09-25,14.44999981,14.53999996,13.64999962,13.86999989,2896500
2017-09-26,13.82999992,14.02000046,13.71000004,13.78999996,1137500
2017-09-27,13.80000019,13.81999969,13.30000019,13.39000034,2973200
2017-09-28,13.36999989,13.59000015,13.22000027,13.36999989,1480300
2017-09-29,13.52000046,13.97999954,13.44999981,13.80000019,3117400
2017-10-02,13.85999966,13.92000008,13.57999992,13.76000023,1498100
2017-10-03,13.89000034,14.11999989,13.61999989,14.11999989,2772600
2017-10-04,14.02000046,14.11999989,13.80000019,14.06999969,2137400
2017-10-05,14.26000023,14.60000038,14.26000023,14.32999992,3341800
2017-10-06,14.17000008,14.25,13.96000004,14.01000023,1393800
2017-10-09,14.10000038,14.17000008,13.73999977,13.80000019,898600
2017-10-10,13.84000015,14.22999954,13.84000015,14.21000004,1354200
2017-10-11,14.25,14.5,14.22999954,14.32999992,1732700
2017-10-12,14.32999992,14.32999992,14.32999992,14.32999992,0
2017-10-13,14.48999977,14.5,14.22000027,14.26000023,1433300
2017-10-16,14.21000004,14.40999985,14.06000042,14.18999958,1706600
2017-10-17,14.18999958,14.31999969,13.77000046,13.82999992,2145900
2017-10-18,13.86999989,13.93999958,13.77999973,13.85000038,1503800
2017-10-19,13.89999962,13.94999981,13.30000019,13.43000031,3323900
2017-10-20,13.53999996,13.63000011,13.38000011,13.52000046,2750900
2017-10-23,13.52000046,13.68999958,13.19999981,13.30000019,1785000
2017-10-24,13.31000042,13.55000019,13.13000011,13.40999985,1264300
2017-10-25,13.53999996,13.56000042,13.19999981,13.47000027,1138400
2017-10-26,13.40999985,13.48999977,13.13000011,13.13000011,1508500
2017-10-27,13.18999958,13.56000042,13.13000011,13.28999996,1521600
2017-10-30,13.28999996,13.28999996,12.85999966,12.89000034,1689200
2017-10-31,12.94999981,13.06999969,12.80000019,12.80000019,1542600
2017-11-01,13.0,13.39999962,12.73999977,12.78999996,1366400
2017-11-02,12.78999996,12.78999996,12.78999996,12.78999996,0
2017-11-03,12.82999992,12.94999981,12.47000027,12.71000004,4340200
2017-11-06,12.72000027,13.0,12.48999977,12.60000038,4015600
2017-11-07,12.59000015,12.65999985,12.0,12.07999992,6135300
2017-11-08,12.13000011,12.56000042,12.11999989,12.5,2358000
2017-11-09,12.46000004,12.65999985,11.97999954,11.97999954,2100400
2017-11-10,11.89999962,12.31999969,11.82999992,12.10000038,2262700
2017-11-13,12.19999981,12.19999981,11.93000031,12.10000038,1514900
2017-11-14,12.02000046,12.32999992,11.77000046,11.89000034,1371800
2017-11-15,11.89000034,11.89000034,11.89000034,11.89000034,0
2017-11-16,11.92000008,12.64000034,11.89999962,12.40999985,3545000
2017-11-17,12.40999985,12.60000038,12.19999981,12.53999996,1379100
2017-11-20,12.53999996,12.53999996,12.53999996,12.53999996,0
2017-11-21,12.60000038,12.97000027,12.56000042,12.73999977,1526300
2017-11-22,12.85000038,12.92000008,12.40999985,12.5,2332600
2017-11-23,12.5,12.61999989,12.36999989,12.60000038,1168800
2017-11-24,12.60000038,12.98999977,12.53999996,12.90999985,2297100
2017-11-27,12.90999985,13.02000046,12.60000038,12.77999973,934500
2017-11-28,12.81000042,12.90999985,12.59000015,12.60000038,1236900
2017-11-29,12.5,12.61999989,12.30000019,12.44999981,2729500
2017-11-30,12.30000019,12.43999958,12.05000019,12.18000031,2563200
2017-12-01,12.17000008,12.31000042,11.96000004,12.22000027,1742000
2017-12-04,12.18999958,12.47999954,12.17000008,12.35000038,2263300
2017-12-05,12.44999981,12.75,12.31000042,12.56999969,3142800
2017-12-06,12.44999981,12.73999977,12.36999989,12.68000031,2201000
2017-12-07,12.53999996,12.56999969,12.26000023,12.35999966,2482300
2017-12-08,12.47000027,12.80000019,12.39999962,12.44999981,1190100
2017-12-11,12.64000034,12.85999966,12.48999977,12.57999992,3150700
2017-12-12,12.47000027,12.71000004,12.39000034,12.64000034,1531000
2017-12-13,12.84000015,12.88000011,12.48999977,12.56999969,2998100
2017-12-14,12.42000008,12.71000004,12.39000034,12.56000042,1681100
2017-12-15,12.43999958,12.72999954,12.43999958,12.60000038,5668700
2017-12-18,12.5,12.80000019,12.47999954,12.68999958,2732500
2017-12-19,12.60999966,12.78999996,12.27999973,12.38000011,2736100
2017-12-20,12.42000008,12.64000034,12.42000008,12.47999954,1048200
2017-12-21,12.42000008,13.09000015,12.42000008,12.89999962,5549400
2017-12-22,12.80000019,13.35000038,12.80000019,13.11999989,1655000
2017-12-25,13.11999989,13.11999989,13.11999989,13.11999989,0
2017-12-26,13.28999996,13.35000038,13.0,13.06999969,1159000
2017-12-27,13.10000038,13.31000042,13.02999973,13.14999962,736700
2017-12-28,13.34000015,13.43999958,13.15999985,13.22000027,1030900
2017-12-29,13.22000027,13.22000027,13.22000027,13.22000027,0
2018-01-02,13.27000046,13.44999981,13.23999977,13.31999969,1827500
2018-01-03,13.21000004,13.39999962,13.21000004,13.38000011,1909000
2018-01-04,13.38000011,13.64999962,13.38000011,13.48999977,2298100
2018-01-05,13.82999992,13.85999966,13.60000038,13.69999981,5330000
2018-01-08,13.69999981,13.88000011,13.61999989,13.77000046,2565700
2018-01-09,13.69999981,13.80000019,13.64999962,13.71000004,2849000
2018-01-10,13.55000019,13.77000046,13.42000008,13.42000008,2153000
2018-01-11,13.43999958,13.97000027,13.43999958,13.94999981,4711900
2018-01-12,13.85000038,14.10999966,13.77999973,14.05000019,3239400
2018-01-15,14.14000034,14.39000034,14.10000038,14.39000034,2608200
2018-01-16,14.39999962,14.48999977,14.25,14.27999973,2935100
2018-01-17,14.35999966,14.44999981,14.13000011,14.39999962,3312600
2018-01-18,14.51000023,14.60999966,14.06000042,14.25,3151200
2018-01-19,14.22000027,14.44999981,14.02999973,14.25,1398600
2018-01-22,14.25,14.35999966,14.01000023,14.14999962,852400
2018-01-23,14.05000019,14.17000008,13.72000027,13.96000004,1573000
2018-01-24,14.09000015,14.72000027,14.0,14.5,2842200
2018-01-25,14.5,14.5,14.5,14.5,0
2018-01-26,14.68999958,15.21000004,14.60999966,15.10000038,5067800
2018-01-29,15.10000038,15.18999958,14.82999992,15.0,1299500
2018-01-30,14.94999981,14.94999981,14.72999954,14.89000034,1208600
2018-01-31,15.02999973,15.19999981,14.88000011,14.97999954,4279500
2018-02-01,15.02000046,15.53999996,15.02000046,15.52999973,2745400
2018-02-02,15.35000038,15.43000031,15.19999981,15.39999962,3513000
2018-02-05,15.30000019,15.32999992,14.94999981,14.96000004,1552900
2018-02-06,14.75,15.0,14.27999973,14.93000031,3322300
2018-02-07,14.77000046,15.09000015,14.60000038,14.77000046,2573300
2018-02-08,14.93000031,14.96000004,14.61999989,14.72000027,2445700
2018-02-09,14.55000019,14.77000046,14.34000015,14.55000019,2749700
2018-02-14,14.55000019,14.98999977,14.55000019,14.86999989,1893800
2018-02-15,15.0,15.13000011,14.80000019,14.97000027,1577300
2018-02-16,14.85999966,15.05000019,14.73999977,15.0,2463900
2018-02-19,15.17000008,15.27000046,14.96000004,15.02999973,1049900
2018-02-20,15.06000042,15.21000004,14.89999962,15.13000011,1179400
2018-02-21,15.19999981,15.52999973,15.19999981,15.42000008,2079000
2018-02-22,15.55000019,15.64000034,15.23999977,15.38000011,1997900
2018-02-23,15.5,15.64000034,15.32999992,15.64000034,1610000
2018-02-26,15.68999958,15.86999989,15.64000034,15.82999992,1847100
2018-02-27,15.78999996,15.94999981,15.55000019,15.73999977,2256100
2018-02-28,15.73999977,15.81999969,15.31999969,15.34000015,2780300
2018-03-01,15.35000038,15.69999981,15.07999992,15.19999981,1826200
2018-03-02,15.19999981,15.43000031,14.94999981,15.31000042,2069100
2018-03-05,15.30000019,15.61999989,15.10000038,15.53999996,1256000
2018-03-06,15.56000042,15.68999958,15.43000031,15.5,1679000
2018-03-07,15.48999977,15.56000042,15.36999989,15.40999985,1205000
2018-03-08,15.42000008,15.52000046,14.96000004,15.06000042,1926900
2018-03-09,15.19999981,15.47999954,15.06000042,15.27000046,1621400
2018-03-12,15.25,15.60000038,15.25,15.5,2652500
2018-03-13,15.5,15.68999958,15.26000023,15.36999989,3054700
2018-03-14,15.5,15.52000046,14.97999954,15.25,1532000
2018-03-15,15.11999989,15.18999958,14.76000023,15.14999962,2452000
2018-03-16,14.94999981,15.34000015,14.89000034,15.06999969,2236000
2018-03-19,15.0,15.14000034,14.90999985,14.94999981,1552300
2018-03-20,14.93999958,15.05000019,14.80000019,14.89999962,741600
2018-03-21,14.85999966,15.0,14.68000031,15.0,1158800
2018-03-22,14.93000031,15.26000023,14.85999966,15.14000034,1868900
2018-03-23,15.52000046,15.71000004,14.77999973,14.77999973,2468000
2018-03-26,15.22000027,15.47000027,15.09000015,15.31000042,3948500
2018-03-27,15.32999992,15.5,15.15999985,15.39000034,2814900
2018-03-28,15.26000023,15.38000011,14.85000038,15.28999996,2853800
2018-03-29,15.30000019,15.57999992,15.14999962,15.28999996,1770600
2018-04-02,15.19999981,15.42000008,15.14999962,15.31999969,3965700
2018-04-03,15.39000034,15.69999981,14.96000004,14.96000004,2735800
2018-04-04,14.81999969,14.85000038,14.31999969,14.65999985,3215200
2018-04-05,14.97999954,15.59000015,14.85000038,15.19999981,2795800
2018-04-06,15.18000031,15.39000034,15.0,15.39000034,2266100
2018-04-09,15.42000008,15.5,14.76000023,14.76000023,1450200
2018-04-10,14.94999981,14.96000004,14.59000015,14.77000046,1369800
2018-04-11,14.68999958,15.0,14.43000031,14.56000042,2637300
2018-04-12,14.63000011,14.68999958,14.39999962,14.68999958,3162200
2018-04-13,14.75,14.75,14.14000034,14.19999981,3680800
2018-04-16,14.0,14.26000023,13.85000038,14.0,1692000
2018-04-17,14.05000019,14.17000008,13.89999962,14.13000011,1344100
2018-04-18,14.05000019,14.34000015,14.05000019,14.11999989,1587800
2018-04-19,14.14000034,14.14000034,13.71000004,13.77999973,1926900
2018-04-20,13.71000004,13.71000004,13.39999962,13.60000038,4420700
2018-04-23,13.57999992,13.64999962,13.27999973,13.39999962,2540400
2018-04-24,13.42000008,13.63000011,13.42000008,13.56000042,1845000
2018-04-25,13.39000034,13.48999977,13.19999981,13.47999954,1532800
2018-04-26,13.51000023,13.53999996,13.31000042,13.5,1462400
2018-04-27,13.60000038,14.01000023,13.39999962,13.75,2269700
2018-04-30,13.75,14.05000019,13.75,13.89999962,1831200
2018-05-02,13.92000008,13.97999954,13.44999981,13.44999981,2119000
2018-05-03,13.52999973,13.69999981,13.22000027,13.30000019,1871600
2018-05-04,13.28999996,13.42000008,13.01000023,13.28999996,2052000
2018-05-07,13.65999985,13.81000042,13.35999966,13.43999958,2662900
2018-05-08,12.84000015,13.0,12.63000011,12.92000008,2415100
2018-05-09,12.89999962,13.10000038,12.72999954,12.98999977,1754700
2018-05-10,13.07999992,13.35999966,12.98999977,13.27999973,2457900
2018-05-11,12.98999977,13.02999973,12.56000042,12.56000042,3229800
2018-05-14,12.60999966,12.86999989,12.35999966,12.60999966,2474400
2018-05-15,12.32999992,12.69999981,12.13000011,12.55000019,2477400
2018-05-16,12.57999992,12.77000046,12.48999977,12.71000004,1531500
2018-05-17,13.10000038,13.19999981,12.35999966,12.36999989,3404100
2018-05-18,12.19999981,12.80000019,12.02999973,12.80000019,4070100
2018-05-21,12.84000015,12.94999981,12.47999954,12.61999989,1996700
2018-05-22,12.76000023,13.56000042,12.64999962,13.38000011,2559300
2018-05-23,13.22999954,13.5,12.97000027,12.98999977,2306900
2018-05-24,12.89000034,12.97000027,12.68999958,12.68999958,2616000
2018-05-25,12.81999969,12.94999981,12.40999985,12.43999958,1882900
2018-05-28,12.48999977,12.48999977,11.43000031,11.52999973,2899700
2018-05-29,11.65999985,12.15999985,11.65999985,12.0,5668600
2018-05-30,12.0,12.21000004,11.60000038,11.68999958,3207200
2018-06-01,11.76000023,12.03999996,11.44999981,12.01000023,2424800
2018-06-04,12.02000046,12.19999981,11.89999962,12.05000019,1216600
2018-06-05,11.90999985,12.06999969,11.39999962,11.39999962,3905700
2018-06-06,11.26000023,11.35999966,10.78999996,11.19999981,4232300
2018-06-07,11.10000038,11.25,10.14999962,10.35000038,12309900
2018-06-08,10.5,10.73999977,10.21000004,10.53999996,7772500
2018-06-11,10.56999969,10.97999954,10.46000004,10.63000011,3488100
2018-06-12,10.56999969,10.85000038,10.40999985,10.53999996,3324100
2018-06-13,10.56999969,10.72000027,10.10000038,10.5,7026500
2018-06-14,10.35999966,10.59000015,10.28999996,10.32999992,2923400
2018-06-15,10.27000046,10.30000019,9.92000008,10.05000019,4857500
2018-06-18,9.89999962,10.14999962,9.80000019,10.02000046,2484700
2018-06-19,9.89999962,10.60000038,9.89999962,10.36999989,2431100
2018-06-20,10.36999989,10.92000008,10.27999973,10.80000019,4077800
2018-06-21,10.68000031,10.85999966,10.48999977,10.60000038,2853600
2018-06-22,10.56000042,10.68000031,10.32999992,10.43000031,1614900
2018-06-25,10.51000023,10.73999977,10.35000038,10.69999981,1518300
2018-06-26,10.68000031,10.80000019,10.48999977,10.68999958,1073000
2018-06-27,10.53999996,10.71000004,10.35000038,10.42000008,994600
2018-06-28,10.39000034,10.77999973,10.39000034,10.69999981,1296900
2018-06-29,10.86999989,11.28999996,10.72000027,11.0,2669500
2018-07-02,10.90999985,11.01000023,10.65999985,10.84000015,796400
2018-07-03,10.98999977,11.21000004,10.90999985,11.13000011,927100
2018-07-04,11.23999977,11.56999969,10.97999954,11.46000004,1155200
2018-07-05,11.51000023,11.60000038,11.13000011,11.42000008,1031100
2018-07-06,11.56000042,11.64000034,11.34000015,11.59000015,683000
2018-07-10,11.64999962,11.68999958,11.31999969,11.5,1749800
2018-07-11,11.39999962,11.55000019,11.36999989,11.44999981,1452200
2018-07-12,11.51000023,11.96000004,11.51000023,11.93999958,3839000
2018-07-13,12.05000019,12.10000038,11.77999973,11.88000011,1960400
2018-07-16,11.93999958,12.02000046,11.61999989,11.61999989,1442100
2018-07-17,11.86999989,12.0,11.52000046,11.68000031,2484200
2018-07-18,11.60000038,11.72999954,11.43999958,11.56999969,1436100
2018-07-19,11.42000008,12.02000046,11.22000027,12.02000046,2902400
2018-07-20,12.10000038,12.61999989,12.0,12.31999969,3301900
2018-07-23,12.30000019,12.30000019,11.97000027,12.06999969,1434200
2018-07-24,12.18999958,12.34000015,12.11999989,12.27999973,1689100
2018-07-25,12.34000015,12.67000008,12.30000019,12.51000023,2412100
2018-07-26,12.52000046,12.52000046,12.02999973,12.10000038,1991000
2018-07-27,12.14000034,12.27000046,11.97000027,12.0,3801200
2018-07-30,12.05000019,12.13000011,11.72999954,11.72999954,1553400
2018-07-31,11.71000004,11.80000019,11.52999973,11.59000015,3505800
2018-08-01,11.68999958,12.14999962,11.56000042,12.11999989,4727700
2018-08-02,12.0,12.18999958,11.85999966,11.94999981,2735700
2018-08-03,12.06000042,12.34000015,11.90999985,12.31000042,2321900
2018-08-06,12.32999992,12.38000011,12.03999996,12.14999962,1108200
2018-08-07,12.15999985,12.46000004,11.93999958,11.98999977,2506800
2018-08-08,11.93000031,12.32999992,11.93000031,12.06999969,1693600
2018-08-09,12.18999958,12.22000027,11.73999977,12.19999981,3561200
2018-08-10,12.09000015,12.09000015,11.63000011,11.63000011,4378400
2018-08-13,11.61999989,11.92000008,11.34000015,11.52999973,1701200
2018-08-14,11.69999981,12.11999989,11.56000042,11.90999985,2039900
2018-08-15,11.84000015,11.86999989,11.61999989,11.72999954,1880200
2018-08-16,11.75,11.96000004,11.53999996,11.53999996,1366700
2018-08-17,11.44999981,11.53999996,11.23999977,11.35000038,1262600
2018-08-20,11.23999977,11.35000038,11.11999989,11.14999962,1186900
2018-08-21,11.06999969,11.22000027,10.73999977,10.81999969,2674900
2018-08-22,10.69999981,11.09000015,10.68999958,11.0,2622200
2018-08-23,11.0,11.22999954,10.77000046,10.77999973,1375900
2018-08-24,10.96000004,11.02000046,10.55000019,10.69999981,1766500
2018-08-27,10.67000008,11.0,10.67000008,10.89999962,1538700
2018-08-28,10.85000038,10.96000004,10.72000027,10.86999989,1542300
2018-08-29,10.90999985,11.19999981,10.89000034,10.89999962,1595900
2018-08-30,10.89999962,10.93000031,10.72999954,10.81999969,1007900
2018-08-31,10.75,11.05000019,10.69999981,10.93000031,1617500
2018-09-03,10.77999973,10.85999966,10.56999969,10.69999981,1167500
2018-09-04,10.72999954,10.72999954,10.5,10.64000034,2352300
2018-09-05,10.64000034,10.71000004,10.40999985,10.55000019,2038800
2018-09-06,10.68000031,10.75,10.44999981,10.69999981,1584300
2018-09-10,10.82999992,11.02000046,10.69999981,10.72000027,1903900
2018-09-11,10.55000019,10.56000042,10.15999985,10.31999969,2763000
2018-09-12,10.42000008,10.43999958,10.19999981,10.31999969,1626100
2018-09-13,10.35000038,10.39000034,10.01000023,10.10000038,3146400
2018-09-14,10.10000038,10.43000031,10.10000038,10.31000042,2289600
2018-09-17,10.31000042,10.52000046,10.31000042,10.44999981,3225200
2018-09-18,10.40999985,10.80000019,10.35999966,10.56999969,2656800
2018-09-19,10.44999981,10.89000034,10.44999981,10.56999969,3018000
2018-09-20,10.68999958,10.81000042,10.44999981,10.57999992,2065300
2018-09-21,10.60000038,10.72000027,10.39999962,10.61999989,6051300
2018-09-24,10.55000019,10.68000031,10.39999962,10.57999992,1604100
2018-09-25,10.44999981,10.5,10.26000023,10.31000042,2039300
2018-09-26,10.38000011,10.85999966,10.35999966,10.60999966,2129700
2018-09-27,10.64999962,11.14999962,10.64999962,11.14999962,2473400
2018-09-28,11.0,11.11999989,10.72999954,10.73999977,2071000
2018-10-01,10.80000019,10.81999969,10.5,10.52999973,1729500
2018-10-02,10.80000019,11.26000023,10.77000046,11.01000023,3727900
2018-10-03,11.75,12.05000019,11.68000031,11.89999962,5615000
2018-10-04,11.75,12.05000019,11.57999992,12.03999996,1891400
2018-10-05,12.11999989,12.19999981,11.85999966,11.98999977,1815800
2018-10-08,12.89999962,14.06000042,12.86999989,13.39000034,8635100
2018-10-09,13.30000019,13.75,13.14000034,13.5,5813500
2018-10-10,13.28999996,13.30000019,12.77000046,12.89999962,4337200
2018-10-11,13.10999966,13.18000031,12.43999958,12.60000038,2283100
2018-10-15,12.82999992,12.97000027,12.28999996,12.51000023,3169700
2018-10-16,12.64999962,13.28999996,12.32999992,13.03999996,3663300
2018-10-17,13.25,13.35000038,12.85000038,12.85000038,4902200
2018-10-18,12.93999958,12.94999981,12.43999958,12.63000011,6600700
2018-10-19,12.80000019,12.84000015,12.44999981,12.56999969,6792700
2018-10-22,12.78999996,13.38000011,12.64999962,13.14999962,3639300
2018-10-23,12.89000034,13.81999969,12.82999992,13.60000038,4760800
2018-10-24,13.61999989,13.89999962,13.23999977,13.60000038,5454900
2018-10-25,13.60999966,14.0,13.47999954,13.85000038,5146300
2018-10-26,13.68000031,13.97000027,13.44999981,13.67000008,3379500
2018-10-29,14.02000046,14.27000046,13.30000019,13.65999985,9785700
2018-10-30,13.98999977,14.55000019,13.60999966,14.39000034,5557100
2018-10-31,14.56999969,14.84000015,14.32999992,14.60000038,3712700
2018-11-01,14.61999989,14.76000023,14.25,14.25,2812900
2018-11-05,14.27000046,14.40999985,14.07999992,14.18000031,2254800
2018-11-06,14.10000038,14.28999996,13.75,13.89000034,2393800
2018-11-07,14.09000015,14.09000015,13.35000038,13.68999958,2720300
2018-11-08,13.85000038,13.85000038,13.15999985,13.39000034,2881700
2018-11-09,13.05000019,13.40999985,12.85999966,13.39999962,4517500
2018-11-12,13.31000042,13.31000042,12.94999981,13.06000042,3083700
2018-11-13,13.01000023,13.38000011,12.72000027,13.05000019,3757800
2018-11-14,13.05000019,13.73999977,13.02999973,13.73999977,8398300
2018-11-16,13.75,14.35000038,13.51000023,14.35000038,5476000
2018-11-19,14.19999981,14.31000042,13.97000027,14.19999981,2056800
2018-11-21,14.10000038,14.56999969,13.89999962,14.31000042,4501300
2018-11-22,14.30000019,14.60000038,14.22999954,14.34000015,2411300
2018-11-23,14.39999962,14.44999981,14.0,14.02000046,3616400
2018-11-26,14.18999958,14.35000038,13.67000008,13.85000038,2630400
2018-11-27,13.85000038,14.26000023,13.85000038,14.19999981,2422000
2018-11-28,14.18000031,14.39000034,13.89000034,14.17000008,2770700
2018-11-29,14.18000031,14.30000019,13.73999977,13.81999969,3256700
2018-11-30,13.97000027,14.23999977,13.75,14.23999977,2534200
2018-12-03,14.35000038,14.56000042,14.19999981,14.26000023,2263800
2018-12-04,14.30000019,14.44999981,13.90999985,14.02999973,2348100
2018-12-05,14.19999981,14.43999958,14.05000019,14.39999962,3143700
2018-12-06,14.28999996,14.72000027,14.18999958,14.69999981,3034200
2018-12-07,14.69999981,14.77000046,14.52000046,14.75,2027400
2018-12-10,14.76000023,15.10999966,14.72000027,15.0,7361200
2018-12-11,15.06999969,15.26000023,14.92000008,15.25,2704600
2018-12-12,15.25,15.47999954,14.86999989,14.86999989,3535900
2018-12-13,14.98999977,15.39000034,14.86999989,15.21000004,4253700
2018-12-14,15.34000015,15.52999973,15.14000034,15.46000004,2371900
2018-12-17,15.52999973,15.72999954,15.13000011,15.18000031,3464600
2018-12-18,15.31999969,15.63000011,15.19999981,15.5,4438200
2018-12-19,15.09000015,15.40999985,14.80000019,14.96000004,3355300
2018-12-20,15.05000019,15.39000034,14.69999981,14.90999985,7159000
2018-12-21,14.89999962,15.17000008,14.60000038,14.90999985,7702900
2018-12-26,14.71000004,15.0,14.68999958,14.82999992,1844600
2018-12-27,14.68000031,15.03999996,14.60000038,15.03999996,1330900
2018-12-28,15.0,15.60000038,14.86999989,15.47000027,3755400
2019-01-02,15.69999981,15.89000034,15.30000019,15.86999989,2415000
2019-01-03,15.80000019,16.21999931,15.60999966,16.12999916,3275400
2019-01-04,16.12000084,16.12000084,15.72999954,15.98999977,3572400
2019-01-07,16.0,16.09000015,15.72999954,15.89999962,1644300
2019-01-08,15.97999954,16.01000023,15.69999981,15.78999996,2151500
2019-01-09,15.73999977,16.06999969,15.71000004,15.85000038,2344400
2019-01-10,15.89000034,16.35000038,15.71000004,16.10000038,6596600
2019-01-11,16.18000031,16.73999977,16.11000061,16.54999924,4496400
2019-01-14,16.82999992,16.92000008,16.47999954,16.85000038,6748300
2019-01-15,16.86000061,17.10000038,16.39999962,16.5,2617900
2019-01-16,16.5,16.63999939,16.21999931,16.35000038,3428900
2019-01-17,16.28000069,17.18000031,16.28000069,17.04999924,4318700
2019-01-18,17.20999908,17.46999931,16.79000092,17.05999947,5445900
2019-01-21,17.14999962,17.19000053,16.79000092,17.19000053,1924200
2019-01-22,17.04999924,17.27000046,16.67000008,17.04000092,2499200
2019-01-23,17.20000076,17.34000015,16.87000084,17.15999985,2405700
2019-01-24,17.14999962,17.35000038,17.04999924,17.35000038,1764800
2019-01-28,17.29999924,17.29999924,16.94000053,17.19000053,3492600
2019-01-29,17.29999924,17.29999924,17.0,17.06999969,2417100
2019-01-30,17.06999969,17.15999985,16.85000038,17.12000084,2653100
2019-01-31,17.13999939,17.13999939,16.70000076,17.01000023,5321400
2019-02-01,16.95000076,17.12999916,16.62999916,16.72999954,2956300
2019-02-04,16.72999954,17.14999962,16.54999924,17.14999962,2809200
2019-02-05,17.13999939,17.14999962,16.69000053,17.14999962,2162600
2019-02-06,16.96999931,17.07999992,16.43000031,16.87000084,2476000
2019-02-07,16.85000038,16.93000031,16.20999908,16.34000015,4040800
2019-02-08,16.29999924,16.63999939,16.09000015,16.62999916,2721300
2019-02-11,16.76000023,16.85000038,16.46999931,16.69000053,2588000
2019-02-12,16.88999939,16.88999939,16.28000069,16.44000053,3715800
2019-02-13,16.53000069,16.62000084,16.31999969,16.32999992,2145300
2019-02-14,16.29999924,16.73999977,15.94999981,16.70999908,2476500
2019-02-15,16.60000038,16.73999977,16.40999985,16.5,1229900
2019-02-18,16.42000008,16.87999916,16.31999969,16.79999924,1142600
2019-02-19,16.79999924,16.98999977,16.62000084,16.62999916,1632200
2019-02-20,16.64999962,16.79000092,16.47999954,16.62999916,1932900
2019-02-21,16.62000084,16.71999931,16.17000008,16.45999908,3043500
2019-02-22,16.57999992,17.10000038,16.39999962,16.95000076,1899100
2019-02-25,17.04000092,17.14999962,16.82999992,17.05999947,5272000
2019-02-26,17.06999969,17.14999962,16.80999947,17.01000023,5978900
2019-02-27,17.0,17.47999954,16.90999985,17.45999908,3052500
2019-02-28,17.46999931,17.56999969,16.93000031,17.10000038,2183100
2019-03-01,17.20000076,17.22999954,16.78000069,16.95000076,2225800
2019-03-06,17.10000038,17.10000038,16.71999931,16.71999931,1976400
2019-03-07,16.70000076,16.95999908,16.53000069,16.95999908,1253300
2019-03-08,16.94000053,17.29000092,16.55999947,17.23999977,2662700
2019-03-11,17.23999977,17.45000076,17.11000061,17.35000038,1914100
2019-03-12,17.39999962,17.40999985,16.81999969,16.85000038,3350200
2019-03-13,16.87999916,17.28000069,16.68000031,17.28000069,1858800
2019-03-14,17.28000069,17.5,17.07999992,17.25,1871700
2019-03-15,17.27000046,17.30999947,16.96999931,17.14999962,1347900
2019-03-18,17.34000015,17.34000015,17.03000069,17.28000069,966100
2019-03-19,17.31999969,18.20000076,17.23999977,18.0,3789400
2019-03-20,18.20000076,18.28000069,17.72999954,17.87000084,2594900
2019-03-21,17.86000061,17.88999939,16.90999985,17.20000076,3951300
2019-03-22,17.20000076,17.20000076,15.64000034,16.23999977,8781800
2019-03-25,16.23999977,16.36000061,15.64000034,15.92000008,4832700
2019-03-26,15.92000008,16.42000008,15.68000031,16.25,4818500
2019-03-27,15.94999981,16.07999992,15.35000038,15.48999977,4076800
2019-03-28,15.28999996,16.19000053,15.18999958,16.04000092,3736400
2019-03-29,16.19000053,16.28000069,15.84000015,16.27000046,3654700
2019-04-01,16.39999962,16.39999962,15.93999958,16.12000084,1900700
2019-04-02,16.06999969,16.11000061,15.64999962,16.04999924,2277900
2019-04-03,16.10000038,16.15999985,15.56999969,15.72999954,2572100
2019-04-04,15.86999989,16.17000008,15.59000015,16.17000008,3813300
2019-04-05,16.0,16.71999931,16.0,16.37999916,2914000
2019-04-08,16.26000023,16.45000076,16.0,16.20000076,1805300
2019-04-09,16.02000046,16.26000023,15.81000042,16.13999939,2885400
2019-04-10,16.29999924,16.45999908,15.97000027,16.45000076,2181700
2019-04-11,16.29999924,16.42000008,15.88000011,15.92000008,3256000
2019-04-12,15.89000034,16.14999962,15.63000011,15.76000023,1870800
2019-04-15,15.80000019,15.89999962,15.56000042,15.78999996,1757700
2019-04-16,15.71000004,16.18000031,15.59000015,15.64999962,2065700
2019-04-17,15.81999969,16.10000038,15.42000008,15.60000038,4296200
2019-04-18,15.64999962,15.98999977,15.48999977,15.90999985,2045700
2019-04-22,15.81999969,16.13999939,15.72000027,16.02000046,2278200
2019-04-23,16.12000084,16.81999969,16.02000046,16.61000061,6507200
2019-04-24,16.48999977,16.68000031,16.23999977,16.32999992,2150400
2019-04-25,16.35000038,16.82999992,16.10000038,16.82999992,2824600
2019-04-26,16.82999992,17.12999916,16.69000053,16.94000053,1434900
2019-04-29,17.0,17.20999908,16.92000008,17.20999908,1854500
2019-04-30,17.21999931,17.78000069,17.0,17.78000069,3169700
2019-05-02,17.56999969,17.62999916,17.07999992,17.07999992,3710200
2019-05-03,17.10000038,17.13999939,16.78000069,16.78000069,2369400
2019-05-06,16.48999977,16.84000015,16.29999924,16.80999947,2260400
2019-05-07,16.67000008,17.10000038,16.57999992,16.97999954,2858000
2019-05-08,17.01000023,17.23999977,16.94000053,17.11000061,2281800
2019-05-09,16.90999985,17.43000031,16.84000015,17.25,2949200
2019-05-10,17.39999962,17.54000092,16.98999977,17.14999962,3790000
2019-05-13,16.79999924,17.04999924,16.54999924,16.70000076,3207800
2019-05-14,16.79999924,16.79999924,16.47999954,16.60000038,2227600
2019-05-15,16.30999947,16.36000061,15.52000046,15.94999981,5910700
2019-05-16,15.88000011,15.93000031,15.53999996,15.53999996,2660400
2019-05-17,15.5,15.81000042,15.26000023,15.26000023,4121700
2019-05-20,15.34000015,16.46999931,15.32999992,16.30999947,3601000
2019-05-21,16.27000046,16.92000008,16.27000046,16.73999977,2723700
2019-05-22,16.81999969,17.07999992,16.54999924,16.78000069,3654200
2019-05-23,16.79999924,16.85000038,16.5,16.5,2370700
2019-05-24,16.60000038,16.67000008,16.37999916,16.37999916,1558300
2019-05-27,16.30999947,16.78000069,16.30999947,16.78000069,1010100
2019-05-28,16.89999962,16.90999985,16.57999992,16.70999908,2324500
2019-05-29,16.70999908,17.07999992,16.54999924,16.90999985,1958400
2019-05-30,16.92000008,17.67000008,16.90999985,17.17000008,3192900
2019-05-31,17.15999985,17.54999924,16.95999908,17.44000053,6208000
2019-06-03,17.57999992,17.65999985,17.29999924,17.5,2789200
2019-06-04,17.65999985,17.85000038,17.52000046,17.82999992,2858100
2019-06-05,17.88999939,18.03000069,17.77000046,17.87000084,4603300
2019-06-06,18.06999969,18.19000053,17.73999977,18.04999924,2449600
2019-06-07,18.06999969,19.0,18.06999969,18.78000069,4614800
2019-06-10,18.64999962,18.76000023,18.42000008,18.54999924,2613300
2019-06-11,18.44000053,18.95999908,18.44000053,18.95000076,3676400
2019-06-12,18.89999962,19.38999939,18.37999916,18.70999908,3746200
2019-06-13,18.76000023,19.23999977,18.68000031,18.98999977,2873300
2019-06-14,18.90999985,19.34000015,18.79000092,19.0,2958500
2019-06-17,19.10000038,19.14999962,18.85000038,18.95000076,3500100
2019-06-18,19.12999916,19.48999977,18.96999931,19.45000076,3290500
2019-06-19,19.40999985,19.73999977,19.10000038,19.70000076,2744500
2019-06-21,19.61000061,20.12999916,19.61000061,19.85000038,4213200
2019-06-24,19.94000053,20.21999931,19.81999969,20.0,2966500
2019-06-25,19.89999962,20.0,19.19000053,19.39999962,2459600
2019-06-26,19.56999969,19.95000076,19.39999962,19.69000053,4450900
2019-06-27,19.5,20.34000015,19.45999908,20.04999924,3349400
2019-06-28,20.29000092,20.82999992,20.11000061,20.79999924,4512900
2019-07-01,20.89999962,21.06999969,20.57999992,20.93000031,2908400
2019-07-02,21.14999962,21.26000023,20.70999908,21.10000038,2899100
2019-07-03,21.04999924,22.0,21.01000023,22.0,2868600
2019-07-04,22.10000038,22.84000015,22.10000038,22.5,4355600
2019-07-05,22.63999939,22.98999977,22.32999992,22.86000061,3450000
2019-07-08,23.31999969,23.43000031,23.04999924,23.10000038,3567700
2019-07-10,23.52000046,24.10000038,23.40999985,23.86000061,5685800
2019-07-11,23.14999962,23.20000076,22.5,22.84000015,3519800
2019-07-12,22.93000031,22.93000031,22.10000038,22.20000076,3252100
2019-07-15,22.19000053,22.19000053,21.64999962,21.95999908,2291500
2019-07-16,22.48999977,22.60000038,21.78000069,22.14999962,4636100
2019-07-17,22.36000061,22.48999977,21.79999924,22.03000069,1958900
2019-07-18,22.10000038,22.54999924,22.10000038,22.54999924,2785900
2019-07-19,22.59000015,22.70000076,21.93000031,21.94000053,2518800
2019-07-22,21.93000031,22.20000076,21.55999947,21.82999992,4557500
2019-07-23,21.93000031,22.34000015,21.93000031,22.34000015,3851700
2019-07-24,22.47999954,22.73999977,22.37000084,22.64999962,2971500
2019-07-25,22.65999985,22.87000084,22.31999969,22.51000023,3048800
2019-07-26,22.60000038,23.70000076,22.37000084,23.45000076,3713200
2019-07-29,23.44000053,23.94000053,23.29999924,23.75,3476300
2019-07-30,23.73999977,24.47999954,23.65999985,24.27000046,2440500
2019-07-31,24.26000023,24.88999939,24.04000092,24.39999962,6971900
2019-08-01,24.72999954,25.87999916,24.68000031,25.51000023,5097100
2019-08-02,26.0,26.0,25.01000023,25.35000038,4339100
2019-08-05,25.0,25.02000046,24.26000023,24.60000038,5907000
2019-08-06,24.73999977,25.82999992,24.73999977,25.45999908,4029800
2019-08-07,25.09000015,25.78000069,25.01000023,25.37999916,3931400
2019-08-08,25.79000092,26.14999962,25.46999931,26.07999992,5750500
2019-08-09,26.31999969,26.96999931,25.23999977,25.5,5084000
2019-08-12,25.0,25.12000084,24.13999939,24.70000076,4918800
2019-08-13,24.55999947,25.43000031,24.55999947,24.97999954,2949500
2019-08-14,24.5,24.71999931,23.70999908,24.10000038,4244500
2019-08-15,24.39999962,24.39999962,22.97999954,23.36000061,5382000
2019-08-16,23.89999962,24.29999924,23.11000061,24.0,5773300
2019-08-19,24.34000015,24.70000076,23.18000031,23.69000053,3659300
2019-08-20,23.73999977,23.75,22.82999992,23.29999924,3784300
2019-08-21,23.64999962,25.23999977,23.64999962,25.20000076,10405500
2019-08-22,25.46999931,25.80999947,24.47999954,24.47999954,5455800
2019-08-23,24.37000084,24.54000092,23.70000076,23.84000015,5208600
2019-08-26,23.85000038,24.23999977,22.90999985,23.13999939,2928800
2019-08-27,23.14999962,23.98999977,23.14999962,23.79000092,3596500
2019-08-28,23.69000053,23.98999977,23.32999992,23.71999931,2149900
2019-08-29,24.0,24.79999924,23.65999985,24.38999939,2968900
2019-08-30,24.79999924,25.45999908,24.54999924,25.19000053,5140600
2019-09-02,24.95999908,26.14999962,24.95999908,25.81999969,2115800
2019-09-03,25.85000038,26.03000069,24.88999939,25.07999992,5296900
2019-09-04,25.35000038,25.35000038,23.64999962,23.79999924,34204100
2019-09-05,24.05999947,24.36000061,23.52000046,23.89999962,5258800
2019-09-06,24.10000038,24.32999992,23.20000076,23.39999962,3662800
2019-09-09,23.39999962,23.40999985,21.62000084,21.89999962,8915800
2019-09-10,21.89999962,22.34000015,21.64999962,22.34000015,6035100
2019-09-11,22.53000069,22.85000038,22.23999977,22.85000038,7019900
2019-09-12,22.98999977,23.18000031,22.47999954,22.60000038,3036200
2019-09-13,22.62999916,22.73999977,21.96999931,22.03000069,2349400
2019-09-16,22.11000061,22.13999939,21.28000069,21.79999924,3267200
2019-09-17,21.70000076,22.82999992,21.61000061,22.82999992,5302100
2019-09-18,22.60000038,22.81999969,22.34000015,22.81999969,4084400
2019-09-19,23.20000076,24.12999916,23.06999969,23.35000038,5630100
2019-09-20,23.5,23.75,23.06999969,23.51000023,4857000
2019-09-23,23.31999969,23.64999962,22.97999954,23.52000046,2449100
2019-09-24,23.64999962,23.64999962,23.0,23.29999924,2278100
2019-09-25,23.29999924,23.32999992,22.85000038,22.92000008,2761900
2019-09-26,23.0,23.54999924,22.90999985,23.52000046,1996800
2019-09-27,23.54000092,23.73999977,23.20999908,23.55999947,2115300
2019-09-30,23.56999969,24.10000038,23.45000076,24.04999924,3386100
2019-10-01,24.14999962,24.31999969,23.85000038,24.23999977,2859700
2019-10-02,24.0,24.01000023,23.12999916,23.35000038,3143100
2019-10-03,23.34000015,24.40999985,23.04000092,24.40999985,3195000
2019-10-04,24.43000031,25.10000038,24.06999969,25.10000038,3455400
2019-10-07,24.81999969,25.14999962,24.34000015,24.5,2775400
2019-10-08,24.5,24.98999977,24.20999908,24.39999962,1979400
2019-10-09,24.51000023,24.78000069,24.12000084,24.26000023,1720300
2019-10-10,24.20000076,24.87000084,23.95999908,24.56999969,1752400
2019-10-11,24.89999962,25.0,24.54999924,24.90999985,1791700
2019-10-14,25.0,25.25,24.70999908,25.25,1616800
2019-10-15,25.87999916,25.87999916,25.38999939,25.52000046,3272800
2019-10-16,25.54999924,26.34000015,24.97999954,26.18000031,6828800
2019-10-17,26.45999908,27.27000046,25.87000084,26.34000015,8377900
2019-10-18,26.30999947,26.5,25.60000038,26.0,5255800
2019-10-21,26.12999916,26.12999916,25.70999908,25.88999939,2403300
2019-10-22,25.92000008,26.29999924,25.54999924,26.29999924,3127900
2019-10-23,26.39999962,26.60000038,25.61000061,25.70000076,2916700
2019-10-24,25.76000023,25.88999939,25.20000076,25.70000076,3531400
2019-10-25,25.71999931,26.04000092,25.35000038,25.97999954,2361800
2019-10-28,26.20000076,26.31999969,25.64999962,26.20999908,1828600
2019-10-29,26.18000031,26.18000031,25.55999947,26.09000015,2465700
2019-10-30,26.06999969,26.5,25.73999977,26.47999954,3108300
2019-10-31,26.38999939,27.10000038,26.04999924,26.93000031,4220900
2019-11-01,27.47999954,28.29999924,27.38999939,28.21999931,7649300
2019-11-04,28.29999924,28.76000023,28.14999962,28.45999908,4050300
2019-11-05,28.60000038,28.67000008,27.48999977,27.75,3245000
2019-11-06,27.82999992,27.89999962,27.25,27.65999985,2271100
2019-11-07,27.82999992,28.09000015,27.63999939,27.90999985,1572800
2019-11-08,27.89999962,28.0,27.07999992,27.54000092,2092100
2019-11-11,27.36000061,27.94000053,27.10000038,27.64999962,2449500
2019-11-12,27.40999985,27.62999916,26.18000031,26.70999908,4367400
2019-11-13,26.62000084,26.95000076,26.43000031,26.60000038,3092000
2019-11-14,26.79999924,27.69000053,26.52000046,27.37000084,4237300
2019-11-18,27.63999939,27.94000053,27.01000023,27.20999908,2183800
2019-11-19,27.5,27.69000053,26.47999954,26.79999924,3020700
2019-11-21,26.79999924,27.69000053,26.77000046,27.53000069,3362800
2019-11-22,27.56999969,27.77000046,26.68000031,27.25,3249800
2019-11-25,27.29999924,27.45000076,26.85000038,27.27000046,3256300
2019-11-26,27.27000046,27.40999985,26.26000023,26.76000023,4097000
2019-11-27,26.70000076,26.82999992,25.64999962,26.34000015,6209300
2019-11-28,26.45000076,27.10000038,26.11000061,27.0,3927900
2019-11-29,27.0,27.09000015,26.56999969,26.84000015,1790600
2019-12-02,26.70999908,27.25,26.59000015,26.62000084,2666200
2019-12-03,26.62000084,27.23999977,26.47999954,27.23999977,3389400
2019-12-04,27.39999962,27.62000084,27.04999924,27.61000061,3365300
2019-12-05,27.59000015,27.89999962,27.09000015,27.70999908,2482100
2019-12-06,28.0,28.94000053,27.72999954,28.77000046,10474400
2019-12-09,29.10000038,29.31999969,28.90999985,28.97999954,3531600
2019-12-10,29.10000038,29.42000008,28.70000076,28.98999977,6204200
2019-12-11,27.81999969,28.22999954,27.57999992,28.0,4342000
2019-12-12,28.29999924,28.87999916,27.86000061,28.67000008,5201200
2019-12-13,28.87000084,29.46999931,28.70999908,29.43000031,3689100
2019-12-16,29.5,30.11000061,29.14999962,30.11000061,3386300
2019-12-17,30.20000076,30.26000023,29.15999985,29.65999985,3710000
2019-12-18,29.79999924,29.95999908,29.25,29.70000076,3860700
2019-12-19,29.5,29.72999954,28.90999985,29.29000092,3459800
2019-12-20,29.29999924,29.43000031,28.82999992,29.18000031,2697800
2019-12-23,29.35000038,29.35000038,28.87999916,29.25,1996200
2019-12-26,29.39999962,30.0,29.25,30.0,3127500
2019-12-27,30.11000061,30.38999939,29.64999962,30.02000046,3083900
2019-12-30,30.17000008,30.23999977,29.57999992,29.69000053,3254800
2020-01-02,29.79999924,31.11000061,29.73999977,31.11000061,4995800
2020-01-03,30.95000076,32.79999924,30.36000061,32.79999924,7411200
2020-01-06,32.47000122,32.95000076,32.15999985,32.5,6424500
2020-01-07,32.20000076,32.79999924,31.85000038,32.59999847,4388400
2020-01-08,32.70000076,32.70000076,31.57999992,31.59000015,5799200
2020-01-09,31.70000076,31.96999931,31.11000061,31.43000031,5539000
2020-01-10,31.44000053,31.79999924,31.30999947,31.64999962,5039600
2020-01-13,31.78000069,32.40000153,31.56999969,32.25,5493100
2020-01-14,32.06999969,32.88999939,31.97999954,32.5,4732300
2020-01-15,32.5,32.5,31.85000038,32.0,4687600
2020-01-16,32.15000153,32.29000092,31.60000038,32.11999893,2775400
2020-01-17,32.29999924,33.13000107,31.75,33.13000107,3389300
2020-01-20,33.38000107,33.91999817,32.52999878,33.84999847,3998600
2020-01-21,33.29999924,33.95000076,32.93000031,33.52000046,4988000
2020-01-22,33.63999939,34.08000183,33.08000183,34.02999878,3655000
2020-01-23,33.61999893,34.38000107,33.45999908,34.38000107,4232100
2020-01-24,34.34999847,34.40000153,33.13000107,33.34000015,2995800
2020-01-27,32.5,32.91999817,31.73999977,32.20000076,4110300
2020-01-28,32.29999924,33.25999832,32.29999924,33.08000183,2647800
2020-01-29,33.29000092,33.43000031,32.49000168,32.74000168,2694600
2020-01-30,31.89999962,32.47000122,30.60000038,32.47000122,3972100
2020-01-31,32.02999878,32.09000015,31.26000023,31.79999924,4211600
2020-02-03,32.27000046,32.97999954,31.79999924,32.45000076,4328400
2020-02-04,33.00999832,33.33000183,32.63999939,32.84999847,3728200
2020-02-05,33.27999878,34.08000183,32.63000107,33.0,4657800
2020-02-06,33.04999924,33.40000153,32.40000153,33.0,6536000
2020-02-07,32.58000183,32.91999817,31.78000069,32.72999954,4441200
2020-02-10,32.45999908,32.70000076,30.78000069,30.79000092,5169500
2020-02-11,31.18000031,32.41999817,30.90999985,32.15999985,5551400
2020-02-12,32.33000183,32.81999969,32.02000046,32.81999969,2961000
2020-02-13,32.20999908,33.02000046,31.90999985,32.77000046,3173700
2020-02-14,32.65000153,32.79000092,32.06000137,32.5,2751600
2020-02-17,32.61999893,32.93000031,32.08000183,32.81999969,2081400
2020-02-18,32.34999847,32.70000076,31.89999962,32.49000168,3004100
2020-02-19,32.5,33.84000015,32.29999924,33.59999847,3600400
2020-02-20,33.58000183,34.09999847,33.15000153,33.75,3719800
2020-02-21,33.49000168,33.86999893,33.11000061,33.84999847,4331700
2020-02-26,31.39999962,32.25999832,30.71999931,31.23999977,5764600
2020-02-27,30.70999908,30.75,28.93000031,29.5,7519900
2020-02-28,29.25,29.82999992,27.62999916,29.82999992,6301000
2020-03-02,29.5,31.23999977,29.32999992,30.62999916,5637300
2020-03-03,30.75,32.24000168,30.46999931,30.56999969,5609700
2020-03-04,31.25,32.22999954,31.20000076,32.18000031,3770000
2020-03-05,31.67000008,31.77000046,28.51000023,29.42000008,4097400
2020-03-06,28.10000038,28.54999924,26.65999985,27.75,9556300
2020-03-09,24.5,25.29999924,22.96999931,23.12000084,8976900
2020-03-10,24.45000076,25.25,23.53000069,25.17000008,10134500
2020-03-11,24.70000076,24.70000076,21.17000008,24.29999924,6610400
2020-03-12,20.0,20.29999924,16.84000015,18.30999947,7818000
2020-03-13,22.10000038,22.5,18.28000069,21.04999924,11021400
2020-03-16,18.29999924,18.29999924,16.47999954,17.05999947,10849000
2020-03-17,17.97999954,18.25,16.52000046,16.85000038,9459300
2020-03-18,15.18000031,15.52000046,11.19999981,13.36999989,11828700
2020-03-19,12.55000019,15.69999981,11.30000019,14.69999981,15112500
2020-03-20,15.53999996,16.39999962,14.0,14.17000008,16306000
2020-03-23,14.30000019,15.05000019,12.5,12.96000004,9180300
2020-03-24,13.85000038,15.64999962,13.85000038,15.30000019,9270400
2020-03-25,15.30000019,17.45999908,14.68999958,16.56999969,11033400
2020-03-26,16.45000076,18.46999931,16.26000023,18.22999954,10014500
2020-03-27,17.10000038,17.51000023,16.06999969,16.06999969,9774200
2020-03-30,16.44000053,16.68000031,15.27999973,15.69999981,6003800
2020-03-31,15.57999992,15.57999992,14.13000011,14.13000011,8773400
2020-04-01,13.15999985,13.34000015,12.60000038,12.96000004,11947100
2020-04-02,13.10999966,13.17000008,12.19999981,12.44999981,13222900
2020-04-03,12.52000046,12.82999992,11.93999958,12.77000046,12824800
2020-04-06,13.72999954,13.93999958,12.90999985,13.19999981,10005400
2020-04-07,14.19999981,14.60999966,13.52999973,13.80000019,6906300
2020-04-08,13.85999966,14.46000004,13.26000023,14.35000038,8173000
2020-04-09,14.57999992,15.60000038,14.25,14.60000038,10529900
2020-04-13,14.56999969,14.82999992,13.97999954,14.27999973,10868000
2020-04-14,14.60999966,15.05000019,14.11999989,14.43000031,6152500
2020-04-15,14.01000023,14.56999969,13.75,14.22000027,8469500
2020-04-16,14.35999966,14.75,14.0,14.05000019,7910200
2020-04-17,14.39999962,14.96000004,14.03999996,14.35000038,6727400
2020-04-20,14.10000038,15.61999989,14.02000046,15.61999989,10983700
2020-04-22,16.10000038,16.48999977,15.51000023,16.04999924,10688200
2020-04-23,16.25,16.72999954,15.46000004,16.0,7855100
2020-04-24,15.57999992,15.57999992,13.31000042,14.01000023,17270200
2020-04-27,14.38000011,14.61999989,13.51000023,14.25,17625300
2020-04-28,14.75,16.09000015,14.44999981,16.05999947,13113800
2020-04-29,16.31999969,17.12000084,16.09000015,17.07999992,10850800
2020-04-30,16.54999924,16.88999939,15.68999958,15.90999985,8780000
2020-05-04,15.30000019,15.31000042,14.61999989,14.82999992,8662100
2020-05-05,15.14000034,15.47999954,14.78999996,14.85000038,6258900
2020-05-06,14.94999981,15.14999962,14.35000038,14.35000038,6673300
2020-05-07,14.60000038,14.60000038,13.34000015,13.34000015,8212100
2020-05-08,13.60000038,13.78999996,13.18000031,13.60000038,8139800
2020-05-11,13.47000027,13.64999962,13.06999969,13.18999958,6286000
2020-05-12,13.27999973,13.59000015,13.01000023,13.06000042,10058200
2020-05-13,13.15999985,13.17000008,12.06999969,12.59000015,17390200
2020-05-14,12.19999981,13.63000011,12.13000011,13.63000011,12214600
2020-05-15,13.39000034,13.67000008,12.55000019,12.64999962,13957700
2020-05-18,13.09000015,13.68000031,12.92000008,13.52999973,8040400
2020-05-19,13.52999973,14.0,13.25,13.39000034,8710100
2020-05-20,13.48999977,14.31999969,13.43000031,14.0,9563000
2020-05-21,14.10000038,15.56000042,14.10000038,15.53999996,14888700
2020-05-22,15.30000019,15.36999989,14.84000015,14.88000011,8605200
2020-05-25,15.69999981,16.79999924,15.52000046,16.72999954,10301800
2020-05-26,17.10000038,17.34000015,16.05999947,16.14999962,11434000
2020-05-27,16.31999969,17.78000069,16.20999908,17.5,12345400
2020-05-28,17.47999954,18.04000092,16.75,17.5,10868200
2020-05-29,17.31999969,17.40999985,16.63999939,16.95000076,9516600
2020-06-01,16.95000076,17.43000031,16.77000046,17.07999992,6382400
2020-06-02,17.29999924,18.39999962,17.25,18.20000076,12380300
2020-06-03,19.0,21.64999962,18.96999931,20.88999939,20138400
2020-06-04,20.45000076,21.30999947,20.12000084,20.95000076,8465300
2020-06-05,22.0,22.44000053,20.5,20.68000031,10230000
2020-06-08,21.21999931,22.20999908,20.86000061,22.14999962,8876000
2020-06-09,21.69000053,22.12999916,21.05999947,21.43000031,6551300
2020-06-10,22.10000038,22.21999931,20.56999969,20.88999939,7571100
2020-06-12,20.0,20.72999954,19.61000061,20.34000015,10351600
2020-06-15,19.70000076,21.17000008,19.36000061,20.75,6720700
2020-06-16,21.67000008,21.97999954,20.89999962,20.94000053,9363500
2020-06-17,21.12000084,22.67000008,21.02000046,22.35000038,10937000
2020-06-18,22.20000076,23.80999947,21.95000076,22.35000038,17442900
2020-06-19,23.0,23.04000092,22.25,22.77000046,12223500
2020-06-22,23.18000031,23.95000076,22.62999916,22.86000061,7386700
2020-06-23,23.5,23.54000092,22.79999924,23.46999931,5711100
2020-06-24,23.14999962,23.48999977,22.37999916,22.63999939,7181900
2020-06-25,22.65999985,23.29999924,22.29999924,23.14999962,6531900
2020-06-26,22.81999969,23.05999947,21.79999924,21.92000008,7886300
2020-06-29,22.23999977,22.96999931,21.44000053,22.96999931,6527100
2020-06-30,22.86000061,23.86000061,22.54000092,22.85000038,6639000
2020-07-01,23.69000053,24.62999916,23.36000061,24.56999969,12172600
2020-07-02,25.0,25.38999939,24.31999969,24.55999947,7998400
2020-07-03,24.70999908,25.31999969,24.29999924,25.31999969,4641300
2020-07-06,25.98999977,26.05999947,25.29000092,25.60000038,7924000
2020-07-07,25.36000061,25.96999931,25.18000031,25.61000061,7459600
2020-07-08,25.87000084,26.97999954,25.87000084,26.73999977,13739200
2020-07-09,26.75,27.03000069,26.31999969,26.89999962,8862500
2020-07-10,26.72999954,28.11000061,26.61000061,28.03000069,11772100
2020-07-13,28.19000053,28.34000015,26.54000092,26.54000092,9046900
2020-07-14,26.0,27.03000069,25.54000092,26.87999916,8077300
2020-07-15,27.20000076,27.5,26.45999908,26.69000053,8026500
2020-07-16,26.55999947,26.70000076,25.89999962,26.14999962,6834900
2020-07-17,26.20000076,27.64999962,26.10000038,27.61000061,9686900
2020-07-20,27.60000038,28.12000084,27.22999954,28.03000069,5024300
2020-07-21,28.10000038,28.29999924,27.17000008,27.44000053,6482200
2020-07-22,27.45000076,27.73999977,26.82999992,27.34000015,5459300
2020-07-23,27.34000015,27.67000008,26.27000046,26.36000061,6373800
2020-07-24,26.0,26.10000038,24.85000038,25.84000015,7264200
2020-07-27,25.97999954,26.70000076,25.82999992,25.97999954,5641800
2020-07-28,26.07999992,26.22999954,25.04000092,25.65999985,7925200
2020-07-29,25.87000084,26.89999962,25.70999908,26.89999962,10042900
2020-07-30,26.27000046,27.75,26.15999985,27.62000084,6386500
2020-07-31,27.62000084,27.82999992,26.81999969,27.42000008,7229900
2020-08-03,27.64999962,27.64999962,26.45000076,26.75,7765300
2020-08-04,26.60000038,26.60000038,25.27000046,25.88999939,12028200
2020-08-05,26.19000053,26.63999939,25.79999924,26.22999954,6757600
2020-08-06,26.31999969,26.73999977,26.0,26.20000076,5879600
2020-08-07,26.09000015,26.55999947,25.45999908,25.84000015,5515700
2020-08-10,25.92000008,26.09000015,25.23999977,25.62000084,4255200
2020-08-11,25.81999969,26.04999924,24.92000008,25.09000015,8305000
2020-08-12,25.19000053,25.38999939,23.55999947,24.39999962,9863200
2020-08-13,24.39999962,24.88999939,23.78000069,23.90999985,7077700
2020-08-14,24.01000023,24.78000069,23.42000008,24.36000061,6904800
2020-08-17,24.52000046,24.62000084,22.97999954,23.5,5713700
2020-08-18,24.07999992,24.43000031,23.34000015,24.32999992,5880500
2020-08-19,24.32999992,24.34000015,23.54999924,23.54999924,6174000
2020-08-20,23.01000023,24.67000008,22.81999969,24.43000031,6426600
2020-08-21,24.23999977,24.95999908,23.89999962,24.65999985,6883300
2020-08-24,24.79999924,24.86000061,24.10000038,24.20000076,5427800
2020-08-25,24.32999992,24.53000069,23.96999931,24.10000038,5359400
2020-08-26,24.20000076,24.56999969,23.06999969,23.64999962,12888200
2020-08-27,23.79000092,24.02000046,23.32999992,23.55999947,5988900
2020-08-28,23.93000031,25.51000023,23.87000084,25.29999924,12520900
2020-08-31,25.19000053,25.31999969,23.90999985,24.11000061,10707300
2020-09-01,24.37000084,24.88999939,24.12000084,24.53000069,7124400
2020-09-02,24.55999947,24.95000076,24.04000092,24.30999947,6083100
2020-09-03,24.30999947,24.53000069,23.64999962,24.29999924,13665400
2020-09-04,24.29999924,24.34000015,22.95000076,23.85000038,9819900
2020-09-08,23.51000023,24.18000031,23.30999947,23.95000076,6178900
2020-09-09,24.20000076,25.04000092,24.20000076,24.47999954,9196100
2020-09-10,24.54000092,24.93000031,23.85000038,24.04000092,8786600
2020-09-11,24.07999992,24.23999977,23.31999969,23.65999985,7575400
2020-09-14,23.94000053,24.72999954,23.80999947,24.61000061,5116700
2020-09-15,24.70000076,24.85000038,24.06999969,24.45999908,5396300
2020-09-16,24.40999985,24.80999947,23.89999962,24.01000023,7316400
2020-09-17,23.69000053,23.95999908,23.22999954,23.62999916,8926000
2020-09-18,23.69000053,23.70999908,22.68000031,23.02000046,7362800
2020-09-21,22.54000092,22.84000015,22.05999947,22.80999947,5506600
2020-09-22,22.90999985,23.62999916,22.46999931,23.53000069,8106500
2020-09-23,23.43000031,23.68000031,22.69000053,22.87999916,5216200
2020-09-24,22.80999947,24.04999924,22.61000061,23.42000008,9121500
2020-09-25,23.22999954,23.95000076,22.94000053,23.60000038,6249700
2020-09-28,23.87000084,23.94000053,22.46999931,22.57999992,10726000
2020-09-29,22.45999908,22.64999962,22.01000023,22.39999962,10138900
2020-09-30,22.68000031,23.54999924,22.26000023,23.23999977,12035200
2020-10-01,23.29999924,24.39999962,23.05999947,24.29999924,9926200
2020-10-02,24.10000038,24.60000038,23.37000084,23.44000053,9895400
2020-10-05,23.55999947,23.89999962,23.18000031,23.55999947,6779200
2020-10-06,23.93000031,25.0,23.86000061,24.29999924,11636800
2020-10-07,24.51000023,24.68000031,23.93000031,24.5,5840000
2020-10-08,24.60000038,25.10000038,24.44000053,25.07999992,5975300
2020-10-09,25.0,26.43000031,24.95000076,26.22999954,12639900
2020-10-13,26.12999916,26.5,25.92000008,26.42000008,4864900
2020-10-14,26.42000008,26.65999985,25.85000038,26.01000023,4373200
2020-10-15,25.87999916,26.57999992,25.65999985,26.29000092,4023400
2020-10-16,26.29999924,26.40999985,25.59000015,25.68000031,6066300
2020-10-19,25.86000061,26.31999969,25.39999962,25.81999969,5523400
2020-10-20,26.01000023,26.75,25.63999939,26.72999954,6737200
2020-10-21,27.27000046,27.57999992,26.62999916,26.95999908,12472400
2020-10-22,26.88999939,27.09000015,26.47999954,26.53000069,8922200
2020-10-23,26.52000046,26.54000092,25.92000008,26.13999939,5666500
2020-10-26,26.10000038,26.10000038,24.90999985,25.42000008,5724000
2020-10-27,25.47999954,25.55999947,24.69000053,24.69000053,4274500
2020-10-28,24.18000031,24.18000031,23.20000076,23.22999954,6098300
2020-10-29,23.13999939,23.81999969,22.48999977,23.76000023,8142000
2020-10-30,23.60000038,23.68000031,22.46999931,22.79000092,5291700
2020-11-03,23.22999954,23.54000092,22.42000008,22.84000015,5017600
2020-11-04,23.01000023,24.59000015,22.90999985,24.5,7567600
2020-11-05,24.79999924,25.97999954,24.76000023,25.90999985,9463600
2020-11-06,25.55999947,26.29999924,25.13999939,26.29000092,5133600
2020-11-09,26.68000031,27.21999931,25.78000069,25.88999939,8000800
2020-11-10,26.04000092,26.89999962,25.89999962,26.29999924,9495700
2020-11-11,26.27000046,26.34000015,25.60000038,26.12000084,3766600
2020-11-12,26.12000084,26.20000076,24.67000008,24.78000069,6107800
2020-11-13,25.39999962,25.95999908,25.13999939,25.79000092,9823600
2020-11-16,26.12000084,26.42000008,25.21999931,26.27000046,6345800
2020-11-17,26.23999977,27.45000076,26.02000046,27.04000092,9385500
2020-11-18,26.96999931,27.39999962,25.88999939,25.90999985,6306500
2020-11-19,25.98999977,26.57999992,25.46999931,26.57999992,6884600
2020-11-23,26.63999939,26.78000069,25.87999916,26.09000015,4372000
2020-11-24,26.10000038,26.80999947,25.75,26.28000069,5147800
2020-11-25,26.37000084,27.12000084,26.32999992,26.84000015,4542000
2020-11-26,26.85000038,26.97999954,25.96999931,26.39999962,5289200
2020-11-27,26.5,27.71999931,26.48999977,27.32999992,7220200
2020-11-30,27.48999977,28.44000053,26.86000061,27.05999947,12006500
2020-12-01,27.71999931,29.04000092,27.20000076,28.79000092,15760400
2020-12-02,28.85000038,29.70999908,28.46999931,29.70999908,8016400
2020-12-03,29.76000023,31.07999992,29.36000061,30.52000046,12037300
2020-12-04,30.77000046,30.79999924,28.95000076,29.42000008,8323000
2020-12-07,29.25,29.98999977,29.20000076,29.67000008,3426600
2020-12-08,29.68000031,30.12000084,29.31999969,30.04000092,3029900
2020-12-09,30.13999939,31.07999992,29.17000008,29.46999931,10500600
2020-12-10,29.59000015,30.45999908,28.84000015,30.25,7229700
2020-12-11,30.27000046,31.03000069,30.01000023,30.79999924,7204900
2020-12-14,31.19000053,31.89999962,31.0,31.04999924,8648600
2020-12-15,31.04999924,31.88999939,31.04999924,31.70999908,6624400
2020-12-16,30.23999977,30.25,29.12999916,29.82999992,7175500
2020-12-17,29.57999992,29.97999954,29.19000053,29.25,3730500
2020-12-18,29.18000031,29.67000008,28.71999931,28.87999916,4546000
2020-12-21,28.18000031,29.15999985,27.79000092,28.70999908,5255800
2020-12-22,28.79000092,28.97999954,28.17000008,28.70000076,3824000
2020-12-23,28.79000092,29.13999939,28.5,28.79999924,2575700
2020-12-28,28.80999947,29.10000038,28.21999931,29.03000069,2100100
2020-12-29,29.04000092,29.29999924,28.62999916,29.17000008,2678000
2020-12-30,29.13999939,29.54000092,28.77000046,29.47999954,5146700
2021-01-04,29.48999977,29.55999947,28.04999924,28.5,4928200
2021-01-05,28.25,28.43000031,27.39999962,27.95000076,4541200
2021-01-06,28.17000008,28.17000008,27.09000015,27.22999954,5227600
2021-01-07,27.02000046,27.65999985,26.51000023,27.39999962,7641900
2021-01-08,27.45999908,28.89999962,27.30999947,28.70999908,5161900
2021-01-11,28.56999969,28.62000084,27.51000023,27.60000038,4726100
2021-01-12,27.90999985,29.07999992,27.37000084,28.95999908,5691500
2021-01-13,29.10000038,29.25,28.37999916,28.78000069,6222700
2021-01-14,28.86000061,30.21999931,28.75,29.78000069,5902600
2021-01-15,29.78000069,29.78000069,28.42000008,28.57999992,5315100
2021-01-18,28.72999954,29.05999947,28.23999977,28.54999924,2340400
2021-01-19,29.5,29.5,27.78000069,28.26000023,5906100
2021-01-20,28.38999939,28.78000069,27.95999908,28.42000008,2834500
2021-01-21,28.39999962,28.47999954,26.76000023,26.89999962,7027100
2021-01-22,26.51000023,26.90999985,25.64999962,26.0,10653000
2021-01-26,26.01000023,26.62000084,25.45000076,25.54000092,5629700
2021-01-27,25.61000061,26.17000008,25.15999985,25.70000076,5635300
2021-01-28,25.81999969,26.71999931,25.53000069,26.64999962,4191900
2021-01-29,26.29000092,26.78000069,25.43000031,25.62999916,5672000
2021-02-01,26.0,26.60000038,25.63999939,26.42000008,4343400
2021-02-02,26.89999962,27.37999916,26.55999947,27.10000038,5275600
2021-02-03,27.12999916,28.25,26.93000031,28.13999939,9120700
2021-02-04,28.13999939,28.47999954,27.54999924,27.86000061,4468000
2021-02-05,27.89999962,28.01000023,27.21999931,27.44000053,4643200
2021-02-08,27.48999977,28.75,27.21999931,28.75,6452500
2021-02-09,28.56999969,28.70000076,27.70000076,28.07999992,5231700
2021-02-10,28.10000038,28.29000092,27.26000023,27.64999962,3490100
2021-02-11,27.64999962,28.30999947,27.64999962,28.03000069,2679000
2021-02-12,27.88999939,28.45000076,27.76000023,28.35000038,2901400
2021-02-17,28.29999924,28.37000084,27.92000008,28.20999908,2512200
2021-02-18,28.20000076,28.64999962,27.62000084,27.87999916,8253900
2021-02-19,27.92000008,27.95000076,27.29000092,27.57999992,4326100
2021-02-22,27.04999924,27.04999924,25.23999977,25.94000053,15910900
2021-02-23,26.12999916,26.20999908,25.5,25.96999931,8197200
2021-02-24,26.10000038,26.13999939,25.30999947,25.70999908,5222200
2021-02-25,25.67000008,26.04000092,24.90999985,25.14999962,7137100
2021-02-26,25.06999969,25.62999916,24.43000031,24.79999924,7497400
2021-03-01,25.01000023,25.42000008,24.29000092,24.48999977,7905100
2021-03-02,24.18000031,25.0,22.81999969,24.70999908,10437100
2021-03-03,24.5,24.52000046,23.03000069,23.70000076,10989900
2021-03-04,23.86000061,24.87000084,23.45999908,23.86000061,10640600
2021-03-05,23.86000061,24.88999939,23.44000053,24.87999916,6745800
2021-03-08,24.48999977,24.48999977,22.64999962,22.97999954,8271900
2021-03-09,23.09000015,23.21999931,21.87999916,22.14999962,17575400
2021-03-10,22.32999992,22.94000053,21.82999992,22.76000023,11241500
2021-03-11,23.0,24.13999939,22.81999969,23.94000053,17662200
2021-03-12,23.71999931,24.37999916,23.40999985,24.37999916,6553500
2021-03-15,24.29999924,25.23999977,23.88999939,24.79999924,5745100
2021-03-16,24.89999962,25.0,23.52000046,23.89999962,4361600
2021-03-17,23.72999954,25.45000076,23.46999931,25.35000038,5687100
2021-03-18,25.09000015,25.12999916,23.97999954,24.29999924,5882700
2021-03-19,24.40999985,25.26000023,24.29999924,24.92000008,6757300
2021-03-22,24.55999947,25.65999985,24.54000092,25.04999924,7771700
2021-03-23,24.85000038,25.42000008,24.37999916,24.63999939,5229400
2021-03-24,24.80999947,24.85000038,23.40999985,23.47999954,4841200
2021-03-25,23.35000038,24.44000053,22.89999962,24.19000053,8489700
2021-03-26,24.20000076,24.36000061,23.32999992,23.68000031,4174700
2021-03-29,23.54000092,23.78000069,22.78000069,23.06999969,7857200
2021-03-30,23.04999924,24.63999939,23.0,24.53000069,5677300
2021-03-31,24.53000069,25.06999969,24.05999947,24.64999962,6816700
2021-04-01,24.73999977,24.85000038,24.12999916,24.12999916,3853300
2021-04-05,24.44000053,25.10000038,24.31999969,24.86000061,3973100
2021-04-06,24.88999939,25.64999962,24.76000023,25.10000038,4178700
2021-04-07,25.10000038,25.39999962,24.5,24.78000069,3360400
2021-04-08,24.82999992,25.35000038,24.72999954,25.19000053,3676100
2021-04-09,24.84000015,25.92000008,24.75,25.61000061,5475700
2021-04-12,25.70999908,25.98999977,25.02000046,25.62999916,4599100
2021-04-13,25.64999962,26.03000069,25.28000069,25.51000023,5334100
2021-04-14,25.65999985,26.04999924,25.38999939,25.59000015,5378700
2021-04-15,25.85000038,25.97999954,25.26000023,25.26000023,5448500
2021-04-16,25.28000069,25.90999985,25.23999977,25.62000084,3590500
2021-04-19,25.75,26.22999954,25.10000038,25.10000038,8746600
2021-04-20,25.14999962,25.46999931,25.02000046,25.29000092,4403600
2021-04-22,25.44000053,25.96999931,24.97999954,25.19000053,5401500
2021-04-23,25.25,25.70000076,25.13999939,25.48999977,3090700
2021-04-26,24.57999992,25.07999992,24.30999947,24.54999924,4051200
2021-04-27,24.45999908,24.69000053,24.20000076,24.34000015,2863300
2021-04-28,24.36000061,24.53000069,23.71999931,24.46999931,4561200
2021-04-29,24.48999977,24.76000023,23.94000053,24.07999992,4438700
2021-04-30,24.0,24.28000069,23.52000046,23.53000069,7323300
2021-05-03,23.62999916,24.09000015,23.40999985,23.51000023,4641400
2021-05-04,23.55999947,23.67000008,23.29000092,23.29999924,5647700
2021-05-05,23.44000053,23.87999916,23.07999992,23.30999947,7833200
2021-05-06,23.31999969,23.86000061,23.29000092,23.61000061,3919200
2021-05-07,23.67000008,24.18000031,23.67000008,24.11000061,3599600
2021-05-10,24.01000023,24.07999992,23.48999977,23.67000008,3817000
2021-05-11,23.38999939,23.71999931,23.14999962,23.30999947,5717400
2021-05-12,23.18000031,23.29999924,22.55999947,22.72999954,6033500
2021-05-13,22.87999916,23.45000076,22.72999954,23.31999969,4322800
2021-05-14,23.65999985,24.39999962,22.90999985,23.71999931,11104600
2021-05-17,23.70999908,24.48999977,23.63999939,24.39999962,4041500
2021-05-18,24.31999969,24.38999939,23.81999969,24.06999969,3667000
2021-05-19,23.80999947,24.39999962,23.05999947,23.10000038,8002200
2021-05-20,23.22999954,23.45000076,23.02000046,23.20000076,5227600
2021-05-21,23.27000046,23.28000069,21.84000015,21.95000076,17036400
2021-05-24,22.04999924,22.23999977,21.56999969,22.17000008,9012400
2021-05-25,22.38999939,22.87000084,22.28000069,22.63999939,7358500
2021-05-26,22.82999992,23.31999969,22.80999947,23.28000069,9892800
2021-05-27,23.22999954,23.37000084,22.89999962,23.26000023,5239700
2021-05-28,23.34000015,23.82999992,23.21999931,23.70000076,5145400
2021-05-31,23.62999916,24.06999969,23.48999977,23.89999962,3440800
2021-06-01,24.10000038,25.67000008,24.02000046,25.46999931,13557000
2021-06-02,25.40999985,26.20000076,25.19000053,25.89999962,12369800
2021-06-04,25.95000076,26.32999992,25.77000046,26.20000076,7323700
2021-06-07,26.20000076,26.32999992,25.87999916,25.98999977,6652400
2021-06-08,25.95000076,26.54000092,25.80999947,26.18000031,7496100
2021-06-09,26.12999916,26.14999962,25.30999947,25.56999969,8458500
2021-06-10,25.62999916,25.73999977,24.52000046,24.95000076,9679700
2021-06-11,24.80999947,24.88999939,24.15999985,24.53000069,6152100
2021-06-14,24.67000008,25.03000069,24.47999954,24.73999977,5913700
2021-06-15,24.82999992,24.82999992,24.44000053,24.67000008,2999300
2021-06-16,24.62999916,24.70999908,24.12000084,24.35000038,9085300
2021-06-17,24.20999908,24.45999908,23.79999924,24.14999962,6118500
2021-06-18,24.06999969,24.32999992,23.96999931,24.17000008,3653200
2021-06-21,24.31999969,24.31999969,23.76000023,24.09000015,3830700
2021-06-22,23.86000061,23.86000061,23.52000046,23.72999954,4155500
2021-06-23,23.70000076,23.70000076,23.10000038,23.31999969,6956200
2021-06-24,23.60000038,24.14999962,23.5,23.53000069,7564300
2021-06-25,23.70999908,23.71999931,22.77000046,22.87000084,5746100
2021-06-28,22.93000031,23.29000092,22.52000046,22.70000076,6118900
2021-06-29,22.62000084,23.10000038,22.18000031,22.96999931,7394700
2021-06-30,22.82999992,23.65999985,22.70999908,23.34000015,7354200
2021-07-01,23.45000076,23.51000023,22.70999908,22.76000023,7133600
2021-07-02,22.98999977,23.42000008,22.81999969,23.42000008,4565900
2021-07-05,23.29000092,23.43000031,23.04999924,23.26000023,2706700
2021-07-06,23.20000076,23.20000076,22.64999962,22.94000053,4555800
2021-07-07,23.20000076,23.52000046,22.84000015,23.22999954,5300600
2021-07-08,22.79999924,22.97999954,22.45999908,22.69000053,11091000
2021-07-12,22.92000008,23.69000053,22.79000092,23.45999908,6148800
2021-07-13,23.75,23.75,23.17000008,23.37999916,7063200
2021-07-14,23.67000008,23.90999985,23.44000053,23.57999992,5184000
2021-07-15,23.55999947,23.71999931,22.95999908,23.19000053,4993100
2021-07-16,23.36000061,23.52000046,22.67000008,22.79999924,4730500
2021-07-19,22.35000038,22.67000008,22.05999947,22.63999939,4686700
2021-07-20,22.62999916,22.62999916,22.19000053,22.44000053,3536800
2021-07-21,22.48999977,22.54000092,22.05999947,22.31999969,4475800
2021-07-22,22.36000061,22.57999992,22.21999931,22.38999939,3495500
2021-07-23,22.34000015,22.44000053,21.68000031,21.89999962,6364500
2021-07-26,21.86000061,21.95999908,21.39999962,21.55999947,4894000
2021-07-27,21.5,21.52000046,20.98999977,21.39999962,7181900
2021-07-28,21.53000069,21.81999969,21.22999954,21.73999977,4045600
2021-07-29,21.89999962,22.11000061,21.26000023,21.31999969,4914700
2021-07-30,21.14999962,21.29000092,20.70999908,20.85000038,4466700
2021-08-02,21.14999962,21.48999977,20.87000084,20.89999962,5394200
2021-08-03,20.89999962,20.89999962,19.85000038,20.53000069,8933800
2021-08-04,20.51000023,20.80999947,20.10000038,20.21999931,4707100
2021-08-05,20.31999969,20.47999954,19.56999969,19.62999916,7218300
2021-08-06,19.67000008,20.22999954,19.60000038,20.07999992,5471000
2021-08-09,20.04999924,20.61000061,19.95000076,20.35000038,6186100
2021-08-10,20.40999985,20.47999954,19.95999908,20.04999924,5141000
2021-08-11,20.05999947,20.12000084,19.56999969,19.70000076,5739000
2021-08-12,19.64999962,19.71999931,19.30999947,19.32999992,4570300
2021-08-13,19.55999947,20.05999947,18.96999931,19.04000092,8308000
2021-08-16,18.92000008,19.29000092,18.48999977,19.06999969,8186200
2021-08-17,18.95999908,18.95999908,18.04999924,18.31999969,7306900
2021-08-18,18.45999908,18.77000046,18.11000061,18.30999947,12136300
2021-08-19,17.96999931,18.51000023,17.89999962,18.39999962,6181200
2021-08-20,18.20000076,18.84000015,18.14999962,18.54000092,6843500
2021-08-23,18.59000015,18.79999924,18.05999947,18.17000008,5226700
2021-08-24,18.54999924,20.51000023,18.43000031,20.40999985,19107100
2021-08-25,20.19000053,21.39999962,20.11000061,21.20000076,20967600
2021-08-26,21.04999924,21.05999947,19.94000053,19.94000053,9548600
2021-08-27,19.97999954,21.30999947,19.97999954,21.30999947,7498500
2021-08-30,21.28000069,21.28000069,20.35000038,20.45000076,5997400
2021-08-31,20.5,21.09000015,20.01000023,20.21999931,8951200
2021-09-01,20.40999985,20.53000069,19.95000076,19.95000076,5242800
2021-09-02,19.95999908,20.03000069,19.19000053,19.28000069,6238400
2021-09-03,19.45000076,19.52000046,18.87999916,18.88999939,6051100
2021-09-06,18.88999939,19.40999985,18.81999969,19.40999985,2806000
2021-09-08,19.36000061,19.36000061,18.14999962,18.19000053,9077300
2021-09-09,18.20000076,18.79999924,17.70999908,18.53000069,10306700
2021-09-10,18.97999954,19.56999969,18.84000015,18.92000008,16294100
2021-09-13,19.36000061,20.12000084,19.19000053,19.85000038,7279100
2021-09-14,20.0,20.46999931,19.63999939,19.78000069,9152200
2021-09-15,19.76000023,19.90999985,19.20000076,19.64999962,6591000
2021-09-16,19.44000053,19.97999954,19.29000092,19.69000053,5691600
2021-09-17,19.51000023,19.79999924,19.22999954,19.67000008,5553800
2021-09-20,19.17000008,19.5,18.89999962,19.38999939,4528000
2021-09-21,19.53000069,20.19000053,19.27000046,19.95000076,6452800
2021-09-22,20.31999969,20.59000015,20.02000046,20.30999947,7504600
2021-09-23,20.56999969,20.56999969,19.28000069,19.43000031,11412600
2021-09-24,19.29000092,19.63999939,18.82999992,19.43000031,6288700
2021-09-27,19.5,19.5,18.75,19.17000008,4949800
2021-09-28,19.04000092,19.04000092,17.86000061,18.04000092,12325800
2021-09-29,18.23999977,18.44000053,17.77000046,17.79999924,6873600
2021-09-30,17.88999939,18.62999916,17.79999924,18.0,7900800
2021-10-01,18.01000023,18.94000053,17.89999962,18.65999985,7358000
2021-10-04,18.54000092,18.61000061,17.79000092,17.95000076,4088300
2021-10-05,18.12000084,18.12999916,17.47999954,17.51000023,5863900
2021-10-06,17.11000061,17.52000046,16.87999916,17.48999977,11861200
2021-10-07,17.60000038,17.89999962,17.12999916,17.17000008,7736400
2021-10-08,17.45999908,18.23999977,17.44000053,17.90999985,13468500
2021-10-11,17.89999962,18.13999939,17.61000061,17.71999931,5332300
2021-10-13,17.76000023,18.32999992,17.67000008,18.19000053,8337300
2021-10-14,18.44000053,18.57999992,17.54999924,17.78000069,8111600
2021-10-15,17.78000069,18.29999924,17.70999908,18.18000031,7931100
2021-10-18,17.90999985,18.38999939,17.52000046,18.20999908,5503400
2021-10-19,17.97999954,17.98999977,16.75,16.89999962,13890900
2021-10-20,17.06999969,17.20000076,16.57999992,16.64999962,7618900
2021-10-21,16.29999924,16.5,15.21000004,15.59000015,18703400
2021-10-22,15.30000019,15.47999954,14.30000019,15.18000031,18596300
2021-10-25,15.27999973,15.69999981,14.92000008,15.39000034,9323000
2021-10-26,15.18999958,15.25,14.35999966,14.60999966,10662300
2021-10-27,14.69999981,15.52000046,14.69999981,15.19999981,10273100
2021-10-28,14.92000008,15.31999969,14.31999969,14.39999962,8107400
2021-10-29,14.60000038,14.64000034,14.02000046,14.09000015,7421100
2021-11-01,14.30000019,14.81999969,14.17000008,14.52999973,4384200
2021-11-03,14.43999958,15.48999977,14.35000038,15.10999966,11096700
2021-11-04,14.97000027,15.27999973,14.59000015,14.77999973,4777100
2021-11-05,14.90999985,15.72999954,14.90999985,15.60999966,7067500
2021-11-08,15.53999996,15.56000042,14.85000038,14.93000031,6010300
2021-11-09,14.97999954,15.89999962,14.92000008,15.60999966,6287500
2021-11-10,15.64000034,16.67000008,15.47000027,16.18000031,10225000
2021-11-11,16.34000015,17.03000069,16.23999977,16.56999969,7727800
2021-11-12,16.34000015,16.87000084,15.77999973,15.90999985,5653200
2021-11-16,16.03000069,16.10000038,14.96000004,14.97999954,8745000
2021-11-17,15.14999962,15.36999989,14.39000034,14.59000015,8638100
2021-11-18,14.56000042,15.15999985,14.27000046,14.52999973,8470400
2021-11-19,14.52000046,15.34000015,14.52000046,15.11999989,5985900
2021-11-22,15.10000038,15.34000015,14.38000011,14.39999962,5371700
2021-11-23,14.59000015,14.59000015,14.01000023,14.42000008,5162000
2021-11-24,14.32999992,14.72999954,14.02000046,14.5,6111700
2021-11-25,14.56000042,15.31999969,14.55000019,15.21000004,6364900
2021-11-26,14.80000019,14.85000038,14.18999958,14.57999992,6915900
2021-11-29,14.78999996,14.81000042,14.01000023,14.03999996,12546600
2021-11-30,13.89999962,14.05000019,13.19999981,13.60000038,14176200
2021-12-01,13.76000023,14.21000004,13.15999985,13.17000008,11687800
2021-12-02,13.48999977,13.97999954,13.43999958,13.89999962,7652100
2021-12-03,13.89000034,15.14000034,13.89000034,14.93000031,14801600
2021-12-06,15.06999969,15.75,14.89000034,15.39999962,10009900
2021-12-07,15.43000031,15.84000015,15.10999966,15.18999958,6386100
2021-12-08,15.15999985,16.20999908,15.06999969,15.98999977,10591200
2021-12-09,15.67000008,15.88000011,15.32999992,15.51000023,6251800
2021-12-10,15.81999969,16.65999985,15.81999969,16.42000008,13614800
2021-12-13,16.40999985,16.45000076,15.81999969,15.82999992,5936900
2021-12-14,15.94999981,16.07999992,15.11999989,15.35999966,8911500
2021-12-15,15.5,15.68999958,15.03999996,15.56000042,6450300
2021-12-16,15.85999966,16.09000015,15.35999966,15.5,5665400
2021-12-17,15.26000023,15.77999973,15.14000034,15.51000023,6362800
2021-12-20,15.19999981,15.5,15.01000023,15.32999992,3846600
2021-12-21,15.43999958,15.44999981,14.80000019,15.17000008,4068500
2021-12-22,15.21000004,15.44999981,14.97000027,15.14000034,2772000
2021-12-23,15.18999958,15.27999973,14.77000046,15.10999966,3064100
2021-12-27,15.22999954,15.85000038,15.18000031,15.36999989,5203300
2021-12-28,15.35999966,15.61999989,15.27000046,15.38000011,4443400
2021-12-29,15.39000034,15.64999962,14.98999977,15.40999985,7767300
2021-12-30,15.47999954,15.96000004,15.39999962,15.77999973,7768300
2022-01-03,15.92000008,15.92000008,14.52000046,14.52000046,10561400
2022-01-04,14.69999981,14.71000004,14.11999989,14.26000023,10199300
2022-01-05,14.22000027,14.48999977,13.68000031,13.89000034,7777700
2022-01-06,13.92000008,14.10000038,13.60000038,13.77000046,9104600
2022-01-07,13.72000027,14.27000046,13.39000034,13.96000004,8137900
2022-01-10,13.72000027,13.97000027,13.56000042,13.68000031,6054600
2022-01-11,13.64999962,13.93999958,13.59000015,13.78999996,4337200
2022-01-12,13.82999992,14.27999973,13.72999954,14.19999981,6324900
2022-01-13,14.11999989,14.31999969,13.84000015,14.18999958,5180300
2022-01-14,14.06999969,14.31999969,13.81999969,14.18999958,9855000
2022-01-17,14.22999954,14.47999954,13.64999962,14.14000034,6049800
2022-01-18,14.01000023,14.23999977,13.68999958,13.71000004,6472200
2022-01-19,13.85999966,14.84000015,13.85000038,14.75,10756000
2022-01-20,14.75,15.36999989,14.71000004,15.22999954,10382600
2022-01-21,15.14000034,15.77999973,14.97000027,15.72000027,6627000
2022-01-24,15.61999989,15.88000011,15.18000031,15.48999977,8384500
2022-01-25,15.35999966,16.51000023,15.30000019,16.32999992,9756600
2022-01-26,16.47999954,17.56999969,16.47999954,17.01000023,15411800
2022-01-27,17.14999962,17.43000031,17.11000061,17.35000038,6882200
2022-01-28,17.23999977,17.44000053,16.95000076,17.15999985,9913500
2022-01-31,17.14999962,17.61000061,17.04000092,17.47999954,7326700
2022-02-01,17.46999931,17.65999985,17.13999939,17.22999954,5651400
2022-02-02,17.27000046,17.5,16.72999954,16.81999969,6140800
2022-02-03,16.92000008,17.34000015,16.63999939,16.81999969,4750300
2022-02-04,16.82999992,16.90999985,15.85999966,15.97999954,8133800
2022-02-07,15.97000027,16.04000092,15.64999962,15.88000011,4323300
2022-02-08,15.82999992,16.10000038,15.51000023,15.86999989,4993400
2022-02-09,15.89000034,16.35000038,15.72000027,15.85000038,4445400
2022-02-10,15.89999962,16.12000084,15.56000042,15.77000046,4836100
2022-02-11,15.89999962,16.39999962,15.61999989,15.85999966,6609300
2022-02-14,15.86999989,16.28000069,15.67000008,15.92000008,5603000
2022-02-15,16.13999939,16.67000008,16.06999969,16.60000038,7899800
2022-02-16,16.76000023,16.84000015,16.28000069,16.63999939,6408000
2022-02-17,16.62999916,16.80999947,16.12000084,16.21999931,4727000
2022-02-18,16.31999969,16.57999992,16.14999962,16.23999977,5215600
2022-02-21,16.23999977,16.32999992,15.59000015,15.72999954,5115200
2022-02-22,15.93000031,16.27000046,15.64999962,15.73999977,5804400
2022-02-23,15.86999989,16.19000053,15.35000038,15.43999958,5716700
2022-02-24,14.93000031,15.65999985,14.43000031,15.39999962,7400200
2022-02-25,15.30000019,15.53999996,14.86999989,15.18000031,5873800
2022-03-02,14.98999977,15.31000042,14.73999977,14.85999966,4574200
2022-03-03,14.86999989,15.51000023,14.85999966,14.89999962,6998400
2022-03-04,14.97999954,14.97999954,14.34000015,14.40999985,5955000
2022-03-07,14.30000019,14.46000004,13.53999996,13.53999996,10831300
2022-03-08,13.81000042,14.21000004,13.56000042,13.78999996,11868300
2022-03-09,13.90999985,14.68999958,13.89000034,14.59000015,9616800
2022-03-10,14.43000031,14.72999954,13.90999985,14.61999989,12470200
2022-03-11,14.68999958,14.86999989,13.82999992,14.0,10405600
2022-03-14,14.11999989,14.35999966,13.75,14.03999996,7841700
2022-03-15,13.93000031,14.64999962,13.89000034,14.52000046,11051300
2022-03-16,14.71000004,15.14999962,14.68000031,14.97000027,9209000
2022-03-17,14.97999954,15.01000023,14.38000011,14.69999981,9275000
2022-03-18,14.44999981,16.14999962,14.38000011,16.07999992,13751100
2022-03-21,15.76000023,16.30999947,15.60999966,16.07999992,7716300
2022-03-22,16.17000008,16.82999992,16.06999969,16.54999924,9472100
2022-03-23,16.54999924,17.37999916,16.43000031,17.03000069,13747700
2022-03-24,17.04000092,17.63999939,16.98999977,17.62000084,7973400
2022-03-25,17.70999908,18.96999931,17.70999908,18.81999969,14887500
2022-03-28,18.79999924,18.85000038,18.09000015,18.54000092,5721200
2022-03-29,18.88999939,19.17000008,18.0,18.0,8224900
2022-03-30,18.11000061,18.14999962,17.27000046,17.67000008,10074000
2022-03-31,17.63999939,17.95999908,17.36000061,17.48999977,8299400
2022-04-01,17.63999939,18.07999992,17.31999969,17.94000053,8917400
2022-04-04,18.0,18.03000069,17.45000076,17.62000084,5605100
2022-04-05,17.68000031,17.78000069,16.97999954,17.03000069,4661400
2022-04-06,16.93000031,16.93000031,16.22999954,16.42000008,8756000
2022-04-07,16.35000038,16.45999908,15.97999954,16.15999985,15026000
2022-04-08,16.04999924,16.09000015,15.52000046,15.81999969,9000500
2022-04-11,15.60000038,15.65999985,15.32999992,15.48999977,4667000
2022-04-12,16.0,16.21999931,15.26000023,15.39999962,8739100
2022-04-13,15.56999969,15.67000008,15.26000023,15.44999981,5311700
2022-04-14,15.53999996,15.64000034,15.22000027,15.30000019,5329400
2022-04-18,15.30000019,15.53999996,15.19999981,15.34000015,4024400
2022-04-19,15.27000046,15.43000031,15.05000019,15.35000038,3887200
2022-04-20,15.35999966,15.52999973,15.21000004,15.31999969,3052400
2022-04-22,15.07999992,15.13000011,14.78999996,14.93000031,5416000
2022-04-25,14.93000031,14.93000031,14.93000031,14.93000031,0
2022-04-26,14.59000015,14.68000031,14.06000042,14.15999985,8111400
2022-04-27,14.35000038,14.67000008,14.23999977,14.35000038,7722400
2022-04-28,14.46000004,14.72999954,14.25,14.64000034,4477600
2022-04-29,14.81000042,15.0,14.14999962,14.14999962,7491700
2022-05-02,14.14999962,14.27999973,13.85999966,14.18000031,10505500
2022-05-03,14.14000034,14.42000008,14.03999996,14.35999966,5710600
2022-05-04,14.23999977,14.86999989,13.81999969,14.81999969,7174900
2022-05-05,14.60000038,14.69999981,14.01000023,14.27999973,5674400
2022-05-06,14.22999954,14.31999969,13.86999989,13.97000027,6957800
2022-05-09,13.78999996,14.15999985,13.61999989,13.93999958,4369500
2022-05-10,14.18000031,14.47999954,14.11999989,14.30000019,8171400
2022-05-11,14.23999977,14.44999981,13.89999962,14.02999973,3681100
2022-05-12,13.89999962,14.43999958,13.76000023,14.39000034,5078500
2022-05-13,14.47000027,14.82999992,14.39000034,14.42000008,6322000
2022-05-16,14.42000008,15.06999969,14.14000034,14.92000008,6617200
2022-05-17,15.10000038,15.39000034,15.0,15.0,7051700
2022-05-18,14.98999977,15.0,14.17000008,14.27000046,8982100
2022-05-19,14.27999973,14.63000011,14.06000042,14.52999973,5288900
2022-05-20,14.75,14.89999962,14.55000019,14.78999996,4726200
2022-05-23,14.97999954,14.97999954,14.65999985,14.72999954,5337900
2022-05-24,14.52999973,14.68000031,14.17000008,14.48999977,5280200
2022-05-25,14.39999962,14.43999958,14.17000008,14.27999973,6152000
2022-05-26,14.23999977,14.75,14.23999977,14.63000011,4117100
2022-05-27,14.68999958,14.72999954,14.21000004,14.31000042,2711700
2022-05-30,14.47999954,14.51000023,13.68000031,13.97999954,7971600
2022-05-31,14.07999992,14.13000011,13.64999962,13.64999962,5414700
2022-06-01,13.68000031,13.80000019,13.44999981,13.61999989,6652000
2022-06-02,13.84000015,13.94999981,13.68999958,13.71000004,3178200
2022-06-03,13.64999962,13.78999996,13.47999954,13.68000031,3756200
2022-06-06,13.68999958,13.85000038,13.14000034,13.22000027,5140300
2022-06-07,13.10999966,13.10999966,12.81999969,12.92000008,6927600
2022-06-08,12.84000015,13.01000023,12.59000015,12.59000015,5924300
2022-06-09,12.55000019,13.11999989,12.47000027,12.71000004,7921800
2022-06-10,12.60999966,12.68999958,12.18000031,12.18999958,6455200
2022-06-13,12.0,12.14999962,11.69999981,12.05000019,8599500
2022-06-14,12.10000038,12.25,11.94999981,12.07999992,6335200
2022-06-15,12.26000023,12.47999954,12.11999989,12.32999992,9765100
2022-06-17,12.14999962,12.26000023,11.89000034,12.26000023,9367200
2022-06-20,12.22999954,12.28999996,11.94999981,12.06000042,6293300
2022-06-21,12.10999966,12.23999977,11.86999989,12.02999973,7078100
2022-06-22,11.86999989,12.31000042,11.86999989,12.10999966,6172900
2022-06-23,12.14999962,12.35000038,11.98999977,12.10999966,4701500
2022-06-24,12.19999981,12.35000038,11.92000008,11.97999954,4177800
2022-06-27,12.02000046,12.09000015,11.84000015,11.90999985,4421500
2022-06-28,11.96000004,12.10000038,11.56999969,11.67000008,6821600
2022-06-29,11.73999977,12.02999973,11.71000004,11.85999966,10661600
2022-06-30,11.68999958,11.97999954,11.55000019,11.81999969,6526000
2022-07-01,11.75,12.22000027,11.64000034,12.03999996,4807300
2022-07-04,11.97999954,12.14999962,11.93000031,11.94999981,4582200
2022-07-05,11.82999992,12.26000023,11.76000023,12.22999954,6581400
2022-07-06,12.19999981,12.57999992,12.11999989,12.32999992,7936700
2022-07-07,12.56999969,12.77000046,12.36999989,12.56999969,5729100
2022-07-08,12.60999966,12.77000046,12.48999977,12.64999962,3320700
2022-07-11,12.43000031,12.59000015,12.18999958,12.43999958,4913100
2022-07-12,12.47000027,13.14000034,12.35000038,13.02999973,9582200
2022-07-13,12.89999962,13.51000023,12.89000034,12.93999958,10363000
2022-07-14,12.81000042,12.81000042,12.17000008,12.17000008,7715000
2022-07-15,12.26000023,12.32999992,12.01000023,12.14999962,4832500
2022-07-18,12.27999973,12.27999973,12.05000019,12.06999969,5958100
2022-07-19,12.10999966,12.28999996,12.06999969,12.13000011,3684300
2022-07-20,12.02999973,12.30000019,11.97999954,12.22999954,4160000
2022-07-21,12.17000008,12.56999969,12.10000038,12.34000015,4412400
2022-07-22,12.46000004,12.46000004,12.11999989,12.26000023,3870100
2022-07-25,12.34000015,12.43000031,12.19999981,12.25,3107000
2022-07-26,12.28999996,12.28999996,11.86999989,12.01000023,4399600
2022-07-27,12.09000015,12.40999985,11.97000027,12.35000038,3183600
2022-07-28,12.36999989,12.92000008,12.28999996,12.82999992,5072300
2022-07-29,12.85000038,12.85999966,12.59000015,12.63000011,2880900
2022-08-01,12.63000011,12.97000027,12.57999992,12.93000031,8546000
2022-08-02,12.93000031,12.97000027,12.47999954,12.53999996,4632200
2022-08-03,12.56000042,13.47999954,12.43000031,13.39999962,8764900
2022-08-04,13.81999969,15.27999973,13.63000011,14.93000031,15927000
2022-08-05,14.85999966,15.03999996,14.30000019,14.72000027,7492800
2022-08-08,14.89000034,15.0,14.64999962,14.71000004,6528100
2022-08-09,14.75,14.93000031,14.43999958,14.72000027,5774100
2022-08-10,15.13000011,15.60000038,15.06000042,15.10999966,6685300
2022-08-11,15.0,15.25,14.35999966,14.47000027,5595400
2022-08-12,14.60000038,14.77000046,14.35000038,14.59000015,5564200
2022-08-15,14.48999977,15.48999977,14.38000011,15.48999977,12415800
2022-08-16,15.52999973,15.68999958,15.02999973,15.38000011,4892400
2022-08-17,15.30000019,15.48999977,14.98999977,15.30000019,5951500
2022-08-18,15.34000015,15.44999981,14.68999958,15.02000046,4534200
2022-08-19,14.68999958,14.81999969,14.06999969,14.13000011,9037000
2022-08-22,14.03999996,14.19999981,13.77999973,14.06999969,4502900
2022-08-23,14.07999992,14.46000004,14.0,14.35000038,4264800
2022-08-24,14.30000019,14.82999992,14.28999996,14.60000038,5379600
2022-08-25,14.69999981,14.82999992,14.47999954,14.52000046,4860100
2022-08-26,14.60000038,14.72000027,14.17000008,14.25,3674000
2022-08-29,14.14000034,14.82999992,14.02000046,14.55000019,5536600
2022-08-30,14.53999996,15.05000019,14.36999989,14.44999981,4123000
2022-08-31,14.51000023,14.65999985,14.15999985,14.15999985,4948400
2022-09-01,14.22000027,15.22999954,14.22000027,15.14000034,8226100
2022-09-02,15.27000046,16.90999985,15.19999981,16.32999992,21638300
2022-09-05,16.45000076,16.75,16.19000053,16.29999924,9554200
2022-09-06,16.12000084,16.27000046,15.32999992,15.64000034,7276300
2022-09-08,15.73999977,16.37999916,15.72999954,16.17000008,8515600
2022-09-09,16.29999924,17.25,16.22999954,16.72999954,16739800
2022-09-12,16.89999962,17.04999924,16.54000092,16.56999969,4715600
2022-09-13,16.29999924,16.37999916,16.04000092,16.25,4685200
2022-09-14,16.20000076,16.27000046,15.88000011,15.98999977,5044100
2022-09-15,15.98999977,16.39999962,15.88000011,15.98999977,6626600
2022-09-16,15.69999981,16.0,15.35999966,15.73999977,15679600
2022-09-19,15.60000038,16.32999992,15.60000038,16.17000008,8099800
2022-09-20,16.14999962,16.40999985,15.93000031,16.20000076,7013800
2022-09-21,16.20999908,16.71999931,16.04999924,16.34000015,9827300
2022-09-22,16.62999916,17.13999939,16.53000069,16.89999962,17290400
2022-09-23,16.59000015,16.81999969,16.19000053,16.76000023,8420300
2022-09-26,16.70000076,16.79000092,15.98999977,16.19000053,10211600
2022-09-27,16.45000076,16.70000076,15.96000004,16.06999969,7210900
2022-09-28,16.5,17.54999924,16.34000015,17.37999916,26393300
2022-09-29,17.10000038,17.43000031,16.77000046,17.25,10791300
2022-09-30,17.15999985,18.52000046,17.0,18.35000038,21781900
2022-10-03,19.10000038,20.56999969,19.10000038,20.03000069,29880900
2022-10-04,20.22999954,20.62999916,19.28000069,19.67000008,17780600
2022-10-05,19.78000069,20.04999924,19.60000038,19.79000092,6730500
2022-10-06,19.96999931,20.03000069,19.56999969,19.62000084,8687500
2022-10-07,19.48999977,19.64999962,19.20999908,19.35000038,7157700
2022-10-10,19.38999939,19.57999992,18.86000061,19.19000053,5447400
2022-10-11,19.12999916,19.23999977,18.40999985,18.67000008,9328300
2022-10-13,18.5,18.95999908,18.18000031,18.55999947,13938400
2022-10-14,18.64999962,18.87999916,18.45999908,18.61000061,11203100
2022-10-17,18.88999939,19.04999924,18.59000015,18.63999939,7803500
2022-10-18,18.94000053,19.35000038,18.64999962,18.88999939,10222800
2022-10-19,18.85000038,19.04000092,18.21999931,18.37999916,6531800
2022-10-20,18.45000076,18.57999992,17.45999908,17.73999977,17586400
2022-10-21,17.55999947,18.34000015,17.48999977,18.18000031,8735600
2022-10-24,18.04000092,18.20000076,17.71999931,17.81999969,5780400
2022-10-25,17.81999969,18.06999969,17.35000038,17.63999939,6517700
2022-10-26,17.5,17.51000023,16.61000061,16.78000069,8535500
2022-10-27,16.78000069,17.95000076,16.78000069,17.68000031,6863500
2022-10-28,17.62999916,18.0,17.37999916,17.87000084,10852200
2022-10-31,17.5,18.86000061,17.37999916,18.60000038,10737200
2022-11-01,18.78000069,18.90999985,18.04000092,18.59000015,7776100
2022-11-03,17.95000076,18.60000038,17.94000053,18.31999969,5821500
2022-11-04,18.65999985,18.84000015,18.30999947,18.44000053,8003600
2022-11-07,18.38999939,18.45999908,17.19000053,17.30999947,15914600
2022-11-08,17.20000076,17.70999908,16.89999962,17.20000076,6750900
2022-11-09,17.03000069,17.53000069,17.03000069,17.21999931,5584700
2022-11-10,16.54000092,16.54000092,15.07999992,15.19999981,21172900
2022-11-11,15.21000004,15.75,14.28999996,14.47999954,18183100
2022-11-14,14.60000038,15.35000038,14.59000015,15.13000011,10174600
2022-11-16,15.06999969,15.09000015,14.0,14.21000004,10423400
2022-11-17,14.0,14.10000038,12.69999981,13.69999981,25384100
2022-11-18,13.93000031,14.68000031,13.52000046,13.60999966,12838300
2022-11-21,13.89999962,14.77999973,13.84000015,14.69999981,11414000
2022-11-22,14.72000027,14.85999966,13.96000004,14.21000004,6557400
2022-11-23,14.14999962,14.15999985,13.52999973,13.78999996,10773800
2022-11-24,13.93999958,14.61999989,13.86999989,14.32999992,4613700
2022-11-25,14.36999989,14.39999962,13.61999989,13.81999969,4604800
2022-11-28,13.85000038,14.0,13.60999966,13.68000031,3471400
2022-11-29,13.68000031,14.55000019,13.60000038,14.34000015,6974200
2022-11-30,14.31999969,14.46000004,13.77999973,14.35999966,10468100
2022-12-01,14.35999966,14.43999958,13.92000008,14.09000015,11080300
2022-12-02,14.18999958,15.02000046,14.07999992,14.61999989,8584900
2022-12-05,14.44999981,14.47000027,13.47000027,13.60999966,9161100
2022-12-06,13.65999985,13.86999989,13.52000046,13.73999977,6349200
2022-12-07,13.68999958,14.14999962,13.68999958,13.85999966,5321500
2022-12-08,13.81000042,13.81000042,13.09000015,13.22000027,7246900
2022-12-09,13.30000019,13.38000011,13.02999973,13.10000038,5962000
2022-12-12,13.02000046,13.35999966,12.38000011,12.55000019,9229000
2022-12-13,12.68000031,12.92000008,12.07999992,12.14000034,9172600
2022-12-14,12.06999969,12.72999954,11.57999992,12.5,14272600
2022-12-15,12.40999985,12.97999954,12.27999973,12.65999985,9190500
2022-12-16,12.28999996,12.47999954,11.89999962,12.10000038,18249000
2022-12-19,12.19999981,12.97000027,12.10999966,12.77000046,9218600
2022-12-20,12.73999977,13.73999977,12.53999996,13.0,10515200
2022-12-21,13.17000008,13.27999973,12.47999954,12.93000031,10116200
2022-12-22,12.98999977,13.15999985,12.73999977,12.97000027,5101000
2022-12-23,13.02999973,13.82999992,13.02999973,13.47000027,7013200
2022-12-26,13.44999981,13.52000046,13.07999992,13.23999977,1345200
2022-12-27,13.31999969,13.35999966,12.55000019,12.76000023,5889300
2022-12-28,12.84000015,13.57999992,12.81000042,13.35999966,6803200
2022-12-29,13.36999989,13.77999973,12.94999981,13.06999969,6274300
2023-01-02,12.89000034,12.96000004,12.44999981,12.85000038,5573000
2023-01-03,12.86999989,13.11999989,12.23999977,12.27999973,7862400
2023-01-04,12.5,12.80000019,12.25,12.76000023,8608300
2023-01-05,12.85000038,13.14000034,12.64999962,13.10000038,7611700
2023-01-06,13.11999989,13.84000015,13.0,13.71000004,11356700
2023-01-09,13.53999996,13.82999992,13.27000046,13.57999992,8026900
2023-01-10,13.52000046,14.09000015,13.25,13.93000031,7487500
2023-01-11,13.93000031,14.19999981,13.69999981,14.14000034,4208100
2023-01-12,14.03999996,14.40999985,13.78999996,14.10999966,5294000
2023-01-13,13.97000027,14.06000042,13.61999989,13.76000023,3939500
2023-01-16,13.64999962,13.89000034,13.44999981,13.61999989,2715200
2023-01-17,13.67000008,14.18000031,13.63000011,14.03999996,8380500
2023-01-18,14.5,15.05000019,14.28999996,14.39999962,14913900
2023-01-19,14.25,14.53999996,13.85000038,14.42000008,10520800
2023-01-20,14.40999985,14.57999992,14.18999958,14.31999969,5827800
2023-01-23,14.31999969,14.81000042,14.22999954,14.48999977,5692400
2023-01-24,14.52999973,14.80000019,14.34000015,14.64999962,5232800
2023-01-25,14.63000011,15.14000034,14.52999973,14.93999958,6379900
2023-01-26,14.98999977,15.27000046,14.85000038,15.07999992,9617600
2023-01-27,15.02999973,15.18999958,14.60000038,14.85000038,6078600
2023-01-30,14.89999962,15.09000015,14.68999958,14.77999973,4223200
2023-01-31,14.89999962,15.32999992,14.84000015,15.18000031,6699600
2023-02-01,15.15999985,15.21000004,14.64999962,14.97000027,5395800
2023-02-02,14.85000038,15.71000004,14.85000038,15.07999992,19225300
2023-02-03,14.89999962,14.97999954,14.38000011,14.47999954,7651800
2023-02-06,13.89999962,14.14000034,13.82999992,14.03999996,16369200
2023-02-07,14.09000015,14.25,13.89000034,14.02999973,11334800
2023-02-08,14.13000011,14.75,14.06999969,14.64000034,8677600
2023-02-09,14.61999989,15.05000019,14.43999958,14.72999954,12022000
2023-02-10,14.67000008,15.28999996,14.60000038,15.14999962,6537100
2023-02-13,15.19999981,15.85999966,15.13000011,15.57999992,5976800
2023-02-14,15.72999954,15.72999954,15.14000034,15.27000046,14280700
2023-02-15,15.23999977,15.73999977,14.96000004,15.47000027,11542900
2023-02-16,15.32999992,15.34000015,14.71000004,14.80000019,10806400
2023-02-17,14.68000031,14.96000004,14.60999966,14.72999954,3921200
2023-02-22,14.63000011,15.18999958,14.61999989,15.18999958,11869400
2023-02-23,15.06000042,15.43000031,15.06000042,15.21000004,4384700
2023-02-24,15.14999962,15.23999977,14.86999989,15.02000046,3696100
2023-02-27,15.09000015,15.31999969,14.85000038,15.14999962,3605600
2023-02-28,15.14999962,15.31999969,14.96000004,14.97999954,3464000
2023-03-01,15.06999969,15.10000038,14.46000004,14.85999966,4511300
2023-03-02,14.86999989,15.18999958,14.60999966,14.78999996,5315800
2023-03-03,14.78999996,14.88000011,14.60999966,14.72999954,1720800
2023-03-06,14.72000027,15.14999962,14.69999981,15.02999973,2369700
2023-03-07,15.06000042,15.48999977,15.0,15.27999973,9260500
2023-03-08,15.36999989,16.04000092,15.14999962,15.96000004,9278600
2023-03-09,15.82999992,16.76000023,15.81000042,16.40999985,8714600
2023-03-10,16.37000084,16.37000084,15.81000042,15.92000008,3484800
2023-03-13,15.81000042,16.36000061,15.57999992,16.09000015,3788200
2023-03-14,16.14999962,16.45999908,15.63000011,15.69999981,5274100
2023-03-15,15.53999996,15.80000019,15.19999981,15.68999958,7137500
2023-03-16,15.76000023,16.07999992,15.67000008,15.93000031,6079100
2023-03-17,15.89999962,15.89999962,14.59000015,14.73999977,14403400
2023-03-20,14.71000004,14.85999966,14.18999958,14.25,5106000
2023-03-21,14.31999969,14.39000034,14.06000042,14.21000004,2312800
2023-03-22,14.18000031,14.64999962,14.06999969,14.13000011,4044600
2023-03-23,14.15999985,14.25,13.02000046,13.26000023,8948600
2023-03-24,13.31000042,13.68000031,13.01000023,13.10999966,7808200
2023-03-27,13.14999962,13.65999985,13.14999962,13.60999966,4219100
2023-03-28,13.55000019,13.77999973,13.28999996,13.56999969,4772400
2023-03-29,13.67000008,13.72000027,13.36999989,13.56999969,4524500
2023-03-30,13.90999985,14.53999996,13.89000034,14.18999958,5998000
2023-03-31,14.18999958,14.27999973,13.81999969,14.07999992,6000100
2023-04-03,13.97000027,13.97000027,13.64999962,13.64999962,4156900
2023-04-04,13.64999962,14.05000019,13.56000042,13.90999985,4220900
2023-04-05,13.89000034,14.07999992,13.77000046,13.90999985,4261700
2023-04-06,13.85000038,14.05000019,13.73999977,13.89999962,1921100
2023-04-10,13.93000031,14.19999981,13.69999981,13.89999962,4009100
2023-04-11,14.23999977,15.46000004,14.22000027,15.23999977,10295400
2023-04-12,15.28999996,16.23999977,15.19999981,15.81999969,9785000
2023-04-13,15.85999966,16.11000061,15.65999985,15.84000015,5869000
2023-04-14,15.77000046,15.85999966,15.35999966,15.51000023,5393400
2023-04-17,15.56999969,15.75,15.35999966,15.64999962,2716000
2023-04-18,15.71000004,15.80000019,15.11999989,15.40999985,3670900
2023-04-19,15.21000004,15.23999977,14.60999966,14.93000031,6345800
2023-04-20,14.85999966,15.02000046,14.5,14.97999954,5347000
2023-04-24,14.97999954,15.22000027,14.75,15.06000042,2852400
2023-04-25,14.94999981,15.03999996,14.68999958,14.88000011,2716900
2023-04-26,14.89000034,15.03999996,14.61999989,14.77999973,5565500
2023-04-27,14.69999981,15.28999996,14.60999966,15.21000004,3420100
2023-04-28,15.31999969,15.63000011,15.14999962,15.44999981,8667500
2023-05-02,15.31000042,15.36999989,14.75,15.21000004,6386400
2023-05-03,14.75,14.97000027,14.55000019,14.89999962,3440500
2023-05-04,14.97000027,15.69999981,14.97000027,15.53999996,6957200
2023-05-05,15.65999985,16.11000061,15.60999966,15.97000027,6537100
2023-05-08,16.10000038,16.45999908,15.89999962,15.97999954,3496900
2023-05-09,15.89999962,16.30999947,15.84000015,16.03000069,4148200
2023-05-10,15.97000027,16.5,15.97000027,16.40999985,4560500
2023-05-11,16.35000038,16.81999969,16.14999962,16.67000008,4330200
2023-05-12,16.5,16.87999916,15.73999977,16.48999977,8819900
2023-05-15,16.57999992,16.85000038,16.45000076,16.70000076,3871200
2023-05-16,16.68000031,17.05999947,16.52000046,16.61000061,5962000
2023-05-17,16.79000092,16.88999939,16.47999954,16.75,5095200
2023-05-18,16.68000031,17.20000076,16.60000038,17.10000038,5031800
2023-05-19,17.21999931,17.61000061,17.06999969,17.14999962,5281400
2023-05-22,17.12999916,17.68000031,17.10000038,17.38999939,4448700
2023-05-23,17.35000038,17.85000038,17.31999969,17.47999954,7990900
2023-05-24,17.35000038,17.86000061,17.22999954,17.62000084,4988900
2023-05-25,17.94000053,18.81999969,17.93000031,18.70999908,10166200
2023-05-26,18.97999954,19.05999947,18.69000053,18.80999947,7510100
2023-05-29,19.0,19.03000069,18.62000084,18.79000092,4258300
2023-05-30,18.87999916,19.14999962,18.44000053,18.54999924,5640600
2023-05-31,18.39999962,18.95999908,18.28000069,18.68000031,9728800
2023-06-01,18.80999947,19.10000038,18.70999908,18.95000076,7222600
2023-06-02,19.35000038,19.53000069,18.98999977,19.20000076,8609200
2023-06-05,19.20000076,19.30999947,18.89999962,19.12999916,3594300
2023-06-06,19.12999916,19.69000053,19.11000061,19.46999931,5129000
2023-06-07,19.60000038,19.81999969,19.34000015,19.57999992,5533000
2023-06-09,19.75,19.97999954,19.36000061,19.38999939,4701200
2023-06-12,19.38999939,19.57999992,19.09000015,19.12000084,8978500
2023-06-13,19.19000053,19.28000069,18.70000076,18.80999947,6741800
2023-06-14,18.85000038,19.20999908,18.79000092,19.19000053,6863200
2023-06-15,19.20999908,19.69000053,19.17000008,19.44000053,7005800
2023-06-16,19.34000015,19.54000092,19.04999924,19.04999924,7079100
2023-06-19,18.93000031,19.55999947,18.93000031,19.43000031,3753800
2023-06-20,19.39999962,19.45000076,19.09000015,19.29000092,5608200
2023-06-21,19.29999924,19.89999962,19.29999924,19.84000015,9122300
2023-06-22,19.68000031,19.79999924,18.75,19.17000008,13344700
2023-06-23,19.29000092,19.75,19.17000008,19.70000076,5492600
2023-06-26,19.89999962,19.95000076,19.29999924,19.65999985,6746500
2023-06-27,19.93000031,19.95000076,18.62000084,19.01000023,9041500
2023-06-28,18.95999908,19.40999985,18.86000061,19.01000023,4141500
2023-06-29,19.01000023,19.84000015,18.95999908,19.76000023,4732700
2023-06-30,19.89999962,20.45000076,19.87999916,20.12999916,10296800
2023-07-03,20.20999908,20.27000046,19.77000046,19.94000053,4260200
2023-07-04,19.90999985,19.95000076,19.48999977,19.72999954,3273300
2023-07-05,19.63999939,20.38999939,19.45999908,20.22999954,4925400
2023-07-06,20.04999924,20.28000069,19.67000008,19.90999985,5704100
2023-07-07,20.05999947,21.13999939,19.93000031,21.04999924,6994700
2023-07-10,20.96999931,21.29999924,20.47999954,20.72999954,8548000
2023-07-11,20.60000038,20.60000038,19.92000008,20.44000053,5443700
2023-07-12,20.70000076,21.04000092,20.70000076,20.70999908,6008100
2023-07-13,21.36000061,22.71999931,21.32999992,22.51000023,19694800
2023-07-14,22.39999962,22.44000053,21.71999931,21.88999939,9949700
2023-07-17,21.63999939,22.13999939,21.43000031,21.95999908,5827900
2023-07-18,22.0,22.28000069,21.79000092,22.28000069,5742500
2023-07-19,22.27000046,22.31999969,21.71999931,22.04999924,5848000
2023-07-20,22.27000046,22.35000038,21.80999947,22.07999992,4468900
2023-07-21,22.14999962,22.59000015,22.13999939,22.38999939,4616500
2023-07-24,22.23999977,22.75,22.20000076,22.64999962,3128000
2023-07-25,22.94000053,23.96999931,22.94000053,23.5,7969200
2023-07-26,23.35000038,23.71999931,22.88999939,23.57999992,3551700
2023-07-27,23.70000076,23.96999931,23.30999947,23.40999985,2687500
2023-07-28,23.53000069,23.67000008,23.09000015,23.53000069,2809500
2023-07-31,23.79000092,24.21999931,23.62000084,23.81999969,3900400
2023-08-01,23.61000061,23.70000076,23.20999908,23.52000046,12125300
2023-08-02,23.54000092,24.46999931,23.30999947,24.10000038,8068800
2023-08-03,24.79000092,25.48999977,24.35000038,24.77000046,12489900
2023-08-04,24.85000038,25.27000046,24.75,24.97999954,7534700
2023-08-07,25.0,25.07999992,24.76000023,24.89999962,2768000
2023-08-08,24.39999962,25.31999969,24.07999992,24.96999931,5228800
2023-08-09,24.95000076,25.04000092,24.67000008,24.87000084,2899900
2023-08-10,25.0,25.25,24.80999947,25.06999969,3536400
2023-08-11,25.45000076,25.89999962,25.22999954,25.70999908,6806400
2023-08-14,25.67000008,25.70999908,24.28000069,24.67000008,5740400
2023-08-15,24.64999962,24.96999931,24.12000084,24.63999939,4479700
2023-08-16,24.70000076,25.06999969,24.28000069,24.45000076,4323400
2023-08-17,24.5,24.70000076,23.17000008,23.40999985,7016700
2023-08-18,23.17000008,23.73999977,22.90999985,23.70000076,5164000
2023-08-21,23.54999924,23.82999992,23.03000069,23.45000076,5419200
2023-08-22,23.51000023,24.0,23.51000023,23.82999992,10893800
2023-08-23,23.93000031,24.36000061,23.67000008,24.20000076,7983200
2023-08-24,24.26000023,24.30999947,23.56999969,23.78000069,3436400
2023-08-25,23.67000008,23.68000031,22.86000061,23.14999962,4035900
2023-08-28,23.04000092,23.46999931,22.90999985,23.29000092,4684700
2023-08-29,23.35000038,23.70999908,23.15999985,23.45999908,1993600
2023-08-30,23.54999924,23.70000076,23.0,23.06999969,2482700
2023-08-31,23.11000061,23.11000061,22.37999916,22.44000053,3757900
2023-09-01,22.64999962,23.02000046,22.52000046,22.79000092,4271600
2023-09-04,22.65999985,22.89999962,22.12000084,22.45999908,2604200
2023-09-05,22.39999962,22.39999962,21.81999969,21.89999962,4803400
2023-09-06,21.85000038,22.10000038,21.28000069,21.46999931,6323500
2023-09-08,21.37000084,21.72999954,21.18000031,21.57999992,4968600
2023-09-11,21.72999954,22.45999908,21.72999954,22.20999908,6650600
2023-09-12,22.20000076,22.70999908,22.04000092,22.54000092,2819800
2023-09-13,22.65999985,23.10000038,22.44000053,22.55999947,7246300
2023-09-14,22.61000061,22.61000061,21.69000053,22.02000046,8289500
2023-09-15,22.01000023,22.13999939,21.42000008,21.68000031,4763000
2023-09-18,21.78000069,22.20000076,21.65999985,21.81999969,4320700
2023-09-19,21.72999954,21.73999977,21.36000061,21.56999969,4437500
2023-09-20,21.70000076,22.62999916,21.70000076,22.03000069,5745600
2023-09-21,21.75,21.75,21.22999954,21.40999985,6160500
2023-09-22,21.65999985,21.65999985,20.65999985,20.85000038,7037800
2023-09-25,20.79999924,20.80999947,20.19000053,20.57999992,7135000
2023-09-26,20.36000061,20.44000053,19.79999924,20.02000046,6427000
2023-09-27,20.10000038,20.44000053,19.46999931,19.89999962,7631900
2023-09-28,19.80999947,20.29000092,19.71999931,20.10000038,9601100
2023-09-29,20.45999908,20.57999992,19.87000084,20.27000046,7910700
2023-10-02,20.20000076,20.20000076,19.76000023,19.94000053,3165600
2023-10-03,19.81999969,19.85000038,19.0,19.14999962,5178400
2023-10-04,19.27000046,19.85000038,19.15999985,19.69000053,6857800
2023-10-05,19.59000015,19.70999908,18.89999962,19.20000076,6340700
2023-10-06,18.70000076,19.07999992,18.34000015,18.90999985,8154000
2023-10-09,18.59000015,19.20999908,18.53000069,19.06999969,4554900
2023-10-10,19.18000031,19.87999916,19.18000031,19.72999954,6370300
2023-10-11,19.75,19.97999954,19.54999924,19.70999908,8008500
2023-10-13,19.21999931,19.45999908,18.82999992,18.93000031,6433500
2023-10-16,19.02000046,19.51000023,18.82999992,19.10000038,3493500
2023-10-17,18.85000038,19.19000053,18.54000092,18.68000031,5305300
2023-10-18,18.48999977,18.48999977,17.94000053,18.03000069,6071100
2023-10-19,18.11000061,18.68000031,18.11000061,18.26000023,4260200
2023-10-20,18.07999992,18.53000069,17.96999931,18.28000069,4201200
2023-10-23,18.10000038,18.80999947,18.10000038,18.51000023,4292600
2023-10-24,18.70000076,18.97999954,18.45999908,18.68000031,3923800
2023-10-25,18.69000053,18.97999954,18.22999954,18.40999985,3297800
2023-10-26,18.54999924,19.23999977,18.38999939,19.04000092,5951100
2023-10-27,19.12000084,19.29999924,18.14999962,18.20000076,5801100
2023-10-30,18.23999977,18.43000031,17.69000053,17.84000015,5112700
2023-10-31,17.95999908,18.04999924,17.44000053,17.98999977,3812100
2023-11-01,18.18000031,18.37000084,17.86000061,18.29000092,6225600
2023-11-03,19.0,19.94000053,19.0,19.67000008,8247300
2023-11-06,19.68000031,19.88999939,19.44000053,19.54999924,4103600
2023-11-07,19.54999924,20.45000076,19.39999962,20.17000008,6055000
2023-11-08,20.21999931,20.57999992,19.90999985,20.03000069,3734700
2023-11-09,20.03000069,20.53000069,19.80999947,20.04999924,7384600
2023-11-10,20.13999939,20.80999947,19.70000076,20.47999954,11197100
2023-11-13,20.45000076,20.62999916,20.29999924,20.30999947,3735400
2023-11-14,20.34000015,21.54999924,20.32999992,21.0,9556800
2023-11-16,20.98999977,21.65999985,20.95999908,21.45999908,8944200
2023-11-17,21.47999954,21.69000053,20.70999908,20.89999962,7421400
2023-11-20,20.95000076,21.02000046,20.60000038,20.85000038,4558500
2023-11-21,20.79999924,20.80999947,19.55999947,19.98999977,8190300
2023-11-22,20.14999962,20.70999908,20.06999969,20.17000008,4824600
2023-11-23,20.17000008,20.70999908,19.88999939,20.57999992,2825400
2023-11-24,20.59000015,20.81999969,20.31999969,20.57999992,3853900
2023-11-27,20.64999962,20.87999916,20.29999924,20.59000015,3329000
2023-11-28,20.48999977,21.15999985,20.40999985,21.09000015,6033400
2023-11-29,21.28000069,21.48999977,20.77000046,20.87000084,6727100
2023-11-30,20.97999954,21.95000076,20.71999931,21.84000015,9087500
2023-12-01,21.95999908,22.5,21.44000053,22.20999908,7888800
2023-12-04,22.10000038,22.10000038,21.37000084,21.45999908,4442200
2023-12-05,21.57999992,22.45000076,21.55999947,22.29000092,7922700
2023-12-06,22.39999962,22.78000069,21.78000069,21.95999908,6006100
2023-12-07,21.81999969,23.13999939,21.78000069,23.0,12760700
2023-12-08,22.98999977,23.20000076,22.27000046,22.82999992,7113900
2023-12-11,22.70000076,22.78000069,22.34000015,22.53000069,3617600
2023-12-12,22.42000008,22.63999939,22.23999977,22.43000031,4294900
2023-12-13,22.42000008,24.0,22.42000008,23.65999985,7747700
2023-12-14,24.0,25.05999947,24.0,24.30999947,11053900
2023-12-15,24.29999924,24.46999931,23.40999985,23.60000038,4720800
2023-12-18,23.70000076,24.68000031,23.65999985,24.37999916,5163100
2023-12-19,24.59000015,24.76000023,24.15999985,24.29000092,2994800
2023-12-20,24.09000015,24.48999977,23.73999977,24.01000023,3894700
2023-12-21,24.29999924,24.29999924,23.55999947,23.78000069,6121000
2023-12-22,23.87000084,24.29999924,23.67000008,24.21999931,3629300
2023-12-26,24.25,24.52000046,23.97999954,24.15999985,2895700
2023-12-27,24.0,24.15999985,23.69000053,24.07999992,3004500
2023-12-28,23.95000076,24.28000069,23.84000015,24.07999992,3412900
2024-01-02,23.93000031,23.96999931,23.0,23.13999939,4831100
2024-01-03,22.90999985,23.09000015,22.42000008,22.73999977,8445100
2024-01-04,22.67000008,22.70000076,21.77000046,21.92000008,9310600
2024-01-05,21.81999969,22.60000038,21.62999916,22.15999985,6993000
2024-01-08,22.10000038,23.0,21.85000038,22.78000069,4880200
2024-01-09,22.61000061,22.88999939,22.31999969,22.71999931,3784800
2024-01-10,22.78000069,23.12000084,22.60000038,22.85000038,3126200
2024-01-11,22.87999916,23.10000038,22.63999939,22.94000053,5594100
2024-01-12,23.05999947,23.63999939,22.21999931,22.86000061,6672800
2024-01-15,22.68000031,23.25,22.55999947,22.87000084,2165600
2024-01-16,22.87000084,22.89999962,22.37000084,22.43000031,5254100
2024-01-17,22.34000015,22.71999931,22.18000031,22.42000008,5029400
2024-01-18,22.51000023,22.62999916,21.70000076,21.78000069,5299700
2024-01-19,21.84000015,22.47999954,21.29999924,22.30999947,9138100
2024-01-22,22.42000008,22.64999962,21.92000008,22.25,6595600
2024-01-23,22.31999969,22.81999969,22.25,22.5,3930500
2024-01-24,22.76000023,23.10000038,22.06999969,22.34000015,4291200
2024-01-25,22.35000038,23.37000084,22.35000038,23.15999985,4373000
2024-01-26,23.25,23.34000015,22.62000084,22.84000015,4548400
2024-01-29,22.78000069,22.93000031,22.48999977,22.54999924,2909500
2024-01-30,22.53000069,22.62000084,21.97999954,22.15999985,4923000
2024-01-31,22.19000053,23.12000084,22.15999985,22.36000061,12590800
2024-02-01,22.45000076,22.92000008,22.38999939,22.62000084,5141000
2024-02-02,22.62000084,22.76000023,21.98999977,22.52000046,5553100
2024-02-05,22.43000031,22.56999969,21.85000038,22.12999916,3701000
2024-02-06,22.20999908,22.90999985,22.19000053,22.70999908,3310600
2024-02-07,22.61000061,23.25,22.45999908,23.05999947,2777700
2024-02-08,23.10000038,23.70000076,21.87999916,22.69000053,8094000
2024-02-09,22.64999962,23.36000061,22.51000023,23.12999916,5209700
2024-02-14,22.93000031,22.95000076,22.55999947,22.57999992,3157400
2024-02-15,22.90999985,22.95000076,22.10000038,22.10000038,6921200
2024-02-16,22.17000008,22.42000008,21.89999962,22.03000069,3763900
2024-02-19,22.0,22.0,21.62000084,21.85000038,2068400
2024-02-20,21.75,22.85000038,21.62000084,22.53000069,5025900
2024-02-21,22.53000069,22.94000053,22.12000084,22.92000008,3807300
2024-02-22,22.98999977,23.21999931,22.75,23.11000061,3997800
2024-02-23,23.11000061,23.17000008,22.79999924,22.89999962,2336200
2024-02-26,22.79000092,23.28000069,22.72999954,22.88999939,1900300
2024-02-27,23.09000015,24.01000023,23.09000015,23.80999947,3992500
2024-02-28,23.68000031,23.75,23.25,23.55999947,2730900
2024-02-29,23.32999992,24.14999962,23.29999924,24.04999924,5093100
2024-03-01,24.02000046,24.69000053,23.84000015,24.46999931,6316100
2024-03-04,24.5,24.60000038,23.90999985,24.18000031,3686300
2024-03-05,24.25,24.82999992,23.95000076,24.12000084,3310200
2024-03-06,24.32999992,24.79000092,24.05999947,24.46999931,4804600
2024-03-07,24.5,24.79999924,24.07999992,24.13999939,3742200
2024-03-08,24.07999992,24.80999947,23.80999947,24.63999939,4406200
2024-03-11,24.42000008,24.67000008,24.21999931,24.59000015,2844900
2024-03-12,24.79999924,25.20000076,24.67000008,25.07999992,5710600
2024-03-13,25.04999924,25.59000015,24.94000053,25.48999977,5355300
2024-03-14,25.5,25.78000069,25.15999985,25.37000084,3873200
2024-03-15,25.15999985,25.42000008,24.45000076,24.62999916,9704800
2024-03-18,24.62999916,24.88999939,23.70999908,23.96999931,6231500
2024-03-19,24.06999969,24.31999969,23.51000023,23.95999908,5982300
2024-03-20,24.01000023,24.96999931,23.94000053,24.84000015,4917200
2024-03-21,24.82999992,24.82999992,24.29999924,24.62000084,3593100
2024-03-22,24.51000023,24.71999931,24.06999969,24.21999931,2935100
2024-03-25,24.20999908,24.39999962,24.0,24.17000008,2865800
2024-03-26,23.95999908,24.62000084,23.95000076,24.22999954,4750700
2024-03-27,24.38999939,25.27000046,24.38999939,25.10000038,6057100
2024-03-28,25.12000084,25.44000053,24.82999992,24.94000053,4666100
2024-04-01,25.0,25.21999931,24.39999962,24.45000076,5972800
2024-04-02,24.37999916,24.37999916,23.62999916,23.87000084,5906700
2024-04-03,23.78000069,23.94000053,23.18000031,23.82999992,4959200
2024-04-04,24.09000015,24.45999908,23.29000092,23.39999962,7348100
2024-04-05,23.45000076,23.55999947,22.95000076,23.43000031,8307500
2024-04-08,23.5,24.01000023,23.30999947,23.80999947,3891600
2024-04-09,23.87000084,24.54999924,23.87000084,24.37999916,5164200
2024-04-10,24.46999931,24.46999931,23.51000023,23.62999916,8153200
2024-04-11,23.62999916,24.03000069,23.34000015,23.88999939,5429800
2024-04-12,23.75,23.79999924,22.65999985,22.71999931,5183900
2024-04-15,22.72999954,22.79000092,21.04000092,21.35000038,13098300
2024-04-16,20.89999962,21.54000092,20.63999939,21.22999954,9802200
2024-04-17,21.70000076,21.84000015,20.86000061,21.0,7962000
2024-04-18,20.96999931,21.12999916,20.31999969,20.55999947,5681300
2024-04-19,20.46999931,21.12000084,20.37000084,20.88999939,12289300
2024-04-22,21.0,21.32999992,20.73999977,21.19000053,6752800
2024-04-23,20.95999908,21.34000015,20.70000076,21.29999924,5297000
2024-04-24,21.25,21.35000038,20.80999947,21.25,6122000
2024-04-25,21.10000038,21.23999977,20.70999908,20.97999954,5469000
2024-04-26,20.64999962,21.29000092,20.64999962,20.90999985,7177500
2024-04-29,20.93000031,21.23999977,20.85000038,21.06999969,2635600
2024-04-30,20.82999992,20.90999985,20.29999924,20.29999924,3285200
2024-05-02,20.78000069,20.95999908,20.44000053,20.59000015,8282700
2024-05-03,21.20000076,21.95000076,21.07999992,21.80999947,8068600
2024-05-06,21.79999924,22.10000038,21.54000092,21.59000015,2882600
2024-05-07,21.70000076,21.92000008,21.5,21.72999954,2328200
2024-05-08,21.63999939,21.77000046,21.34000015,21.69000053,5426800
2024-05-09,21.09000015,21.37999916,20.79999924,21.31999969,6792700
2024-05-10,21.27000046,21.76000023,20.46999931,20.90999985,5791700
2024-05-13,20.95000076,21.06999969,20.60000038,20.60000038,2947800
2024-05-14,20.63999939,20.93000031,20.54999924,20.62999916,2901700
2024-05-15,20.73999977,21.07999992,20.55999947,20.75,5901700
2024-05-16,21.02000046,21.12999916,20.46999931,20.92000008,4113200
2024-05-17,20.85000038,20.96999931,20.45000076,20.62000084,4230400
2024-05-20,20.53000069,20.97999954,20.20999908,20.48999977,3642400
2024-05-21,20.54999924,20.81999969,20.45999908,20.64999962,5464700
2024-05-22,20.43000031,20.5,19.77000046,19.80999947,5477900
2024-05-23,19.76000023,19.84000015,19.10000038,19.36000061,9265100
2024-05-24,19.51000023,20.10000038,19.46999931,19.57999992,7798400
2024-05-27,19.55999947,19.81999969,19.44000053,19.62999916,2303900
2024-05-28,20.01000023,20.02000046,19.29999924,19.37000084,6949700
2024-05-29,19.27000046,19.43000031,19.14999962,19.27000046,3994700
2024-05-31,19.29999924,19.42000008,18.94000053,19.11000061,4314600
2024-06-03,19.10000038,19.52000046,18.95000076,19.21999931,4539700
2024-06-04,19.17000008,19.45999908,19.03000069,19.34000015,3152900
2024-06-05,19.19000053,19.93000031,19.19000053,19.70999908,9267100
2024-06-06,19.87000084,20.45999908,19.64999962,20.17000008,7104900
2024-06-07,19.79000092,20.17000008,19.44000053,19.56999969,3920000
2024-06-10,19.5,19.70000076,19.20999908,19.34000015,2645300
2024-06-11,19.27000046,19.63999939,19.25,19.53000069,4638300
2024-06-12,19.75,20.04999924,18.79999924,18.95000076,8034200
2024-06-13,19.03000069,19.21999931,18.79999924,18.97999954,4958800
2024-06-14,18.96999931,19.34000015,18.82999992,19.04000092,6271300
2024-06-17,19.0,19.04000092,18.70000076,18.70000076,3272100
2024-06-18,18.70000076,19.02000046,18.56999969,18.79999924,7727900
2024-06-19,18.75,18.95000076,18.53000069,18.85000038,5072900
2024-06-20,19.10000038,19.44000053,18.59000015,18.59000015,6016000
2024-06-21,18.60000038,19.12999916,18.45000076,18.97999954,9368100
2024-06-24,19.03000069,19.69000053,19.03000069,19.51000023,6383000
2024-06-25,19.51000023,19.78000069,19.42000008,19.55999947,7122900
2024-06-26,19.29999924,19.5,18.92000008,19.07999992,6380000
2024-06-27,19.14999962,19.55999947,19.06999969,19.5,7702500
2024-06-28,19.29000092,19.56999969,18.78000069,18.85000038,5918000
2024-07-01,18.85000038,18.87999916,18.47999954,18.61000061,6157900
2024-07-02,18.61000061,19.0,18.45000076,18.85000038,5025200
2024-07-03,18.96999931,19.34000015,18.96999931,19.11000061,4694900
2024-07-04,19.39999962,19.95000076,19.38999939,19.81999969,7156700
2024-07-05,19.81999969,20.10000038,19.45000076,19.98999977,11831800
2024-07-08,20.04999924,20.09000015,19.55999947,19.72999954,5777100
2024-07-09,19.61000061,20.12000084,19.43000031,20.04000092,3713600
2024-07-10,20.20999908,20.78000069,20.20999908,20.54999924,5894200
2024-07-11,20.79999924,21.25,20.64999962,21.17000008,7928700
2024-07-12,20.97999954,21.11000061,20.28000069,20.28000069,6548700
2024-07-15,20.23999977,20.56999969,20.13999939,20.56999969,3202000
2024-07-16,20.62000084,20.87000084,20.5,20.87000084,4945400
2024-07-17,20.87999916,21.09000015,20.65999985,20.69000053,3825200
2024-07-18,20.53000069,20.59000015,19.69000053,19.85000038,7914000
2024-07-19,20.07999992,20.39999962,19.88999939,19.98999977,5689000
2024-07-22,20.05999947,20.75,20.01000023,20.68000031,7366200
2024-07-23,20.85000038,20.85000038,20.02000046,20.14999962,3402600
2024-07-24,20.14999962,20.14999962,19.62000084,19.79000092,3559900
2024-07-25,19.64999962,19.88999939,19.48999977,19.56999969,5512400
2024-07-26,19.62000084,19.79999924,19.39999962,19.65999985,2977100
2024-07-29,19.81999969,19.87000084,19.40999985,19.54999924,2439300
2024-07-30,19.38999939,19.56999969,19.18000031,19.20999908,2642900
2024-07-31,19.29999924,19.62000084,19.21999931,19.48999977,4052200
2024-08-01,19.62999916,20.06999969,19.5,19.61000061,7553600
2024-08-02,19.73999977,20.39999962,19.62999916,19.95999908,5551400
2024-08-05,19.05999947,19.77000046,18.73999977,19.45000076,7243200
2024-08-06,19.5,19.65999985,19.01000023,19.34000015,6438200
2024-08-07,19.60000038,20.20000076,19.5,20.20000076,3561600
2024-08-08,20.21999931,20.76000023,20.21999931,20.64999962,5840400
2024-08-09,21.35000038,22.04000092,21.35000038,21.77000046,10390000
2024-08-12,22.0,22.0,21.43000031,21.64999962,4537200
2024-08-13,21.68000031,21.82999992,21.20999908,21.29999924,3526600
2024-08-14,21.29999924,21.71999931,21.26000023,21.62999916,3222700
2024-08-15,21.62999916,22.30999947,21.42000008,22.13999939,6417000
2024-08-16,22.13999939,22.51000023,21.25,21.37999916,8568600
2024-08-19,21.46999931,21.95000076,21.35000038,21.79999924,5170800
2024-08-20,21.79000092,22.32999992,21.63999939,22.17000008,5979700
2024-08-21,22.21999931,22.47999954,22.01000023,22.21999931,6043600
2024-08-22,22.10000038,22.14999962,21.42000008,21.60000038,4775900
2024-08-23,21.79999924,22.92000008,21.62999916,22.56999969,6199700
2024-08-26,22.61000061,22.70999908,22.28000069,22.53000069,2786300
2024-08-27,22.43000031,22.72999954,22.29999924,22.62999916,3186300
2024-08-28,22.48999977,22.78000069,22.15999985,22.69000053,4995300
2024-08-29,22.54000092,22.76000023,22.02000046,22.20999908,6563600
2024-08-30,22.0,22.04999924,21.48999977,21.81999969,5942200
2024-09-02,21.62000084,21.88999939,21.45000076,21.60000038,3259900
2024-09-03,21.57999992,21.67000008,21.01000023,21.20000076,7026800
2024-09-04,21.27000046,21.95000076,21.11000061,21.59000015,6098700
2024-09-05,21.59000015,21.81999969,21.45000076,21.70999908,3320600
2024-09-06,21.70000076,21.94000053,21.39999962,21.54999924,4842700
2024-09-09,21.54999924,21.85000038,21.48999977,21.5,3047700
2024-09-10,21.39999962,21.61000061,21.28000069,21.47999954,3983400
2024-09-11,21.42000008,21.63999939,21.35000038,21.53000069,2651600
2024-09-12,21.39999962,21.61000061,21.29999924,21.53000069,3433000
2024-09-13,21.63999939,22.39999962,21.63999939,22.28000069,4635500
2024-09-16,22.37999916,22.5,22.10000038,22.5,2888200
2024-09-17,22.27000046,22.47999954,22.17000008,22.43000031,2579300
2024-09-18,22.42000008,22.79000092,22.20999908,22.34000015,4268700
2024-09-19,22.45000076,22.56999969,21.79000092,21.82999992,4519900
2024-09-20,21.85000038,21.85000038,20.55999947,20.72999954,7654500
2024-09-23,20.60000038,20.61000061,19.80999947,20.19000053,10908200
2024-09-24,20.45000076,20.73999977,20.19000053,20.45000076,7542600
2024-09-25,20.45000076,20.96999931,20.39999962,20.45000076,7181700
2024-09-26,20.69000053,20.98999977,20.62000084,20.87000084,4185400
2024-09-27,20.84000015,21.25,20.51000023,20.70000076,8409600
2024-09-30,20.77000046,20.77000046,20.37999916,20.52000046,4308000
2024-10-01,20.82999992,21.11000061,20.48999977,20.61000061,4572800
2024-10-02,20.81999969,21.68000031,20.81999969,21.54000092,8740000
2024-10-03,21.28000069,21.28000069,20.71999931,21.19000053,8147500
2024-10-04,21.05999947,21.35000038,20.87999916,21.23999977,4680300
2024-10-07,21.53000069,21.63999939,21.06999969,21.34000015,4833700
2024-10-08,21.61000061,21.82999992,21.52000046,21.81999969,5545700
2024-10-09,21.89999962,22.44000053,21.42000008,21.70999908,10844100
2024-10-10,21.75,21.92000008,21.53000069,21.78000069,4057200
2024-10-11,21.76000023,21.76000023,21.21999931,21.39999962,4644800
2024-10-14,21.39999962,21.86000061,21.22999954,21.67000008,4712900
2024-10-15,21.87999916,22.09000015,21.65999985,22.0,6040500
2024-10-16,22.10000038,22.71999931,21.88999939,22.39999962,10553500
2024-10-17,22.19000053,22.28000069,21.62000084,21.89999962,6740500
2024-10-18,22.06999969,22.26000023,21.63999939,21.65999985,7565900
2024-10-21,21.70000076,21.89999962,21.52000046,21.52000046,3154500
2024-10-22,21.46999931,21.53000069,21.11000061,21.39999962,5655500
2024-10-23,21.26000023,21.32999992,21.03000069,21.29999924,3535200
2024-10-24,21.21999931,21.64999962,20.88999939,21.64999962,5158700
2024-10-25,21.64999962,21.79000092,21.06999969,21.14999962,2992200
2024-10-28,21.37999916,21.57999992,21.12000084,21.20999908,3626400
2024-10-29,21.37999916,21.45999908,21.04999924,21.22999954,3813500
2024-10-30,21.21999931,21.87000084,21.19000053,21.87000084,11706600
2024-10-31,21.67000008,22.23999977,21.67000008,21.73999977,5558300
2024-11-01,21.95999908,21.95999908,21.22999954,21.29999924,8022200
2024-11-04,21.70999908,22.12000084,21.53000069,21.95000076,6418800
2024-11-05,22.04999924,22.31999969,21.54000092,22.17000008,3919600
2024-11-06,21.61000061,22.11000061,21.04000092,21.88999939,7886600
2024-11-07,21.61000061,22.43000031,21.39999962,21.73999977,4753800
2024-11-08,21.57999992,21.63999939,21.06999969,21.5,3644100
2024-11-11,21.30999947,22.01000023,21.30999947,21.80999947,3092900
2024-11-12,21.79999924,21.95000076,21.5,21.69000053,3062400
2024-11-13,21.62999916,22.06999969,21.55999947,21.87000084,8499800
2024-11-14,22.0,22.23999977,21.12999916,21.20000076,7562600
2024-11-18,21.25,21.30999947,20.67000008,20.71999931,6401800
2024-11-19,20.89999962,21.03000069,20.60000038,20.87999916,4299500
2024-11-21,20.73999977,20.78000069,20.39999962,20.40999985,3697300
2024-11-22,20.69000053,21.09000015,20.44000053,21.09000015,5054000
2024-11-25,21.09000015,21.42000008,21.0,21.09000015,5347400
2024-11-26,21.23999977,21.67000008,20.92000008,21.57999992,4628400
2024-11-27,21.57999992,21.69000053,20.12000084,20.12000084,11041100
2024-11-28,19.86000061,19.87000084,18.42000008,18.48999977,19575600
2024-11-29,18.51000023,18.62999916,17.79999924,18.39999962,14477700
2024-12-02,18.45000076,18.54999924,18.23999977,18.28000069,8996200
2024-12-03,18.26000023,18.63999939,18.12000084,18.36000061,9719200
2024-12-04,18.38999939,18.60000038,18.19000053,18.39999962,8634100
2024-12-05,18.68000031,19.29000092,18.63999939,18.81999969,9716400
2024-12-06,18.84000015,19.10000038,18.31999969,18.54000092,10577900
2024-12-09,18.60000038,18.68000031,18.26000023,18.38999939,7068400
2024-12-10,18.65999985,18.94000053,18.5,18.62999916,5955900
2024-12-11,18.87000084,20.01000023,18.52000046,19.29000092,12331500
2024-12-12,18.92000008,19.0,18.01000023,18.25,26132900
2024-12-13,18.25,18.37999916,18.03000069,18.04999924,8814300
2024-12-16,18.14999962,18.15999985,17.80999947,17.81999969,9251500
2024-12-17,17.97999954,18.39999962,17.75,18.21999931,8636100
2024-12-18,17.88999939,18.13999939,16.95999908,17.10000038,18639100
2024-12-19,17.19000053,17.67000008,17.07999992,17.59000015,10612100
2024-12-20,17.64999962,18.37999916,17.61000061,17.97999954,8705600
2024-12-23,17.85000038,18.04000092,17.31999969,17.31999969,3653100
2024-12-26,17.36000061,17.45999908,17.09000015,17.09000015,3128800
2024-12-27,17.22999954,17.34000015,16.97999954,17.12000084,4418400
2024-12-30,17.12000084,17.34000015,16.90999985,16.95000076,5644000
2025-01-02,16.89999962,16.97999954,16.27000046,16.56999969,7306700
2025-01-03,16.54000092,16.70000076,16.29999924,16.43000031,3959800
2025-01-06,16.62999916,16.81999969,16.32999992,16.73999977,10029000
2025-01-07,16.94000053,17.07999992,16.70999908,16.85000038,8100400
2025-01-08,16.54000092,16.60000038,16.11000061,16.27000046,9827300
2025-01-09,16.20999908,16.70999908,16.15999985,16.54999924,2767000
2025-01-10,16.5,16.53000069,16.15999985,16.51000023,4783900
2025-01-13,16.54999924,16.54999924,16.20000076,16.38999939,5134900
2025-01-14,16.51000023,16.76000023,16.26000023,16.72999954,5685500
2025-01-15,16.93000031,17.96999931,16.90999985,17.94000053,7966000
2025-01-16,18.05999947,18.09000015,17.61000061,17.75,7628100
2025-01-17,17.82999992,18.10000038,17.62999916,17.87000084,6218900
2025-01-20,17.80999947,18.31999969,17.69000053,17.95000076,3303000
2025-01-21,17.96999931,18.36000061,17.87999916,18.29999924,3374200
2025-01-22,18.37000084,18.92000008,18.10000038,18.64999962,8368000
2025-01-23,18.79999924,18.87999916,18.36000061,18.54000092,5382700
2025-01-24,18.54999924,18.95999908,18.37999916,18.70000076,4438700
2025-01-27,18.45000076,19.64999962,18.40999985,19.54000092,5616300
2025-01-28,19.39999962,19.62000084,19.29999924,19.36000061,2250600
2025-01-29,19.43000031,19.67000008,19.20999908,19.54999924,3929000
2025-01-30,19.67000008,20.51000023,19.63999939,20.37999916,7948200
2025-01-31,20.47999954,20.84000015,20.31999969,20.43000031,8548700
2025-02-03,20.27000046,20.86000061,20.12000084,20.69000053,7085200
2025-02-04,20.57999992,20.90999985,20.51000023,20.67000008,6493400
2025-02-05,20.63999939,20.86000061,20.29999924,20.79999924,4685300
2025-02-06,20.71999931,21.12000084,20.68000031,21.0,3759500
2025-02-07,21.0,21.25,20.37000084,20.47999954,7783700
2025-02-10,20.57999992,20.88999939,20.57999992,20.62999916,2784200
2025-02-11,20.63999939,21.28000069,20.60000038,21.14999962,3974300
2025-02-12,20.89999962,21.03000069,20.45999908,20.92000008,5431600
2025-02-13,20.95000076,21.14999962,20.69000053,21.14999962,3550500
2025-02-14,21.30999947,22.0,21.26000023,21.82999992,6563100
2025-02-17,21.95999908,22.88999939,21.95999908,22.56999969,9533100
2025-02-18,22.62000084,22.75,22.19000053,22.39999962,8229900
2025-02-19,22.17000008,22.37999916,22.04000092,22.20999908,4754200
2025-02-20,22.32999992,22.46999931,21.95000076,22.26000023,4350500
2025-02-21,22.31999969,22.55999947,22.18000031,22.45999908,4614000
2025-02-24,22.44000053,22.54999924,21.64999962,21.65999985,4601100
2025-02-25,21.57999992,22.09000015,21.57999992,21.79999924,2945400
2025-02-26,22.07999992,22.13999939,21.29000092,21.36000061,3312800
2025-02-27,21.22999954,21.61000061,21.20999908,21.31999969,3973400
2025-02-28,21.04999924,21.52000046,20.5,20.75,7151900
2025-03-05,20.25,21.09000015,20.25,20.87999916,4549800
2025-03-06,21.01000023,21.79000092,20.94000053,21.10000038,6269600
2025-03-07,20.89999962,22.01000023,20.73999977,21.75,7958000
2025-03-10,21.62000084,21.94000053,21.47999954,21.63999939,4412800
2025-03-11,21.64999962,21.76000023,21.18000031,21.55999947,4908600
2025-03-12,21.55999947,22.38999939,21.55999947,22.23999977,5899400
2025-03-13,22.35000038,22.77000046,21.95000076,22.60000038,5533300
2025-03-14,22.60000038,23.28000069,22.52000046,23.02000046,5257900
2025-03-17,23.02000046,23.42000008,22.86000061,23.31999969,5280900
2025-03-18,23.31999969,23.90999985,23.31999969,23.42000008,6398100
2025-03-19,23.39999962,24.23999977,23.37999916,24.02000046,9198100
2025-03-20,24.04000092,24.70000076,23.85000038,23.85000038,9421400
2025-03-21,24.10000038,24.35000038,23.34000015,23.89999962,8599500
2025-03-24,24.0,24.0,23.43000031,23.48999977,3622100
2025-03-25,23.44000053,24.09000015,23.40999985,23.72999954,3844000
2025-03-26,23.72999954,24.37999916,23.63999939,23.98999977,5119100
2025-03-27,24.15999985,24.35000038,23.89999962,24.17000008,4957600
2025-03-28,24.10000038,24.64999962,23.90999985,24.29999924,5201900
2025-03-31,24.06999969,24.45000076,23.80999947,23.89999962,3732900
2025-04-01,23.93000031,24.45000076,23.81999969,24.17000008,3360000
2025-04-02,24.19000053,24.57999992,23.97999954,24.12999916,3392700
2025-04-03,24.0,25.38999939,23.81999969,25.19000053,6459000
2025-04-04,24.61000061,24.82999992,24.12999916,24.42000008,5344300
2025-04-07,24.09000015,24.98999977,23.73999977,24.26000023,6010600
2025-04-08,24.59000015,25.06999969,24.5,24.54999924,7694000
2025-04-09,24.29999924,25.25,24.10000038,24.84000015,7801500
2025-04-10,24.78000069,24.95000076,24.42000008,24.72999954,4758900
2025-04-11,24.82999992,24.94000053,23.96999931,24.92000008,7901500
2025-04-14,25.29000092,25.43000031,24.97999954,25.20000076,4784300
2025-04-15,25.01000023,25.75,25.01000023,25.62000084,4243600
2025-04-16,25.5,25.67000008,25.20000076,25.34000015,3657000
2025-04-17,25.10000038,25.79999924,25.09000015,25.63999939,3817900
2025-04-22,25.55999947,26.26000023,25.5,26.15999985,4894400
2025-04-23,26.38999939,26.46999931,25.82999992,25.87000084,4603600
2025-04-24,25.87999916,27.04999924,25.85000038,26.95000076,4343100
2025-04-25,26.82999992,26.90999985,25.07999992,25.53000069,16986500
2025-04-28,24.75,25.42000008,24.46999931,25.05999947,6772000
2025-04-29,25.11000061,25.12000084,24.20000076,24.36000061,9866000
2025-04-30,24.36000061,24.85000038,24.30999947,24.79000092,4420200
2025-05-02,24.86000061,24.88999939,24.20999908,24.51000023,4906900
2025-05-05,24.40999985,24.71999931,24.04000092,24.48999977,2848500
2025-05-06,24.62999916,25.01000023,24.56999969,24.89999962,5278000
2025-05-07,25.03000069,25.10000038,24.5,24.96999931,4961100
2025-05-08,25.53000069,26.57999992,25.34000015,26.0,5609400
2025-05-09,26.03000069,26.47999954,25.84000015,26.27000046,4730600
2025-05-12,26.0,26.14999962,25.27000046,25.55999947,5769200
2025-05-13,25.80999947,26.0,25.0,25.17000008,8876700
2025-05-14,25.27000046,25.71999931,24.61000061,24.94000053,8547200
2025-05-15,25.28000069,25.45999908,24.94000053,25.45999908,6041500
2025-05-16,24.86000061,26.25,24.25,26.25,12992000
2025-05-19,26.06999969,26.5,25.69000053,26.29999924,5325700
2025-05-20,26.39999962,26.96999931,26.12999916,26.75,4953000
2025-05-21,26.47999954,26.64999962,25.18000031,25.25,9761400
2025-05-22,25.27000046,25.46999931,24.64999962,24.65999985,9593500
2025-05-23,24.10000038,25.14999962,23.62999916,24.96999931,4807900
2025-05-26,24.97999954,25.32999992,24.90999985,25.14999962,1702800
2025-05-27,25.64999962,25.79999924,25.25,25.71999931,6781200
2025-05-28,25.53000069,25.62000084,25.26000023,25.52000046,2189800
2025-05-29,25.45999908,25.61000061,24.65999985,24.93000031,4139500
2025-05-30,24.90999985,25.04999924,24.62000084,24.96999931,4419000
2025-06-02,25.18000031,25.44000053,24.79000092,25.06999969,4314100
2025-06-03,25.07999992,25.85000038,25.02000046,25.71999931,3738200
2025-06-04,25.86000061,26.29999924,25.32999992,25.43000031,4890000
2025-06-05,25.60000038,26.0,25.15999985,25.5,5871700
2025-06-06,25.52000046,25.75,25.02000046,25.20000076,3453500
2025-06-09,25.01000023,25.20000076,24.5,24.84000015,2882400
2025-06-10,25.29999924,25.51000023,25.04000092,25.28000069,4877500
2025-06-11,25.18000031,25.40999985,24.55999947,24.73999977,5685100
2025-06-12,24.70000076,24.82999992,24.45999908,24.79999924,2154600
2025-06-13,24.45999908,24.54999924,24.05999947,24.39999962,4678000
2025-06-16,24.84000015,25.21999931,24.56999969,25.11000061,4740300
2025-06-17,25.05999947,25.81999969,24.96999931,25.36000061,5866500
2025-06-18,25.05999947,25.81999969,24.96999931,25.54000092,3275900
2025-06-20,25.20000076,25.44000053,25.07999992,25.26000023,7261500
2025-06-23,25.25,25.44000053,25.03000069,25.37999916,3117800
2025-06-24,25.30999947,25.87999916,25.30999947,25.78000069,3647100
2025-06-25,25.48999977,25.59000015,25.06999969,25.14999962,3531400
2025-06-26,25.26000023,26.06999969,25.01000023,25.84000015,3392700
2025-06-27,25.84000015,25.95000076,25.39999962,25.62000084,2128600
2025-06-30,25.57999992,26.28000069,25.36000061,26.13999939,3305900
2025-07-01,26.27000046,26.94000053,26.18000031,26.56999969,4235300
2025-07-02,26.39999962,26.79000092,25.54999924,25.79000092,6048600
2025-07-03,25.85000038,26.23999977,25.79000092,25.95999908,4359500
2025-07-04,25.90999985,26.19000053,25.64999962,26.01000023,2645400
2025-07-07,26.02000046,26.15999985,25.48999977,25.65999985,2298100
2025-07-08,25.75,26.03000069,25.5,25.67000008,4289600
2025-07-09,26.0,26.10000038,25.45000076,25.79000092,8922000
2025-07-10,25.51000023,25.63999939,24.70000076,25.38999939,4999900
2025-07-11,25.39999962,26.01000023,25.30999947,25.60000038,6469000
2025-07-14,25.63999939,25.73999977,25.25,25.52000046,5663900
2025-07-15,25.55999947,26.52000046,25.55999947,26.39999962,6016700
2025-07-16,26.32999992,26.79999924,26.05999947,26.63999939,6253500
2025-07-17,26.5,26.96999931,26.36000061,26.86000061,3567100
2025-07-18,26.54000092,27.02000046,26.54000092,26.57999992,6040500
2025-07-21,26.60000038,26.97999954,26.32999992,26.32999992,4605500
2025-07-22,26.32999992,26.55999947,25.64999962,25.70999908,5227000
2025-07-23,25.73999977,26.22999954,25.59000015,25.94000053,8451700
2025-07-24,25.64999962,25.70000076,24.84000015,24.94000053,5744800
2025-07-25,24.89999962,25.47999954,24.89999962,25.27000046,2944200
2025-07-28,25.14999962,25.45999908,24.10000038,24.44000053,4868600
2025-07-29,24.43000031,24.78000069,24.31999969,24.63999939,4222900
2025-07-30,24.40999985,24.95000076,24.19000053,24.78000069,4993300
2025-07-31,24.5,24.69000053,24.04000092,24.52000046,4105600
2025-08-01,24.63999939,25.20999908,24.42000008,24.51000023,5965700
2025-08-04,24.71999931,24.86000061,23.87000084,24.27000046,4058300
2025-08-05,24.12000084,24.29999924,23.89999962,24.20000076,5108900
2025-08-06,24.5,24.89999962,24.10000038,24.73999977,4494300
2025-08-07,24.73999977,25.37000084,24.64999962,24.85000038,6261300
2025-08-08,24.76000023,25.60000038,24.69000053,25.11000061,5526200
2025-08-11,25.11000061,25.17000008,24.72999954,24.75,5609000
2025-08-12,25.01000023,25.40999985,24.88999939,25.29999924,7767000
2025-08-13,25.32999992,25.37000084,24.47999954,24.70999908,6052800
2025-08-14,24.5,25.40999985,24.40999985,25.19000053,7225800
2025-08-15,24.42000008,25.87999916,24.10000038,25.79999924,9223200
2025-08-18,25.78000069,26.12999916,25.38999939,25.38999939,4243600
2025-08-19,25.0,25.01000023,24.59000015,24.87000084,5531100
2025-08-20,24.72999954,24.89999962,24.46999931,24.54000092,4405200
2025-08-21,24.46999931,24.76000023,24.21999931,24.47999954,3680000
2025-08-22,24.62999916,26.29000092,24.48999977,26.12999916,13060700
2025-08-25,26.12000084,27.04000092,26.01000023,26.52000046,6837600
2025-08-26,26.52000046,26.86000061,26.38999939,26.55999947,3839700
2025-08-27,26.56999969,27.09000015,26.55999947,27.0,4440400
2025-08-28,27.34000015,28.43000031,27.30999947,27.82999992,7894600
2025-08-29,27.79999924,28.34000015,27.69000053,28.12000084,5174400
2025-09-01,28.12000084,28.54999924,27.79999924,27.79999924,2995300
2025-09-02,27.53000069,27.80999947,27.26000023,27.76000023,2967200
2025-09-03,27.82999992,27.95999908,27.39999962,27.61000061,4770500
2025-09-04,27.60000038,28.31999969,27.40999985,28.06999969,2518400
2025-09-05,28.42000008,29.37999916,28.40999985,28.82999992,5730300
2025-09-08,28.71999931,28.96999931,28.32999992,28.43000031,2898300
2025-09-09,28.80999947,29.03000069,28.57999992,28.62999916,5214000
2025-09-10,28.53000069,29.45999908,28.53000069,29.11000061,4593700
2025-09-11,29.39999962,30.87999916,29.31999969,30.54000092,13645000
2025-09-12,30.29999924,30.65999985,30.10000038,30.34000015,6314000
2025-09-15,30.63999939,30.95000076,30.45000076,30.54000092,3364700
2025-09-16,30.84000015,32.27999878,30.62000084,30.62000084,7156200
2025-09-17,30.62000084,31.04999924,30.34000015,30.68000031,5065200
2025-09-18,30.62999916,30.79000092,30.39999962,30.62000084,9294400
2025-09-19,30.67000008,30.90999985,30.39999962,30.65999985,4360100
2025-09-22,30.29999924,30.44000053,29.57999992,30.01000023,3978900
2025-09-23,30.01000023,30.5,29.89999962,30.20000076,5352300
2025-09-24,30.29000092,30.67000008,30.10000038,30.39999962,4927500
2025-09-25,30.47999954,30.47999954,29.96999931,30.04999924,3532300
2025-09-26,30.07999992,30.5,30.07999992,30.38999939,4423100
2025-09-29,30.62000084,30.85000038,30.35000038,30.63999939,4355200
2025-09-30,30.85000038,31.07999992,30.67000008,30.70000076,4159100
2025-10-01,30.93000031,31.12000084,30.51000023,30.73999977,4514300
2025-10-02,30.72999954,31.20000076,30.29000092,30.40999985,5590600
2025-10-03,30.5,30.63999939,29.69000053,30.5,5633900
2025-10-06,30.56999969,30.62999916,30.0,30.0,4766100
2025-10-07,29.89999962,29.96999931,28.86000061,29.21999931,6404800
2025-10-08,29.36000061,29.97999954,28.97999954,29.87000084,6846400
2025-10-09,29.70000076,29.93000031,29.0,29.20000076,8866300
2025-10-10,29.05999947,29.23999977,28.32999992,29.02000046,6329700
2025-10-13,29.07999992,29.29999924,28.85000038,28.96999931,2535100
2025-10-14,28.95999908,28.95999908,28.5,28.81999969,3462400
2025-10-15,28.51000023,29.11000061,28.44000053,29.03000069,5049400
2025-10-16,28.70999908,29.22999954,28.70999908,28.82999992,2545400
2025-10-17,28.56999969,28.77000046,28.14999962,28.77000046,7215900
2025-10-20,29.0,29.89999962,28.96999931,29.64999962,3775400
2025-10-21,29.56999969,29.87000084,29.17000008,29.75,2577800
2025-10-22,29.86000061,29.88999939,29.46999931,29.77000046,1964100
2025-10-23,29.97999954,30.12999916,29.79999924,29.95000076,1698300
2025-10-24,30.18000031,30.37000084,29.94000053,30.12999916,2357600
2025-10-27,30.37000084,30.73999977,29.95999908,30.20999908,3088200
2025-10-28,30.25,30.25,29.70999908,30.12999916,3079700
2025-10-29,30.09000015,30.31999969,29.73999977,29.95000076,4455600
2025-10-30,29.64999962,30.36000061,29.43000031,30.12999916,1952700
2025-10-31,30.29000092,30.54000092,30.12000084,30.46999931,4554300
2025-11-03,30.62999916,30.77000046,30.37999916,30.61000061,2009100
2025-11-04,30.62999916,30.95000076,30.35000038,30.95000076,2470500
2025-11-05,30.95000076,31.76000023,30.82999992,31.67000008,4792500
2025-11-06,31.73999977,32.15999985,31.47999954,32.09000015,4396000
2025-11-07,32.08000183,33.63999939,31.93000031,33.33000183,9101800
2025-11-10,33.79999924,34.27999878,33.22000122,33.34999847,8357100
2025-11-11,33.66999817,34.84999847,33.59000015,34.63999939,5983400
2025-11-12,34.65000153,34.97999954,34.29999924,34.45000076,4187100
2025-11-13,34.43999863,34.70000076,33.79999924,33.93999863,3672300
2025-11-14,34.08000183,35.25,33.70999908,35.25,4621000
2025-11-17,35.29999924,35.31999969,34.15000153,34.29999924,3734800
2025-11-18,33.88999939,34.65999985,33.54000092,34.54000092,3766700
2025-11-19,34.43999863,34.47000122,34.09999847,34.15999985,3033900
2025-11-21,34.15000153,34.34999847,33.77000046,34.09999847,2139400
2025-11-24,34.13999939,34.65000153,33.86000061,34.50999832,2545800
2025-11-25,34.56000137,34.93000031,34.22999954,34.65999985,2682500
2025-11-26,34.66999817,35.22000122,34.66999817,34.97999954,6147000
2025-11-27,34.95999908,35.08000183,34.43999863,34.77000046,3247100
2025-11-28,34.88999939,35.97000122,34.68999863,35.72999954,6492800
2025-12-01,35.72000122,36.11000061,35.13999939,35.95000076,3245100
2025-12-02,36.06999969,36.83000183,35.90999985,36.81999969,5292000
2025-12-03,36.93000031,37.11999893,36.54000092,36.79999924,4602500
2025-12-04,37.09000015,38.29000092,36.75999832,38.29000092,8102700
2025-12-05,39.06000137,39.06000137,34.36000061,34.5,16837500
2025-12-08,35.5,36.13000107,34.93000031,35.93999863,13868500
2025-12-09,35.59999847,35.86999893,34.59999847,35.02000046,10920300
2025-12-10,32.20000076,32.65000153,31.98999977,32.54000092,6751800
2025-12-11,32.5,33.0,32.29999924,32.84999847,3466200
2025-12-12,33.0,33.79999924,33.0,33.13999939,4017300
2025-12-15,33.58000183,33.61000061,32.97000122,33.04999924,3313400
2025-12-16,32.79999924,32.86000061,31.35000038,31.46999931,7201900
2025-12-17,31.20000076,31.20000076,30.15999985,31.0,10984000
2025-12-18,30.95000076,30.95000076,30.10000038,30.5,6152500
2025-12-19,30.5,30.56999969,29.62000084,29.77000046,5732600
2025-12-22,29.68000031,29.79999924,28.95000076,29.04000092,4335000
2025-12-23,29.20000076,29.81999969,28.95999908,29.54999924,4242800
2025-12-26,29.35000038,29.62999916,29.17000008,29.62999916,2016000
2025-12-29,29.45000076,29.54000092,28.89999962,28.98999977,3501800
2025-12-30,29.09000015,29.95999908,29.06999969,29.62000084,5838000
2026-01-02,25.20999908,25.95000076,23.94000053,23.95999908,5777400
2026-01-05,23.97999954,25.35000038,23.79000092,25.27000046,6741700
2026-01-06,25.19000053,26.31999969,25.02000046,25.13999939,14231800
2026-01-07,25.06999969,25.06999969,24.09000015,24.21999931,7967500
2026-01-08,24.19000053,24.71999931,24.06999969,24.48999977,6051500
2026-01-09,24.54999924,25.10000038,24.43000031,24.77000046,5524000
2026-01-12,24.79000092,24.82999992,24.26000023,24.57999992,4898300
2026-01-13,24.42000008,24.78000069,24.01000023,24.78000069,4358200
2026-01-14,25.0,25.18000031,24.42000008,24.92000008,6160600
2026-01-15,25.03000069,25.31999969,24.76000023,24.95000076,5502400
2026-01-16,24.21999931,24.70000076,23.84000015,24.70000076,11174900
2026-01-19,24.59000015,24.85000038,24.53000069,24.62000084,3480700
2026-01-20,24.38999939,25.38999939,24.37999916,25.36000061,5548700
2026-01-21,25.51000023,26.48999977,25.46999931,26.48999977,5667900
2026-01-22,26.35000038,27.48999977,26.29999924,26.89999962,5858800
2026-01-23,26.84000015,28.17000008,26.61000061,28.02000046,7385300
2026-01-26,28.17000008,28.29999924,27.60000038,28.05999947,4259200
2026-01-27,28.35000038,30.02000046,28.34000015,29.79000092,8577300
2026-01-28,29.95999908,30.54000092,29.63999939,30.04999924,4985200
2026-01-29,30.05999947,30.54999924,29.14999962,29.70000076,7517000
2026-01-30,29.40999985,29.97999954,29.38999939,29.89999962,5430400
2026-02-02,30.04000092,30.63999939,29.92000008,30.62999916,4146100
2026-02-03,30.80999947,32.16999817,30.80999947,32.0,9186000
2026-02-04,31.84000015,31.95000076,30.14999962,30.51000023,6569800
2026-02-05,30.69000053,31.48999977,30.69000053,31.10000038,3829000
2026-02-06,31.18000031,31.54000092,30.77000046,31.12999916,4327900
2026-02-09,31.35000038,31.55999947,30.54999924,30.79000092,4558500
2026-02-10,30.78000069,31.51000023,30.77000046,31.12999916,5008500
2026-02-11,31.45000076,31.60000038,31.05999947,31.28000069,3769300
2026-02-12,31.21999931,31.43000031,30.40999985,30.82999992,4712200
2026-02-13,30.45999908,30.88999939,30.05999947,30.63999939,3766400
2026-02-18,30.63999939,31.81999969,30.63999939,31.52000046,5900800
2026-02-19,31.61000061,31.76000023,31.20999908,31.68000031,3314100
2026-02-20,31.54999924,32.16999817,30.87999916,31.95000076,5400300
2026-02-23,31.71999931,31.94000053,31.23999977,31.46999931,4713600
2026-02-24,31.63999939,31.80999947,31.34000015,31.72999954,4675500
2026-02-25,31.77000046,32.06999969,30.97999954,31.69000053,6224600
2026-02-26,31.81999969,32.09999847,31.20000076,31.60000038,5320500
2026-02-27,31.37999916,31.37999916,30.48999977,30.70999908,5211500
2026-03-02,30.27000046,30.69000053,29.63999939,30.64999962,4713800
2026-03-03,29.37999916,29.63999939,28.53000069,29.23999977,8309300
2026-03-04,29.62999916,30.42000008,29.47999954,29.70999908,5346400
2026-03-05,29.5,29.62999916,28.10000038,28.34000015,6795700
2026-03-06,28.0,28.45999908,27.43000031,28.01000023,5419400
2026-03-09,28.14999962,28.14999962,26.68000031,27.79999924,8537300
2026-03-10,28.25,29.17000008,27.56999969,28.52000046,7461700
2026-03-11,28.20000076,29.14999962,28.10000038,28.53000069,4148600
2026-03-12,27.89999962,28.01000023,27.22999954,27.52000046,6609000
2026-03-13,27.59000015,27.92000008,26.32999992,26.57999992,4222300
2026-03-16,27.19000053,27.40999985,26.62999916,26.98999977,3807100
2026-03-17,27.07999992,27.64999962,26.89999962,27.39999962,3505000
2026-03-18,27.21999931,27.80999947,27.04999924,27.29999924,3668100
2026-03-19,26.51000023,27.61000061,26.28000069,27.11000061,7111500
2026-03-20,27.04999924,27.04999924,24.82999992,25.04999924,18698000
2026-03-23,25.63999939,27.21999931,25.63999939,27.21999931,7374700
2026-03-24,26.79999924,27.37000084,26.10000038,27.20999908,7135000
2026-03-25,27.89999962,28.71999931,27.70000076,28.47999954,8015300
2026-03-26,27.89999962,27.97999954,27.36000061,27.45000076,8081000
2026-03-27,27.27000046,27.32999992,25.82999992,25.93000031,8870600
2026-03-30,26.55999947,26.62000084,25.84000015,26.55999947,6299900
2026-03-31,27.14999962,27.87999916,26.37999916,27.31999969,8965900
2026-04-01,27.56999969,28.71999931,27.40999985,28.52000046,9801400
2026-04-02,27.04000092,27.86000061,26.64999962,27.52000046,4427200
2026-04-06,27.60000038,27.76000023,26.62999916,26.88999939,3815000
2026-04-07,26.68000031,26.72999954,25.29999924,25.68000031,8283600
2026-04-08,27.36000061,28.38999939,27.29999924,27.35000038,9570100
2026-04-09,27.5,28.35000038,26.86000061,28.05999947,7140100
2026-04-10,28.10000038,28.59000015,27.34000015,27.80999947,7202600
2026-04-13,27.54000092,28.20000076,27.10000038,28.0,4695400
2026-04-14,27.76000023,28.54999924,27.76000023,28.0,6772200
2026-04-15,27.85000038,28.11000061,27.04000092,27.60000038,7090000
2026-04-16,27.67000008,27.95999908,27.04999924,27.25,2818300
2026-04-17,28.06999969,28.36000061,27.52000046,27.71999931,5172700
2026-04-20,27.54999924,27.93000031,27.37000084,27.77000046,2353700
2026-04-22,27.52000046,27.63999939,26.95000076,27.09000015,5372600
2026-04-23,27.09000015,27.29999924,26.56999969,27.04999924,4460300
2026-04-24,27.04999924,27.40999985,26.45000076,26.60000038,4888100
2026-04-27,26.79999924,26.95999908,25.03000069,25.05999947,7780000
2026-04-28,24.59000015,24.71999931,23.95000076,24.20000076,11858400
2026-04-29,24.09000015,24.09000015,23.11000061,23.39999962,8348400
2026-04-30,23.72999954,23.75,23.25,23.48999977,7738000
2026-05-04,23.60000038,23.61000061,22.19000053,22.31999969,12366000
2026-05-05,22.23999977,22.98999977,22.12000084,22.78000069,9682000
2026-05-06,23.40999985,23.96999931,23.01000023,23.20000076,11680100
2026-05-07,23.25,23.25,22.62000084,22.87000084,3998800
2026-05-08,23.19000053,23.30999947,22.15999985,22.32999992,7194700
2026-05-11,22.15999985,22.44000053,21.70000076,21.85000038,7593500
2026-05-12,21.61000061,22.44000053,21.61000061,22.21999931,5757300
2026-05-13,22.12000084,22.87999916,21.59000015,21.79999924,13164000
2026-05-14,22.28000069,22.54999924,21.70000076,21.87999916,6670600
2026-05-15,20.88999939,21.95000076,20.20000076,21.84000015,13209800
2026-05-18,21.79999924,22.02000046,21.44000053,21.73999977,5161000
2026-05-19,21.26000023,21.72999954,21.15999985,21.39999962,4833800
2026-05-20,21.59000015,22.54999924,21.44000053,22.13999939,6859100
2026-05-21,21.92000008,22.39999962,21.60000038,22.12000084,4208700
2026-05-22,21.87999916,21.96999931,21.04999924,21.25,6619000
2026-05-25,21.45000076,22.73999977,21.45000076,22.67000008,6318900
2026-05-26,22.48999977,22.70000076,22.12999916,22.28000069,5705900
2026-05-27,22.70000076,22.79999924,22.02000046,22.20000076,8701300
2026-05-28,22.29000092,22.79999924,21.92000008,22.5,15458700
2026-05-29,22.59000015,22.68000031,22.07999992,22.52000046,7475700
2026-06-01,22.45000076,22.68000031,21.92000008,22.37999916,7428200
2026-06-02,22.48999977,22.85000038,22.34000015,22.35000038,6295000
2026-06-03,22.0,22.0,20.64999962,20.86000061,9899400
2026-06-05,20.64999962,20.89999962,19.82999992,19.82999992,6516800
2026-06-08,19.82999992,20.57999992,19.76000023,20.14999962,6969300
2026-06-09,20.37000084,21.0,20.37000084,20.75,7430900
2026-06-10,20.68000031,20.68000031,19.97999954,20.37000084,5187500
2026-06-11,20.39999962,21.39999962,20.14999962,21.10000038,7549700
2026-06-12,20.72999954,21.85000038,20.72999954,21.36000061,8763700
2026-06-15,21.95000076,22.54999924,21.54000092,21.65999985,7979300
2026-06-16,21.60000038,21.75,21.25,21.57999992,4025100
2026-06-17,21.79999924,21.98999977,20.84000015,20.86000061,6554200
2026-06-18,20.87999916,21.42000008,20.65999985,21.14999962,7573400
2026-06-19,21.20999908,22.19000053,21.11000061,21.82999992,8839100
2026-06-22,21.92000008,22.11000061,21.55999947,21.65999985,7417900
2026-06-23,21.48999977,21.69000053,21.17000008,21.60000038,6464000
2026-06-24,21.38999939,22.70999908,21.29000092,22.5,11741800
2026-06-25,22.69000053,23.27000046,22.37999916,22.94000053,8177800
2026-06-26,22.93000031,23.59000015,22.64999962,23.32999992,8669600
2026-06-29,23.30999947,23.47999954,23.13999939,23.26000023,3270300
2026-06-30,23.04999924,23.12999916,22.54999924,23.02000046,4698200
2026-07-01,22.57999992,22.96999931,22.48999977,22.84000015,3617200
2026-07-02,23.02000046,23.46999931,22.79999924,23.14999962,4750000
2026-07-03,23.37000084,23.70000076,23.26000023,23.39999962,2918200
2026-07-06,23.21999931,23.30999947,22.54999924,22.59000015,5043900
2026-07-07,22.72999954,22.81999969,22.14999962,22.20999908,4967000
2026-07-08,22.0,22.0,21.06999969,21.29999924,7062300
2026-07-09,21.36000061,22.32999992,21.23999977,22.17000008,4508200
2026-07-10,22.95999908,23.45999908,22.87000084,23.05999947,7147200
2026-07-13,22.82999992,23.02000046,22.36000061,22.44000053,3985200
2026-07-14,22.75,23.04000092,22.20000076,22.95999908,7997200
2026-07-15,22.90999985,23.02000046,22.37999916,22.5,5566600
2026-07-16,22.37999916,22.53000069,21.79000092,21.79000092,5830700
2026-07-17,21.75,21.92000008,21.42000008,21.62999916,8461700
2026-07-20,21.56999969,21.80999947,21.10000038,21.12999916,6922800
2026-07-21,21.11000061,21.31999969,20.82999992,21.18000031,5525900
2026-07-22,21.20999908,21.69000053,21.12999916,21.28000069,9136600
2026-07-23,21.14999962,21.14999962,20.55999947,20.65999985,4811400
2026-07-24,20.45000076,21.03000069,20.39999962,20.70000076,3203400
2026-07-27,20.88999939,21.31999969,20.88999939,21.20999908,4507400
2026-07-28,22.01000023,22.25,21.28000069,21.31999969,6405400
2026-07-29,21.27000046,21.38999939,20.52000046,20.77000046,8858600
2026-07-30,20.95000076,21.76000023,20.95000076,21.53000069,8229300
2026-07-31,21.79999924,21.80999947,21.37000084,21.37000084,3489100
2026-08-03,21.92000008,22.11000061,21.26000023,21.5,5759100
2026-08-04,21.89999962,22.04000092,21.22999954,21.35000038,3687600
2026-08-05,21.54000092,22.32999992,21.47999954,21.62000084,5622500
2026-08-06,22.69000053,22.75,21.71999931,21.82999992,11460200
2026-08-07,21.92000008,22.11000061,21.29999924,21.67000008,5740000
2026-08-10,21.60000038,21.70000076,21.09000015,21.45999908,6034000
2026-08-11,21.44000053,21.63999939,20.32999992,20.54000092,4773300
2026-08-12,20.57999992,20.84000015,20.06999969,20.5,5679400
2026-08-13,20.5,21.13999939,20.47999954,21.0,7369200
2026-08-14,21.01000023,21.39999962,20.95000076,21.32999992,11468500
2026-08-17,21.29999924,21.77000046,21.29999924,21.46999931,6601100
2026-08-18,21.48999977,21.79999924,20.97999954,21.04999924,6738700
2026-08-19,21.5,21.93000031,21.20999908,21.70000076,7823500
2026-08-20,21.39999962,22.60000038,21.25,22.56999969,9152700
2026-08-21,22.73999977,23.48999977,22.42000008,23.11000061,9457500
2026-08-24,22.96999931,24.09000015,22.79000092,23.94000053,9813400
2026-08-25,24.0,25.03000069,23.88999939,24.72999954,9255700
2026-08-26,24.73999977,25.10000038,24.09000015,24.09000015,12940900
2026-08-27,23.73999977,24.28000069,23.47999954,23.79999924,10242800
2026-08-28,24.05999947,24.48999977,22.45000076,23.02000046,13043900
2026-08-31,23.10000038,24.29000092,23.10000038,24.29000092,7995500
2026-09-01,24.45000076,25.13999939,24.02000046,24.65999985,8143500
2026-09-02,24.88999939,26.45000076,24.70000076,25.47999954,11748800
2026-09-03,26.0,26.34000015,25.34000015,25.34000015,7042800
2026-09-04,25.12000084,25.80999947,24.65999985,25.60000038,7432300
2026-09-08,26.05999947,26.29000092,25.54000092,25.54000092,6142200
2026-09-09,25.29999924,25.48999977,25.06999969,25.11000061,10080500
2026-09-10,24.87999916,25.88999939,24.67000008,25.80999947,7498500
