date,open,high,low,close,volume
2009-11-03,9.29829407,9.29829407,9.29829407,9.29829407,0
2009-11-04,9.29829407,9.29829407,9.29829407,9.29829407,0
2009-11-05,9.34343243,9.34343243,9.34343243,9.34343243,0
2009-11-06,11.04568768,11.04568768,11.04568768,11.04568768,3666
2009-11-09,9.40929031,9.40929031,9.40929031,9.40929031,6355
2009-11-10,9.6138401,9.6138401,9.6138401,9.6138401,4888
2009-11-11,9.6138401,9.6138401,9.6138401,9.6138401,3666
2009-11-12,9.6138401,9.6138401,9.6138401,9.6138401,6110
2009-11-13,9.6138401,9.65474987,9.6138401,9.65474987,4155
2009-11-16,9.6138401,9.6138401,9.6138401,9.6138401,5988
2009-11-17,9.62202168,9.63838577,9.62202168,9.63838577,3666
2009-11-18,9.62202168,9.62202168,9.57293034,9.57293034,6233
2009-11-19,9.49110985,9.49110985,9.40929031,9.40929031,7455
2009-11-23,9.40110779,9.40110779,9.40110779,9.40110779,4766
2009-11-24,9.36837959,9.36837959,9.32746983,9.32746983,6722
2009-11-25,9.36837959,9.44201756,9.36837959,9.40929031,5377
2009-11-26,9.36837959,9.36837959,9.32746983,9.32746983,4888
2009-11-27,9.24565029,9.24565029,9.1638298,9.1638298,8555
2009-11-30,9.1638298,9.36837959,8.59109116,9.24565029,12588
2009-12-01,8.99200916,9.1638298,8.99200916,9.01655388,11121
2009-12-02,9.05746365,9.13928413,9.05746365,9.07382774,9044
2009-12-03,9.08201027,9.65474987,9.05746365,9.40929031,13933
2009-12-04,9.36837959,9.45020008,9.08201027,9.45020008,4522
2009-12-07,9.40929031,9.40929031,9.08201027,9.24565029,2566
2009-12-08,9.09837437,9.12292004,9.08201027,9.12292004,10144
2009-12-09,9.10655594,9.20473957,9.10655594,9.20473957,3299
2009-12-10,9.20473957,9.20473957,9.08201027,9.08201027,13444
2009-12-11,9.08201027,9.20473957,9.08201027,9.1638298,3544
2009-12-14,9.12292004,9.12292004,9.09837437,9.09837437,2444
2009-12-15,9.08201027,9.08201027,9.04109955,9.04109955,3544
2009-12-16,9.08201027,9.08201027,9.06564617,9.08201027,6966
2009-12-17,9.06564617,9.06564617,9.04109955,9.04109955,5744
2009-12-18,9.00019073,9.1638298,8.3129034,8.50927067,50354
2009-12-21,9.00019073,9.00019073,8.67291069,8.67291069,6110
2009-12-22,8.67291069,8.67291069,8.63200092,8.63200092,7333
2009-12-23,8.63200092,8.87746143,8.63200092,8.87746143,3911
2009-12-24,8.87746143,8.87746143,8.87746143,8.87746143,0
2009-12-28,8.83655071,8.86109734,8.82836914,8.82836914,2811
2009-12-29,8.82836914,8.82836914,8.82836914,8.82836914,0
2009-12-30,8.54199886,8.54199886,8.32108498,8.50927067,8310
2010-01-04,8.50927067,8.50927067,8.50927067,8.50927067,0
2010-01-05,8.50927067,8.67291069,8.18199062,8.63200092,2199
2010-01-06,8.63200092,8.63200092,8.55018139,8.55018139,4277
2010-01-07,8.65654659,8.65654659,8.65654659,8.65654659,611
2010-01-08,8.63200092,8.63200092,8.50927067,8.50927067,4888
2010-01-11,8.55018139,8.55018139,8.42745113,8.42745113,7822
2010-01-12,8.42745113,8.50927067,8.22290134,8.50927067,9410
2010-01-13,8.27199268,8.34563065,8.22290134,8.34563065,6966
2010-01-14,8.46017933,8.4683609,8.46017933,8.4683609,733
2010-01-15,8.4683609,8.58290863,8.4683609,8.53381729,9777
2010-01-18,8.55018139,8.60745525,8.50927067,8.50927067,26155
2010-01-19,8.67291069,8.83655071,8.67291069,8.79564095,34710
2010-01-20,8.79564095,8.83655071,8.34563065,8.34563065,4155
2010-01-21,8.83655071,8.83655071,8.59109116,8.67291069,2077
2010-01-22,8.59109116,8.81200504,8.52563477,8.55018139,6477
2010-01-26,8.67291069,8.82018661,8.67291069,8.82018661,366
2010-01-27,8.83655071,8.83655071,8.80382347,8.83655071,11610
2010-01-28,8.83655071,8.83655071,8.75473118,8.77109528,12221
2010-01-29,8.83655071,8.9183712,8.79564095,8.9183712,8677
2010-02-01,8.9183712,8.9347353,8.83655071,8.9183712,2199
2010-02-02,8.9020071,8.9183712,8.89382458,8.9020071,6722
2010-02-03,8.9183712,8.9183712,8.83655071,8.83655071,8677
2010-02-04,8.84473324,8.84473324,8.71382141,8.71382141,10144
2010-02-05,8.75473118,8.83655071,8.75473118,8.83655071,2688
2010-02-08,8.9020071,8.9183712,8.9020071,8.9183712,1833
2010-02-09,8.9020071,8.9183712,8.83655071,8.9183712,7333
2010-02-10,8.9183712,8.9183712,8.82018661,8.9020071,10144
2010-02-11,8.87746143,9.1638298,8.87746143,9.08201027,4277
2010-02-12,9.1638298,9.1638298,8.9183712,9.00019073,4766
2010-02-17,9.00019073,9.00019073,9.00019073,9.00019073,0
2010-02-18,9.00019073,9.12292004,8.83655071,9.12292004,6599
2010-02-19,8.87746143,9.08201027,8.79564095,9.08201027,3911
2010-02-22,8.83655071,8.9183712,8.75473118,8.91018867,14055
2010-02-23,8.91018867,8.9347353,8.71382141,8.9347353,7699
2010-02-24,8.9347353,8.9347353,8.9347353,8.9347353,122
2010-02-25,9.08201027,9.08201027,9.08201027,9.08201027,244
2010-02-26,8.9183712,8.98382664,8.75473118,8.97564507,5988
2010-03-01,8.97564507,8.97564507,8.9183712,8.9183712,1344
2010-03-02,8.9183712,8.9183712,8.87746143,8.87746143,4644
2010-03-03,8.87746143,8.9183712,8.83655071,8.9183712,372280
2010-03-04,8.83655071,8.9183712,8.83655071,8.9183712,3422
2010-03-05,8.83655071,8.83655071,8.83655071,8.83655071,2811
2010-03-08,8.9183712,8.9183712,8.83655071,8.83655071,5255
2010-03-09,8.83655071,9.00019073,8.75473118,9.00019073,12344
2010-03-10,9.00019073,9.00019073,8.83655071,9.00019073,488
2010-03-11,9.00019073,9.00019073,8.85291481,8.86927891,20410
2010-03-12,8.73018456,8.73018456,8.66472912,8.73018456,10022
2010-03-15,9.00019073,9.00019073,8.87746143,8.9183712,8799
2010-03-16,8.87746143,8.91018867,8.84473324,8.84473324,5133
2010-03-17,8.85291481,8.85291481,8.82018661,8.85291481,6110
2010-03-18,8.82018661,8.82018661,8.79564095,8.79564095,4277
2010-03-19,8.79564095,8.79564095,8.76291275,8.76291275,4277
2010-03-22,8.71382141,8.71382141,8.71382141,8.71382141,6110
2010-03-23,8.67291069,8.67291069,8.59109116,8.59109116,4888
2010-03-24,8.67291069,8.73836708,8.50927067,8.73836708,39110
2010-03-25,8.50927067,8.55018139,8.50927067,8.55018139,4888
2010-03-26,8.55018139,8.55018139,8.50927067,8.50927067,7333
2010-03-29,8.50927067,8.50927067,8.42745113,8.42745113,32388
2010-03-30,8.42745113,8.42745113,8.34563065,8.34563065,6110
2010-03-31,8.34563065,8.34563065,8.26381111,8.26381111,14421
2010-04-01,8.50927067,8.9510994,8.26381111,8.26381111,12588
2010-04-05,8.30472088,8.30472088,8.18199062,8.26381111,14666
2010-04-06,8.30472088,8.30472088,8.18199062,8.18199062,9777
2010-04-07,8.18199062,8.18199062,8.18199062,8.18199062,2688
2010-04-08,8.10017109,8.10017109,7.37197399,7.37197399,30
2010-04-09,8.18199062,8.18199062,8.18199062,8.18199062,122
2010-04-12,8.10835266,8.10835266,8.10017109,8.10017109,5499
2010-04-13,8.10017109,8.10017109,8.10017109,8.10017109,2199
2010-04-14,8.10017109,8.10017109,8.05926132,8.05926132,4888
2010-04-15,8.05926132,8.18199062,8.05926132,8.18199062,3055
2010-04-16,8.08380699,8.08380699,8.0183506,8.0183506,5499
2010-04-19,8.01016998,8.01016998,7.85471201,7.85471201,9044
2010-04-20,7.86289406,7.86289406,7.772892,7.772892,8555
2010-04-22,7.772892,7.772892,7.73198223,7.73198223,4399
2010-04-23,8.10017109,8.10017109,7.81380177,7.81380177,977
2010-04-26,7.73198223,7.73198223,7.65016222,7.65016222,25666
2010-04-27,7.65016222,7.65016222,7.65016222,7.65016222,0
2010-04-28,8.41108704,8.41108704,7.69107199,7.69107199,2566
2010-04-29,7.70743608,7.89562178,7.66652584,7.89562178,5988
2010-04-30,7.97744179,7.98562384,7.97744179,7.98562384,41554
2010-05-03,8.18199062,8.18199062,8.18199062,8.18199062,48
2010-05-04,7.93653202,7.93653202,7.93653202,7.93653202,2444
2010-05-05,7.93653202,7.93653202,7.93653202,7.93653202,0
2010-05-06,8.18199062,8.18199062,7.29015398,7.29015398,3055
2010-05-07,7.44561195,7.44561195,7.11833191,7.11833191,12344
2010-05-10,8.26381111,8.26381111,7.36379194,7.36379194,855
2010-05-11,7.36379194,7.36379194,7.36379194,7.36379194,1222
2010-05-12,7.28197193,7.28197193,7.11833191,7.28197193,4766
2010-05-13,7.28197193,7.28197193,7.28197193,7.28197193,3666
2010-05-14,7.28197193,7.28197193,7.20015192,7.20015192,2811
2010-05-17,7.98562384,7.98562384,7.052876,7.052876,3911
2010-05-18,7.06105804,7.06105804,7.06105804,7.06105804,1222
2010-05-19,7.19196987,7.19196987,7.052876,7.052876,41554
2010-05-20,7.04469395,7.04469395,7.04469395,7.04469395,122
2010-05-21,7.04469395,7.15924215,7.04469395,7.15924215,7333
2010-05-24,7.11833191,7.11833191,7.11833191,7.11833191,611
2010-05-25,7.36379194,7.36379194,6.95469284,6.95469284,1344
2010-05-26,6.95469284,6.95469284,6.95469284,6.95469284,1222
2010-05-27,6.95469284,6.95469284,6.95469284,6.95469284,2322
2010-05-28,6.95469284,6.95469284,6.95469284,6.95469284,122
2010-05-31,6.97105694,6.97105694,6.95469284,6.95469284,3666
2010-06-01,6.99560308,6.99560308,6.99560308,6.99560308,488
2010-06-02,6.79923487,6.95469284,6.79923487,6.95469284,8310
2010-06-04,6.89741898,6.89741898,6.81559896,6.81559896,9777
2010-06-07,6.81559896,6.87287283,6.80741692,6.87287283,15888
2010-06-08,6.95469284,6.95469284,6.87287283,6.87287283,4888
2010-06-09,6.83196306,6.83196306,6.83196306,6.83196306,1222
2010-06-10,6.95469284,6.95469284,6.85650921,6.85650921,4888
2010-06-11,6.85650921,6.85650921,6.85650921,6.85650921,3666
2010-06-14,6.83196306,6.83196306,6.83196306,6.83196306,1222
2010-06-15,6.88923693,6.88923693,6.88923693,6.88923693,244
2010-06-16,6.95469284,6.95469284,6.95469284,6.95469284,611
2010-06-17,6.95469284,6.95469284,6.95469284,6.95469284,0
2010-06-18,6.87287283,6.87287283,6.87287283,6.87287283,3666
2010-06-21,6.87287283,6.87287283,6.87287283,6.87287283,0
2010-06-22,6.83196306,6.87287283,6.83196306,6.87287283,4277
2010-06-23,6.87287283,7.0365119,6.87287283,6.99560308,5133
2010-06-24,6.99560308,6.99560308,6.99560308,6.99560308,0
2010-06-25,6.99560308,6.99560308,6.99560308,6.99560308,0
2010-06-28,6.91378307,6.91378307,6.91378307,6.91378307,2444
2010-06-29,6.91378307,6.91378307,6.91378307,6.91378307,977
2010-06-30,6.86469078,6.91378307,6.86469078,6.91378307,4888
2010-07-01,6.99560308,6.99560308,6.99560308,6.99560308,244
2010-07-02,6.95469284,6.95469284,6.95469284,6.95469284,611
2010-07-05,6.55377483,6.56195688,6.55377483,6.55377483,29699
2010-07-06,6.75014305,6.83196306,6.75014305,6.79105282,4644
2010-07-07,7.15924215,7.15924215,7.15924215,7.15924215,244
2010-07-08,7.15924215,7.15924215,7.15924215,7.15924215,0
2010-07-12,6.87287283,6.87287283,6.87287283,6.87287283,2444
2010-07-13,7.0365119,7.0365119,7.0365119,7.0365119,122
2010-07-14,7.15924215,7.15924215,6.91378307,6.91378307,6355
2010-07-15,6.91378307,6.91378307,6.91378307,6.91378307,3666
2010-07-16,6.87287283,6.87287283,6.87287283,6.87287283,3666
2010-07-19,7.0365119,7.0365119,7.0365119,7.0365119,244
2010-07-20,7.0365119,7.11833191,6.91378307,6.91378307,977
2010-07-21,7.44561195,7.44561195,7.44561195,7.44561195,122
2010-07-22,6.95469284,6.95469284,6.95469284,6.95469284,3666
2010-07-23,6.95469284,6.95469284,6.95469284,6.95469284,0
2010-07-26,7.15924215,7.15924215,7.15924215,7.15924215,122
2010-07-27,7.44561195,7.44561195,7.44561195,7.44561195,244
2010-07-28,7.44561195,7.44561195,7.09378576,7.09378576,1344
2010-07-29,7.11833191,7.11833191,6.99560308,7.11833191,4033
2010-07-30,7.28197193,7.28197193,7.28197193,7.28197193,122
2010-08-02,7.36379194,7.36379194,7.36379194,7.36379194,488
2010-08-03,7.36379194,7.40470219,7.36379194,7.40470219,488
2010-08-04,7.40470219,7.40470219,7.40470219,7.40470219,366
2010-08-05,7.40470219,7.60106993,7.36379194,7.44561195,31777
2010-08-06,7.40470219,7.44561195,7.40470219,7.44561195,5133
2010-08-09,7.54379606,7.54379606,7.44561195,7.44561195,977
2010-08-10,7.4865222,7.4865222,7.4865222,7.4865222,244
2010-08-11,7.4865222,7.4865222,7.40470219,7.40470219,7333
2010-08-12,7.36379194,7.44561195,7.36379194,7.40470219,1588
2010-08-13,7.4701581,7.4865222,7.36379194,7.41288424,22121
2010-08-16,7.52743196,7.52743196,7.4865222,7.4865222,1833
2010-08-17,7.4865222,7.4865222,7.42106581,7.42106581,25055
2010-08-18,7.53561401,7.53561401,7.46197605,7.46197605,2444
2010-08-19,7.46197605,7.46197605,7.46197605,7.46197605,0
2010-08-20,7.4865222,7.56834221,7.4865222,7.56834221,10388
2010-08-23,7.60925198,7.60925198,7.60925198,7.60925198,244
2010-08-24,7.52743196,7.60925198,7.4865222,7.60925198,6110
2010-08-25,7.65016222,7.772892,7.65016222,7.772892,19432
2010-08-26,7.85471201,7.93653202,7.772892,7.93653202,1344
2010-08-27,8.0183506,8.05926132,7.98562384,7.98562384,48032
2010-08-30,8.10017109,8.18199062,7.93653202,8.0183506,37765
2010-08-31,8.10017109,8.18199062,8.10017109,8.18199062,130897
2010-09-01,8.25562859,8.30472088,8.18199062,8.23926544,78587
2010-09-02,8.30472088,8.30472088,8.26381111,8.26381111,573821
2010-09-03,8.29653931,8.30472088,8.28017521,8.28017521,104986
2010-09-06,8.28017521,8.30472088,8.28017521,8.30472088,210339
2010-09-08,8.30472088,8.30472088,8.24744701,8.26381111,424346
2010-09-09,8.27199268,8.30472088,8.24744701,8.26381111,378269
2010-09-10,8.22290134,8.27199268,8.18199062,8.18199062,75776
2010-09-13,8.26381111,8.26381111,8.18199062,8.18199062,14666
2010-09-14,8.18199062,8.18199062,8.10017109,8.18199062,13566
2010-09-15,8.26381111,8.30472088,8.18199062,8.18199062,158152
2010-09-16,8.30472088,8.30472088,8.18199062,8.30472088,177462
2010-09-17,8.30472088,8.30472088,8.28835678,8.30472088,126986
2010-09-20,8.07562542,8.07562542,8.00198841,8.00198841,139330
2010-09-21,8.07562542,8.07562542,8.00198841,8.07562542,18210
2010-09-22,8.07562542,8.07562542,8.07562542,8.07562542,0
2010-09-23,8.07562542,8.18199062,8.07562542,8.10017109,31043
2010-09-24,8.14108086,8.18199062,8.06744289,8.06744289,19555
2010-09-27,8.10017109,8.14108086,8.10017109,8.14108086,244
2010-09-28,8.18199062,8.18199062,8.18199062,8.18199062,18332
2010-09-29,8.26381111,8.26381111,8.26381111,8.26381111,7455
2010-09-30,8.30472088,8.30472088,8.30472088,8.30472088,3666
2010-10-01,8.26381111,8.30472088,8.26381111,8.30472088,10999
2010-10-04,8.30472088,8.32108498,8.26381111,8.28017521,31777
2010-10-05,8.34563065,8.42745113,8.34563065,8.42745113,16132
2010-10-06,8.4683609,8.4683609,8.4683609,8.4683609,6110
2010-10-07,8.4683609,8.55018139,8.38654137,8.42745113,43999
2010-10-08,8.38654137,8.38654137,8.38654137,8.38654137,19555
2010-10-11,8.42745113,8.4683609,8.34563065,8.34563065,18332
2010-10-13,8.50927067,8.55018139,8.44381523,8.44381523,14666
2010-10-14,8.55018139,8.63200092,8.55018139,8.63200092,7333
2010-10-15,8.63200092,8.63200092,8.63200092,8.63200092,0
2010-10-18,8.55018139,8.55018139,8.18199062,8.18199062,47298
2010-10-19,8.4683609,8.4683609,8.42745113,8.42745113,2444
2010-10-20,8.50927067,8.50927067,8.50927067,8.50927067,1222
2010-10-21,8.18199062,8.34563065,8.18199062,8.34563065,11488
2010-10-22,8.34563065,8.34563065,8.34563065,8.34563065,6110
2010-10-25,8.34563065,8.34563065,8.34563065,8.34563065,7333
2010-10-26,8.34563065,8.34563065,8.34563065,8.34563065,3666
2010-10-27,8.26381111,8.26381111,8.18199062,8.18199062,7333
2010-10-28,8.18199062,8.18199062,8.18199062,8.18199062,4888
2010-10-29,8.18199062,8.18199062,8.0183506,8.0183506,6110
2010-11-01,8.0183506,8.0183506,8.0183506,8.0183506,0
2010-11-03,8.0183506,8.0183506,8.0183506,8.0183506,0
2010-11-04,8.0183506,8.0183506,8.0183506,8.0183506,0
2010-11-05,8.22290134,8.22290134,8.10017109,8.18199062,625886
2010-11-08,8.14108086,8.26381111,8.14108086,8.14108086,43999
2010-11-09,8.26381111,8.26381111,8.18199062,8.18199062,12344
2010-11-10,8.14108086,8.18199062,8.0183506,8.18199062,1131753
2010-11-11,8.0347147,8.05926132,8.0183506,8.0183506,36788
2010-11-12,8.0183506,8.0183506,8.0183506,8.0183506,0
2010-11-16,8.0183506,8.0183506,8.0183506,8.0183506,2444
2010-11-17,8.0347147,8.0347147,7.78107405,7.78107405,8188
2010-11-18,8.0183506,8.0183506,8.0183506,8.0183506,5499
2010-11-19,8.10017109,8.10017109,8.10017109,8.10017109,3666
2010-11-22,8.10017109,8.10017109,7.93653202,7.93653202,2933
2010-11-23,7.97744179,7.97744179,7.97744179,7.97744179,977
2010-11-24,8.09198856,8.09198856,8.0183506,8.0183506,6233
2010-11-25,8.10017109,8.10017109,8.0183506,8.0183506,12221
2010-11-26,8.0183506,8.0183506,8.0183506,8.0183506,0
2010-11-29,7.99380589,7.99380589,7.99380589,7.99380589,5622
2010-11-30,7.99380589,7.99380589,7.99380589,7.99380589,733
2010-12-01,8.10017109,8.10017109,7.97744179,7.97744179,4399
2010-12-02,7.93653202,8.0183506,7.93653202,8.0183506,3911
2010-12-03,8.14108086,8.14108086,8.14108086,8.14108086,2444
2010-12-06,8.05926132,8.05926132,8.05926132,8.05926132,1222
2010-12-07,8.0183506,8.09198856,7.97744179,8.0183506,14666
2010-12-08,8.10017109,8.10017109,7.93653202,7.93653202,9777
2010-12-09,8.0183506,8.0183506,7.93653202,7.93653202,4888
2010-12-10,8.0183506,8.0183506,7.94471407,7.94471407,10999
2010-12-13,8.0183506,8.0183506,8.0183506,8.0183506,1222
2010-12-14,8.14108086,8.14108086,8.0183506,8.05926132,7577
2010-12-15,8.05926132,8.05926132,8.0183506,8.0183506,3055
2010-12-16,8.10017109,8.10017109,8.05926132,8.10017109,3299
2010-12-17,8.14108086,8.15744495,8.05926132,8.05926132,7088
2010-12-20,7.93653202,7.93653202,7.93653202,7.93653202,611
2010-12-21,7.97744179,8.0183506,7.97744179,8.0183506,4888
2010-12-22,8.0183506,8.0183506,8.0183506,8.0183506,1222
2010-12-23,8.0183506,8.0183506,8.0183506,8.0183506,4888
2010-12-27,8.0183506,8.0183506,8.0183506,8.0183506,3666
2010-12-28,8.18199062,8.18199062,8.18199062,8.18199062,1222
2010-12-29,8.18199062,8.26381111,8.18199062,8.18199062,5011
2010-12-30,8.18199062,8.18199062,8.18199062,8.18199062,0
2011-01-03,8.25562859,8.25562859,8.25562859,8.25562859,1222
2011-01-04,8.10017109,8.14108086,8.10017109,8.10017109,1466
2011-01-05,8.0183506,8.0183506,8.0183506,8.0183506,122
2011-01-06,8.0183506,8.0183506,7.93653202,7.93653202,3666
2011-01-07,8.05926132,8.05926132,8.05926132,8.05926132,1222
2011-01-10,8.0183506,8.0183506,8.0183506,8.0183506,1222
2011-01-11,8.0183506,8.0183506,7.93653202,7.93653202,5011
2011-01-12,7.97744179,7.97744179,7.97744179,7.97744179,1222
2011-01-13,7.97744179,7.97744179,7.97744179,7.97744179,0
2011-01-14,8.0183506,8.0183506,8.0183506,8.0183506,611
2011-01-17,7.93653202,7.93653202,7.85471201,7.85471201,2444
2011-01-18,7.85471201,7.85471201,7.85471201,7.85471201,0
2011-01-19,7.85471201,7.85471201,7.85471201,7.85471201,0
2011-01-20,7.85471201,7.85471201,7.85471201,7.85471201,0
2011-01-21,8.0183506,8.0183506,8.0183506,8.0183506,1222
2011-01-24,8.0183506,8.0183506,8.0183506,8.0183506,611
2011-01-26,8.00198841,8.00198841,7.93653202,7.93653202,6233
2011-01-27,7.93653202,7.93653202,7.93653202,7.93653202,0
2011-01-28,7.93653202,7.93653202,7.85471201,7.85471201,2444
2011-01-31,7.93653202,8.18199062,7.93653202,8.18199062,2688
2011-02-01,8.18199062,8.18199062,7.85471201,7.85471201,6233
2011-02-02,7.85471201,7.85471201,7.85471201,7.85471201,0
2011-02-03,7.85471201,7.85471201,7.85471201,7.85471201,0
2011-02-04,7.89562178,7.89562178,7.89562178,7.89562178,1466
2011-02-07,7.89562178,7.89562178,7.89562178,7.89562178,2077
2011-02-08,7.89562178,7.89562178,7.89562178,7.89562178,0
2011-02-09,7.97744179,7.97744179,7.97744179,7.97744179,1222
2011-02-10,7.97744179,7.97744179,7.97744179,7.97744179,1222
2011-02-11,7.89562178,7.89562178,7.89562178,7.89562178,366
2011-02-14,7.86289406,7.86289406,7.85471201,7.85471201,3666
2011-02-15,7.772892,7.772892,7.772892,7.772892,2444
2011-02-16,7.772892,7.772892,7.772892,7.772892,0
2011-02-17,7.73198223,7.73198223,7.73198223,7.73198223,488
2011-02-18,7.73198223,7.73198223,7.73198223,7.73198223,0
2011-02-21,7.73198223,7.73198223,7.73198223,7.73198223,0
2011-02-22,7.73198223,7.73198223,7.73198223,7.73198223,0
2011-02-23,7.73198223,7.73198223,7.73198223,7.73198223,0
2011-02-24,7.73198223,7.73198223,7.73198223,7.73198223,0
2011-02-25,8.14108086,8.14108086,8.14108086,8.14108086,1099
2011-02-28,8.14108086,8.14108086,8.14108086,8.14108086,0
2011-03-01,8.14108086,8.14108086,8.14108086,8.14108086,0
2011-03-02,8.14108086,8.14108086,8.14108086,8.14108086,0
2011-03-03,8.18199062,8.18199062,8.14108086,8.14108086,2444
2011-03-04,8.14108086,8.14108086,8.14108086,8.14108086,0
2011-03-09,8.14108086,8.14108086,8.14108086,8.14108086,0
2011-03-10,8.14108086,8.14108086,8.14108086,8.14108086,0
2011-03-11,7.89562178,7.89562178,7.772892,7.772892,9777
2011-03-14,7.65016222,7.65016222,7.65016222,7.65016222,1222
2011-03-15,7.65016222,7.65016222,7.65016222,7.65016222,0
2011-03-16,7.65016222,7.65016222,7.65016222,7.65016222,0
2011-03-17,7.65016222,7.65016222,7.65016222,7.65016222,2444
2011-03-18,7.60925198,7.60925198,7.36379194,7.36379194,7944
2011-03-21,6.95469284,6.95469284,6.95469284,6.95469284,36
2011-03-22,7.36379194,7.36379194,7.36379194,7.36379194,1466
2011-03-23,7.73198223,7.73198223,7.60925198,7.60925198,9410
2011-03-24,7.68288994,7.68288994,7.68288994,7.68288994,3666
2011-03-25,7.68288994,7.68288994,7.68288994,7.68288994,3666
2011-03-28,7.56834221,7.69107199,7.56834221,7.69107199,4033
2011-03-29,7.69107199,7.73198223,7.69107199,7.69107199,7699
2011-03-30,7.69107199,7.73198223,7.69107199,7.69107199,7699
2011-03-31,7.73198223,7.73198223,7.73198223,7.73198223,3299
2011-04-01,7.772892,7.772892,7.69107199,7.69107199,1344
2011-04-04,7.69107199,7.69107199,7.69107199,7.69107199,0
2011-04-05,7.69107199,7.69107199,7.69107199,7.69107199,0
2011-04-06,7.69107199,7.772892,7.69107199,7.73198223,18332
2011-04-07,7.69107199,7.69107199,7.69107199,7.69107199,2444
2011-04-08,7.69107199,7.69107199,7.69107199,7.69107199,0
2011-04-11,7.772892,7.772892,7.69107199,7.69107199,34221
2011-04-12,7.772892,7.772892,7.69107199,7.69107199,18944
2011-04-13,7.69107199,7.76470995,7.69107199,7.69107199,8555
2011-04-14,7.69107199,7.73198223,7.69107199,7.73198223,4888
2011-04-15,7.772892,7.772892,7.772892,7.772892,3666
2011-04-18,7.772892,7.772892,7.772892,7.772892,0
2011-04-19,7.772892,7.772892,7.772892,7.772892,0
2011-04-20,7.772892,7.772892,7.772892,7.772892,0
2011-04-25,7.772892,7.772892,7.772892,7.772892,1222
2011-04-26,7.772892,7.772892,7.772892,7.772892,0
2011-04-27,7.772892,7.772892,7.772892,7.772892,0
2011-04-28,7.69107199,7.69107199,7.69107199,7.69107199,3666
2011-04-29,7.772892,7.772892,7.772892,7.772892,733
2011-05-02,7.36379194,7.36379194,7.36379194,7.36379194,9899
2011-05-03,7.44561195,7.44561195,7.44561195,7.44561195,3299
2011-05-04,7.44561195,7.44561195,7.44561195,7.44561195,1222
2011-05-05,7.44561195,7.44561195,7.44561195,7.44561195,0
2011-05-06,7.44561195,7.44561195,7.44561195,7.44561195,0
2011-05-09,7.44561195,7.44561195,7.44561195,7.44561195,0
2011-05-10,7.44561195,7.44561195,7.44561195,7.44561195,0
2011-05-11,7.44561195,7.44561195,7.44561195,7.44561195,0
2011-05-12,7.44561195,7.44561195,7.44561195,7.44561195,0
2011-05-13,7.44561195,7.44561195,7.44561195,7.44561195,0
2011-05-16,7.44561195,7.44561195,7.44561195,7.44561195,0
2011-05-17,7.36379194,7.36379194,7.36379194,7.36379194,4888
2011-05-18,7.36379194,7.36379194,7.36379194,7.36379194,0
2011-05-19,7.772892,7.772892,7.772892,7.772892,488
2011-05-20,7.772892,7.772892,7.772892,7.772892,8555
2011-05-23,7.65016222,7.65016222,7.65016222,7.65016222,122
2011-05-24,7.65834379,7.772892,7.65016222,7.772892,3422
2011-05-25,7.772892,7.772892,7.65016222,7.65016222,91786
2011-05-26,7.772892,7.772892,7.772892,7.772892,28110
2011-05-27,7.772892,8.14108086,7.772892,8.14108086,2444
2011-05-30,8.18199062,8.18199062,8.18199062,8.18199062,366
2011-05-31,8.18199062,8.18199062,7.85471201,7.85471201,3055
2011-06-01,7.85471201,7.85471201,7.85471201,7.85471201,0
2011-06-02,7.85471201,7.85471201,7.85471201,7.85471201,0
2011-06-03,7.85471201,7.85471201,7.85471201,7.85471201,0
2011-06-06,7.85471201,7.85471201,7.85471201,7.85471201,0
2011-06-07,7.85471201,7.85471201,7.85471201,7.85471201,0
2011-06-08,7.85471201,7.85471201,7.85471201,7.85471201,0
2011-06-09,7.85471201,7.85471201,7.85471201,7.85471201,0
2011-06-10,7.85471201,7.85471201,7.85471201,7.85471201,0
2011-06-13,8.59109116,8.59109116,8.18199062,8.18199062,9166
2011-06-14,8.18199062,8.55018139,8.18199062,8.55018139,2566
2011-06-15,8.55018139,8.59109116,8.4683609,8.4683609,4399
2011-06-16,8.95928097,9.08201027,8.95928097,9.08201027,32510
2011-06-17,9.40929031,9.90021038,9.40929031,9.81838989,15644
2011-06-20,9.81838989,9.81838989,9.81838989,9.81838989,8310
2011-06-21,9.81838989,9.81838989,9.73657036,9.73657036,10266
2011-06-22,9.85929966,9.85929966,9.69565964,9.70384216,14910
2011-06-24,9.81838989,9.81838989,9.69565964,9.81838989,5744
2011-06-27,9.73657036,9.81838989,9.73657036,9.73657036,3177
2011-06-28,9.94112015,9.94112015,9.94112015,9.94112015,611
2011-06-29,9.85929966,9.94112015,9.81838989,9.94112015,3299
2011-06-30,9.81838989,9.81838989,9.81838989,9.81838989,1955
2011-07-01,9.81838989,9.81838989,9.81838989,9.81838989,1222
2011-07-04,9.81838989,9.81838989,9.81838989,9.81838989,0
2011-07-05,9.81838989,9.81838989,9.81838989,9.81838989,0
2011-07-06,9.81838989,9.81838989,9.81838989,9.81838989,0
2011-07-07,9.85929966,9.85929966,9.85929966,9.85929966,1222
2011-07-08,9.94112015,9.95748425,9.81838989,9.94930172,3788
2011-07-11,9.73657036,9.73657036,9.73657036,9.73657036,5377
2011-07-12,9.08201027,9.08201027,9.08201027,9.08201027,1222
2011-07-13,9.24565029,9.24565029,9.24565029,9.24565029,122
2011-07-14,9.1638298,9.81838989,9.1638298,9.81838989,488
2011-07-15,9.81838989,9.81838989,9.81838989,9.81838989,0
2011-07-18,9.81838989,9.81838989,9.81838989,9.81838989,0
2011-07-19,9.81838989,9.81838989,9.81838989,9.81838989,0
2011-07-20,9.57293034,9.57293034,9.57293034,9.57293034,1222
2011-07-21,9.49110985,9.49110985,9.28656006,9.28656006,3055
2011-07-22,9.28656006,9.32746983,9.28656006,9.28656006,9899
2011-07-25,9.28656006,9.28656006,9.28656006,9.28656006,0
2011-07-26,9.28656006,9.28656006,9.28656006,9.28656006,0
2011-07-27,9.28656006,9.28656006,9.28656006,9.28656006,0
2011-07-28,9.28656006,9.28656006,9.28656006,9.28656006,0
2011-07-29,9.28656006,9.28656006,9.28656006,9.28656006,0
2011-08-01,9.28656006,9.28656006,9.28656006,9.28656006,0
2011-08-02,9.36837959,9.36837959,9.32746983,9.32746983,7333
2011-08-03,9.32746983,9.32746983,9.32746983,9.32746983,0
2011-08-04,9.1638298,9.1638298,8.10017109,8.10017109,9777
2011-08-05,8.53381729,8.53381729,8.53381729,8.53381729,366
2011-08-08,7.772892,7.772892,7.772892,7.772892,1833
2011-08-09,8.34563065,8.34563065,7.772892,8.17380905,10755
2011-08-10,8.10017109,8.10017109,8.10017109,8.10017109,4277
2011-08-11,8.34563065,8.59109116,8.34563065,8.59109116,10388
2011-08-12,8.59109116,8.59109116,8.59109116,8.59109116,10266
2011-08-15,8.59109116,8.59109116,8.59109116,8.59109116,0
2011-08-16,9.00019073,9.00019073,9.00019073,9.00019073,611
2011-08-17,9.00019073,9.00019073,9.00019073,9.00019073,611
2011-08-18,9.00019073,9.00019073,9.00019073,9.00019073,0
2011-08-19,9.00019073,9.00019073,9.00019073,9.00019073,0
2011-08-22,9.00019073,9.00019073,9.00019073,9.00019073,0
2011-08-23,9.00019073,9.20473957,9.00019073,9.20473957,1344
2011-08-24,9.53201962,9.6138401,9.53201962,9.6138401,2077
2011-08-25,9.00019073,9.09019184,9.00019073,9.09019184,1099
2011-08-26,10.01475811,10.01475811,9.20473957,9.20473957,1711
2011-08-29,9.20473957,9.20473957,9.20473957,9.20473957,0
2011-08-30,9.20473957,9.20473957,9.20473957,9.20473957,0
2011-08-31,9.20473957,9.40929031,9.20473957,9.40929031,1955
2011-09-01,9.40929031,9.40929031,9.40929031,9.40929031,122
2011-09-02,9.20473957,9.20473957,9.20473957,9.20473957,1833
2011-09-05,9.20473957,9.20473957,9.20473957,9.20473957,0
2011-09-06,9.24565029,9.24565029,9.24565029,9.24565029,9777
2011-09-08,9.24565029,9.24565029,9.24565029,9.24565029,0
2011-09-09,9.12292004,9.12292004,9.12292004,9.12292004,1222
2011-09-12,9.1638298,9.1638298,9.1638298,9.1638298,2444
2011-09-13,9.1638298,9.1638298,9.1638298,9.1638298,0
2011-09-14,9.08201027,9.08201027,9.08201027,9.08201027,244
2011-09-15,9.1638298,9.1638298,9.1638298,9.1638298,1222
2011-09-16,9.1638298,9.1638298,9.00019073,9.00019073,11855
2011-09-19,9.15564823,9.15564823,9.15564823,9.15564823,17721
2011-09-20,9.15564823,9.15564823,9.15564823,9.15564823,0
2011-09-21,9.08201027,9.1638298,9.08201027,9.1638298,6110
2011-09-22,9.1638298,9.1638298,9.1638298,9.1638298,0
2011-09-23,9.00019073,9.00019073,9.00019073,9.00019073,2444
2011-09-26,8.79564095,8.79564095,8.79564095,8.79564095,9410
2011-09-27,9.1638298,9.1638298,8.83655071,8.83655071,5377
2011-09-28,8.83655071,8.83655071,8.83655071,8.83655071,0
2011-09-29,8.83655071,8.83655071,8.83655071,8.83655071,0
2011-09-30,9.00019073,9.00019073,9.00019073,9.00019073,3666
2011-10-03,9.00019073,9.00019073,9.00019073,9.00019073,0
2011-10-04,8.83655071,8.83655071,8.83655071,8.83655071,3055
2011-10-05,8.79564095,8.79564095,8.79564095,8.79564095,122
2011-10-06,8.79564095,8.79564095,8.79564095,8.79564095,0
2011-10-07,8.79564095,8.79564095,8.79564095,8.79564095,0
2011-10-10,8.79564095,8.79564095,8.79564095,8.79564095,0
2011-10-11,8.79564095,8.79564095,8.79564095,8.79564095,0
2011-10-13,8.79564095,8.79564095,8.79564095,8.79564095,0
2011-10-14,9.08201027,9.08201027,9.08201027,9.08201027,1833
2011-10-17,9.08201027,9.08201027,9.08201027,9.08201027,0
2011-10-18,9.08201027,9.08201027,9.08201027,9.08201027,1222
2011-10-19,9.08201027,9.08201027,9.08201027,9.08201027,611
2011-10-20,9.00019073,9.00019073,9.00019073,9.00019073,3666
2011-10-21,9.00019073,9.00019073,9.00019073,9.00019073,0
2011-10-24,9.00019073,9.00019073,9.00019073,9.00019073,0
2011-10-25,9.00019073,9.00019073,9.00019073,9.00019073,0
2011-10-26,8.79564095,8.80382347,8.79564095,8.80382347,733
2011-10-27,8.80382347,8.80382347,8.80382347,8.80382347,0
2011-10-28,8.80382347,8.80382347,8.80382347,8.80382347,0
2011-10-31,9.00019073,9.00019073,9.00019073,9.00019073,6110
2011-11-01,9.00019073,9.00019073,9.00019073,9.00019073,0
2011-11-03,9.00019073,9.00019073,9.00019073,9.00019073,1711
2011-11-04,9.00019073,9.00019073,9.00019073,9.00019073,0
2011-11-07,9.00019073,9.00019073,9.00019073,9.00019073,2444
2011-11-08,9.08201027,9.08201027,9.00019073,9.00019073,11610
2011-11-09,9.00019073,9.00019073,9.00019073,9.00019073,3666
2011-11-10,9.08201027,9.12292004,9.08201027,9.08201027,4888
2011-11-11,9.13928413,9.14746571,9.08201027,9.11473846,8555
2011-11-14,9.08201027,9.08201027,9.08201027,9.08201027,9777
2011-11-16,9.08201027,9.08201027,9.04928207,9.05746365,51332
2011-11-17,9.05746365,9.05746365,9.05746365,9.05746365,0
2011-11-18,9.05746365,9.05746365,9.05746365,9.05746365,0
2011-11-21,9.05746365,9.05746365,9.05746365,9.05746365,0
2011-11-22,9.08201027,9.08201027,9.08201027,9.08201027,2444
2011-11-23,9.08201027,9.08201027,9.08201027,9.08201027,0
2011-11-24,9.08201027,9.08201027,9.08201027,9.08201027,1222
2011-11-25,9.04928207,9.04928207,9.04109955,9.04109955,11733
2011-11-28,9.08201027,9.08201027,9.08201027,9.08201027,3666
2011-11-29,9.08201027,9.08201027,9.08201027,9.08201027,2444
2011-11-30,9.04109955,9.04109955,9.04109955,9.04109955,2444
2011-12-01,9.08201027,9.12292004,9.08201027,9.12292004,6110
2011-12-02,9.12292004,9.12292004,9.12292004,9.12292004,0
2011-12-05,9.20473957,9.20473957,9.20473957,9.20473957,6110
2011-12-06,9.20473957,9.20473957,9.20473957,9.20473957,0
2011-12-07,9.1638298,9.23746777,9.1638298,9.23746777,7210
2011-12-08,9.1638298,9.1638298,9.1638298,9.1638298,3666
2011-12-09,9.1638298,9.1638298,9.1638298,9.1638298,4277
2011-12-12,9.24565029,9.24565029,9.24565029,9.24565029,3788
2011-12-13,9.08201027,9.08201027,9.00019073,9.00019073,9777
2011-12-14,9.00019073,9.00019073,9.00019073,9.00019073,0
2011-12-15,8.79564095,9.00019073,8.79564095,9.00019073,10999
2011-12-16,9.00019073,9.00019073,9.00019073,9.00019073,0
2011-12-19,9.00019073,9.00019073,9.00019073,9.00019073,3666
2011-12-20,9.00019073,9.00019073,9.00019073,9.00019073,3666
2011-12-21,9.00019073,9.00019073,9.00019073,9.00019073,0
2011-12-22,9.00019073,9.00019073,9.00019073,9.00019073,0
2011-12-23,9.00019073,9.00019073,9.00019073,9.00019073,0
2011-12-26,9.40929031,9.40929031,9.40929031,9.40929031,2444
2011-12-27,9.6138401,9.6138401,9.6138401,9.6138401,6110
2011-12-28,9.6138401,9.6138401,9.40929031,9.6138401,6110
2011-12-29,9.6138401,9.6138401,9.49110985,9.54020214,7455
2012-01-02,9.40929031,9.40929031,9.40929031,9.40929031,1222
2012-01-03,9.40929031,9.40929031,9.40929031,9.40929031,1222
2012-01-04,9.40929031,9.40929031,9.40929031,9.40929031,1222
2012-01-05,9.40929031,9.40929031,9.40929031,9.40929031,1222
2012-01-06,9.40929031,9.40929031,9.40929031,9.40929031,0
2012-01-09,9.40929031,9.40929031,9.40929031,9.40929031,0
2012-01-10,9.40929031,9.40929031,9.40929031,9.40929031,0
2012-01-11,9.28656006,9.28656006,9.28656006,9.28656006,733
2012-01-12,9.28656006,9.28656006,9.28656006,9.28656006,0
2012-01-13,9.28656006,9.28656006,9.28656006,9.28656006,0
2012-01-16,9.28656006,9.28656006,9.28656006,9.28656006,0
2012-01-17,9.28656006,9.28656006,9.28656006,9.28656006,0
2012-01-18,9.28656006,9.28656006,9.28656006,9.28656006,0
2012-01-19,9.28656006,9.28656006,9.28656006,9.28656006,0
2012-01-20,9.28656006,9.28656006,9.28656006,9.28656006,0
2012-01-23,9.28656006,9.28656006,9.28656006,9.28656006,0
2012-01-24,9.28656006,9.28656006,9.28656006,9.28656006,0
2012-01-26,9.28656006,9.28656006,9.28656006,9.28656006,0
2012-01-27,9.28656006,9.28656006,9.28656006,9.28656006,0
2012-01-30,9.28656006,9.28656006,9.28656006,9.28656006,0
2012-01-31,9.28656006,9.28656006,9.28656006,9.28656006,2077
2012-02-01,9.40929031,9.40929031,9.40929031,9.40929031,2077
2012-02-02,9.40929031,9.40929031,9.40929031,9.40929031,0
2012-02-03,9.40929031,9.40929031,9.40929031,9.40929031,0
2012-02-06,9.40929031,9.40929031,9.40929031,9.40929031,0
2012-02-07,9.40929031,9.40929031,9.40929031,9.40929031,0
2012-02-08,9.40929031,9.40929031,9.40929031,9.40929031,0
2012-02-09,9.40929031,9.40929031,9.40929031,9.40929031,0
2012-02-10,9.36837959,9.36837959,9.36837959,9.36837959,2444
2012-02-13,9.36837959,9.36837959,9.36837959,9.36837959,0
2012-02-14,9.20473957,9.20473957,8.66472912,8.67291069,14299
2012-02-15,8.83655071,9.00019073,8.83655071,9.00019073,1099
2012-02-16,9.00019073,9.00019073,9.00019073,9.00019073,366
2012-02-17,8.99200916,9.00019073,8.99200916,9.00019073,3788
2012-02-23,9.22928619,9.22928619,9.22928619,9.22928619,122
2012-02-24,9.22928619,9.22928619,9.22928619,9.22928619,0
2012-02-27,9.22928619,9.22928619,9.22928619,9.22928619,0
2012-02-28,8.87746143,8.87746143,8.87746143,8.87746143,1222
2012-02-29,9.40929031,9.40929031,9.40929031,9.40929031,122
2012-03-01,9.40929031,9.40929031,9.40929031,9.40929031,0
2012-03-02,9.40929031,9.40929031,9.40929031,9.40929031,0
2012-03-05,9.40929031,9.40929031,9.40929031,9.40929031,0
2012-03-06,9.40929031,9.40929031,9.40929031,9.40929031,244
2012-03-07,9.40929031,9.40929031,9.40929031,9.40929031,0
2012-03-08,9.40929031,9.40929031,9.40929031,9.40929031,0
2012-03-09,9.40929031,9.40929031,9.40929031,9.40929031,0
2012-03-12,8.95928097,9.08201027,8.87746143,8.88564301,49010
2012-03-13,8.88564301,8.88564301,8.88564301,8.88564301,0
2012-03-14,8.88564301,8.88564301,8.88564301,8.88564301,0
2012-03-15,8.88564301,8.88564301,8.88564301,8.88564301,0
2012-03-16,8.88564301,8.88564301,8.88564301,8.88564301,3666
2012-03-19,8.88564301,8.88564301,8.88564301,8.88564301,0
2012-03-20,8.88564301,8.88564301,8.88564301,8.88564301,0
2012-03-21,8.95928097,8.95928097,8.95928097,8.95928097,2444
2012-03-22,8.95928097,8.95928097,8.95928097,8.95928097,2444
2012-03-23,8.79564095,8.79564095,8.79564095,8.79564095,0
2012-03-26,8.79564095,8.79564095,8.79564095,8.79564095,12221
2012-03-27,8.79564095,8.79564095,8.79564095,8.79564095,0
2012-03-28,8.79564095,8.79564095,8.79564095,8.79564095,0
2012-03-29,8.83655071,8.9183712,8.83655071,8.87746143,12466
2012-03-30,8.83655071,8.83655071,8.79564095,8.79564095,24321
2012-04-02,8.79564095,8.79564095,8.79564095,8.79564095,0
2012-04-03,8.79564095,8.79564095,8.79564095,8.79564095,12221
2012-04-04,8.79564095,8.79564095,8.79564095,8.79564095,12221
2012-04-05,8.75473118,8.75473118,8.75473118,8.75473118,4888
2012-04-09,8.75473118,8.97564507,8.75473118,8.97564507,26277
2012-04-10,8.71382141,8.71382141,8.67291069,8.67291069,6110
2012-04-11,8.67291069,8.67291069,8.67291069,8.67291069,0
2012-04-12,8.83655071,8.83655071,8.83655071,8.83655071,2199
2012-04-13,8.71382141,8.71382141,8.71382141,8.71382141,122
2012-04-16,8.71382141,8.71382141,8.71382141,8.71382141,0
2012-04-17,8.71382141,8.71382141,8.71382141,8.71382141,0
2012-04-18,8.75473118,8.75473118,8.75473118,8.75473118,122
2012-04-19,8.75473118,8.75473118,8.75473118,8.75473118,0
2012-04-20,8.87746143,8.87746143,8.83655071,8.83655071,14544
2012-04-23,8.83655071,8.83655071,8.83655071,8.83655071,0
2012-04-24,8.83655071,8.83655071,8.83655071,8.83655071,0
2012-04-25,8.83655071,8.83655071,8.83655071,8.83655071,0
2012-04-26,8.83655071,8.83655071,8.83655071,8.83655071,0
2012-04-27,8.83655071,8.83655071,8.83655071,8.83655071,0
2012-04-30,8.75473118,8.75473118,8.75473118,8.75473118,1588
2012-05-02,8.75473118,8.75473118,8.75473118,8.75473118,0
2012-05-03,8.75473118,8.75473118,8.75473118,8.75473118,0
2012-05-04,8.75473118,8.75473118,8.75473118,8.75473118,0
2012-05-07,8.75473118,8.75473118,8.75473118,8.75473118,0
2012-05-08,8.75473118,8.75473118,8.75473118,8.75473118,0
2012-05-09,8.87746143,8.87746143,8.87746143,8.87746143,1222
2012-05-10,8.87746143,8.87746143,8.87746143,8.87746143,0
2012-05-11,8.87746143,8.87746143,8.87746143,8.87746143,0
2012-05-14,8.87746143,8.87746143,8.87746143,8.87746143,0
2012-05-15,8.83655071,8.83655071,8.83655071,8.83655071,244
2012-05-16,8.83655071,8.83655071,8.83655071,8.83655071,0
2012-05-17,8.83655071,8.83655071,8.83655071,8.83655071,0
2012-05-18,8.83655071,8.83655071,8.83655071,8.83655071,0
2012-05-21,8.83655071,8.83655071,8.83655071,8.83655071,0
2012-05-22,8.83655071,8.83655071,8.83655071,8.83655071,0
2012-05-23,8.75473118,8.75473118,8.75473118,8.75473118,2077
2012-05-24,8.75473118,8.75473118,8.75473118,8.75473118,244
2012-05-25,8.75473118,8.75473118,8.75473118,8.75473118,0
2012-05-28,8.75473118,8.75473118,8.75473118,8.75473118,0
2012-05-29,8.75473118,8.75473118,8.75473118,8.75473118,0
2012-05-30,8.75473118,8.75473118,8.75473118,8.75473118,0
2012-05-31,8.75473118,8.75473118,8.75473118,8.75473118,0
2012-06-01,8.75473118,8.75473118,8.75473118,8.75473118,0
2012-06-04,8.75473118,8.75473118,8.75473118,8.75473118,0
2012-06-05,8.75473118,8.75473118,8.75473118,8.75473118,122
2012-06-06,8.75473118,8.75473118,8.75473118,8.75473118,2322
2012-06-08,8.76291275,8.76291275,8.76291275,8.76291275,122
2012-06-11,9.00019073,9.00019073,9.00019073,9.00019073,1955
2012-06-12,9.00019073,9.00019073,9.00019073,9.00019073,0
2012-06-13,9.00019073,9.00019073,9.00019073,9.00019073,0
2012-06-14,8.79564095,8.79564095,8.79564095,8.79564095,488
2012-06-15,8.79564095,8.79564095,8.79564095,8.79564095,1466
2012-06-18,8.79564095,8.79564095,8.79564095,8.79564095,0
2012-06-19,8.79564095,8.79564095,8.79564095,8.79564095,488
2012-06-20,8.79564095,8.79564095,8.79564095,8.79564095,0
2012-06-21,8.79564095,8.79564095,8.79564095,8.79564095,0
2012-06-22,8.79564095,8.79564095,8.79564095,8.79564095,0
2012-06-25,8.79564095,8.79564095,8.79564095,8.79564095,0
2012-06-26,8.79564095,8.79564095,8.79564095,8.79564095,2077
2012-06-27,8.79564095,8.79564095,8.79564095,8.79564095,244
2012-06-28,8.79564095,8.79564095,8.79564095,8.79564095,0
2012-06-29,8.79564095,8.79564095,8.79564095,8.79564095,0
2012-07-02,8.79564095,8.79564095,8.79564095,8.79564095,0
2012-07-03,8.79564095,8.79564095,8.79564095,8.79564095,0
2012-07-04,8.79564095,8.79564095,8.79564095,8.79564095,0
2012-07-05,8.79564095,8.79564095,8.79564095,8.79564095,0
2012-07-06,8.79564095,8.79564095,8.79564095,8.79564095,2444
2012-07-10,8.79564095,8.79564095,8.79564095,8.79564095,366
2012-07-11,8.79564095,8.79564095,8.79564095,8.79564095,0
2012-07-12,8.79564095,8.79564095,8.79564095,8.79564095,0
2012-07-13,8.79564095,8.79564095,8.79564095,8.79564095,0
2012-07-16,8.79564095,8.79564095,8.79564095,8.79564095,0
2012-07-17,8.79564095,8.79564095,8.79564095,8.79564095,0
2012-07-18,8.79564095,8.79564095,8.79564095,8.79564095,0
2012-07-19,8.79564095,8.79564095,8.79564095,8.79564095,0
2012-07-20,8.79564095,8.79564095,8.79564095,8.79564095,0
2012-07-23,8.79564095,8.79564095,8.79564095,8.79564095,0
2012-07-24,8.79564095,8.79564095,8.79564095,8.79564095,0
2012-07-25,8.79564095,8.79564095,8.79564095,8.79564095,0
2012-07-26,8.79564095,8.79564095,8.79564095,8.79564095,0
2012-07-27,8.79564095,8.79564095,8.79564095,8.79564095,0
2012-07-30,8.79564095,8.79564095,8.79564095,8.79564095,0
2012-07-31,8.38654137,8.38654137,8.38654137,8.38654137,1466
2012-08-01,8.38654137,8.38654137,8.38654137,8.38654137,0
2012-08-02,8.38654137,8.38654137,8.38654137,8.38654137,0
2012-08-03,8.38654137,8.38654137,8.38654137,8.38654137,0
2012-08-06,8.38654137,8.38654137,8.38654137,8.38654137,0
2012-08-07,8.38654137,8.38654137,8.38654137,8.38654137,0
2012-08-08,8.38654137,8.38654137,8.38654137,8.38654137,0
2012-08-09,8.38654137,8.38654137,8.38654137,8.38654137,0
2012-08-10,8.38654137,8.38654137,8.38654137,8.38654137,0
2012-08-13,8.38654137,8.38654137,8.38654137,8.38654137,0
2012-08-14,8.38654137,8.38654137,8.38654137,8.38654137,0
2012-08-15,8.38654137,8.38654137,8.38654137,8.38654137,0
2012-08-16,8.38654137,8.38654137,8.38654137,8.38654137,0
2012-08-17,8.38654137,8.38654137,8.38654137,8.38654137,0
2012-08-20,8.38654137,8.38654137,8.38654137,8.38654137,0
2012-08-21,8.38654137,8.38654137,8.38654137,8.38654137,0
2012-08-22,8.78745937,8.78745937,8.68109322,8.68109322,20166
2012-08-23,8.67291069,8.67291069,8.59109116,8.59109116,10510
2012-08-24,8.59109116,8.59109116,8.59109116,8.59109116,6355
2012-08-27,8.59109116,8.59109116,8.59109116,8.59109116,0
2012-08-28,8.67291069,8.71382141,8.59109116,8.59109116,36788
2012-08-29,8.59109116,8.59109116,8.55018139,8.55018139,29943
2012-08-30,8.50927067,8.50927067,8.50927067,8.50927067,48887
2012-08-31,8.42745113,8.50927067,8.42745113,8.50927067,48887
2012-09-03,8.50927067,8.50927067,8.50927067,8.50927067,0
2012-09-04,8.50927067,8.50927067,8.50927067,8.50927067,0
2012-09-05,8.55018139,8.55018139,8.50927067,8.55018139,6110
2012-09-06,8.55018139,8.55018139,8.55018139,8.55018139,0
2012-09-10,8.67291069,8.67291069,8.67291069,8.67291069,30188
2012-09-11,8.75473118,8.95928097,8.75473118,8.95928097,4888
2012-09-12,8.59109116,8.59109116,8.59109116,8.59109116,0
2012-09-13,8.59109116,8.59109116,8.59109116,8.59109116,0
2012-09-14,8.59109116,8.59109116,8.59109116,8.59109116,0
2012-09-17,8.59109116,8.59109116,8.59109116,8.59109116,0
2012-09-18,8.59109116,8.59109116,8.59109116,8.59109116,0
2012-09-19,8.59109116,8.59109116,8.59109116,8.59109116,0
2012-09-20,8.59109116,8.59109116,8.59109116,8.59109116,0
2012-09-21,8.9183712,8.9183712,8.9183712,8.9183712,6110
2012-09-24,9.00019073,9.00019073,8.9183712,8.9183712,4277
2012-09-25,9.00019073,9.00019073,9.00019073,9.00019073,15888
2012-09-26,9.04109955,9.20473957,9.04109955,9.20473957,15277
2012-09-27,9.20473957,9.20473957,9.20473957,9.20473957,0
2012-09-28,9.04109955,9.04109955,9.04109955,9.04109955,2444
2012-10-01,9.04109955,9.04109955,9.04109955,9.04109955,855
2012-10-02,9.04109955,9.04109955,9.04109955,9.04109955,0
2012-10-03,9.04109955,9.04109955,9.04109955,9.04109955,0
2012-10-04,9.04109955,9.04109955,9.04109955,9.04109955,6110
2012-10-05,9.04109955,9.04109955,9.04109955,9.04109955,0
2012-10-08,9.04109955,9.04109955,9.04109955,9.04109955,0
2012-10-09,9.04109955,9.04109955,9.04109955,9.04109955,6477
2012-10-10,9.04109955,9.04109955,9.04109955,9.04109955,0
2012-10-11,9.04109955,9.04109955,9.04109955,9.04109955,0
2012-10-15,9.12292004,9.12292004,9.12292004,9.12292004,4888
2012-10-16,9.1638298,9.1638298,9.1638298,9.1638298,13077
2012-10-17,9.1638298,9.1638298,9.1638298,9.1638298,7333
2012-10-18,9.24565029,9.24565029,9.24565029,9.24565029,733
2012-10-19,9.24565029,9.24565029,9.24565029,9.24565029,2444
2012-10-22,9.24565029,9.24565029,9.24565029,9.24565029,855
2012-10-23,9.32746983,9.49110985,9.1638298,9.48292828,2811
2012-10-24,9.53201962,9.53201962,9.53201962,9.53201962,1588
2012-10-25,9.53201962,9.53201962,9.53201962,9.53201962,733
2012-10-26,9.53201962,9.53201962,9.53201962,9.53201962,0
2012-10-29,9.49110985,9.49110985,9.49110985,9.49110985,611
2012-10-30,9.53201962,9.53201962,9.53201962,9.53201962,0
2012-10-31,9.40929031,9.40929031,9.40929031,9.40929031,366
2012-11-01,9.40929031,9.40929031,9.40929031,9.40929031,0
2012-11-05,9.40929031,9.40929031,9.40929031,9.40929031,0
2012-11-06,9.40929031,9.40929031,9.40929031,9.40929031,0
2012-11-07,9.40929031,9.40929031,9.40929031,9.40929031,0
2012-11-08,9.48292828,9.48292828,9.48292828,9.48292828,122
2012-11-09,9.32746983,9.32746983,9.12292004,9.12292004,8310
2012-11-12,9.40929031,9.40929031,9.32746983,9.32746983,6110
2012-11-13,9.32746983,9.32746983,9.32746983,9.32746983,0
2012-11-14,9.56474781,9.56474781,9.56474781,9.56474781,977
2012-11-16,9.77748013,9.81838989,9.65474987,9.65474987,5988
2012-11-19,9.82657242,9.82657242,9.73657036,9.73657036,7577
2012-11-21,9.83475399,9.84293556,9.83475399,9.84293556,1344
2012-11-22,9.84293556,9.84293556,9.84293556,9.84293556,1588
2012-11-23,9.90021038,9.90021038,9.90021038,9.90021038,3055
2012-11-26,9.90021038,9.90021038,9.90021038,9.90021038,0
2012-11-27,9.86748219,9.86748219,9.86748219,9.86748219,611
2012-11-28,9.87566376,9.87566376,9.87566376,9.87566376,4277
2012-11-29,9.88384628,9.91657352,9.88384628,9.91657352,2688
2012-11-30,9.90021038,9.90021038,9.88384628,9.88384628,11488
2012-12-03,9.88384628,9.88384628,9.88384628,9.88384628,0
2012-12-04,9.94112015,9.94112015,9.94112015,9.94112015,2444
2012-12-05,9.94112015,9.94112015,9.94112015,9.94112015,0
2012-12-06,10.26839924,10.26839924,10.06384945,10.06384945,3666
2012-12-07,10.22748947,10.22748947,10.22748947,10.22748947,2444
2012-12-10,10.26839924,10.26839924,10.26839924,10.26839924,2444
2012-12-11,10.26839924,10.26839924,10.26839924,10.26839924,0
2012-12-12,10.26839924,10.26839924,10.26839924,10.26839924,0
2012-12-13,10.26839924,10.26839924,10.26839924,10.26839924,0
2012-12-14,10.26839924,10.26839924,10.26839924,10.26839924,0
2012-12-17,10.22748947,10.22748947,10.22748947,10.22748947,207773
2012-12-18,10.22748947,10.22748947,10.22748947,10.22748947,0
2012-12-19,10.22748947,10.22748947,10.22748947,10.22748947,0
2012-12-20,10.22748947,10.22748947,10.22748947,10.22748947,0
2012-12-21,10.22748947,10.22748947,10.22748947,10.22748947,611
2012-12-26,10.22748947,10.22748947,10.22748947,10.22748947,0
2012-12-27,10.22748947,10.22748947,10.22748947,10.22748947,0
2012-12-28,10.53022289,10.53022289,10.53022289,10.53022289,488
2013-01-02,10.53022289,10.53022289,10.53022289,10.53022289,0
2013-01-03,10.53022289,10.53022289,10.53022289,10.53022289,0
2013-01-04,10.53022289,10.53022289,10.53022289,10.53022289,0
2013-01-07,10.53022289,10.53022289,10.53022289,10.53022289,0
2013-01-08,10.53022289,10.53022289,10.53022289,10.53022289,0
2013-01-09,10.53022289,10.53022289,10.53022289,10.53022289,0
2013-01-10,10.53022289,10.53022289,10.53022289,10.53022289,0
2013-01-11,10.53022289,10.53022289,10.53022289,10.53022289,0
2013-01-14,10.53022289,10.53022289,10.53022289,10.53022289,0
2013-01-15,10.22748947,10.22748947,10.22748947,10.22748947,1833
2013-01-16,10.22748947,10.22748947,10.22748947,10.22748947,0
2013-01-17,10.22748947,10.22748947,10.22748947,10.22748947,0
2013-01-18,10.22748947,10.22748947,10.22748947,10.22748947,0
2013-01-21,10.22748947,10.22748947,10.22748947,10.22748947,0
2013-01-22,10.43203926,10.43203926,10.30930901,10.30930901,9166
2013-01-23,10.39112854,10.39112854,10.39112854,10.39112854,6722
2013-01-24,10.43203926,10.43203926,10.39112854,10.39112854,3177
2013-01-28,10.39112854,10.39112854,10.39112854,10.39112854,0
2013-01-29,10.39112854,10.39112854,10.39112854,10.39112854,0
2013-01-30,10.39112854,10.39112854,10.39112854,10.39112854,0
2013-01-31,10.39112854,10.39112854,10.39112854,10.39112854,0
2013-02-01,10.41567516,10.41567516,9.81838989,9.81838989,977
2013-02-04,9.90021038,9.90021038,9.90021038,9.90021038,122
2013-02-05,9.90021038,9.90021038,9.90021038,9.90021038,0
2013-02-06,9.90021038,9.90021038,9.90021038,9.90021038,0
2013-02-07,9.90021038,9.90021038,9.90021038,9.90021038,0
2013-02-08,9.90021038,9.90021038,9.90021038,9.90021038,0
2013-02-13,9.90021038,9.90021038,9.90021038,9.90021038,0
2013-02-14,9.90021038,9.90021038,9.90021038,9.90021038,0
2013-02-15,9.90021038,9.90021038,9.90021038,9.90021038,0
2013-02-18,9.90839195,9.90839195,9.90839195,9.90839195,1466
2013-02-19,9.90839195,9.90839195,9.90839195,9.90839195,0
2013-02-20,9.90839195,9.90839195,9.90839195,9.90839195,0
2013-02-21,10.47294903,10.47294903,10.47294903,10.47294903,488
2013-02-22,10.63658905,10.63658905,10.63658905,10.63658905,1344
2013-02-25,10.63658905,10.63658905,10.63658905,10.63658905,0
2013-02-26,10.63658905,10.63658905,10.63658905,10.63658905,0
2013-02-27,10.67749882,10.67749882,10.67749882,10.67749882,244
2013-02-28,10.67749882,10.67749882,10.67749882,10.67749882,1344
2013-03-01,10.67749882,10.67749882,10.67749882,10.67749882,0
2013-03-04,10.67749882,10.67749882,10.67749882,10.67749882,0
2013-03-05,10.67749882,10.67749882,10.67749882,10.67749882,0
2013-03-06,10.67749882,10.67749882,10.67749882,10.67749882,0
2013-03-07,11.82778645,11.82778645,11.82778645,11.82778645,0
2013-03-08,11.82778645,11.82778645,11.82778645,11.82778645,0
2013-03-11,11.32929707,11.32929707,11.32929707,11.32929707,551
2013-03-12,11.32929707,11.32929707,11.32929707,11.32929707,0
2013-03-13,11.32929707,11.32929707,11.32929707,11.32929707,0
2013-03-14,11.32929707,11.32929707,11.32929707,11.32929707,0
2013-03-15,11.32929707,11.32929707,11.32929707,11.32929707,0
2013-03-18,11.32929707,11.32929707,11.32929707,11.32929707,0
2013-03-19,11.55588341,11.55588341,11.23866177,11.23866177,220
2013-03-20,11.05739403,11.14802837,11.05739403,11.05739403,772
2013-03-21,11.05739403,11.05739403,11.05739403,11.05739403,0
2013-03-22,10.6042223,11.23866177,10.6042223,11.23866177,331
2013-03-25,11.23866177,11.23866177,11.23866177,11.23866177,0
2013-03-26,11.19334507,11.19334507,10.64953899,10.64953899,662
2013-03-27,11.1842823,11.1842823,11.1842823,11.1842823,441
2013-03-28,11.10271072,11.10271072,11.10271072,11.10271072,2206
2013-04-01,11.1842823,11.1842823,11.1842823,11.1842823,0
2013-04-02,11.1842823,11.1842823,11.1842823,11.1842823,0
2013-04-03,11.1842823,11.1842823,11.1842823,11.1842823,0
2013-04-04,11.1842823,11.1842823,11.1842823,11.1842823,0
2013-04-05,11.093647,11.093647,11.093647,11.093647,1655
2013-04-08,11.093647,11.093647,11.093647,11.093647,0
2013-04-09,11.093647,11.093647,11.093647,11.093647,0
2013-04-10,11.093647,11.093647,11.093647,11.093647,0
2013-04-11,11.08458424,11.08458424,11.08458424,11.08458424,1986
2013-04-12,11.08458424,11.08458424,11.08458424,11.08458424,0
2013-04-15,11.093647,11.23866177,11.093647,11.23866177,551
2013-04-16,11.23866177,11.23866177,11.23866177,11.23866177,0
2013-04-17,11.23866177,11.23866177,11.23866177,11.23866177,0
2013-04-18,11.23866177,11.23866177,11.23866177,11.23866177,0
2013-04-19,11.23866177,11.23866177,11.23866177,11.23866177,0
2013-04-22,11.23866177,11.23866177,11.23866177,11.23866177,0
2013-04-23,11.23866177,11.23866177,11.23866177,11.23866177,0
2013-04-24,11.229599,11.229599,11.229599,11.229599,3089
2013-04-25,11.229599,11.229599,11.229599,11.229599,0
2013-04-26,11.229599,11.229599,11.229599,11.229599,0
2013-04-29,11.229599,11.229599,11.229599,11.229599,0
2013-04-30,11.23866177,11.23866177,11.23866177,11.23866177,2427
2013-05-02,11.23866177,11.23866177,11.23866177,11.23866177,0
2013-05-03,11.23866177,11.23866177,11.23866177,11.23866177,0
2013-05-06,11.23866177,11.23866177,11.23866177,11.23866177,0
2013-05-07,11.23866177,11.23866177,11.23866177,11.23866177,0
2013-05-08,11.23866177,11.23866177,11.23866177,11.23866177,0
2013-05-09,11.23866177,11.23866177,11.23866177,11.23866177,0
2013-05-10,11.23866177,11.23866177,11.23866177,11.23866177,0
2013-05-13,11.23866177,11.23866177,11.23866177,11.23866177,0
2013-05-14,11.23866177,11.23866177,11.23866177,11.23866177,0
2013-05-15,11.23866177,11.23866177,11.23866177,11.23866177,0
2013-05-16,11.23866177,11.23866177,11.23866177,11.23866177,0
2013-05-17,11.23866177,11.23866177,11.23866177,11.23866177,0
2013-05-20,11.23866177,11.23866177,11.23866177,11.23866177,0
2013-05-21,11.23866177,11.23866177,11.23866177,11.23866177,0
2013-05-22,11.26585293,11.26585293,11.26585293,11.26585293,110
2013-05-23,11.26585293,11.26585293,11.26585293,11.26585293,0
2013-05-24,11.26585293,11.26585293,11.26585293,11.26585293,0
2013-05-27,11.26585293,11.26585293,11.26585293,11.26585293,0
2013-05-28,11.44712067,11.7824688,11.44712067,11.77340508,331
2013-05-29,11.77340508,11.77340508,11.77340508,11.77340508,0
2013-05-31,11.77340508,11.77340508,11.77340508,11.77340508,0
2013-06-03,11.77340508,11.77340508,11.77340508,11.77340508,0
2013-06-04,12.04530811,12.68881226,10.87612534,10.87612534,772
2013-06-05,11.6012001,11.6012001,11.6012001,11.6012001,220
2013-06-06,11.6012001,11.6012001,11.6012001,11.6012001,0
2013-06-07,11.32929707,11.69183445,11.32929707,11.69183445,1765
2013-06-10,11.69183445,11.69183445,11.69183445,11.69183445,0
2013-06-11,11.69183445,11.69183445,11.69183445,11.69183445,0
2013-06-12,11.69183445,11.69183445,11.69183445,11.69183445,0
2013-06-13,11.51056576,11.7824688,11.46524811,11.46524811,1434
2013-06-14,11.46524811,11.46524811,11.46524811,11.46524811,0
2013-06-17,11.46524811,11.46524811,11.46524811,11.46524811,0
2013-06-18,11.32929707,11.69183445,11.32929707,11.69183445,441
2013-06-19,11.69183445,11.69183445,11.69183445,11.69183445,0
2013-06-20,10.89425182,10.89425182,10.89425182,10.89425182,662
2013-06-21,10.89425182,10.89425182,10.89425182,10.89425182,0
2013-06-24,10.89425182,10.89425182,10.89425182,10.89425182,0
2013-06-25,11.51056576,11.51056576,10.96675873,10.96675873,2979
2013-06-26,10.96675873,10.96675873,10.96675873,10.96675873,0
2013-06-27,10.96675873,10.96675873,10.96675873,10.96675873,0
2013-06-28,10.96675873,10.96675873,10.89425182,10.89425182,1324
2013-07-01,10.96675873,10.96675873,10.87612534,10.87612534,5516
2013-07-02,10.69485569,10.69485569,10.69485569,10.69485569,17432
2013-07-03,10.42295265,10.42295265,10.42295265,10.42295265,7502
2013-07-04,10.42295265,10.42295265,10.42295265,10.42295265,0
2013-07-05,10.42295265,10.42295265,10.42295265,10.42295265,0
2013-07-08,10.42295265,10.42295265,10.42295265,10.42295265,0
2013-07-10,10.64953899,10.64953899,10.64953899,10.64953899,1765
2013-07-11,10.64953899,10.64953899,10.64953899,10.64953899,0
2013-07-12,10.64953899,10.64953899,10.64953899,10.64953899,0
2013-07-15,10.64953899,10.64953899,10.64953899,10.64953899,1986
2013-07-16,11.32929707,11.32929707,11.10271072,11.10271072,6620
2013-07-17,11.10271072,11.10271072,11.10271072,11.10271072,0
2013-07-18,11.10271072,11.10271072,11.10271072,11.10271072,0
2013-07-19,11.10271072,11.10271072,11.10271072,11.10271072,5406
2013-07-22,10.87612534,10.87612534,10.87612534,10.87612534,2427
2013-07-23,11.11177444,11.11177444,11.11177444,11.11177444,1875
2013-07-24,11.11177444,11.11177444,11.11177444,11.11177444,0
2013-07-25,11.11177444,11.11177444,11.11177444,11.11177444,0
2013-07-26,11.11177444,11.11177444,11.11177444,11.11177444,0
2013-07-29,11.11177444,11.11177444,11.11177444,11.11177444,220
2013-07-30,11.11177444,11.11177444,11.11177444,11.11177444,331
2013-07-31,11.11177444,11.11177444,11.11177444,11.11177444,331
2013-08-01,11.11177444,11.11177444,11.11177444,11.11177444,0
2013-08-02,11.11177444,11.11177444,11.11177444,11.11177444,331
2013-08-05,10.513587,10.513587,9.97884464,10.15104961,5847
2013-08-06,9.87914658,9.87914658,9.51660919,9.51660919,27693
2013-08-07,9.51660919,9.51660919,9.51660919,9.51660919,331
2013-08-08,9.25376987,9.25376987,9.24470615,9.24470615,2427
2013-08-09,10.33231926,10.33231926,10.33231926,10.33231926,551
2013-08-12,11.46524811,11.46524811,11.46524811,11.46524811,331
2013-08-13,11.46524811,11.46524811,11.46524811,11.46524811,772
2013-08-14,11.10271072,11.10271072,11.10271072,11.10271072,882
2013-08-15,11.46524811,11.46524811,11.46524811,11.46524811,1103
2013-08-16,11.46524811,11.46524811,11.46524811,11.46524811,0
2013-08-19,11.10271072,11.10271072,11.10271072,11.10271072,2317
2013-08-20,11.10271072,11.10271072,11.10271072,11.10271072,0
2013-08-21,11.10271072,11.10271072,11.10271072,11.10271072,0
2013-08-22,11.10271072,11.10271072,11.10271072,11.10271072,0
2013-08-23,11.10271072,11.10271072,11.10271072,11.10271072,0
2013-08-26,11.10271072,11.10271072,11.10271072,11.10271072,0
2013-08-27,11.10271072,11.10271072,11.10271072,11.10271072,0
2013-08-28,11.10271072,11.10271072,11.10271072,11.10271072,0
2013-08-29,11.10271072,11.10271072,11.10271072,11.10271072,0
2013-08-30,11.10271072,11.10271072,11.10271072,11.10271072,0
2013-09-02,11.10271072,11.10271072,11.10271072,11.10271072,3310
2013-09-03,11.10271072,11.10271072,11.10271072,11.10271072,0
2013-09-04,11.10271072,11.10271072,11.10271072,11.10271072,0
2013-09-05,11.10271072,11.10271072,11.10271072,11.10271072,0
2013-09-06,11.10271072,11.10271072,11.10271072,11.10271072,0
2013-09-09,11.10271072,11.10271072,11.10271072,11.10271072,0
2013-09-10,11.10271072,11.10271072,11.10271072,11.10271072,0
2013-09-11,11.10271072,11.10271072,11.10271072,11.10271072,0
2013-09-12,11.10271072,11.10271072,11.10271072,11.10271072,0
2013-09-13,11.32929707,11.32929707,11.32929707,11.32929707,3420
2013-09-16,11.32929707,11.32929707,11.32929707,11.32929707,0
2013-09-17,11.32929707,11.32929707,11.32929707,11.32929707,0
2013-09-18,11.32929707,11.32929707,11.32929707,11.32929707,0
2013-09-19,11.19334507,11.19334507,11.14802837,11.14802837,5847
2013-09-20,11.14802837,11.14802837,11.14802837,11.14802837,0
2013-09-23,9.96978092,9.96978092,9.96978092,9.96978092,6509
2013-09-24,9.96978092,9.96978092,9.96978092,9.96978092,0
2013-09-25,10.42295265,10.42295265,10.42295265,10.42295265,662
2013-09-26,10.19636726,10.19636726,9.96978092,10.05135155,8826
2013-09-27,10.42295265,10.42295265,10.19636726,10.19636726,2758
2013-09-30,10.42295265,10.42295265,10.19636726,10.19636726,1875
2013-10-01,9.96978092,10.42295265,9.26283264,9.26283264,7282
2013-10-02,9.60724354,9.96978092,9.60724354,9.60724354,2427
2013-10-03,9.24470615,9.95165443,9.24470615,9.24470615,7944
2013-10-04,9.24470615,9.24470615,9.24470615,9.24470615,0
2013-10-07,9.24470615,9.24470615,9.24470615,9.24470615,0
2013-10-08,9.24470615,9.24470615,9.24470615,9.24470615,0
2013-10-09,9.65256119,9.66162395,9.65256119,9.66162395,3089
2013-10-10,9.33533955,9.33533955,9.33533955,9.33533955,1103
2013-10-11,9.33533955,9.33533955,9.33533955,9.33533955,3310
2013-10-14,9.24470615,9.24470615,9.24470615,9.24470615,3310
2013-10-15,9.24470615,9.24470615,9.24470615,9.24470615,0
2013-10-16,9.24470615,9.24470615,9.24470615,9.24470615,0
2013-10-17,10.15104961,10.15104961,10.15104961,10.15104961,1103
2013-10-18,10.15104961,10.15104961,10.15104961,10.15104961,1434
2013-10-21,10.87612534,11.19334507,10.87612534,11.19334507,6068
2013-10-22,11.23866177,11.28398037,11.19334507,11.19334507,3420
2013-10-23,11.14802837,11.14802837,11.14802837,11.14802837,5516
2013-10-24,11.14802837,11.14802837,11.14802837,11.14802837,0
2013-10-25,11.19334507,11.19334507,11.05739403,11.05739403,7723
2013-10-28,11.05739403,11.05739403,11.05739403,11.05739403,0
2013-10-29,11.05739403,11.05739403,11.05739403,11.05739403,0
2013-10-30,11.05739403,11.05739403,11.05739403,11.05739403,0
2013-10-31,11.05739403,11.05739403,11.05739403,11.05739403,0
2013-11-01,11.05739403,11.05739403,11.05739403,11.05739403,0
2013-11-04,11.05739403,11.05739403,11.05739403,11.05739403,0
2013-11-05,11.05739403,11.05739403,11.05739403,11.05739403,0
2013-11-06,11.05739403,11.05739403,11.05739403,11.05739403,0
2013-11-07,11.05739403,11.05739403,11.05739403,11.05739403,0
2013-11-08,11.05739403,11.05739403,11.05739403,11.05739403,0
2013-11-11,11.05739403,11.05739403,11.05739403,11.05739403,0
2013-11-12,11.05739403,11.05739403,11.05739403,11.05739403,0
2013-11-13,11.05739403,11.05739403,11.05739403,11.05739403,0
2013-11-14,11.32929707,11.32929707,11.32929707,11.32929707,1103
2013-11-18,11.31116962,11.31116962,11.14802837,11.14802837,4413
2013-11-19,11.14802837,11.14802837,11.14802837,11.14802837,0
2013-11-21,11.10271072,11.10271072,10.6042223,10.6042223,7723
2013-11-22,10.6042223,10.6042223,10.6042223,10.6042223,0
2013-11-25,11.14802837,11.14802837,11.05739403,11.05739403,5516
2013-11-26,11.05739403,11.05739403,11.05739403,11.05739403,0
2013-11-27,10.69485569,10.69485569,10.69485569,10.69485569,662
2013-11-28,11.05739403,11.05739403,11.05739403,11.05739403,2206
2013-11-29,10.70392036,10.70392036,10.69485569,10.69485569,1875
2013-12-02,10.69485569,10.69485569,10.69485569,10.69485569,993
2013-12-03,11.32929707,11.32929707,11.32929707,11.32929707,1103
2013-12-04,11.32929707,11.32929707,11.32929707,11.32929707,0
2013-12-05,10.69485569,11.23866177,10.69485569,10.96675873,5185
2013-12-06,10.87612534,10.87612534,10.87612534,10.87612534,2317
2013-12-09,10.87612534,10.87612534,10.87612534,10.87612534,0
2013-12-10,10.87612534,10.87612534,10.69485569,10.69485569,7723
2013-12-11,10.87612534,10.87612534,10.69485569,10.87612534,7502
2013-12-12,10.87612534,10.87612534,10.87612534,10.87612534,0
2013-12-13,10.87612534,10.87612534,10.64953899,10.64953899,6620
2013-12-16,10.87612534,10.87612534,10.513587,10.513587,1655
2013-12-17,10.513587,10.513587,10.513587,10.513587,5516
2013-12-18,10.69485569,10.69485569,10.69485569,10.69485569,6068
2013-12-19,10.64953899,10.64953899,10.6042223,10.6042223,3641
2013-12-20,11.05739403,11.05739403,10.64953899,10.64953899,4303
2013-12-23,10.69485569,10.69485569,10.69485569,10.69485569,5516
2013-12-26,10.69485569,10.69485569,10.69485569,10.69485569,0
2013-12-27,10.69485569,10.69485569,10.69485569,10.69485569,0
2013-12-30,10.69485569,10.69485569,10.69485569,10.69485569,0
2014-01-02,10.69485569,10.69485569,10.69485569,10.69485569,0
2014-01-03,10.69485569,10.69485569,10.69485569,10.69485569,0
2014-01-06,10.69485569,10.69485569,10.69485569,10.69485569,0
2014-01-07,11.05739403,11.05739403,11.05739403,11.05739403,110
2014-01-08,11.05739403,11.05739403,11.05739403,11.05739403,1655
2014-01-09,10.96675873,10.96675873,10.96675873,10.96675873,1103
2014-01-10,11.41993141,11.41993141,11.05739403,11.05739403,4413
2014-01-13,11.23866177,11.23866177,11.23866177,11.23866177,4634
2014-01-14,11.23866177,11.23866177,11.23866177,11.23866177,882
2014-01-15,11.23866177,11.32023335,11.23866177,11.23866177,5516
2014-01-16,11.23866177,11.23866177,11.23866177,11.23866177,1544
2014-01-17,11.23866177,11.23866177,11.23866177,11.23866177,0
2014-01-20,11.23866177,11.23866177,11.23866177,11.23866177,0
2014-01-21,11.10271072,11.32929707,11.10271072,11.32929707,8826
2014-01-22,11.32929707,11.32929707,11.32929707,11.32929707,0
2014-01-23,11.32929707,11.32929707,11.32929707,11.32929707,0
2014-01-24,11.37461376,11.37461376,11.10271072,11.10271072,5516
2014-01-27,11.10271072,11.10271072,11.10271072,11.10271072,0
2014-01-28,10.96675873,10.96675873,10.64953899,10.64953899,3641
2014-01-29,11.01207638,11.23866177,11.01207638,11.23866177,5516
2014-01-30,10.96675873,10.96675873,10.87612534,10.87612534,9378
2014-01-31,10.87612534,10.87612534,10.87612534,10.87612534,0
2014-02-03,10.87612534,10.87612534,10.87612534,10.87612534,0
2014-02-04,10.87612534,10.87612534,10.87612534,10.87612534,0
2014-02-05,10.87612534,10.87612534,10.87612534,10.87612534,0
2014-02-06,10.87612534,10.87612534,10.87612534,10.87612534,0
2014-02-07,10.87612534,10.87612534,10.87612534,10.87612534,0
2014-02-10,10.87612534,10.87612534,10.87612534,10.87612534,0
2014-02-11,10.87612534,10.87612534,10.87612534,10.87612534,0
2014-02-12,10.87612534,10.87612534,10.87612534,10.87612534,0
2014-02-13,10.87612534,10.87612534,10.87612534,10.87612534,8826
2014-02-14,10.87612534,10.87612534,10.87612534,10.87612534,11033
2014-02-17,10.87612534,10.87612534,10.87612534,10.87612534,0
2014-02-18,10.87612534,10.87612534,10.87612534,10.87612534,2206
2014-02-19,10.87612534,10.87612534,10.87612534,10.87612534,0
2014-02-20,10.87612534,10.87612534,10.87612534,10.87612534,0
2014-02-21,10.87612534,10.87612534,10.87612534,10.87612534,4413
2014-02-24,10.87612534,10.87612534,10.87612534,10.87612534,0
2014-02-25,10.87612534,10.87612534,10.87612534,10.87612534,0
2014-02-26,10.87612534,10.87612534,10.87612534,10.87612534,0
2014-02-27,10.87612534,10.87612534,10.87612534,10.87612534,0
2014-02-28,10.87612534,10.87612534,10.87612534,10.87612534,0
2014-03-05,10.87612534,10.87612534,10.87612534,10.87612534,0
2014-03-06,10.87612534,10.87612534,10.87612534,10.87612534,0
2014-03-07,9.96978092,9.96978092,9.96978092,9.96978092,3310
2014-03-10,9.96978092,9.96978092,9.96978092,9.96978092,0
2014-03-11,9.96978092,9.96978092,9.96978092,9.96978092,0
2014-03-12,9.96978092,9.96978092,9.96978092,9.96978092,0
2014-03-13,9.96978092,9.96978092,9.96978092,9.96978092,0
2014-03-14,10.19636726,10.19636726,10.19636726,10.19636726,2206
2014-03-17,10.513587,10.513587,10.513587,10.513587,2206
2014-03-18,10.20543003,10.20543003,9.70694065,9.70694065,441
2014-03-19,9.70694065,9.70694065,9.70694065,9.70694065,0
2014-03-20,9.70694065,9.70694065,9.70694065,9.70694065,0
2014-03-21,9.70694065,9.70694065,9.70694065,9.70694065,0
2014-03-24,9.70694065,9.70694065,9.70694065,9.70694065,0
2014-03-25,9.70694065,9.70694065,9.70694065,9.70694065,0
2014-03-26,9.70694065,9.70694065,9.70694065,9.70694065,0
2014-03-27,9.70694065,9.70694065,9.70694065,9.70694065,0
2014-03-28,9.70694065,9.70694065,9.70694065,9.70694065,0
2014-03-31,9.70694065,9.70694065,9.70694065,9.70694065,0
2014-04-01,9.70694065,9.70694065,9.70694065,9.70694065,0
2014-04-02,9.70694065,9.70694065,9.70694065,9.70694065,0
2014-04-03,9.70694065,9.70694065,9.70694065,9.70694065,0
2014-04-04,9.70694065,9.70694065,9.70694065,9.70694065,0
2014-04-07,9.70694065,9.70694065,9.70694065,9.70694065,0
2014-04-08,9.70694065,9.70694065,9.70694065,9.70694065,0
2014-04-09,9.70694065,9.70694065,9.69787788,9.69787788,662
2014-04-10,9.69787788,9.69787788,9.69787788,9.69787788,0
2014-04-11,9.96978092,10.42295265,9.96978092,10.42295265,2317
2014-04-14,10.42295265,10.42295265,10.42295265,10.42295265,0
2014-04-15,9.96978092,9.96978092,9.96978092,9.96978092,2427
2014-04-16,9.96978092,9.96978092,9.96978092,9.96978092,0
2014-04-17,9.96978092,9.96978092,9.96978092,9.96978092,0
2014-04-22,9.96978092,9.96978092,9.96978092,9.96978092,0
2014-04-23,10.15104961,10.15104961,10.15104961,10.15104961,993
2014-04-24,10.15104961,10.15104961,10.15104961,10.15104961,3530
2014-04-25,10.15104961,10.15104961,10.15104961,10.15104961,0
2014-04-28,10.15104961,10.15104961,10.15104961,10.15104961,0
2014-04-29,11.7824688,11.7824688,11.7824688,11.7824688,220
2014-04-30,11.7824688,11.7824688,11.7824688,11.7824688,0
2014-05-02,11.7824688,11.7824688,11.7824688,11.7824688,0
2014-05-05,11.7824688,11.7824688,11.7824688,11.7824688,0
2014-05-06,11.7824688,11.7824688,11.7824688,11.7824688,0
2014-05-07,11.7824688,11.7824688,11.7824688,11.7824688,0
2014-05-08,11.7824688,11.7824688,11.7824688,11.7824688,0
2014-05-09,11.7824688,11.7824688,11.7824688,11.7824688,0
2014-05-12,11.7824688,11.7824688,11.7824688,11.7824688,0
2014-05-13,11.7824688,11.7824688,11.7824688,11.7824688,0
2014-05-14,11.7824688,11.7824688,11.7824688,11.7824688,0
2014-05-15,11.7824688,11.7824688,11.7824688,11.7824688,0
2014-05-16,11.7824688,11.7824688,11.7824688,11.7824688,0
2014-05-19,11.7824688,11.7824688,11.7824688,11.7824688,0
2014-05-20,11.7824688,11.7824688,11.7824688,11.7824688,0
2014-05-21,10.15104961,10.15104961,10.15104961,10.15104961,441
2014-05-22,10.15104961,10.15104961,10.15104961,10.15104961,0
2014-05-23,10.15104961,10.15104961,10.15104961,10.15104961,0
2014-05-26,10.15104961,10.15104961,10.15104961,10.15104961,0
2014-05-27,10.15104961,10.15104961,10.15104961,10.15104961,0
2014-05-28,10.15104961,10.15104961,10.15104961,10.15104961,0
2014-05-29,10.15104961,10.15104961,10.15104961,10.15104961,0
2014-05-30,10.15104961,10.15104961,10.15104961,10.15104961,0
2014-06-02,10.42295265,10.64953899,10.42295265,10.64953899,220
2014-06-03,10.87612534,11.32023335,10.76736355,10.76736355,4854
2014-06-04,10.76736355,10.76736355,10.76736355,10.76736355,0
2014-06-05,9.87914658,10.24168396,9.87914658,9.87914658,551
2014-06-06,9.96978092,9.96978092,9.96978092,9.96978092,220
2014-06-09,9.78851223,9.96978092,9.78851223,9.96978092,331
2014-06-10,9.96978092,9.96978092,9.96978092,9.96978092,0
2014-06-11,9.96978092,9.96978092,9.96978092,9.96978092,1103
2014-06-13,9.96978092,9.96978092,9.96978092,9.96978092,0
2014-06-16,9.96978092,9.96978092,9.96978092,9.96978092,110
2014-06-17,9.96978092,9.96978092,9.96978092,9.96978092,0
2014-06-18,9.96978092,9.96978092,9.96978092,9.96978092,0
2014-06-20,9.96978092,9.96978092,9.96978092,9.96978092,220
2014-06-23,9.96978092,9.96978092,9.96978092,9.96978092,0
2014-06-24,9.96978092,9.96978092,9.96978092,9.96978092,0
2014-06-25,9.96978092,9.96978092,9.96978092,9.96978092,0
2014-06-26,9.96978092,9.96978092,9.96978092,9.96978092,0
2014-06-27,9.96978092,9.96978092,9.96978092,9.96978092,0
2014-06-30,9.96978092,9.96978092,9.96978092,9.96978092,0
2014-07-01,9.96978092,9.96978092,9.96978092,9.96978092,0
2014-07-02,9.96978092,9.96978092,9.96978092,9.96978092,0
2014-07-03,9.96978092,9.96978092,9.96978092,9.96978092,0
2014-07-04,9.96978092,9.96978092,9.96978092,9.96978092,0
2014-07-07,9.92446423,9.92446423,9.51660919,9.51660919,1544
2014-07-08,9.51660919,9.51660919,9.51660919,9.51660919,0
2014-07-10,9.07250118,9.07250118,9.06343746,9.06343746,331
2014-07-11,9.51660919,10.87612534,9.51660919,10.42295265,4192
2014-07-14,10.42295265,10.4682703,10.42295265,10.4682703,2317
2014-07-15,10.4682703,10.87612534,10.4682703,10.87612534,2427
2014-07-16,10.42295265,10.42295265,10.42295265,10.42295265,1765
2014-07-17,10.42295265,10.42295265,10.42295265,10.42295265,0
2014-07-18,10.42295265,10.42295265,10.42295265,10.42295265,0
2014-07-21,10.33231926,10.33231926,10.33231926,10.33231926,1103
2014-07-22,10.24168396,10.24168396,10.24168396,10.24168396,1103
2014-07-23,10.24168396,10.24168396,10.24168396,10.24168396,0
2014-07-24,10.37763596,10.37763596,10.37763596,10.37763596,110
2014-07-25,10.15104961,10.22355747,10.06041527,10.22355747,1213
2014-07-28,10.24168396,10.24168396,10.24168396,10.24168396,110
2014-07-29,10.24168396,10.24168396,10.24168396,10.24168396,0
2014-07-30,10.24168396,10.24168396,10.24168396,10.24168396,0
2014-07-31,10.24168396,10.24168396,10.24168396,10.24168396,0
2014-08-01,10.27793789,10.27793789,10.15104961,10.15104961,2427
2014-08-04,10.15104961,10.15104961,10.15104961,10.15104961,0
2014-08-05,10.22355747,10.22355747,10.22355747,10.22355747,662
2014-08-06,10.22355747,10.22355747,10.22355747,10.22355747,0
2014-08-07,10.22355747,10.22355747,10.22355747,10.22355747,0
2014-08-08,10.22355747,10.22355747,10.22355747,10.22355747,220
2014-08-11,10.22355747,10.22355747,10.22355747,10.22355747,0
2014-08-12,10.22355747,10.22355747,10.22355747,10.22355747,0
2014-08-13,10.22355747,10.22355747,10.22355747,10.22355747,0
2014-08-14,10.22355747,10.22355747,10.22355747,10.22355747,0
2014-08-15,10.22355747,10.22355747,10.22355747,10.22355747,0
2014-08-18,10.42295265,10.42295265,10.42295265,10.42295265,6840
2014-08-19,11.32929707,11.77340508,11.32929707,11.32929747,15446
2014-08-20,11.10271072,11.10271072,11.10271072,11.10271072,8826
2014-08-21,11.10271072,11.10271072,11.10271072,11.10271072,0
2014-08-22,11.55588341,11.55588341,11.51056576,11.51056576,4413
2014-08-25,11.14802837,11.14802837,11.14802837,11.14802837,1103
2014-08-26,11.41993141,11.41993141,11.14802837,11.19334507,4854
2014-08-27,11.32929707,11.32929707,11.23866177,11.23866177,2206
2014-08-28,11.23866177,11.23866177,11.23866177,11.23866177,0
2014-08-29,11.32929707,11.32929707,11.32929707,11.32929707,220
2014-09-01,11.32929707,11.41993141,11.32929707,11.41993141,441
2014-09-02,11.41993141,11.51056576,11.41993141,11.51056576,1103
2014-09-03,11.41993141,11.7824688,11.41993141,11.69183445,12026
2014-09-04,11.69183445,11.69183445,11.6012001,11.6012001,3310
2014-09-05,11.41993141,11.41993141,11.41993141,11.41993141,551
2014-09-08,11.55588341,11.55588341,11.37461376,11.37461376,331
2014-09-09,11.37461376,11.6012001,11.37461376,11.6012001,3972
2014-09-10,11.41993141,11.41993141,11.41993141,11.41993141,4744
2014-09-11,11.42899513,11.42899513,11.42899513,11.42899513,2537
2014-09-12,11.41993141,11.41993141,11.41993141,11.41993141,4413
2014-09-15,11.6465168,11.87310314,11.6465168,11.87310314,1324
2014-09-16,11.7824688,12.19032288,11.7824688,12.19032288,8164
2014-09-17,12.09968853,12.09968853,12.09968853,12.09968853,1103
2014-09-18,12.09968853,12.09968853,12.09968853,12.09968853,0
2014-09-19,12.05437183,12.14500618,12.05437183,12.14500618,1213
2014-09-22,12.14500618,12.14500618,12.13594341,12.13594341,772
2014-09-23,12.14500618,12.23564053,12.14500618,12.23564053,1875
2014-09-24,12.23564053,12.23564053,12.23564053,12.23564053,0
2014-09-25,12.19032288,12.19032288,12.19032288,12.19032288,1765
2014-09-26,12.19032288,12.19032288,12.19032288,12.19032288,0
2014-09-29,12.23564053,12.28095818,12.23564053,12.28095818,8385
2014-09-30,12.28095818,12.28095818,12.28095818,12.28095818,0
2014-10-01,12.28095818,12.28095818,12.28095818,12.28095818,0
2014-10-02,12.00905514,12.23564053,12.00905514,12.05437183,4634
2014-10-03,12.05437183,12.05437183,12.05437183,12.05437183,0
2014-10-06,12.05437183,12.05437183,12.05437183,12.05437183,0
2014-10-07,12.05437183,12.05437183,12.05437183,12.05437183,0
2014-10-08,12.23564053,12.23564053,12.23564053,12.23564053,1103
2014-10-09,12.23564053,12.23564053,12.23564053,12.23564053,0
2014-10-10,12.23564053,12.23564053,12.23564053,12.23564053,0
2014-10-13,12.23564053,12.23564053,12.23564053,12.23564053,0
2014-10-14,12.23564053,12.23564053,12.23564053,12.23564053,0
2014-10-15,12.23564053,12.23564053,12.23564053,12.23564053,0
2014-10-16,12.23564053,12.23564053,12.23564053,12.23564053,0
2014-10-17,12.23564053,12.23564053,12.23564053,12.23564053,0
2014-10-20,12.23564053,12.23564053,12.23564053,12.23564053,0
2014-10-21,11.41993141,11.41993141,11.41993141,11.41993141,10371
2014-10-22,11.41993141,11.41993141,11.41993141,11.41993141,0
2014-10-23,11.41993141,11.41993141,11.41993141,11.41993141,0
2014-10-24,11.41993141,11.41993141,11.41993141,11.41993141,0
2014-10-27,11.7824688,11.7824688,11.7824688,11.7824688,551
2014-10-28,11.7824688,11.7824688,11.7824688,11.7824688,0
2014-10-29,11.7824688,11.7824688,11.7824688,11.7824688,0
2014-10-30,11.7824688,11.7824688,11.7824688,11.7824688,0
2014-10-31,11.7824688,11.7824688,11.7824688,11.7824688,0
2014-11-03,11.7824688,11.7824688,11.7824688,11.7824688,0
2014-11-04,11.7824688,11.7824688,11.7824688,11.7824688,0
2014-11-05,11.7824688,11.7824688,11.7824688,11.7824688,0
2014-11-06,11.7824688,11.7824688,11.7824688,11.7824688,0
2014-11-07,11.7824688,11.7824688,11.7824688,11.7824688,0
2014-11-10,11.7824688,11.7824688,11.7824688,11.7824688,0
2014-11-11,11.7824688,11.7824688,11.7824688,11.7824688,0
2014-11-12,11.7824688,11.7824688,11.7824688,11.7824688,0
2014-11-13,11.7824688,11.7824688,11.7824688,11.7824688,0
2014-11-14,11.7824688,11.7824688,11.7824688,11.7824688,0
2014-11-17,11.7824688,11.7824688,11.7824688,11.7824688,0
2014-11-18,11.7824688,11.7824688,11.7824688,11.7824688,0
2014-11-19,11.7824688,11.7824688,11.7824688,11.7824688,0
2014-11-21,11.7824688,11.7824688,11.7824688,11.7824688,0
2014-11-24,11.7824688,11.7824688,11.7824688,11.7824688,0
2014-11-25,11.7824688,11.7824688,11.7824688,11.7824688,0
2014-11-26,11.7824688,11.7824688,11.7824688,11.7824688,0
2014-11-27,11.7824688,11.7824688,11.7824688,11.7824688,0
2014-11-28,11.7824688,11.7824688,11.7824688,11.7824688,0
2014-12-01,11.7824688,11.7824688,11.7824688,11.7824688,0
2014-12-02,11.7824688,11.7824688,11.7824688,11.7824688,0
2014-12-03,11.7824688,11.7824688,11.7824688,11.7824688,0
2014-12-04,12.46222591,12.46222591,12.46222591,12.46222591,110
2014-12-05,12.46222591,12.46222591,12.46222591,12.46222591,0
2014-12-08,12.46222591,12.46222591,12.46222591,12.46222591,0
2014-12-09,12.46222591,12.46222591,12.46222591,12.46222591,0
2014-12-10,12.46222591,12.46222591,12.46222591,12.46222591,0
2014-12-11,12.46222591,12.46222591,12.46222591,12.46222591,0
2014-12-12,12.46222591,12.46222591,12.46222591,12.46222591,0
2014-12-15,12.46222591,12.46222591,12.46222591,12.46222591,0
2014-12-16,12.46222591,12.46222591,12.46222591,12.46222591,0
2014-12-17,12.46222591,12.46222591,12.46222591,12.46222591,0
2014-12-18,12.46222591,12.46222591,12.46222591,12.46222591,0
2014-12-19,12.46222591,12.46222591,12.46222591,12.46222591,0
2014-12-22,12.46222591,12.46222591,12.46222591,12.46222591,0
2014-12-23,12.46222591,12.46222591,12.46222591,12.46222591,0
2014-12-26,12.46222591,12.46222591,12.46222591,12.46222591,0
2014-12-29,12.46222591,12.46222591,12.46222591,12.46222591,0
2014-12-30,12.46222591,12.46222591,12.46222591,12.46222591,0
2015-01-02,12.46222591,12.46222591,12.46222591,12.46222591,0
2015-01-05,10.20543003,10.33231926,10.20543003,10.33231926,220
2015-01-06,10.33231926,10.33231926,10.33231926,10.33231926,0
2015-01-07,10.33231926,10.33231926,10.33231926,10.33231926,0
2015-01-08,10.33231926,10.33231926,10.33231926,10.33231926,0
2015-01-09,10.33231926,10.33231926,10.33231926,10.33231926,0
2015-01-12,10.33231926,10.33231926,10.33231926,10.33231926,0
2015-01-13,10.33231926,10.33231926,10.33231926,10.33231926,0
2015-01-14,10.19636726,10.19636726,9.96978092,9.96978092,11805
2015-01-15,9.96978092,9.96978092,9.96978092,9.96978092,0
2015-01-16,9.96978092,9.96978092,9.96978092,9.96978092,0
2015-01-19,10.01509762,10.10573292,10.01509762,10.01509762,9599
2015-01-20,10.01509762,10.01509762,10.01509762,10.01509762,0
2015-01-21,10.01509762,10.01509762,10.01509762,10.01509762,0
2015-01-22,10.01509762,10.01509762,10.01509762,10.01509762,0
2015-01-23,9.97884464,9.97884464,9.96978092,9.96978092,4413
2015-01-26,9.96978092,9.96978092,9.96978092,9.96978092,0
2015-01-27,10.00603485,10.00603485,10.00603485,10.00603485,1655
2015-01-28,10.00603485,10.00603485,10.00603485,10.00603485,0
2015-01-29,10.00603485,10.00603485,10.00603485,10.00603485,0
2015-01-30,10.00603485,10.00603485,10.00603485,10.00603485,0
2015-02-02,10.42295265,10.42295265,10.42295265,10.42295265,1103
2015-02-03,10.42295265,10.42295265,10.42295265,10.42295265,0
2015-02-04,10.37763596,10.37763596,10.15104961,10.15104961,5737
2015-02-05,10.15104961,10.15104961,10.15104961,10.15104961,0
2015-02-06,11.10271072,11.10271072,10.87612534,10.87612534,1655
2015-02-09,11.55588341,11.55588341,11.55588341,11.55588341,1765
2015-02-10,11.55588341,11.55588341,11.55588341,11.55588341,0
2015-02-11,11.55588341,11.55588341,11.55588341,11.55588341,0
2015-02-12,11.55588341,11.55588341,11.55588341,11.55588341,0
2015-02-13,11.55588341,11.55588341,11.55588341,11.55588341,1103
2015-02-18,11.55588341,11.55588341,11.55588341,11.55588341,0
2015-02-19,11.55588341,11.55588341,11.55588341,11.55588341,0
2015-02-20,11.55588341,11.55588341,11.55588341,11.55588341,2758
2015-02-23,11.55588341,11.55588341,11.55588341,11.55588341,2758
2015-02-24,11.55588341,11.55588341,11.55588341,11.55588341,0
2015-02-25,11.55588341,11.55588341,11.55588341,11.55588341,0
2015-02-26,11.55588341,11.55588341,11.55588341,11.55588341,0
2015-02-27,11.55588341,11.69183445,11.55588341,11.69183445,6730
2015-03-02,11.69183445,11.69183445,11.69183445,11.69183445,0
2015-03-03,11.69183445,11.69183445,11.69183445,11.69183445,0
2015-03-04,11.69183445,11.69183445,11.69183445,11.69183445,220
2015-03-05,11.69183445,11.69183445,11.69183445,11.69183445,1103
2015-03-06,11.69183445,11.69183445,11.69183445,11.69183445,1103
2015-03-09,11.69183445,11.69183445,11.69183445,11.69183445,0
2015-03-10,11.69183445,11.69183445,11.69183445,11.69183445,0
2015-03-11,11.69183445,11.69183445,11.69183445,11.69183445,0
2015-03-12,11.69183445,11.69183445,11.69183445,11.69183445,0
2015-03-13,11.69183445,11.69183445,11.69183445,11.69183445,1103
2015-03-16,11.69183445,11.69183445,11.69183445,11.69183445,0
2015-03-17,11.69183445,11.69183445,11.69183445,11.69183445,0
2015-03-18,11.69183445,11.69183445,11.6012001,11.6012001,1655
2015-03-19,11.6012001,11.6012001,11.6012001,11.6012001,0
2015-03-20,11.6012001,11.6012001,11.6012001,11.6012001,0
2015-03-23,11.6012001,11.6012001,11.6012001,11.6012001,0
2015-03-24,11.87310314,11.87310314,11.87310314,11.87310314,220
2015-03-25,11.87310314,11.87310314,11.87310314,11.87310314,0
2015-03-26,11.87310314,11.87310314,11.87310314,11.87310314,0
2015-03-27,11.87310314,11.87310314,11.87310314,11.87310314,0
2015-03-30,11.87310314,11.87310314,11.87310314,11.87310314,0
2015-03-31,10.87612534,10.87612534,10.87612534,10.87612534,551
2015-04-01,10.87612534,10.87612534,10.87612534,10.87612534,0
2015-04-02,10.87612534,10.87612534,10.87612534,10.87612534,0
2015-04-06,10.87612534,10.87612534,10.87612534,10.87612534,0
2015-04-07,10.87612534,10.87612534,10.87612534,10.87612534,0
2015-04-08,10.87612534,10.87612534,10.87612534,10.87612534,0
2015-04-09,11.68277073,11.69183445,11.68277073,11.69183445,2317
2015-04-10,11.69183445,11.69183445,11.69183445,11.69183445,0
2015-04-13,11.69183445,11.69183445,11.69183445,11.69183445,0
2015-04-14,11.69183445,11.69183445,11.69183445,11.69183445,0
2015-04-15,11.69183445,11.69183445,11.69183445,11.69183445,0
2015-04-16,11.32929707,11.7824688,11.32929707,11.69183445,25487
2015-04-17,11.69183445,11.69183445,11.69183445,11.69183445,0
2015-04-20,11.96373653,11.96373653,11.96373653,11.96373653,2206
2015-04-22,11.96373653,11.96373653,11.96373653,11.96373653,0
2015-04-23,11.96373653,11.96373653,11.96373653,11.96373653,0
2015-04-24,11.96373653,11.96373653,11.96373653,11.96373653,0
2015-04-27,11.96373653,11.96373653,11.96373653,11.96373653,0
2015-04-28,11.96373653,11.96373653,11.96373653,11.96373653,0
2015-04-29,11.96373653,11.96373653,11.96373653,11.96373653,0
2015-04-30,11.96373653,11.96373653,11.96373653,11.96373653,0
2015-05-04,11.96373653,11.96373653,11.96373653,11.96373653,0
2015-05-05,11.96373653,11.96373653,11.96373653,11.96373653,0
2015-05-06,11.96373653,11.96373653,11.96373653,11.96373653,0
2015-05-07,11.96373653,11.96373653,11.96373653,11.96373653,0
2015-05-08,11.96373653,11.96373653,11.96373653,11.96373653,0
2015-05-11,11.96373653,11.96373653,11.96373653,11.96373653,0
2015-05-12,11.96373653,11.96373653,11.96373653,11.96373653,0
2015-05-13,11.96373653,11.96373653,11.96373653,11.96373653,0
2015-05-14,11.96373653,11.96373653,11.96373653,11.96373653,0
2015-05-15,11.96373653,11.96373653,11.96373653,11.96373653,0
2015-05-18,11.96373653,11.96373653,11.96373653,11.96373653,0
2015-05-19,11.7824688,11.7824688,11.7824688,11.7824688,2868
2015-05-20,11.7824688,11.7824688,11.7824688,11.7824688,0
2015-05-21,13.59515572,13.59515572,13.59515572,13.59515572,110
2015-05-22,13.59515572,13.59515572,13.59515572,13.59515572,0
2015-05-25,13.59515572,13.59515572,13.59515572,13.59515572,0
2015-05-26,11.80059624,11.80059624,11.80059624,11.80059624,220
2015-05-27,11.80059624,11.80059624,11.80059624,11.80059624,0
2015-05-28,11.80059624,11.80059624,11.80059624,11.80059624,0
2015-05-29,12.46222591,12.46222591,12.46222591,12.46222591,1213
2015-06-01,12.46222591,12.46222591,12.46222591,12.46222591,0
2015-06-02,12.46222591,12.46222591,12.46222591,12.46222591,0
2015-06-03,12.46222591,12.46222591,12.46222591,12.46222591,0
2015-06-05,13.00603294,13.00603294,13.00603294,13.00603294,110
2015-06-08,13.00603294,13.00603294,13.00603294,13.00603294,0
2015-06-09,13.00603294,13.00603294,13.00603294,13.00603294,0
2015-06-10,13.00603294,13.00603294,13.00603294,13.00603294,110
2015-06-11,13.00603294,13.00603294,13.00603294,13.00603294,0
2015-06-12,13.00603294,13.00603294,13.00603294,13.00603294,0
2015-06-15,13.00603294,13.00603294,13.00603294,13.00603294,0
2015-06-16,13.00603294,13.00603294,13.00603294,13.00603294,0
2015-06-17,13.00603294,13.00603294,13.00603294,13.00603294,0
2015-06-18,13.00603294,13.00603294,13.00603294,13.00603294,110
2015-06-19,13.00603294,13.00603294,13.00603294,13.00603294,0
2015-06-22,13.00603294,13.00603294,13.00603294,13.00603294,331
2015-06-23,13.00603294,13.00603294,13.00603294,13.00603294,0
2015-06-24,12.32627487,12.32627487,12.32627487,12.32627487,2427
2015-06-25,12.37159157,12.68881226,12.37159157,12.37159157,8385
2015-06-26,12.37159157,12.37159157,12.37159157,12.37159157,0
2015-06-29,12.98790646,12.98790646,12.98790646,12.98790646,1213
2015-06-30,12.98790646,12.98790646,12.98790646,12.98790646,0
2015-07-01,12.37159157,12.37159157,12.23564053,12.37159157,19529
2015-07-02,12.37159157,12.37159157,12.37159157,12.37159157,5516
2015-07-03,12.37159157,12.37159157,12.23564053,12.23564053,4413
2015-07-06,12.37159157,12.68881226,12.37159157,12.68881226,5737
2015-07-07,12.39878178,12.39878178,12.38065624,12.38065624,2427
2015-07-08,12.38065624,12.38065624,12.38065624,12.38065624,0
2015-07-10,12.38065624,12.87008095,12.38065624,12.87008095,1213
2015-07-13,13.27793598,14.0483284,12.39878178,12.39878178,4192
2015-07-14,12.39878178,12.39878178,12.39878178,12.39878178,0
2015-07-15,12.39878178,12.39878178,12.39878178,12.39878178,0
2015-07-16,12.39878178,12.39878178,12.39878178,12.39878178,0
2015-07-17,13.36857033,13.36857033,13.36857033,13.36857033,220
2015-07-20,13.36857033,13.36857033,13.36857033,13.36857033,0
2015-07-21,13.36857033,13.36857033,13.36857033,13.36857033,0
2015-07-22,13.14198399,13.14198399,13.14198399,13.14198399,551
2015-07-23,12.68881226,12.87008095,12.68881226,12.87008095,9378
2015-07-24,12.32627487,12.73412991,12.32627487,12.73412991,2868
2015-07-27,12.73412991,12.73412991,12.73412991,12.73412991,0
2015-07-28,12.73412991,12.7794466,12.73412991,12.7794466,1103
2015-07-29,12.7794466,12.7794466,12.7794466,12.7794466,0
2015-07-30,12.7794466,12.7794466,12.7794466,12.7794466,0
2015-07-31,12.23564053,12.77038288,12.23564053,12.77038288,1213
2015-08-03,12.50754356,12.50754356,12.50754356,12.50754356,1986
2015-08-04,12.50754356,12.50754356,12.50754356,12.50754356,0
2015-08-05,12.50754356,12.50754356,12.50754356,12.50754356,993
2015-08-06,12.50754356,12.50754356,12.50754356,12.50754356,0
2015-08-07,12.7794466,12.7794466,12.7794466,12.7794466,220
2015-08-10,12.68881226,12.68881226,12.68881226,12.68881226,110
2015-08-11,12.68881226,12.68881226,12.68881226,12.68881226,331
2015-08-12,12.23564053,12.23564053,12.23564053,12.23564053,1655
2015-08-13,12.23564053,12.23564053,12.23564053,12.23564053,3310
2015-08-14,12.23564053,12.23564053,12.23564053,12.23564053,0
2015-08-17,12.23564053,12.23564053,12.23564053,12.23564053,0
2015-08-18,12.23564053,13.36857033,12.23564053,13.36857033,4854
2015-08-19,12.23564053,12.68881226,12.23564053,12.68881226,2317
2015-08-20,13.32325268,13.32325268,13.32325268,13.32325268,110
2015-08-21,13.32325268,13.32325268,13.32325268,13.32325268,0
2015-08-24,13.32325268,13.32325268,13.32325268,13.32325268,0
2015-08-25,13.32325268,13.32325268,13.32325268,13.32325268,0
2015-08-26,13.32325268,13.32325268,13.32325268,13.32325268,0
2015-08-27,13.32325268,13.32325268,13.32325268,13.32325268,0
2015-08-28,13.32325268,13.32325268,13.32325268,13.32325268,0
2015-08-31,12.09968853,12.09968853,12.09968853,12.09968853,551
2015-09-01,12.09968853,12.09968853,12.09968853,12.09968853,0
2015-09-02,12.23564053,12.23564053,11.7824688,11.7824688,1875
2015-09-03,11.7824688,11.7824688,11.7824688,11.7824688,0
2015-09-04,11.7824688,11.7824688,11.7824688,11.7824688,0
2015-09-08,11.7824688,11.7824688,11.7824688,11.7824688,0
2015-09-09,12.23564053,12.58911514,12.23564053,12.23564053,2096
2015-09-10,12.23564053,12.23564053,12.23564053,12.23564053,0
2015-09-11,12.23564053,12.23564053,12.23564053,12.23564053,0
2015-09-14,12.23564053,12.23564053,12.23564053,12.23564053,0
2015-09-15,12.23564053,12.23564053,12.23564053,12.23564053,0
2015-09-16,12.23564053,12.23564053,12.23564053,12.23564053,0
2015-09-17,12.23564053,12.23564053,12.23564053,12.23564053,0
2015-09-18,12.23564053,12.23564053,12.23564053,12.23564053,0
2015-09-21,12.23564053,12.23564053,12.23564053,12.23564053,0
2015-09-22,12.23564053,12.23564053,12.23564053,12.23564053,2206
2015-09-23,12.23564053,12.23564053,12.23564053,12.23564053,0
2015-09-24,12.23564053,12.23564053,12.23564053,12.23564053,0
2015-09-25,12.23564053,12.23564053,12.23564053,12.23564053,0
2015-09-28,12.23564053,12.23564053,12.23564053,12.23564053,0
2015-09-29,12.23564053,12.23564053,12.23564053,12.23564053,0
2015-09-30,12.46222591,12.46222591,12.46222591,12.46222591,662
2015-10-01,12.46222591,12.46222591,12.46222591,12.46222591,0
2015-10-02,12.68881226,12.68881226,12.23564053,12.23564053,43250
2015-10-05,12.23564053,12.23564053,12.23564053,12.23564053,5516
2015-10-06,12.68881226,12.68881226,12.37159157,12.37159157,44464
2015-10-07,12.37159157,12.37159157,12.37159157,12.37159157,7502
2015-10-08,12.37159157,12.37159157,12.37159157,12.37159157,15667
2015-10-09,12.37159157,12.37159157,12.37159157,12.37159157,0
2015-10-13,12.37159157,12.37159157,12.37159157,12.37159157,0
2015-10-14,12.37159157,12.37159157,12.37159157,12.37159157,0
2015-10-15,12.37159157,12.37159157,12.23564053,12.23564053,37734
2015-10-16,12.14500618,12.24470425,12.14500618,12.23564053,4413
2015-10-19,12.23564053,12.23564053,12.23564053,12.23564053,0
2015-10-20,12.37159157,12.37159157,12.19032288,12.19032288,13571
2015-10-21,12.23564053,12.32627487,12.23564053,12.32627487,33762
2015-10-22,12.23564053,12.32627487,12.19032288,12.19032288,3420
2015-10-23,12.19032288,12.19032288,12.19032288,12.19032288,0
2015-10-26,12.19032288,12.19032288,12.19032288,12.19032288,0
2015-10-27,12.25376701,12.41690922,12.25376701,12.41690922,71606
2015-10-28,12.41690922,12.41690922,12.41690922,12.41690922,0
2015-10-29,12.41690922,12.41690922,12.41690922,12.41690922,0
2015-10-30,12.41690922,12.41690922,12.41690922,12.41690922,0
2015-11-03,12.41690922,12.41690922,12.41690922,12.41690922,0
2015-11-04,12.41690922,12.41690922,12.41690922,12.41690922,0
2015-11-05,12.41690922,12.41690922,12.41690922,12.41690922,0
2015-11-06,12.41690922,12.41690922,12.41690922,12.41690922,0
2015-11-09,12.28095818,12.28095818,12.28095818,12.28095818,551
2015-11-10,12.28095818,12.28095818,12.28095818,12.28095818,0
2015-11-11,12.28095818,12.28095818,12.28095818,12.28095818,0
2015-11-12,12.28095818,12.28095818,12.28095818,12.28095818,0
2015-11-13,12.28095818,12.28095818,12.28095818,12.28095818,0
2015-11-16,12.28095818,12.28095818,12.28095818,12.28095818,0
2015-11-17,12.28095818,12.28095818,12.28095818,12.28095818,0
2015-11-18,12.32627487,12.68881226,12.32627487,12.68881226,2317
2015-11-19,12.23564053,12.23564053,12.23564053,12.23564053,5847
2015-11-23,12.23564053,12.23564053,12.23564053,12.23564053,0
2015-11-24,12.46222591,12.46222591,12.46222591,12.46222591,882
2015-11-25,12.50754356,12.50754356,12.50754356,12.50754356,1103
2015-11-26,12.50754356,12.50754356,12.50754356,12.50754356,1213
2015-11-27,12.24470425,12.24470425,12.23564053,12.23564053,7723
2015-11-30,12.23564053,12.23564053,12.23564053,12.23564053,110
2015-12-01,12.46222591,12.46222591,12.23564053,12.23564053,27583
2015-12-02,12.23564053,12.23564053,12.23564053,12.23564053,13681
2015-12-03,12.50754356,12.50754356,12.50754356,12.50754356,23170
2015-12-04,12.50754356,12.50754356,12.50754356,12.50754356,0
2015-12-07,12.50754356,12.50754356,12.50754356,12.50754356,0
2015-12-08,12.32627487,12.32627487,12.32627487,12.32627487,3199
2015-12-09,12.32627487,12.32627487,12.32627487,12.32627487,0
2015-12-10,12.50754356,12.50754356,12.46222591,12.46222591,1324
2015-12-11,12.46222591,12.46222591,12.46222591,12.46222591,0
2015-12-14,12.46222591,12.46222591,12.46222591,12.46222591,0
2015-12-15,12.46222591,12.46222591,12.46222591,12.46222591,0
2015-12-16,12.46222591,12.46222591,12.46222591,12.46222591,0
2015-12-17,12.46222591,12.46222591,12.46222591,12.46222591,0
2015-12-18,12.46222591,12.46222591,12.46222591,12.46222591,220
2015-12-21,12.46222591,12.47128963,12.46222591,12.47128963,1765
2015-12-22,12.50754356,12.50754356,12.50754356,12.50754356,220
2015-12-23,12.46222591,12.46222591,12.23564053,12.23564053,9599
2015-12-28,12.50754356,12.50754356,12.50754356,12.50754356,110
2015-12-29,12.68881226,12.68881226,12.68881226,12.68881226,2648
2015-12-30,12.68881226,12.68881226,12.68881226,12.68881226,0
2016-01-04,12.68881226,12.68881226,12.68881226,12.68881226,0
2016-01-05,12.68881226,12.68881226,12.68881226,12.68881226,0
2016-01-06,12.68881226,12.68881226,12.68881226,12.68881226,0
2016-01-07,12.68881226,12.68881226,12.68881226,12.68881226,0
2016-01-08,12.68881226,12.68881226,12.68881226,12.68881226,0
2016-01-11,12.23564053,12.23564053,12.23564053,12.23564053,110
2016-01-12,12.23564053,12.23564053,12.23564053,12.23564053,0
2016-01-13,12.23564053,12.23564053,12.23564053,12.23564053,0
2016-01-14,11.86404037,11.86404037,11.86404037,11.86404037,83522
2016-01-15,11.86404037,11.86404037,11.86404037,11.86404037,0
2016-01-18,11.87310314,11.87310314,11.87310314,11.87310314,6620
2016-01-19,11.87310314,11.87310314,11.87310314,11.87310314,0
2016-01-20,11.7824688,12.35346508,11.7824688,12.35346508,2317
2016-01-21,12.23564053,12.23564053,12.23564053,12.23564053,2317
2016-01-22,12.23564053,12.23564053,12.23564053,12.23564053,0
2016-01-26,12.23564053,12.23564053,12.23564053,12.23564053,110
2016-01-27,12.23564053,12.23564053,12.23564053,12.23564053,3420
2016-01-28,12.23564053,12.23564053,11.7824688,11.7824688,4192
2016-01-29,12.35346508,12.35346508,12.35346508,12.35346508,2537
2016-02-01,12.68881226,12.68881226,12.50754356,12.50754356,4523
2016-02-02,12.23564053,12.23564053,12.23564053,12.23564053,6399
2016-02-03,12.09968853,12.09968853,11.7824688,11.7824688,8054
2016-02-04,11.7824688,11.7824688,11.7824688,11.7824688,0
2016-02-05,11.7824688,11.7824688,11.7824688,11.7824688,0
2016-02-10,11.7824688,11.7824688,11.7824688,11.7824688,0
2016-02-11,12.23564053,12.23564053,12.23564053,12.23564053,110
2016-02-12,12.23564053,12.23564053,12.23564053,12.23564053,0
2016-02-15,12.23564053,12.23564053,12.23564053,12.23564053,0
2016-02-16,12.23564053,12.23564053,12.23564053,12.23564053,0
2016-02-17,12.23564053,12.23564053,12.23564053,12.23564053,3310
2016-02-18,12.23564053,12.23564053,12.23564053,12.23564053,0
2016-02-19,12.50754356,12.68881226,12.50754356,12.50754356,4854
2016-02-22,12.50754356,12.50754356,12.50754356,12.50754356,0
2016-02-23,12.52567101,12.52567101,12.52567101,12.52567101,1213
2016-02-24,12.52567101,12.52567101,12.52567101,12.52567101,2096
2016-02-25,12.52567101,12.52567101,12.52567101,12.52567101,0
2016-02-26,12.52567101,12.52567101,12.52567101,12.52567101,0
2016-02-29,12.52567101,12.52567101,12.52567101,12.52567101,0
2016-03-01,11.7824688,11.7824688,11.7824688,11.7824688,772
2016-03-02,11.7824688,12.68881226,11.7824688,12.68881226,993
2016-03-03,12.68881226,12.68881226,12.68881226,12.68881226,0
2016-03-04,12.68881226,12.68881226,12.68881226,12.68881226,0
2016-03-07,12.68881226,12.68881226,12.68881226,12.68881226,0
2016-03-08,12.68881226,12.68881226,12.68881226,12.68881226,0
2016-03-09,12.68881226,12.68881226,12.68881226,12.68881226,0
2016-03-10,12.68881226,12.68881226,12.68881226,12.68881226,0
2016-03-11,12.68881226,12.68881226,12.68881226,12.68881226,0
2016-03-14,12.46222591,12.46222591,12.46222591,12.46222591,551
2016-03-15,12.46222591,12.46222591,12.46222591,12.46222591,0
2016-03-16,12.46222591,12.46222591,12.46222591,12.46222591,0
2016-03-17,12.46222591,12.46222591,12.46222591,12.46222591,0
2016-03-18,12.46222591,12.46222591,12.46222591,12.46222591,0
2016-03-21,12.46222591,12.46222591,12.46222591,12.46222591,0
2016-03-22,12.46222591,12.46222591,12.46222591,12.46222591,0
2016-03-23,11.96373653,11.96373653,11.96373653,11.96373653,110
2016-03-24,11.96373653,11.96373653,11.96373653,11.96373653,0
2016-03-28,12.45316315,12.68881226,12.45316315,12.68881226,4303
2016-03-29,12.68881226,12.68881226,12.68881226,12.68881226,551
2016-03-30,12.68881226,12.68881226,12.68881226,12.68881226,0
2016-03-31,12.68881226,12.68881226,12.68881226,12.68881226,0
2016-04-01,12.68881226,12.68881226,12.68881226,12.68881226,0
2016-04-04,12.68881226,12.68881226,12.68881226,12.68881226,0
2016-04-05,12.68881226,12.7794466,12.68881226,12.7794466,2758
2016-04-06,12.7794466,12.7794466,12.7794466,12.7794466,0
2016-04-07,12.7794466,12.91539764,12.73412991,12.91539764,10261
2016-04-08,13.14198399,13.14198399,13.14198399,13.14198399,2206
2016-04-11,12.91539764,13.27793598,12.91539764,13.27793598,13019
2016-04-12,13.27793598,13.27793598,13.27793598,13.27793598,0
2016-04-13,13.18730164,13.27793598,13.18730164,13.27793598,1324
2016-04-14,13.27793598,13.27793598,13.27793598,13.27793598,0
2016-04-15,13.14198399,13.14198399,13.14198399,13.14198399,2206
2016-04-18,13.14198399,13.14198399,13.14198399,13.14198399,0
2016-04-19,13.25980854,13.25980854,13.25980854,13.25980854,1213
2016-04-20,13.25980854,13.25980854,13.25980854,13.25980854,2648
2016-04-22,13.25980854,13.25980854,13.25980854,13.25980854,0
2016-04-25,13.27793598,13.27793598,13.27793598,13.27793598,662
2016-04-26,13.27793598,13.27793598,13.27793598,13.27793598,0
2016-04-27,13.27793598,13.27793598,13.27793598,13.27793598,0
2016-04-28,13.27793598,13.27793598,13.27793598,13.27793598,0
2016-04-29,13.27793598,13.27793598,13.27793598,13.27793598,0
2016-05-02,13.27793598,13.27793598,13.27793598,13.27793598,0
2016-05-03,11.96373653,12.41690922,11.96373653,12.23564053,2317
2016-05-04,12.23564053,12.23564053,12.23564053,12.23564053,0
2016-05-05,12.23564053,12.23564053,12.23564053,12.23564053,0
2016-05-06,12.23564053,12.23564053,12.23564053,12.23564053,0
2016-05-09,12.23564053,12.23564053,12.23564053,12.23564053,0
2016-05-10,12.23564053,12.23564053,12.23564053,12.23564053,0
2016-05-11,12.32627487,12.32627487,12.32627487,12.32627487,1103
2016-05-12,12.32627487,12.32627487,12.32627487,12.32627487,0
2016-05-13,12.32627487,12.32627487,12.32627487,12.32627487,0
2016-05-16,12.32627487,12.32627487,12.32627487,12.32627487,0
2016-05-17,12.32627487,12.32627487,12.32627487,12.32627487,0
2016-05-18,12.32627487,12.32627487,12.32627487,12.32627487,0
2016-05-19,12.34440231,12.34440231,12.34440231,12.34440231,993
2016-05-20,12.7794466,12.7794466,12.7794466,12.7794466,2317
2016-05-23,12.73412991,13.00603294,12.68881226,13.00603294,3751
2016-05-24,13.00603294,13.00603294,13.00603294,13.00603294,0
2016-05-25,13.64953709,13.74017143,13.59515572,13.74017143,2868
2016-05-27,13.74017143,13.74017143,13.74017143,13.74017143,0
2016-05-30,13.74017143,13.74017143,13.74017143,13.74017143,0
2016-05-31,13.74017143,13.74017143,13.74017143,13.74017143,0
2016-06-01,13.86705875,13.8851862,13.86705875,13.8851862,2758
2016-06-02,14.1842804,14.1842804,14.1842804,14.1842804,1324
2016-06-03,14.1842804,14.1842804,14.1842804,14.1842804,0
2016-06-06,14.06645489,14.06645489,14.06645489,14.06645489,1655
2016-06-07,14.06645489,14.06645489,14.06645489,14.06645489,0
2016-06-08,14.42899227,14.50150013,14.42899227,14.50150013,3199
2016-06-09,14.72808647,14.72808647,14.72808647,14.72808647,2317
2016-06-10,14.72808647,14.95467186,14.72808647,14.95467186,2979
2016-06-13,14.9727993,14.9727993,14.9727993,14.9727993,2537
2016-06-14,14.9727993,14.9727993,14.9727993,14.9727993,0
2016-06-15,14.9727993,14.9727993,14.9727993,14.9727993,0
2016-06-16,14.69183159,15.13594055,14.68276882,15.13594055,3972
2016-06-17,15.13594055,15.13594055,15.13594055,15.13594055,0
2016-06-20,15.15406799,15.40784359,15.15406799,15.40784359,4744
2016-06-21,15.40784359,15.40784359,15.40784359,15.40784359,0
2016-06-22,15.40784359,15.40784359,15.40784359,15.40784359,0
2016-06-23,15.1812582,15.45316124,14.81871986,15.45316124,6951
2016-06-24,15.45316124,15.45316124,15.45316124,15.45316124,0
2016-06-27,15.45316124,15.45316124,15.45316124,15.45316124,0
2016-06-28,15.45316124,15.45316124,15.45316124,15.45316124,0
2016-06-29,15.45316124,15.45316124,15.45316124,15.45316124,0
2016-06-30,15.04530621,15.67974663,15.04530621,15.40784359,7944
2016-07-01,15.40784359,15.40784359,15.40784359,15.40784359,1213
2016-07-04,15.63442993,15.67974663,15.49847794,15.54379463,18094
2016-07-05,15.54379463,15.81569767,15.54379463,15.81569767,4634
2016-07-06,15.86101627,16.314188,15.63442993,16.314188,27031
2016-07-07,16.314188,16.54077339,16.314188,16.54077339,13902
2016-07-08,16.54077339,16.76735878,16.33231354,16.76735878,11254
2016-07-11,17.22053146,17.22053146,16.3595047,16.41388512,27583
2016-07-12,16.42294884,16.63140869,16.3595047,16.63140869,11364
2016-07-13,16.58609009,16.90331078,16.2235527,16.44107628,13681
2016-07-14,16.32325172,16.48639297,16.314188,16.314188,8385
2016-07-15,16.04228401,16.63140869,16.04228401,16.63140869,19639
2016-07-18,16.45013809,17.22053146,16.45013809,17.22053146,11143
2016-07-19,17.22053146,17.67370224,16.8670578,17.35648346,14122
2016-07-20,17.22053146,17.44711685,16.96675491,17.32022858,34534
2016-07-21,17.67370224,18.12687492,17.67370224,18.12687492,30672
2016-07-22,17.77340126,17.99092484,17.76433754,17.94560623,10812
2016-07-25,17.94560623,18.12687492,17.85497284,18.12687492,32548
2016-07-26,18.12687492,18.12687492,17.94560623,18.12687492,11474
2016-07-27,19.94862556,19.94862556,18.54379272,19.03321838,949418
2016-07-28,18.30814362,18.73412514,17.85497284,18.2084465,24518731
2016-07-29,18.30814362,19.03321838,18.17219162,18.85194969,4991262
2016-08-01,18.49847603,19.03321838,18.30814362,18.61630058,1226355
2016-08-02,18.26282692,18.7159996,18.2537632,18.63442802,1570154
2016-08-03,18.32627106,18.98790169,18.32627106,18.98790169,1963493
2016-08-04,19.02415466,19.48639107,18.43503189,19.1329174,2425128
2016-08-05,19.1329174,19.46826363,18.85194969,19.12385368,850118
2016-08-08,18.7613163,19.12385368,18.67974472,18.94258499,944233
2016-08-09,18.97883797,19.38669205,18.78850555,19.16917038,1951136
2016-08-10,19.46826363,19.47732735,19.05134583,19.16917038,787449
2016-08-11,19.07853508,19.54983521,18.94258499,19.48639107,810619
2016-08-12,19.09666252,19.67672348,19.09666252,19.54077148,643243
2016-08-15,19.56796265,19.89424515,19.25980568,19.57702446,611467
2016-08-16,19.57702446,19.93956375,19.57702446,19.85799217,1326869
2016-08-17,19.81267548,20.16614914,19.62234116,20.16614914,2206778
2016-08-18,20.17521286,20.17521286,19.76735687,19.93956375,848022
2016-08-19,20.32929039,20.32929039,19.39575577,20.03019714,298893
2016-08-22,20.02113342,20.02113342,19.39575577,19.56796265,449498
2016-08-23,19.65859604,19.65859604,19.1782341,19.39575577,751701
2016-08-24,19.14197922,19.49545479,19.05134583,19.12385368,762955
2016-08-25,19.12385368,19.38669205,19.02415466,19.23261452,90694
2016-08-26,19.21448708,19.54077148,18.72506142,19.07853508,427983
2016-08-29,19.09666252,19.48639107,18.90633011,19.48639107,418053
2016-08-30,19.28699493,19.63140678,19.14197922,19.39575577,633203
2016-08-31,19.38669205,19.41388321,18.88820457,18.99696541,806647
2016-09-01,18.87007713,19.29605865,18.68880844,19.19636154,733275
2016-09-02,19.31418419,19.45919991,18.83382225,19.00602913,783698
2016-09-05,19.1329174,19.18729782,18.89726639,19.01509285,237437
2016-09-06,18.85194969,19.27793121,18.85194969,19.20542336,535337
2016-09-08,19.20542336,19.20542336,18.75225258,18.94258499,677998
2016-09-09,19.10572624,19.10572624,18.38971519,18.806633,686053
2016-09-12,19.10572624,19.10572624,18.47128677,18.7613163,466379
2016-09-13,18.86101341,18.94258499,18.30814362,18.7159996,443209
2016-09-14,18.93352127,19.1782341,18.49847603,18.806633,248581
2016-09-15,18.92445755,19.03321838,18.65255547,19.03321838,274730
2016-09-16,19.38669205,19.38669205,18.82476044,18.94258499,258952
2016-09-19,19.11478996,19.11478996,18.806633,19.02415466,1161479
2016-09-20,19.02415466,19.12385368,18.87914085,19.02415466,836437
2016-09-21,18.94258499,19.03321838,18.77037811,18.89726639,975568
2016-09-22,19.0422821,19.21448708,18.78850555,19.21448708,626473
2016-09-23,19.20542336,19.24167824,19.06947327,19.12385368,139130
2016-09-26,19.14197922,19.1782341,18.83382225,18.83382225,246595
2016-09-27,19.0422821,19.0422821,18.48941231,18.7613163,211619
2016-09-28,18.58910942,18.83382225,18.54379272,18.6253643,445305
2016-09-29,18.6253643,18.73412514,18.2084465,18.53473091,636182
2016-09-30,18.75225258,18.806633,18.30814362,18.79756927,564024
2016-10-03,18.806633,18.89726639,18.42596817,18.89726639,1230548
2016-10-04,18.670681,18.77037811,18.35346031,18.58910942,480943
2016-10-05,18.7613163,18.93352127,18.53473091,18.93352127,356928
2016-10-06,18.93352127,19.06040955,18.806633,19.06040955,295803
2016-10-07,19.18729782,19.24167824,19.03321838,19.24167824,356376
2016-10-10,19.25074005,19.29605865,18.98790169,19.03321838,774430
2016-10-11,19.07853508,19.15104485,18.89726639,19.15104485,319525
2016-10-13,19.29605865,19.47732735,18.97883797,19.47732735,461303
2016-10-14,19.48639107,19.75829315,19.30512238,19.65859604,396979
2016-10-17,19.83986473,19.89424515,19.46826363,19.65859604,184587
2016-10-18,19.82173729,19.82173729,19.25074005,19.39575577,320297
2016-10-19,19.21448708,19.52264595,18.93352127,19.25980568,296796
2016-10-20,19.0422821,19.25074005,18.96071053,19.20542336,1343419
2016-10-21,19.12385368,19.35950279,19.12385368,19.30512238,423680
2016-10-24,19.31418419,19.54077148,19.27793121,19.43201065,652842
2016-10-25,19.35043907,19.82173729,19.35043907,19.57702446,763396
2016-10-26,19.75829315,19.75829315,19.35950279,19.57702446,956921
2016-10-27,19.48639107,20.102705,19.42294693,19.68578529,822645
2016-10-28,19.93956375,20.38367081,19.7311039,20.15708542,809185
2016-10-31,20.52868652,20.52868652,19.67672348,20.28397369,1111278
2016-11-01,20.66463852,20.66463852,19.99394226,20.33835411,747288
2016-11-03,20.08457756,20.48336983,19.90330887,20.22052956,1067144
2016-11-04,20.21146584,20.24772072,19.81267548,19.85799217,346226
2016-11-07,20.34741783,21.19938087,19.93956375,20.58306694,231258
2016-11-08,20.49243164,20.73714447,20.31116486,20.6555748,178298
2016-11-09,20.30209923,20.6555748,19.88518143,20.6555748,227838
2016-11-10,20.4289875,20.63744736,19.48639107,19.65859604,510292
2016-11-11,19.26886749,19.48639107,17.94560623,18.35346031,822866
2016-11-14,18.40784264,18.45315933,17.7008934,18.38971519,561928
2016-11-16,18.53473091,18.53473091,17.94560623,18.12687492,995759
2016-11-17,18.40784264,18.48941231,17.66464043,18.08155823,1452649
2016-11-18,17.94560623,18.07249451,17.41086388,17.77340126,646553
2016-11-21,17.50149727,17.98185921,17.41086388,17.71902084,559390
2016-11-22,18.02717781,18.03624153,17.35648346,17.71902084,708230
2016-11-23,17.6102581,17.7915287,17.21146774,17.67370224,382636
2016-11-24,17.61932373,17.8368454,17.61932373,17.75527382,91907
2016-11-25,17.93654251,17.93654251,17.35648346,17.80059052,178188
2016-11-28,17.71902084,17.90935326,17.4199276,17.58306885,242512
2016-11-29,17.69182968,17.69182968,17.40180016,17.56494141,506982
2016-11-30,17.67370224,17.89122581,17.33835602,17.88216209,797710
2016-12-01,17.61932373,18.01811409,16.90331078,17.02113533,576492
2016-12-02,17.12083435,17.67370224,16.90331078,17.52868843,293045
2016-12-05,17.45618057,17.66464043,17.04832649,17.33835602,533572
2016-12-06,17.61932373,17.62838554,17.02113533,17.40180016,2781946
2016-12-07,17.32022858,17.38367271,16.79454994,17.29303932,620294
2016-12-08,17.39273643,17.39273643,17.03019905,17.21146774,244388
2016-12-09,17.3746109,17.3746109,16.97581863,17.22053146,341923
2016-12-12,17.22053146,17.27491188,16.71297836,17.11177063,371933
2016-12-13,17.0030098,17.13895988,16.69485283,16.90331078,490211
2016-12-14,16.99394417,16.99394417,16.32325172,16.4954567,338613
2016-12-15,16.58609009,16.58609009,15.91539574,15.95164967,1923994
2016-12-16,15.87007904,16.33231354,15.87007904,16.24168015,737137
2016-12-19,16.14198112,16.30512428,15.95164967,16.10572815,343909
2016-12-20,16.30512428,16.3595047,15.84288883,16.05134773,286315
2016-12-21,16.06947517,16.06947517,16.06947517,16.06947517,1361845
2016-12-22,16.21449089,16.57702637,16.21449089,16.57702637,675792
2016-12-23,16.84893036,16.85799408,16.36856842,16.85799408,523642
2016-12-26,16.71297836,16.84893036,16.55890083,16.84893036,220115
2016-12-27,17.02113533,17.02113533,16.55890083,16.76735878,276274
2016-12-28,16.76735878,16.80361366,16.60421753,16.72204208,398082
2016-12-29,16.76735878,16.85799408,16.58609009,16.83986664,761300
2017-01-02,17.21146774,17.21146774,16.58609009,16.79454994,122801
2017-01-03,16.76735878,17.59213257,16.70391464,17.22053146,977333
2017-01-04,16.97581863,17.90028954,16.97581863,17.7462101,1058649
2017-01-05,17.64651299,18.57098389,17.63744926,18.57098389,2504678
2017-01-06,18.75225258,18.75225258,17.71902084,18.07249451,559169
2017-01-09,17.90028954,18.12687492,17.80059052,18.03624153,330889
2017-01-10,17.98185921,18.10874748,17.77340126,17.85497284,326917
2017-01-11,17.90935326,17.90935326,17.35648346,17.49243355,330338
2017-01-12,18.1178112,18.35346031,17.63744926,17.85497284,962548
2017-01-13,17.71902084,17.94560623,17.1933403,17.31116676,510071
2017-01-16,17.52868843,17.76433754,17.33835602,17.76433754,330227
2017-01-17,17.62838554,17.77340126,17.44711685,17.77340126,273847
2017-01-18,17.68276787,17.68276787,17.33835602,17.42898941,464724
2017-01-19,17.60119629,17.60119629,17.31116676,17.44711685,1705864
2017-01-20,17.40180016,17.56494141,17.30210114,17.44711685,347991
2017-01-23,17.43805313,17.59213257,17.40180016,17.44711685,2841747
2017-01-24,17.46524429,18.35346031,17.35648346,18.16312981,1588911
2017-01-26,18.46222115,18.46222115,17.94560623,18.18125534,402275
2017-01-27,18.38971519,18.44409561,17.95466995,18.39877892,391904
2017-01-30,18.31720734,18.44409561,18.17219162,18.3443985,726214
2017-01-31,18.2537632,18.88820457,18.22657394,18.46222115,419487
2017-02-01,18.12687492,19.43201065,18.08155823,18.85194969,1737861
2017-02-02,18.78850555,19.2235508,18.63442802,19.20542336,1994497
2017-02-03,18.70693588,19.67672348,18.70693588,19.48639107,729083
2017-02-06,19.18729782,19.71297646,19.18729782,19.40481949,578147
2017-02-07,19.28699493,19.74922943,19.16010666,19.74922943,390028
2017-02-08,19.54077148,19.91237259,19.39575577,19.71297646,345233
2017-02-09,19.83080101,20.40179825,19.51358032,19.71297646,349205
2017-02-10,19.56796265,19.80361176,19.56796265,19.75829315,750046
2017-02-13,19.7311039,19.94862556,19.32324982,19.48639107,1061297
2017-02-14,19.35043907,19.69485092,19.2235508,19.48639107,449939
2017-02-15,19.44107437,20.39273453,19.44107437,20.39273453,1467986
2017-02-16,20.13895798,20.53775024,19.85799217,20.03019714,755452
2017-02-17,19.84892845,20.00300789,19.57702446,19.93956375,1006461
2017-02-20,20.24772072,20.58306694,20.0120697,20.48336983,418935
2017-02-21,20.49243164,20.99998474,20.21146584,20.99998474,826838
2017-02-22,20.99998474,20.99998474,20.43805122,20.57400322,975788
2017-02-23,21.03623962,21.1631279,20.53775024,20.69182777,15219942
2017-02-24,20.67370033,20.83684349,20.40179825,20.48336983,2819349
2017-03-01,20.5649395,20.97279549,20.43805122,20.88216019,406247
2017-03-02,21.1178093,21.1178093,20.72808266,20.95466805,793628
2017-03-03,20.81871605,21.29907799,20.70995522,21.1178093,1177809
2017-03-06,20.9365406,21.34439659,20.9365406,21.1631279,1146364
2017-03-07,21.3987751,21.48034668,20.80058861,20.9818573,523532
2017-03-08,20.9818573,20.9818573,20.09364128,20.6102562,1909429
2017-03-09,20.74620819,20.74620819,19.84892845,20.38367081,1690638
2017-03-10,20.32022667,20.83684349,20.28397369,20.83684349,985718
2017-03-13,21.40784073,21.40784073,20.67370033,20.92747688,426328
2017-03-14,21.00904846,21.19031715,20.6102562,20.81871605,800910
2017-03-15,20.83684349,20.97279549,20.57400322,20.89122391,921283
2017-03-16,20.9365406,21.06342888,20.40179825,20.74620819,512719
2017-03-17,20.83684349,20.8459053,20.46524239,20.5649395,700948
2017-03-20,20.54681206,20.57400322,20.30209923,20.57400322,660124
2017-03-21,20.50149536,20.57400322,19.55889893,20.07551384,902416
2017-03-22,20.13895798,20.21146584,19.6404686,20.21146584,565017
2017-03-23,20.03926086,20.12083054,19.83080101,19.93956375,512609
2017-03-24,19.89424515,20.102705,19.74016762,20.0573864,451594
2017-03-27,19.94862556,20.0573864,19.75829315,20.0573864,554094
2017-03-28,20.07551384,20.07551384,19.86705589,19.97581673,312022
2017-03-29,20.03019714,20.03019714,19.77642059,19.93956375,271640
2017-03-30,19.93956375,20.21146584,19.93049812,20.21146584,442326
2017-03-31,20.35648155,20.57400322,20.12083054,20.57400322,529710
2017-04-03,20.74620819,20.75527191,20.41992569,20.57400322,258290
2017-04-04,20.62838364,20.62838364,20.45617867,20.47430611,379546
2017-04-05,20.49243164,20.75527191,20.43805122,20.75527191,683074
2017-04-06,20.70995522,20.86403275,20.59213066,20.60119438,922607
2017-04-07,20.72808266,20.75527191,20.50149536,20.70995522,402606
2017-04-10,20.70089149,20.92747688,20.54681206,20.75527191,708671
2017-04-11,20.75527191,20.88216019,20.44711494,20.8459053,444422
2017-04-12,21.1178093,21.1178093,20.52868652,20.61932182,402496
2017-04-13,20.72808266,20.72808266,20.15708542,20.62838364,704699
2017-04-17,20.77339935,20.91841316,20.47430611,20.80058861,721580
2017-04-18,20.71901894,20.85497093,20.46524239,20.48336983,571858
2017-04-19,20.38367081,20.38367081,19.94862556,20.1480217,636182
2017-04-20,20.29303741,20.5649395,19.93049812,20.5649395,319746
2017-04-24,20.59213066,20.59213066,19.85799217,20.00300789,521656
2017-04-25,19.91237259,20.13895798,19.55889893,20.12083054,1288694
2017-04-26,19.96675301,20.19333839,19.84892845,20.16614914,1067806
2017-04-27,20.39273453,20.71901894,20.0120697,20.37460709,513822
2017-04-28,20.48336983,20.83684349,20.33835411,20.61932182,2638844
2017-05-02,20.74620819,21.71599579,20.5649395,21.2084446,2349880
2017-05-03,21.2084446,21.55285454,20.70995522,20.8459053,1380381
2017-05-04,20.8459053,20.85497093,20.41086006,20.70089149,917422
2017-05-05,20.76433563,21.15406227,20.55587578,20.9818573,428203
2017-05-08,21.10874557,21.5800457,20.82777977,21.29907799,788111
2017-05-09,21.48034668,21.56191826,21.04530144,21.29907799,997524
2017-05-10,21.48034668,21.77037621,21.36252213,21.36252213,1004806
2017-05-11,21.88820267,22.98487854,21.67974281,22.33230972,2474226
2017-05-12,22.65859413,23.45617676,22.21448517,22.42294502,881894
2017-05-15,22.47732544,22.87611771,22.35950089,22.38669014,450491
2017-05-16,22.38669014,22.38669014,21.48034668,21.75225067,2059262
2017-05-17,21.59817123,22.07853317,21.3987751,21.43502998,1260559
2017-05-18,18.21750832,20.03019714,18.03624153,19.16917038,1758604
2017-05-19,19.21448708,20.16614914,19.21448708,19.67672348,1451877
2017-05-22,19.70391273,19.75829315,18.38065147,19.23261452,798703
2017-05-23,19.32324982,19.69485092,19.32324982,19.43201065,656373
2017-05-24,19.74922943,20.08457756,19.44107437,19.65859604,874392
2017-05-25,19.86705589,19.86705589,19.35043907,19.80361176,1462690
2017-05-26,19.93956375,20.79152679,19.93956375,20.37460709,1145150
2017-05-29,20.37460709,20.37460709,20.37460709,20.37460709,0
2017-05-30,20.41086006,20.63744736,20.26584625,20.63744736,635961
2017-05-31,20.77339935,20.77339935,20.25678253,20.39273453,977002
2017-06-01,20.58306694,20.6555748,20.21146584,20.49243164,266344
2017-06-02,20.49243164,20.99092102,20.44711494,20.9818573,365313
2017-06-05,20.77339935,20.8459053,20.48336983,20.52868652,316767
2017-06-06,20.59213066,20.76433563,20.24772072,20.24772072,639051
2017-06-07,20.47430611,20.47430611,19.92143631,20.40179825,855414
2017-06-08,20.20240211,20.57400322,20.03926086,20.57400322,509409
2017-06-09,20.63744736,20.89122391,20.48336983,20.8459053,289294
2017-06-12,20.70995522,20.80965233,20.61932182,20.64651108,264910
2017-06-13,20.77339935,20.87309647,20.28397369,20.6102562,349646
2017-06-14,20.80058861,20.81871605,20.36554337,20.75527191,302975
2017-06-15,20.75527191,20.75527191,20.75527191,20.75527191,0
2017-06-16,20.54681206,20.88216019,20.52868652,20.88216019,199372
2017-06-19,20.99092102,20.99092102,20.60119438,20.8459053,145419
2017-06-20,20.80965233,20.88216019,20.49243164,20.72808266,229383
2017-06-21,20.90935135,20.90935135,20.41086006,20.66463852,162190
2017-06-22,20.79152679,20.79152679,20.43805122,20.75527191,148950
2017-06-23,20.83684349,20.83684349,20.59213066,20.75527191,334199
2017-06-26,20.8459053,21.1631279,20.70995522,20.8459053,163734
2017-06-27,20.70089149,21.12687302,20.55587578,20.66463852,288963
2017-06-28,20.80965233,21.66161537,20.58306694,21.66161537,872737
2017-06-29,21.63442612,21.91539192,21.04530144,21.57098007,958355
2017-06-30,21.55285454,21.78850365,21.32626915,21.64348984,825735
2017-07-03,21.64348984,21.64348984,21.29907799,21.57098007,750156
2017-07-04,21.38064957,21.57098007,21.34439659,21.57098007,124456
2017-07-05,21.64348984,21.64348984,21.42596626,21.43502998,432286
2017-07-06,21.64348984,21.66161537,21.1631279,21.27188873,271420
2017-07-07,21.27188873,21.4894104,20.86403275,21.08155632,400179
2017-07-10,21.25376129,21.25376129,20.91841316,21.25376129,152039
2017-07-11,21.17218971,21.29907799,20.89122391,21.29907799,443429
2017-07-12,21.43502998,21.91539192,21.23563385,21.73412323,504444
2017-07-13,21.86101151,21.97883606,21.49847412,21.97883606,320408
2017-07-14,22.1329155,22.1329155,21.83382034,21.84288406,692342
2017-07-17,21.94258118,22.35043716,21.94258118,22.28699303,193414
2017-07-18,22.16010475,22.64046669,22.16010475,22.64046669,146412
2017-07-19,22.61327744,22.74922752,22.30512047,22.47732544,175871
2017-07-20,22.71297455,22.71297455,22.26886559,22.32324791,251008
2017-07-21,22.43200874,22.51357841,22.06040764,22.16010475,519008
2017-07-24,22.16010475,22.27792931,21.83382034,21.88820267,392786
2017-07-25,22.10572433,22.43200874,21.94258118,22.4138813,259724
2017-07-26,22.32324791,22.93956184,22.25073814,22.91237068,181167
2017-07-27,23.09363937,23.19333649,22.76735497,22.76735497,221659
2017-07-28,22.78548241,22.79454613,22.37762642,22.37762642,175319
2017-07-31,22.55889511,22.69484711,22.44107246,22.56796074,513712
2017-08-01,22.73110199,23.19333649,21.94258118,22.93049622,609923
2017-08-02,22.97581482,23.20240021,22.57702255,23.20240021,1167768
2017-08-03,23.07551193,23.29303551,23.03925705,23.26584435,219784
2017-08-04,23.20240021,23.54681015,23.03019524,23.3383522,176754
2017-08-07,23.5196209,23.5196209,23.02113152,23.08457565,344129
2017-08-08,22.97581482,23.23865318,22.97581482,23.02113152,150384
2017-08-09,22.82173538,23.2477169,22.75829124,23.02113152,641919
2017-08-10,23.14801979,23.44711304,22.20542145,22.20542145,503451
2017-08-11,22.22354889,22.30512047,21.76131439,21.93351936,445636
2017-08-14,21.94258118,22.65859413,21.81569481,22.47732544,775423
2017-08-15,22.17823219,22.64953041,22.0422802,22.29605675,1401234
2017-08-16,22.29605675,22.65859413,21.57098007,22.33230972,300768
2017-08-17,22.17823219,22.47732544,22.10572433,22.37762642,278481
2017-08-18,22.37762642,22.49545288,21.85194778,21.93351936,704258
2017-08-21,22.10572433,22.10572433,21.67974281,21.81569481,267889
2017-08-22,22.11478806,22.11478806,21.78850365,21.93351936,645450
2017-08-23,21.88820267,22.19635963,21.82475853,22.16916847,873068
2017-08-24,22.33230972,22.33230972,21.9969635,22.29605675,774209
2017-08-25,22.20542145,22.49545288,22.06947136,22.47732544,652180
2017-08-28,22.52264214,22.69484711,22.20542145,22.29605675,600875
2017-08-29,22.11478806,22.19635963,21.77944183,21.9516468,673364
2017-08-30,22.06947136,22.47732544,21.89726448,22.47732544,1156625
2017-08-31,22.48638916,22.59514999,22.12385178,22.45013428,631327
2017-09-01,22.57702255,23.26584435,22.5045166,22.87611771,950632
2017-09-04,22.89424324,23.18427277,22.67672157,23.02113152,249463
2017-09-05,23.06644821,23.19333649,22.86705208,23.11176682,168258
2017-09-06,23.15708351,23.34741592,22.9214344,23.03019524,571747
2017-09-07,23.03019524,23.03019524,23.03019524,23.03019524,0
2017-09-08,22.78548241,23.40179634,22.78548241,23.21146393,420811
2017-09-11,23.26584435,23.99091911,23.21146393,23.8459034,734930
2017-09-12,23.9365387,24.09968185,23.78245926,24.09968185,169141
2017-09-13,24.09968185,24.13593483,23.83684158,24.13593483,521546
2017-09-14,23.98185539,24.11780739,23.50149345,23.56493759,941474
2017-09-15,23.44711304,24.00904655,23.41992378,24.00904655,473219
2017-09-18,23.92747498,24.19937706,23.55587387,23.82777786,280467
2017-09-19,23.76433372,24.00904655,23.31116295,24.00904655,439347
2017-09-20,24.00904655,24.00904655,23.49242973,23.79152489,296465
2017-09-21,23.85496712,23.85496712,23.36554146,23.37460518,328683
2017-09-22,23.22052765,23.67369843,23.12082863,23.56493759,355935
2017-09-25,23.66463661,23.66463661,22.81267166,22.81267166,1630176
2017-09-26,22.93956184,23.11176682,22.70391083,22.93956184,569320
2017-09-27,23.08457565,23.20240021,22.56796074,22.88517952,480502
2017-09-28,22.97581482,23.05738449,22.61327744,22.83986282,195841
2017-09-29,22.8307991,23.23865318,22.74016571,23.22052765,486018
2017-10-02,23.14801979,23.14801979,22.43200874,22.52264214,1431906
2017-10-03,22.70391083,22.87611771,22.17823219,22.85799026,4623631
2017-10-04,22.76735497,23.23865318,22.76735497,22.83986282,649532
2017-10-05,22.87611771,23.2477169,22.66765785,23.08457565,1027645
2017-10-06,22.88517952,23.12082863,22.84892654,23.06644821,368734
2017-10-09,23.04832268,23.07551193,22.78548241,23.02113152,199813
2017-10-10,23.26584435,23.27490807,22.73110199,23.01206779,1319808
2017-10-11,23.02113152,23.13895607,22.82173538,23.06644821,318973
2017-10-12,23.06644821,23.06644821,23.06644821,23.06644821,0
2017-10-13,23.07551193,23.17521095,22.87611771,23.08457565,248029
2017-10-16,23.25678062,23.26584435,22.69484711,22.89424324,363879
2017-10-17,22.83986282,22.93049622,22.52264214,22.8307991,518898
2017-10-18,22.84892654,23.03019524,22.84892654,22.9214344,563693
2017-10-19,22.89424324,23.03019524,22.75829124,23.03019524,393890
2017-10-20,23.20240021,23.61931801,22.83986282,23.20240021,1587477
2017-10-23,23.20240021,23.20240021,21.78850365,22.02415276,891052
2017-10-24,23.20240021,23.20240021,21.78850365,22.20542145,463069
2017-10-25,22.35950089,22.35950089,21.81569481,22.14197731,432948
2017-10-26,22.27792931,22.64046669,22.20542145,22.47732544,244057
2017-10-27,22.43200874,22.83986282,21.86101151,22.42294502,482157
2017-10-30,22.42294502,22.48638916,21.91539192,22.48638916,536882
2017-10-31,22.53170586,22.53170586,22.05134392,22.40481758,339716
2017-11-01,22.65859413,23.00300407,22.51357841,22.65859413,427541
2017-11-02,22.65859413,22.65859413,22.65859413,22.65859413,0
2017-11-03,22.93049622,22.93049622,21.9063282,22.67672157,562148
2017-11-06,22.78548241,22.78548241,22.23261261,22.38669014,264800
2017-11-07,22.21448517,22.24167633,21.28095055,21.57098007,891824
2017-11-08,21.57098007,22.46826172,21.57098007,22.459198,525628
2017-11-09,22.51357841,22.56796074,21.97883606,22.21448517,579250
2017-11-10,22.06947136,22.35043716,21.89726448,22.20542145,742764
2017-11-13,22.06947136,22.27792931,21.86101151,22.16010475,481274
2017-11-14,22.11478806,22.9667511,21.6253624,22.29605675,454352
2017-11-15,22.29605675,22.29605675,22.29605675,22.29605675,0
2017-11-16,22.29605675,23.20240021,22.29605675,22.83986282,454794
2017-11-17,23.09363937,23.15708351,22.64046669,22.93049622,366968
2017-11-20,22.93049622,22.93049622,22.93049622,22.93049622,0
2017-11-21,23.29303551,23.45617676,22.8307991,23.45617676,342585
2017-11-22,23.22959137,23.56493759,23.16614723,23.56493759,449829
2017-11-23,23.63744545,23.70995331,23.34741592,23.5196209,194738
2017-11-24,23.48336792,23.64650917,23.29303551,23.55587387,269654
2017-11-27,23.40179634,23.61931801,22.67672157,23.61931801,400841
2017-11-28,23.83684158,23.83684158,22.9214344,22.9214344,474323
2017-11-29,23.14801979,23.3383522,22.79454613,23.02113152,235892
2017-11-30,22.82173538,22.94862366,22.39575386,22.94862366,449056
2017-12-01,22.67672157,22.84892654,22.53170586,22.74922752,154135
2017-12-04,22.62233925,23.13895607,22.62233925,22.79454613,224749
2017-12-05,22.93049622,23.19333649,22.60421371,22.60421371,344129
2017-12-06,22.62233925,23.26584435,22.39575386,22.85799026,372816
2017-12-07,22.64046669,22.83986282,22.35950089,22.45013428,536661
2017-12-08,22.89424324,22.89424324,22.12385178,22.25980377,585539
2017-12-11,22.89424324,23.63744545,22.77641869,22.99394035,891383
2017-12-12,23.00300407,23.20240021,22.33230972,23.11176682,712643
2017-12-13,23.11176682,23.16614723,22.74922752,23.11176682,445857
2017-12-14,23.07551193,23.29303551,22.76735497,22.97581482,556632
2017-12-15,23.02113152,23.68276215,22.98487854,23.53774643,268772
2017-12-18,23.53774643,24.00904655,23.5196209,23.53774643,1444926
2017-12-19,23.60119247,23.75527,23.3383522,23.66463661,252222
2017-12-20,23.47430229,23.83684158,23.36554146,23.70088959,373147
2017-12-21,23.68276215,23.91841125,23.50149345,23.50149345,311140
2017-12-22,23.78245926,24.19031525,23.41085815,24.19031525,265131
2017-12-25,24.19031525,24.19031525,24.19031525,24.19031525,0
2017-12-26,24.46221733,24.46221733,24.01811028,24.38064766,360790
2017-12-27,24.22656822,24.74318504,24.19937706,24.59816933,377009
2017-12-28,24.73412132,25.05134201,24.58910561,24.74318504,512498
2017-12-29,24.74318504,24.74318504,24.74318504,24.74318504,0
2018-01-02,24.7703743,25.01508713,24.40783882,24.40783882,827610
2018-01-03,24.57097816,24.59816933,24.40783882,24.40783882,441554
2018-01-04,24.64348793,24.64348793,24.01811028,24.01811028,478626
2018-01-05,24.20844269,24.37158394,23.8459034,24.37158394,998958
2018-01-08,24.37158394,24.37158394,23.97279358,23.97279358,251339
2018-01-09,24.09968185,24.40783882,24.00904655,24.2628231,381974
2018-01-10,24.05436325,24.36252022,23.39273262,23.49242973,8608212
2018-01-11,23.62838173,23.86403084,23.27490807,23.72808075,436920
2018-01-12,23.59212875,23.88215828,23.56493759,23.8005867,1871144
2018-01-15,23.97279358,23.97279358,23.68276215,23.74620628,293486
2018-01-16,24.01811028,24.15406036,23.71901512,24.00904655,1196676
2018-01-17,24.00904655,24.19937706,23.9365387,24.06342697,721801
2018-01-18,24.14499855,24.8156929,24.05436325,24.74318504,2981760
2018-01-19,24.8610096,25.94862175,24.8610096,25.67671967,2259076
2018-01-22,25.7401638,26.70088768,25.60421181,25.97581291,558949
2018-01-23,26.03019333,26.27490616,25.65859222,26.01206589,1022790
2018-01-24,26.18427086,26.97278976,26.18427086,26.82777405,1050263
2018-01-25,26.82777405,26.82777405,26.82777405,26.82777405,0
2018-01-26,26.84590149,27.543787,26.58306313,27.19031334,1190166
2018-01-29,26.93653679,27.543787,26.92747307,27.15405846,769575
2018-01-30,27.16312218,27.44408989,26.87309265,27.18124962,587746
2018-01-31,27.45315361,27.87913322,26.93653679,27.64348412,626473
2018-02-01,27.64348412,28.45013046,27.64348412,28.45013046,1143826
2018-02-02,28.49544716,28.49544716,27.66161156,28.0513401,987373
2018-02-05,28.1419735,28.1419735,27.52565956,27.91538811,1737530
2018-02-06,27.82475471,28.9758091,27.50753212,28.11478424,1172071
2018-02-07,27.88819885,28.81266785,27.88819885,28.69484329,1429920
2018-02-08,28.91236687,29.27490425,27.64348412,28.06040382,1487956
2018-02-09,28.06040382,28.5135746,27.65254784,28.0966568,564686
2018-02-14,27.95164108,29.04831886,27.95164108,28.64046288,381312
2018-02-15,28.99393654,28.99393654,28.33230591,28.54982948,443209
2018-02-16,28.75828743,28.75828743,28.32324219,28.64046288,335744
2018-02-19,28.83079529,28.98487473,28.5135746,28.98487473,341481
2018-02-20,28.73109627,29.00300026,28.6042099,29.00300026,433058
2018-02-21,29.0211277,30.09967613,28.94861984,29.83683777,2337082
2018-02-22,30.11780357,30.21750069,29.66463089,29.86402702,359466
2018-02-23,30.14499474,30.46221352,29.45617294,30.3625164,480502
2018-02-26,30.34438896,30.70692635,29.13895226,29.4380455,558176
2018-02-27,29.61025047,30.35345268,29.56493378,30.17218399,534565
2018-02-28,30.22656441,30.30813599,29.81871033,29.90934372,503561
2018-03-01,29.56493378,30.85194206,29.55587006,30.51659584,1534517
2018-03-02,30.65254593,30.76130676,30.09967613,30.58910179,941585
2018-03-05,30.61629295,31.03321075,30.42596054,30.69786263,1551177
2018-03-06,31.06040192,31.35949326,29.88215446,30.72505379,1512560
2018-03-07,30.81568718,31.52263641,30.74318123,30.81568718,1291011
2018-03-08,30.81568718,31.74015808,30.81568718,31.26885986,1737640
2018-03-09,31.53170013,31.63139725,30.93351364,31.01508331,2519242
2018-03-12,31.38668442,31.62233353,30.65254593,31.35949326,1308002
2018-03-13,31.58608055,31.58608055,30.9153862,31.34136772,963652
2018-03-14,31.26885986,31.54076385,30.81568718,30.81568718,578478
2018-03-15,30.41689682,30.59816551,30.23562813,30.3625164,15292872
2018-03-16,30.44408607,30.58910179,29.72807693,29.72807693,5722773
2018-03-19,29.80964661,30.2718811,29.5286808,30.06342316,1027645
2018-03-20,30.29000854,30.75224495,29.99997902,30.31719971,460310
2018-03-21,30.30813599,30.59816551,30.02716827,30.4531517,1111057
2018-03-22,30.48034096,30.95163918,30.10873985,30.77037048,357811
2018-03-23,30.56191254,30.96976662,30.30813599,30.96976662,672261
2018-03-26,31.26885986,31.26885986,30.37158012,31.16916275,447401
2018-03-27,31.05133629,31.69484138,30.95163918,31.31417656,980753
2018-03-28,31.32324028,31.32324028,30.4531517,30.86100578,848684
2018-03-29,31.03321075,31.45012856,30.41689682,31.45012856,787449
2018-04-02,31.45012856,31.78547668,30.56191254,31.45012856,973802
2018-04-03,31.68577766,31.68577766,30.64348221,30.81568718,499479
2018-04-04,30.89725876,31.09665489,29.95466042,30.48034096,1089101
2018-04-05,30.59816551,30.7794342,29.40179253,30.17218399,1027093
2018-04-06,29.72807693,29.72807693,28.9758091,29.72807693,3570609
2018-04-09,29.68275833,30.03623199,29.22052383,29.90934372,746184
2018-04-10,30.20843887,31.17822647,29.89121628,30.80662537,1147467
2018-04-11,31.06040192,31.25979614,30.50753021,30.58910179,611467
2018-04-12,30.66160965,30.8700695,30.29000854,30.67067337,452035
2018-04-13,30.4984684,30.61629295,30.17218399,30.3625164,344571
2018-04-16,30.35345268,30.35345268,29.4380455,29.98185158,947212
2018-04-17,30.22656441,31.09665489,29.61025047,30.63441849,1059421
2018-04-18,30.84287834,31.39574814,30.69786263,30.81568718,809847
2018-04-19,30.81568718,30.95163918,30.20843887,30.95163918,434272
2018-04-20,31.03321075,31.03321075,30.5437851,30.81568718,447622
2018-04-23,30.72505379,30.8247509,30.01810646,30.8247509,1219735
2018-04-24,30.81568718,30.86100578,30.21750069,30.21750069,667517
2018-04-25,30.18124771,30.52565765,29.91840744,30.09061241,319746
2018-04-26,29.98185158,30.4078331,29.80058289,30.18124771,764500
2018-04-27,30.18124771,30.57097435,29.75526619,30.19937325,559611
2018-04-30,29.92747116,30.21750069,29.83683777,30.02716827,774209
2018-05-02,29.78245544,30.05435944,29.64650536,29.9909153,568879
2018-05-03,30.07248688,30.11780357,29.3474102,29.63744164,250346
2018-05-04,29.45617294,29.76432991,29.12082481,29.18426895,483039
2018-05-07,29.14801407,29.86402702,29.14801407,29.63744164,270647
2018-05-08,29.64650536,29.86402702,28.7401619,29.27490425,385173
2018-05-09,29.36553764,29.42898178,28.91236687,29.13895226,421914
2018-05-10,29.38366508,29.41991806,28.95768356,29.18426895,1410171
2018-05-11,29.50148964,29.59212494,28.62233543,28.91236687,869427
2018-05-14,28.79454041,28.99393654,27.74318314,28.19635582,628679
2018-05-15,27.9607048,28.22354507,26.94560051,28.21448135,1661290
2018-05-16,28.38668633,28.91236687,27.88819885,28.5135746,597124
2018-05-17,28.33230591,29.13895226,28.24167252,28.24167252,668068
2018-05-18,28.27792549,28.27792549,27.48034286,28.25073433,841181
2018-05-21,27.96976852,28.67671776,27.63442039,27.63442039,615770
2018-05-22,27.86100769,28.54982948,27.68880272,28.54982948,1093955
2018-05-23,28.45919418,28.45919418,27.66161156,27.66161156,239864
2018-05-24,27.23563004,28.0966568,27.11780548,28.0966568,414743
2018-05-25,28.3776226,28.3776226,27.70692825,28.07852936,391904
2018-05-28,27.46221542,27.46221542,26.77339554,26.90028381,426659
2018-05-29,26.78245735,27.41689873,26.7099514,27.07248878,502789
2018-05-30,27.18124962,27.35345459,26.73714066,27.30813789,1122421
2018-06-01,27.27188492,28.54076576,27.27188492,28.54076576,582339
2018-06-04,28.83079529,29.80058289,28.54982948,29.70088577,1519953
2018-06-05,29.38366508,30.00904274,29.32022095,29.45617294,2148301
2018-06-06,29.21146011,29.54680634,28.31417847,29.30209351,793407
2018-06-07,29.26584053,29.26584053,26.74620438,27.9607048,2273530
2018-06-08,27.9607048,28.99393654,27.11780548,28.06946564,1288473
2018-06-11,28.19635582,28.20541763,26.84590149,27.50753212,1089873
2018-06-12,27.20844078,27.66161156,27.01810837,27.22656631,326476
2018-06-13,27.50753212,28.35043335,27.50753212,27.73411942,820108
2018-06-14,28.0966568,28.16010094,27.48034286,27.87007141,1424293
2018-06-15,27.60723114,27.91538811,27.55285072,27.91538811,655490
2018-06-18,27.69786453,28.18729019,27.37158203,27.78849983,683405
2018-06-19,27.77943611,28.26886177,27.67067528,28.0966568,935296
2018-06-20,28.19635582,28.36856079,27.07248878,27.82475471,849787
2018-06-21,27.44408989,27.90632439,26.87309265,26.87309265,608378
2018-06-22,27.14499664,27.87913322,26.55587196,27.55285072,475426
2018-06-25,27.46221542,27.9607048,27.01810837,27.73411942,657587
2018-06-26,27.86100769,28.0966568,27.42596245,27.77943611,375354
2018-06-27,28.0966568,28.0966568,26.76433182,27.19031334,367520
2018-06-28,27.19031334,27.19031334,26.83683968,27.05436134,410660
2018-06-29,26.88215637,27.34439087,26.31115913,26.51055527,1028417
2018-07-02,26.32928658,26.95466423,26.32928658,26.46523857,287970
2018-07-03,26.80964851,26.80964851,26.41992188,26.41992188,477853
2018-07-04,26.41992188,27.14499664,26.41992188,27.14499664,494514
2018-07-05,27.41689873,27.46221542,26.59212685,26.87309265,441664
2018-07-06,27.1721859,27.37158203,26.38366699,26.80964851,603523
2018-07-10,27.21750259,27.50753212,26.34741211,26.59212685,497383
2018-07-11,26.63744354,27.16312218,26.62837982,26.73714066,622059
2018-07-12,27.0362339,27.18124962,26.49242783,26.64650726,731620
2018-07-13,26.96372795,27.18124962,26.7099514,26.80058479,1208150
2018-07-16,26.52868271,27.45315361,26.52868271,27.45315361,1047505
2018-07-17,27.58004189,28.2326088,27.31720161,27.64348412,1251401
2018-07-18,27.48034286,27.72505569,27.05436134,27.47127914,174878
2018-07-19,27.19031334,27.21750259,26.70088768,26.96372795,2657380
2018-07-20,27.16312218,27.72505569,26.99998093,27.45315361,1413812
2018-07-23,27.30813789,27.68880272,26.70088768,26.82777405,12637147
2018-07-24,27.09061432,27.19031334,26.45617485,26.87309265,2440575
2018-07-25,26.86402893,27.91538811,26.74620438,27.63442039,1112381
2018-07-26,27.87007141,28.10572052,27.40783501,27.64348412,1877874
2018-07-27,27.82475471,27.87007141,27.19031334,27.38970947,1076854
2018-07-30,27.48034286,27.543787,27.07248878,27.38970947,602089
2018-07-31,27.24469376,27.67067528,27.18124962,27.47127914,875716
2018-08-01,27.29907417,28.0966568,27.29907417,28.04227638,791752
2018-08-02,27.91538811,27.92445183,27.48940659,27.55285072,971044
2018-08-03,27.68880272,27.75224686,26.90934563,27.73411942,819446
2018-08-06,27.69786453,27.98789406,27.19937515,27.19937515,368623
2018-08-07,27.29001045,27.36251831,26.30209541,26.64650726,1231100
2018-08-08,26.51961899,26.68276024,25.85798836,26.28396988,978988
2018-08-09,26.31115913,26.49242783,25.15103912,25.7401638,1693948
2018-08-10,25.57702065,25.64046478,24.88820076,25.24167442,1317822
2018-08-13,25.2326107,25.75828934,24.79756546,25.64046478,1096272
2018-08-14,25.83986092,25.93049431,25.17823029,25.93049431,857069
2018-08-15,25.48638725,25.61327553,24.57097816,25.19635773,1053684
2018-08-16,25.37762451,25.67671967,24.92445374,25.28699112,1272806
2018-08-17,25.24167442,25.45013237,24.78850174,25.42294312,693224
2018-08-20,25.31418037,25.68578148,24.92445374,25.68578148,566672
2018-08-21,25.3685627,25.43200684,24.85194588,25.07853127,938606
2018-08-22,24.88820076,25.54983139,24.61629677,25.37762451,982739
2018-08-23,25.45919609,25.66765594,25.06040573,25.15103912,1135551
2018-08-24,25.54983139,25.82173347,25.2779274,25.82173347,1938227
2018-08-27,25.8307972,26.86402893,25.8307972,26.83683968,771561
2018-08-28,26.87309265,27.40783501,26.65556908,26.65556908,1135772
2018-08-29,26.70088768,26.99091721,26.44711113,26.79152107,520773
2018-08-30,26.5739994,27.56191444,26.54680824,26.7552681,1630838
2018-08-31,26.90934563,28.21448135,26.7552681,27.37158203,1294321
2018-09-03,27.679739,28.08759308,27.36251831,28.08759308,481384
2018-09-04,28.0966568,28.0966568,27.1721859,27.48034286,1206275
2018-09-05,27.19031334,27.76131058,27.14499664,27.76131058,802234
2018-09-06,27.99695969,27.99695969,27.04529762,27.37158203,506099
2018-09-10,27.38970947,27.72505569,27.26281929,27.64348412,437802
2018-09-11,27.33532715,27.60723114,26.92747307,27.41689873,709112
2018-09-12,27.64348412,27.87007141,27.39877129,27.87007141,448836
2018-09-13,27.86100769,27.97883224,27.1721859,27.28094673,1002268
2018-09-14,27.55285072,27.70692825,26.85496521,27.19031334,348874
2018-09-17,26.98185349,27.60723114,26.96372795,27.55285072,461414
2018-09-18,27.50753212,27.87007141,27.25375748,27.46221542,402275
2018-09-19,27.41689873,27.99695969,27.06342506,27.37158203,452477
2018-09-20,27.50753212,28.06946564,27.50753212,27.76131058,3305588
2018-09-21,27.91538811,28.67671776,27.70692825,28.67671776,838864
2018-09-24,28.67671776,28.67671776,27.95164108,28.27792549,558949
2018-09-25,28.18729019,28.2326088,27.69786453,28.16916466,483039
2018-09-26,28.27792549,28.4229393,27.87007141,28.0966568,431734
2018-09-27,28.10572052,28.12384605,27.48034286,28.01508522,593152
2018-09-28,27.82475471,27.94257736,27.38064575,27.90632439,636734
2018-10-01,27.82475471,27.84288025,27.00904465,27.19031334,498927
2018-10-02,27.35345459,28.25979805,27.35345459,27.73411942,611688
2018-10-03,28.10572052,29.08457184,28.0966568,28.33230591,386608
2018-10-04,28.52263832,28.95768356,27.86100769,28.95768356,449387
2018-10-05,29.09363556,29.09363556,27.97883224,28.76735115,748722
2018-10-08,29.09363556,30.0815506,28.64046288,28.96674728,816467
2018-10-09,28.96674728,29.4380455,28.59514618,28.59514618,556852
2018-10-10,28.56795502,28.69484329,28.16010094,28.49544716,399075
2018-10-11,28.69484329,28.78547859,28.01508522,28.01508522,472888
2018-10-15,28.27792549,29.00300026,28.06040382,28.19635582,399075
2018-10-16,28.45919418,28.77641487,28.2326088,28.54982948,355383
2018-10-17,28.64046288,29.18426895,28.44106674,29.00300026,593152
2018-10-18,28.83985901,29.90028191,28.83985901,29.81871033,734599
2018-10-19,28.83985901,30.50753021,28.83985901,30.18124771,656594
2018-10-22,30.26281738,30.58910179,29.87309074,30.05435944,3141854
2018-10-23,29.92747116,30.19031143,29.67369461,29.90934372,461634
2018-10-24,30.09061241,30.29907227,29.23864937,29.59212494,413529
2018-10-25,30.4531517,30.4531517,28.98487473,29.25677681,878695
2018-10-26,29.35647583,29.46523666,28.76735115,29.41085434,924814
2018-10-29,29.97278786,30.00904274,29.27490425,29.27490425,751039
2018-10-30,29.44710922,30.5437851,29.14801407,30.4531517,823307
2018-10-31,30.42596054,31.38668442,30.29907227,31.26885986,671489
2018-11-01,31.25073242,31.64952469,30.76130676,30.90632248,492638
2018-11-05,30.8247509,31.49544525,30.64348221,31.49544525,824521
2018-11-06,31.38668442,32.26583862,31.02414703,32.26583862,788663
2018-11-07,32.44710541,32.60118484,31.57701683,32.3927269,680977
2018-11-08,32.40179062,32.60118484,31.76734924,32.10269547,498817
2018-11-09,31.8398571,32.59212112,31.64952469,32.50148773,1037575
2018-11-12,32.48336029,32.48336029,31.80360222,32.2567749,550453
2018-11-13,32.2567749,32.50148773,31.78547668,32.41991806,331331
2018-11-14,32.27272797,32.46363449,31.88181877,32.29999924,1123430
2018-11-16,32.67272568,32.70909119,32.11817932,32.55454636,286880
2018-11-19,32.5727272,32.99090958,32.32727051,32.79090881,583550
2018-11-21,32.63636398,32.71818161,32.23636246,32.31818008,886050
2018-11-22,32.44545364,32.61817932,32.17272568,32.36363602,311080
2018-11-23,32.36363602,32.6818161,31.85454559,32.27272797,484550
2018-11-26,32.2545433,32.27272797,31.65454483,32.20000076,965690
2018-11-27,32.31818008,33.1818161,31.9636364,33.0,674520
2018-11-28,33.0,34.53636169,32.79999924,34.0,4195290
2018-11-29,33.81818008,34.1818161,33.6818161,34.06363678,743160
2018-11-30,33.87272644,34.0,33.70909119,33.90000153,193490
2018-12-03,34.54545212,34.54545212,33.54545212,33.58181763,453090
2018-12-04,33.76363754,33.94545364,33.21818161,33.59090805,850630
2018-12-05,33.54545212,33.72727203,32.95454407,33.63636398,1634820
2018-12-06,33.50909042,34.17272568,32.9272728,33.98181915,1949310
2018-12-07,34.1090889,34.14545441,33.46363449,33.7545433,372790
2018-12-10,33.77272797,34.09090805,33.36363602,33.39090729,800800
2018-12-11,33.81818008,34.09090805,33.51818085,33.5727272,1484120
2018-12-12,33.94545364,34.56363678,33.63636398,33.81818008,1034660
2018-12-13,34.13636398,34.27272797,33.69091034,33.85454559,428670
2018-12-14,33.81818008,34.40908813,33.72727203,34.2545433,647130
2018-12-17,34.14545441,34.22727203,33.40908813,33.6090889,424930
2018-12-18,33.51818085,34.27272797,33.28181839,34.27272797,723690
2018-12-19,34.05454636,34.35454559,33.55454636,33.81818008,833250
2018-12-20,33.64545441,33.83636475,32.97272873,33.27272797,420970
2018-12-21,32.96363449,33.72727203,32.88181686,33.56363678,700040
2018-12-26,33.51818085,33.55454636,32.7545433,33.53636169,287650
2018-12-27,33.54545212,33.82727051,32.97272873,33.81818008,682660
2018-12-28,34.29090881,34.77272797,33.59999847,33.69091034,1482690
2019-01-02,33.93636322,34.77272797,33.70909119,34.54545212,1400190
2019-01-03,34.54545212,34.72727203,34.11817932,34.72727203,1156320
2019-01-04,34.83636475,35.01818085,34.37272644,35.0,1748230
2019-01-07,35.23636246,35.29999924,34.12727356,34.54545212,1755710
2019-01-08,34.59090805,34.70909119,34.1818161,34.36363602,1375330
2019-01-09,34.58181763,34.76363754,34.15454483,34.5,1354540
2019-01-10,34.5,35.40000153,34.34545517,35.24545288,5197720
2019-01-11,35.24545288,35.31818008,34.49090958,35.0,902990
2019-01-14,35.0727272,35.63636398,34.76363754,35.63636398,866030
2019-01-15,35.54545212,36.06363678,35.48181915,35.59090805,1234310
2019-01-16,35.90908813,35.90908813,34.88181686,35.6818161,635360
2019-01-17,35.6818161,36.12727356,35.35454559,36.09090805,2252360
2019-01-18,36.22727203,36.29090881,35.86363602,36.00909042,924880
2019-01-21,36.12727356,36.89090729,35.77272797,36.54545212,678590
2019-01-22,36.59999847,36.81818008,36.21818161,36.54545212,953590
2019-01-23,36.93636322,37.44545364,36.53636169,37.1818161,2739440
2019-01-24,37.63636398,37.80908966,37.32727051,37.80908966,1126070
2019-01-28,37.70909119,38.32727051,37.37272644,38.32727051,775610
2019-01-29,38.35454559,38.53636169,37.91818237,38.41818237,666490
2019-01-30,38.44545364,38.44545364,37.79999924,38.24545288,530090
2019-01-31,38.28181839,38.28181839,37.65454483,37.90908813,1746690
2019-02-01,37.9272728,38.64545441,37.32727051,38.36363602,1040160
2019-02-04,38.20000076,38.48181915,37.83636475,38.48181915,671880
2019-02-05,38.48181915,38.6090889,37.45454407,38.0,4748590
2019-02-06,37.97272873,38.04545212,37.19091034,38.04545212,721930
2019-02-07,38.01818085,38.01818085,36.80908966,37.0727272,702020
2019-02-08,37.0727272,37.26363754,36.52727127,37.09090805,613030
2019-02-11,37.17272568,37.54545212,36.45454407,37.54545212,816090
2019-02-12,37.70000076,38.27272797,36.95454407,38.0,1056550
2019-02-13,38.15454483,38.23636246,37.49090958,37.88181686,382580
2019-02-14,37.82727051,38.27272797,37.11817932,37.96363449,1339690
2019-02-15,37.95454407,38.32727051,37.90908813,38.21818161,860640
2019-02-18,38.22727203,38.22727203,37.66363525,37.90908813,155100
2019-02-19,38.27272797,38.54545212,38.00909042,38.26363754,307120
2019-02-20,38.19091034,38.30908966,38.0,38.03636169,615230
2019-02-21,38.22727203,38.22727203,37.35454559,37.86363602,233530
2019-02-22,38.09090805,38.09090805,37.45454407,37.70909119,244750
2019-02-25,37.90908813,37.95454407,37.33636475,37.56363678,286330
2019-02-26,37.91818237,37.94545364,37.40908813,37.76363754,304480
2019-02-27,37.72727203,37.81818008,37.40000153,37.46363449,645040
2019-02-28,37.13636398,37.14545441,36.29999924,36.54545212,4822400
2019-03-01,36.86363602,36.86363602,35.93636322,36.16363525,588720
2019-03-06,36.33636475,36.40908813,35.28181839,35.32727051,266200
2019-03-07,35.54545212,35.85454559,35.1818161,35.36363602,450230
2019-03-08,35.2545433,36.09090805,35.2545433,36.05454636,792000
2019-03-11,35.90908813,36.04545212,35.55454636,35.93636322,532840
2019-03-12,35.85454559,36.80908966,35.59999847,36.6090889,972950
2019-03-13,36.64545441,37.24545288,36.36363602,37.1818161,326260
2019-03-14,38.02727127,38.1090889,37.49090958,37.87272644,849310
2019-03-15,38.00909042,38.44545364,37.96363449,38.29090881,241890
2019-03-18,39.04545212,39.04545212,38.38181686,38.69091034,883740
2019-03-19,38.72727203,38.72727203,38.05454636,38.48181915,695090
2019-03-20,38.72727203,38.72727203,37.89090729,38.15454483,1129260
2019-03-21,38.19091034,38.39090729,36.99090958,37.47272873,600490
2019-03-22,37.29090881,37.32727051,36.82727051,37.15454483,727430
2019-03-25,37.00909042,37.22727203,36.36363602,36.63636398,636680
2019-03-26,36.43636322,37.20909119,36.26363754,37.16363525,971410
2019-03-27,36.6818161,36.70909119,35.79090881,36.39090729,461780
2019-03-28,36.61817932,37.06363678,35.55454636,37.06363678,1040820
2019-03-29,37.40000153,37.40000153,36.58181763,36.61817932,582560
2019-04-01,36.38181686,36.93636322,36.19091034,36.79999924,352000
2019-04-02,36.97272873,37.16363525,36.70909119,37.0,463650
2019-04-03,37.1818161,37.27272797,36.91818237,36.96363449,1372690
2019-04-04,36.84545517,37.0,36.38181686,36.41818237,370370
2019-04-05,36.95454407,37.29090881,36.70000076,37.01818085,435160
2019-04-08,36.96363449,37.02727127,36.51818085,36.6090889,305910
2019-04-09,36.56363678,36.65454483,35.95454407,36.05454636,457050
2019-04-10,36.63636398,36.79090881,35.87272644,36.27272797,429660
2019-04-11,36.11817932,36.56363678,35.72727203,35.79999924,286880
2019-04-12,35.66363525,36.0,35.29999924,35.5,384560
2019-04-15,35.47272873,36.09999847,35.4272728,35.81818008,547800
2019-04-16,35.72727203,36.31818008,35.47272873,36.03636169,1147300
2019-04-17,36.2545433,36.29090881,35.13636398,35.45454407,1150380
2019-04-18,35.63636398,36.24545288,35.12727356,36.11817932,802010
2019-04-22,36.2545433,37.24545288,35.82727051,36.77272797,725670
2019-04-23,36.78181839,36.9272728,36.27272797,36.58181763,715110
2019-04-24,36.46363449,36.65454483,36.1818161,36.65454483,780670
2019-04-25,36.45454407,37.49090958,36.36363602,37.09090805,1136520
2019-04-26,37.13636398,37.24545288,36.86363602,36.86363602,418660
2019-04-29,37.5,37.6090889,36.69091034,37.22727203,1240140
2019-04-30,37.43636322,38.09999847,37.33636475,38.0,965030
2019-05-02,38.0,38.40000153,37.65454483,38.1818161,1576740
2019-05-03,38.31818008,38.86363602,38.06363678,38.06363678,1072830
2019-05-06,37.95454407,38.33636475,37.72727203,38.24545288,850080
2019-05-07,38.04545212,38.5727272,37.99090958,38.5,976580
2019-05-08,38.67272568,38.85454559,38.23636246,38.66363525,1427030
2019-05-09,38.70000076,38.82727051,38.26363754,38.82727051,556820
2019-05-10,38.54545212,38.59999847,37.69091034,38.0,5639150
2019-05-13,37.90000153,37.90000153,37.28181839,37.64545441,608520
2019-05-14,38.1818161,39.31818008,37.96363449,38.90000153,4185500
2019-05-15,38.90000153,39.27272797,38.21818161,38.95454407,2151930
2019-05-16,38.95454407,39.65454483,38.70000076,38.90000153,2087690
2019-05-17,38.6818161,39.24545288,38.5,39.09090805,1942050
2019-05-20,38.94545364,39.80908966,38.88181686,39.36363602,2046110
2019-05-21,39.52727127,40.09090805,39.29999924,39.99090958,4033810
2019-05-22,40.09090805,40.85454559,40.09090805,40.31818008,4886090
2019-05-23,40.09090805,40.34545517,39.66363525,39.84545517,3084620
2019-05-24,39.90908813,40.08181763,38.6818161,39.0,2216940
2019-05-27,39.66363525,39.66363525,38.99090958,39.36363602,1998150
2019-05-28,39.70909119,39.79090881,38.70000076,39.20909119,3013780
2019-05-29,39.61817932,39.78181839,38.78181839,39.09090805,2485010
2019-05-30,39.09090805,39.76363754,38.78181839,39.46363449,1952830
2019-05-31,39.5,40.95454407,39.37272644,40.91818237,3042600
2019-06-03,41.04545212,41.20909119,40.04545212,40.71818161,1927970
2019-06-04,40.91818237,41.1090889,39.85454559,41.02727127,2196590
2019-06-05,41.26363754,41.26363754,40.40000153,40.52727127,745030
2019-06-06,40.72727203,40.76363754,40.20909119,40.54545212,2168320
2019-06-07,40.43636322,40.95454407,40.23636246,40.6818161,1807740
2019-06-10,40.63636398,40.63636398,39.7545433,39.98181915,1225400
2019-06-11,40.22727203,40.31818008,39.59090805,40.29999924,999790
2019-06-12,40.44545364,40.89090729,39.83636475,40.89090729,2489300
2019-06-13,40.91818237,41.99090958,40.76363754,41.32727051,1246300
2019-06-14,41.39090729,41.39090729,40.69091034,41.20000076,984390
2019-06-17,41.27272797,41.43636322,40.87272644,40.95454407,1130580
2019-06-18,40.90000153,41.03636169,40.31818008,40.59999847,1558480
2019-06-19,40.51818085,41.17272568,40.14545441,41.09090805,1243220
2019-06-21,40.9272728,41.46363449,40.52727127,41.45454407,2199890
2019-06-24,41.36363602,41.44545364,40.79090881,40.87272644,1023220
2019-06-25,40.99090958,40.99090958,39.73636246,40.09999847,1379180
2019-06-26,40.53636169,40.70909119,39.7545433,40.13636398,1864720
2019-06-27,40.58181763,41.28181839,39.7545433,41.09999847,705760
2019-06-28,41.40908813,41.81818008,41.1818161,41.81818008,1095710
2019-07-01,41.81818008,41.86363602,41.39090729,41.44545364,1522180
2019-07-02,41.54545212,41.76363754,40.88181686,41.15454483,918170
2019-07-03,41.12727356,42.06363678,41.02727127,41.90908813,1144440
2019-07-04,42.0,42.81818008,41.71818161,42.81818008,547250
2019-07-05,42.72727203,42.96363449,42.1818161,42.1818161,2010910
2019-07-08,42.47272873,43.19091034,42.15454483,42.81818008,1129040
2019-07-10,43.29090881,44.82727051,42.81818008,44.49090958,1525920
2019-07-11,44.04545212,44.70000076,43.9272728,44.36363602,1441550
2019-07-12,44.34545517,44.6090889,43.61817932,43.61817932,583330
2019-07-15,43.81818008,43.84545517,43.34545517,43.63636398,870980
2019-07-16,43.63636398,44.49090958,43.47272873,44.40908813,702790
2019-07-17,44.61817932,44.61817932,43.9272728,43.9272728,654940
2019-07-18,44.09090805,44.29090881,43.5727272,44.29090881,679030
2019-07-19,44.13636398,44.29999924,43.52727127,44.27272797,987250
2019-07-22,44.72727203,44.73636246,43.7545433,44.40908813,889020
2019-07-23,44.40908813,45.09090805,43.63636398,44.9272728,1573440
2019-07-24,45.0727272,45.08181763,43.69091034,43.89090729,1162150
2019-07-25,43.81818008,44.09090805,43.19091034,43.65454483,980320
2019-07-26,43.56363678,43.99090958,43.39090729,43.73636246,916850
2019-07-29,43.73636246,44.1818161,43.49090958,44.1818161,757130
2019-07-30,44.26363754,44.70909119,43.80908966,44.70909119,934780
2019-07-31,44.59090805,44.94545364,44.23636246,44.90908813,1232880
2019-08-01,44.90908813,46.0,44.81818008,45.6090889,1386550
2019-08-02,45.48181915,46.04545212,44.70000076,45.6818161,1370710
2019-08-05,45.45454407,45.45454407,44.66363525,45.0,954800
2019-08-06,44.85454559,45.43636322,44.77272797,45.09090805,821700
2019-08-07,44.89090729,45.13636398,44.34545517,44.78181839,656480
2019-08-08,44.9272728,46.20909119,44.9272728,45.81818008,1052920
2019-08-09,45.5,46.36363602,44.89090729,46.36363602,955460
2019-08-12,46.13636398,46.13636398,44.70909119,45.64545441,1114960
2019-08-13,45.64545441,46.02727127,44.88181686,45.82727051,890010
2019-08-14,45.76363754,45.77272797,44.16363525,44.67272568,994510
2019-08-15,44.67272568,45.01818085,43.70000076,44.21818161,1044890
2019-08-16,45.05454636,45.23636246,44.22727203,44.99090958,1092850
2019-08-19,44.59999847,45.54545212,44.13636398,44.48181915,685960
2019-08-20,44.15454483,44.15454483,43.49090958,43.63636398,1387210
2019-08-21,44.1090889,44.1818161,43.31818008,43.81818008,2363130
2019-08-22,43.5,44.21818161,43.49090958,43.63636398,1954370
2019-08-23,43.19091034,43.62727356,42.0727272,42.83636475,1206370
2019-08-26,42.84545517,43.36363602,41.62727356,41.96363449,535370
2019-08-27,42.58181763,42.58181763,41.24545288,42.40908813,997480
2019-08-28,42.09090805,42.62727356,41.73636246,42.09090805,1387430
2019-08-29,42.12727356,42.78181839,42.12727356,42.61817932,732710
2019-08-30,42.95454407,43.43636322,42.44545364,42.95454407,1293710
2019-09-02,42.96363449,43.84545517,42.96363449,43.5,1874620
2019-09-03,43.53636169,43.85454559,42.5727272,43.09999847,1823690
2019-09-04,43.40000153,43.67272568,42.35454559,43.63636398,1613260
2019-09-05,43.64545441,44.09999847,43.11817932,43.76363754,1801800
2019-09-06,44.1090889,44.20000076,43.58181763,43.9272728,1683110
2019-09-09,44.09090805,44.37272644,41.6818161,41.6818161,2609090
2019-09-10,41.56363678,42.30908966,40.93636322,42.20000076,1308890
2019-09-11,42.71818161,43.66363525,42.59999847,43.13636398,1063920
2019-09-12,43.5,43.65454483,43.13636398,43.53636169,627220
2019-09-13,43.51818085,44.20909119,42.56363678,43.34545517,663190
2019-09-16,43.90908813,43.93636322,43.13636398,43.70000076,708510
2019-09-17,44.19091034,44.34545517,43.76363754,44.2545433,1303720
2019-09-18,43.98181915,44.5727272,43.91818237,44.54545212,955790
2019-09-19,44.54545212,46.19091034,44.54545212,46.0,2515260
2019-09-20,46.69091034,46.69091034,45.36363602,46.44545364,3383710
2019-09-23,46.09090805,46.16363525,45.41818237,45.88181686,741070
2019-09-24,45.84545517,45.85454559,45.0727272,45.73636246,1921370
2019-09-25,45.40908813,46.12727356,44.6818161,45.06363678,1926650
2019-09-26,44.98181915,45.61817932,44.55454636,45.45454407,1724030
2019-09-27,45.24545288,45.45454407,44.72727203,44.90000153,911680
2019-09-30,44.77272797,45.56363678,44.77272797,45.2545433,510840
2019-10-01,45.40908813,45.40908813,44.50909042,44.83636475,669130
2019-10-02,44.46363449,44.53636169,43.83636475,44.26363754,721930
2019-10-03,44.1090889,44.56363678,43.84545517,44.27272797,1047970
2019-10-04,44.40000153,45.48181915,44.32727051,45.21818161,1351130
2019-10-07,45.2545433,45.6090889,44.80908966,45.01818085,1282600
2019-10-08,45.00909042,45.09999847,44.13636398,44.36363602,885390
2019-10-09,44.59090805,44.87272644,44.1818161,44.77272797,441100
2019-10-10,44.62727356,44.86363602,44.39090729,44.81818008,593890
2019-10-11,44.87272644,45.27272797,44.55454636,45.17272568,927190
2019-10-14,45.04545212,45.27272797,44.41818237,44.74545288,1065900
2019-10-15,44.85454559,44.86363602,42.0,43.06363678,3688850
2019-10-16,43.1818161,43.89090729,42.0,43.45454407,3791590
2019-10-17,43.62727356,43.62727356,42.87272644,42.98181915,1062490
2019-10-18,42.70000076,43.51818085,42.63636398,43.06363678,1188000
2019-10-21,42.90908813,43.24545288,42.52727127,43.03636169,407330
2019-10-22,43.17272568,43.53636169,42.62727356,42.81818008,1113750
2019-10-23,42.87272644,42.88181686,41.93636322,42.11817932,624030
2019-10-24,42.20000076,42.47272873,41.56363678,42.16363525,588280
2019-10-25,42.49090958,42.5727272,41.40000153,41.54545212,1272810
2019-10-28,41.54545212,42.1090889,41.19091034,41.95454407,1335510
2019-10-29,41.95454407,43.0727272,41.93636322,42.5727272,1308450
2019-10-30,42.59090805,43.49090958,42.32727051,43.0727272,1115510
2019-10-31,43.23636246,43.67272568,42.85454559,43.63636398,2364670
2019-11-01,43.82727051,43.98181915,42.93636322,43.0,3435080
2019-11-04,43.1818161,43.28181839,42.36363602,42.52727127,664620
2019-11-05,42.12727356,42.49090958,41.0,41.96363449,4530130
2019-11-06,42.0,42.59090805,41.64545441,42.56363678,867570
2019-11-07,42.86363602,43.37272644,42.6818161,43.04545212,1803890
2019-11-08,43.36363602,43.4272728,42.64545441,42.79999924,538340
2019-11-11,42.80908966,43.04545212,42.26363754,42.93636322,699820
2019-11-12,43.51818085,43.88181686,42.61817932,43.23636246,556270
2019-11-13,43.54545212,43.97272873,42.82727051,43.09999847,596310
2019-11-14,43.64545441,44.09999847,43.03636169,44.0727272,616770
2019-11-18,44.40000153,44.5727272,43.84545517,43.91818237,345290
2019-11-19,43.76363754,43.99090958,43.15454483,43.43636322,221100
2019-11-21,43.28181839,43.63636398,42.69091034,42.9272728,751300
2019-11-22,43.03636169,43.05454636,41.70909119,42.24545288,805420
2019-11-25,42.52727127,42.56363678,42.14545441,42.22727203,3523410
2019-11-26,42.23636246,42.29090881,40.76363754,41.78181839,1137400
2019-11-27,42.26363754,42.26363754,41.27272797,41.71818161,428890
2019-11-28,42.11817932,42.2545433,41.65454483,41.85454559,172040
2019-11-29,41.84545517,42.14545441,41.5727272,41.69091034,350130
2019-12-02,41.79999924,41.86363602,41.01818085,41.73636246,2415050
2019-12-03,41.6818161,42.37272644,41.43636322,42.28181839,663850
2019-12-04,42.50909042,43.70909119,42.50909042,43.70000076,1484230
2019-12-05,43.84545517,44.61817932,43.40000153,44.6090889,826430
2019-12-06,44.81818008,45.44545364,44.61817932,45.21818161,573980
2019-12-09,45.24545288,45.91818237,44.94545364,45.44545364,704770
2019-12-10,45.26363754,45.37272644,44.70000076,44.96363449,392480
2019-12-11,45.1818161,45.51818085,45.01818085,45.38181686,285670
2019-12-12,45.44545364,45.93636322,45.26363754,45.81818008,1091970
2019-12-13,45.90000153,47.19091034,45.90000153,46.54545212,706310
2019-12-16,46.52727127,46.99090958,46.12727356,46.83636475,627550
2019-12-17,46.77272797,47.43636322,46.08181763,46.13636398,616770
2019-12-18,46.47272873,47.12727356,46.22727203,47.09090805,706640
2019-12-19,46.89090729,47.31818008,46.56363678,47.12727356,481140
2019-12-20,47.66363525,47.66363525,47.04545212,47.16363525,384230
2019-12-23,46.90908813,47.20000076,46.62727356,46.84545517,502810
2019-12-26,47.72727203,48.01818085,47.23636246,47.97272873,594990
2019-12-27,48.63636398,48.82727051,47.83636475,48.27272797,443960
2019-12-30,48.70000076,49.55454636,48.49090958,49.30908966,438350
2020-01-02,48.89090729,48.89090729,48.16363525,48.44545364,636020
2020-01-03,48.55454636,49.79090881,48.28181839,49.28181839,536360
2020-01-06,49.45454407,49.62727356,48.45454407,49.43636322,276210
2020-01-07,49.21818161,49.21818161,48.55454636,48.85454559,381810
2020-01-08,48.78181839,49.32727051,48.02727127,48.81818008,1767700
2020-01-09,49.56363678,49.89090729,49.08181763,49.74545288,775280
2020-01-10,49.81818008,50.35454559,49.70909119,50.05454636,499070
2020-01-13,50.49090958,50.80908966,49.99090958,50.15454483,643500
2020-01-14,50.22727203,50.22727203,49.48181915,49.54545212,440440
2020-01-15,50.02727127,50.0727272,49.40000153,49.73636246,512270
2020-01-16,49.89090729,49.90908813,49.33636475,49.80908966,448690
2020-01-17,49.72727203,50.06363678,49.20000076,49.54545212,886820
2020-01-20,49.72727203,49.81818008,49.30908966,49.72727203,405130
2020-01-21,49.09090805,49.84545517,48.9272728,49.51818085,427350
2020-01-22,49.9272728,50.90908813,49.63636398,50.54545212,1143670
2020-01-23,50.54545212,50.95454407,49.64545441,50.59999847,521070
2020-01-24,50.5,50.97272873,50.38181686,50.81818008,258940
2020-01-27,50.65454483,51.09090805,50.03636169,51.09090805,658790
2020-01-28,51.11817932,52.45454407,50.87272644,52.19091034,684310
2020-01-29,51.96363449,52.27272797,51.70909119,51.94545364,316030
2020-01-30,51.26363754,51.94545364,50.89090729,51.44545364,1363340
2020-01-31,50.47272873,51.22727203,50.08181763,50.79999924,502590
2020-02-03,50.03636169,52.29999924,50.03636169,52.02727127,492140
2020-02-04,52.28181839,54.24545288,52.28181839,53.59090805,2178330
2020-02-05,52.78181839,54.36363602,52.78181839,53.7545433,750530
2020-02-06,53.63636398,53.98181915,52.74545288,52.94545364,783310
2020-02-07,52.62727356,52.6818161,51.86363602,52.14545441,491040
2020-02-10,51.95454407,52.49090958,50.99090958,51.02727127,673750
2020-02-11,50.59999847,52.29090881,50.55454636,51.80908966,346280
2020-02-12,52.1090889,53.71818161,52.1090889,53.55454636,561880
2020-02-13,53.00909042,53.79999924,52.44545364,52.67272568,526570
2020-02-14,52.79090881,53.09999847,52.06363678,52.51818085,177870
2020-02-17,53.0,53.96363449,52.63636398,53.74545288,636680
2020-02-18,53.45454407,53.90000153,53.0727272,53.59090805,462880
2020-02-19,53.48181915,54.09090805,53.34545517,53.77272797,563200
2020-02-20,53.22727203,53.49090958,52.51818085,53.08181763,560560
2020-02-21,52.72727203,53.72727203,52.15454483,53.38181686,266090
2020-02-26,50.09090805,52.47272873,49.6090889,51.22727203,1541650
2020-02-27,51.20909119,51.62727356,50.0,50.43636322,1329020
2020-02-28,49.14545441,49.54545212,47.56363678,48.29999924,2620310
2020-03-02,49.12727356,51.41818237,49.09090805,50.91818237,704440
2020-03-03,51.0727272,54.45454407,50.86363602,52.04545212,1339580
2020-03-04,52.72727203,54.50909042,52.37272644,54.40000153,1128490
2020-03-05,54.40908813,54.94545364,51.90908813,52.06363678,1576190
2020-03-06,49.09090805,51.16363525,49.00909042,50.67272568,1210000
2020-03-09,47.46363449,47.85454559,45.98181915,46.21818161,2398770
2020-03-10,47.72727203,48.33636475,44.52727127,47.09090805,3100020
2020-03-11,46.41818237,46.48181915,40.43636322,43.78181839,2043690
2020-03-12,39.14545441,41.0727272,36.5727272,37.50909042,2326610
2020-03-13,42.27272797,42.27272797,37.22727203,42.27272797,1720620
2020-03-16,40.80908966,40.90908813,37.27272797,39.2545433,2402730
2020-03-17,40.0,42.71818161,38.88181686,41.73636246,1871980
2020-03-18,37.77272797,39.91818237,32.59090805,36.40908813,2937550
2020-03-19,35.20909119,39.61817932,33.9272728,39.49090958,1395680
2020-03-20,38.90908813,39.74545288,34.38181686,34.95454407,2043360
2020-03-23,34.95454407,34.95454407,30.79090881,32.27272797,2079220
2020-03-24,33.41818237,34.52727127,31.81818008,32.27272797,2807750
2020-03-25,32.15454483,33.20909119,29.97272682,32.88181686,3815240
2020-03-26,33.22727203,36.54545212,33.22727203,35.61817932,2869020
2020-03-27,34.73636246,35.40000153,33.63636398,33.63636398,2475770
2020-03-30,34.54545212,35.40908813,32.95454407,34.47272873,1926980
2020-03-31,34.09090805,36.39090729,33.74545288,34.36363602,2370610
2020-04-01,33.17272568,34.22727203,31.95454407,32.59090805,3938330
2020-04-02,33.63636398,33.77272797,31.90909004,32.72727203,4550150
2020-04-03,32.72727203,33.62727356,32.27272797,32.72727203,3410330
2020-04-06,34.09090805,35.74545288,33.70000076,34.63636398,1558590
2020-04-07,35.86363602,38.6090889,34.6090889,34.72727203,2871220
2020-04-08,34.83636475,36.79090881,33.90908813,36.54545212,3107170
2020-04-09,37.38181686,39.29999924,37.13636398,38.15454483,2827440
2020-04-13,37.66363525,37.76363754,36.49090958,37.63636398,1183930
2020-04-14,38.36363602,38.90908813,37.83636475,37.83636475,1598850
2020-04-15,37.24545288,38.64545441,36.79999924,37.33636475,1687620
2020-04-16,37.86363602,38.71818161,36.59090805,38.00909042,1856800
2020-04-17,38.20909119,39.5,37.71818161,39.26363754,1820720
2020-04-20,39.09090805,41.02727127,38.43636322,40.62727356,2851090
2020-04-22,40.79999924,42.7545433,40.62727356,42.44545364,2359940
2020-04-23,43.1090889,43.53636169,40.29090881,41.31818008,2336290
2020-04-24,40.54545212,40.54545212,37.70000076,38.6090889,1774300
2020-04-27,39.09090805,41.59999847,39.09090805,40.54545212,2580600
2020-04-28,41.81818008,42.27272797,40.74545288,42.27272797,2160730
2020-04-29,43.16363525,43.1818161,41.30908966,42.02727127,2941950
2020-04-30,41.81818008,42.51818085,40.6090889,41.48181915,3887950
2020-05-04,38.38181686,39.43636322,37.28181839,38.47272873,3227400
2020-05-05,38.40908813,40.35454559,38.40908813,39.27272797,2702700
2020-05-06,39.28181839,39.62727356,37.58181763,37.98181915,3235650
2020-05-07,38.54545212,38.55454636,35.53636169,36.1818161,3877940
2020-05-08,37.2545433,37.58181763,35.82727051,37.1090889,2121570
2020-05-11,36.90908813,37.79090881,36.36363602,37.52727127,1390950
2020-05-12,37.1090889,38.36363602,36.74545288,37.40000153,1924670
2020-05-13,37.33636475,37.41818237,35.46363449,35.95454407,1761870
2020-05-14,35.59090805,37.89090729,34.62727356,37.72727203,1255540
2020-05-15,37.79999924,38.95454407,37.27272797,38.1818161,2157650
2020-05-18,38.72727203,40.29999924,38.32727051,40.26363754,2409880
2020-05-19,40.00909042,40.53636169,38.94545364,39.08181763,1771550
2020-05-20,38.88181686,39.43636322,37.85454559,37.91818237,1464430
2020-05-21,37.71818161,39.33636475,37.54545212,38.94545364,1663090
2020-05-22,38.51818085,39.63636398,38.04545212,39.09090805,1632070
2020-05-25,40.70000076,41.90908813,40.0727272,40.9272728,2628670
2020-05-26,41.71818161,41.83636475,40.37272644,40.63636398,2801260
2020-05-27,40.59090805,43.40908813,40.59090805,42.65454483,2516360
2020-05-28,42.04545212,42.98181915,41.6818161,42.62727356,1571680
2020-05-29,42.67272568,43.20000076,41.79090881,42.71818161,2319460
2020-06-01,43.20000076,44.03636169,42.1818161,42.62727356,1275010
2020-06-02,42.98181915,43.31818008,42.2545433,42.63636398,1894640
2020-06-03,42.90908813,44.53636169,42.55454636,43.11817932,2306040
2020-06-04,44.50909042,44.50909042,41.50909042,42.7545433,2738230
2020-06-05,43.44545364,44.26363754,42.70000076,43.06363678,2141590
2020-06-08,43.23636246,46.24545288,43.16363525,45.5727272,1562220
2020-06-09,44.79999924,45.90908813,44.47272873,45.13636398,1009470
2020-06-10,44.70000076,45.47272873,43.36363602,43.84545517,1409760
2020-06-12,43.09090805,44.33636475,42.29090881,44.33636475,2355100
2020-06-15,43.62727356,44.4272728,42.89090729,44.11817932,1475100
2020-06-16,44.69091034,45.27272797,43.72727203,43.84545517,1288100
2020-06-17,44.12727356,45.74545288,43.79999924,44.63636398,1268190
2020-06-18,44.46363449,44.87272644,43.47272873,43.59090805,1214730
2020-06-19,43.63636398,45.16363525,43.45454407,44.86363602,2615250
2020-06-22,44.41818237,44.70000076,43.78181839,44.17272568,1101320
2020-06-23,45.09090805,45.12727356,42.85454559,43.58181763,1288760
2020-06-24,43.79999924,43.79999924,42.22727203,43.33636475,852830
2020-06-25,43.40000153,44.31818008,42.70000076,44.31818008,966680
2020-06-26,43.65454483,44.09090805,42.94545364,43.28181839,810150
2020-06-29,42.96363449,44.29999924,42.95454407,44.29999924,675510
2020-06-30,43.78181839,45.23636246,43.45454407,45.19091034,1269510
2020-07-01,44.84545517,45.86363602,43.91818237,43.95454407,1354870
2020-07-02,44.44545364,44.52727127,42.82727051,43.12727356,1939740
2020-07-03,42.77272797,43.35454559,42.6818161,42.95454407,1117160
2020-07-06,43.63636398,43.76363754,42.21818161,42.95454407,2005850
2020-07-07,42.77272797,43.61817932,42.67272568,43.32727051,1613150
2020-07-08,43.6090889,44.24545288,43.1090889,43.63636398,1325060
2020-07-09,43.78181839,43.87272644,43.05454636,43.40000153,1036420
2020-07-10,42.95454407,43.74545288,42.78181839,43.24545288,1913890
2020-07-13,42.95454407,43.72727203,42.09999847,42.09999847,2506680
2020-07-14,42.22727203,42.86363602,41.90000153,42.1818161,1303720
2020-07-15,42.20000076,42.6818161,41.24545288,42.47272873,3575220
2020-07-16,42.27272797,43.40000153,42.09999847,42.1090889,3213870
2020-07-17,42.1090889,43.6818161,42.02727127,43.56363678,1340460
2020-07-20,42.90908813,43.96363449,42.90908813,43.38181686,1744820
2020-07-21,43.43636322,43.84545517,42.51818085,42.88181686,1351570
2020-07-22,43.22727203,44.46363449,42.78181839,44.01818085,1116170
2020-07-23,43.98181915,44.6818161,43.82727051,44.12727356,1453980
2020-07-24,43.73636246,44.59999847,43.5727272,43.73636246,1128710
2020-07-27,43.63636398,45.79090881,43.20909119,45.0,2204840
2020-07-28,44.99090958,46.37272644,44.82727051,45.6818161,2278430
2020-07-29,45.59999847,46.09999847,44.89090729,44.89090729,1018820
2020-07-30,44.89090729,45.99090958,44.5727272,45.09090805,1324510
2020-07-31,45.35454559,45.74545288,44.31818008,44.31818008,1469380
2020-08-03,44.6818161,45.1090889,44.24545288,44.84545517,2080650
2020-08-04,44.31818008,44.90908813,43.4272728,43.52727127,2295040
2020-08-05,43.94545364,44.6818161,43.34545517,43.82727051,903870
2020-08-06,43.62727356,45.79999924,43.44545364,44.90000153,1401950
2020-08-07,44.54545212,45.05454636,43.95454407,44.47272873,1486320
2020-08-10,44.81818008,45.16363525,44.0727272,44.76363754,1378190
2020-08-11,45.20000076,45.20000076,43.16363525,43.63636398,1798940
2020-08-12,43.80908966,44.08181763,42.17272568,42.27272797,1780130
2020-08-13,42.67272568,42.85454559,40.78181839,40.78181839,1160720
2020-08-14,40.67272568,41.44545364,40.09090805,41.11817932,5401880
2020-08-17,40.83636475,41.19091034,38.98181915,39.55454636,2657160
2020-08-18,40.52727127,41.27272797,40.14545441,41.12727356,2010030
2020-08-19,40.97272873,41.0727272,39.89090729,39.89090729,2233000
2020-08-20,38.81818008,40.63636398,38.72727203,40.41818237,1504030
2020-08-21,40.72727203,41.63636398,39.88181686,41.11817932,1763520
2020-08-24,41.29999924,41.54545212,40.30908966,41.29999924,1657040
2020-08-25,41.40908813,41.51818085,40.6090889,40.79999924,1343320
2020-08-26,40.55454636,41.08181763,39.5727272,40.31818008,2189000
2020-08-27,40.16363525,40.71818161,39.84545517,40.19091034,1156430
2020-08-28,40.53636169,41.54545212,40.24545288,41.54545212,1316370
2020-08-31,40.9272728,41.32727051,39.70000076,39.98181915,1657700
2020-09-01,39.82727051,40.83636475,39.5727272,40.29999924,1992320
2020-09-02,40.24545288,40.69091034,39.82727051,40.43636322,1067220
2020-09-03,40.2545433,41.24545288,39.56363678,39.56363678,1398650
2020-09-04,40.17272568,40.37272644,39.19091034,40.02727127,872080
2020-09-08,39.19091034,40.31818008,39.19091034,39.79999924,1640760
2020-09-09,40.15454483,41.41818237,40.14545441,40.73636246,1535160
2020-09-10,40.95454407,41.14545441,39.73636246,39.99090958,1713910
2020-09-11,40.05454636,40.05454636,38.29999924,39.72727203,2717110
2020-09-14,39.95454407,41.45454407,39.62727356,40.94545364,2006400
2020-09-15,41.16363525,41.36363602,40.23636246,40.41818237,2686310
2020-09-16,40.51818085,41.79090881,40.51818085,41.47272873,1647140
2020-09-17,41.02727127,41.09999847,40.43636322,40.66363525,1308010
2020-09-18,40.7545433,40.98181915,38.90908813,39.09090805,7710230
2020-09-21,38.62727356,39.38181686,37.93636322,38.79999924,1364990
2020-09-22,39.09090805,39.17272568,38.15454483,38.86363602,1050720
2020-09-23,38.86363602,39.03636169,37.56363678,37.76363754,1183930
2020-09-24,37.78181839,38.80908966,37.65454483,38.40000153,2089890
2020-09-25,38.40908813,38.56363678,37.55454636,38.2545433,972400
2020-09-28,38.48181915,38.99090958,36.71818161,37.72727203,1849540
2020-09-29,37.26363754,37.33636475,36.27272797,37.23636246,1426810
2020-09-30,36.69091034,38.0,36.69091034,37.54545212,1973730
2020-10-01,37.53636169,37.53636169,36.76363754,37.31818008,1970430
2020-10-02,37.21818161,37.58181763,36.20909119,36.37272644,982630
2020-10-05,36.40908813,37.48181915,35.69091034,37.19091034,1198230
2020-10-06,37.32727051,37.79999924,36.44545364,36.79999924,1441660
2020-10-07,36.96363449,37.04545212,35.83636475,36.5,2054580
2020-10-08,36.48181915,37.16363525,36.22727203,36.65454483,1406570
2020-10-09,36.70000076,37.08181763,36.26363754,36.31818008,1132890
2020-10-13,36.36363602,37.0,35.95454407,36.87272644,946220
2020-10-14,36.79090881,37.23636246,36.55454636,37.09090805,1196360
2020-10-15,36.62727356,37.89090729,36.51818085,37.89090729,1889250
2020-10-16,37.87272644,38.01818085,37.24545288,37.93636322,1625470
2020-10-19,38.01818085,38.49090958,37.64545441,38.04545212,707410
2020-10-20,38.56363678,39.28181839,38.31818008,39.03636169,1452440
2020-10-21,38.77272797,39.21818161,38.45454407,39.09090805,780560
2020-10-22,39.51818085,39.51818085,38.65454483,39.40908813,788810
2020-10-23,39.13636398,39.55454636,38.96363449,39.35454559,668250
2020-10-26,39.09999847,40.41818237,38.93636322,39.71818161,1505460
2020-10-27,40.03636169,40.15454483,39.4272728,39.48181915,629860
2020-10-28,38.99090958,39.2545433,38.22727203,38.4272728,540320
2020-10-29,37.90908813,38.5727272,37.49090958,38.1818161,830720
2020-10-30,38.1818161,38.47272873,37.40000153,37.88181686,7722660
2020-11-03,38.35454559,39.17272568,37.77272797,37.84545517,1063700
2020-11-04,38.74545288,39.99090958,38.29999924,39.5727272,894300
2020-11-05,40.29999924,41.63636398,40.12727356,41.29999924,1822810
2020-11-06,42.03636169,42.28181839,41.40908813,42.04545212,769560
2020-11-09,43.63636398,44.04545212,42.01818085,42.04545212,1041480
2020-11-10,42.0,43.30908966,41.67272568,42.90908813,848540
2020-11-11,42.36363602,42.36363602,41.4272728,41.46363449,588500
2020-11-12,42.06363678,42.20909119,40.59090805,40.73636246,616000
2020-11-13,40.70000076,42.14545441,40.70000076,41.87272644,1185470
2020-11-16,41.87272644,42.84545517,41.78181839,42.46363449,1278530
2020-11-17,42.54545212,42.96363449,41.72727203,42.95454407,1258840
2020-11-18,42.90000153,43.14545441,42.01818085,42.86363602,702790
2020-11-19,42.82727051,43.00909042,42.35454559,42.71818161,751520
2020-11-23,41.98181915,42.0,40.87272644,41.0,1006390
2020-11-24,40.96363449,41.02727127,40.09999847,40.83636475,830720
2020-11-25,40.89090729,41.50909042,40.70909119,41.16363525,374440
2020-11-26,41.52727127,42.09999847,41.04545212,41.95454407,407550
2020-11-27,41.94545364,42.19091034,41.38181686,41.66363525,601480
2020-11-30,41.85454559,42.74545288,41.39090729,41.94545364,1489620
2020-12-01,42.59999847,42.59999847,41.45454407,42.20909119,1154450
2020-12-02,42.26363754,43.03636169,41.93636322,41.96363449,1213740
2020-12-03,42.69091034,43.32727051,42.40908813,43.29090881,620730
2020-12-04,42.90000153,43.53636169,42.71818161,42.72727203,518430
2020-12-07,42.85454559,43.99090958,42.52727127,43.95454407,574530
2020-12-08,42.76363754,43.20000076,41.94545364,42.43636322,768460
2020-12-09,42.56363678,42.62727356,41.89090729,42.09090805,722260
2020-12-10,42.81818008,42.90000153,41.79090881,42.88181686,951940
2020-12-11,42.84545517,44.47272873,42.5727272,44.21818161,1025310
2020-12-14,44.67272568,44.67272568,43.99090958,44.29090881,1102970
2020-12-15,44.23636246,45.63636398,43.81818008,45.24545288,1450460
2020-12-16,45.45454407,45.6090889,44.85454559,45.58181763,1436160
2020-12-17,46.02727127,47.03636169,45.39090729,46.13636398,1031140
2020-12-18,46.1818161,46.87272644,45.90908813,46.5727272,980430
2020-12-21,45.45454407,45.67272568,44.56363678,44.99090958,429660
2020-12-22,44.59090805,44.94545364,44.1818161,44.85454559,495660
2020-12-23,44.91818237,45.29090881,44.66363525,44.80908966,521620
2020-12-28,45.58181763,45.71818161,45.0,45.61817932,339570
2020-12-29,46.45454407,46.45454407,45.62727356,46.20909119,593450
2020-12-30,46.22727203,47.02727127,46.22727203,46.84545517,389400
2021-01-04,47.73636246,48.61817932,46.49090958,46.54545212,1137070
2021-01-05,46.02727127,46.44545364,45.09090805,46.29999924,961620
2021-01-06,46.4272728,46.66363525,44.43636322,45.61817932,1368070
2021-01-07,45.05454636,45.06363678,43.20000076,43.32727051,1584660
2021-01-08,43.21818161,44.79999924,43.0,44.17272568,1046540
2021-01-11,44.6090889,44.6090889,42.96363449,43.15454483,951610
2021-01-12,42.86363602,43.1090889,42.29090881,42.46363449,3891140
2021-01-13,42.90908813,43.12727356,42.12727356,43.04545212,1274900
2021-01-14,43.62727356,45.03636169,43.16363525,44.72727203,2271610
2021-01-15,44.27272797,44.53636169,43.1818161,44.47272873,884510
2021-01-18,44.22727203,44.51818085,42.90908813,42.93636322,520850
2021-01-19,43.63636398,43.73636246,43.01818085,43.31818008,662530
2021-01-20,43.54545212,43.67272568,42.77272797,42.89090729,611600
2021-01-21,43.30908966,43.39090729,42.21818161,43.11817932,653400
2021-01-22,42.90908813,43.06363678,42.19091034,42.72727203,870320
2021-01-26,43.30908966,44.99090958,43.15454483,43.59999847,1543740
2021-01-27,43.71818161,45.72727203,43.5727272,45.35454559,2163370
2021-01-28,45.09999847,45.63636398,44.96363449,45.4272728,1660340
2021-01-29,45.90000153,46.28181839,45.16363525,45.5,800360
2021-02-01,45.46363449,45.53636169,43.97272873,44.90908813,944240
2021-02-02,45.27272797,46.7545433,45.13636398,45.97272873,1375000
2021-02-03,46.5,47.1090889,46.17272568,46.7545433,1228700
2021-02-04,47.2545433,47.2545433,46.09090805,46.12727356,451000
2021-02-05,46.15454483,46.46363449,45.6090889,45.80908966,522500
2021-02-08,45.43636322,46.58181763,45.0,46.00909042,641520
2021-02-09,46.11817932,47.22727203,45.63636398,47.0727272,1194380
2021-02-10,46.51818085,46.70000076,45.21818161,45.40908813,1179310
2021-02-11,46.08181763,46.59090805,45.88181686,46.30908966,922460
2021-02-12,46.47272873,46.79090881,45.94545364,46.41818237,501380
2021-02-17,46.36363602,46.70000076,46.02727127,46.08181763,835450
2021-02-18,45.97272873,46.09999847,44.27272797,44.43636322,1270940
2021-02-19,45.03636169,45.35454559,44.59090805,44.90000153,539770
2021-02-22,43.09999847,43.30908966,42.0,42.79090881,2559260
2021-02-23,42.63636398,43.06363678,41.94545364,42.45454407,1258620
2021-02-24,42.62727356,42.86363602,41.87272644,42.0,791670
2021-02-25,41.90908813,42.34545517,40.59999847,40.6818161,821590
2021-02-26,40.82727051,41.27272797,39.6090889,39.70000076,1462560
2021-03-01,39.84545517,40.20000076,38.73636246,38.97272873,1506780
2021-03-02,37.91818237,38.90908813,37.0727272,38.86363602,2119260
2021-03-03,39.1818161,40.0,37.23636246,39.09999847,2440240
2021-03-04,39.90908813,41.45454407,39.20909119,40.04545212,1316260
2021-03-05,39.93636322,40.47272873,39.0,39.91818237,1533840
2021-03-08,39.17272568,39.66363525,38.29090881,38.31818008,1969440
2021-03-09,37.7545433,39.2545433,37.7545433,38.09999847,3037650
2021-03-10,38.1090889,39.09090805,37.9272728,38.40000153,2757150
2021-03-11,38.85454559,40.5727272,38.65454483,40.0727272,1809060
2021-03-12,40.37272644,40.63636398,39.77272797,39.96363449,1713910
2021-03-15,40.33636475,41.50909042,40.09090805,40.77272797,1501720
2021-03-16,40.70909119,41.16363525,39.86363602,40.5727272,2039730
2021-03-17,40.5727272,41.64545441,40.23636246,41.27272797,1829520
2021-03-18,41.13636398,41.88181686,40.85454559,41.20909119,1995840
2021-03-19,41.35454559,42.0,41.09090805,41.86363602,1385120
2021-03-22,40.48181915,41.20000076,39.86363602,40.12727356,1314830
2021-03-23,40.0,40.44545364,39.49090958,39.87272644,1328030
2021-03-24,39.91818237,39.95454407,37.74545288,38.0727272,1126290
2021-03-25,37.73636246,40.67272568,37.72727203,40.34545517,3737910
2021-03-26,39.90908813,40.45454407,39.50909042,40.29999924,1450680
2021-03-29,40.01818085,40.61817932,39.36363602,39.95454407,1288210
2021-03-30,39.83636475,40.90908813,39.59090805,40.5,1579490
2021-03-31,40.52727127,41.31818008,40.27272797,41.11817932,2984630
2021-04-01,40.78181839,41.2545433,39.55454636,40.20000076,1814120
2021-04-05,40.47272873,40.6090889,39.97272873,40.29999924,1215280
2021-04-06,40.40908813,40.93636322,39.96363449,40.53636169,1536700
2021-04-07,40.40908813,40.40908813,39.29999924,39.61817932,1653190
2021-04-08,39.49090958,39.74545288,38.7545433,39.59090805,1586530
2021-04-09,39.38181686,39.52727127,38.70000076,39.08181763,625240
2021-04-12,39.21818161,39.90908813,38.87272644,39.52727127,1218360
2021-04-13,39.49090958,39.79090881,38.5727272,39.59090805,2865720
2021-04-14,39.37272644,39.58181763,38.73636246,39.11817932,2368630
2021-04-15,38.95454407,39.47272873,38.70909119,39.1090889,1953380
2021-04-16,39.1818161,39.67272568,38.39090729,39.1090889,2273150
2021-04-19,39.47272873,40.23636246,39.09090805,39.85454559,2222880
2021-04-20,39.63636398,40.39090729,39.49090958,40.09090805,1474990
2021-04-22,40.06363678,40.36363602,39.34545517,39.59090805,1855480
2021-04-23,39.78181839,40.06363678,39.24545288,39.99090958,2447280
2021-04-26,40.08181763,40.15454483,39.02727127,39.62727356,937860
2021-04-27,39.40908813,40.81818008,39.40908813,40.12727356,1716880
2021-04-28,40.11817932,40.66363525,39.59999847,40.66363525,1139710
2021-04-29,40.80908966,41.20909119,40.54545212,41.04545212,1379950
2021-04-30,40.77272797,41.16363525,39.89090729,40.1090889,1469930
2021-05-03,40.0727272,40.62727356,39.2545433,39.70909119,2067670
2021-05-04,39.77272797,39.87272644,38.86363602,39.6090889,1199440
2021-05-05,39.4272728,39.89090729,39.09090805,39.88181686,1514810
2021-05-06,39.49090958,39.85454559,39.20000076,39.78181839,2160180
2021-05-07,39.9272728,40.52727127,39.53636169,40.47272873,1528010
2021-05-10,40.77272797,40.77272797,39.31818008,39.73636246,1597640
2021-05-11,39.2545433,40.04545212,39.09090805,39.86363602,1646370
2021-05-12,39.54545212,39.76363754,38.62727356,38.64545441,1735030
2021-05-13,38.81818008,40.40000153,38.81818008,40.08181763,2018610
2021-05-14,40.56363678,41.23636246,40.40908813,41.13636398,1238380
2021-05-17,40.97272873,41.6090889,40.36363602,41.32727051,1395240
2021-05-18,41.12727356,41.22727203,40.48181915,40.72727203,1795970
2021-05-19,40.70000076,41.90000153,40.31818008,41.33636475,4207720
2021-05-20,41.34545517,41.74545288,41.11817932,41.74545288,936870
2021-05-21,41.73636246,41.81818008,41.31818008,41.81818008,832040
2021-05-24,42.05454636,42.59090805,41.7545433,42.53636169,1467290
2021-05-25,42.59090805,42.6818161,41.80908966,42.5,1552980
2021-05-26,42.65454483,42.86363602,42.09999847,42.29090881,1343100
2021-05-27,42.09090805,42.80908966,41.62727356,42.59999847,1818960
2021-05-28,42.85454559,42.98181915,41.70909119,42.9272728,3056020
2021-05-31,42.52727127,42.95454407,41.73636246,42.29090881,1177440
2021-06-01,42.79090881,43.41818237,41.96363449,43.20909119,2592040
2021-06-02,43.22727203,43.93636322,43.0,43.09090805,1601710
2021-06-04,43.00909042,43.06363678,42.40000153,42.7545433,1855920
2021-06-07,42.72727203,44.77272797,42.50909042,44.43636322,3346530
2021-06-08,44.09999847,45.29090881,44.09999847,44.63636398,2501730
2021-06-09,44.79090881,44.79090881,43.49090958,43.89090729,1027400
2021-06-10,43.62727356,44.58181763,43.59090805,44.39090729,1007380
2021-06-11,44.33636475,44.33636475,43.21818161,43.89090729,1127940
2021-06-14,44.03636169,44.99090958,43.78181839,44.66363525,1762090
2021-06-15,44.73636246,44.78181839,44.15454483,44.44545364,1657040
2021-06-16,44.44545364,44.79090881,43.39090729,43.82727051,2456740
2021-06-17,43.59090805,44.49090958,43.33636475,43.83636475,1185580
2021-06-18,43.38181686,43.83636475,42.81818008,43.33636475,982410
2021-06-21,44.03636169,44.03636169,42.7545433,43.34545517,1824350
2021-06-22,43.23636246,44.00909042,42.62727356,43.7545433,2877160
2021-06-23,43.69091034,44.21818161,42.91818237,43.28181839,2325840
2021-06-24,43.6090889,43.74545288,43.09090805,43.36363602,1366090
2021-06-25,43.23636246,43.59999847,41.93636322,42.45454407,1494240
2021-06-28,42.23636246,42.70909119,42.08181763,42.45454407,1113420
2021-06-29,42.44545364,42.45454407,41.47272873,42.44545364,1712150
2021-06-30,42.13636398,42.44545364,41.31818008,42.14545441,1082290
2021-07-01,42.36363602,42.43636322,41.12727356,41.38181686,1232000
2021-07-02,41.54545212,41.79090881,41.32727051,41.50909042,943140
2021-07-05,41.81818008,42.02727127,41.28181839,41.45454407,651640
2021-07-06,41.27272797,41.66363525,40.45454407,41.49090958,2029830
2021-07-07,41.5,41.80908966,41.0,41.76363754,1076900
2021-07-08,41.15454483,41.77272797,40.71818161,41.0,1358390
2021-07-12,41.37272644,41.40908813,40.91818237,41.2545433,1235960
2021-07-13,41.15454483,41.31818008,40.72727203,41.0727272,1538020
2021-07-14,41.40908813,41.86363602,41.04545212,41.34545517,3379750
2021-07-15,41.04545212,41.32727051,40.31818008,40.48181915,1957010
2021-07-16,40.65454483,40.90908813,40.17272568,40.29090881,1852730
2021-07-19,39.96363449,40.63636398,39.79999924,40.27272797,1640100
2021-07-20,39.91818237,40.62727356,39.84545517,40.43636322,1732830
2021-07-21,40.44545364,40.59090805,40.21818161,40.43636322,2668380
2021-07-22,40.43636322,41.09090805,40.23636246,41.09090805,3016860
2021-07-23,41.04545212,41.08181763,39.97272873,40.29999924,901340
2021-07-26,40.37272644,40.59999847,39.89090729,40.0,1192620
2021-07-27,39.94545364,40.37272644,39.70909119,40.22727203,1254110
2021-07-28,40.48181915,40.62727356,39.84545517,40.37272644,775720
2021-07-29,40.70909119,40.72727203,39.6818161,39.89090729,1453650
2021-07-30,39.73636246,39.85454559,38.28181839,38.65454483,1391060
2021-08-02,39.20000076,39.74545288,38.95454407,39.41818237,1593900
2021-08-03,39.36363602,39.62727356,38.65454483,39.54545212,1867800
2021-08-04,39.03636169,39.66363525,38.31818008,39.04545212,1976370
2021-08-05,39.52727127,39.61817932,38.33636475,38.37272644,1311420
2021-08-06,38.40908813,38.81818008,38.29090881,38.45454407,1019040
2021-08-09,38.59999847,38.97272873,38.35454559,38.59999847,721490
2021-08-10,38.61817932,38.70909119,37.79999924,37.82727051,1429450
2021-08-11,37.71818161,38.1090889,37.20000076,37.76363754,1269510
2021-08-12,37.40000153,37.88181686,37.11817932,37.40908813,1225510
2021-08-13,37.54545212,39.5,37.49090958,39.40908813,3126640
2021-08-16,39.28181839,39.70909119,38.6818161,39.67272568,2339260
2021-08-17,39.43636322,39.88181686,38.77272797,39.41818237,2443210
2021-08-18,38.81818008,39.0727272,38.21818161,38.48181915,1796080
2021-08-19,38.19091034,39.91818237,37.99090958,39.66363525,2844050
2021-08-20,39.1090889,40.47272873,39.1090889,40.22727203,2222330
2021-08-23,40.22727203,40.37272644,39.32727051,39.88181686,1182280
2021-08-24,40.1090889,41.06363678,39.78181839,40.95454407,1872090
2021-08-25,40.46363449,41.0727272,40.43636322,41.0727272,2233000
2021-08-26,41.04545212,41.33636475,40.13636398,40.13636398,1114630
2021-08-27,40.17272568,40.59999847,39.4272728,40.48181915,2011460
2021-08-30,40.45454407,40.54545212,39.78181839,40.48181915,1252130
2021-08-31,40.48181915,40.82727051,40.05454636,40.33636475,2743400
2021-09-01,40.5727272,41.24545288,40.35454559,41.1090889,1580040
2021-09-02,40.77272797,40.87272644,40.03636169,40.34545517,1820390
2021-09-03,40.65454483,40.65454483,39.51818085,39.82727051,2757480
2021-09-06,39.52727127,40.21818161,39.52727127,40.21818161,657030
2021-09-08,40.2545433,40.6090889,38.81818008,39.11817932,2197470
2021-09-09,39.1090889,40.50909042,38.89090729,40.23636246,2571690
2021-09-10,40.5,40.84545517,38.99090958,39.23636246,2608100
2021-09-13,39.98181915,39.98181915,39.36363602,39.5,1114300
2021-09-14,39.40908813,39.83636475,39.1818161,39.5,1500620
2021-09-15,39.59999847,39.64545441,38.6818161,39.13636398,1239920
2021-09-16,39.05454636,39.51818085,38.79999924,39.29090881,2067670
2021-09-17,39.28181839,39.59090805,39.04545212,39.56363678,1648350
2021-09-20,39.55454636,39.73636246,38.5727272,38.72727203,1060510
2021-09-21,38.70000076,40.00909042,38.65454483,39.5727272,1789590
2021-09-22,39.5727272,40.02727127,39.34545517,39.7545433,1345740
2021-09-23,39.74545288,39.93636322,39.41818237,39.87272644,1177990
2021-09-24,39.43636322,39.73636246,39.28181839,39.5,1058750
2021-09-27,39.45454407,39.46363449,38.50909042,39.01818085,1242780
2021-09-28,38.81818008,39.0,38.36363602,38.54545212,1550670
2021-09-29,38.7545433,40.28181839,38.24545288,39.85454559,2614260
2021-09-30,39.59090805,40.71818161,39.44545364,40.02727127,1489510
2021-10-01,39.98181915,40.86363602,39.98181915,40.38181686,1101760
2021-10-04,40.1818161,40.43636322,39.72727203,40.09999847,1405800
2021-10-05,40.16363525,40.39090729,39.70909119,39.89090729,2062940
2021-10-06,39.40908813,39.72727203,37.91818237,39.00909042,2065140
2021-10-07,38.46363449,39.76363754,38.24545288,39.37272644,2349050
2021-10-08,39.54545212,40.85454559,39.40908813,40.47272873,2708090
2021-10-11,40.04545212,41.2545433,39.97272873,41.11817932,1476860
2021-10-13,41.35454559,42.0727272,41.02727127,41.81818008,1916200
2021-10-14,41.83636475,42.20000076,41.48181915,41.95454407,1378630
2021-10-15,42.05454636,42.45454407,41.38181686,41.72727203,1310100
2021-10-18,41.31818008,42.24545288,41.19091034,41.86363602,1294700
2021-10-19,41.66363525,41.71818161,39.54545212,40.09999847,2782890
2021-10-20,40.1818161,40.54545212,39.62727356,40.22727203,1312850
2021-10-21,39.43636322,39.81818008,38.13636398,39.1090889,2383810
2021-10-22,38.14545441,38.46363449,36.28181839,37.77272797,4098050
2021-10-25,38.01818085,38.5,37.14545441,38.4272728,2341790
2021-10-26,37.95454407,38.09090805,36.45454407,36.74545288,3249400
2021-10-27,36.89090729,37.90000153,36.80908966,37.29090881,1516130
2021-10-28,36.9272728,37.03636169,35.20909119,35.70909119,9418530
2021-10-29,35.63636398,36.55454636,35.63636398,35.90000153,2414390
2021-11-01,36.67272568,37.5,36.36363602,36.64545441,2370500
2021-11-03,36.36363602,38.05454636,36.0727272,37.50909042,3194510
2021-11-04,37.40000153,37.53636169,36.21818161,36.37272644,1614360
2021-11-05,36.43636322,37.37272644,36.43636322,36.9272728,1727330
2021-11-08,36.4272728,37.59090805,36.4272728,36.65454483,1077890
2021-11-09,36.63636398,37.71818161,36.6090889,37.17272568,1064250
2021-11-10,36.79999924,38.70000076,36.79999924,37.98181915,1917740
2021-11-11,38.51818085,39.67272568,38.50909042,38.88181686,1775070
2021-11-12,38.88181686,39.84545517,38.73636246,39.73636246,1739650
2021-11-16,39.91818237,40.41818237,39.0727272,39.39090729,1866920
2021-11-17,39.58181763,39.7545433,38.0727272,38.19091034,1686630
2021-11-18,38.5727272,39.21818161,38.19091034,38.49090958,1388750
2021-11-19,38.54545212,39.48181915,38.44545364,39.08181763,941600
2021-11-22,39.09999847,39.38181686,38.74545288,38.96363449,1088120
2021-11-23,39.13636398,39.90908813,38.70000076,39.72727203,2291300
2021-11-24,39.6090889,40.74545288,39.59090805,40.33636475,2772330
2021-11-25,40.76363754,41.5727272,40.38181686,40.95454407,2231130
2021-11-26,40.66363525,40.66363525,39.78181839,40.19091034,2193950
2021-11-29,40.61817932,43.1818161,40.41818237,41.32727051,4168340
2021-11-30,40.95454407,41.47272873,40.5,41.26363754,2343880
2021-12-01,41.90908813,42.27272797,40.82727051,41.16363525,3924250
2021-12-02,42.20909119,43.63636398,41.70909119,41.79999924,2624490
2021-12-03,42.14545441,43.0727272,41.84545517,41.93636322,2804780
2021-12-06,42.70909119,43.15454483,42.0,42.02727127,1269400
2021-12-07,42.38181686,42.40908813,41.1090889,41.43636322,1198230
2021-12-08,41.38181686,42.15454483,41.28181839,41.59999847,877470
2021-12-09,42.0727272,42.0727272,40.72727203,41.72727203,1801030
2021-12-10,41.69091034,42.71818161,41.49090958,42.19091034,2007060
2021-12-13,42.48181915,43.13636398,41.86363602,42.09090805,1051160
2021-12-14,41.84545517,42.72727203,41.6090889,41.78181839,1579930
2021-12-15,42.26363754,42.40000153,41.62727356,41.90000153,1693890
2021-12-16,41.95454407,42.06363678,40.7545433,41.16363525,1429120
2021-12-17,41.48181915,41.52727127,40.82727051,41.45454407,1189760
2021-12-20,41.40000153,41.40000153,39.84545517,40.48181915,1519650
2021-12-21,40.30908966,40.63636398,39.5727272,40.09999847,807730
2021-12-22,40.44545364,40.76363754,39.86363602,40.35454559,1188550
2021-12-23,40.55454636,40.62727356,39.86363602,40.12727356,645150
2021-12-27,40.1818161,40.78181839,39.96363449,40.38181686,1659020
2021-12-28,40.48181915,40.79999924,40.1090889,40.6090889,957990
2021-12-29,40.78181839,40.78181839,39.72727203,39.7545433,893090
2021-12-30,40.05454636,40.34545517,39.66363525,40.11817932,1420650
2022-01-03,37.90000153,38.65454483,36.47272873,36.71818161,2596330
2022-01-04,36.6818161,36.69091034,35.67272568,36.27272797,1134980
2022-01-05,36.36363602,36.88181686,36.04545212,36.19091034,1861310
2022-01-06,36.31818008,36.31818008,35.55454636,35.84545517,1729750
2022-01-07,35.6090889,36.02727127,35.26363754,35.90000153,1045440
2022-01-10,35.63636398,35.73636246,35.14545441,35.59999847,808280
2022-01-11,35.49090958,36.27272797,35.48181915,36.13636398,1104400
2022-01-12,36.19091034,37.87272644,35.90908813,37.43636322,1666720
2022-01-13,37.19091034,37.5727272,36.79999924,37.16363525,1344860
2022-01-14,37.0727272,37.48181915,36.73636246,37.43636322,701690
2022-01-17,37.09999847,37.53636169,37.01818085,37.20909119,397980
2022-01-18,37.30908966,37.74545288,36.88181686,37.67272568,1077230
2022-01-19,37.87272644,37.89090729,37.16363525,37.39090729,2529670
2022-01-20,37.61817932,37.95454407,36.82727051,36.90908813,1367850
2022-01-21,37.28181839,37.62727356,36.64545441,37.26363754,1641860
2022-01-24,37.29999924,37.76363754,37.12727356,37.47272873,1038620
2022-01-25,37.49090958,38.09999847,37.11817932,38.05454636,1467290
2022-01-26,38.61817932,39.29090881,38.27272797,38.5727272,1039280
2022-01-27,38.94545364,39.15454483,38.45454407,38.70000076,1019260
2022-01-28,38.85454559,39.24545288,38.51818085,39.1090889,735680
2022-01-31,39.22727203,39.62727356,38.59090805,39.59090805,1402940
2022-02-01,39.61817932,40.41818237,39.55454636,39.88181686,3592490
2022-02-02,39.70000076,39.91818237,39.36363602,39.48181915,642290
2022-02-03,39.66363525,40.09999847,39.40000153,39.81818008,3339600
2022-02-04,39.85454559,39.97272873,39.01818085,39.44545364,1050280
2022-02-07,39.41818237,39.71818161,38.72727203,39.50909042,4198590
2022-02-08,39.27272797,39.58181763,38.87272644,39.19091034,939620
2022-02-09,39.20000076,39.74545288,38.71818161,38.81818008,1830950
2022-02-10,38.96363449,39.39090729,38.53636169,39.15454483,1247070
2022-02-11,39.20000076,39.63636398,38.70909119,38.84545517,1736020
2022-02-14,39.4272728,39.69091034,38.84545517,39.46363449,990880
2022-02-15,39.30908966,39.79999924,38.96363449,39.11817932,1672440
2022-02-16,39.55454636,39.72727203,39.08181763,39.53636169,1578390
2022-02-17,39.46363449,40.0727272,38.95454407,39.05454636,1923240
2022-02-18,39.67272568,40.09999847,39.38181686,39.6818161,1736350
2022-02-21,39.73636246,40.22727203,39.36363602,39.55454636,993740
2022-02-22,39.90000153,40.35454559,39.51818085,40.04545212,1239590
2022-02-23,40.20000076,40.91818237,40.00909042,40.09090805,1323630
2022-02-24,39.70000076,39.70000076,38.73636246,39.49090958,1420760
2022-02-25,39.37272644,39.86363602,38.32727051,38.62727356,1308670
2022-03-02,38.84545517,39.59090805,38.45454407,38.79090881,1312410
2022-03-03,39.44545364,39.44545364,38.09999847,38.96363449,3590400
2022-03-04,39.00909042,39.02727127,37.79999924,37.82727051,3111350
2022-03-07,37.62727356,37.88181686,37.2545433,37.50909042,1919830
2022-03-08,37.74545288,38.30908966,37.1090889,37.66363525,1946560
2022-03-09,37.69091034,39.64545441,37.55454636,39.49090958,3299780
2022-03-10,38.90908813,39.5,38.72727203,39.01818085,1037410
2022-03-11,39.32727051,39.47272873,38.48181915,38.48181915,963930
2022-03-14,38.72727203,39.35454559,38.38181686,38.81818008,1833810
2022-03-15,38.73636246,39.1090889,38.40908813,38.96363449,1452880
2022-03-16,38.84545517,39.54545212,38.83636475,39.46363449,1751970
2022-03-17,39.43636322,40.45454407,39.1818161,40.23636246,1992650
2022-03-18,40.36363602,41.40000153,39.93636322,41.11817932,2329690
2022-03-21,41.45454407,41.74545288,41.0,41.59090805,1765170
2022-03-22,41.87272644,42.67272568,41.79999924,42.37272644,1627120
2022-03-23,42.20909119,43.11817932,42.20000076,42.70000076,2524830
2022-03-24,43.09090805,43.62727356,42.59090805,43.33636475,1875060
2022-03-25,43.59999847,43.98181915,42.66363525,43.11817932,2195930
2022-03-28,43.27272797,43.47272873,42.86363602,43.09090805,827750
2022-03-29,43.47272873,44.80908966,43.41818237,44.56363678,2398550
2022-03-30,44.27272797,44.77272797,43.80908966,44.08181763,1478510
2022-03-31,44.36363602,44.97272873,43.77272797,44.37272644,2507560
2022-04-01,44.82727051,45.79999924,44.71818161,45.74545288,2450140
2022-04-04,45.76363754,45.93636322,45.05454636,45.19091034,1494020
2022-04-05,45.51818085,45.53636169,44.41818237,44.54545212,1350580
2022-04-06,44.24545288,44.53636169,43.70909119,44.27272797,1617220
2022-04-07,44.15454483,44.38181686,43.46363449,43.67272568,1609740
2022-04-08,43.53636169,43.76363754,43.09999847,43.62727356,1116500
2022-04-11,43.06363678,43.66363525,43.06363678,43.27272797,995940
2022-04-12,43.66363525,43.82727051,42.99090958,43.1818161,1637680
2022-04-13,43.28181839,43.98181915,43.17272568,43.39090729,1646370
2022-04-14,43.26363754,43.44545364,42.58181763,42.9272728,1044450
2022-04-18,43.09090805,44.03636169,42.93636322,43.40908813,1382370
2022-04-19,43.26363754,43.45454407,42.4272728,43.15454483,1858230
2022-04-20,42.94545364,43.63636398,42.6818161,43.4272728,1720730
2022-04-22,43.24545288,43.48181915,42.74545288,43.09999847,1772760
2022-04-25,42.91818237,44.01818085,42.61817932,43.72727203,1717320
2022-04-26,43.45454407,44.5,43.35454559,44.02727127,3914900
2022-04-27,44.41818237,44.79090881,43.79090881,44.31818008,3303740
2022-04-28,44.54545212,44.54545212,43.6090889,43.61817932,1688610
2022-04-29,43.87272644,44.14545441,43.30908966,43.30908966,2186910
2022-05-02,43.31818008,43.5727272,42.86363602,43.09090805,2626030
2022-05-03,43.03636169,43.36363602,42.55454636,42.72727203,3041390
2022-05-04,42.39090729,42.98181915,41.80908966,42.98181915,2744170
2022-05-05,42.50909042,42.78181839,41.63636398,42.09999847,3832400
2022-05-06,42.0,42.28181839,41.54545212,42.0,2415600
2022-05-09,41.59999847,42.46363449,41.5,42.2545433,2686860
2022-05-10,42.40908813,42.71818161,41.40000153,41.63636398,4085180
2022-05-11,41.44545364,41.72727203,40.26363754,40.53636169,1926650
2022-05-12,40.20909119,41.30908966,40.16363525,40.90908813,2501180
2022-05-13,41.11817932,41.77272797,40.87272644,41.01818085,1847450
2022-05-16,41.01818085,41.17272568,40.37272644,40.84545517,2324190
2022-05-17,41.16363525,41.49090958,40.55454636,40.70000076,1603690
2022-05-18,40.56363678,40.83636475,39.67272568,39.72727203,1812910
2022-05-19,39.5727272,40.30908966,39.44545364,39.90000153,2122560
2022-05-20,40.2545433,41.15454483,40.0727272,40.93636322,2239930
2022-05-23,41.30908966,41.64545441,40.76363754,40.80908966,1347060
2022-05-24,40.59090805,42.11817932,40.59090805,41.97272873,2028950
2022-05-25,42.11817932,42.43636322,41.77272797,42.02727127,1340900
2022-05-26,41.99090958,42.11817932,40.65454483,40.81818008,2660350
2022-05-27,40.70000076,40.91818237,39.50909042,39.76363754,3386570
2022-05-30,39.81818008,40.20000076,39.20909119,39.76363754,3905550
2022-05-31,39.80908966,40.61817932,39.47272873,40.21818161,3003000
2022-06-01,40.37272644,40.41818237,39.40908813,40.00909042,4930860
2022-06-02,40.29999924,40.43636322,39.61817932,40.1818161,1477190
2022-06-03,40.40000153,40.40000153,39.74545288,40.13636398,5183090
2022-06-06,40.0,40.67272568,39.73636246,39.96363449,701140
2022-06-07,39.66363525,40.1090889,39.2545433,39.99090958,1646810
2022-06-08,39.7545433,40.05454636,39.40908813,39.70000076,1197570
2022-06-09,39.71818161,39.71818161,39.00909042,39.09090805,1225400
2022-06-10,38.90000153,39.1090889,38.32727051,38.58181763,3371390
2022-06-13,38.20909119,38.56363678,37.85454559,38.15454483,1982310
2022-06-14,38.19091034,38.39090729,37.90908813,38.29999924,2356970
2022-06-15,38.52727127,39.64545441,38.52727127,39.1818161,2098690
2022-06-17,38.77272797,40.70909119,38.61817932,40.53636169,2837230
2022-06-20,40.45454407,40.90908813,39.74545288,40.09090805,683650
2022-06-21,40.22727203,40.4272728,39.37272644,39.53636169,2086150
2022-06-22,39.71818161,39.71818161,39.03636169,39.08181763,1365320
2022-06-23,38.95454407,39.01818085,37.97272873,38.16363525,1037190
2022-06-24,38.36363602,38.37272644,36.59090805,37.04545212,1926430
2022-06-27,37.09090805,37.66363525,36.65454483,37.53636169,1368180
2022-06-28,37.67272568,38.13636398,37.23636246,37.71818161,1097800
2022-06-29,37.71818161,37.71818161,36.96363449,36.96363449,1339030
2022-06-30,36.5,36.76363754,35.6818161,36.6818161,4045690
2022-07-01,36.5,36.89090729,35.88181686,36.40908813,3163490
2022-07-04,36.28181839,36.28181839,35.6818161,35.78181839,1154450
2022-07-05,35.45454407,35.70909119,34.98181915,35.40908813,1453870
2022-07-06,35.0727272,35.5727272,34.7545433,35.29090881,2388430
2022-07-07,35.66363525,35.96363449,35.14545441,35.66363525,1999910
2022-07-08,35.78181839,36.06363678,35.6818161,35.90908813,1463880
2022-07-11,35.81818008,36.15454483,35.5727272,35.95454407,1041810
2022-07-12,35.95454407,36.54545212,35.38181686,36.36363602,1904760
2022-07-13,36.03636169,36.44545364,35.73636246,35.73636246,1492260
2022-07-14,35.44545364,36.65454483,35.40908813,36.64545441,1371810
2022-07-15,36.53636169,36.94545364,35.5727272,36.79090881,1413280
2022-07-18,36.90000153,37.17272568,36.0727272,36.1818161,805530
2022-07-19,36.1818161,36.40908813,35.9272728,36.15454483,676940
2022-07-20,35.82727051,36.59999847,35.82727051,36.19091034,1116720
2022-07-21,35.83636475,36.89090729,35.66363525,36.6090889,1507770
2022-07-22,36.64545441,37.0,36.17272568,36.95454407,1718970
2022-07-25,36.93636322,38.45454407,36.93636322,38.19091034,2318800
2022-07-26,38.19091034,38.19091034,37.29090881,37.70000076,2401740
2022-07-27,37.76363754,38.40908813,37.49090958,38.38181686,1707200
2022-07-28,38.27272797,39.29999924,38.27272797,39.2545433,1406680
2022-07-29,39.2545433,40.30908966,39.02727127,40.03636169,3486120
2022-08-01,39.98181915,40.2545433,39.45454407,39.77272797,3681260
2022-08-02,39.99090958,39.99090958,38.83636475,38.95454407,2194060
2022-08-03,39.28181839,39.31818008,38.64545441,39.0,2406140
2022-08-04,39.15454483,40.29090881,38.89090729,40.00909042,2035550
2022-08-05,40.08181763,40.72727203,39.45454407,40.59999847,1750320
2022-08-08,40.77272797,42.5727272,40.61817932,42.29999924,3041940
2022-08-09,42.34545517,42.51818085,41.5,41.86363602,2169090
2022-08-10,42.0,42.1818161,40.89090729,41.09090805,2654080
2022-08-11,41.38181686,41.56363678,40.47272873,40.59090805,1776830
2022-08-12,41.01818085,41.72727203,40.66363525,41.59090805,1920930
2022-08-15,40.88181686,42.59090805,40.82727051,42.46363449,1662430
2022-08-16,42.23636246,42.94545364,42.22727203,42.65454483,861410
2022-08-17,42.96363449,44.29090881,42.53636169,43.16363525,2127290
2022-08-18,43.1818161,43.29090881,42.16363525,42.94545364,1012330
2022-08-19,42.81818008,43.17272568,42.52727127,42.77272797,1201970
2022-08-22,42.54545212,42.6818161,42.16363525,42.29090881,1460360
2022-08-23,42.49090958,42.77272797,41.65454483,41.79090881,1459370
2022-08-24,40.90000153,41.15454483,39.73636246,40.01818085,2319350
2022-08-25,39.90908813,40.15454483,38.26363754,38.90908813,4104650
2022-08-26,39.01818085,39.62727356,38.2545433,38.62727356,4374480
2022-08-29,38.50909042,39.81818008,38.4272728,39.47272873,2798620
2022-08-30,39.74545288,39.91818237,39.00909042,39.28181839,1521960
2022-08-31,39.45454407,39.70000076,38.43636322,38.44545364,5093550
2022-09-01,38.50909042,39.59090805,38.5,39.59090805,2999920
2022-09-02,39.64545441,40.1818161,39.1090889,39.69091034,2327160
2022-09-05,39.94545364,40.31818008,39.46363449,40.1818161,2459380
2022-09-06,39.88181686,40.14545441,39.44545364,39.63636398,2087690
2022-09-08,39.53636169,39.63636398,38.70909119,39.44545364,2055900
2022-09-09,39.41818237,40.13636398,39.0,39.96363449,1346730
2022-09-12,40.36363602,40.87272644,40.09999847,40.50909042,1247730
2022-09-13,40.48181915,40.48181915,39.66363525,40.06363678,2739990
2022-09-14,40.0,40.7545433,39.67272568,40.63636398,1835900
2022-09-15,40.64545441,41.36363602,40.37272644,40.41818237,2386230
2022-09-16,40.24545288,40.65454483,39.88181686,40.00909042,2463230
2022-09-19,39.41818237,40.81818008,39.35454559,40.55454636,1426810
2022-09-20,40.77272797,41.2545433,40.55454636,40.88181686,1481480
2022-09-21,40.72727203,41.41818237,40.5,40.96363449,1394250
2022-09-22,41.36363602,41.79090881,40.56363678,41.61817932,1617110
2022-09-23,40.94545364,41.80908966,40.64545441,41.47272873,5260420
2022-09-26,41.24545288,41.24545288,40.35454559,40.52727127,832810
2022-09-27,39.78181839,39.99090958,39.05454636,39.14545441,5916460
2022-09-28,39.1818161,39.1818161,37.70000076,37.98181915,4402860
2022-09-29,37.72727203,38.01818085,37.09090805,37.82727051,6465250
2022-09-30,37.55454636,38.34545517,37.5,38.08181763,2320890
2022-10-03,39.02727127,40.33636475,38.69091034,40.08181763,3403730
2022-10-04,40.36363602,40.62727356,39.6818161,39.98181915,1406790
2022-10-05,40.17272568,40.17272568,39.24545288,39.98181915,1382150
2022-10-06,40.1090889,40.23636246,39.31818008,39.5727272,3060860
2022-10-07,39.5727272,39.93636322,39.06363678,39.20000076,3562790
2022-10-10,39.53636169,40.11817932,39.44545364,39.66363525,3576320
2022-10-11,39.56363678,40.0,39.40908813,39.72727203,1826660
2022-10-13,39.1818161,40.21818161,38.97272873,39.76363754,2264680
2022-10-14,39.34545517,40.77272797,39.30908966,40.31818008,3156010
2022-10-17,40.70909119,41.06363678,40.41818237,40.72727203,1641750
2022-10-18,41.21818161,42.26363754,41.13636398,42.0727272,3685330
2022-10-19,42.1090889,42.41818237,41.64545441,41.77272797,2798730
2022-10-20,41.93636322,42.51818085,41.47272873,41.84545517,5093440
2022-10-21,41.80908966,42.84545517,41.47272873,42.70909119,1665070
2022-10-24,42.21818161,43.12727356,42.21818161,42.64545441,1343650
2022-10-25,42.63636398,42.89090729,41.93636322,42.06363678,1749220
2022-10-26,42.04545212,42.1818161,41.24545288,41.44545364,1689820
2022-10-27,41.5727272,43.33636475,41.45454407,42.50909042,1940290
2022-10-28,42.52727127,42.90000153,42.09999847,42.27272797,1500070
2022-10-31,41.37272644,44.41818237,41.05454636,44.08181763,2484570
2022-11-01,43.35454559,44.5,43.31818008,43.94545364,2555080
2022-11-03,42.5727272,44.79090881,42.5727272,44.36363602,1925770
2022-11-04,45.1090889,45.40908813,44.47272873,44.61817932,1796740
2022-11-07,44.13636398,44.79999924,43.02727127,43.39090729,1510740
2022-11-08,43.0727272,43.08181763,42.29090881,42.51818085,2228490
2022-11-09,42.29999924,43.43636322,42.29999924,42.67272568,1190310
2022-11-10,41.81818008,42.32727051,40.64545441,40.70909119,1729970
2022-11-11,41.20909119,42.4272728,40.47272873,41.55454636,2115410
2022-11-14,42.65454483,42.67272568,41.32727051,42.54545212,1081850
2022-11-16,41.62727356,42.22727203,40.94545364,41.20000076,1095600
2022-11-17,40.36363602,40.55454636,38.65454483,39.66363525,1608310
2022-11-18,40.0,41.15454483,39.63636398,40.08181763,2097810
2022-11-21,41.78181839,41.78181839,40.89090729,41.45454407,1026520
2022-11-22,41.82727051,41.91818237,40.40000153,40.59999847,1120240
2022-11-23,40.71818161,40.71818161,40.1090889,40.30908966,1101760
2022-11-24,40.29090881,41.62727356,40.1818161,41.45454407,798160
2022-11-25,41.05454636,41.40000153,39.67272568,39.81818008,848650
2022-11-28,39.88181686,40.20000076,39.32727051,39.41818237,702900
2022-11-29,39.6090889,39.88181686,38.89090729,39.20000076,2480940
2022-11-30,39.17272568,39.40000153,38.5,38.79090881,1444520
2022-12-01,39.06363678,39.39090729,38.51818085,39.00909042,1786620
2022-12-02,39.13636398,39.97272873,38.63636398,38.72727203,1141580
2022-12-05,38.46363449,38.61817932,37.2545433,37.50909042,2502940
2022-12-06,37.40908813,38.51818085,37.40000153,37.70909119,1740640
2022-12-07,37.72727203,39.15454483,37.72727203,38.70909119,2966700
2022-12-08,38.44545364,38.46363449,37.70909119,37.90000153,2825570
2022-12-09,38.19091034,38.51818085,37.55454636,38.05454636,767580
2022-12-12,37.83636475,38.59999847,37.5,37.94545364,2534290
2022-12-13,38.17272568,39.1090889,37.59999847,37.91818237,2754180
2022-12-14,37.54545212,38.32727051,36.9272728,38.19091034,2978580
2022-12-15,37.70909119,38.06363678,37.09090805,37.48181915,2706110
2022-12-16,37.1818161,37.86363602,36.59090805,37.79090881,3088910
2022-12-19,38.03636169,39.5727272,38.02727127,38.89090729,2584670
2022-12-20,39.05454636,39.89090729,38.6090889,39.50909042,2007720
2022-12-21,39.58181763,39.83636475,38.4272728,39.11817932,2213530
2022-12-22,38.83636475,40.03636169,38.83636475,39.39090729,1092960
2022-12-23,39.77272797,41.12727356,39.44545364,40.19091034,1320880
2022-12-26,40.0,40.1090889,39.14545441,39.50909042,582120
2022-12-27,39.34545517,39.51818085,38.79090881,39.23636246,644380
2022-12-28,39.89090729,40.67272568,39.47272873,40.4272728,1195700
2022-12-29,40.55454636,41.14545441,40.08181763,40.16363525,714340
2023-01-02,39.66363525,39.88181686,38.44545364,38.80908966,708400
2023-01-03,38.85454559,39.20000076,38.19091034,38.2545433,1144880
2023-01-04,38.27272797,38.66363525,37.64545441,37.76363754,1288430
2023-01-05,37.86363602,38.2545433,36.98181915,37.72727203,3509660
2023-01-06,37.40908813,37.74545288,37.05454636,37.53636169,1453100
2023-01-09,37.43636322,37.80908966,36.86363602,37.56363678,1410750
2023-01-10,37.36363602,37.62727356,37.1090889,37.47272873,1256420
2023-01-11,37.64545441,38.32727051,37.1818161,38.27272797,2766500
2023-01-12,38.48181915,39.67272568,38.29090881,39.59999847,1989570
2023-01-13,39.09999847,39.31818008,37.79999924,38.13636398,2804340
2023-01-16,38.17272568,38.17272568,37.06363678,37.12727356,1115510
2023-01-17,37.09999847,38.11817932,36.34545517,38.1090889,4645190
2023-01-18,38.31818008,38.39090729,37.53636169,38.11817932,2808520
2023-01-19,38.1818161,38.45454407,37.76363754,38.36363602,5846060
2023-01-20,38.2545433,38.33636475,37.22727203,37.27272797,1395680
2023-01-23,37.50909042,38.13636398,37.36363602,37.52727127,1527020
2023-01-24,37.51818085,37.84545517,36.96363449,37.49090958,4818330
2023-01-25,37.46363449,39.03636169,37.46363449,38.73636246,5395060
2023-01-26,38.80908966,39.70909119,38.70000076,39.55454636,2562780
2023-01-27,39.6090889,39.6090889,39.00909042,39.1818161,809600
2023-01-30,39.38181686,39.61817932,38.54545212,38.65454483,759440
2023-01-31,38.69091034,39.2545433,38.30908966,38.32727051,995500
2023-02-01,38.24545288,38.58181763,37.77272797,38.45454407,1743610
2023-02-02,38.04545212,39.70909119,37.97272873,39.39090729,2394700
2023-02-03,39.5,39.58181763,38.49090958,38.69091034,2032470
2023-02-06,39.09999847,39.35454559,38.0,38.08181763,1209780
2023-02-07,38.66363525,38.66363525,36.70909119,36.72727203,1317800
2023-02-08,36.79999924,37.77272797,36.74545288,37.61817932,992860
2023-02-09,37.47272873,37.5,35.29090881,35.51818085,4186930
2023-02-10,36.00909042,37.46363449,36.00909042,36.80908966,7996340
2023-02-13,36.81818008,37.17272568,36.40000153,36.81818008,1633830
2023-02-14,37.44545364,37.44545364,35.83636475,35.90000153,1464980
2023-02-15,36.06363678,36.82727051,35.62727356,36.59999847,1392930
2023-02-16,36.31818008,36.62727356,35.50909042,36.50909042,904640
2023-02-17,36.24545288,36.81818008,36.19091034,36.78181839,1393700
2023-02-22,36.11817932,36.58181763,35.64545441,35.79090881,817520
2023-02-23,36.14545441,36.26363754,35.13636398,35.40908813,1498200
2023-02-24,35.44545364,35.84545517,34.90908813,35.27272797,985380
2023-02-27,35.78181839,36.00909042,35.39090729,35.45454407,817850
2023-02-28,35.39090729,35.81818008,35.0727272,35.2545433,935770
2023-03-01,35.17272568,35.44545364,34.7545433,35.32727051,1930170
2023-03-02,35.0727272,36.24545288,34.71818161,34.77272797,3219480
2023-03-03,34.48181915,35.00909042,34.22727203,34.53636169,2720960
2023-03-06,34.53636169,35.17272568,34.02727127,35.02727127,1152030
2023-03-07,35.0727272,35.41818237,34.73636246,35.36363602,1575090
2023-03-08,35.09999847,36.35454559,35.09999847,36.32727051,1146750
2023-03-09,36.09999847,36.81818008,36.05454636,36.65454483,1378850
2023-03-10,36.19091034,36.19091034,35.36363602,35.73636246,1097580
2023-03-13,35.44545364,36.2545433,35.35454559,35.91818237,3089350
2023-03-14,35.1818161,36.36363602,35.17272568,36.05454636,1967350
2023-03-15,35.48181915,37.1090889,35.20000076,36.63636398,2708420
2023-03-16,36.77272797,37.03636169,36.20000076,36.34545517,2044790
2023-03-17,35.44545364,35.58181763,32.9272728,34.00909042,13724040
2023-03-20,34.00909042,34.22727203,33.40000153,33.89090729,6605280
2023-03-21,33.99090958,34.03636169,33.31818008,33.62727356,5226210
2023-03-22,32.98181915,33.82727051,32.55454636,33.17272568,3487330
2023-03-23,33.44545364,34.05454636,32.81818008,33.24545288,3482600
2023-03-24,33.27272797,34.43636322,33.08181763,33.99090958,2979350
2023-03-27,34.20000076,34.31818008,33.52727127,33.84545517,1179310
2023-03-28,35.0,36.69091034,34.4272728,36.20909119,5930320
2023-03-29,35.95454407,36.29999924,35.0,35.59090805,2026530
2023-03-30,35.59090805,36.82727051,35.59090805,36.29999924,3230700
2023-03-31,36.81818008,37.6090889,36.22727203,36.52727127,4557080
2023-04-03,36.46363449,36.85454559,35.71818161,36.30908966,3814140
2023-04-04,36.28181839,37.59090805,36.28181839,37.53636169,2581810
2023-04-05,37.53636169,37.95454407,37.0727272,37.33636475,2485120
2023-04-06,37.53636169,38.32727051,37.06363678,37.95454407,2321880
2023-04-10,38.33636475,38.53636169,37.84545517,38.09999847,1294590
2023-04-11,38.28181839,39.55454636,38.19091034,38.41818237,2779700
2023-04-12,38.5,39.89090729,38.49090958,39.35454559,4356330
2023-04-13,39.99090958,39.99090958,39.02727127,39.54545212,2929740
2023-04-14,39.46363449,40.2545433,38.69091034,40.2545433,4687320
2023-04-17,40.65454483,41.1090889,38.82727051,39.5,10609390
2023-04-18,39.71818161,39.80908966,38.59999847,38.59999847,5375810
2023-04-19,38.29999924,38.70000076,37.40908813,37.72727203,6916580
2023-04-20,37.73636246,38.70000076,37.73636246,38.23636246,5764220
2023-04-24,38.47272873,39.1818161,38.41818237,38.64545441,3742090
2023-04-25,38.62727356,38.72727203,37.36363602,37.84545517,4164820
2023-04-26,37.67272568,38.17272568,36.99090958,37.67272568,2987160
2023-04-27,37.7545433,38.29999924,37.65454483,38.14545441,1530210
2023-04-28,37.90908813,38.19091034,37.40908813,38.0,3065040
2023-05-02,38.0,38.45454407,37.56363678,38.34545517,2364010
2023-05-03,38.5727272,38.94545364,37.94545364,38.74545288,2945250
2023-05-04,39.09999847,39.80908966,38.90000153,39.49090958,1960530
2023-05-05,40.0,40.0,39.1090889,39.4272728,3718000
2023-05-08,39.77272797,39.91818237,38.9272728,39.40000153,3061960
2023-05-09,39.13636398,40.61817932,39.13636398,39.96363449,1761980
2023-05-10,40.02727127,40.89090729,39.84545517,40.78181839,1748670
2023-05-11,40.64545441,41.27272797,40.0,41.09090805,3337070
2023-05-12,40.80908966,40.80908966,39.87272644,40.08181763,4131710
2023-05-15,39.96363449,41.58181763,39.91818237,41.09999847,1783760
2023-05-16,41.31818008,41.63636398,40.59999847,40.59999847,981420
2023-05-17,40.43636322,41.23636246,40.39090729,40.50909042,5090470
2023-05-18,40.45454407,40.87272644,39.87272644,40.15454483,2977260
2023-05-19,40.20909119,42.1818161,39.81818008,41.77272797,3822280
2023-05-22,41.65454483,42.36363602,40.9272728,40.9272728,4884440
2023-05-23,41.04545212,41.77272797,40.4272728,40.4272728,5194750
2023-05-24,40.1818161,40.54545212,39.74545288,39.88181686,2902020
2023-05-25,40.37272644,41.96363449,40.37272644,41.6090889,2601940
2023-05-26,41.87272644,42.04545212,40.91818237,41.4272728,1074810
2023-05-29,41.5,41.63636398,40.44545364,40.59090805,3450260
2023-05-30,40.91818237,41.0727272,40.0,40.21818161,2619320
2023-05-31,40.09090805,41.0727272,39.91818237,40.03636169,5791830
2023-06-01,39.73636246,39.94545364,38.1818161,38.72727203,10950830
2023-06-02,38.72727203,40.0727272,38.71818161,39.91818237,4157560
2023-06-05,39.81818008,40.00909042,38.73636246,39.1818161,3406920
2023-06-06,39.2545433,41.87272644,39.09999847,40.71818161,8727070
2023-06-07,41.52727127,41.52727127,40.66363525,40.93636322,3124550
2023-06-09,41.31818008,41.58181763,40.70909119,41.29090881,5236550
2023-06-12,41.41818237,42.43636322,41.24545288,41.59090805,4002020
2023-06-13,41.79090881,42.05454636,41.0727272,41.0727272,2343330
2023-06-14,41.20000076,41.86363602,40.83636475,41.86363602,3323430
2023-06-15,41.86363602,42.73636246,41.70909119,42.44545364,4155250
2023-06-16,42.19091034,42.67272568,40.85454559,41.12727356,5519580
2023-06-19,40.48181915,41.12727356,39.96363449,40.99090958,3075820
2023-06-20,40.99090958,43.04545212,40.79999924,42.74545288,6035260
2023-06-21,42.72727203,43.04545212,42.43636322,42.66363525,3403950
2023-06-22,42.61817932,42.61817932,41.03636169,41.48181915,2940520
2023-06-23,42.44545364,44.87272644,41.6818161,43.94545364,8895370
2023-06-26,43.96363449,44.23636246,43.13636398,43.90908813,2802690
2023-06-27,43.95454407,44.24545288,42.90908813,43.53636169,3775310
2023-06-28,43.59999847,44.17272568,43.36363602,43.62727356,2486770
2023-06-29,43.62727356,44.64545441,43.58181763,44.14545441,3583690
2023-06-30,44.67272568,45.9272728,44.44545364,45.63636398,5098720
2023-07-03,45.95454407,46.19091034,45.09999847,45.99090958,3551790
2023-07-04,45.95454407,46.22727203,45.45454407,45.82727051,1267970
2023-07-05,46.23636246,46.32727051,45.59999847,45.94545364,3286360
2023-07-06,45.56363678,45.90908813,45.2545433,45.66363525,1273800
2023-07-07,46.12727356,46.51818085,45.44545364,46.06363678,3870350
2023-07-10,46.36363602,46.69091034,45.98181915,46.21818161,2471260
2023-07-11,45.83636475,46.11817932,44.65454483,45.44545364,4684350
2023-07-12,45.98181915,45.98181915,44.87272644,45.16363525,1916860
2023-07-13,44.61817932,45.86363602,44.61817932,45.54545212,2364890
2023-07-14,45.40908813,45.65454483,44.82727051,45.45454407,2459270
2023-07-17,45.74545288,45.86363602,45.03636169,45.39090729,2101770
2023-07-18,45.08181763,45.34545517,44.35454559,45.0,3442450
2023-07-19,44.76363754,45.1818161,44.30908966,44.90908813,3589300
2023-07-20,44.88181686,44.95454407,44.14545441,44.7545433,2022240
2023-07-21,44.86363602,46.11817932,44.77272797,45.72727203,4319150
2023-07-24,45.34545517,46.34545517,45.20000076,46.2545433,2066130
2023-07-25,47.44545364,47.77272797,46.35454559,46.53636169,1963940
2023-07-26,46.63636398,47.27272797,45.86363602,46.80908966,2756270
2023-07-27,46.5,46.94545364,45.54545212,45.80908966,1516680
2023-07-28,45.79999924,46.24545288,45.59090805,45.91818237,1111330
2023-07-31,45.78181839,46.26363754,45.29999924,45.62727356,1379070
2023-08-01,44.97272873,45.55454636,44.7545433,45.4272728,1122110
2023-08-02,45.41818237,45.74545288,45.06363678,45.67272568,849310
2023-08-03,45.74545288,46.11817932,44.50909042,44.81818008,2015200
2023-08-04,44.50909042,45.33636475,44.31818008,44.52727127,1981540
2023-08-07,44.63636398,44.76363754,43.94545364,43.94545364,2030270
2023-08-08,43.54545212,44.14545441,43.12727356,44.0,2069760
2023-08-09,43.63636398,44.38181686,43.20000076,44.15454483,2443430
2023-08-10,44.37272644,44.58181763,44.00909042,44.29090881,1087020
2023-08-11,44.06363678,44.90000153,43.78181839,44.63636398,2714690
2023-08-14,44.36363602,45.13636398,44.26363754,44.72727203,1719740
2023-08-15,44.63636398,45.05454636,43.87272644,43.91818237,2233000
2023-08-16,43.00909042,43.66363525,42.31818008,43.26363754,4554550
2023-08-17,43.33636475,43.86363602,43.0,43.21818161,1122660
2023-08-18,43.13636398,43.63636398,42.71818161,43.59090805,3190550
2023-08-21,43.7545433,43.7545433,42.59999847,42.90908813,1810710
2023-08-22,42.56363678,43.6090889,42.56363678,43.4272728,1690040
2023-08-23,43.28181839,43.71818161,42.6818161,43.32727051,2715460
2023-08-24,43.33636475,43.59090805,42.85454559,43.26363754,1419220
2023-08-25,43.26363754,43.46363449,42.5,42.74545288,1574100
2023-08-28,42.74545288,42.76363754,42.1818161,42.7545433,1631080
2023-08-29,43.2545433,43.2545433,42.13636398,43.16363525,1904430
2023-08-30,43.40000153,43.40000153,42.45454407,42.48181915,2278540
2023-08-31,42.26363754,42.6818161,41.73636246,41.90908813,2187240
2023-09-01,42.0,42.53636169,41.90000153,42.36363602,4249850
2023-09-04,42.31818008,43.00909042,42.02727127,42.80908966,871750
2023-09-05,42.36363602,42.7545433,41.89090729,42.09090805,2115740
2023-09-06,42.33636475,42.4272728,41.12727356,41.15454483,1777600
2023-09-08,40.71818161,41.34545517,40.39090729,41.34545517,1886610
2023-09-11,41.21818161,42.03636169,40.50909042,41.81818008,3575220
2023-09-12,41.81818008,43.4272728,41.71818161,43.17272568,5024690
2023-09-13,43.4272728,44.56363678,43.32727051,44.00909042,2296800
2023-09-14,44.15454483,44.2545433,43.46363449,44.15454483,1455630
2023-09-15,44.13636398,46.31818008,43.99090958,46.31818008,10471560
2023-09-18,46.16363525,46.71818161,45.32727051,45.65454483,6753450
2023-09-19,45.46363449,45.64545441,44.50909042,45.1818161,3324640
2023-09-20,45.1818161,45.85454559,44.89090729,45.48181915,3052170
2023-09-21,45.45454407,45.45454407,44.09999847,44.82727051,3368090
2023-09-22,44.79090881,44.82727051,44.15454483,44.45454407,2515040
2023-09-25,44.50909042,44.50909042,43.59999847,44.43636322,2011570
2023-09-26,44.31818008,44.37272644,42.94545364,43.0727272,3331130
2023-09-27,43.09090805,43.33636475,42.09090805,42.5727272,2552110
2023-09-28,42.5727272,43.09090805,42.29999924,42.95454407,2404930
2023-09-29,43.30908966,43.5,42.16363525,42.5,1705220
2023-10-02,42.27272797,42.46363449,41.6090889,41.81818008,1314720
2023-10-03,41.40000153,41.71818161,40.66363525,40.78181839,1472680
2023-10-04,40.79090881,41.16363525,40.67272568,40.95454407,2013440
2023-10-05,41.00909042,41.36363602,40.01818085,40.24545288,3800390
2023-10-06,39.82727051,40.12727356,38.99090958,39.93636322,3989700
2023-10-09,39.52727127,40.47272873,39.30908966,40.36363602,5023480
2023-10-10,40.46363449,41.66363525,40.36363602,41.22727203,3526050
2023-10-11,41.22727203,41.62727356,41.03636169,41.37272644,2898500
2023-10-13,41.2545433,41.2545433,39.82727051,39.83636475,2598970
2023-10-16,40.13636398,40.51818085,39.9272728,40.0727272,1835900
2023-10-17,39.66363525,40.4272728,39.5727272,39.71818161,1339030
2023-10-18,39.54545212,39.88181686,38.97272873,39.71818161,6036470
2023-10-19,39.80908966,41.6818161,39.52727127,41.01818085,3819090
2023-10-20,40.65454483,42.04545212,40.58181763,41.12727356,3720530
2023-10-23,40.80908966,41.98181915,40.78181839,41.35454559,2723820
2023-10-24,42.44545364,42.89090729,40.90908813,41.34545517,1863510
2023-10-25,41.36363602,42.0,41.12727356,41.5,3306710
2023-10-26,41.9272728,43.29999924,41.9272728,43.27272797,2904770
2023-10-27,43.04545212,43.71818161,42.28181839,42.59090805,1877700
2023-10-30,42.72727203,42.85454559,41.80908966,41.9272728,1991000
2023-10-31,42.30908966,42.67272568,41.82727051,42.37272644,2053040
2023-11-01,42.34545517,44.36363602,42.34545517,43.51818085,5458310
2023-11-03,44.65454483,44.99090958,43.61817932,44.0,1792340
2023-11-06,44.17272568,44.43636322,43.50909042,44.28181839,1591150
2023-11-07,44.1818161,44.77272797,43.85454559,44.1818161,1640100
2023-11-08,43.81818008,44.19091034,43.44545364,43.70000076,2089560
2023-11-09,43.63636398,43.98181915,43.22727203,43.50909042,923120
2023-11-10,44.02727127,45.88181686,43.90000153,45.50909042,3947570
2023-11-13,45.79090881,45.91818237,44.95454407,45.77272797,1104730
2023-11-14,45.47272873,47.12727356,45.45454407,46.79999924,2521420
2023-11-16,46.19091034,47.72727203,46.1818161,47.31818008,3284710
2023-11-17,47.64545441,48.03636169,47.06363678,47.44545364,1217370
2023-11-20,47.0,47.2545433,46.2545433,46.73636246,2007610
2023-11-21,46.39090729,46.84545517,46.20909119,46.50909042,1443970
2023-11-22,46.48181915,47.99090958,46.38181686,47.06363678,1752190
2023-11-23,47.29090881,47.84545517,46.79090881,47.5,518320
2023-11-24,47.36363602,47.54545212,46.70000076,47.17272568,1053030
2023-11-27,47.37272644,47.73636246,46.47272873,47.55454636,1534280
2023-11-28,47.40908813,48.33636475,47.40908813,47.58181763,1250810
2023-11-29,47.59090805,48.17272568,47.20000076,47.41818237,1231340
2023-11-30,47.90908813,48.11817932,46.9272728,47.98181915,2190320
2023-12-01,47.76363754,48.35454559,47.20909119,48.24545288,2312090
2023-12-04,47.76363754,48.62727356,47.76363754,47.95454407,1908280
2023-12-05,47.95454407,48.41818237,47.51818085,48.09090805,1397550
2023-12-06,48.22727203,48.79999924,47.1818161,47.97272873,2042810
2023-12-07,47.97272873,48.03636169,47.11817932,47.5727272,1331440
2023-12-08,47.5727272,47.73636246,46.93636322,47.40908813,1416690
2023-12-11,47.20000076,47.53636169,46.82727051,47.04545212,800030
2023-12-12,47.03636169,47.38181686,46.86363602,47.09999847,1074920
2023-12-13,47.27272797,47.65454483,46.91818237,47.65454483,4692710
2023-12-14,47.79999924,48.41818237,46.43636322,47.0,4585790
2023-12-15,46.99090958,47.21818161,45.65454483,45.90908813,9518300
2023-12-18,46.20000076,46.91818237,45.64545441,46.70909119,4208820
2023-12-19,46.91818237,47.41818237,46.65454483,47.40908813,2044680
2023-12-20,47.46363449,47.79999924,46.85454559,46.85454559,1719190
2023-12-21,47.15454483,47.90000153,46.78181839,46.78181839,1518660
2023-12-22,47.20000076,47.83636475,46.62727356,47.19091034,7395300
2023-12-26,47.51818085,48.24545288,47.51818085,48.13636398,2226290
2023-12-27,48.17272568,49.03636169,47.88181686,48.77272797,1894860
2023-12-28,48.95454407,49.36363602,48.80908966,48.93636322,1173480
2024-01-02,48.08181763,48.59999847,47.1818161,47.44545364,2468730
2024-01-03,47.79090881,47.90000153,47.22727203,47.55454636,3791590
2024-01-04,47.29999924,47.40908813,46.87272644,47.22727203,1852180
2024-01-05,46.79090881,48.09090805,46.73636246,47.63636398,1945240
2024-01-08,47.63636398,48.94545364,47.40000153,48.72727203,5570840
2024-01-09,48.26363754,49.86363602,48.26363754,49.40908813,3100350
2024-01-10,49.65454483,49.65454483,49.00909042,49.49090958,858770
2024-01-11,49.39090729,49.54545212,48.58181763,48.71818161,4529030
2024-01-12,48.59090805,49.09999847,48.12727356,48.63636398,4386690
2024-01-15,48.66363525,49.16363525,48.32727051,49.09999847,973060
2024-01-16,48.94545364,49.01818085,47.63636398,48.12727356,2464770
2024-01-17,47.89090729,48.35454559,47.61817932,48.00909042,3277890
2024-01-18,48.04545212,48.1090889,45.17272568,45.44545364,7732670
2024-01-19,44.53636169,45.50909042,44.35454559,45.09090805,6407500
2024-01-22,45.00909042,45.39090729,44.69091034,45.06363678,3613830
2024-01-23,45.34545517,46.20909119,44.97272873,45.74545288,5430810
2024-01-24,45.83636475,46.04545212,44.82727051,44.82727051,1724140
2024-01-25,44.83636475,45.87272644,44.61817932,45.53636169,2162160
2024-01-26,46.13636398,46.13636398,45.36363602,45.36363602,1190090
2024-01-29,45.37272644,46.20000076,45.0727272,45.96363449,3385690
2024-01-30,46.17272568,47.0,45.50909042,45.72727203,7638400
2024-01-31,45.94545364,46.88181686,45.85454559,46.00909042,4353140
2024-02-01,46.1090889,46.98181915,45.82727051,46.45454407,8241200
2024-02-02,46.67272568,47.03636169,45.27272797,46.16363525,3607340
2024-02-05,45.91818237,46.63636398,45.49090958,45.98181915,2602710
2024-02-06,45.86363602,47.74545288,45.70000076,47.72727203,4562690
2024-02-07,47.73636246,48.43636322,47.22727203,47.50909042,3401530
2024-02-08,47.14545441,47.41818237,45.76363754,46.59999847,3506140
2024-02-09,46.20000076,46.81818008,45.73636246,46.7545433,3026100
2024-02-14,46.74545288,46.74545288,45.41818237,45.73636246,1547480
2024-02-15,45.96363449,46.33636475,45.65454483,46.15454483,2178110
2024-02-16,46.39090729,46.39090729,45.51818085,46.01818085,2056670
2024-02-19,45.87272644,46.17272568,45.77272797,45.86363602,1289420
2024-02-20,45.79090881,47.28181839,45.73636246,46.32727051,2908180
2024-02-21,46.29999924,46.45454407,45.11817932,45.61817932,1813460
2024-02-22,45.96363449,45.96363449,45.1818161,45.6818161,1510520
2024-02-23,45.6818161,45.99090958,45.37272644,45.78181839,1210220
2024-02-26,45.78181839,46.90908813,45.66363525,46.2545433,1832930
2024-02-27,46.36363602,47.36363602,46.31818008,46.90908813,2433970
2024-02-28,45.89090729,46.38181686,45.48181915,46.0,4667190
2024-02-29,45.99090958,46.21818161,45.20000076,46.21818161,3304180
2024-03-01,46.14545441,46.40000153,45.70909119,45.9272728,1043680
2024-03-04,45.72727203,45.7545433,44.79999924,45.33636475,1969330
2024-03-05,45.13636398,46.17272568,45.13636398,46.06363678,1299320
2024-03-06,46.24545288,46.32727051,45.67272568,46.32727051,1304820
2024-03-07,46.1818161,46.29999924,45.46363449,45.80908966,2730750
2024-03-08,45.45454407,46.6090889,45.45454407,46.36363602,3648480
2024-03-11,46.36363602,46.81818008,45.90908813,45.90908813,4298910
2024-03-12,46.1818161,46.28181839,45.71818161,46.05454636,2672120
2024-03-13,45.94545364,45.94545364,44.47272873,45.19091034,7075640
2024-03-14,45.21818161,45.51818085,44.5,44.54545212,4286700
2024-03-15,44.5,44.62727356,43.1818161,43.41818237,10990100
2024-03-18,43.63636398,43.80908966,43.09999847,43.27272797,3288890
2024-03-19,43.31818008,44.13636398,43.11817932,43.63636398,4528590
2024-03-20,43.70909119,44.37272644,43.6818161,44.17272568,3465220
2024-03-21,44.02727127,44.51818085,44.02727127,44.04545212,1879900
2024-03-22,44.0,44.34545517,43.72727203,43.97272873,1403600
2024-03-25,43.88181686,44.1090889,43.01818085,43.39090729,2491720
2024-03-26,43.39090729,43.70000076,43.11817932,43.11817932,1735250
2024-03-27,43.40908813,43.69091034,42.9272728,43.46363449,1460140
2024-03-28,43.34545517,43.72727203,43.2545433,43.51818085,2073830
2024-04-01,43.72727203,43.82727051,42.93636322,42.93636322,1987150
2024-04-02,42.93636322,43.90000153,42.58181763,43.49090958,3328820
2024-04-03,43.56363678,43.79999924,43.1090889,43.69091034,1804880
2024-04-04,43.69091034,44.22727203,43.50909042,43.69091034,1852730
2024-04-05,43.89090729,43.95454407,42.99090958,43.22727203,3544310
2024-04-08,43.21818161,43.82727051,42.99090958,43.74545288,2484570
2024-04-09,43.6818161,44.49090958,43.48181915,44.49090958,5207510
2024-04-10,44.16363525,44.22727203,42.88181686,42.96363449,2459820
2024-04-11,42.6818161,43.20000076,42.22727203,43.09090805,3650130
2024-04-12,43.15454483,43.29999924,42.35454559,42.59090805,2671900
2024-04-15,42.50909042,42.50909042,41.51818085,42.36363602,3869800
2024-04-16,41.9272728,42.36363602,41.7545433,42.0,3438710
2024-04-17,41.99090958,42.03636169,41.39090729,41.55454636,2224750
2024-04-18,41.40000153,41.69091034,41.00909042,41.41818237,2057880
2024-04-19,41.17272568,42.34545517,41.17272568,42.0,4564230
2024-04-22,41.97272873,43.16363525,41.71818161,42.62727356,3852530
2024-04-23,42.21818161,42.77272797,42.04545212,42.24545288,2167990
2024-04-24,41.84545517,42.2545433,41.43636322,41.6090889,3807210
2024-04-25,41.6090889,41.79999924,41.2545433,41.4272728,2549910
2024-04-26,41.86363602,42.33636475,41.46363449,42.15454483,3109700
2024-04-29,41.95454407,42.54545212,41.52727127,41.70909119,2154900
2024-04-30,41.48181915,41.5727272,40.73636246,41.0,4245120
2024-05-02,41.81818008,42.06363678,41.29999924,41.58181763,3396250
2024-05-03,42.1818161,43.34545517,41.85454559,43.14545441,8790430
2024-05-06,43.15454483,43.29999924,42.48181915,42.59090805,1655500
2024-05-07,42.59999847,43.16363525,42.2545433,42.91818237,1882870
2024-05-08,42.50909042,42.98181915,41.90908813,42.5,12389740
2024-05-09,42.72727203,43.00909042,41.89090729,42.59999847,4917660
2024-05-10,42.19091034,43.6090889,42.19091034,43.23636246,5922180
2024-05-13,43.32727051,43.32727051,42.34545517,42.47272873,3399440
2024-05-14,42.0727272,43.22727203,42.0727272,43.20000076,1773200
2024-05-15,43.59999847,43.84545517,42.72727203,43.51818085,2922920
2024-05-16,43.63636398,44.01818085,43.05454636,43.0727272,3316390
2024-05-17,42.71818161,43.01818085,42.53636169,42.53636169,2736140
2024-05-20,42.48181915,42.94545364,42.0,42.45454407,1537030
2024-05-21,42.27272797,42.9272728,42.26363754,42.50909042,1797950
2024-05-22,42.21818161,42.27272797,41.21818161,41.37272644,2963730
2024-05-23,40.98181915,41.39090729,40.31818008,40.93636322,2371930
2024-05-24,41.27272797,43.05454636,40.93636322,42.5,7568220
2024-05-27,42.36363602,42.95454407,42.33636475,42.51818085,2621190
2024-05-28,43.15454483,43.16363525,42.04545212,42.09090805,2152810
2024-05-29,42.09090805,42.24545288,41.59090805,41.62727356,1336940
2024-05-31,41.46363449,41.81818008,41.15454483,41.55454636,8283660
2024-06-03,41.72727203,42.79090881,41.1090889,42.59999847,2219360
2024-06-04,42.32727051,42.65454483,41.95454407,42.11817932,5189250
2024-06-05,41.83636475,42.65454483,41.83636475,42.45454407,2365000
2024-06-06,42.22727203,43.21818161,42.22727203,42.64545441,2310550
2024-06-07,42.05454636,42.6818161,41.82727051,41.95454407,1898930
2024-06-10,42.0,42.09090805,41.48181915,41.6818161,1447160
2024-06-11,42.09090805,42.33636475,41.4272728,41.59090805,1300750
2024-06-12,41.93636322,42.24545288,40.59999847,40.65454483,2620090
2024-06-13,40.80908966,40.88181686,40.08181763,40.5,2976270
2024-06-14,40.5,41.36363602,39.81818008,41.24545288,1947550
2024-06-17,40.82727051,40.99090958,40.05454636,40.31818008,2350040
2024-06-18,39.95454407,40.6818161,39.79090881,40.31818008,1777820
2024-06-19,40.31818008,40.45454407,39.56363678,40.24545288,2219470
2024-06-20,40.43636322,40.82727051,39.88181686,40.0727272,1916640
2024-06-21,39.78181839,41.13636398,39.78181839,40.90000153,5153280
2024-06-24,41.13636398,41.5,40.93636322,41.09090805,1483240
2024-06-25,41.04545212,41.1090889,40.33636475,40.55454636,1538790
2024-06-26,40.43636322,40.55454636,39.6818161,40.55454636,2893330
2024-06-27,40.27272797,41.5,40.27272797,41.5,3736260
2024-06-28,40.95454407,41.81818008,40.95454407,41.47272873,2471370
2024-07-01,40.89090729,41.98181915,40.89090729,41.45454407,3542880
2024-07-02,41.72727203,41.83636475,40.46363449,40.86363602,3769260
2024-07-03,41.21818161,42.00909042,41.0,41.49090958,8722010
2024-07-04,41.80908966,42.2545433,41.76363754,42.05454636,3434310
2024-07-05,41.81818008,42.5,41.78181839,42.30908966,4632870
2024-07-08,42.26363754,43.09999847,42.15454483,43.01818085,4484370
2024-07-09,42.64545441,43.54545212,42.64545441,43.54545212,2726130
2024-07-10,43.26363754,43.81818008,43.0727272,43.1818161,3404500
2024-07-11,43.49090958,43.81818008,43.37272644,43.62727356,1830730
2024-07-12,43.62727356,44.20000076,43.28181839,44.09090805,1419220
2024-07-15,44.09090805,44.17272568,43.29999924,43.29999924,1853170
2024-07-16,43.1818161,43.77272797,43.1818161,43.33636475,1516240
2024-07-17,42.91818237,43.45454407,42.91818237,43.21818161,1861860
2024-07-18,43.1818161,43.34545517,42.56363678,42.71818161,1632070
2024-07-19,42.50909042,42.80908966,41.96363449,42.09090805,2481050
2024-07-22,42.00909042,42.88181686,41.70000076,42.65454483,2680590
2024-07-23,42.49090958,42.70000076,41.40908813,41.48181915,4793250
2024-07-24,41.40908813,41.47272873,40.64545441,40.64545441,5042180
2024-07-25,40.64545441,40.72727203,39.98181915,40.09090805,3126090
2024-07-26,40.19091034,40.62727356,39.74545288,40.45454407,2797850
2024-07-29,40.80908966,40.80908966,40.2545433,40.4272728,1835790
2024-07-30,40.61817932,40.85454559,40.13636398,40.13636398,2799280
2024-07-31,40.13636398,40.33636475,39.61817932,39.93636322,5330600
2024-08-01,40.39090729,41.26363754,40.20909119,41.02727127,2701600
2024-08-02,41.11817932,42.00909042,41.09999847,41.52727127,5214550
2024-08-05,40.09090805,40.84545517,40.03636169,40.03636169,2771450
2024-08-06,39.98181915,40.95454407,39.98181915,40.40000153,2495020
2024-08-07,40.90908813,40.94545364,40.11817932,40.6818161,3214420
2024-08-08,41.09999847,41.70000076,40.38181686,41.6818161,3961870
2024-08-09,42.26363754,42.67272568,41.87272644,42.34545517,9005480
2024-08-12,42.80908966,42.97272873,42.43636322,42.43636322,3251270
2024-08-13,42.02727127,42.29999924,41.73636246,42.09090805,2475220
2024-08-14,42.53636169,44.45454407,42.15454483,43.9272728,6225450
2024-08-15,43.73636246,44.53636169,43.63636398,44.22727203,3281630
2024-08-16,45.32727051,45.32727051,44.20000076,44.36363602,3450920
2024-08-19,44.71818161,45.86363602,44.23636246,45.59090805,5578980
2024-08-20,45.36363602,45.79090881,44.6090889,44.79090881,5112690
2024-08-21,45.43636322,45.43636322,44.2545433,44.29090881,1939960
2024-08-22,44.47272873,44.79090881,43.01818085,43.1818161,3585890
2024-08-23,43.59090805,44.58181763,43.0,44.22727203,3704690
2024-08-26,44.39090729,44.50909042,43.63636398,43.76363754,2039400
2024-08-27,43.47272873,43.98181915,43.2545433,43.36363602,1268190
2024-08-28,43.36363602,43.54545212,43.02727127,43.53636169,2737680
2024-08-29,43.40908813,43.61817932,42.23636246,43.02727127,6920650
2024-08-30,42.52727127,43.37272644,42.39090729,43.00909042,4460390
2024-09-02,43.0,43.15454483,42.59090805,43.0,1498420
2024-09-03,42.72727203,43.4272728,42.6090889,43.37272644,6481640
2024-09-04,43.81818008,44.90000153,43.63636398,44.65454483,4565220
2024-09-05,44.78181839,45.08181763,43.48181915,43.90908813,4383390
2024-09-06,43.63636398,44.29090881,43.5727272,43.72727203,1684100
2024-09-09,43.5727272,44.27272797,43.46363449,43.61817932,1960640
2024-09-10,43.46363449,43.81818008,43.2545433,43.5,1365650
2024-09-11,43.29090881,43.85454559,43.24545288,43.28181839,1291290
2024-09-12,43.0727272,43.77272797,43.05454636,43.29090881,1870660
2024-09-13,43.69091034,44.48181915,43.28181839,43.91818237,1980990
2024-09-16,43.97272873,44.50909042,43.9272728,43.9272728,1295580
2024-09-17,44.11817932,44.11817932,43.61817932,43.96363449,1036970
2024-09-18,43.79090881,44.1818161,43.6090889,43.80908966,1412400
2024-09-19,43.86363602,44.15454483,42.76363754,42.96363449,1516460
2024-09-20,42.72727203,43.16363525,41.36363602,41.36363602,7052540
2024-09-23,41.29999924,41.63636398,41.00909042,41.20909119,2769360
2024-09-24,41.37272644,41.65454483,40.83636475,41.40000153,2794990
2024-09-25,41.64545441,41.69091034,41.13636398,41.22727203,1825010
2024-09-26,41.65454483,41.6818161,40.82727051,41.44545364,2425280
2024-09-27,41.05454636,41.67272568,41.05454636,41.17272568,2159630
2024-09-30,41.32727051,41.59090805,40.66363525,40.71818161,2462900
2024-10-01,41.22727203,41.22727203,40.17272568,40.5,4227850
2024-10-02,41.36363602,41.58181763,40.53636169,40.6818161,2553210
2024-10-03,40.20000076,40.40000153,39.4272728,40.11817932,5417610
2024-10-04,39.69091034,40.22727203,39.62727356,40.22727203,2807860
2024-10-07,40.32727051,40.54545212,39.74545288,39.83636475,1844810
2024-10-08,39.79999924,40.06363678,39.72727203,40.0,3249730
2024-10-09,39.69091034,39.84545517,39.24545288,39.52727127,3636160
2024-10-10,39.44545364,39.72727203,39.27272797,39.55454636,3923920
2024-10-11,39.32727051,39.55454636,38.77272797,39.44545364,3458290
2024-10-14,39.36363602,40.1090889,39.16363525,40.00909042,3626040
2024-10-15,40.09999847,40.33636475,39.80908966,39.99090958,1696090
2024-10-16,40.20000076,40.59999847,39.59090805,40.28181839,5060990
2024-10-17,39.81818008,39.91818237,39.53636169,39.74545288,2097920
2024-10-18,39.79090881,39.99090958,39.03636169,39.59090805,5075950
2024-10-21,39.69091034,39.85454559,39.4272728,39.79090881,1356850
2024-10-22,39.61817932,39.63636398,38.95454407,39.47272873,2495570
2024-10-23,39.06363678,39.29090881,38.38181686,38.95454407,3849780
2024-10-24,38.84545517,39.43636322,38.48181915,39.4272728,3337400
2024-10-25,39.1090889,39.5,38.86363602,39.12727356,6067380
2024-10-28,39.34545517,39.5727272,38.78181839,38.99090958,3043260
2024-10-29,39.06363678,39.22727203,38.59999847,38.70909119,1673760
2024-10-30,38.70909119,39.39090729,38.70909119,39.08181763,1759450
2024-10-31,38.79090881,39.63636398,38.79090881,39.22727203,3925020
2024-11-01,39.00909042,39.11817932,38.09090805,38.09090805,2975610
2024-11-04,38.37272644,39.46363449,38.37272644,39.23636246,2990350
2024-11-05,39.15454483,39.22727203,38.58181763,39.11817932,1758020
2024-11-06,38.28181839,38.99090958,38.0,38.61817932,1794100
2024-11-07,38.23636246,39.17272568,37.78181839,38.24545288,3739890
2024-11-08,37.70909119,37.86363602,36.86363602,37.5,6378460
2024-11-11,37.20000076,37.96363449,37.13636398,37.47272873,2594240
2024-11-12,37.73636246,37.73636246,36.50909042,36.50909042,4412210
2024-11-13,36.70000076,37.6090889,36.70000076,37.40000153,5683700
2024-11-14,37.40000153,38.08181763,37.17272568,38.01818085,4132480
2024-11-18,37.54545212,37.82727051,37.22727203,37.22727203,3964730
2024-11-19,37.28181839,38.23636246,37.15454483,38.14545441,2217930
2024-11-21,37.55454636,37.89090729,37.27272797,37.27272797,3475890
2024-11-22,37.77272797,38.30908966,37.34545517,38.15454483,3485240
2024-11-25,38.48181915,38.63636398,37.89090729,37.98181915,4634080
2024-11-26,38.45454407,39.1818161,37.96363449,38.70909119,2912140
2024-11-27,38.71818161,38.90908813,37.78181839,37.9272728,3937560
2024-11-28,37.54545212,37.72727203,36.19091034,36.90000153,4226750
2024-11-29,36.74545288,36.90000153,35.59090805,36.55454636,5824170
2024-12-02,36.28181839,36.72727203,35.85454559,35.85454559,3073400
2024-12-03,35.91818237,36.44545364,35.73636246,36.17272568,1748450
2024-12-04,35.99090958,36.1818161,35.69091034,35.82727051,3566530
2024-12-05,36.30908966,36.55454636,35.84545517,36.21818161,4134240
2024-12-06,36.03636169,36.08181763,35.41818237,35.50909042,4439380
2024-12-09,35.59090805,35.86363602,34.94545364,34.96363449,3236200
2024-12-10,35.22727203,35.49090958,34.98181915,35.1818161,2250930
2024-12-11,35.34545517,37.08181763,35.00909042,36.31818008,3294390
2024-12-12,36.1818161,36.1818161,35.0727272,35.53636169,4936690
2024-12-13,35.64545441,35.80908966,34.71818161,34.81818008,3284380
2024-12-16,34.70909119,35.09999847,34.02727127,34.09090805,3187140
2024-12-17,34.40000153,35.02727127,34.03636169,35.00909042,5685240
2024-12-18,34.65454483,34.95454407,33.46363449,33.73636246,8941460
2024-12-19,33.79999924,34.59999847,33.46363449,34.54545212,3358630
2024-12-20,34.38181686,35.30908966,34.27272797,35.29090881,4331580
2024-12-23,35.0,35.0,33.85454559,33.85454559,2470490
2024-12-26,33.82727051,34.27272797,33.72727203,33.80908966,2522300
2024-12-27,34.0727272,34.28181839,33.34545517,33.49090958,1713250
2024-12-30,33.5,33.77272797,32.87272644,33.16363525,2853180
2025-01-02,32.90908813,33.0727272,32.2545433,32.77272797,2985510
2025-01-03,32.77272797,33.00909042,32.09090805,32.36363602,3616800
2025-01-06,32.59999847,33.65454483,32.37272644,33.58181763,8563610
2025-01-07,33.63636398,34.21818161,33.61817932,34.21818161,3045460
2025-01-08,33.81818008,34.0727272,33.38181686,33.45454407,6306190
2025-01-09,33.45454407,33.72727203,33.20909119,33.54545212,2322210
2025-01-10,33.34545517,33.47272873,32.85454559,33.21818161,6276600
2025-01-13,33.48181915,33.55454636,32.94545364,33.12727356,2649350
2025-01-14,32.94545364,33.16363525,32.6090889,33.09090805,3270520
2025-01-15,33.61817932,34.04545212,33.09999847,33.71818161,7460530
2025-01-16,33.70000076,33.70909119,32.44545364,32.72727203,6852120
2025-01-17,33.05454636,33.63636398,32.53636169,33.37272644,7363070
2025-01-20,33.38181686,34.12727356,32.82727051,33.82727051,2179650
2025-01-21,33.95454407,33.95454407,33.51818085,33.55454636,2625810
2025-01-22,33.6090889,34.33636475,33.37272644,33.95454407,3280860
2025-01-23,34.28181839,34.28181839,33.40908813,33.80908966,2170300
2025-01-24,33.83636475,34.29090881,33.6090889,34.16363525,3355770
2025-01-27,34.09090805,35.29090881,33.84545517,35.12727356,2892340
2025-01-28,35.09090805,35.40000153,34.98181915,35.30908966,2345970
2025-01-29,35.79999924,35.79999924,34.77272797,34.77272797,2844380
2025-01-30,34.77272797,36.76363754,34.77272797,36.72727203,5842100
2025-01-31,36.55454636,36.88181686,36.05454636,36.05454636,2576090
2025-02-03,35.61817932,37.00909042,35.32727051,36.66363525,3310890
2025-02-04,36.37272644,37.14545441,36.32727051,36.89090729,3132800
2025-02-05,37.02727127,37.34545517,36.43636322,37.13636398,4251610
2025-02-06,37.0,37.52727127,36.74545288,37.14545441,2193840
2025-02-07,36.81818008,37.5,36.70000076,36.80908966,2589180
2025-02-10,37.20000076,37.32727051,36.31818008,36.35454559,2100010
2025-02-11,36.59999847,37.5,36.2545433,37.34545517,3724050
2025-02-12,36.63636398,37.1818161,36.45454407,36.69091034,2877490
2025-02-13,36.32727051,37.02727127,36.23636246,36.93636322,1962510
2025-02-14,37.17272568,38.82727051,37.17272568,38.29999924,2355320
2025-02-17,38.41818237,39.17272568,38.30908966,38.63636398,2861980
2025-02-18,38.49090958,38.69091034,38.06363678,38.20909119,3073950
2025-02-19,37.99090958,38.27272797,37.44545364,37.52727127,2435180
2025-02-20,37.38181686,37.61817932,36.87272644,37.31818008,3891030
2025-02-21,38.1090889,38.2545433,37.47272873,37.90000153,2438700
2025-02-24,38.28181839,38.28181839,36.82727051,36.82727051,2180860
2025-02-25,36.84545517,38.20909119,36.79090881,37.98181915,10031560
2025-02-26,36.37272644,36.65454483,35.49090958,35.51818085,2160730
2025-02-27,35.54545212,35.81818008,35.13636398,35.24545288,1690700
2025-02-28,35.34545517,35.70909119,34.59999847,34.59999847,9155740
2025-03-05,34.59999847,35.19091034,34.13636398,34.39090729,2600840
2025-03-06,34.5,34.93636322,34.17272568,34.73636246,1772210
2025-03-07,34.20000076,36.19091034,34.0727272,35.65454483,2875400
2025-03-10,35.50909042,35.98181915,35.22727203,35.51818085,1744380
2025-03-11,35.41818237,35.74545288,34.87272644,35.43636322,2207370
2025-03-12,35.41818237,36.29090881,35.38181686,36.0,3368640
2025-03-13,35.97272873,36.90908813,35.90000153,36.54545212,3066360
2025-03-14,37.12727356,37.87272644,36.79090881,37.20909119,2899160
2025-03-17,37.13636398,38.28181839,37.11817932,37.78181839,2507120
2025-03-18,37.90000153,38.50909042,37.7545433,37.76363754,2396790
2025-03-19,39.09090805,39.09090805,38.1090889,38.65454483,3362370
2025-03-20,38.85454559,39.00909042,38.20909119,38.20909119,2653860
2025-03-21,38.47272873,38.61817932,37.81818008,37.86363602,8876450
2025-03-24,38.12727356,38.12727356,37.15454483,37.29090881,1734150
2025-03-25,37.32727051,38.39090729,37.2545433,37.45454407,1981980
2025-03-26,37.5727272,38.09999847,37.04545212,37.19091034,2615360
2025-03-27,37.23636246,37.63636398,36.82727051,37.21818161,2246860
2025-03-28,37.30908966,37.30908966,36.62727356,36.6818161,2127180
2025-03-31,36.28181839,36.84545517,36.00909042,36.36363602,2711390
2025-04-01,36.29999924,36.90000153,36.04545212,36.41818237,1627890
2025-04-02,36.56363678,36.78181839,36.1090889,36.78181839,2727010
2025-04-03,36.51818085,39.06363678,36.51818085,38.33636475,4555430
2025-04-04,37.64545441,38.30908966,37.13636398,37.31818008,3514280
2025-04-07,37.20000076,38.05454636,36.53636169,36.73636246,2442440
2025-04-08,37.24545288,37.74545288,36.71818161,36.91818237,5028760
2025-04-09,36.73636246,37.76363754,35.90908813,36.99090958,4234450
2025-04-10,36.63636398,37.0727272,36.13636398,36.76363754,3233230
2025-04-11,36.90908813,37.67272568,36.62727356,37.45454407,1760770
2025-04-14,38.01818085,38.70909119,37.46363449,38.32727051,3090670
2025-04-15,38.32727051,39.0,38.20000076,38.65454483,9412810
2025-04-16,38.41818237,39.09090805,38.19091034,38.34545517,3245880
2025-04-17,38.20909119,39.0727272,38.12727356,38.67272568,4118840
2025-04-22,38.6818161,39.47272873,38.35454559,38.94545364,3228830
2025-04-23,39.54545212,39.95454407,39.20000076,39.65454483,3413960
2025-04-24,39.95454407,41.23636246,39.87272644,40.95454407,4024240
2025-04-25,41.00909042,42.6090889,40.79999924,41.36363602,4816900
2025-04-28,41.23636246,42.06363678,40.97272873,41.36363602,3513180
2025-04-29,40.82727051,41.90000153,40.82727051,41.45454407,3350490
2025-04-30,41.63636398,42.03636169,41.31818008,41.76363754,2454540
2025-05-02,41.30908966,41.61817932,41.12727356,41.27272797,6432250
2025-05-05,41.43636322,41.5727272,40.61817932,41.00909042,2100010
2025-05-06,40.80908966,41.38181686,40.33636475,40.6818161,5139970
2025-05-07,41.04545212,41.04545212,40.15454483,40.58181763,3403950
2025-05-08,41.13636398,42.56363678,40.78181839,42.05454636,4837690
2025-05-09,41.95454407,42.54545212,41.32727051,41.50909042,2477530
2025-05-12,42.09999847,42.09999847,40.50909042,40.95454407,2306590
2025-05-13,41.19091034,42.70000076,41.19091034,42.48181915,3272940
2025-05-14,42.48181915,42.66363525,41.70000076,42.15454483,2798510
2025-05-15,42.11817932,42.67272568,41.63636398,42.27272797,2181960
2025-05-16,42.22727203,42.22727203,41.55454636,42.0727272,2266440
2025-05-19,42.08181763,43.40908813,41.90000153,42.94545364,1584660
2025-05-20,43.09090805,43.93636322,42.55454636,43.80908966,2590940
2025-05-21,43.6818161,44.08181763,42.23636246,42.45454407,2187350
2025-05-22,42.71818161,43.76363754,42.6090889,42.70000076,3117840
2025-05-23,42.36363602,43.63636398,41.87272644,43.0,4575670
2025-05-26,43.20909119,43.78181839,43.17272568,43.20909119,2311210
2025-05-27,44.20000076,44.90908813,44.08181763,44.45454407,3126970
2025-05-28,44.43636322,44.43636322,43.65454483,43.6818161,1462670
2025-05-29,43.37272644,44.40908813,43.37272644,44.0,1204390
2025-05-30,44.0,44.35454559,43.1818161,43.1818161,5741560
2025-06-02,43.72727203,44.17272568,42.72727203,42.87272644,5762460
2025-06-03,42.72727203,43.6090889,42.72727203,43.6090889,2674980
2025-06-04,43.87272644,44.30908966,43.40908813,43.53636169,3454330
2025-06-05,43.50909042,43.58181763,42.90000153,43.05454636,1936220
2025-06-06,42.91818237,43.40000153,42.53636169,42.7545433,2013990
2025-06-09,42.79999924,42.79999924,41.74545288,42.27272797,1459590
2025-06-10,43.08181763,43.26363754,42.37272644,42.37272644,4339830
2025-06-11,42.14545441,42.40908813,41.51818085,42.13636398,3394930
2025-06-12,42.13636398,42.38181686,41.73636246,42.38181686,1496330
2025-06-13,41.67272568,42.33636475,41.59090805,42.20000076,1968010
2025-06-16,42.41818237,43.59090805,42.41818237,42.98181915,2612610
2025-06-17,43.19091034,43.26363754,42.29090881,42.89090729,3026430
2025-06-18,42.73636246,43.16363525,42.44545364,42.85454559,1651980
2025-06-20,42.23636246,42.73636246,42.14545441,42.59090805,4757060
2025-06-23,42.43636322,42.54545212,41.76363754,42.08181763,1774300
2025-06-24,42.08181763,42.78181839,41.76363754,42.78181839,2822930
2025-06-25,42.51818085,42.7545433,41.47272873,41.81818008,2965820
2025-06-26,41.78181839,42.73636246,41.67272568,42.52727127,1524050
2025-06-27,42.27272797,42.77272797,42.13636398,42.29090881,1663090
2025-06-30,41.81818008,44.29999924,41.81818008,43.9272728,3388330
2025-07-01,44.36363602,44.59090805,43.63636398,43.80908966,2185920
2025-07-02,44.09090805,44.09090805,42.0727272,42.6818161,3993660
2025-07-03,42.90908813,43.99090958,42.51818085,43.93636322,1950850
2025-07-04,43.99090958,44.21818161,43.83636475,43.89090729,1134430
2025-07-07,43.63636398,44.04545212,43.03636169,43.27272797,1364550
2025-07-08,43.09090805,43.2545433,42.7545433,43.04545212,2135320
2025-07-09,43.05454636,43.1090889,42.22727203,42.40000153,2145990
2025-07-10,42.27272797,42.27272797,41.51818085,41.9272728,2593580
2025-07-11,41.79090881,41.94545364,41.37272644,41.59999847,1692130
2025-07-14,41.50909042,41.72727203,41.20000076,41.31818008,1672550
2025-07-15,41.79999924,41.80908966,40.98181915,41.63636398,2105290
2025-07-16,41.93636322,41.93636322,41.21818161,41.65454483,2373800
2025-07-17,41.81818008,41.81818008,41.13636398,41.59090805,2073610
2025-07-18,41.1818161,41.63636398,40.61817932,41.20000076,2623390
2025-07-21,41.01818085,41.61817932,40.95454407,41.33636475,1359270
2025-07-22,41.36363602,41.94545364,40.94545364,41.04545212,1775620
2025-07-23,40.77272797,42.06363678,40.77272797,41.81818008,1999250
2025-07-24,41.28181839,41.96363449,41.13636398,41.45454407,1350470
2025-07-25,41.5727272,41.88181686,41.17272568,41.28181839,1188990
2025-07-28,41.44545364,41.50909042,40.5,40.65454483,1731730
2025-07-29,40.85454559,41.51818085,40.50909042,41.44545364,1819510
2025-07-30,41.02727127,42.66363525,41.02727127,42.0,2118600
2025-07-31,41.36363602,41.90908813,41.09090805,41.50909042,2478300
2025-08-01,42.38181686,42.7545433,41.63636398,41.81818008,1779800
2025-08-04,42.53636169,42.55454636,41.2545433,41.6090889,1241460
2025-08-05,41.94545364,42.19091034,41.26363754,41.64545441,702130
2025-08-06,41.71818161,42.29090881,41.13636398,42.27272797,2430120
2025-08-07,42.29090881,44.21818161,41.94545364,43.94545364,2796200
2025-08-08,43.63636398,44.78181839,43.33636475,43.67272568,3129830
2025-08-11,43.02727127,43.79999924,42.73636246,42.95454407,5891600
2025-08-12,43.63636398,44.59999847,43.63636398,44.4272728,1612710
2025-08-13,43.72727203,43.72727203,42.29999924,42.53636169,2841960
2025-08-14,42.0,42.80908966,41.91818237,42.58181763,2683010
2025-08-15,42.27272797,42.72727203,42.04545212,42.49090958,2191750
2025-08-18,42.62727356,42.7545433,42.26363754,42.63636398,1396010
2025-08-19,41.87272644,42.0,41.29090881,41.63636398,1655720
2025-08-20,41.41818237,42.40908813,41.38181686,42.34545517,1049840
2025-08-21,42.1090889,42.39090729,41.67272568,42.0,1541650
2025-08-22,42.02727127,43.45454407,41.90908813,43.15454483,2455200
2025-08-25,43.44545364,43.64545441,42.9272728,43.00909042,3354780
2025-08-26,42.96363449,43.1818161,42.43636322,43.00909042,2505580
2025-08-27,43.00909042,44.0,42.83636475,43.78181839,2587970
2025-08-28,44.09090805,45.1090889,43.88181686,44.28181839,4381300
2025-08-29,44.21818161,44.72727203,44.0727272,44.37272644,3634620
2025-09-01,44.46363449,44.94545364,43.91818237,44.17272568,4057900
2025-09-02,43.9272728,44.14545441,43.47272873,43.59999847,2651550
2025-09-03,43.37272644,43.90908813,42.83636475,43.1090889,5138650
2025-09-04,43.1818161,44.56363678,42.90000153,43.98181915,3645290
2025-09-05,44.56363678,45.81818008,44.13636398,45.48181915,4875420
2025-09-08,45.55454636,45.79090881,44.54545212,44.58181763,2450030
2025-09-09,44.84545517,45.12727356,44.13636398,44.36363602,4046130
2025-09-10,44.16363525,45.37272644,44.16363525,44.63636398,3380410
2025-09-11,44.67272568,45.52727127,44.37272644,45.15454483,3497670
2025-09-12,44.5727272,45.26363754,44.5,44.74545288,1760550
2025-09-15,44.79999924,45.4272728,44.6090889,45.04545212,3144570
2025-09-16,45.09999847,45.46363449,44.56363678,45.13636398,3542440
2025-09-17,45.14545441,45.67272568,44.84545517,45.43636322,2981880
2025-09-18,45.41818237,45.59090805,45.0727272,45.4272728,977680
2025-09-19,45.71818161,46.16363525,45.21818161,45.78181839,4292420
2025-09-22,45.31818008,45.49090958,44.91818237,45.31818008,1889910
2025-09-23,45.35454559,46.30908966,45.29999924,46.30908966,1181840
2025-09-24,46.35454559,46.47272873,45.70909119,46.16363525,1203620
2025-09-25,46.1090889,46.26363754,45.64545441,45.95454407,2542320
2025-09-26,46.2545433,46.34545517,45.72727203,45.77272797,1949200
2025-09-29,47.21818161,47.21818161,45.97272873,46.20909119,2216610
2025-09-30,46.86363602,47.12727356,46.20000076,46.23636246,2042370
2025-10-01,46.5,46.6090889,45.73636246,45.95454407,3454770
2025-10-02,45.74545288,46.15454483,45.11817932,45.36363602,2393820
2025-10-03,45.37272644,45.59090805,44.82727051,45.45454407,2133340
2025-10-06,45.59090805,45.59090805,44.74545288,45.11817932,1333750
2025-10-07,44.78181839,44.83636475,43.79090881,44.04545212,3513620
2025-10-08,44.21818161,44.40000153,43.65454483,43.89090729,3182080
2025-10-09,43.79999924,44.17272568,43.50909042,43.91818237,1584000
2025-10-10,43.9272728,44.2545433,43.24545288,43.56363678,2314730
2025-10-13,43.61817932,44.1090889,43.45454407,43.81818008,1510850
2025-10-14,43.63636398,44.09999847,43.52727127,43.67272568,2874190
2025-10-15,43.0,44.59090805,42.66363525,44.45454407,4540470
2025-10-16,43.84545517,44.94545364,43.84545517,44.47272873,1751970
2025-10-17,44.1818161,45.67272568,44.1818161,45.67272568,3218930
2025-10-20,45.79999924,46.16363525,45.58181763,45.9272728,2219690
2025-10-21,45.7545433,46.40908813,45.72727203,45.89090729,1482250
2025-10-22,46.35454559,46.35454559,45.48181915,45.97272873,1691580
2025-10-23,46.12727356,46.6818161,46.09090805,46.44545364,1680030
2025-10-24,46.6818161,47.40908813,46.65454483,47.2545433,1858890
2025-10-27,48.45454407,48.45454407,47.33636475,47.5,3540130
2025-10-28,47.45454407,47.90908813,45.44545364,46.2545433,6028990
2025-10-29,46.46363449,47.63636398,46.41818237,47.09090805,6381320
2025-10-30,46.70909119,47.39090729,46.44545364,47.05454636,2742960
2025-10-31,47.44545364,47.45454407,46.5727272,47.11817932,1767040
2025-11-03,47.26363754,47.70909119,46.99090958,47.5727272,2457510
2025-11-04,47.56363678,47.66363525,47.2545433,47.6090889,2546170
2025-11-05,47.6090889,49.00909042,47.5,49.00909042,3609870
2025-11-06,49.20909119,49.20909119,48.40908813,48.48181915,2647370
2025-11-07,48.44545364,48.79999924,46.97272873,47.90908813,4453680
2025-11-10,47.99090958,48.48181915,47.89090729,48.29090881,2927100
2025-11-11,48.56363678,49.69091034,48.09090805,49.37272644,4209150
2025-11-12,49.39090729,49.76363754,49.22727203,49.30908966,2948550
2025-11-13,49.09999847,49.69091034,48.72727203,48.81818008,2774310
2025-11-14,48.84545517,49.41818237,48.63636398,49.34545517,1672550
2025-11-17,49.47272873,49.47272873,48.5727272,48.74545288,1812800
2025-11-18,48.53636169,49.22727203,48.36363602,49.08181763,2351800
2025-11-19,48.87272644,49.06363678,48.26363754,48.26363754,1441110
2025-11-21,48.45454407,48.54545212,47.90000153,48.14545441,2298120
2025-11-24,48.16363525,49.40000153,48.0727272,48.79090881,3834160
2025-11-25,49.0,49.20909119,48.27272797,48.89090729,2830740
2025-11-26,49.09999847,50.6090889,48.90908813,50.49090958,2571250
2025-11-27,49.54545212,50.1090889,49.46363449,49.59999847,907060
2025-11-28,49.59999847,49.72000122,49.18000031,49.31999969,2850900
2025-12-01,49.41999817,49.45999908,48.36000061,48.49000168,2694300
2025-12-02,48.52000046,49.63000107,48.50999832,49.63000107,2545900
2025-12-03,49.40000153,49.77999878,48.97000122,49.36000061,2102700
2025-12-04,50.0,51.06000137,49.68000031,51.06000137,2972200
2025-12-05,51.16999817,51.66999817,48.20999908,48.45000076,8290500
2025-12-08,48.65000153,49.06000137,46.65999985,47.72999954,4404300
2025-12-09,47.34000015,48.02999878,46.49000168,47.84000015,3908800
2025-12-10,48.02999878,48.20999908,47.41999817,47.93999863,3296100
2025-12-11,48.16999817,48.95999908,47.59999847,48.22999954,2129600
2025-12-12,48.52999878,49.36000061,48.25,49.16999817,1851200
2025-12-15,49.59999847,50.20000076,49.11999893,49.88999939,1654000
2025-12-16,49.09000015,49.20000076,47.68999863,47.68999863,4229400
2025-12-17,46.91999817,47.56999969,46.47999954,46.97999954,8244400
2025-12-18,46.43000031,47.59999847,46.25,47.24000168,2422200
2025-12-19,47.24000168,48.20999908,47.11999893,47.27000046,2224600
2025-12-22,47.22000122,47.34000015,45.84999847,46.09999847,4083200
2025-12-23,46.40000153,47.34999847,46.11999893,47.34999847,1434400
2025-12-26,47.04000092,47.38000107,46.70000076,47.31999969,3984100
2025-12-29,47.31999969,47.31999969,46.25,46.91999817,1970400
2025-12-30,47.15999985,47.31999969,46.95000076,47.15999985,2642800
2026-01-02,47.59000015,47.59000015,46.77000046,47.09000015,1692900
2026-01-05,47.09000015,47.75,46.75,47.34000015,5534200
2026-01-06,47.61000061,48.95999908,46.81999969,47.86999893,2721100
2026-01-07,47.68000031,48.08000183,46.43999863,46.72000122,3379900
2026-01-08,46.93000031,47.74000168,46.77000046,47.45999908,1786700
2026-01-09,47.47999954,47.93999863,47.36000061,47.61000061,1480700
2026-01-12,47.25,47.70999908,46.88000107,47.65000153,2069700
2026-01-13,47.33000183,47.33000183,46.54999924,46.90999985,2251200
2026-01-14,47.33000183,47.33000183,46.34999847,47.00999832,2981700
2026-01-15,47.25999832,47.34000015,46.65999985,46.84000015,3031800
2026-01-16,47.06999969,47.06999969,46.33000183,46.79000092,2964300
2026-01-19,46.61000061,47.00999832,46.38000107,46.65000153,1259800
2026-01-20,46.5,47.40000153,46.13000107,47.40000153,1494200
2026-01-21,47.93000031,49.09000015,47.54000092,48.91999817,2747100
2026-01-22,49.40999985,51.29999924,49.25999832,50.31000137,3973000
2026-01-23,50.5,52.54000092,49.72999954,51.79999924,3822100
2026-01-26,51.95999908,52.08000183,50.91999817,51.54999924,6401400
2026-01-27,52.20000076,53.40999985,52.15000153,53.04999924,4734000
2026-01-28,53.75999832,54.0,52.54000092,52.97000122,2108400
2026-01-29,53.33000183,53.33000183,50.86999893,51.41999817,3114600
2026-01-30,51.56999969,51.84999847,50.59999847,51.00999832,1948500
2026-02-02,52.15999985,52.47000122,50.41999817,50.63999939,2935700
2026-02-03,50.99000168,52.36999893,50.99000168,51.65999985,2884500
2026-02-04,51.59000015,51.59000015,49.63000107,50.08000183,2406400
2026-02-05,50.40999985,51.18999863,49.83000183,50.00999832,2227700
2026-02-06,50.09999847,50.63000107,49.09000015,50.56000137,7365600
2026-02-09,50.63000107,51.56000137,50.63000107,51.27000046,2970900
2026-02-10,50.97999954,51.50999832,50.75,51.49000168,1692400
2026-02-11,52.09999847,52.90999985,51.68999863,52.11999893,2251000
2026-02-12,51.88000107,52.20000076,51.50999832,51.99000168,1965300
2026-02-13,51.34999847,51.77000046,50.93000031,51.59999847,1313600
2026-02-18,51.95000076,52.36999893,51.06000137,51.34000015,1889400
2026-02-19,51.65999985,52.79999924,51.43000031,52.47000122,2308400
2026-02-20,52.20000076,53.40999985,51.97000122,53.29000092,5349700
2026-02-23,53.54000092,54.11999893,52.65000153,53.43000031,2644700
2026-02-24,53.68000031,54.72999954,53.49000168,54.43000031,2983400
2026-02-25,54.68000031,54.68999863,53.84000015,54.31000137,1963200
2026-02-26,54.43000031,55.45999908,54.18000031,55.29999924,2842900
2026-02-27,54.75,55.18000031,53.79999924,53.84999847,2878400
2026-03-02,53.27999878,53.95999908,52.56999969,53.54000092,2492300
2026-03-03,51.09000015,52.52999878,50.81000137,52.31999969,3045800
2026-03-04,52.70999908,54.38000107,52.70999908,54.04000092,2155400
2026-03-05,53.54000092,53.95999908,52.50999832,52.84999847,3663200
2026-03-06,52.40000153,53.06000137,51.90000153,52.90000153,1977100
2026-03-09,52.88999939,53.88000107,51.93999863,53.59000015,4181800
2026-03-10,53.52999878,55.22999954,53.15000153,54.40000153,2679500
2026-03-11,53.84000015,55.09999847,53.63999939,54.29999924,2016600
2026-03-12,53.20000076,53.52000046,52.81999969,53.25,3741500
2026-03-13,53.84000015,54.06999969,51.97000122,52.25999832,6501000
2026-03-16,53.41999817,53.49000168,52.36000061,52.84999847,3704600
2026-03-17,52.79999924,53.54999924,51.31000137,51.61000061,4355800
2026-03-18,51.08000183,51.40000153,50.31999969,50.50999832,4322000
2026-03-19,49.84999847,51.02999878,49.13000107,51.02999878,4938500
2026-03-20,50.54999924,50.70999908,48.84000015,48.84000015,8433700
2026-03-23,49.97999954,50.95000076,49.63000107,50.50999832,2736200
2026-03-24,50.38000107,50.93000031,49.25999832,50.29999924,2667500
2026-03-25,51.0,51.74000168,50.52999878,51.72999954,2087800
2026-03-26,51.20000076,51.29000092,50.29000092,50.29999924,3476100
2026-03-27,50.02999878,50.49000168,49.52000046,49.81999969,1834700
2026-03-30,50.34999847,50.61999893,49.45000076,50.27999878,3354600
2026-03-31,51.11000061,52.63999939,50.99000168,52.45999908,3522700
2026-04-01,53.22000122,53.33000183,52.27000046,53.0,6781600
2026-04-02,51.5,53.59000015,51.49000168,53.22000122,2382300
2026-04-06,53.20999908,53.56999969,52.77999878,53.00999832,2498600
2026-04-07,53.00999832,53.84000015,52.34999847,53.81000137,2653500
2026-04-08,56.79999924,56.79999924,54.86000061,55.34000015,3647800
2026-04-09,55.72999954,56.74000168,55.41999817,56.47999954,3741100
2026-04-10,57.34000015,57.56999969,56.66999817,57.34999847,3276000
2026-04-13,57.34000015,57.79999924,56.79000092,57.79999924,3359800
2026-04-14,57.49000168,58.63999939,57.47999954,58.15000153,3079300
2026-04-15,58.47000122,58.52999878,57.84000015,58.15000153,3529900
2026-04-16,58.40000153,58.61999893,57.34999847,57.70000076,1938900
2026-04-17,59.25,59.25,57.02000046,57.34999847,3109200
2026-04-20,57.63999939,58.02000046,56.79000092,57.47000122,2144200
2026-04-22,57.47000122,57.5,55.70000076,55.93000031,2502900
2026-04-23,55.5,56.34000015,55.25999832,55.5,5457700
2026-04-24,55.97000122,56.0,55.22999954,55.29000092,1488500
2026-04-27,55.00999832,55.65000153,54.27999878,54.29999924,1985400
2026-04-28,53.93000031,53.93000031,53.09000015,53.72999954,5144800
2026-04-29,53.25999832,53.68000031,51.58000183,51.97999954,3850600
2026-04-30,52.31999969,53.25999832,52.22000122,52.81999969,6241100
2026-05-04,53.15999985,53.29999924,52.34000015,52.47999954,3093100
2026-05-05,52.0,53.29999924,52.0,53.04000092,2247000
2026-05-06,53.09999847,54.24000168,53.09999847,54.04999924,2272400
2026-05-07,53.45999908,54.00999832,51.97999954,52.20000076,2275800
2026-05-08,52.22999954,53.45999908,52.22999954,52.72999954,1795800
2026-05-11,51.90999985,53.06999969,51.52000046,51.79999924,1554300
2026-05-12,51.0,51.59000015,49.61000061,50.49000168,4654100
2026-05-13,50.47000122,50.54999924,48.45000076,49.04999924,4108400
2026-05-14,49.68000031,49.79999924,49.02000046,49.08000183,1588800
2026-05-15,48.50999832,48.75999832,47.97999954,48.45999908,1221400
2026-05-18,48.41999817,48.88999939,48.20000076,48.27000046,1233800
2026-05-19,48.00999832,48.16999817,47.15999985,47.61999893,1836400
2026-05-20,47.70000076,49.56999969,47.70000076,48.70000076,2364600
2026-05-21,48.54999924,48.90000153,47.91999817,48.49000168,2217400
2026-05-22,47.84999847,48.66999817,47.70999908,47.90999985,1996500
2026-05-25,48.40000153,49.15999985,48.09999847,48.95000076,1557000
2026-05-26,48.95999908,48.95999908,48.00999832,48.47000122,1911600
2026-05-27,49.16999817,49.20000076,48.15000153,48.24000168,1748600
2026-05-28,48.56000137,49.09999847,48.13999939,48.40000153,2177000
2026-05-29,48.25,48.52999878,47.50999832,48.0,3589300
2026-06-01,48.18999863,48.68999863,47.38000107,47.91999817,3430300
2026-06-02,47.86000061,48.75999832,47.86000061,48.54999924,2012100
2026-06-03,47.45999908,48.15999985,47.02999878,47.15000153,2895800
2026-06-05,47.09999847,47.31000137,46.5,46.5,2002300
2026-06-08,46.13000107,46.70000076,45.79999924,46.20999908,1196700
2026-06-09,46.66999817,46.97000122,46.15000153,46.68000031,1947100
2026-06-10,46.70999908,46.70999908,45.91999817,45.95000076,1344200
2026-06-11,45.72000122,47.08000183,45.41999817,47.08000183,1715800
2026-06-12,46.56000137,47.63999939,46.11000061,47.40000153,1674500
2026-06-15,48.13999939,48.68000031,46.61999893,47.00999832,3080400
2026-06-16,46.59999847,46.84999847,46.0,46.15999985,1962400
2026-06-17,46.75,47.11999893,45.70000076,45.70000076,1845800
2026-06-18,45.52000046,46.33000183,45.49000168,45.49000168,1692300
2026-06-19,45.49000168,45.75,45.25,45.43999863,1083100
2026-06-22,45.61999893,46.40000153,45.24000168,46.06999969,2559100
2026-06-23,45.54999924,46.74000168,45.47000122,46.65999985,2489900
2026-06-24,46.45000076,46.59000015,45.65999985,46.40000153,2337000
2026-06-25,46.74000168,47.86999893,46.72000122,46.90000153,2283700
2026-06-26,47.04999924,47.90000153,46.72000122,47.59999847,1847200
2026-06-29,47.58000183,48.13000107,47.22000122,47.93000031,1599500
2026-06-30,47.93999863,48.29000092,47.13999939,48.0,2747300
2026-07-01,47.41999817,47.81000137,47.02000046,47.40999985,3493200
2026-07-02,48.0,48.47999954,47.63000107,48.38999939,2815200
2026-07-03,48.54999924,48.91999817,48.25999832,48.56999969,3000200
2026-07-06,48.22999954,48.47000122,47.59000015,47.72999954,3762900
2026-07-07,47.88999939,49.31000137,47.88999939,48.56000137,4177000
2026-07-08,48.09000015,48.75,47.90999985,48.59999847,2303400
2026-07-09,48.66999817,50.18999863,48.66999817,50.09999847,3969900
2026-07-10,51.38999939,52.29999924,50.72999954,52.11999893,3730400
2026-07-13,52.20000076,52.24000168,50.63000107,50.95999908,1760000
2026-07-14,51.29999924,51.99000168,50.95999908,51.63999939,2745800
2026-07-15,51.75999832,51.75999832,50.68999863,50.90999985,1698100
2026-07-16,50.86000061,50.86000061,49.77999878,50.06999969,1506500
2026-07-17,49.91999817,50.25999832,48.97000122,49.25,3198100
2026-07-20,49.25,49.63999939,49.06000137,49.49000168,1096500
2026-07-21,49.5,49.59999847,48.65000153,49.02000046,2045000
2026-07-22,49.09999847,50.34999847,48.61999893,50.27999878,2513100
2026-07-23,49.88999939,50.16999817,49.52000046,50.0,1312900
2026-07-24,49.36999893,49.56000137,48.77999878,49.0,2252300
2026-07-27,49.06999969,49.88999939,49.06999969,49.63999939,1430700
2026-07-28,51.40000153,51.56000137,49.68999863,49.79999924,6771800
2026-07-29,49.79999924,49.84999847,48.45999908,48.45999908,3050000
2026-07-30,48.79000092,49.61000061,48.56999969,49.61000061,2328400
2026-07-31,50.49000168,50.56000137,49.63000107,49.81000137,1987700
2026-08-03,50.5,50.95000076,49.56999969,50.18999863,4520500
2026-08-04,50.90000153,51.36000061,49.97000122,50.33000183,2228300
2026-08-05,50.81000137,51.31000137,50.24000168,50.24000168,1159000
2026-08-06,49.74000168,50.13999939,49.25,49.45999908,1898900
2026-08-07,48.0,48.31999969,46.43999863,46.88000107,7500700
2026-08-10,46.88000107,47.04999924,45.83000183,46.31999969,2604000
2026-08-11,46.11000061,46.77000046,45.52000046,45.63999939,4086000
2026-08-12,45.15999985,45.31999969,44.27000046,44.49000168,2737200
2026-08-13,44.34999847,44.61999893,43.45000076,43.95000076,5453600
2026-08-14,43.49000168,43.97999954,42.38000107,43.79999924,6336100
2026-08-17,43.61000061,44.25,43.11999893,43.68999863,4712900
2026-08-18,43.59000015,44.11000061,43.41999817,43.66999817,2500400
2026-08-19,44.25999832,45.11000061,43.90999985,44.29000092,5993500
2026-08-20,43.63000107,46.15999985,43.63000107,43.70999908,5499100
2026-08-21,43.91999817,45.15999985,43.91999817,44.75999832,2492300
2026-08-24,44.47999954,46.04999924,44.20999908,45.41999817,6300200
2026-08-25,45.54999924,47.56000137,45.47000122,47.24000168,3991300
2026-08-26,47.09000015,48.24000168,47.09000015,47.56999969,6377100
2026-08-27,47.15999985,47.75,46.77999878,47.5,2082300
2026-08-28,47.38000107,47.86999893,46.63000107,47.36999893,3052000
2026-08-31,47.86000061,48.34000015,47.63000107,48.0,6207200
2026-09-01,48.63000107,49.66999817,48.04000092,48.77999878,5529100
2026-09-02,49.25999832,51.56000137,49.04999924,51.15000153,4190800
2026-09-03,52.29999924,52.75,51.20000076,51.36999893,2667100
2026-09-04,50.88999939,51.84000015,50.43999863,51.43000031,2822400
2026-09-08,51.84000015,52.22000122,51.15999985,51.49000168,4511100
2026-09-09,51.31999969,51.56999969,50.45999908,50.45999908,2859300
2026-09-10,50.20000076,51.72000122,50.08000183,51.59999847,1321300
