date,open,high,low,close,volume
2005-05-23,1.09957397,1.11676896,1.07091403,1.09861803,266301160
2005-05-24,1.08906496,1.10339499,1.06995904,1.09766304,52191899
2005-05-25,1.09861803,1.09861803,1.08906496,1.09861803,6933797
2005-05-27,1.09861803,1.09861803,1.09384203,1.09861803,29496902
2005-05-30,1.08906496,1.09861803,1.084288,1.09861803,1789974
2005-05-31,1.09670806,1.09670806,1.05562901,1.05562901,34254467
2005-06-01,1.05085194,1.09861803,1.04989696,1.09861803,22892836
2005-06-02,1.09861803,1.107216,1.09861803,1.09861803,20829655
2005-06-03,1.09861803,1.10626101,1.09861803,1.10626101,8563616
2005-06-06,1.079512,1.09861803,1.07473505,1.09670806,1968972
2005-06-07,1.08046699,1.095752,1.07569098,1.08810997,1460242
2005-06-08,1.09288597,1.12250102,1.09288597,1.10817099,7169320
2005-06-09,1.11581397,1.11581397,1.08524406,1.08906496,5520659
2005-06-10,1.11294794,1.11294794,1.09861803,1.11294794,8017203
2005-06-13,1.11294794,1.11294794,1.10339499,1.11199296,1026880
2005-06-14,1.11294794,1.11772501,1.10052896,1.11772501,45898724
2005-06-15,1.10817099,1.11581397,1.09957397,1.10817099,2600174
2005-06-16,1.11772501,1.11772501,1.10817099,1.10912704,960933
2005-06-17,1.11963499,1.12441194,1.10817099,1.11485898,24814704
2005-06-20,1.11294794,1.11294794,1.11199296,1.11199296,10080384
2005-06-21,1.10817099,1.11772501,1.10817099,1.11772501,3919102
2005-06-22,1.12250102,1.14065194,1.12250102,1.14065194,3994470
2005-06-23,1.13874197,1.14734006,1.12727797,1.141608,7150478
2005-06-24,1.12727797,1.146384,1.11868,1.13683105,6453330
2005-06-27,1.13683105,1.146384,1.13683105,1.146384,13848753
2005-06-28,1.15116096,1.16549098,1.146384,1.15975904,34744354
2005-06-29,1.17504394,1.17504394,1.15402699,1.15593696,15959039
2005-06-30,1.12727797,1.203704,1.12727797,1.203704,6858430
2005-07-01,1.18459702,1.23714006,1.16549098,1.22758698,20923864
2005-07-04,1.22281003,1.23236299,1.22185504,1.23236299,2072602
2005-07-05,1.23236299,1.23236299,1.19224,1.23236299,7442527
2005-07-06,1.203704,1.22758698,1.203704,1.22281003,1092826
2005-07-07,1.21325696,1.22663105,1.21134603,1.21134603,12294301
2005-07-08,1.22758698,1.22758698,1.21421194,1.22185504,37325687
2005-07-11,1.23427403,1.270576,1.23427403,1.26579905,46567610
2005-07-12,1.270576,1.33649302,1.26675498,1.32311904,60237365
2005-07-13,1.32693994,1.337448,1.29923606,1.30878901,28422917
2005-07-14,1.32789505,1.32789505,1.30401194,1.31547594,6104756
2005-07-15,1.31356502,1.31356502,1.29637003,1.30878901,10042701
2005-07-18,1.309744,1.36610794,1.30783296,1.34604597,28262761
2005-07-19,1.348912,1.394768,1.33840406,1.38999104,26548154
2005-07-20,1.40432096,1.40432096,1.37566102,1.38425899,17777277
2005-07-21,1.40814197,1.40814197,1.34986806,1.38521397,33981260
2005-07-22,1.37566102,1.37566102,1.35177803,1.35655499,1187035
2005-07-25,1.31834197,1.34700203,1.30401194,1.32789505,15572781
2005-07-26,1.29923606,1.32789505,1.29923606,1.31834197,15921355
2005-07-27,1.32789505,1.32789505,1.30878901,1.31356502,10476063
2005-07-28,1.32980597,1.32980597,1.309744,1.31834197,5756182
2005-07-29,1.30878901,1.31834197,1.30401194,1.31834197,20810813
2005-08-01,1.30401194,1.31834197,1.29923606,1.31834197,11493523
2005-08-02,1.33553803,1.38521397,1.33553803,1.38521397,17475807
2005-08-03,1.40909696,1.43297994,1.38521397,1.38712502,16213404
2005-08-04,1.399544,1.399544,1.37566102,1.38521397,22468895
2005-08-05,1.40432096,1.41387403,1.394768,1.41387403,14018329
2005-08-08,1.43202496,1.44253397,1.42342699,1.43297994,12247196
2005-08-09,1.48074698,1.48074698,1.40432096,1.41865098,19463621
2005-08-10,1.42342699,1.43297994,1.394768,1.394768,21724642
2005-08-11,1.37566102,1.40527594,1.37566102,1.40050006,8441144
2005-08-12,1.35177803,1.40432096,1.34700203,1.38521397,19246940
2005-08-15,1.40050006,1.42438304,1.38999104,1.394768,2995852
2005-08-16,1.40909696,1.433936,1.394768,1.40432096,17541754
2005-08-17,1.41865098,1.46641695,1.41387403,1.46641695,15553939
2005-08-18,1.43297994,1.50940597,1.43297994,1.47597003,6519277
2005-08-19,1.48074698,1.49316597,1.42151701,1.47979105,30231734
2005-08-22,1.50462997,1.50462997,1.48074698,1.49889803,3287901
2005-08-23,1.49030006,1.49030006,1.47214901,1.49030006,2515385
2005-08-24,1.49030006,1.49030006,1.48170197,1.48552299,50938917
2005-08-25,1.52564704,1.52564704,1.49889803,1.523736,13867595
2005-08-26,1.52469099,1.52469099,1.50462997,1.523736,18813578
2005-08-29,1.51895905,1.54284203,1.51895905,1.53328896,7263529
2005-08-30,1.55144,1.55144,1.51418304,1.52851295,9157134
2005-08-31,1.57627904,1.57627904,1.54761899,1.54761899,60812042
2005-09-01,1.56672502,1.56672502,1.55717194,1.56672502,6820746
2005-09-02,1.57627904,1.585832,1.54761899,1.57627904,4785827
2005-09-05,1.57627904,1.59538496,1.57627904,1.590608,178997
2005-09-06,1.59538496,1.59538496,1.57627904,1.57627904,5661973
2005-09-08,1.585832,1.585832,1.54761899,1.54761899,4474937
2005-09-09,1.56099296,1.56672502,1.54761899,1.55717194,41065792
2005-09-12,1.51991498,1.55717194,1.51991498,1.54761899,10476063
2005-09-13,1.54761899,1.54761899,1.52851295,1.54284203,2939327
2005-09-14,1.53806603,1.54761899,1.53710997,1.54570794,7527315
2005-09-15,1.55621696,1.56672502,1.55239606,1.55717194,26378577
2005-09-16,1.52946806,1.55239606,1.52946806,1.54093206,2100865
2005-09-19,1.51895905,1.55239606,1.51895905,1.55239606,13010291
2005-09-20,1.54761899,1.56672502,1.54761899,1.56672502,54396395
2005-09-21,1.56672502,1.590608,1.56672502,1.585832,18634580
2005-09-22,1.59538496,1.62404501,1.57150197,1.62404501,36035021
2005-09-23,1.64315104,1.64315104,1.62404501,1.63359797,4126363
2005-09-26,1.647928,1.647928,1.60493803,1.61735702,668885
2005-09-27,1.62404501,1.652704,1.62404501,1.652704,14282115
2005-09-28,1.67181098,1.69091702,1.652704,1.69091702,65805129
2005-09-29,1.71002305,1.79504704,1.69091702,1.76734304,31183246
2005-09-30,1.77211905,1.77211905,1.75778997,1.76734304,21460856
2005-10-03,1.776896,1.838992,1.776896,1.82466197,13980646
2005-10-04,1.83421504,1.838992,1.79600203,1.79600203,17701909
2005-10-05,1.78644896,1.80555606,1.76638699,1.776896,5407608
2005-10-06,1.75778997,1.77594101,1.74728096,1.76734304,52653524
2005-10-07,1.776896,1.838992,1.776896,1.83421504,20415134
2005-10-10,1.85332203,1.85332203,1.75874496,1.75874496,15177102
2005-10-11,1.78644896,1.79600203,1.74346006,1.74346006,5360503
2005-10-13,1.73868299,1.73868299,1.71002305,1.71002305,2308125
2005-10-14,1.742504,1.742504,1.69091702,1.73868299,64608673
2005-10-17,1.76256597,1.81988502,1.76256597,1.81415296,17956274
2005-10-18,1.81510901,1.82466197,1.78644896,1.78644896,16618503
2005-10-19,1.78644896,1.82466197,1.776896,1.82466197,32172443
2005-10-20,1.84854496,1.85332203,1.80077899,1.81510901,65739183
2005-10-21,1.81415296,1.85332203,1.81415296,1.83994699,1281245
2005-10-24,1.843768,1.85236597,1.82943904,1.82943904,57166145
2005-10-25,1.82943904,1.85332203,1.81988502,1.83421504,7517894
2005-10-26,1.81510901,1.838992,1.8046,1.81510901,15827146
2005-10-27,1.81510901,1.81510901,1.81415296,1.81510901,27490246
2005-10-28,1.838992,1.838992,1.81510901,1.81510901,19962930
2005-10-31,1.81510901,1.85332203,1.81510901,1.843768,59766319
2005-11-01,1.85332203,1.85332203,1.81510901,1.81510901,17626542
2005-11-03,1.843768,1.86765099,1.84281301,1.843768,43684808
2005-11-04,1.843768,1.91541696,1.843768,1.87242806,16976498
2005-11-07,1.92019403,1.99662006,1.90968502,1.93929994,14225590
2005-11-08,1.93929994,2.0539391,1.93929994,2.0061729,24343658
2005-11-09,2.0061729,2.0539391,2.0061729,2.02718997,22638472
2005-11-10,2.02527905,2.14469409,2.02527905,2.13991809,1139931
2005-11-11,2.13991809,2.24977994,2.13991809,2.1781311,32888433
2005-11-14,2.14947104,2.22112012,2.14947104,2.14947104,4936562
2005-11-16,2.15042591,2.19723701,2.14469409,2.181952,105448363
2005-11-17,2.19723701,2.29276896,2.19723701,2.26888609,46548768
2005-11-18,2.26888609,2.29276896,2.23545003,2.25455594,42723874
2005-11-21,2.24595809,2.34053493,2.24595809,2.34053493,47509702
2005-11-22,2.33575892,2.33575892,2.31665206,2.33098197,18304848
2005-11-23,2.36441803,2.46472692,2.35008788,2.4360671,21800010
2005-11-24,2.41696095,2.57840991,2.41696095,2.45039701,11079002
2005-11-25,2.4589951,2.45994997,2.42651391,2.42651391,40773744
2005-11-28,2.42746902,2.46950293,2.3883009,2.3883009,157263426
2005-11-29,2.412184,2.412184,2.26888609,2.29276896,15525677
2005-11-30,2.2641089,2.30232191,2.22589707,2.25455594,78127694
2005-12-01,2.29276896,2.48287797,2.26888609,2.48287797,41875991
2005-12-02,2.48383307,2.5124929,2.44562006,2.47905707,13490758
2005-12-05,2.48287797,2.48383307,2.4360671,2.48287797,13490758
2005-12-06,2.57458901,2.57458901,2.4637711,2.57458901,30825251
2005-12-07,2.57458901,2.59847212,2.541152,2.57458901,9336132
2005-12-08,2.57936502,2.60802507,2.52300096,2.57936502,12096461
2005-12-09,2.57936502,2.58891797,2.559304,2.57936502,3372689
2005-12-12,2.57936502,2.57936502,2.56981206,2.56981206,3495161
2005-12-13,2.52204609,2.56981206,2.48383307,2.52204609,18031641
2005-12-14,2.5172689,2.5650351,2.50293994,2.54592896,8714351
2005-12-15,2.55070591,2.5602591,2.5172689,2.5602591,3683579
2005-12-16,2.665344,2.67489696,2.5602591,2.665344,4079258
2005-12-19,2.64623809,2.665344,2.60802507,2.64623809,14018329
2005-12-20,2.65579104,2.73221707,2.64623809,2.67585301,17381598
2005-12-21,2.71788692,2.73603797,2.67489696,2.71788692,35761814
2005-12-22,2.71310997,2.80386591,2.693048,2.71310997,4964825
2005-12-23,2.71310997,2.75132298,2.6892271,2.71310997,2119707
2005-12-26,2.73221707,2.74177003,2.70355701,2.73221707,546413
2005-12-27,2.74177003,2.7704289,2.6892271,2.74177003,9731810
2005-12-28,2.76565289,2.76565289,2.69878006,2.71310997,2138548
2005-12-29,2.7350831,2.75132298,2.71310997,2.7350831,21263017
2006-01-02,2.69400406,2.73126101,2.69400406,2.71310997,263785
2006-01-03,2.72266293,2.76087594,2.71310997,2.76087594,16750396
2006-01-04,2.7704289,2.79908895,2.71310997,2.7704289,22035533
2006-01-05,2.72266293,2.78475904,2.72266293,2.78475904,4192309
2006-01-06,2.8181951,2.85640812,2.81724,2.85640812,21319543
2006-01-09,2.86596107,2.8946209,2.86596107,2.89366603,9175976
2006-01-10,2.8946209,2.8946209,2.86691689,2.8946209,5972863
2006-01-11,3.03791904,3.11434507,2.8946209,3.06562304,34668987
2006-01-12,3.05702591,3.11338997,3.02836609,3.08568501,48423531
2006-01-13,3.11434507,3.23853707,3.10479212,3.18121696,49073575
2006-01-16,3.18121696,3.295856,3.15255809,3.28630304,24428446
2006-01-17,3.2767489,3.28630304,3.16402197,3.18121696,38352567
2006-01-18,3.15255809,3.20032406,3.10383606,3.20032406,25568378
2006-01-19,3.26719594,3.34362197,3.22898293,3.295856,28375812
2006-01-20,3.34075594,3.39138794,3.24809003,3.2767489,16496031
2006-01-23,3.3245151,3.3245151,3.2767489,3.295856,1281245
2006-01-24,3.295856,3.38183498,3.28630304,3.295856,21328964
2006-01-25,3.295856,3.295856,3.295856,3.295856,0
2006-01-26,3.33215809,3.34362197,3.300632,3.34362197,47245916
2006-01-27,3.36272812,3.48692012,3.33406901,3.48692012,38635195
2006-01-30,3.48692012,3.53468609,3.36272812,3.43437696,16354718
2006-01-31,3.38279009,3.43533301,3.37705803,3.38279009,44956632
2006-02-01,3.45826006,3.46781301,3.35317492,3.39138794,8186779
2006-02-02,3.43915391,3.71237612,3.43915391,3.71237612,34951615
2006-02-03,3.74485612,3.77351594,3.63021803,3.69231391,17475807
2006-02-06,3.7830689,3.81937099,3.51557994,3.58245206,23891454
2006-02-07,3.61111212,3.61111212,3.53468609,3.60155797,1978393
2006-02-08,3.60155797,3.63021803,3.59200501,3.63021803,2195074
2006-02-09,3.63021803,3.63021803,3.55474806,3.58722901,7838205
2006-02-10,3.62066507,3.677984,3.55761409,3.56812191,7451948
2006-02-13,3.59104991,3.59104991,3.37705803,3.41049409,8789718
2006-02-14,3.45730495,3.45730495,3.24809003,3.24809003,23458092
2006-02-15,3.26719594,3.26719594,3.20032406,3.23376012,32765961
2006-02-16,3.24713397,3.39138794,3.24713397,3.39138794,43910910
2006-02-17,3.43724298,3.58245206,3.4009409,3.53468609,14074855
2006-02-20,3.72574997,3.72574997,3.48787498,3.53468609,2223337
2006-02-21,3.53468609,3.55856895,3.34457707,3.35508609,10400696
2006-02-22,3.4009409,3.49551797,3.34362197,3.36272812,11898622
2006-02-23,3.3197391,3.51080298,3.08855104,3.43915391,30316522
2006-02-24,3.57672,3.57672,3.39138794,3.46781301,33321795
2006-02-27,3.46781301,3.46781301,3.46781301,3.46781301,0
2006-02-28,3.46781301,3.46781301,3.46781301,3.46781301,0
2006-03-01,3.5299089,3.60155797,3.52895403,3.60155797,16590241
2006-03-02,3.64932394,3.64932394,3.53468609,3.57672,13726281
2006-03-03,3.57672,3.68753695,3.57672,3.61588812,7122215
2006-03-06,3.64932394,3.72574997,3.64932394,3.72574997,11069581
2006-03-07,3.74485612,3.74485612,3.56334591,3.72574997,20669499
2006-03-08,3.7247951,3.7247951,3.53468609,3.66843104,40509958
2006-03-09,3.72574997,3.72574997,3.48692012,3.53468609,11493523
2006-03-10,3.553792,3.66843104,3.48692012,3.66843104,13933541
2006-03-13,3.65887809,3.65887809,3.47736692,3.53468609,1610977
2006-03-14,3.5299089,3.5299089,3.43915391,3.48692012,5313399
2006-03-15,3.53946304,3.53946304,3.3780129,3.48692012,35394398
2006-03-16,3.50507092,3.53468609,3.45826006,3.48692012,4757564
2006-03-17,3.48692012,3.48692012,3.40380692,3.42004704,8375198
2006-03-20,3.39616394,3.47736692,3.33884501,3.42004704,12689979
2006-03-21,3.36272812,3.39138794,3.28630304,3.28630304,5982284
2006-03-22,3.28630304,3.47736692,3.28630304,3.43915391,19680303
2006-03-23,3.43915391,3.43915391,3.401896,3.42960095,12614612
2006-03-24,3.43915391,3.60155797,3.43915391,3.60155797,26058266
2006-03-27,3.53468609,3.65887809,3.49169707,3.65887809,23420408
2006-03-28,3.62066507,3.62066507,3.47736692,3.53468609,22563104
2006-03-29,3.53468609,3.54423904,3.50602603,3.53373098,8497670
2006-03-30,3.553792,3.553792,3.47832203,3.51557994,8488249
2006-03-31,3.51557994,3.51557994,3.42960095,3.51557994,7649787
2006-04-03,3.50602603,3.52035594,3.45826006,3.50602603,15874251
2006-04-04,3.50602603,3.5728991,3.4487071,3.48692012,35545133
2006-04-05,3.49265194,3.64932394,3.48692012,3.62066507,17645384
2006-04-06,3.64932394,3.677984,3.60633492,3.66843104,38117044
2006-04-07,3.71619701,3.71619701,3.58245206,3.64932394,9336132
2006-04-10,3.58245206,3.64932394,3.56334591,3.63021803,17475807
2006-04-11,3.677984,3.677984,3.58245206,3.62066507,14225590
2006-04-12,3.61111212,3.61111212,3.58340693,3.61111212,7254108
2006-04-13,3.553792,3.62066507,3.553792,3.553792,11681941
2006-04-14,3.553792,3.553792,3.553792,3.553792,0
2006-04-17,3.53468609,3.61111212,3.53468609,3.59200501,1535610
2006-04-18,3.58340693,3.91681409,3.58245206,3.87000299,26284368
2006-04-19,3.87000299,4.00279284,3.87000299,3.96458006,23589985
2006-04-20,3.98368692,4.63234901,3.98368692,4.40498304,235466487
2006-04-21,4.40498304,4.40498304,4.40498304,4.40498304,0
2006-04-24,4.44224119,4.44224119,4.20245504,4.21296406,93003327
2006-04-25,4.17570591,4.25117588,4.08017397,4.25117588,50232348
2006-04-26,4.21296406,4.39447498,4.14131498,4.28461313,41470892
2006-04-27,4.20341015,4.25117588,4.17188501,4.20436621,43015923
2006-04-28,4.20341015,4.22251701,4.16519785,4.20341015,6491014
2006-05-01,4.20341015,4.20341015,4.20341015,4.20341015,0
2006-05-02,4.15564394,4.20341015,4.14609098,4.18525887,42168040
2006-05-03,4.20149994,4.29894209,4.20149994,4.25022078,10956530
2006-05-04,4.25213194,4.39160919,4.22251701,4.36581516,10099226
2006-05-05,4.48714113,4.87213516,4.37441301,4.70017719,51183861
2006-05-08,4.72883701,4.86258221,4.63330507,4.86258221,34141416
2006-05-09,4.82436895,4.86258221,4.43841887,4.86258221,581896095
2006-05-10,4.53777313,4.56069994,4.31804895,4.53777313,333440942
2006-05-11,4.55592394,4.56069994,4.40402794,4.56069994,160311753
2006-05-12,4.47090006,4.53777313,4.31900406,4.42504501,118955210
2006-05-15,4.35626221,4.35626221,4.08399487,4.33715487,158128382
2006-05-16,4.11743212,4.24162292,3.99897194,4.09832478,181793242
2006-05-17,4.10787821,4.10787821,3.87000299,4.06966591,182478227
2006-05-18,4.25117588,4.25117588,3.97508907,4.20245504,8686088
2006-05-19,4.20341015,4.27028322,4.01234579,4.20341015,18973733
2006-05-22,4.10787821,4.20245504,3.65887809,3.91585898,54255081
2006-05-23,4.01234579,4.10310221,3.71619701,3.91585898,245518777
2006-05-24,3.74963307,3.74963307,3.35317492,3.7247951,121426611
2006-05-25,3.46781301,3.63021803,3.40571809,3.42960095,663689197
2006-05-26,3.80599689,3.91681409,3.62066507,3.62066507,151626586
2006-05-29,4.00279284,4.00279284,3.80981803,3.82128191,2835697
2006-05-30,3.7830689,3.82128191,3.44010901,3.82128191,165123488
2006-05-31,3.5728991,3.677984,3.48692012,3.48692012,270736697
2006-06-01,3.63021803,3.86904812,3.63021803,3.63021803,128713044
2006-06-02,3.85949492,4.060112,3.81172895,3.86427212,79432501
2006-06-05,3.97413301,3.99324012,3.85471797,3.99324012,49857311
2006-06-06,3.82128191,3.91299295,3.677984,3.91299295,69892710
2006-06-07,3.85854006,3.85854006,3.72574997,3.85854006,114916451
2006-06-08,3.74485612,3.75441003,3.39138794,3.75441003,148370559
2006-06-09,3.77351594,3.77351594,3.56334591,3.677984,50335329
2006-06-12,3.66843104,3.66843104,3.43915391,3.59200501,89603955
2006-06-13,3.43915391,3.48214293,3.15255809,3.48214293,46598929
2006-06-14,3.31496191,3.43915391,3.15255809,3.3197391,159057515
2006-06-15,3.3197391,3.3197391,3.3197391,3.3197391,0
2006-06-16,3.38183498,3.677984,3.38183498,3.38279009,129491589
2006-06-19,3.7247951,3.7247951,3.63021803,3.677984,60683017
2006-06-20,3.71619701,3.76396298,3.58245206,3.68753695,108090837
2006-06-21,3.63021803,3.72574997,3.61111212,3.62544107,130201382
2006-06-22,3.677984,3.77351594,3.63021803,3.677984,190442233
2006-06-23,3.53468609,3.72288394,3.53468609,3.63021803,35813147
2006-06-26,3.71619701,3.71619701,3.58245206,3.64836907,3400952
2006-06-27,3.71524191,3.71619701,3.63021803,3.64836907,73884783
2006-06-28,3.58245206,3.81172895,3.58245206,3.677984,72516593
2006-06-29,3.72574997,3.90630603,3.72574997,3.72574997,60909789
2006-06-30,3.82128191,4.01043606,3.77351594,3.82128191,87316451
2006-07-03,3.86904812,4.24162292,3.86904812,3.954072,42742088
2006-07-04,4.17952681,4.20341015,4.10787821,4.15564394,15119624
2006-07-05,4.20245504,4.29894209,3.91681409,4.15182304,97942266
2006-07-06,4.23206997,4.29416609,4.15373421,4.16519785,178192148
2006-07-07,4.20341015,4.29416609,4.13653803,4.29416609,72439268
2006-07-10,4.23206997,4.23206997,4.13080597,4.19863415,64858139
2006-07-11,4.20341015,4.24162292,4.060112,4.20341015,202809976
2006-07-12,4.22251701,4.24162292,4.10787821,4.24162292,150684085
2006-07-13,4.10787821,4.19767809,4.07062101,4.19767809,15577565
2006-07-14,4.15564394,4.16424179,3.99324012,4.16424179,10295234
2006-07-17,4.03145313,4.03145313,3.86904812,3.89770794,9731810
2006-07-18,4.03145313,4.03145313,3.86904812,3.91203809,42715448
2006-07-19,4.01234579,4.25117588,4.01234579,4.060112,83678667
2006-07-20,4.22251701,4.41358089,4.060112,4.060112,5972863
2006-07-21,4.1069231,4.18430424,3.97413301,4.060112,28483745
2006-07-24,4.18430424,4.18430424,4.04100609,4.15564394,28285424
2006-07-25,4.06584406,4.10787821,3.99324012,4.060112,14282115
2006-07-26,4.01234579,4.29512119,4.01234579,4.20341015,53086887
2006-07-27,4.29894209,4.29894209,4.15564394,4.23684692,40086016
2006-07-28,4.25117588,4.26932812,4.11265516,4.23684692,73279039
2006-07-31,4.20341015,4.33237886,4.18430424,4.25117588,112596445
2006-08-01,4.25117588,4.33237886,4.20436621,4.33237886,67868384
2006-08-02,4.29798698,4.29894209,4.20341015,4.25117588,58538742
2006-08-03,4.17952681,4.20341015,4.10787821,4.20341015,18940771
2006-08-04,4.20341015,4.25117588,4.16519785,4.16519785,47458107
2006-08-07,4.24162292,4.25117588,4.17570591,4.22251701,61279267
2006-08-08,4.20341015,4.20341015,4.05055904,4.19385719,64810688
2006-08-09,4.15564394,4.15564394,4.01139116,4.05055904,26778014
2006-08-10,3.96458006,4.01139116,3.91681409,4.01139116,81869453
2006-08-11,3.93592095,3.94547391,3.89293098,3.94547391,12671138
2006-08-14,3.94547391,3.94547391,3.87191391,3.94547391,62791869
2006-08-15,3.88815498,4.10787821,3.86904812,3.88815498,156954231
2006-08-16,4.07921886,4.20149994,4.07921886,4.08877182,89738078
2006-08-17,4.19290209,4.28938913,4.1747508,4.19863415,117499406
2006-08-18,4.28938913,4.29798698,4.18525887,4.28938913,103772266
2006-08-21,4.26550579,4.28938913,4.08877182,4.28938913,26224566
2006-08-22,4.15564394,4.15564394,4.06966591,4.15564394,81365926
2006-08-23,4.10787821,4.10787821,3.98368692,4.09832478,69455160
2006-08-24,4.060112,4.060112,3.87860107,3.99324012,207271724
2006-08-25,3.98368692,4.05055904,3.91681409,3.91681409,63328872
2006-08-28,3.96458006,4.05055904,3.96458006,4.01139116,69214602
2006-08-29,4.01234579,4.10787821,3.91681409,4.01234579,81662423
2006-08-30,3.9550271,4.08877182,3.91681409,3.91681409,67882756
2006-08-31,4.10787821,4.27028322,4.08399487,4.08399487,355031451
2006-09-01,4.26932812,4.38396597,4.18430424,4.26932812,79742240
2006-09-04,4.257864,4.32760191,4.2081871,4.31996012,52342644
2006-09-05,4.24162292,4.32760191,4.20341015,4.24162292,68913405
2006-09-06,4.27888107,4.308496,4.20436621,4.27123785,77145217
2006-09-07,4.27123785,4.27123785,4.27123785,4.27123785,0
2006-09-08,4.32760191,4.49000692,4.29894209,4.308496,69611234
2006-09-11,4.43746424,4.57598495,4.37632322,4.39447498,1229953
2006-09-12,4.41358089,4.55210209,4.39638519,4.50911283,5963442
2006-09-13,4.53777313,4.58553886,4.50911283,4.561656,51136756
2006-09-14,4.561656,4.58076191,4.50147009,4.56452179,2339528
2006-09-15,4.53777313,4.55592394,4.4613471,4.49955988,476279
2006-09-18,4.50815821,4.50815821,4.308496,4.34670782,1269730
2006-09-19,4.34670782,4.36581516,4.26072979,4.29894209,875098
2006-09-20,4.34670782,4.39447498,4.25117588,4.25117588,10334749
2006-09-21,4.34670782,4.39447498,4.25117588,4.25117588,1148305
2006-09-22,4.32760191,4.32760191,4.16615295,4.21296406,1561779
2006-09-25,4.20341015,4.25117588,4.13653803,4.20341015,16420664
2006-09-26,4.20341015,4.25117588,4.13653803,4.20341015,1824518
2006-09-27,4.11265516,4.34670782,4.10787821,4.34193182,1750197
2006-09-28,4.32760191,4.42313385,4.32760191,4.41835785,1225766
2006-09-29,4.43268681,4.47090006,4.42217922,4.42313385,496168
2006-10-02,4.39447498,4.58553886,4.37632322,4.50911283,21366647
2006-10-03,4.45752621,4.6810708,4.45657015,4.65241098,2510151
2006-10-04,4.65241098,4.870224,4.60655594,4.77564716,3161242
2006-10-05,4.74794292,4.77660322,4.61897516,4.63330507,2098771
2006-10-06,4.58553886,4.72883701,4.50529194,4.72883701,1491645
2006-10-09,4.62184095,4.76704979,4.58076191,4.6810708,1921867
2006-10-10,4.81003904,4.87213516,4.63330507,4.63330507,1642380
2006-10-11,4.70304298,4.70877504,4.58458281,4.66960716,847882
2006-10-12,4.66960716,4.66960716,4.66960716,4.66960716,0
2006-10-13,4.77660322,4.77660322,4.66960716,4.6810708,890800
2006-10-16,4.63330507,4.69922209,4.63330507,4.69922209,2139595
2006-10-17,4.70973015,4.72883701,4.54732609,4.7145071,646903
2006-10-18,4.76609421,4.85207319,4.68298101,4.77660322,5169991
2006-10-19,4.85207319,5.14440107,4.819592,5.13962507,2482935
2006-10-20,5.06319904,5.11096478,4.73838997,4.920856,3810238
2006-10-23,4.91990089,5.00587988,4.75749588,4.9676671,2413849
2006-10-24,4.91990089,5.06319904,4.91894579,4.92945385,1722981
2006-10-25,4.95715809,4.9676671,4.83869886,4.91990089,731691
2006-10-26,4.91990089,4.95333719,4.78137922,4.82436895,11135528
2006-10-27,4.8234129,4.87213516,4.63426018,4.74794292,2165764
2006-10-30,4.76704979,4.90843678,4.74794292,4.80048609,2067368
2006-10-31,4.90939188,5.13962507,4.89124107,5.09185886,4732442
2006-11-01,5.12434006,5.27336979,5.03453922,5.18356895,2429550
2006-11-02,5.18356895,5.18356895,5.18356895,5.18356895,0
2006-11-03,5.13007116,5.53130579,5.13007116,5.42144394,6926470
2006-11-06,5.63639116,5.71759415,5.44532681,5.63639116,52380318
2006-11-07,5.70230913,5.70326424,5.39756107,5.44532681,6649076
2006-11-08,5.44341707,5.44341707,5.18356895,5.25426292,4091819
2006-11-09,5.30202913,5.33737612,5.11191988,5.20649719,2675541
2006-11-10,5.14440107,5.25426292,5.01543283,5.11096478,2055854
2006-11-13,5.11096478,5.30202913,5.11096478,5.25426292,15422046
2006-11-14,5.30202913,5.58862495,5.30202913,5.58862495,4282331
2006-11-15,5.58862495,5.58862495,5.58862495,5.58862495,0
2006-11-16,5.54085922,5.58862495,5.35361624,5.44628286,4752331
2006-11-17,5.46538877,5.46634388,5.25521803,5.29438686,1358706
2006-11-20,5.29438686,5.29438686,5.29438686,5.29438686,0
2006-11-21,5.34884024,5.34979486,5.17783689,5.19694424,23326199
2006-11-22,5.24948692,5.31922483,5.20745182,5.31158209,2548882
2006-11-23,4.80908394,4.93900681,4.80908394,4.83487701,12567507
2006-11-24,5.39756107,5.39756107,5.17783689,5.25426292,1858014
2006-11-27,5.2208271,5.34979486,5.12147379,5.27814579,25135015
2006-11-28,5.321136,5.44437218,5.30202913,5.41666794,2637857
2006-11-29,5.46921015,5.59053612,5.26477194,5.34979486,4980526
2006-11-30,5.29247618,5.34884024,5.25426292,5.30107403,2637857
2006-12-01,5.27336979,5.37845516,5.224648,5.29725313,1948037
2006-12-04,5.34979486,5.56474209,5.25426292,5.53035116,1370220
2006-12-05,5.53130579,5.61633015,5.44723797,5.53990412,3063892
2006-12-06,5.49309301,5.53894901,5.39756107,5.427176,1445587
2006-12-07,5.44532681,5.56569815,5.35552692,5.50933409,333919
2006-12-08,5.51315498,5.68415689,5.44532681,5.68415689,1423605
2006-12-11,5.63639116,5.92298794,5.62683821,5.89432812,959887
2006-12-12,5.79879618,5.88477516,5.68511295,5.81408119,970354
2006-12-13,5.92298794,6.00896597,5.68415689,5.78733206,506636
2006-12-14,5.92203188,5.92203188,5.64021301,5.78733206,9449183
2006-12-15,5.82649994,6.00896597,5.81694698,5.89337301,1233093
2006-12-18,6.06628609,6.11405182,5.73287916,5.73287916,1034207
2006-12-19,5.77968884,5.77968884,5.56951904,5.73001289,12200092
2006-12-20,5.77968884,5.77968884,5.56951904,5.72905684,1356612
2006-12-21,5.7319231,5.73574495,5.54085922,5.7319231,1668549
2006-12-22,5.60868692,5.7319231,5.60868692,5.7319231,287861
2006-12-26,5.77395821,5.827456,5.7319231,5.74625301,10796374
2006-12-27,5.85611486,5.99941301,5.75198507,5.97075415,1170287
2006-12-28,6.01278782,6.18952179,6.00896597,6.13793516,936858
2007-01-02,6.12455988,6.29556322,6.06628609,6.20958424,629108
2007-01-03,6.13411283,6.35288191,6.11978388,6.16181803,1175521
2007-01-04,6.16181803,6.57547188,6.11405182,6.49618006,1878950
2007-01-05,6.42930794,6.57069492,6.16372824,6.35288191,2246366
2007-01-08,6.40064812,6.49618006,6.29078579,6.49618006,1980486
2007-01-09,6.49618006,6.49618006,6.27072382,6.4579668,1166100
2007-01-10,6.31562424,6.43886089,6.31562424,6.35288191,9590497
2007-01-11,6.35288191,6.50191212,6.35288191,6.490448,803918
2007-01-12,6.54394579,6.54394579,6.30416107,6.39109516,4433066
2007-01-15,6.41211224,6.55158901,6.40064812,6.49522495,3052378
2007-01-16,6.43886089,6.49522495,6.28600883,6.37676477,679353
2007-01-17,6.44745922,6.44745922,6.31944609,6.32422209,5925759
2007-01-18,6.45701218,6.45701218,6.06724119,6.16181803,8808560
2007-01-19,6.20767307,6.20958424,5.98986006,6.03762579,1221579
2007-01-22,6.06246424,6.12838221,5.8284111,6.02807283,1498973
2007-01-23,6.01851988,6.17614794,6.01565409,6.09494495,3438635
2007-01-24,6.10449886,6.49618006,6.10449886,6.40064812,24720495
2007-01-26,6.40064812,6.49618006,6.34332895,6.39969301,1515721
2007-01-29,6.3901391,6.41688824,6.04717922,6.13315821,14800266
2007-01-30,6.3901391,6.41688824,6.04717922,6.13315821,1644474
2007-01-31,6.11500692,6.21913719,6.11500692,6.13793516,18436741
2007-02-01,6.13888979,6.16181803,6.09112406,6.15226507,11550048
2007-02-02,6.16086197,6.17137098,5.97075415,6.06628609,601892
2007-02-05,6.06628609,6.2000308,5.85611486,5.87617683,1911400
2007-02-06,5.92298794,5.97075415,5.74720907,5.97075415,22676155
2007-02-07,6.00896597,6.02807283,5.82936621,6.01756382,14819108
2007-02-08,6.00801086,6.2048068,5.9516468,6.14271116,34471148
2007-02-09,5.95355797,5.95355797,5.83509779,5.85611486,5736293
2007-02-12,5.94113922,5.94113922,5.68511295,5.77013588,96526751
2007-02-13,5.77013588,5.85706997,5.76822615,5.77968884,37909784
2007-02-14,5.77013588,5.85706997,5.76822615,5.77968884,4212198
2007-02-15,5.77873421,5.77873421,5.68988895,5.6984868,5181506
2007-02-16,5.72905684,5.7319231,5.6937108,5.7319231,2202401
2007-02-21,5.76058292,5.76058292,5.66505098,5.7271471,4089726
2007-02-22,5.7319231,5.827456,5.68415689,5.73765516,2898503
2007-02-23,5.73287916,5.82554483,5.65072107,5.65072107,11258000
2007-02-26,5.66791677,5.70230913,5.50264597,5.63639116,24824125
2007-02-27,5.66791677,5.70230913,5.50264597,5.60773182,2760329
2007-02-28,5.39756107,5.42622089,5.30680609,5.34979486,21084020
2007-03-01,5.25330782,5.39756107,5.06319904,5.39756107,2291377
2007-03-02,5.30202913,5.30202913,5.14917803,5.14917803,2762423
2007-03-05,5.15873098,5.15873098,4.80526209,4.93900681,19331728
2007-03-06,5.09759092,5.44532681,5.09185886,5.40233803,4501106
2007-03-07,5.39851713,5.40711403,5.30298424,5.30298424,11710204
2007-03-08,5.33068895,5.60295486,5.33068895,5.52175283,12115303
2007-03-09,5.33068895,5.60295486,5.33068895,5.52175283,1346144
2007-03-12,5.58862495,5.70326424,5.55996609,5.68893385,26840202
2007-03-13,5.61728477,5.730968,5.59817886,5.63639116,2020264
2007-03-14,5.59817886,5.82076788,5.5752511,5.81790209,1583761
2007-03-15,5.7319231,5.86566782,5.60868692,5.68606806,2229617
2007-03-16,5.7319231,5.75007486,5.65645313,5.65645313,563161
2007-03-19,5.7777791,5.77968884,5.65740824,5.71568298,865677
2007-03-20,5.75580597,5.75580597,5.65072107,5.65072107,1247748
2007-03-21,5.730968,5.91343403,5.70230913,5.91343403,6462751
2007-03-22,5.92298794,6.20862818,5.90388107,6.03858089,3214627
2007-03-23,6.01851988,6.18092394,6.01851988,6.17996883,808105
2007-03-26,6.20958424,6.21913719,6.09494495,6.11882782,2872333
2007-03-27,6.15226507,6.40064812,6.15226507,6.2000308,1497926
2007-03-28,6.25639391,6.25639391,6.11405182,6.19525385,2009796
2007-03-29,6.20958424,6.26594782,5.89432812,5.94209385,522337
2007-03-30,5.99463701,6.10449886,5.98986006,6.02329588,911735
2007-04-02,6.01851988,6.06628609,5.92012215,5.92012215,495121
2007-04-03,5.92298794,6.10449886,5.92012215,6.05673218,1623538
2007-04-04,5.94782591,6.01851988,5.94209385,6.01851988,3518190
2007-04-05,6.01374292,6.11022997,5.94209385,5.94209385,1332536
2007-04-09,6.04717922,6.04717922,5.92298794,6.03762579,2973870
2007-04-10,6.00036907,6.16181803,5.97075415,6.085392,2037012
2007-04-11,6.13315821,6.13506889,5.97266388,6.04717922,2522713
2007-04-12,5.827456,5.827456,5.63734722,5.72237015,1713560
2007-04-13,5.72237015,5.7319231,5.56951904,5.7319231,2744628
2007-04-16,5.67460394,5.71186209,5.54085922,5.65454197,3247077
2007-04-17,5.7319231,5.77491283,5.70421886,5.7319231,3020975
2007-04-18,5.73383379,5.77013588,5.68415689,5.76058292,702381
2007-04-19,5.68224716,5.7825551,5.64594507,5.64690018,918016
2007-04-20,5.75580597,5.87426615,5.74052095,5.84656191,4729302
2007-04-23,5.86566782,5.92298794,5.7319231,5.77013588,1716701
2007-04-24,5.77013588,5.77013588,5.69466591,5.73765516,3062845
2007-04-25,5.87235594,6.16468382,5.7319231,6.07583904,1824518
2007-04-26,6.10449886,6.11882782,5.7319231,5.84656191,1554800
2007-04-27,5.75485086,5.98986006,5.69180012,5.93254089,865328
2007-04-30,6.01565409,6.07010698,5.878088,5.97553015,1496530
2007-05-02,6.01851988,6.15608597,5.90961313,5.93254089,1584459
2007-05-03,6.01851988,6.15608597,5.90961313,5.98126221,1587599
2007-05-04,5.984128,5.99845791,5.80643797,5.94973707,1628074
2007-05-07,6.05004501,6.44554806,6.04717922,6.33377504,614104
2007-05-08,6.26212597,6.44841385,6.24779701,6.37676477,3117975
2007-05-09,6.30511618,6.44841385,6.24779701,6.37676477,3120418
2007-05-10,6.53439283,6.53439283,6.27932215,6.44268179,3419445
2007-05-11,6.41975403,6.43408394,6.21627092,6.29938412,2430597
2007-05-14,6.26785803,6.29938412,6.13315821,6.1876111,600496
2007-05-15,6.19334316,6.37103319,6.09016895,6.34810495,3630543
2007-05-16,6.34810495,6.52292919,6.32517815,6.51433086,879285
2007-05-17,6.45414591,6.67769098,6.39109516,6.50573301,643762
2007-05-18,6.52292919,6.5372591,6.01851988,6.50286722,1568408
2007-05-21,6.39109516,6.58311415,6.30511618,6.30511618,641320
2007-05-22,6.36243486,6.41975403,6.30511618,6.30798197,1135046
2007-05-23,6.41688824,6.54872322,6.2506628,6.29078579,2303938
2007-05-24,6.30511618,6.35383701,6.10449886,6.14748812,1011178
2007-05-25,6.17901421,6.3395071,5.97553015,6.16181803,1460591
2007-05-28,6.14462185,6.2334671,6.10449886,6.21627092,417311
2007-05-29,6.26785803,6.3567028,6.09016895,6.24779701,1546077
2007-05-30,6.10449886,6.34810495,6.06150913,6.21913719,1021995
2007-05-31,6.2334671,6.39109516,6.19047689,6.27645588,1410346
2007-06-01,6.30511618,6.39109516,6.21913719,6.24779701,1431979
2007-06-04,6.27645588,6.33377504,6.24779701,6.25639391,2362906
2007-06-05,6.30224991,6.30224991,6.21340513,6.2334671,1197503
2007-06-06,6.20194101,6.20194101,6.04431295,6.04717922,4611017
2007-06-08,5.99559212,5.99559212,5.7319231,5.85516024,11126107
2007-06-11,5.87522221,5.94400501,5.80643797,5.81790209,1940709
2007-06-12,5.87522221,5.94400501,5.7949748,5.7949748,1964087
2007-06-13,5.80070686,5.80357218,5.71759415,5.74052095,3978419
2007-06-14,5.77491283,6.16181803,5.77491283,6.10163307,19019093
2007-06-15,6.17614794,6.33377504,5.96120024,6.27645588,8056980
2007-06-18,6.27645588,6.29938412,6.14462185,6.21913719,1778111
2007-06-19,6.20194101,6.24206495,6.04717922,6.04717922,793799
2007-06-20,6.22773504,6.22773504,5.96406603,6.10449886,3928523
2007-06-21,6.11882782,6.21627092,6.07870483,6.1876111,2153203
2007-06-22,6.09303522,6.2048068,6.08730316,6.10449886,812990
2007-06-25,6.10449886,6.19334316,6.01851988,6.19334316,857652
2007-06-26,6.19334316,6.30511618,6.16181803,6.2048068,1481875
2007-06-27,6.11309624,6.27645588,6.07583904,6.24779701,1038394
2007-06-28,6.24493122,6.30511618,6.2048068,6.30511618,2022706
2007-06-29,6.30511618,6.44268179,6.22773504,6.22773504,1544682
2007-07-02,6.27359009,6.64903116,6.24779701,6.591712,2558303
2007-07-03,6.58884621,6.82098913,6.53439283,6.66622686,1173776
2007-07-04,6.78946304,6.84964895,6.67769098,6.69202089,412775
2007-07-05,6.69202089,6.74647379,6.44841385,6.55732012,1470361
2007-07-06,6.57738209,6.59457779,6.44841385,6.44841385,637482
2007-07-10,6.60890818,6.60890818,6.33377504,6.38822889,2541555
2007-07-11,6.36243486,6.52866077,6.24779701,6.34810495,1219136
2007-07-12,6.30511618,6.591712,6.2334671,6.26499224,2441763
2007-07-13,6.31084824,6.41975403,6.24779701,6.27645588,705522
2007-07-16,6.36243486,6.36243486,6.16755009,6.20767307,985009
2007-07-17,6.26212597,6.34523916,6.09590101,6.16468382,6219552
2007-07-18,6.21913719,6.28792,6.13315821,6.21913719,2487471
2007-07-19,6.23633289,6.30511618,6.02138615,6.12169409,2360463
2007-07-20,6.18474483,6.21913719,5.96979809,6.02425194,1784043
2007-07-23,6.02425194,6.13029194,5.88955116,5.92680883,2286492
2007-07-24,5.878088,6.01565409,5.55996609,5.67460394,3647640
2007-07-25,5.7319231,5.79210901,5.45105886,5.58289289,1621794
2007-07-26,5.38800812,5.38800812,5.05555582,5.270504,3268710
2007-07-27,5.26477194,5.31635904,5.072752,5.14440107,2489565
2007-07-30,5.24470997,5.60295486,5.15873098,5.60295486,7580351
2007-07-31,5.7319231,5.7319231,5.4224,5.44532681,2969334
2007-08-01,5.4224,5.46825504,5.37367821,5.44532681,1189478
2007-08-02,5.50264597,5.50264597,5.25903988,5.44246101,7218169
2007-08-03,5.43959522,5.44532681,5.30202913,5.33068895,2888035
2007-08-06,5.35934782,5.35934782,5.21605015,5.35934782,1998979
2007-08-07,5.37367821,5.55996609,5.29056501,5.55996609,2579587
2007-08-08,5.53130579,5.80357218,5.53130579,5.7319231,2974568
2007-08-09,5.69753218,5.69753218,5.44532681,5.65740824,838810
2007-08-10,5.4739871,5.7319231,5.39087391,5.6430788,953606
2007-08-13,5.78924322,5.82936621,5.53130579,5.61728477,2007353
2007-08-14,5.65454197,5.70326424,5.41380215,5.41380215,1282640
2007-08-15,5.37367821,5.37367821,5.072752,5.072752,4279540
2007-08-16,4.82914495,4.90079403,4.44224119,4.87213516,3137864
2007-08-17,5.00110292,5.13866901,4.72883701,5.01543283,4554491
2007-08-20,5.14153481,5.39374018,5.10141182,5.1873908,1093524
2007-08-21,5.24184418,5.39087391,5.13007116,5.15873098,879983
2007-08-22,5.376544,5.38514185,5.16159678,5.270504,1439307
2007-08-23,5.37081194,5.41380215,5.08708191,5.15873098,3143796
2007-08-24,5.01543283,5.61728477,4.98677301,5.43099689,1922216
2007-08-27,5.42526579,5.66027403,5.33068895,5.66027403,1544682
2007-08-28,5.55996609,5.59149122,5.45105886,5.53130579,1236931
2007-08-29,5.58862495,5.65740824,5.45965719,5.6430788,1594578
2007-08-30,5.55996609,5.77204704,5.51697588,5.64594507,2622505
2007-08-31,5.64594507,5.72332621,5.51124382,5.58862495,1235885
2007-09-03,5.60295486,5.81217003,5.60295486,5.67460394,1666456
2007-09-04,5.60295486,5.81217003,5.60295486,5.66027403,1670992
2007-09-05,5.58575916,5.58862495,5.33355522,5.35934782,213191
2007-09-06,5.43099689,5.43099689,5.10141182,5.10427809,1442098
2007-09-10,5.01543283,5.01543283,4.67438316,4.78328991,3267314
2007-09-11,4.75749588,4.87213516,4.64285803,4.75463009,5613821
2007-09-12,4.75749588,4.87213516,4.64285803,4.78615618,5629174
2007-09-13,4.84347486,5.00110292,4.80048609,4.87213516,2858725
2007-09-14,4.89219713,5.08708191,4.89219713,5.01543283,2910366
2007-09-17,4.99823713,5.22178221,4.95238209,5.17306089,2464791
2007-09-18,5.21605015,5.37367821,5.1873908,5.31635904,3320700
2007-09-19,5.21605015,5.37367821,5.1873908,5.30202913,3329074
2007-09-20,5.36794615,5.53130579,5.30202913,5.30489492,3605770
2007-09-21,5.34501886,5.34501886,5.29343081,5.30202913,2285445
2007-09-24,5.34501886,5.55423403,5.33068895,5.41666794,5829805
2007-09-25,5.46252298,5.58862495,5.37367821,5.37367821,5444245
2007-09-26,5.46252298,5.58862495,5.37367821,5.39087391,5445292
2007-09-27,5.53130579,5.54563618,5.44819307,5.51124382,2102609
2007-09-28,5.54563618,5.54563618,5.41666794,5.45965719,2827322
2007-10-01,5.38800812,5.45105886,5.19025707,5.21605015,2620411
2007-10-02,5.30202913,5.38800812,5.24757624,5.29916286,5346546
2007-10-03,5.30202913,5.38800812,5.24757624,5.36794615,5351780
2007-10-04,5.33068895,5.33068895,5.15873098,5.26763821,2073649
2007-10-05,5.24470997,5.41666794,5.19312286,5.33068895,2336388
2007-10-08,5.55996609,5.64594507,5.38800812,5.50264597,1237978
2007-10-09,5.55996609,5.64594507,5.38800812,5.58575916,1248795
2007-10-10,5.60582113,5.66027403,5.41666794,5.47112083,2426061
2007-10-11,5.44246101,5.574296,5.44246101,5.50264597,1190176
2007-10-15,5.4739871,5.4739871,5.21891594,5.21891594,1394296
2007-10-16,5.4739871,5.4739871,5.21891594,5.29629707,1394994
2007-10-17,5.44532681,5.51697588,5.40233803,5.41666794,1773924
2007-10-18,5.44532681,5.51697588,5.40233803,5.43099689,1778111
2007-10-19,5.49978113,5.53130579,5.41666794,5.53130579,1586901
2007-10-22,5.30202913,5.4739871,5.20172024,5.45965719,653881
2007-10-23,5.30202913,5.4739871,5.20172024,5.45965719,653881
2007-10-24,5.46252298,5.7319231,5.44532681,5.53130579,2191934
2007-10-25,5.52844,5.52844,5.33642101,5.46252298,1354519
2007-10-26,5.52844,5.54850197,5.43959522,5.43959522,2532134
2007-10-29,5.38800812,5.56856394,5.38800812,5.51697588,2002468
2007-10-30,5.38800812,5.56856394,5.38800812,5.46538877,2005958
2007-10-31,5.51697588,5.81790209,5.50264597,5.66027403,3114835
2007-11-01,5.71759415,5.9010148,5.62301683,5.73478889,2444554
2007-11-05,5.98986006,6.01851988,5.81790209,5.98986006,1006642
2007-11-06,5.98986006,6.01851988,5.81790209,5.90674686,1007340
2007-11-07,6.16181803,6.16181803,5.73765516,5.78924322,658417
2007-11-08,5.78924322,5.87522221,5.55996609,5.56569815,1204133
2007-11-09,5.574296,5.68320179,5.44532681,5.53130579,2911762
2007-11-12,5.52844,5.574296,5.1873908,5.44532681,2572958
2007-11-13,5.44532681,5.51697588,5.38800812,5.44246101,622478
2007-11-14,5.45679092,5.50264597,5.30202913,5.34215307,2393611
2007-11-16,5.34788513,5.4739871,5.17592716,5.24470997,1745661
2007-11-19,5.33068895,5.33068895,4.95811415,5.0354948,1514674
2007-11-21,5.10141182,5.10141182,4.58553886,4.70017719,3953995
2007-11-22,4.72883701,4.78615618,4.47090006,4.60273409,1744614
2007-11-23,4.617064,4.93518591,4.61419821,4.86926889,4530764
2007-11-26,4.87213516,5.00970078,4.52821922,4.52821922,1662618
2007-11-27,4.30467415,4.51388979,4.30180788,4.41644716,3346869
2007-11-28,4.52821922,4.90079403,4.49382782,4.87213516,5750599
2007-11-29,4.87213516,5.04409313,4.81195021,4.96384621,1486411
2007-11-30,5.04122686,5.19312286,5.03262901,5.08708191,1214600
2007-12-03,5.07561779,5.25617409,5.04409313,5.17306089,978031
2007-12-04,5.07561779,5.25617409,5.04409313,5.17306089,978031
2007-12-05,5.05269003,5.14440107,4.93518591,5.00110292,2086908
2007-12-06,5.02976322,5.25903988,5.02976322,5.16732883,2488518
2007-12-07,5.02976322,5.25903988,5.02976322,5.17306089,2488867
2007-12-10,5.1873908,5.28769922,4.920856,5.21891594,2795919
2007-12-11,5.29916286,5.46252298,5.16159678,5.31922483,3244983
2007-12-12,5.31635904,5.50264597,5.30489492,5.30489492,3146936
2007-12-13,5.16159678,5.22751379,5.0182991,5.05842209,1189478
2007-12-14,5.13007116,5.14440107,4.78615618,4.82914495,998617
2007-12-17,4.814816,4.82914495,4.35626221,4.44224119,1816144
2007-12-18,4.64572382,4.86926889,4.64572382,4.8664031,4826651
2007-12-19,4.8664031,4.95811415,4.814816,4.87213516,799382
2007-12-20,4.87500095,4.90079403,4.80335188,4.87213516,6377963
2007-12-21,4.98677301,5.30202913,4.87213516,5.30202913,2892571
2007-12-26,5.28769922,5.54563618,5.28769922,5.53130579,3657061
2007-12-27,5.48831701,5.57143021,5.27336979,5.57143021,5228610
2007-12-28,5.54276991,5.61728477,5.41380215,5.41380215,2302193
2008-01-02,5.40807009,5.40807009,5.03262901,5.10427809,961631
2008-01-03,5.16446304,5.31349277,5.10141182,5.31349277,2232409
2008-01-04,5.39947224,5.39947224,5.02403116,5.072752,1981882
2008-01-07,5.08994818,5.15586519,4.84347486,4.87213516,1370569
2008-01-08,4.93518591,5.14440107,4.72883701,4.72883701,1746359
2008-01-09,4.67438316,4.80908394,4.54541492,4.58553886,3831523
2008-01-10,4.67438316,4.67438316,4.54254913,4.57407522,1861155
2008-01-11,4.59413719,4.75463009,4.53395081,4.63139391,2167858
2008-01-14,4.72883701,4.84347486,4.47949791,4.74316692,2442111
2008-01-15,4.67151785,4.67151785,4.55687904,4.58553886,2741138
2008-01-16,4.50242615,4.72883701,4.44224119,4.55687904,3141353
2008-01-17,4.59700298,4.72883701,4.52821922,4.61419821,3628450
2008-01-18,4.67151785,4.72883701,4.59127092,4.72883701,1469314
2008-01-21,4.52821922,4.70017719,4.45657015,4.58553886,1897792
2008-01-22,4.52821922,4.72883701,4.44510698,4.58553886,4732442
2008-01-23,4.58840513,4.62852812,4.44797182,4.55687904,1216345
2008-01-24,4.70877504,4.72883701,4.58553886,4.72023916,1275662
2008-01-28,4.67151785,4.78042412,4.58553886,4.78042412,317170
2008-01-29,4.78042412,4.78615618,4.58553886,4.65718794,1300087
2008-01-30,4.66865206,4.67151785,4.53108501,4.62566185,719479
2008-01-31,4.58553886,4.66865206,4.30180788,4.59986782,1276709
2008-02-01,4.61419821,4.72883701,4.55687904,4.62852812,896383
2008-02-06,4.63999224,4.63999224,4.45083809,4.55687904,791357
2008-02-07,4.49955988,4.54254913,4.45083809,4.48522997,1455706
2008-02-08,4.54254913,4.58267307,4.44797182,4.58267307,1776017
2008-02-11,4.54254913,4.95811415,4.54254913,4.90079403,1427792
2008-02-12,4.87500095,5.1272049,4.87500095,5.01256704,972099
2008-02-13,5.07561779,5.35934782,5.07561779,5.35934782,4922256
2008-02-14,5.33068895,5.680336,5.06128788,5.10141182,3169616
2008-02-15,5.13293695,5.13293695,4.87213516,5.01543283,2292772
2008-02-18,5.16159678,5.23038006,4.90079403,4.92945385,739367
2008-02-19,5.00110292,5.11574221,4.92945385,5.01543283,2266952
2008-02-20,4.92945385,5.51697588,4.89219713,5.30202913,2551673
2008-02-21,5.33068895,5.44532681,5.24470997,5.25903988,964772
2008-02-22,5.27336979,5.48831701,5.27336979,5.4739871,1101898
2008-02-25,5.47112083,5.52270794,5.30489492,5.38514185,1063168
2008-02-26,5.43386316,5.61728477,5.30489492,5.44819307,1383479
2008-02-27,5.44532681,5.67460394,5.44532681,5.55996609,2269046
2008-02-28,5.53417206,5.78924322,5.50264597,5.68893385,2757538
2008-02-29,5.68893385,5.78924322,5.46538877,5.70326424,11133085
2008-03-03,5.56283188,5.5800271,5.38800812,5.40233803,2312661
2008-03-04,5.40520382,5.44532681,5.31349277,5.35934782,1130161
2008-03-05,5.39087391,5.58575916,5.39087391,5.55996609,2119707
2008-03-06,5.55709982,5.59722281,5.41666794,5.43099689,1304274
2008-03-07,5.42526579,5.58862495,5.30202913,5.44246101,938602
2008-03-10,5.44246101,5.50264597,5.21605015,5.34501886,611661
2008-03-11,5.37367821,5.44246101,5.15873098,5.40233803,1044675
2008-03-12,5.37081194,5.37081194,5.30202913,5.30202913,695752
2008-03-13,5.30202913,5.30202913,5.04695892,5.10141182,1532818
2008-03-14,5.21318388,5.30202913,5.02403116,5.13007116,1216345
2008-03-17,5.15586519,5.15586519,4.75463009,4.85780478,669583
2008-03-18,4.94378424,5.05842209,4.90079403,4.98677301,2102958
2008-03-19,4.98677301,5.03836107,4.61992979,4.61992979,2683566
2008-03-20,4.72883701,4.83774281,4.58267307,4.70017719,4657423
2008-03-24,4.72883701,4.86067104,4.58553886,4.58553886,3672414
2008-03-25,4.70017719,4.70017719,4.60273409,4.61133194,2761376
2008-03-26,4.66865206,4.70304298,4.55687904,4.65718794,2749164
2008-03-27,4.68584681,4.70877504,4.58553886,4.61419821,825900
2008-03-28,4.63999224,4.63999224,4.45083809,4.53968287,1424303
2008-03-31,4.55687904,4.83774281,4.49382782,4.78902197,2239387
2008-04-01,4.84347486,5.08421612,4.84347486,5.06701994,2266603
2008-04-02,5.08421612,5.11574221,4.96097994,5.0182991,1582714
2008-04-03,4.88933086,5.376544,4.87213516,5.30202913,2284049
2008-04-04,5.20172024,5.30202913,5.01543283,5.01543283,1787881
2008-04-07,5.15586519,5.21605015,5.02976322,5.10141182,568395
2008-04-08,5.04122686,5.27336979,4.90079403,5.14440107,450808
2008-04-09,5.14153481,5.28769922,5.07561779,5.21605015,1002804
2008-04-10,5.24757624,5.24757624,5.07561779,5.1873908,991290
2008-04-11,5.10141182,5.14153481,5.04409313,5.10141182,791357
2008-04-14,5.15586519,5.15586519,4.76322794,4.87213516,1678319
2008-04-15,4.95811415,5.11574221,4.95811415,5.00110292,3617982
2008-04-16,5.04409313,5.09568024,4.96384621,5.00110292,953606
2008-04-17,5.00396919,5.15873098,4.87213516,5.11574221,1339864
2008-04-18,5.13866901,5.27336979,5.072752,5.27336979,951164
2008-04-22,5.25617409,5.25903988,5.13007116,5.15586519,1492692
2008-04-23,5.22751379,5.24470997,5.05842209,5.15873098,1399879
2008-04-24,5.14440107,5.44532681,5.12147379,5.15873098,1915238
2008-04-25,5.1873908,5.44532681,5.13007116,5.33068895,732389
2008-04-28,5.44532681,5.44532681,5.23038006,5.36221409,454646
2008-04-29,5.41380215,5.41380215,5.09854603,5.34501886,2087955
2008-04-30,5.38514185,6.21913719,5.38514185,6.16181803,5216398
2008-05-02,6.02138615,6.47707415,6.01565409,6.01851988,2742534
2008-05-05,6.01851988,6.19047689,5.59435701,5.7319231,1718096
2008-05-06,5.87235594,5.87235594,5.53130579,5.58289289,1405810
2008-05-07,5.63448095,5.7777791,5.44532681,5.44532681,2119009
2008-05-08,5.49978113,5.7319231,5.45965719,5.53130579,1065261
2008-05-09,5.55996609,5.84369612,5.53130579,5.78924322,1942454
2008-05-12,5.81790209,6.07583904,5.81790209,6.06150913,1649707
2008-05-13,5.81790209,6.07583904,5.81790209,6.06150913,1649707
2008-05-14,5.97553015,6.07297277,5.832232,5.832232,1083405
2008-05-15,5.88955116,5.88955116,5.73478889,5.87522221,1014319
2008-05-16,5.9468708,6.03284883,5.90388107,5.93254089,1197852
2008-05-19,5.98986006,6.21340513,5.87522221,6.19334316,2876172
2008-05-20,6.05004501,6.16181803,6.04717922,6.13315821,466858
2008-05-21,6.16181803,6.19047689,5.76918077,5.97553015,479420
2008-05-23,5.84656191,6.01851988,5.7777791,5.78924322,718083
2008-05-26,5.86949015,6.01851988,5.86089182,5.98986006,602938
2008-05-27,5.98986006,6.01851988,5.84656191,5.90388107,1186338
2008-05-28,6.05004501,6.06150913,5.9468708,6.01851988,504542
2008-05-29,6.05004501,6.06150913,5.9468708,6.01851988,504542
2008-05-30,6.01565409,6.33377504,6.01565409,6.16181803,2183560
2008-06-02,6.01565409,6.33377504,6.01565409,6.16181803,2183560
2008-06-03,6.23919916,6.23919916,5.832232,5.832232,675863
2008-06-04,5.93254089,5.98986006,5.78924322,5.80357218,896034
2008-06-05,5.80357218,5.98986006,5.7319231,5.878088,580607
2008-06-06,5.878088,6.01851988,5.82076788,5.86662388,2620760
2008-06-09,5.87235594,5.89241695,5.64021301,5.81217003,575025
2008-06-10,5.68320179,5.78351116,5.59149122,5.72905684,453250
2008-06-11,5.72905684,5.74338722,5.43099689,5.45965719,778796
2008-06-12,5.45965719,5.55996609,5.39660597,5.43099689,936509
2008-06-13,5.4739871,5.50551224,5.30489492,5.43959522,1441749
2008-06-16,5.44532681,5.50264597,5.30202913,5.4281311,630154
2008-06-17,5.50264597,5.58862495,5.32495689,5.4739871,3559014
2008-06-18,5.50264597,5.50264597,5.40233803,5.4739871,3661946
2008-06-19,5.47971916,5.49978113,5.34501886,5.41380215,498959
2008-06-20,5.44246101,5.44246101,5.0182991,5.23038006,2171347
2008-06-23,5.23038006,5.23038006,5.10427809,5.17306089,452902
2008-06-24,5.21318388,5.21318388,4.96097994,5.15013313,758558
2008-06-25,5.10141182,5.20172024,5.10141182,5.17306089,1120042
2008-06-26,5.17306089,5.17306089,4.97817516,5.05842209,2045386
2008-06-27,5.11287594,5.23038006,5.0182991,5.19598913,1958504
2008-06-30,5.21605015,5.21605015,5.0354948,5.072752,2085512
2008-07-01,5.04409313,5.04409313,4.67151785,4.67151785,4544372
2008-07-02,4.72883701,4.920856,4.61419821,4.85780478,3440729
2008-07-03,4.86353683,4.91512394,4.56834316,4.61992979,2209380
2008-07-04,4.65432215,4.84347486,4.59986782,4.76036215,1784043
2008-07-07,4.814816,4.95811415,4.62566185,4.7145071,2569119
2008-07-08,4.78328991,4.89792919,4.67438316,4.80048609,5564623
2008-07-10,4.814816,4.95524788,4.71737289,4.91799021,5306420
2008-07-11,4.96384621,4.96384621,4.87213516,4.92945385,418009
2008-07-14,4.96957779,4.99823713,4.87786722,4.94378424,892893
2008-07-15,4.87213516,4.87213516,4.63139391,4.76036215,3278829
2008-07-16,4.84347486,4.86926889,4.67151785,4.68871307,1596671
2008-07-17,4.78042412,4.814816,4.58553886,4.58553886,2607850
2008-07-18,4.58840513,4.71164083,4.52821922,4.52821922,2385586
2008-07-21,4.617064,4.65432215,4.55687904,4.58553886,2597382
2008-07-22,4.64285803,4.64285803,4.54541492,4.57120895,1297644
2008-07-23,4.61419821,4.75749588,4.55974483,4.70017719,2158437
2008-07-24,4.72883701,4.78328991,4.58553886,4.72883701,1105736
2008-07-25,4.74889803,5.01256704,4.67151785,5.01256704,2992363
2008-07-28,5.072752,5.10141182,4.90079403,5.072752,1570153
2008-07-29,5.072752,5.10141182,4.98390722,5.04409313,1730309
2008-07-30,5.06988621,5.30202913,5.06415415,5.1873908,1907213
2008-07-31,5.270504,5.35934782,5.20745182,5.27336979,1252982
2008-08-01,5.23611212,5.32782316,5.0182991,5.20172024,593517
2008-08-04,5.18452501,5.21318388,5.01543283,5.04982424,261692
2008-08-05,5.072752,5.23897791,5.04409313,5.20745182,1189129
2008-08-06,5.23038006,5.44246101,5.19025707,5.4224,1282291
2008-08-07,5.41953421,5.48258495,5.09568024,5.21318388,1685646
2008-08-08,5.24184418,5.30202913,4.98390722,5.24470997,786123
2008-08-11,5.15873098,5.21318388,4.83487701,4.85780478,1428141
2008-08-12,4.92372179,4.97244406,4.70304298,4.70304298,481513
2008-08-13,4.68584681,4.86926889,4.67438316,4.78615618,820666
2008-08-14,4.84347486,4.87213516,4.73456907,4.86926889,255760
2008-08-15,4.86926889,4.87213516,4.69444513,4.72883701,1384177
2008-08-18,4.7317028,4.87213516,4.60559988,4.77182579,695403
2008-08-19,4.86353683,4.87213516,4.72883701,4.75749588,1288572
2008-08-20,4.76609421,4.82914495,4.60559988,4.76896,2644836
2008-08-21,4.78615618,4.78615618,4.58553886,4.7145071,4245345
2008-08-22,4.70304298,4.72883701,4.63999224,4.7145071,274602
2008-08-25,4.7145071,4.71737289,4.61419821,4.70017719,1149701
2008-08-26,4.68298101,4.76322794,4.64572382,4.7145071,1949781
2008-08-27,4.70017719,4.70017719,4.617064,4.62852812,1009434
2008-08-28,4.67151785,4.70017719,4.64285803,4.70017719,1187035
2008-08-29,4.70017719,4.74030113,4.64285803,4.70017719,2243574
2008-09-01,4.70017719,4.70304298,4.59986782,4.59986782,239361
2008-09-02,4.65718794,4.69731092,4.58840513,4.69731092,1719492
2008-09-03,4.70017719,4.70017719,4.51388979,4.54254913,1180755
2008-09-04,4.52821922,4.53968287,4.37345695,4.45657015,818573
2008-09-05,4.38492107,4.49955988,4.34479809,4.49955988,1554102
2008-09-08,4.51388979,4.70017719,4.37059212,4.58840513,804616
2008-09-09,4.58553886,4.58553886,4.30180788,4.30180788,654579
2008-09-10,4.35626221,4.4279108,4.15564394,4.32760191,2288934
2008-09-11,4.29894209,4.29894209,4.06106806,4.23015881,1818237
2008-09-12,4.32760191,4.32760191,4.03240824,4.07253122,938602
2008-09-15,3.89770794,4.15277815,3.78593493,3.82032704,872656
2008-09-16,3.8260591,4.00088215,3.61397791,4.00088215,1676923
2008-09-17,4.01234579,4.01234579,3.58245206,3.84038901,1833590
2008-09-18,3.86904812,3.89770794,3.46781301,3.728616,3671367
2008-09-19,3.88911009,4.09832478,3.75727606,4.00088215,5088692
2008-09-22,3.98368692,4.15277815,3.76587391,3.84038901,1046420
2008-09-23,3.86618209,3.86618209,3.424824,3.424824,2267650
2008-09-24,3.49647307,3.553792,3.26719594,3.26719594,3910030
2008-09-25,3.31305194,3.57958603,3.295856,3.57958603,5409701
2008-09-26,3.3273809,3.54519391,3.3245151,3.53659701,1183197
2008-09-29,3.41049409,3.41049409,2.80864191,2.96053791,1148305
2008-09-30,2.96053791,3.08090901,2.75705504,2.84303403,1958155
2008-10-01,2.91754889,2.91754889,2.52491212,2.63095307,4474239
2008-10-02,2.665344,2.665344,2.32716107,2.49338603,3475970
2008-10-03,2.63668489,2.68540597,2.14947104,2.14947104,6089752
2008-10-06,1.86287498,1.92019403,1.776896,1.81415296,3951901
2008-10-07,1.88580203,2.18959403,1.83134902,1.93738997,9029428
2008-10-08,1.92019403,2.29276896,1.71957695,2.03483295,7612801
2008-10-09,2.20392394,2.27843904,2.05489397,2.06349206,5585559
2008-10-10,1.95172,2.10934806,1.64219606,1.95745206,9222732
2008-10-13,2.05202794,2.37301612,2.05202794,2.17239904,5412842
2008-10-14,2.27843904,2.407408,2.21538806,2.29276896,2530738
2008-10-15,2.25837803,2.25837803,1.917328,2.06349206,3186015
2008-10-16,2.07782197,2.209656,1.86287498,2.209656,1864644
2008-10-17,2.16380095,2.29276896,2.08355403,2.24977994,2063879
2008-10-20,2.23545003,2.39307809,2.15233707,2.39307809,1646567
2008-10-21,2.25837803,2.31569695,2.19819188,2.232584,1386968
2008-10-22,2.14947104,2.14947104,1.79695797,1.83708096,2174139
2008-10-23,1.74823594,1.98611104,1.70524704,1.86287498,2043641
2008-10-24,1.69091702,1.86287498,1.57914495,1.86287498,1315439
2008-10-27,1.83421504,1.83421504,1.51609302,1.51609302,1580621
2008-10-28,1.61926794,1.88866794,1.496032,1.88866794,4729302
2008-10-29,1.90013194,2.20678997,1.84854496,1.97751296,2454673
2008-10-30,2.29276896,2.57936502,2.09788394,2.51631403,2893967
2008-10-31,2.35008788,2.60515904,2.29276896,2.47905707,2470723
2008-11-03,2.49338603,2.62235498,2.30136704,2.30136704,761349
2008-11-04,2.4360671,2.47045898,2.34149003,2.37874794,2056900
2008-11-05,2.43033504,2.43033504,2.02050304,2.05202794,1580621
2008-11-06,2.0061729,2.05202794,1.92019403,1.97751296,839508
2008-11-07,1.98324502,2.05776,1.91446197,1.99184299,2060390
2008-11-10,2.09215212,2.19246006,1.79695797,1.87720501,2194027
2008-11-11,1.82561696,1.82561696,1.70524704,1.71957695,1877205
2008-11-12,1.69091702,1.69378304,1.46164,1.61926794,8452659
2008-11-13,1.62213397,1.81128705,1.53042305,1.75683403,4944936
2008-11-14,1.77976203,1.78836,1.67372096,1.76256597,3837803
2008-11-17,1.71384501,1.74537003,1.62213397,1.68805099,3604025
2008-11-18,1.65939105,1.69951499,1.602072,1.63359797,4575775
2008-11-19,1.60493803,1.65366006,1.60493803,1.63359797,4850378
2008-11-21,1.602072,1.765432,1.53328896,1.63359797,8622584
2008-11-24,1.73390603,1.76256597,1.61926794,1.65939105,4494128
2008-11-25,1.70524704,1.70524704,1.52182496,1.60780394,17480692
2008-11-26,1.60780394,1.77976203,1.57914495,1.77976203,14771654
2008-11-27,1.78549397,1.84567904,1.75110197,1.80555606,2228571
2008-11-28,1.83134902,1.917328,1.799824,1.917328,2242876
2008-12-01,1.78549397,2.0061729,1.776896,1.96318305,4020988
2008-12-02,2.00903893,2.02050304,1.89153397,1.917328,2245319
2008-12-03,1.917328,1.917328,1.79122603,1.86287498,1919774
2008-12-04,1.86287498,1.91446197,1.81988502,1.83708096,1235536
2008-12-05,1.80555606,1.87720501,1.765432,1.86287498,3621471
2008-12-08,1.93452406,2.03483295,1.90873003,2.0061729,3936898
2008-12-09,2.03769803,2.05489397,1.97751296,1.99470901,1631214
2008-12-10,2.0033071,2.20678997,1.99184299,2.14087296,3449103
2008-12-11,2.1351409,2.22685194,2.1322751,2.20392394,2378956
2008-12-12,2.05776,2.22112012,2.01763701,2.10648203,2657397
2008-12-15,2.12081099,2.20678997,2.0061729,2.0061729,2130174
2008-12-16,2.00044107,2.09215212,1.94885397,2.07782197,2571213
2008-12-17,2.09215212,2.12081099,1.98037899,2.0033071,2224384
2008-12-18,1.99470901,2.04916191,1.97751296,2.04916191,1905817
2008-12-19,2.00903893,2.04916191,1.99184299,2.03483295,2613782
2008-12-22,2.01477098,2.07208991,1.98324502,2.0061729,4799086
2008-12-23,2.03196692,2.03196692,1.94885397,1.94885397,2623900
2008-12-26,1.97751296,2.0061729,1.95745206,1.98037899,317868
2008-12-29,2.0061729,2.0061729,1.92019403,1.96318305,676910
2008-12-30,1.99184299,2.03483295,1.96604896,2.03483295,1112017
2009-01-02,2.08355403,2.103616,2.06062603,2.06922412,205515
2009-01-05,2.07782197,2.11507893,2.03483295,2.09215212,933020
2009-01-06,2.103616,2.19246006,2.103616,2.16666698,3507373
2009-01-07,2.14660501,2.19246006,2.10648203,2.16953301,528967
2009-01-08,2.15233707,2.23545003,2.14947104,2.23545003,1300784
2009-01-09,2.23831606,2.33575892,2.23831606,2.31283092,891498
2009-01-12,2.31856298,2.32142901,2.186728,2.27843904,1485714
2009-01-13,2.232584,2.32142901,2.1781311,2.24977994,759605
2009-01-14,2.2641089,2.26984096,2.1552031,2.19532609,1632261
2009-01-15,2.19819188,2.27270699,2.19246006,2.232584,996175
2009-01-16,2.24118209,2.24404812,2.1781311,2.24404812,310890
2009-01-19,2.24977994,2.28990293,2.22685194,2.2641089,133986
2009-01-20,2.24977994,2.2641089,2.1781311,2.1781311,2376165
2009-01-21,2.232584,2.232584,2.16666698,2.16666698,3144493
2009-01-22,2.16380095,2.23545003,2.13800693,2.16380095,1650405
2009-01-23,2.13800693,2.209656,2.12081099,2.18386292,1179010
2009-01-26,2.18099689,2.23545003,2.16380095,2.22971797,1010829
2009-01-27,2.23545003,2.2612431,2.16380095,2.24977994,336012
2009-01-28,2.2612431,2.39307809,2.24977994,2.39307809,1422559
2009-01-29,2.35008788,2.4131391,2.28130507,2.34149003,1557592
2009-01-30,2.32429504,2.36441803,2.27843904,2.35008788,2380003
2009-02-02,2.31569695,2.38734603,2.23545003,2.338624,2005609
2009-02-03,2.31283092,2.32716107,2.2641089,2.27843904,1197852
2009-02-04,2.29276896,2.33575892,2.2641089,2.2641089,3238703
2009-02-05,2.2870369,2.361552,2.24977994,2.361552,4623927
2009-02-06,2.361552,2.4360671,2.28130507,2.42746902,1810212
2009-02-09,2.39880991,2.407408,2.37874794,2.40167594,2118311
2009-02-10,2.39021206,2.4360671,2.36441803,2.38448,830087
2009-02-11,2.40454197,2.42173696,2.35295391,2.39021206,2823833
2009-02-12,2.33575892,2.407408,2.33575892,2.407408,512218
2009-02-13,2.4360671,2.44753098,2.35581994,2.37874794,680050
2009-02-16,2.37874794,2.37874794,2.3099649,2.32716107,1566315
2009-02-17,2.31856298,2.31856298,2.2641089,2.29850101,2482238
2009-02-18,2.27843904,2.35008788,2.23545003,2.3070991,1159471
2009-02-19,2.34722209,2.34722209,2.27843904,2.29276896,1337770
2009-02-20,2.24977994,2.28130507,2.23545003,2.25264597,1092477
2009-02-25,2.25264597,2.36441803,2.23545003,2.3070991,774260
2009-02-26,2.33575892,2.37874794,2.33575892,2.35008788,234127
2009-02-27,2.2870369,2.32142901,2.20678997,2.29276896,3101925
2009-03-02,2.24118209,2.28990293,2.14947104,2.20678997,2342319
2009-03-03,2.2641089,2.2641089,2.20678997,2.25837803,1027927
2009-03-04,2.23831606,2.33575892,2.209656,2.33575892,374394
2009-03-05,2.27843904,2.32142901,2.20678997,2.209656,1018157
2009-03-06,2.209656,2.24691391,2.1781311,2.22971797,1050956
2009-03-09,2.19532609,2.22112012,2.1580689,2.20678997,1362195
2009-03-10,2.23545003,2.31569695,2.1781311,2.29850101,760652
2009-03-11,2.29276896,2.3070991,2.23831606,2.3070991,292397
2009-03-12,2.30136704,2.37874794,2.2641089,2.33575892,1961645
2009-03-13,2.32142901,2.39307809,2.3070991,2.3070991,1269730
2009-03-16,2.33289289,2.35295391,2.32142901,2.35008788,401610
2009-03-17,2.3070991,2.36441803,2.2841711,2.31856298,579561
2009-03-18,2.33289289,2.35008788,2.27843904,2.35008788,650392
2009-03-19,2.32429504,2.35008788,2.3070991,2.32142901,191907
2009-03-20,2.34435606,2.34435606,2.21538806,2.29276896,360088
2009-03-23,2.29276896,2.40454197,2.29276896,2.40454197,3192296
2009-03-24,2.37874794,2.41887093,2.37874794,2.407408,501751
2009-03-25,2.38734603,2.407408,2.29850101,2.3070991,635039
2009-03-26,2.32142901,2.34435606,2.3070991,2.32142901,337059
2009-03-27,2.29850101,2.33575892,2.27270699,2.33575892,222612
2009-03-30,2.31856298,2.3300271,2.28130507,2.3070991,143407
2009-03-31,2.29563498,2.407408,2.2870369,2.32429504,2414198
2009-04-01,2.35295391,2.36728406,2.3070991,2.35008788,1013970
2009-04-02,2.42173696,2.54784012,2.407408,2.44179893,1497577
2009-04-03,2.48765397,2.48765397,2.36728406,2.38734603,669583
2009-04-06,2.40454197,2.40454197,2.23545003,2.29276896,7122564
2009-04-07,2.29563498,2.3070991,2.25264597,2.29276896,7525570
2009-04-08,2.2641089,2.37874794,2.2641089,2.37874794,4788270
2009-04-09,2.37588191,2.46472692,2.37588191,2.46472692,5130214
2009-04-13,2.4618609,2.688272,2.39307809,2.63668489,1796953
2009-04-14,2.67680812,2.67967391,2.50771594,2.52491212,1147956
2009-04-15,2.49338603,2.49338603,2.407408,2.46759295,1191920
2009-04-16,2.54497409,2.54784012,2.45039701,2.50771594,4239414
2009-04-17,2.49052,2.70833397,2.49052,2.69113803,2132966
2009-04-20,2.67107606,2.67107606,2.59369493,2.59656096,175857
2009-04-22,2.66247797,2.83443594,2.66247797,2.80864191,2534925
2009-04-23,2.80864191,2.95194006,2.80291009,2.88315701,2246017
2009-04-24,2.8946209,3.12389803,2.88029099,3.121032,4407595
2009-04-27,3.09237194,3.09237194,2.95194006,3.04938293,348922
2009-04-28,3.01212597,3.08664107,2.92614698,3.0665791,2659142
2009-04-29,3.09523797,3.35317492,3.09523797,3.25286603,4133341
2009-04-30,3.295856,3.39043307,3.20414495,3.22420692,1940011
2009-05-04,3.38470101,3.60824609,3.30445409,3.60538006,2825927
2009-05-05,3.61684394,3.72574997,3.58531809,3.65410089,3438984
2009-05-06,3.66843104,3.7830689,3.54232788,3.71142006,3954693
2009-05-07,3.74867797,3.7830689,3.43915391,3.60824609,475233
2009-05-08,3.58245206,3.705688,3.57672,3.6741631,2412453
2009-05-11,3.66269898,3.66556501,3.48214293,3.56525612,1018855
2009-05-12,3.60824609,3.61111212,3.51080298,3.53946304,802173
2009-05-13,3.48214293,3.48214293,3.3245151,3.41049409,2453277
2009-05-14,3.36750507,3.58818412,3.36750507,3.52513289,1476293
2009-05-15,3.49647307,3.57672,3.447752,3.57672,1423605
2009-05-18,3.57958603,3.85185194,3.47354507,3.81746101,2929906
2009-05-19,3.84038901,3.88624406,3.74008012,3.81459498,3496906
2009-05-20,3.86904812,3.89484191,3.73434806,3.73434806,177950
2009-05-21,3.71142006,3.71142006,3.46781301,3.47067904,1034905
2009-05-22,3.553792,3.68276095,3.33311296,3.58245206,2968636
2009-05-25,3.61111212,3.63690495,3.53946304,3.59678197,768677
2009-05-26,3.52513289,3.69708991,3.51366901,3.63977098,2162275
2009-05-27,3.58245206,3.72574997,3.41909194,3.49647307,5162664
2009-05-28,3.49647307,3.61684394,3.49360704,3.55665803,3452243
2009-05-29,3.61111212,3.61111212,3.51366901,3.52799892,1750546
2009-06-01,3.61111212,3.66843104,3.61111212,3.63977098,1546775
2009-06-02,3.65410089,3.65410089,3.424824,3.49647307,52081989
2009-06-03,3.49647307,3.52513289,3.33884501,3.35317492,8141768
2009-06-04,3.41909194,3.57672,3.295856,3.52513289,2639253
2009-06-05,3.58531809,3.58531809,3.47354507,3.5222671,589330
2009-06-08,3.5022049,3.5022049,3.39902997,3.49360704,1574340
2009-06-09,3.51366901,3.553792,3.424824,3.46781301,1333932
2009-06-10,3.52513289,3.52513289,3.35317492,3.41049409,2636462
2009-06-12,3.41909194,3.50793695,3.36750507,3.41049409,2742534
2009-06-15,3.39616394,3.43628812,3.33884501,3.40476203,1697859
2009-06-16,3.43342209,3.49360704,3.30158806,3.3245151,2145876
2009-06-17,3.295856,3.36463904,3.20127892,3.36463904,1239723
2009-06-18,3.33884501,3.38183498,3.22420692,3.26719594,3937944
2009-06-19,3.29012394,3.38183498,3.29012394,3.36463904,2477004
2009-06-22,3.30158806,3.33024693,3.22420692,3.29298997,711105
2009-06-23,3.31018591,3.32164907,3.23567104,3.31018591,2446299
2009-06-24,3.32164907,3.33884501,3.22420692,3.33311296,765885
2009-06-25,3.3245151,3.38183498,3.28152609,3.30732012,1603650
2009-06-26,3.30445409,3.3245151,3.21560907,3.3245151,2473515
2009-06-29,3.27579403,3.35317492,3.27579403,3.3503089,1097362
2009-06-30,3.3503089,3.46781301,3.3245151,3.46781301,10415699
2009-07-01,3.50507092,3.54519391,3.46494794,3.53946304,7882170
2009-07-02,3.5222671,3.553792,3.4764111,3.52513289,510474
2009-07-03,3.54519391,3.553792,3.48214293,3.53946304,273904
2009-07-06,3.53373098,3.53373098,3.38756704,3.41049409,3271850
2009-07-07,3.45348406,3.46208191,3.295856,3.31018591,4436555
2009-07-08,3.32164907,3.43915391,3.32164907,3.36750507,8143862
2009-07-09,3.36750507,3.36750507,3.36750507,3.36750507,0
2009-07-10,3.295856,3.43628812,3.15255809,3.38183498,1471757
2009-07-13,3.43915391,3.46494794,3.35890698,3.40476203,2787894
2009-07-14,3.424824,3.43628812,3.3245151,3.36463904,2898852
2009-07-15,3.38183498,3.46781301,3.35317492,3.46208191,870213
2009-07-16,3.43915391,3.53659701,3.38470101,3.50507092,1246003
2009-07-17,3.52513289,3.553792,3.50507092,3.53373098,1093175
2009-07-20,3.54805994,3.65410089,3.49647307,3.63977098,2129825
2009-07-21,3.71142006,3.79739904,3.69708991,3.751544,7671071
2009-07-22,3.73721409,3.75441003,3.69422412,3.74008012,10513049
2009-07-23,3.69708991,3.86904812,3.69708991,3.81172895,5527637
2009-07-24,3.84898591,3.85471797,3.76300812,3.76873899,2533878
2009-07-27,3.86904812,4.1069231,3.81172895,4.04100609,4170676
2009-07-28,4.08112907,4.19863415,4.02380991,4.07826281,2778473
2009-07-29,4.06966591,4.10119104,3.9349649,4.04100609,1364637
2009-07-30,4.11838722,4.18143797,4.01234579,4.15564394,3310232
2009-07-31,4.14131498,4.35053015,4.02380991,4.35053015,2402683
2009-08-03,4.40211678,4.41644716,4.29894209,4.29894209,1890813
2009-08-04,4.30180788,4.44224119,4.18430424,4.21296406,5711520
2009-08-05,4.24162292,4.31040621,4.17857218,4.27028322,2507360
2009-08-06,4.29034519,4.37059212,4.29034519,4.37059212,2750908
2009-08-07,4.34193182,4.59700298,4.34193182,4.54254913,2438622
2009-08-10,4.58267307,4.76609421,4.58267307,4.68584681,9350089
2009-08-11,4.73456907,4.74603319,4.52821922,4.52821922,5187089
2009-08-12,4.57694101,4.79761982,4.54254913,4.65718794,4959591
2009-08-13,4.65718794,4.66005421,4.52535295,4.52535295,2599825
2009-08-14,4.55687904,4.56834316,4.33620024,4.55687904,1698557
2009-08-17,4.52821922,4.58553886,4.24162292,4.55687904,3177990
2009-08-18,4.58553886,4.83774281,4.57407522,4.83774281,1564570
2009-08-19,4.70017719,4.82914495,4.68584681,4.76322794,1389411
2009-08-20,4.80908394,4.94378424,4.78615618,4.8835988,3068777
2009-08-21,4.89792919,5.15873098,4.89506292,5.15873098,2571911
2009-08-24,5.27336979,5.32782316,4.97817516,5.02689695,2778473
2009-08-25,5.07848406,5.07848406,4.76609421,4.814816,4530764
2009-08-26,4.814816,4.87500095,4.65718794,4.70017719,5443896
2009-08-27,4.7145071,4.7145071,4.54828119,4.5626111,8512325
2009-08-28,4.66578579,4.75463009,4.59986782,4.70017719,3631241
2009-08-31,4.65718794,4.8234129,4.65145588,4.814816,4410386
2009-09-01,4.90079403,4.95811415,4.76609421,4.84347486,3566690
2009-09-02,4.87500095,4.89219713,4.62852812,4.62852812,4516808
2009-09-03,4.65432215,4.72883701,4.62852812,4.66005421,2108192
2009-09-04,4.68871307,4.84347486,4.68871307,4.814816,2233456
2009-09-08,4.87213516,4.94378424,4.87213516,4.92945385,3094946
2009-09-09,4.96097994,5.02976322,4.87213516,4.95811415,2612735
2009-09-10,4.97244406,5.02116489,4.88646507,4.90079403,1712513
2009-09-11,4.97244406,4.97244406,4.84634113,4.85207319,4803622
2009-09-14,4.87500095,4.92658806,4.74889803,4.89792919,3783371
2009-09-15,4.91512394,5.1272049,4.87786722,5.10141182,4054485
2009-09-16,5.15873098,5.25330782,5.11287594,5.19025707,5809567
2009-09-17,5.15873098,5.24470997,5.1272049,5.19598913,1500368
2009-09-18,5.15873098,5.26190615,5.08421612,5.26190615,3426772
2009-09-21,5.24184418,5.29916286,5.13293695,5.29629707,2816157
2009-09-22,5.28483295,5.33068895,5.20745182,5.25903988,1014319
2009-09-23,5.1873908,5.25617409,5.15873098,5.15873098,1231698
2009-09-24,5.24184418,5.24184418,5.08134985,5.16732883,936858
2009-09-25,5.1873908,5.1873908,5.08134985,5.13007116,721223
2009-09-28,5.08421612,5.15299892,5.03836107,5.072752,3132979
2009-09-29,5.07561779,5.13866901,5.03262901,5.06701994,2635764
2009-09-30,5.06701994,5.13293695,5.01543283,5.07561779,1736240
2009-10-01,5.01543283,5.15586519,4.98677301,5.01543283,1686693
2009-10-02,5.04122686,5.36794615,4.92945385,5.31635904,4734187
2009-10-05,5.30489492,5.574296,5.30202913,5.574296,4864335
2009-10-06,5.58862495,5.66887188,5.41380215,5.53130579,7818317
2009-10-07,5.52557421,5.58862495,5.3392868,5.37367821,3332912
2009-10-08,5.40233803,5.45965719,5.27336979,5.38514185,6622907
2009-10-09,5.37081194,5.50264597,5.33355522,5.40233803,1715305
2009-10-13,5.44532681,5.53130579,5.43099689,5.53130579,1831845
2009-10-14,5.53130579,5.62874889,5.53130579,5.62874889,1607837
2009-10-15,5.61155319,5.67460394,5.47971916,5.67460394,1645171
2009-10-16,5.61441898,5.66027403,5.58862495,5.66027403,2141340
2009-10-19,5.66313982,5.7319231,5.61728477,5.64021301,1928497
2009-10-20,5.49978113,5.49978113,5.33355522,5.36221409,2118311
2009-10-21,5.44532681,5.71186209,5.44532681,5.58862495,2050271
2009-10-22,5.70326424,5.70326424,5.50264597,5.51697588,680399
2009-10-23,5.43099689,5.67460394,5.43099689,5.58862495,4622531
2009-10-26,5.4911828,5.63161516,5.48831701,5.62874889,1998630
2009-10-27,5.61441898,5.61728477,5.49691486,5.49691486,1472803
2009-10-28,5.40233803,5.44532681,5.15873098,5.31635904,959189
2009-10-29,5.2762351,5.58862495,5.2762351,5.51697588,1764154
2009-10-30,5.51411009,5.62301683,5.23324585,5.30202913,3298020
2009-11-03,5.20172024,5.24470997,5.07561779,5.13007116,3016788
2009-11-04,5.26763821,5.26763821,5.15873098,5.19312286,1275662
2009-11-05,5.19025707,5.33068895,5.118608,5.33068895,2029684
2009-11-06,5.29629707,5.34501886,5.21605015,5.30202913,2823484
2009-11-09,5.35934782,5.44532681,5.35934782,5.44532681,2837092
2009-11-10,5.43386316,5.44532681,5.30202913,5.4281311,1022344
2009-11-11,5.43386316,5.4739871,5.35934782,5.35934782,2224732
2009-11-12,5.39087391,5.60295486,5.36221409,5.44532681,6248861
2009-11-13,5.54563618,5.61728477,5.4281311,5.61728477,9031522
2009-11-16,5.65740824,5.75771713,5.61155319,5.72905684,6986484
2009-11-17,5.76058292,5.7777791,5.58862495,5.61441898,2142038
2009-11-18,5.61728477,5.70039797,5.47685289,5.58862495,3540870
2009-11-19,5.52844,5.58575916,5.43386316,5.58575916,1808467
2009-11-23,5.53417206,5.66027403,5.52557421,5.55136824,3209044
2009-11-24,5.57143021,5.574296,5.4739871,5.56283188,1401972
2009-11-25,5.55996609,5.7319231,5.51984215,5.61441898,4683244
2009-11-26,5.50551224,5.64594507,5.50551224,5.55996609,4705226
2009-11-27,5.50837803,5.77491283,5.44532681,5.62874889,8718189
2009-11-30,5.63448095,5.7319231,5.45965719,5.61728477,23367023
2009-12-01,5.680336,5.78924322,5.55996609,5.78924322,3522377
2009-12-02,5.76058292,6.01851988,5.7319231,5.88955116,2365348
2009-12-03,5.85802603,5.91247892,5.82363415,5.9010148,2541206
2009-12-04,5.9010148,6.01565409,5.71759415,5.76058292,2901992
2009-12-07,5.86662388,5.86662388,5.7319231,5.78924322,1036301
2009-12-08,5.76058292,5.78924322,5.6430788,5.76058292,2307078
2009-12-09,5.76344919,5.80930424,5.69753218,5.726192,2981895
2009-12-10,5.76058292,5.81217003,5.66027403,5.81217003,1600509
2009-12-11,5.82936621,5.89814901,5.62015104,5.62015104,1749150
2009-12-14,5.67460394,5.85516024,5.55996609,5.55996609,2335341
2009-12-15,5.58862495,5.58862495,5.45965719,5.4911828,3465154
2009-12-16,5.50264597,5.61728477,5.50264597,5.55423403,4391893
2009-12-17,5.55423403,5.55996609,5.30202913,5.44532681,2724041
2009-12-18,5.44819307,5.44819307,5.1873908,5.23038006,3716727
2009-12-21,5.27336979,5.38514185,5.04982424,5.072752,3912822
2009-12-22,5.15013313,5.22178221,5.0182991,5.15873098,4532509
2009-12-23,5.21605015,5.24184418,5.11574221,5.15873098,4014707
2009-12-24,5.15873098,5.15873098,5.15873098,5.15873098,0
2009-12-28,5.19312286,5.41093588,5.19312286,5.38800812,2194725
2009-12-29,5.39660597,5.48831701,5.37367821,5.37367821,2298704
2009-12-30,5.37367821,5.37367821,5.37367821,5.37367821,0
2010-01-04,5.58862495,5.63448095,5.41666794,5.58862495,1569455
2010-01-05,5.58289289,5.74338722,5.49404907,5.66313982,2853143
2010-01-06,5.68893385,6.19047689,5.67460394,6.10449886,3757900
2010-01-07,6.05577707,6.05577707,5.78924322,5.84656191,1484318
2010-01-08,5.84656191,6.03284883,5.74625301,5.9010148,1279151
2010-01-11,6.03284883,6.04717922,5.84656191,5.93254089,1669247
2010-01-12,5.80930424,6.10449886,5.80930424,6.10449886,1646218
2010-01-13,6.13888979,6.36816692,6.0815711,6.13888979,1980486
2010-01-14,6.37676477,6.46561003,6.15322018,6.15322018,3317908
2010-01-15,6.26499224,6.26785803,6.10163307,6.10163307,2039454
2010-01-18,6.23919916,6.35956907,6.16468382,6.29078579,1292061
2010-01-19,6.27359009,6.3853631,6.16755009,6.30511618,2785452
2010-01-20,6.27645588,6.33090878,6.04717922,6.06150913,2238689
2010-01-21,6.13315821,6.21340513,5.76344919,5.832232,2388726
2010-01-22,5.76918077,5.85802603,5.68320179,5.81790209,2400590
2010-01-26,5.82076788,6.13315821,5.68893385,5.87522221,3377225
2010-01-27,5.97266388,5.97266388,5.60295486,5.66887188,1218439
2010-01-28,5.70613003,5.78637695,5.45965719,5.53130579,1695765
2010-01-29,5.58862495,5.81790209,5.56856394,5.65740824,4725463
2010-02-01,5.7949748,5.87235594,5.47112083,5.87235594,2247412
2010-02-02,5.90388107,5.99272585,5.76344919,5.82936621,2375118
2010-02-03,5.87235594,5.90388107,5.73765516,5.73765516,1133650
2010-02-04,5.74625301,5.74625301,5.38800812,5.41666794,1092128
2010-02-05,5.30202913,5.45679092,5.04409313,5.37940979,4336763
2010-02-08,5.44532681,5.52270794,5.2762351,5.30202913,2352438
2010-02-09,5.39947224,5.574296,5.39947224,5.48831701,2610990
2010-02-10,5.54276991,5.7319231,5.44819307,5.67460394,1106085
2010-02-11,5.71186209,5.87522221,5.67747021,5.87522221,2344762
2010-02-12,5.88955116,5.89814901,5.66887188,5.832232,3588672
2010-02-17,5.96120024,6.02138615,5.80643797,5.80643797,730993
2010-02-18,5.9010148,5.9468708,5.76918077,5.9468708,1125276
2010-02-19,5.87522221,5.93254089,5.80357218,5.83509779,1048164
2010-02-22,5.87522221,5.93254089,5.68893385,5.7319231,1603650
2010-02-23,5.75485086,5.75485086,5.51124382,5.53130579,2300100
2010-02-24,5.54850197,5.59149122,5.44532681,5.59149122,3108554
2010-02-25,5.55996609,5.63448095,5.47971916,5.54563618,1814748
2010-02-26,5.53417206,5.65454197,5.53417206,5.64594507,2743581
2010-03-01,5.66027403,5.82649994,5.66027403,5.82649994,2463047
2010-03-02,5.88668489,5.93540716,5.832232,5.88955116,1836730
2010-03-03,5.9296751,5.95833397,5.69466591,5.76058292,2250902
2010-03-04,5.80930424,5.95833397,5.67173815,5.680336,2825578
2010-03-05,5.7491188,5.84369612,5.60295486,5.60295486,2309870
2010-03-08,5.67460394,5.67460394,5.56283188,5.6430788,1539448
2010-03-09,5.66027403,5.83796406,5.58862495,5.78351116,2035267
2010-03-10,5.78924322,5.84656191,5.7319231,5.77491283,1078869
2010-03-11,5.67747021,5.76058292,5.67460394,5.680336,859397
2010-03-12,5.70326424,5.71759415,5.59722281,5.63161516,1723679
2010-03-15,5.67460394,5.69466591,5.58289289,5.58289289,622827
2010-03-16,5.61728477,5.68893385,5.4911828,5.58862495,2347902
2010-03-17,5.59722281,5.66027403,5.53130579,5.62015104,1808816
2010-03-18,5.61728477,5.63734722,5.52557421,5.60295486,2124940
2010-03-19,5.60295486,5.63734722,5.49978113,5.58575916,1231349
2010-03-22,5.55996609,5.58289289,5.50264597,5.53130579,576071
2010-03-23,5.50264597,5.62301683,5.41953421,5.52844,2519921
2010-03-24,5.55136824,5.55136824,5.4224,5.46825504,1579574
2010-03-25,5.48258495,5.54563618,5.38800812,5.52270794,1684251
2010-03-26,5.50264597,5.53130579,5.34501886,5.45965719,2751257
2010-03-29,5.48831701,5.51697588,5.41666794,5.41666794,2011192
2010-03-30,5.43099689,5.4911828,5.34501886,5.37367821,827994
2010-03-31,5.37367821,5.45679092,5.34501886,5.38800812,2906877
2010-04-01,5.40520382,5.53130579,5.34501886,5.34501886,1966529
2010-04-05,5.34501886,5.49691486,5.34501886,5.44532681,1679366
2010-04-06,5.44532681,5.48545122,5.38800812,5.38800812,1539099
2010-04-07,5.34501886,5.46538877,5.34501886,5.37081194,2076789
2010-04-08,5.37367821,5.40807009,5.34501886,5.36794615,3429
2010-04-09,5.40520382,5.40520382,5.2762351,5.29343081,4375843
2010-04-12,5.30489492,5.38800812,5.26763821,5.30202913,3807447
2010-04-13,5.33068895,5.41666794,5.31635904,5.40807009,1184244
2010-04-14,5.45965719,5.70326424,5.45965719,5.68893385,5114164
2010-04-15,5.65740824,5.72045994,5.574296,5.64594507,2925021
2010-04-16,5.64594507,5.69753218,5.48831701,5.52844,2090048
2010-04-19,5.52844,5.52844,5.35934782,5.48545122,662953
2010-04-20,5.48258495,5.51697588,5.32495689,5.33068895,1609232
2010-04-22,5.33355522,5.49691486,5.31635904,5.48831701,981520
2010-04-23,5.43386316,5.56569815,5.43099689,5.4739871,1092826
2010-04-26,5.52844,5.60295486,5.4739871,5.56283188,1020599
2010-04-27,5.53130579,5.58289289,5.3220911,5.3220911,1852432
2010-04-28,5.31635904,5.45965719,5.31635904,5.34215307,922901
2010-04-29,5.38800812,5.44532681,5.30489492,5.35934782,790310
2010-04-30,5.35934782,5.58862495,5.3392868,5.58862495,1823820
2010-05-03,5.60008907,5.70039797,5.55709982,5.66027403,2833
2010-05-04,5.51984215,5.61728477,5.46252298,5.51697588,2333945
2010-05-05,5.49978113,5.61441898,5.39947224,5.52557421,3160195
2010-05-06,5.4739871,5.58862495,5.31635904,5.53130579,3920149
2010-05-07,5.44532681,5.56856394,5.10427809,5.24470997,7014049
2010-05-10,5.43959522,5.66887188,5.33068895,5.55996609,3673810
2010-05-11,5.44819307,5.61728477,5.42526579,5.46252298,2446996
2010-05-12,5.49978113,5.64594507,5.47685289,5.51411009,1757176
2010-05-13,5.61155319,5.61155319,5.39660597,5.574296,2153203
2010-05-14,5.57143021,5.6430788,5.39087391,5.47685289,1569804
2010-05-17,5.43099689,5.52844,5.25903988,5.44532681,2341622
2010-05-18,5.45965719,5.53990412,5.33068895,5.38514185,1628772
2010-05-19,5.38227606,5.38227606,5.11001015,5.1873908,2271488
2010-05-20,5.09854603,5.18452501,4.84920692,5.072752,2777775
2010-05-21,5.1873908,5.35934782,4.98677301,5.35934782,760652
2010-05-24,5.35934782,5.50264597,5.31635904,5.31635904,513614
2010-05-25,5.02116489,5.28769922,5.02116489,5.17306089,1219834
2010-05-26,5.21605015,5.53130579,5.21605015,5.31635904,3344775
2010-05-27,5.38800812,5.55996609,5.36794615,5.55996609,1903025
2010-05-28,5.55709982,5.61728477,5.34788513,5.42526579,1860108
2010-05-31,5.50264597,5.50264597,5.38514185,5.4739871,473139
2010-06-01,5.48545122,5.48545122,5.30776119,5.44532681,1677621
2010-06-02,5.41666794,5.53990412,5.39947224,5.48545122,1289968
2010-06-04,5.58862495,5.58862495,5.37940979,5.37940979,1296248
2010-06-07,5.41666794,5.67460394,5.33355522,5.43099689,2122847
2010-06-08,5.44532681,5.58575916,5.44532681,5.56283188,1937220
2010-06-09,5.58862495,5.58862495,5.39087391,5.39947224,1843709
2010-06-10,5.41953421,5.64021301,5.41953421,5.46825504,1382781
2010-06-11,5.45965719,5.61728477,5.45965719,5.52557421,887311
2010-06-14,5.58862495,5.70899582,5.53990412,5.60582113,1354519
2010-06-15,5.65167713,5.75485086,5.6258831,5.66027403,1228557
2010-06-16,5.66027403,5.81503582,5.63161516,5.81503582,1744963
2010-06-17,5.78924322,5.93540716,5.78924322,5.93540716,1871971
2010-06-18,5.93540716,6.30224991,5.81790209,6.09016895,3583
2010-06-21,6.10449886,6.14462185,6.00418997,6.00418997,4364677
2010-06-22,5.92680883,6.136024,5.89241695,5.95833397,2159135
2010-06-23,6.00705624,6.00705624,5.82363415,5.93254089,2116915
2010-06-24,5.89528322,5.89528322,5.78924322,5.83796406,2209380
2010-06-25,5.96693182,6.16181803,5.81790209,6.10449886,15785624
2010-06-28,6.07583904,6.21913719,6.07583904,6.21913719,925343
2010-06-29,6.13315821,6.24779701,5.96406603,6.01851988,2539112
2010-06-30,6.14748812,6.16468382,5.9468708,6.00418997,2106448
2010-07-01,5.87522221,6.27072382,5.87522221,6.24779701,1633657
2010-07-02,6.19047689,6.41688824,6.10449886,6.27359009,2064577
2010-07-05,6.19047689,6.27645588,6.16181803,6.21913719,148292
2010-07-06,6.21913719,6.39109516,6.21053886,6.39109516,1842662
2010-07-07,6.39109516,6.58884621,6.27645588,6.53439283,2537019
2010-07-08,6.53439283,6.54585695,6.30798197,6.439816,3545755
2010-07-12,6.44841385,6.4914031,6.30511618,6.45414591,1460591
2010-07-13,6.59457779,6.67195892,6.45128012,6.63470078,3363268
2010-07-14,6.56305218,6.79232883,6.51433086,6.75220585,1248446
2010-07-15,6.68055677,6.86111212,6.63470078,6.76366997,3162288
2010-07-16,6.79232883,6.79232883,6.63470078,6.68342304,769375
2010-07-19,6.68342304,6.80092716,6.63470078,6.7063508,1039441
2010-07-20,6.73214388,6.85824585,6.62037182,6.74647379,961631
2010-07-21,6.84391689,6.93562698,6.63470078,6.63756704,1351727
2010-07-22,6.71208191,6.87257624,6.67195892,6.83531904,2428852
2010-07-23,6.83531904,6.87830782,6.71494818,6.87830782,2452579
2010-07-26,6.82385492,7.07319403,6.82385492,6.9929471,2169603
2010-07-27,7.02160597,7.2680788,7.02160597,7.19356394,6043694
2010-07-28,7.18496609,7.20789385,6.80379295,7.07892609,2939327
2010-07-29,7.1448431,7.1448431,6.92989588,7.09325504,487445
2010-07-30,7.0989871,7.10758495,6.89263821,6.97001886,2414547
2010-08-02,6.99008083,7.07605982,6.82385492,6.87830782,2636462
2010-08-03,6.90410185,6.96142101,6.70921612,6.79232883,1299040
2010-08-04,6.76366997,7.02160597,6.70348501,7.02160597,1854874
2010-08-05,7.01874018,7.11904907,6.87544203,6.95282316,802173
2010-08-06,6.92989588,7.10471916,6.90123606,7.06459618,825551
2010-08-09,7.10471916,7.11904907,6.90983391,6.98721504,1110970
2010-08-10,6.93562698,7.12191486,6.80665922,7.03593588,1192269
2010-08-11,6.92703009,6.97288513,6.85824585,6.87544203,912084
2010-08-12,6.82098913,6.92416382,6.71781397,6.73501015,654928
2010-08-13,6.81525707,6.81525707,6.6432991,6.7063508,770770
2010-08-16,6.77513409,6.79232883,6.66622686,6.73501015,686331
2010-08-17,6.78946304,6.81812286,6.74074221,6.76366997,819271
2010-08-18,6.74934006,6.89836979,6.74934006,6.89263821,843346
2010-08-19,6.82958698,7.22222424,6.82958698,7.17923403,2044339
2010-08-20,7.11904907,7.34832621,7.10758495,7.26521301,884868
2010-08-23,7.2508831,7.34832621,7.08179188,7.11331701,1179010
2010-08-24,7.00727701,7.07319403,6.89836979,7.07319403,680748
2010-08-25,6.97861719,7.05026579,6.84964895,6.90696812,1580272
2010-08-26,6.85538101,6.87830782,6.61750603,6.69202089,1239374
2010-08-27,6.7063508,6.91556597,6.60030985,6.86684418,993383
2010-08-30,6.82098913,6.93562698,6.82098913,6.93562698,854
2010-08-31,6.86111212,7.06172991,6.77799988,7.02160597,959189
2010-09-01,7.02160597,7.30820322,6.96715307,7.30820322,2187
2010-09-02,7.10758495,7.20789385,7.05026579,7.15057516,1063168
2010-09-03,7.22222424,7.30533695,6.79232883,6.83245277,1536656
2010-09-06,6.84964895,7.02160597,6.73787594,7.02160597,893242
2010-09-08,6.98721504,7.30820322,6.87830782,7.09038877,6264214
2010-09-09,7.09325504,7.14770889,6.9470911,7.07605982,1563174
2010-09-10,7.13337898,7.27954292,7.05026579,7.10758495,1207622
2010-09-13,7.01014185,7.59479904,7.01014185,7.43717098,980822
2010-09-14,7.38271809,7.62918997,7.23368788,7.4486351,2154948
2010-09-15,7.43717098,7.59479904,7.37698603,7.48016024,997919
2010-09-16,7.55754089,7.73809719,7.39704704,7.59193277,1336723
2010-09-17,7.59193277,7.65211821,7.28814077,7.56040716,2455371
2010-09-20,7.56613922,7.62059212,7.38844919,7.56327295,1383130
2010-09-21,7.44003677,7.65784979,7.43143892,7.64638615,1991652
2010-09-22,7.73809719,7.81834412,7.69224119,7.74956083,1549
2010-09-23,7.59479904,7.88139486,7.51455212,7.55180883,2064228
2010-09-24,7.56613922,7.65211821,7.31966591,7.45150089,1787532
2010-09-27,7.49162388,7.70943689,7.40851116,7.63492203,970005
2010-09-28,7.68077803,7.80974579,7.62632418,7.73523092,1885230
2010-09-29,7.74956083,7.96737385,7.62345791,7.91005516,2351043
2010-09-30,7.88139486,8.15939331,7.74096298,8.15366077,3417700
2010-10-01,8.02469254,8.59501934,8.02469254,8.42592812,4549257
2010-10-04,8.36860847,8.56922626,8.25110435,8.56636047,2395705
2010-10-05,8.47751522,8.74118423,8.31128883,8.45458698,4359094
2010-10-06,8.4316597,8.4488554,8.17658901,8.4488554,2908273
2010-10-07,8.3972683,8.5376997,8.22817612,8.36860847,3339890
2010-10-08,8.35427856,8.94180107,8.26256847,8.51763821,3221954
2010-10-11,8.71252441,8.88448238,8.64947319,8.79563713,3383157
2010-10-13,8.74118423,9.11375904,8.67240047,8.93606853,4520995
2010-10-14,8.93606853,9.07076931,8.80423546,8.94180107,3417002
2010-10-15,8.94180107,8.99338818,8.75551319,8.81283283,1779158
2010-10-18,8.72685432,8.7526474,8.60361671,8.60648346,1518163
2010-10-19,8.46891689,8.7870388,8.16799068,8.17085743,2882452
2010-10-20,8.21098137,8.33994865,8.17085743,8.17085743,4355954
2010-10-21,8.17658901,8.53483391,8.05908489,8.53483391,1522350
2010-10-22,8.45458698,8.54056644,8.3972683,8.46891689,892196
2010-10-25,8.38580418,8.4488554,8.03329086,8.30842304,1328349
2010-10-26,8.16799068,8.67813206,8.16799068,8.54056644,4911788
2010-10-27,8.48611259,8.59788513,8.25397015,8.25397015,1621794
2010-10-28,8.36860847,8.45458698,8.05335331,8.19378471,3689162
2010-10-29,8.21098137,8.39440155,8.02182674,8.06768227,47386183
2010-11-01,8.1622591,8.27116585,8.09920788,8.12500191,1926054
2010-11-03,8.1278677,8.45458698,8.11927032,8.40586567,4251277
2010-11-04,8.45458698,8.54056644,8.29982471,8.36860847,2211822
2010-11-05,8.42306232,8.42592812,8.1450634,8.27976418,1582365
2010-11-08,8.28262997,8.38007164,8.13933182,8.31128883,2337086
2010-11-09,8.23964024,8.42592812,8.04475498,8.08201218,2229617
2010-11-10,7.96737385,7.99603319,7.77248812,7.77248812,4464120
2010-11-11,7.76675606,7.8756628,7.52888203,7.85273504,2922927
2010-11-12,7.70943689,7.88139486,7.70943689,7.85273504,1025484
2010-11-16,7.88139486,7.88139486,7.52028418,7.88139486,3448754
2010-11-17,7.84986877,7.88139486,7.67218018,7.87279701,2457813
2010-11-18,7.93871403,8.110672,7.78108597,8.06481647,4490987
2010-11-19,8.05335331,8.10494041,7.88426113,7.91005516,1423605
2010-11-22,8.02469254,8.02469254,7.60339689,7.62632418,1589344
2010-11-23,7.59193277,7.62345791,7.26521301,7.44576883,2500731
2010-11-24,7.66644812,7.91005516,7.53747892,7.86706495,4212547
2010-11-25,7.88139486,7.97310591,7.78395224,7.91005516,676561
2010-11-26,7.79541588,8.02182674,7.73809719,8.01036263,1112715
2010-11-29,7.99316692,8.24823761,7.91005516,8.19091892,2780567
2010-11-30,8.30842304,8.30842304,8.07054806,8.07054806,1934777
2010-12-01,8.13646603,8.25110435,8.03329086,8.16799068,2679030
2010-12-02,8.24823761,8.38293839,8.10780621,8.31128883,1740776
2010-12-03,8.33708286,8.36287689,8.06195068,8.13360023,869167
2010-12-06,8.12500191,8.16512489,7.86706495,8.02469254,1392900
2010-12-07,8.05048656,8.12500191,7.70943689,7.70943689,2985385
2010-12-08,7.73809719,7.85273504,7.63205624,7.85273504,2041897
2010-12-09,7.86993122,7.90145683,7.48016024,7.53747892,3771508
2010-12-10,7.56613922,7.83267403,7.56040716,7.82407618,1519559
2010-12-13,7.82120991,7.95017815,7.76102495,7.79541588,985009
2010-12-14,7.74669504,7.79255009,7.62345791,7.68077803,3869904
2010-12-15,7.66071606,7.66071606,7.27954292,7.32253218,7567790
2010-12-16,7.33972788,7.56040716,7.15917301,7.16490412,3965160
2010-12-17,7.22222424,7.32253218,6.86397791,6.9929471,5474252
2010-12-20,7.06459618,7.12191486,6.9642868,6.9642868,2943863
2010-12-21,6.9929471,7.39418077,6.9929471,7.30820322,3871300
2010-12-22,7.36265612,7.45150089,7.25661516,7.32253218,2858028
2010-12-23,7.32253218,7.53461409,7.32253218,7.50882006,1345098
2010-12-27,7.50882006,7.55180883,7.4199748,7.45150089,607125
2010-12-28,7.42570686,7.49162388,7.34259415,7.36838818,3554478
2010-12-29,7.44003677,7.59479904,7.27954292,7.59479904,1020948
2010-12-30,7.58046913,7.70943689,7.47729397,7.70943689,2157739
2011-01-03,7.7065711,7.87852907,7.50882006,7.87852907,4248486
2011-01-04,7.8756628,7.87852907,7.68077803,7.82407618,1833590
2011-01-05,7.81547785,8.05048656,7.74382877,8.02469254,2829416
2011-01-06,8.02755928,8.110672,7.97597218,8.08201218,2329060
2011-01-07,8.07341385,8.07341385,7.89859104,7.94157982,3783022
2011-01-10,7.91292095,7.92438412,7.76388979,7.84986877,2032127
2011-01-11,7.77822018,8.1622591,7.77822018,8.12500191,3519586
2011-01-12,8.110672,8.15366077,8.08201218,8.12500191,1678319
2011-01-13,8.12213612,8.16512489,8.0562191,8.08487797,2034569
2011-01-14,8.08487797,8.15366077,7.97310591,8.09634209,2105401
2011-01-17,8.08201218,8.08201218,7.86706495,7.93871403,2196470
2011-01-18,7.94157982,8.15366077,7.94157982,8.13933182,1700650
2011-01-19,8.13073444,8.15079498,8.0390234,8.10207367,1307763
2011-01-20,8.06768227,8.10207367,7.88999319,8.02469254,1960947
2011-01-21,8.02469254,8.10494041,7.76962185,7.85273504,1789277
2011-01-24,7.85273504,7.95304394,7.68364382,7.85273504,2422921
2011-01-26,7.85273504,7.88139486,7.4027791,7.44576883,3744641
2011-01-27,7.46296406,7.51741791,7.03593588,7.10758495,3895376
2011-01-28,7.05313206,7.16490412,6.86111212,6.93562698,4677661
2011-01-31,6.97861719,7.22222424,6.92416382,7.17923403,5161617
2011-02-01,7.30820322,7.59193277,7.05026579,7.59193277,2770
2011-02-02,7.59766483,7.64065409,7.37985182,7.37985182,3474226
2011-02-03,7.35405779,7.35405779,7.02447224,7.02447224,2299
2011-02-04,7.05313206,7.27094507,6.79806089,6.92129803,10384645
2011-02-07,6.97861719,6.9929471,6.80665922,6.93562698,750184
2011-02-08,6.90696812,7.41424322,6.85251522,6.90410185,3321
2011-02-09,6.99008083,7.03593588,6.5085988,6.591712,5233844
2011-02-10,6.55158901,6.75220585,6.37963104,6.64903116,3470387
2011-02-11,6.67195892,6.71208191,6.53439283,6.7063508,3476668
2011-02-14,6.68628883,6.87830782,6.61177397,6.78946304,5234542
2011-02-15,6.81525707,6.99008083,6.7063508,6.96142101,6225832
2011-02-16,6.96142101,7.04453421,6.91270018,6.9642868,2489216
2011-02-17,7.06459618,7.13337898,6.88117409,7.04453421,2827322
2011-02-18,7.02160597,7.30533695,6.95855522,7.19356394,3753015
2011-02-21,7.19069815,7.19069815,6.99867916,7.02447224,642018
2011-02-22,7.02447224,7.02447224,6.74934006,6.8123908,3467596
2011-02-23,6.8123908,6.85251522,6.44268179,6.50573301,5501468
2011-02-24,6.50573301,6.50573301,6.50573301,6.50573301,0
2011-02-25,6.5372591,6.57451582,6.40828991,6.47134209,4466563
2011-02-28,6.53152704,6.73501015,6.46274424,6.73501015,2617620
2011-03-01,6.73214388,6.84964895,6.6432991,6.77799988,2283700
2011-03-02,6.71781397,6.74934006,6.54012489,6.64903116,3458175
2011-03-03,6.65476322,6.81812286,6.60890818,6.80665922,1292759
2011-03-04,6.80952501,6.92703009,6.60030985,6.7951951,3325933
2011-03-09,6.7951951,6.7951951,6.7951951,6.7951951,0
2011-03-10,6.67769098,6.84964895,6.64903116,6.75793791,4952612
2011-03-11,6.76366997,6.87544203,6.63183594,6.80665922,2233107
2011-03-14,6.82098913,6.82098913,6.61750603,6.73501015,1595624
2011-03-15,6.70348501,6.92129803,6.59457779,6.77226782,2731369
2011-03-16,6.78659678,6.92129803,6.78659678,6.79232883,3466200
2011-03-17,6.88117409,6.88117409,6.79232883,6.83531904,2428503
2011-03-18,6.79806089,6.92989588,6.79806089,6.82098913,2594242
2011-03-21,6.92129803,6.97001886,6.89836979,6.89836979,1622
2011-03-22,6.84391689,6.98721504,6.84391689,6.87830782,1609581
2011-03-23,7.01874018,7.13911104,6.93562698,6.97861719,2008051
2011-03-24,7.02160597,7.07892609,6.93849277,7.07892609,722
2011-03-25,7.02447224,7.06172991,6.97861719,7.06172991,1620398
2011-03-28,7.12764692,7.2508831,6.99008083,7.06459618,2231362
2011-03-29,7.06746197,7.30820322,7.06459618,7.30820322,3910379
2011-03-30,7.06746197,7.30820322,7.06459618,7.30820322,3910379
2011-03-31,7.35978985,7.56613922,7.25374889,7.30820322,3969347
2011-04-01,7.32826424,7.50882006,7.28240919,7.50882006,2794524
2011-04-04,7.78108597,7.88712692,7.64638615,7.70943689,2259625
2011-04-05,7.78108597,7.88712692,7.64638615,7.70943689,2259625
2011-04-06,7.69224119,7.73523092,7.54894304,7.59479904,4231737
2011-04-07,7.66644812,7.79255009,7.51455212,7.64351988,2435482
2011-04-08,7.55180883,7.68364382,7.52028418,7.61772585,2528295
2011-04-11,7.59766483,7.76102495,7.5718708,7.73809719,2576098
2011-04-12,7.69797277,7.72090101,7.55754089,7.64351988,1172730
2011-04-13,7.66644812,7.71516895,7.31966591,7.46582985,2577494
2011-04-14,7.56613922,7.64351988,7.31393385,7.42284107,3068428
2011-04-15,7.44290304,7.46582985,7.34545994,7.40851116,1477688
2011-04-18,7.40851116,7.40851116,7.40851116,7.40851116,0
2011-04-19,7.28814077,7.42857313,7.19356394,7.42857313,2770448
2011-04-20,7.45436716,7.67504597,7.42284107,7.66644812,2544346
2011-04-25,7.62632418,7.73523092,7.51741791,7.53747892,1555498
2011-04-26,7.55180883,7.7065711,7.44290304,7.68077803,2996201
2011-04-27,7.62345791,7.79541588,7.55180883,7.68077803,1678319
2011-04-28,7.56613922,7.76675606,7.53747892,7.53747892,2409313
2011-04-29,7.61772585,7.84700298,7.53747892,7.73809719,3033187
2011-05-02,7.68364382,8.16799068,7.68364382,7.82407618,2463047
2011-05-03,7.82407618,7.82407618,7.50595379,7.5546751,1911051
2011-05-04,7.57760286,7.66644812,7.45150089,7.45150089,1734845
2011-05-05,7.49162388,7.58046913,7.45150089,7.45150089,1775669
2011-05-06,7.52601624,7.88139486,7.49449015,7.87279701,2139944
2011-05-09,7.86133289,7.96737385,7.66931391,7.92438412,2906
2011-05-10,7.92438412,7.92438412,7.92438412,7.92438412,0
2011-05-11,7.95017815,7.98170424,7.76102495,7.85273504,1177615
2011-05-12,7.81261206,7.91005516,7.73809719,7.89572477,2682519
2011-05-13,7.85273504,8.01036263,7.79828215,7.95304394,4406199
2011-05-16,7.95304394,7.95304394,7.95304394,7.95304394,0
2011-05-17,7.88139486,7.99316692,7.74956083,7.76675606,1907561
2011-05-18,7.68364382,7.76675606,7.53461409,7.59479904,2264161
2011-05-19,7.62345791,7.7524271,7.30820322,7.30820322,1718096
2011-05-20,7.31106806,7.31106806,7.16776991,7.18783188,3660551
2011-05-23,7.12191486,7.13911104,6.99867916,7.05026579,4031456
2011-05-24,7.10758495,7.35692406,7.05599785,7.30820322,2771146
2011-05-25,7.29387283,7.49449015,7.27094507,7.37985182,4844795
2011-05-26,7.503088,7.55180883,7.35405779,7.53747892,1580621
2011-05-27,7.55180883,7.81834412,7.46582985,7.79541588,5736991
2011-05-30,7.83553982,7.83553982,7.53747892,7.55180883,1414533
2011-05-31,7.62345791,7.66644812,7.39991283,7.53747892,2933046
2011-06-01,7.56900501,7.73236513,7.46296406,7.59479904,7671769
2011-06-02,7.59193277,7.72663307,7.54321098,7.59479904,4320713
2011-06-03,7.37985182,7.69797277,7.351192,7.61199379,5162664
2011-06-06,7.57760286,7.654984,7.54034519,7.62345791,3188807
2011-06-07,7.64065409,7.81547785,7.59479904,7.76962185,3033536
2011-06-08,7.79541588,8.02469254,7.73809719,7.77822018,1582016
2011-06-09,7.87279701,7.88712692,7.74669504,7.74956083,1658082
2011-06-10,7.67791224,7.91005516,7.67791224,7.91005516,3457826
2011-06-13,7.91578579,7.93298197,7.68077803,7.78108597,1858363
2011-06-14,7.81261206,8.02469254,7.81261206,8.02469254,4690920
2011-06-15,8.02755928,8.23677444,7.96737385,8.02469254,5036703
2011-06-16,8.00176525,8.13360023,7.7524271,7.7524271,3443520
2011-06-17,7.81547785,7.81547785,7.58333492,7.58333492,2758585
2011-06-20,7.56327295,7.74096298,7.54607677,7.69797277,2757887
2011-06-21,7.73523092,7.93584824,7.73523092,7.88139486,2304287
2011-06-22,7.92438412,7.92438412,7.70943689,7.73809719,2786498
2011-06-24,7.73809719,7.85560083,7.59479904,7.68077803,2044339
2011-06-27,7.67504597,7.86706495,7.63778782,7.85273504,5079620
2011-06-28,7.87279701,8.18232059,7.83840513,8.13933182,3764878
2011-06-29,8.07341385,8.19378471,8.02469254,8.02469254,1270428
2011-06-30,8.07054806,8.07627964,7.93584824,7.99603319,2770099
2011-07-01,7.97597218,8.17658901,7.92151785,8.08774376,2792081
2011-07-04,8.02755928,8.13360023,7.91005516,8.01036263,570489
2011-07-05,7.99030113,8.0390234,7.80401421,7.80401421,2471072
2011-07-06,7.80401421,7.84986877,7.70943689,7.70943689,1782996
2011-07-07,7.76102495,8.01609516,7.70943689,7.89572477,2251251
2011-07-08,7.83553982,7.8756628,7.65211821,7.65211821,3431657
2011-07-11,7.6005311,7.62059212,7.48016024,7.48016024,1967576
2011-07-12,7.48016024,7.66071606,7.43717098,7.51455212,3506675
2011-07-13,7.51455212,7.68077803,7.51455212,7.55754089,3052378
2011-07-14,7.57473707,7.67504597,7.4486351,7.48016024,3987142
2011-07-15,7.49162388,7.55180883,7.2508831,7.26521301,2359417
2011-07-18,7.22222424,7.55754089,7.22222424,7.42284107,4010171
2011-07-19,7.36838818,7.48302603,7.18209982,7.18209982,3263825
2011-07-20,7.23655319,7.24801683,7.09612083,7.11045122,1919425
2011-07-21,7.11045122,7.59766483,7.11045122,7.53747892,3895376
2011-07-22,7.59193277,7.66071606,7.46582985,7.56900501,2138200
2011-07-25,7.57760286,7.68651009,7.5718708,7.66071606,2442
2011-07-26,7.48302603,7.61486006,7.37412024,7.45150089,2020264
2011-07-27,7.36838818,7.46296406,7.10758495,7.10758495,1994792
2011-07-28,7.12191486,7.32539797,7.07892609,7.22222424,2097376
2011-07-29,7.20216179,7.69224119,7.17063618,7.66071606,1535
2011-08-01,7.21076012,7.36552191,6.98148298,7.03593588,3046097
2011-08-02,7.03593588,7.07032824,6.90696812,6.93276215,2584821
2011-08-03,6.89263821,6.94995689,6.5085988,6.61177397,4501106
2011-08-04,6.44841385,6.52579498,6.31944609,6.52006292,6496248
2011-08-05,6.53152704,6.79232883,6.34810495,6.73501015,3869206
2011-08-08,6.31371403,6.51719713,6.30511618,6.41975403,5658135
2011-08-09,6.41402197,6.92989588,6.41402197,6.67769098,3257893
2011-08-10,6.60890818,6.98721504,6.45128012,6.93562698,1926054
2011-08-11,6.92416382,7.19356394,6.92416382,7.12191486,3794188
2011-08-12,7.19643021,7.19643021,6.87830782,6.87830782,2144829
2011-08-15,7.11904907,7.15344095,6.94995689,7.03880215,2000026
2011-08-16,7.06172991,7.29100704,6.8410511,7.16490412,3005971
2011-08-17,7.10758495,7.18496609,6.98434877,7.09325504,3418049
2011-08-18,6.9929471,7.14197683,6.78373098,6.9642868,3609608
2011-08-19,6.80665922,7.16490412,6.80665922,6.90983391,1463034
2011-08-22,6.96715307,7.16490412,6.96715307,7.00727701,1923961
2011-08-23,7.11904907,7.12191486,6.98434877,7.03593588,1888371
2011-08-24,7.11045122,7.11045122,6.90696812,6.94995689,4787921
2011-08-25,6.96142101,7.01014185,6.68055677,6.82098913,6274682
2011-08-26,6.80092716,7.06746197,6.76653624,6.9642868,3625658
2011-08-29,7.07032824,7.49162388,7.00727701,7.36552191,2753351
2011-08-30,7.30247116,7.76675606,7.18783188,7.58046913,3000737
2011-08-31,7.57760286,8.02182674,7.57760286,7.93298197,4836072
2011-09-01,8.18232059,8.59788513,8.04762077,8.16799068,9070252
2011-09-02,7.96737385,8.27976418,7.82694197,7.96737385,2221243
2011-09-05,7.73809719,8.01036263,7.69224119,7.76675606,1378943
2011-09-06,7.74096298,8.08201218,7.654984,7.97310591,3568435
2011-09-08,8.11640358,8.38580418,7.99889898,8.28262997,2344413
2011-09-09,8.16799068,8.26543427,7.95017815,8.06768227,2542601
2011-09-12,7.82694197,7.93871403,7.66644812,7.80974579,5338521
2011-09-13,7.91292095,8.06481647,7.71516895,7.7237668,3158450
2011-09-14,7.72663307,7.86419916,7.66931391,7.73236513,3065637
2011-09-15,7.74096298,7.82980824,7.60912895,7.62345791,3950854
2011-09-16,7.47442818,7.91578579,7.47442818,7.69510698,7136172
2011-09-19,7.66644812,7.91005516,7.6005311,7.83840513,2774635
2011-09-20,7.83840513,7.87279701,7.61772585,7.7065711,2046084
2011-09-21,7.654984,7.81261206,7.6005311,7.66644812,3287901
2011-09-22,7.53747892,7.53747892,7.16490412,7.16490412,3685673
2011-09-23,7.27381086,7.33972788,7.04453421,7.17350197,8574782
2011-09-26,7.20789385,7.52314997,7.1448431,7.39418077,4114499
2011-09-27,7.67791224,7.67791224,7.40851116,7.51168585,2639951
2011-09-28,7.54034519,7.67504597,7.42284107,7.42570686,2559699
2011-09-29,7.43717098,7.59766483,7.25948095,7.29387283,1911051
2011-09-30,7.21362591,7.25374889,7.05313206,7.13624477,4399220
2011-10-03,7.05026579,7.25948095,7.05026579,7.05026579,4434811
2011-10-04,7.00727701,7.15630722,6.82385492,7.06459618,5302582
2011-10-05,7.06172991,7.25374889,6.9929471,7.21649218,1503509
2011-10-06,7.30820322,7.42284107,7.27954292,7.42284107,3911775
2011-10-07,7.45436716,7.51455212,7.22795582,7.34545994,3308487
2011-10-10,7.34259415,7.58620119,7.34259415,7.49162388,1747057
2011-10-11,7.47442818,7.71230316,7.34259415,7.49449015,2666469
2011-10-13,7.48302603,7.77535391,7.25948095,7.33972788,4880036
2011-10-14,7.39418077,7.48016024,7.29100704,7.42284107,2598429
2011-10-17,7.42570686,7.49449015,7.13337898,7.20789385,2105052
2011-10-18,7.42570686,7.49449015,7.13337898,7.20789385,2105052
2011-10-19,7.39418077,7.50882006,7.13911104,7.39418077,2520619
2011-10-20,7.351192,7.40851116,7.16490412,7.33399582,1991303
2011-10-21,7.30820322,7.56327295,7.30533695,7.56327295,2332201
2011-10-24,7.56327295,7.59479904,7.4199748,7.48875809,1856968
2011-10-25,7.56327295,7.59479904,7.4199748,7.48875809,1856968
2011-10-26,7.48589182,7.52888203,7.28814077,7.30820322,2047828
2011-10-27,7.33113003,7.42284107,7.27094507,7.37985182,3619029
2011-10-28,7.48875809,7.62345791,7.33686209,7.45150089,4656726
2011-10-31,7.45150089,7.59479904,7.41137695,7.53747892,4908299
2011-11-01,7.29960489,7.39418077,7.16490412,7.21076012,2544695
2011-11-03,7.22795582,7.38844919,7.20789385,7.21935797,3322095
2011-11-04,7.21076012,7.27954292,7.14197683,7.27954292,2906528
2011-11-07,7.30247116,7.30247116,7.09325504,7.09325504,2529342
2011-11-08,7.10471916,7.15344095,6.84964895,6.9642868,6065328
2011-11-09,6.95855522,6.95855522,6.84964895,6.87830782,5393302
2011-11-10,6.87830782,7.13624477,6.86111212,7.01014185,2998993
2011-11-11,7.11904907,7.26234722,7.07892609,7.20502806,2851049
2011-11-14,7.22222424,7.31680012,7.22222424,7.2508831,1585157
2011-11-16,7.24801683,7.44576883,7.23655319,7.37985182,5582418
2011-11-17,7.46582985,7.46582985,7.29387283,7.42284107,4543326
2011-11-18,7.48016024,7.50882006,7.21935797,7.33686209,2524457
2011-11-21,7.27094507,7.56613922,7.21076012,7.43143892,2870589
2011-11-22,7.40851116,7.46296406,7.29100704,7.32539797,2179024
2011-11-23,7.32253218,7.32253218,6.90983391,7.07605982,2528644
2011-11-24,7.14770889,7.31966591,7.10185289,7.27667713,2157041
2011-11-25,7.22509003,7.44290304,7.21076012,7.37985182,3927128
2011-11-28,7.45150089,7.52888203,7.37985182,7.47442818,3401301
2011-11-29,7.47156191,7.56613922,7.4199748,7.50882006,3908984
2011-11-30,7.56040716,7.85273504,7.53461409,7.85273504,4449116
2011-12-01,7.88139486,8.04188919,7.7237668,7.99316692,3387693
2011-12-02,8.110672,8.26830006,7.65211821,7.69224119,5343057
2011-12-05,7.65211821,8.05048656,7.61199379,8.01036263,2331503
2011-12-06,8.08201218,8.08774376,7.8756628,8.08774376,1162611
2011-12-07,8.00176525,8.20524883,7.94157982,8.10494041,2121102
2011-12-08,8.13933182,8.14219666,7.91005516,7.93871403,2668214
2011-12-09,7.93584824,8.01322937,7.81547785,7.86706495,2410011
2011-12-12,7.84127092,7.93011618,7.72090101,7.83840513,1863248
2011-12-13,7.82980824,7.93298197,7.56613922,7.64351988,3530751
2011-12-14,7.62632418,7.65211821,7.33399582,7.33972788,5165804
2011-12-15,7.47729397,7.59479904,7.351192,7.55754089,2781265
2011-12-16,7.56613922,7.73809719,7.51455212,7.68077803,2717761
2011-12-19,7.66644812,7.88139486,7.61772585,7.68077803,1859410
2011-12-20,7.73809719,7.89285898,7.64065409,7.68077803,2619713
2011-12-21,7.61772585,7.69224119,7.50595379,7.56613922,2001422
2011-12-22,7.56613922,7.56900501,7.43143892,7.45150089,2303589
2011-12-23,7.43717098,7.50595379,7.12478113,7.4486351,4204173
2011-12-26,7.33686209,7.55180883,7.33686209,7.49449015,565604
2011-12-27,7.46582985,7.5718708,7.46582985,7.52028418,1204831
2011-12-28,7.53461409,7.63778782,7.45150089,7.55754089,1974206
2011-12-29,7.62059212,7.79255009,7.33686209,7.33686209,12236031
2012-01-02,7.35692406,7.73809719,7.30820322,7.7065711,8526282
2012-01-03,7.68937492,8.02469254,7.59479904,7.93871403,5346895
2012-01-04,7.74096298,7.75529289,7.5718708,7.63778782,4899576
2012-01-05,7.59193277,7.64638615,7.37985182,7.39991283,3135421
2012-01-06,7.43717098,7.62632418,7.36552191,7.45150089,2171347
2012-01-09,7.45150089,7.69510698,7.40851116,7.62918997,2592148
2012-01-10,7.70943689,7.81261206,7.61772585,7.61772585,2405126
2012-01-11,7.61772585,7.69510698,7.42284107,7.44290304,2073998
2012-01-12,7.49449015,7.55180883,7.42857313,7.48016024,1816144
2012-01-13,7.48016024,7.51741791,7.26521301,7.33399582,2834301
2012-01-16,7.33399582,7.33399582,7.33399582,7.33399582,0
2012-01-17,7.33399582,7.33399582,7.33399582,7.33399582,0
2012-01-18,7.61772585,7.84700298,7.60912895,7.80974579,2934442
2012-01-19,7.81547785,8.05048656,7.79541588,8.03042507,2599476
2012-01-20,8.02182674,8.1794548,7.98457003,8.0390234,2899898
2012-01-23,8.03042507,8.03042507,7.84986877,7.88712692,2836743
2012-01-24,7.88139486,7.93011618,7.77535391,7.88139486,1860806
2012-01-26,7.92724991,8.25110435,7.91865206,8.07627964,4996577
2012-01-27,8.17372322,8.29695892,7.93298197,8.110672,4733838
2012-01-30,8.06768227,8.14792919,7.95591021,8.0390234,4179399
2012-01-31,8.07054806,8.41732979,8.05335331,8.22244358,6732120
2012-02-01,8.25683594,8.45458698,8.25683594,8.45458698,7364717
2012-02-02,8.43739223,8.43739223,8.19091892,8.2339077,5558692
2012-02-03,8.28262997,8.5921526,8.26256847,8.44025803,4726161
2012-02-06,8.53196812,8.79850292,8.45745277,8.68386364,5959953
2012-02-07,8.53483391,8.86728573,8.49757671,8.7526474,2349996
2012-02-08,8.7526474,8.80423546,8.52623558,8.53196812,5615915
2012-02-09,8.56922626,8.67813206,8.47464943,8.57782364,2682170
2012-02-10,8.46891689,8.72972012,8.40873241,8.59788513,2963751
2012-02-13,8.59788513,8.59788513,8.59788513,8.59788513,0
2012-02-14,8.56636047,8.80136871,8.46318531,8.71252441,5589048
2012-02-15,8.88161564,9.128088,8.79850292,8.95613098,6294919
2012-02-16,8.9503994,9.04211044,8.85009003,8.99625397,3503186
2012-02-17,9.08223343,9.23412895,8.86728573,9.01344967,6736656
2012-02-23,9.22839737,9.40035534,9.01918221,9.24559307,2959564
2012-02-24,9.24559307,9.40035534,9.17967606,9.31437588,2282305
2012-02-27,9.31151009,9.3430357,9.13668633,9.18540764,2913506
2012-02-28,9.18827438,9.39175701,9.11948967,9.27138615,2268348
2012-02-29,9.27138615,9.3774271,9.02491379,9.0908308,3063194
2012-03-01,9.16821194,9.48633385,9.11375904,9.38889122,5409701
2012-03-02,9.45767403,9.5006628,9.32870579,9.38029289,1582714
2012-03-05,9.38029289,9.45767403,9.18540764,9.24272728,1656686
2012-03-06,9.23699474,9.23699474,8.97045994,9.02777958,3479459
2012-03-07,9.04497528,9.17107773,8.98765564,9.10802746,2516781
2012-03-08,9.31437588,9.78439426,9.23126316,9.57231236,6921585
2012-03-09,9.57231236,9.85890865,9.57231236,9.64396191,3978768
2012-03-12,9.53218937,9.72994041,9.44620991,9.67548656,3572273
2012-03-13,9.67548656,9.9678154,9.45767403,9.7528677,3749526
2012-03-14,9.7528677,9.90189838,9.60383797,9.68408489,1929893
2012-03-15,9.58090973,9.68695068,9.42328167,9.54651928,2646231
2012-03-16,9.52359104,9.88470173,9.47486973,9.78152847,4291054
2012-03-19,9.78152847,9.78152847,9.78152847,9.78152847,0
2012-03-20,9.6640234,9.81305313,9.50352859,9.65829086,3487834
2012-03-21,9.65829086,9.735672,9.5579834,9.629632,2448392
2012-03-22,9.65829086,9.735672,9.5579834,9.629632,2448392
2012-03-23,9.21406746,9.35163307,9.20260334,9.25705719,4402710
2012-03-26,9.25992298,9.59523964,9.18827438,9.52932262,6171400
2012-03-27,9.53218937,9.72420788,9.48060226,9.629632,3947365
2012-03-28,9.629632,9.66975498,9.46053982,9.62103367,2762074
2012-03-29,9.47773647,9.81591892,9.46340561,9.64396191,3802213
2012-03-30,9.65829086,9.74427032,9.52932262,9.629632,4486102
2012-04-02,9.64396191,10.07098961,9.54365253,9.80158901,4315828
2012-04-03,9.87610435,10.19995785,9.87037277,9.99074268,5747808
2012-04-04,9.94202232,10.12830925,9.76146603,9.86464119,3874091
2012-04-05,9.86464119,9.87897015,9.67262077,9.80732059,3294530
2012-04-09,9.64396191,9.82451725,9.58664227,9.70987892,2423967
2012-04-10,9.74140358,9.81018734,9.58664227,9.71561146,3795584
2012-04-11,9.71561146,9.71561146,9.37456131,9.52072525,2825578
2012-04-12,9.52359104,9.52359104,9.18540764,9.25705719,6631630
2012-04-13,9.22553062,9.22553062,8.94753265,9.08509922,5641735
2012-04-16,9.08509922,9.25992298,8.84722424,9.11375904,4435508
2012-04-17,9.15674782,9.67262077,9.15674782,9.57231236,5458551
2012-04-18,9.629632,9.88183594,9.60097218,9.78726006,4733140
2012-04-19,9.77006435,10.09105206,9.70128059,9.81305313,4536696
2012-04-20,9.89903164,10.00793934,9.60097218,9.64969254,2631577
2012-04-23,9.59237385,9.72994041,9.37456131,9.57231236,2561792
2012-04-24,9.46913815,9.51499271,9.2541914,9.40035534,3278480
2012-04-25,9.44620991,9.56084919,9.30004597,9.52072525,2531087
2012-04-26,9.48633385,9.54938507,9.20260334,9.37169456,5501468
2012-04-27,9.35736465,9.47200394,9.17967606,9.31437588,6761778
2012-04-30,9.31437588,9.45480824,9.27138615,9.32870579,2417687
2012-05-02,9.31437588,9.45480824,9.27138615,9.32870579,2417687
2012-05-03,9.29144764,9.71561146,9.29144764,9.48060226,6579989
2012-05-04,9.44334412,9.52645683,8.92173862,9.17394447,10225536
2012-05-07,9.10229492,9.30291176,9.01344967,9.17107773,4170327
2012-05-08,9.14241791,9.15388203,8.93033695,8.99911976,4638582
2012-05-09,8.88448238,8.9503994,8.78417301,8.8414917,6042997
2012-05-10,8.87301826,8.96472931,8.7698431,8.8414917,1720888
2012-05-11,8.85295582,9.07650089,8.75551319,8.94180107,1821029
2012-05-14,8.91887283,8.91887283,8.64374065,8.65233898,3559014
2012-05-15,8.61221504,8.72398758,8.4832468,8.4832468,3917707
2012-05-16,8.4832468,8.4832468,8.4832468,8.4832468,0
2012-05-17,8.49757671,8.59788513,8.28549576,8.36287689,4366073
2012-05-18,8.31128883,8.74118423,8.31128883,8.64087486,5223028
2012-05-21,8.64087486,8.64087486,8.64087486,8.64087486,0
2012-05-22,8.74118423,8.77844143,8.50044346,8.50044346,14447156
2012-05-23,8.54343224,8.5921526,8.05335331,8.35427856,6869595
2012-05-24,8.27689838,8.45172119,8.12213612,8.21384716,5496234
2012-05-25,8.2339077,8.58928776,8.14792919,8.52910233,3849667
2012-05-28,8.56636047,8.67240047,8.42019558,8.56349373,1464080
2012-05-29,8.62367916,8.72398758,8.44312286,8.53483391,2512594
2012-05-30,8.41732979,8.85868835,8.35427856,8.78417301,6778875
2012-05-31,8.78130722,9.17107773,8.67240047,9.17107773,9374862
2012-06-01,9.08509922,9.28285027,8.74118423,8.88448238,4988202
2012-06-04,8.88448238,9.27711773,8.85582161,9.24845886,2572958
2012-06-05,9.24845886,9.49779701,9.14241791,9.14241791,3029349
2012-06-06,9.1452837,9.2541914,8.70965767,8.79277134,5670347
2012-06-08,8.65520477,8.7526474,8.4832468,8.62367916,7165831
2012-06-11,8.72685432,9.022048,8.61221504,8.97045994,4693363
2012-06-12,8.94180107,9.31437588,8.91887283,9.23986053,3501791
2012-06-13,9.22839737,9.22839737,8.95899677,9.0564394,5732455
2012-06-14,8.9675951,9.19114017,8.85582161,8.88448238,5586256
2012-06-15,8.89881134,9.14241791,8.85009003,8.85009003,6930657
2012-06-18,8.82716179,8.85009003,8.66093731,8.7870388,3610655
2012-06-19,8.85582161,8.94753265,8.66666889,8.87015247,4583452
2012-06-20,8.86441994,8.86441994,8.62081337,8.65807056,3063194
2012-06-21,8.65807056,8.72685432,8.55202961,8.55489635,2102260
2012-06-22,8.56922626,8.68386364,8.40586567,8.59788513,3213231
2012-06-25,8.59788513,8.72685432,8.49184513,8.59788513,1130510
2012-06-26,8.69819355,8.69819355,8.44598866,8.52623558,1968274
2012-06-27,8.52336979,8.63227654,8.31702137,8.58355618,3174850
2012-06-28,8.55202961,8.58069038,8.22531033,8.36860847,3102623
2012-06-29,8.60075092,8.82716179,8.56062794,8.69819355,2692638
2012-07-02,8.65520477,8.96472931,8.53483391,8.95613098,2079580
2012-07-03,8.97045994,9.0736351,8.7698431,8.84435844,2912809
2012-07-04,8.84435844,9.11948967,8.83289433,9.01344967,1487458
2012-07-05,9.09942913,9.14815044,8.98765564,9.08509922,2322780
2012-07-06,8.96186256,9.01344967,8.58355618,8.74118423,2701710
2012-07-10,8.82143021,8.82143021,8.50044346,8.51763821,3547151
2012-07-11,8.5376997,8.59501934,8.26830006,8.37147427,3770810
2012-07-12,8.22817612,8.59501934,8.22531033,8.51190662,3628101
2012-07-13,8.59788513,8.62367916,8.23964024,8.28262997,2905132
2012-07-16,8.28262997,8.28262997,8.28262997,8.28262997,0
2012-07-17,8.33994865,8.78417301,8.29409313,8.66093731,2777775
2012-07-18,8.61508083,9.01631641,8.57495785,8.68959618,3223350
2012-07-19,8.79850292,8.9503994,8.72398758,8.88448238,1867086
2012-07-20,8.87301826,9.11089325,8.77557468,8.88448238,2446996
2012-07-23,8.62654495,8.78417301,8.47178268,8.74118423,1596322
2012-07-24,8.74118423,8.99052238,8.66666889,8.94180107,2851049
2012-07-25,8.96472931,9.08509922,8.81569862,8.88448238,1602603
2012-07-26,8.97332573,9.43761158,8.8959446,9.42901421,1662966
2012-07-27,9.42614841,10.14837074,9.03637791,9.75000191,4498315
2012-07-30,9.75000191,9.81305313,9.56944656,9.78152847,2766959
2012-07-31,9.80158901,9.88756847,9.47200394,9.52359104,2680775
2012-08-01,9.57517815,9.59810638,9.17107773,9.17107773,2326618
2012-08-02,9.09656334,9.72134304,8.97619247,9.60383797,4055880
2012-08-03,9.80158901,9.99647522,9.77866173,9.9305582,3303602
2012-08-06,10.02799988,10.34612179,9.89616585,10.07385635,3617982
2012-08-07,10.10251522,10.17416477,9.78726006,9.78726006,1763456
2012-08-08,9.78726006,9.78726006,9.78726006,9.78726006,0
2012-08-09,9.74140358,9.79585838,9.64396191,9.79585838,2440716
2012-08-10,9.74140358,9.79585838,9.64396191,9.79585838,2440716
2012-08-13,9.74140358,9.74140358,9.53505516,9.53792095,3373387
2012-08-14,9.53505516,9.73280621,9.45194244,9.50352859,4101589
2012-08-15,9.53505516,9.58664227,9.39748859,9.45767403,3558665
2012-08-16,9.50926113,9.94202232,9.44334412,9.85890865,4876896
2012-08-17,9.97354698,10.00793934,9.77579594,9.85890865,2937233
2012-08-20,9.85890865,10.07385635,9.63249779,9.98787689,1926054
2012-08-21,9.98787689,9.99074268,9.80732059,9.88756847,3085177
2012-08-22,9.90476418,10.29166889,9.76146603,10.27447319,4863288
2012-08-23,10.19995785,10.41490459,10.07385635,10.343256,3421189
2012-08-24,10.2888031,10.65851212,10.17129898,10.5381422,2161926
2012-08-27,10.541008,10.541008,10.27447319,10.46076107,2541206
2012-08-28,10.48941994,10.53240967,10.23148441,10.2716074,2462349
2012-08-29,10.33465767,10.36905003,10.07098961,10.14837074,8278546
2012-08-30,10.17989635,10.31746292,10.14263916,10.26874065,3814426
2012-08-31,10.29166889,10.39197826,10.17702961,10.28020477,3768717
2012-09-03,10.02799988,10.39770985,9.97354698,10.02799988,1737287
2012-09-04,10.0566597,10.30313301,9.92482567,10.04806232,4012963
2012-09-05,10.10251522,10.39770985,9.92482567,9.97068119,2410359
2012-09-06,9.94775391,10.23148441,9.87323761,10.15410328,4550304
2012-09-10,10.19422626,10.31746292,9.96208286,10.02513409,2825927
2012-09-11,10.06812382,10.19136047,10.01653671,10.11684513,3027255
2012-09-12,10.2343502,10.44356537,10.11971092,10.3260603,4943191
2012-09-13,10.2716074,10.5381422,10.21142197,10.42063713,3309883
2012-09-14,10.37764835,10.5753994,10.2716074,10.53240967,3876883
2012-09-17,10.53240967,10.79034615,10.53240967,10.67284203,2145527
2012-09-18,10.6097908,10.72729492,10.43496704,10.47509098,3763134
2012-09-19,10.32319546,10.41490459,10.07672215,10.14550495,7443573
2012-09-20,10.08818626,10.29740143,9.9305582,10.28307056,3591813
2012-09-21,10.2888031,10.31173134,10.13977337,10.13977337,2679379
2012-09-24,10.09391785,10.23148441,10.08818626,10.21715355,3633335
2012-09-25,10.17702961,10.30886459,10.11111259,10.13404083,3178339
2012-09-26,10.11971092,10.343256,9.9305582,10.11111259,3114835
2012-09-27,10.15983486,10.28593731,10.00507259,10.16270065,2827322
2012-09-28,10.11111259,10.27447319,10.06525803,10.17989635,4005984
2012-10-01,10.15123653,10.343256,10.09105206,10.26014328,2889431
2012-10-02,10.22002029,10.31746292,10.17129898,10.20855618,2698570
2012-10-03,10.26300907,10.31746292,10.17702961,10.31746292,2076091
2012-10-04,10.3059988,10.3059988,9.80158901,9.88756847,3540172
2012-10-05,9.89043427,10.2888031,9.89043427,10.14550495,4251626
2012-10-08,10.09678364,10.42923546,10.07385635,10.42063713,2816157
2012-10-09,10.40344143,10.48941994,10.24581432,10.31459713,3703817
2012-10-10,10.36905003,10.4120388,10.12257671,10.17702961,5085552
2012-10-11,10.17416477,10.37478161,9.98787689,10.26587486,5624289
2012-10-15,10.20282364,10.34612179,10.19422626,10.23148441,4309896
2012-10-16,10.23148441,10.31746292,10.03086567,10.05952644,4571239
2012-10-17,10.1082468,10.1082468,9.735672,9.79872322,6402038
2012-10-18,9.80158901,9.95921707,9.60670376,9.91622829,5666160
2012-10-19,9.89043427,9.94202232,9.74140358,9.94202232,2983291
2012-10-22,9.93628979,10.08818626,9.81591892,10.00507259,1350331
2012-10-23,9.98214531,10.14550495,9.92482567,10.03659821,1943501
2012-10-24,10.05952644,10.06525803,9.83311462,9.83311462,1981533
2012-10-25,9.88470173,9.95348454,9.75000191,9.80158901,2794175
2012-10-26,9.80158901,9.933424,9.70128059,9.88183594,1792766
2012-10-29,9.91622829,9.99074268,9.6984148,9.84171295,810199
2012-10-30,9.88470173,10.03086567,9.74713612,10.0022068,1164704
2012-10-31,9.9678154,10.23148441,9.94775391,10.20282364,2719854
2012-11-01,10.18849373,10.46076107,10.0022068,10.46076107,3027604
2012-11-05,10.45216274,10.45216274,10.11684513,10.3604517,2390820
2012-11-06,10.37191582,10.57253265,10.24868011,10.48941994,5431684
2012-11-07,10.54673958,10.54673958,10.43496704,10.48368835,3754062
2012-11-08,10.52667809,10.61265659,10.08818626,10.08818626,2863610
2012-11-09,10.13690662,10.40057468,10.02513409,10.18562794,1874414
2012-11-12,10.13404083,10.22288609,9.87897015,9.87897015,2727879
2012-11-13,9.88756847,10.38911247,9.88756847,10.343256,2649023
2012-11-14,10.34039021,10.343256,10.11684513,10.17416477,1673085
2012-11-16,10.07958794,10.31746292,10.039464,10.30886459,3186364
2012-11-19,10.25441074,10.50088406,10.20855618,10.46076107,621082
2012-11-21,10.59832668,10.59832668,10.21428776,10.35185432,1946990
2012-11-22,10.40344143,10.44356537,10.16270065,10.27447319,771468
2012-11-23,10.31746292,10.49515247,10.19709206,10.31459713,1834288
2012-11-26,10.27447319,10.40917301,10.21715355,10.2888031,2358719
2012-11-27,10.35758591,10.45789528,10.14550495,10.34039021,2092491
2012-11-28,10.22575188,10.43210125,10.11684513,10.38911247,2532483
2012-11-29,10.37191582,10.45789528,10.21428776,10.35472012,2572958
2012-11-30,10.38911247,10.42923546,10.14837074,10.18849373,5037052
2012-12-03,10.25727654,10.48941994,10.10251522,10.46076107,2252646
2012-12-04,10.47509098,10.47509098,10.24868011,10.37478161,2311265
2012-12-05,10.40057468,10.42923546,10.26300907,10.27447319,1361148
2012-12-06,10.27447319,10.3059988,10.11684513,10.23148441,2411755
2012-12-07,10.2343502,10.44643116,10.19136047,10.37478161,2728926
2012-12-10,10.29453468,10.57253265,10.29453468,10.52954388,2414895
2012-12-11,10.5753994,10.5753994,10.30886459,10.47509098,2983640
2012-12-12,10.43210125,10.5753994,10.33752441,10.51807976,4008776
2012-12-13,10.48941994,10.69003773,10.40630722,10.61552334,3231375
2012-12-14,10.61838913,10.75308895,10.59832668,10.59832668,1465127
2012-12-17,10.60692501,10.73302746,10.5753994,10.647048,1722981
2012-12-18,10.69003773,10.78748035,10.51234818,10.74735737,1810561
2012-12-19,10.73875904,10.85626316,10.63558388,10.83333588,2842326
2012-12-20,10.81900597,10.87632465,10.64991379,10.81614017,1376501
2012-12-21,10.67570782,10.7731514,10.62125492,10.74162483,1655988
2012-12-26,10.75022316,10.78174782,10.64418221,10.70436668,1717747
2012-12-27,10.74449062,10.97663403,10.73589325,10.82760429,1456055
2012-12-28,10.88492298,10.9680357,10.6642437,10.72442913,1833590
2013-01-02,11.00529289,11.11993217,10.85339737,11.04828262,1720190
2013-01-03,10.97663403,11.14286041,10.83047009,10.97663403,1590390
2013-01-04,10.94510841,11.03395271,10.77601719,11.02248859,1650056
2013-01-07,10.90785122,10.97663403,10.74735737,10.7731514,1610977
2013-01-08,10.79321194,10.87632465,10.60405922,10.77601719,1423954
2013-01-09,10.65851212,10.81614017,10.5753994,10.61838913,3823846
2013-01-10,10.60405922,10.7731514,10.53240967,10.57253265,2123196
2013-01-11,10.50374985,10.62698555,10.343256,10.37478161,6084170
2013-01-14,10.52954388,10.53240967,10.20282364,10.31746292,4223363
2013-01-15,10.52954388,10.53240967,10.20282364,10.33179188,3540870
2013-01-16,10.26014328,10.31459713,10.13117504,10.16270065,4378285
2013-01-17,10.19422626,10.38624573,10.15696907,10.18849373,5917035
2013-01-18,10.26014328,10.3059988,10.06525803,10.15983486,5578580
2013-01-21,10.21715355,10.343256,10.18849373,10.22002029,1457800
2013-01-22,10.26014328,10.5753994,10.25154495,10.54673958,5265596
2013-01-23,10.26014328,10.71869659,10.25154495,10.67284203,3614144
2013-01-24,10.64991379,10.73016071,10.38337994,10.43210125,5028678
2013-01-28,10.4693594,10.647048,10.24581432,10.37478161,5314794
2013-01-29,10.33465767,10.50374985,10.32032871,10.48941994,5911104
2013-01-30,10.48941994,10.49801826,10.26014328,10.37191582,2516083
2013-01-31,10.3604517,10.56393528,10.34612179,10.48941994,3893980
2013-02-01,10.55820274,10.62125492,10.37191582,10.46076107,4772219
2013-02-04,10.51521397,10.57826519,10.29453468,10.57253265,3490625
2013-02-05,10.60119343,10.86199474,10.58399677,10.83047009,7545808
2013-02-06,10.83333588,11.06261253,10.81614017,11.03108692,5231053
2013-02-07,11.00242805,11.04828262,10.75595474,10.97376823,12425496
2013-02-08,10.8963871,10.92504692,10.70436668,10.74735737,4223712
2013-02-13,10.77601719,11.07980824,10.76455307,10.99096394,5490303
2013-02-14,10.94797421,11.02535534,10.80181026,10.86486053,3358732
2013-02-15,10.88492298,10.88492298,10.66137791,10.76168728,8368917
2013-02-18,10.71296501,10.81040764,10.5753994,10.69003773,2442111
2013-02-19,10.74449062,10.86199474,10.46362686,10.53527641,3585183
2013-02-20,10.49515247,10.67570782,10.43496704,10.46076107,3885606
2013-02-21,10.39197826,10.51234818,10.31746292,10.34612179,4638233
2013-02-22,10.40057468,10.59546089,10.28307056,10.54673958,4436555
2013-02-25,10.50374985,10.73875904,10.44929695,10.56393528,2416640
2013-02-26,10.46076107,10.8448,10.43210125,10.81900597,3453639
2013-02-27,10.77601719,11.01102543,10.71869659,10.89065456,8256215
2013-02-28,10.78174782,10.92218113,10.73589325,10.75882053,2868495
2013-03-01,10.68144035,10.92218113,10.64418221,10.7731514,2844071
2013-03-04,10.77888203,10.90498543,10.77601719,10.86199474,2022357
2013-03-05,10.86199474,11.10560226,10.72156334,10.74735737,8306809
2013-03-06,10.67857361,10.74449062,10.54673958,10.63271809,6216411
2013-03-07,10.69290447,10.85339737,10.4693594,10.48082161,6827027
2013-03-08,10.43210125,10.66711044,10.37478161,10.56966686,3588672
2013-03-11,10.5925951,10.71869659,10.54387379,10.62698555,2314755
2013-03-12,10.51807976,10.83333588,10.50661564,10.60405922,4189518
2013-03-13,10.64991379,10.74735737,10.56393528,10.61838913,2283351
2013-03-14,10.73302746,10.76168728,10.47509098,10.55247116,10962811
2013-03-15,10.66711044,10.67570782,10.54387379,10.54387379,4055182
2013-03-18,10.56966686,10.74735737,10.44356537,10.63844967,3116580
2013-03-19,10.56966686,10.74735737,10.44356537,10.5381422,2038059
2013-03-20,10.54673958,10.5925951,10.38911247,10.38911247,2408964
2013-03-21,10.46076107,10.5925951,10.4120388,10.43210125,4499361
2013-03-22,10.51234818,10.62412071,10.40630722,10.48941994,3559712
2013-03-25,10.50088406,10.51234818,10.29453468,10.31746292,3440729
2013-03-26,10.30026722,10.56966686,10.29453468,10.46076107,2741138
2013-03-27,10.31746292,10.54387379,10.31746292,10.48941994,1858712
2013-03-28,10.55820274,10.56966686,10.33179188,10.34612179,3049586
2013-04-01,10.31746292,10.4693594,10.20855618,10.26014328,3086223
2013-04-02,10.31746292,10.4693594,10.20282364,10.20282364,2016076
2013-04-03,10.19422626,10.30886459,10.08818626,10.14550495,2029336
2013-04-04,10.10251522,10.26300907,10.05952644,10.20282364,2091095
2013-04-05,10.15983486,10.24581432,10.06525803,10.17416477,3110997
2013-04-08,10.2343502,10.29740143,10.13404083,10.19995785,2021310
2013-04-09,10.08818626,10.21142197,10.06239223,10.1082468,5905870
2013-04-10,10.13117504,10.19136047,9.95061874,9.98787689,5026584
2013-04-11,10.04519558,10.04519558,9.63536358,9.7528677,6898905
2013-04-12,9.74713612,9.79299164,9.52932262,9.70128059,3467596
2013-04-15,9.55511665,9.85317707,9.51499271,9.51499271,3625309
2013-04-16,9.56658077,9.735672,9.53505516,9.59810638,3679043
2013-04-17,9.59810638,9.8044548,9.41181946,9.54365253,7616639
2013-04-18,9.60670376,9.76146603,9.50926113,9.51785946,2809527
2013-04-19,9.52932262,9.97354698,9.52932262,9.97068119,4885619
2013-04-22,9.84457874,10.08245373,9.74427032,9.93628979,3175199
2013-04-23,9.92482567,10.2888031,9.91049576,10.28593731,3175548
2013-04-24,10.17702961,10.47222519,10.15123653,10.37764835,4065650
2013-04-25,10.49228573,10.50088406,10.08245373,10.09678364,2597382
2013-04-26,10.09678364,10.09678364,10.09678364,10.09678364,0
2013-04-29,10.20282364,10.23148441,10.09678364,10.11971092,1778809
2013-04-30,10.12544346,10.2716074,10.0022068,10.22575188,3084828
2013-05-02,10.08102131,10.22546482,10.035882,10.08403015,7923210
2013-05-03,10.22847366,10.22847366,9.97569656,9.97870636,4854681
2013-05-06,10.035882,10.0599556,9.88541889,9.90949345,5400663
2013-05-07,9.92152977,10.12014103,9.91250229,10.11111259,11081793
2013-05-08,10.11111259,10.2104187,10.0599556,10.12916946,11449658
2013-05-09,10.11111259,10.19236279,9.87037277,9.99977112,4823112
2013-05-10,9.97569656,10.10810375,9.9305582,10.06898403,4349574
2013-05-13,10.01782608,10.13819695,10.01782608,10.10810375,5884170
2013-05-14,10.11111259,10.11111259,9.89444733,10.0057888,6557425
2013-05-15,9.99074268,10.09305763,9.95764065,9.99676132,3819211
2013-05-16,9.99676132,10.04791927,9.90949345,9.99074268,19490173
2013-05-17,10.02685356,10.09004879,9.99074268,10.05092812,2013784
2013-05-20,10.02685356,10.19537258,9.89745617,10.15625191,2288602
2013-05-21,10.20139122,10.58958626,10.08703899,10.52639103,16947687
2013-05-22,10.52639103,10.83032608,10.44814968,10.68287277,4898546
2013-05-23,10.64977074,10.74606705,10.5655117,10.57754898,1391371
2013-05-24,10.53240967,10.68287277,10.37592793,10.59560394,1727002
2013-05-27,10.61967754,10.70092773,10.48727131,10.50532627,971667
2013-05-28,10.59560394,10.62870598,10.43009472,10.45116043,1687790
2013-05-29,10.4120388,10.42708588,10.18032646,10.23148441,2347088
2013-05-31,10.19537258,10.24652958,9.79514122,9.87338161,5452503
2013-06-03,9.86134529,10.01481724,9.70787239,9.82523441,4487149
2013-06-04,9.87639141,10.12615967,9.87639141,10.11412334,4818127
2013-06-05,10.14722443,10.31875229,9.73495579,9.7800951,3769365
2013-06-06,9.75903034,9.89444733,9.63264084,9.84027958,2591666
2013-06-07,9.74398422,9.87037277,9.61458492,9.61458492,2223802
2013-06-10,9.61759472,9.76504803,9.49421501,9.50926113,2108491
2013-06-11,9.48819733,9.67778015,9.34676075,9.35879803,5638263
2013-06-12,9.4761591,9.62060356,9.28356743,9.36481667,3820540
2013-06-13,9.35879803,9.64467812,9.35278034,9.56041908,3074842
2013-06-14,9.67176056,9.67477131,9.35879803,9.36481667,3502522
2013-06-17,9.40694618,9.52731705,9.19629765,9.23842812,4598472
2013-06-18,9.20833492,9.36782646,9.1180582,9.23842812,5762878
2013-06-19,9.26551056,9.49120617,8.77801132,8.95555687,5827013
2013-06-20,8.817132,9.05787182,8.68472385,9.05787182,6884416
2013-06-21,8.90439987,9.04583454,8.79606724,8.88032627,5472441
2013-06-24,8.9675951,9.08495617,8.78402996,8.98264122,8760625
2013-06-25,9.01574326,9.3738451,9.01273346,9.3738451,5806410
2013-06-26,9.33773327,9.81921482,9.32870579,9.59352112,6268650
2013-06-27,9.61458492,9.80115986,9.55139065,9.72592831,3836823
2013-06-28,9.64768696,9.77106667,9.45208454,9.52129841,5675149
2013-07-01,9.64768696,9.77106667,9.11504841,9.17222404,4254201
2013-07-02,9.1180582,9.31967831,8.88935375,9.02777958,4392109
2013-07-03,8.94953918,9.30764103,8.87731743,9.10301113,5995161
2013-07-04,9.1180582,9.4761591,9.1180582,9.26852131,3413131
2013-07-05,9.1932888,9.25046539,9.04583454,9.12708473,3970743
2013-07-08,9.03379822,9.42199326,9.03379822,9.34676075,3664355
2013-07-10,9.34375191,9.55139065,9.25949287,9.31365871,2455420
2013-07-11,9.43402958,9.64166927,9.43402958,9.58449268,2518227
2013-07-12,9.50926113,9.5754652,9.32870579,9.32870579,2344430
2013-07-15,9.44004822,9.56944656,9.28958511,9.38889122,4732060
2013-07-16,9.44305801,9.50625229,9.25347424,9.32870579,3648737
2013-07-17,9.49421501,9.64467812,9.47916889,9.50926113,5889155
2013-07-18,9.42199326,9.77106667,9.42199326,9.61458492,6637179
2013-07-19,9.59051132,9.68680763,9.55440044,9.66875172,1951642
2013-07-22,9.50023365,9.82523441,9.50023365,9.66273403,4907850
2013-07-23,9.75000191,9.90046501,9.68078899,9.87338161,2863494
2013-07-24,9.86435413,9.97870636,9.629632,9.65972424,3296159
2013-07-25,9.58750153,9.87639141,9.58750153,9.71389103,2041697
2013-07-26,9.71389103,9.71389103,9.71389103,9.71389103,0
2013-07-29,9.71389103,9.81018734,9.65671539,9.76805782,1077008
2013-07-30,9.71990967,9.9305582,9.67477131,9.84027958,3510829
2013-07-31,9.76203918,9.88842773,9.63564968,9.7800951,2371014
2013-08-01,9.8553257,9.95162296,9.64467812,9.78912258,1728996
2013-08-02,9.78912258,9.8553257,9.50625229,9.58449268,1687790
2013-08-05,9.58449268,9.74097443,9.48217773,9.64467812,2311199
2013-08-06,9.68981743,9.73796463,9.56944656,9.71990967,4926127
2013-08-07,9.67477131,9.73796463,9.67477131,9.71088219,2041033
2013-08-08,9.68680763,9.86736298,9.66875172,9.84629822,1895482
2013-08-09,9.86134529,10.08703899,9.79514122,9.9305582,3611519
2013-08-12,10.02986336,10.16528034,9.90046501,9.90046501,3644085
2013-08-13,10.01782608,10.09305763,9.94560432,10.06597424,3107740
2013-08-14,10.06597424,10.12615967,9.77106667,9.78912258,5711370
2013-08-15,9.73796463,9.85231686,9.53935432,9.5995388,4881266
2013-08-16,9.5995388,9.62361336,9.41898441,9.46412182,5986853
2013-08-19,9.38889122,9.6055584,9.35278034,9.40393734,2829599
2013-08-20,9.35578918,9.42801094,9.14815044,9.17824268,3322079
2013-08-21,9.07592773,9.40694618,9.07291889,9.32870579,3972737
2013-08-22,9.32870579,9.44305801,9.2444458,9.35879803,3699912
2013-08-23,9.31064987,9.70185375,9.31064987,9.58148384,2380319
2013-08-26,9.52731705,9.76805782,9.50324345,9.629632,2333131
2013-08-27,9.52731705,9.6266222,9.23541927,9.27453899,2713956
2013-08-28,9.34074306,9.47315025,9.16018677,9.16620636,3054903
2013-08-29,9.223382,9.5754652,9.16620636,9.31365871,3392528
2013-08-30,9.223382,9.5754652,9.16620636,9.4761591,4384134
2013-09-02,9.47916889,9.7800951,9.43402958,9.5995388,2448442
2013-09-03,9.54236317,9.9305582,9.54236317,9.65972424,3241992
2013-09-04,9.629632,9.68680763,9.43402958,9.59352112,3125685
2013-09-05,9.629632,9.70787239,9.45810413,9.57245636,3068860
2013-09-06,9.62060356,9.80717754,9.57245636,9.68981743,2941586
2013-09-09,9.70185375,10.05393696,9.69583511,9.9305582,4187740
2013-09-10,9.87338161,10.16828918,9.84328938,9.99074268,3927211
2013-09-11,9.9305582,10.08102131,9.74699306,9.74699306,3977057
2013-09-12,9.82222366,9.97268677,9.75602055,9.81018734,2567408
2013-09-13,9.81018734,9.93958569,9.81018734,9.87037277,4382140
2013-09-16,9.93657589,9.99375153,9.84027958,9.86435413,3686620
2013-09-17,9.91852093,9.99375153,9.89444733,9.94560432,2399925
2013-09-18,9.87338161,10.390975,9.87338161,10.09606743,6170952
2013-09-19,10.14421463,10.28264141,10.09606743,10.15625191,6322152
2013-09-20,10.11713219,10.22847366,9.92754841,9.92754841,2795371
2013-09-23,10.11713219,10.22847366,9.92754841,10.08102131,2969168
2013-09-24,10.11713219,10.22847366,9.92754841,10.14120579,4992589
2013-09-25,10.12314987,10.2104187,9.9817152,10.12916946,2275974
2013-09-26,10.09004879,10.23449326,9.96666908,10.15625191,3705894
2013-09-27,10.14421463,10.24953938,9.99676132,10.14120579,3022669
2013-09-30,10.14421463,10.24953938,9.90949345,9.90949345,2967839
2013-10-01,9.96065044,10.07801056,9.81620598,9.95463181,1606042
2013-10-02,9.95463181,10.13518715,9.9305582,9.98773384,1162744
2013-10-03,9.97569656,10.02685356,9.81620598,9.91551113,2558768
2013-10-04,9.96065044,9.97268677,9.82824326,9.85833454,2902374
2013-10-07,9.85231686,10.10810375,9.77106667,10.02083588,3561008
2013-10-08,10.00277996,10.22245598,10.00277996,10.1863451,2926633
2013-10-09,10.17430782,10.55949306,10.10208607,10.442132,4810817
2013-10-10,10.48727131,10.48727131,10.14421463,10.29166889,4503764
2013-10-11,10.29768658,10.60463238,10.29467773,10.51736259,3191814
2013-10-14,10.49328899,10.70995617,10.48426247,10.62268829,4229611
2013-10-15,10.61967754,10.68287277,10.51435375,10.57754898,6749832
2013-10-16,10.75509453,11.0500021,10.60463238,10.86342812,5974226
2013-10-17,10.75208569,10.91759491,10.71597481,10.797225,2721931
2013-10-18,10.85741043,10.89352131,10.67384529,10.70393753,3327063
2013-10-21,10.7731514,10.95972538,10.68588161,10.848382,2678731
2013-10-22,10.89051247,11.01088238,10.77014065,10.92963219,2884429
2013-10-23,10.93865967,10.9476881,10.71898365,10.75810432,3293500
2013-10-24,10.71898365,10.82731724,10.60162258,10.75810432,2139728
2013-10-25,10.83333588,10.86944675,10.75810432,10.7731514,1546891
2013-10-28,10.76111412,10.9476881,10.76111412,10.83333588,7451665
2013-10-29,10.848382,10.93264103,10.7430582,10.86342812,2570399
2013-10-30,10.91157722,11.03194714,10.848382,10.92361355,3622817
2013-10-31,10.92060375,11.11319733,10.86342812,11.04398441,4702484
2013-11-01,10.73102093,10.80324268,10.32176208,10.32176208,4751001
2013-11-04,10.38495636,10.42708588,10.26759529,10.30671501,2531851
2013-11-05,10.26759529,10.36389065,10.12615967,10.27963161,2218153
2013-11-06,10.22847366,10.35787296,10.03287315,10.10810375,2815974
2013-11-07,10.04189968,10.32477093,9.96065044,10.0118084,2939925
2013-11-08,9.96366024,10.06597424,9.80115986,9.9305582,2822620
2013-11-11,9.97569656,10.11111259,9.89143658,9.95162296,1608036
2013-11-12,9.94560432,10.04491043,9.81620598,9.84629822,2445119
2013-11-13,9.81018734,9.97268677,9.81018734,9.8553257,3809242
2013-11-14,9.86134529,10.18935394,9.83426094,10.08403015,3289845
2013-11-18,10.09606743,10.31574345,10.09606743,10.2615757,3525119
2013-11-19,10.21643734,10.27361298,9.96967793,10.08102131,4219974
2013-11-21,10.08102131,10.2104187,9.99074268,10.0057888,2080577
2013-11-22,9.98773384,10.24352074,9.92453861,10.12014103,1848627
2013-11-25,10.16528034,10.27963161,9.99977112,10.2615757,6068269
2013-11-26,10.23148441,10.2615757,10.11713219,10.2615757,2739543
2013-11-27,10.28264141,10.29166889,10.05092812,10.08102131,2560097
2013-11-28,10.13217831,10.31273365,10.13217831,10.15625191,6572379
2013-11-29,10.20740986,10.29768658,10.16828918,10.16828918,2724257
2013-12-02,10.12014103,10.33078861,10.12014103,10.23148441,4871629
2013-12-03,10.18333626,10.22847366,9.79213238,9.81018734,5193967
2013-12-04,9.87037277,10.05092812,9.64467812,9.66574287,5274386
2013-12-05,9.87037277,10.05092812,9.64467812,9.8553257,5732306
2013-12-06,9.92453861,10.09606743,9.82523441,9.89745617,3971408
2013-12-09,9.85231686,10.06296539,9.84930801,9.97870636,3358632
2013-12-10,9.98472404,9.99676132,9.84027958,9.8553257,3144626
2013-12-11,9.85231686,9.90949345,9.69282627,9.71389103,1907113
2013-12-12,9.71389103,9.86435413,9.71389103,9.7770853,4708466
2013-12-13,9.81620598,10.03287315,9.69884491,9.71389103,6713278
2013-12-16,9.74097443,9.97569656,9.73194695,9.82824326,2782743
2013-12-17,9.87639141,9.88842773,9.72592831,9.75903034,4058472
2013-12-18,9.79514122,10.02083588,9.76203918,9.90046501,6666755
2013-12-19,9.84930801,10.0118084,9.84027958,9.84027958,3985365
2013-12-20,9.84027958,10.04491043,9.84027958,9.87037277,6833573
2013-12-23,9.87338161,10.09606743,9.87338161,9.93958569,3484245
2013-12-26,9.96065044,10.02083588,9.9305582,9.94259453,2282288
2013-12-27,9.97268677,10.035882,9.94861317,9.97268677,1649907
2013-12-30,10.01481724,10.13819695,9.99074268,10.01198784,2878448
2014-01-02,10.05694675,10.08102131,9.78912258,9.8553257,5171370
2014-01-03,9.84629822,10.05694675,9.84629822,10.05092812,5403653
2014-01-06,10.03287315,10.08102131,9.80115986,9.84328938,4941746
2014-01-07,9.92152977,9.96065044,9.75000191,9.7770853,2849537
2014-01-08,9.75602055,9.90046501,9.62361336,9.81018734,2904368
2014-01-09,9.75000191,9.81018734,9.29861259,9.40393734,6276293
2014-01-10,9.40393734,9.62361336,9.30463219,9.50926113,9868538
2014-01-13,9.50926113,9.62060356,9.3738451,9.3738451,2674743
2014-01-14,9.44305801,9.51828861,9.33171463,9.40393734,2929623
2014-01-15,9.47916889,9.47916889,9.35278034,9.38889122,3697254
2014-01-16,9.41296482,9.53935432,9.30764103,9.3738451,3834829
2014-01-17,9.3738451,9.41296482,9.30764103,9.3738451,12855319
2014-01-20,9.32569599,9.48518658,9.31967831,9.32870579,1494054
2014-01-21,9.3979187,9.53333473,9.35278034,9.41597366,4985610
2014-01-22,9.47315025,9.5754652,9.46412182,9.53935432,5471776
2014-01-23,9.54236317,9.65069675,9.52129841,9.53935432,8735037
2014-01-24,9.53333473,9.55139065,9.28356743,9.29861259,8881252
2014-01-27,9.26852131,9.38588238,9.23842812,9.28356743,6494287
2014-01-28,9.36481667,9.46111298,9.34375191,9.43402958,6333782
2014-01-29,9.48518658,9.48518658,9.16319561,9.1993084,6301549
2014-01-30,9.27153015,9.31064987,9.16620636,9.21134472,11325375
2014-01-31,9.15717793,9.27754784,9.1180582,9.17824268,7060207
2014-02-03,9.17824268,9.32569599,8.99467754,9.02777958,13871183
2014-02-04,9.06088161,9.0699091,8.93148327,9.02777958,4586509
2014-02-05,9.02777958,9.1180582,8.99768734,9.0428257,9050397
2014-02-06,9.11504841,9.17824268,8.98865891,9.13611317,7380219
2014-02-07,9.10301113,9.40092754,9.10301113,9.25347424,5452170
2014-02-10,9.25347424,9.58449268,9.20833492,9.55740929,7799591
2014-02-11,9.61759472,9.97268677,9.54537201,9.87037277,8269807
2014-02-12,9.87338161,10.05393696,9.73495579,9.8553257,3978054
2014-02-13,9.75903034,9.81319714,9.46412182,9.46412182,5907764
2014-02-14,9.48217773,9.65972424,9.38889122,9.629632,16380770
2014-02-17,9.70486259,9.77407646,9.37986279,9.37986279,1025168
2014-02-18,9.37986279,9.61759472,9.36481667,9.55440044,3255949
2014-02-19,9.59652996,9.59652996,9.45509529,9.58449268,3620823
2014-02-20,9.50926113,9.62361336,9.46111298,9.58449268,5634940
2014-02-21,9.56944656,9.71689987,9.53935432,9.68981743,3775678
2014-02-24,9.6537056,9.8041687,9.58750153,9.63866043,1370436
2014-02-25,9.56944656,9.65069675,9.55139065,9.58148384,3362620
2014-02-26,9.58148384,9.70486259,9.44004822,9.50324345,3133993
2014-02-27,9.61759472,9.629632,9.46412182,9.51828861,2419531
2014-02-28,9.61458492,9.65671539,9.33773327,9.37685394,4387457
2014-03-05,9.33171463,9.45208454,9.15717793,9.23240852,2692023
2014-03-06,9.17824268,9.42199326,9.17824268,9.28657627,7949130
2014-03-07,9.26852131,9.31365871,9.03078938,9.07291889,8248871
2014-03-10,9.02777958,9.25347424,9.02777958,9.03981686,3214743
2014-03-11,9.10301113,9.23541927,9.08796501,9.13310432,1404996
2014-03-12,9.19629765,9.19629765,9.0699091,9.1180582,2367027
2014-03-13,9.17824268,9.20532608,9.12106705,9.16319561,2580368
2014-03-14,9.20532608,9.38889122,9.10301113,9.32870579,2587014
2014-03-17,9.32870579,9.44305801,9.32870579,9.34375191,1328233
2014-03-18,9.3738451,9.51527977,9.32870579,9.43102074,2390953
2014-03-19,9.49421501,9.5995388,9.35278034,9.56944656,1327568
2014-03-20,9.49120617,9.64166927,9.41296482,9.5995388,3607531
2014-03-21,9.53333473,9.68680763,9.48217773,9.48819733,3385549
2014-03-24,9.52731705,9.64768696,9.4490757,9.64768696,3357636
2014-03-25,9.58449268,9.74699306,9.5754652,9.60856724,2414547
2014-03-26,9.73194695,9.82222366,9.43402958,9.50926113,2581033
2014-03-27,9.45208454,9.96967793,9.45208454,9.82523441,11494519
2014-03-28,9.7800951,9.94861317,9.75602055,9.93958569,3914583
2014-03-31,9.9305582,10.05092812,9.87639141,9.96967793,5382053
2014-04-01,10.05092812,10.06898403,9.65671539,9.7800951,2922645
2014-04-02,9.7800951,9.96065044,9.69884491,9.79213238,5843961
2014-04-03,9.89745617,9.9305582,9.71990967,9.90046501,2522214
2014-04-04,10.0057888,10.19236279,9.90347385,10.05092812,3809242
2014-04-07,10.15324306,10.48727131,10.09305763,10.38495636,4717771
2014-04-08,10.50231743,10.75509453,10.12615967,10.23148441,5140798
2014-04-09,10.15926075,10.28866005,9.99375153,9.99375153,3292836
2014-04-10,9.99074268,10.17731667,9.93958569,10.07801056,1823371
2014-04-11,10.05694675,10.31574345,9.96967793,10.23148441,6393265
2014-04-14,10.21342754,10.53541946,10.21342754,10.36991024,3895974
2014-04-15,10.25856686,10.35185432,10.14421463,10.15625191,2641845
2014-04-16,10.34884453,10.51134491,10.23148441,10.39699268,4548294
2014-04-17,10.28264141,10.67384529,10.25254917,10.49028015,3475605
2014-04-22,10.42407608,10.65879917,10.4120388,10.50231743,1614350
2014-04-23,10.442132,10.53240967,10.390975,10.42106724,2093870
2014-04-24,10.36389065,10.57153034,10.36389065,10.56250191,2910682
2014-04-25,10.47824287,10.52338219,10.36991024,10.36991024,2596983
2014-04-28,10.35787296,10.4180584,10.14120579,10.14120579,3000405
2014-04-29,10.16528034,10.30972481,10.11412334,10.20139122,2707310
2014-04-30,10.13819695,10.32477093,10.01782608,10.035882,4225291
2014-05-02,9.96065044,10.31574345,9.94560432,10.15625191,4123937
2014-05-05,10.14421463,10.32477093,10.12615967,10.23148441,2450436
2014-05-06,10.2615757,10.37893677,10.17430782,10.2375021,2038707
2014-05-07,10.17129898,10.32777977,10.13819695,10.13819695,2861500
2014-05-08,10.19838238,10.40301228,10.13518715,10.35185432,3674657
2014-05-09,10.49930763,10.52939987,10.33078861,10.45416927,2042694
2014-05-12,10.53240967,10.8212986,10.40902996,10.76111412,2600639
2014-05-13,10.80324268,11.10416889,10.75810432,11.02893829,7469277
2014-05-14,11.02893829,11.21551228,11.02893829,11.11921501,2417205
2014-05-15,11.15833569,11.16736412,11.02893829,11.10416889,1512331
2014-05-16,11.10416889,11.25162315,11.10416889,11.23958588,2819962
2014-05-19,11.19444656,11.19444656,10.96875191,10.98680782,2546805
2014-05-20,11.0500021,11.09514141,10.77916908,10.77916908,4082398
2014-05-21,10.83634472,11.08310413,10.75509453,10.96875191,2984786
2014-05-22,10.87847519,11.14027977,10.87847519,11.05602074,1500701
2014-05-23,11.00185394,11.00185394,10.70393753,10.73402977,4473192
2014-05-26,10.71296501,10.89352131,10.71296501,10.78518772,1861254
2014-05-27,10.78518772,10.89051247,10.61365986,10.71296501,1912430
2014-05-28,10.73703861,10.90856743,10.73703861,10.83333588,1853944
2014-05-29,10.94467831,11.04398441,10.7731514,10.80023384,1445870
2014-05-30,10.797225,10.89953899,10.60463238,10.68287277,3822202
2014-06-02,10.70995617,10.70995617,10.30370617,10.56852055,4111309
2014-06-03,10.52338219,10.77014065,10.44514084,10.6678257,3246645
2014-06-04,10.62569714,10.78819656,10.62569714,10.75509453,1913759
2014-06-05,10.8182888,10.90856743,10.80023384,10.81527996,1196639
2014-06-06,11.10717773,11.15532684,10.93565083,10.97477055,1949648
2014-06-09,11.03796482,11.19143772,10.98379898,11.13727093,3082817
2014-06-10,11.13727093,11.18842793,10.98981667,11.15231705,4570891
2014-06-11,11.1493082,11.36898422,11.10416889,11.31481743,2604959
2014-06-13,11.37199306,11.37199306,11.01088238,11.04398441,2995420
2014-06-16,11.04097462,11.28472519,11.04097462,11.17338181,1953304
2014-06-17,11.19444656,11.24259472,11.13426208,11.2004652,641021
2014-06-18,11.27268791,11.49537277,11.07106686,11.43518829,4332958
2014-06-20,11.35694695,11.42615986,11.30879879,11.37500286,2510583
2014-06-23,11.42315102,11.42315102,11.15231705,11.17037296,1618670
2014-06-24,11.19444656,11.32083607,11.14629936,11.28472519,4207678
2014-06-25,11.20648384,11.33889103,11.12824345,11.16736412,2346091
2014-06-26,11.23657703,11.23657703,11.07708645,11.10717773,2075925
2014-06-27,11.07407665,11.16435432,10.98680782,11.00486374,1178030
2014-06-30,11.02893829,11.07106686,10.89352131,10.96574306,2240085
2014-07-01,10.97477055,11.11319733,10.73402977,10.76111412,1925390
2014-07-02,10.83333588,10.99583626,10.7731514,10.83333588,2712294
2014-07-03,10.76111412,11.06204033,10.76111412,10.95671463,2027408
2014-07-04,10.95370579,11.03194714,10.89953899,11.01389122,445956
2014-07-07,10.95370579,11.01389122,10.8724556,10.9988451,1243162
2014-07-08,10.93565083,11.07407665,10.93565083,11.04097462,1087975
2014-07-10,11.19143772,11.19143772,10.97778034,11.01990986,2407900
2014-07-11,11.04398441,11.1794014,10.98680782,11.05301189,1211593
2014-07-14,11.12824345,11.33889103,11.05301189,11.29676247,2165980
2014-07-15,11.28472519,11.28472519,11.12523365,11.21551228,2437143
2014-07-16,11.28472519,11.35995579,11.18541908,11.2305584,2191568
2014-07-17,11.21551228,11.26967812,10.98680782,11.04398441,2323494
2014-07-18,11.28171635,11.34490967,11.11921501,11.17639065,2506928
2014-07-21,11.28472519,11.33287334,11.17037296,11.1794014,2625562
2014-07-22,11.18842793,11.32384491,11.13426208,11.23958588,3274559
2014-07-23,11.17338181,11.31481743,11.17338181,11.31481743,1337205
2014-07-24,11.35694695,11.46829033,11.28171635,11.29375267,1703076
2014-07-25,11.23356724,11.33889103,11.23356724,11.26967812,786239
2014-07-28,11.34490967,11.4050951,11.15833569,11.15833569,1449858
2014-07-29,11.15833569,11.21551228,11.11319733,11.14629936,3247974
2014-07-30,11.2305584,11.2305584,10.83333588,10.98379898,1342190
2014-07-31,10.80926228,10.9717617,10.75810432,10.86944675,5137475
2014-08-01,10.92662334,11.04398441,10.80625153,10.98680782,3345672
2014-08-04,10.9988451,11.13125324,10.9476881,10.96875191,1458498
2014-08-05,10.92963219,11.08310413,10.86643791,11.01389122,3832835
2014-08-06,11.01389122,11.10717773,10.84236431,10.93264103,1286695
2014-08-07,10.9988451,11.09514141,10.83333588,10.90856743,1794793
2014-08-08,10.83333588,11.07106686,10.75810432,11.03495598,6839222
2014-08-11,11.03495598,11.12222481,10.98078918,11.07407665,3835162
2014-08-12,10.9988451,11.2787056,10.99583626,11.1493082,2835580
2014-08-13,11.23657703,11.43819714,11.11018753,11.254632,4134903
2014-08-14,11.18842793,11.43217945,11.18842793,11.26967812,6400909
2014-08-15,11.36898422,11.43518829,11.12824345,11.26366043,1485747
2014-08-18,11.34190083,11.43518829,11.27569675,11.41111374,3075506
2014-08-19,11.36898422,11.62176228,11.34490967,11.57060432,2844553
2014-08-20,11.61875343,11.79028034,11.53449345,11.73611355,3083814
2014-08-21,11.83240986,11.88356781,11.76620579,11.8113451,2850866
2014-08-22,11.78125286,11.94676208,11.660882,11.92870617,2817968
2014-08-25,11.97685528,12.18750286,11.88657665,11.94375324,3374583
2014-08-26,11.88958645,12.06111431,11.77523422,11.92569733,4999900
2014-08-27,12.01898384,12.20856762,11.92870617,12.14236355,3562669
2014-08-28,12.07014179,12.1965313,11.89861393,11.9618082,2671088
2014-08-29,12.01296616,12.0912056,11.91967869,11.99491024,3127346
2014-09-01,11.8354187,12.18449402,11.74514198,12.11828995,1818719
2014-09-02,12.1965313,12.20254898,11.83240986,11.88958645,2236097
2014-09-03,11.91666889,12.02199268,11.81736374,11.85648441,1836331
2014-09-04,11.8113451,11.92268753,11.74514198,11.80833626,2555445
2014-09-05,11.88958645,11.91666889,11.70602131,11.72106743,2243408
2014-09-08,11.86250305,11.87152958,11.34791946,11.45324326,2725586
2014-09-09,11.31481743,11.5856514,11.09815121,11.1794014,3666017
2014-09-10,11.10116005,11.46227074,11.04398441,11.41412258,2783408
2014-09-11,11.49537277,11.60069656,11.36898422,11.45023441,1509673
2014-09-12,11.29074287,11.33889103,10.95069695,11.00787258,2626226
2014-09-15,11.07407665,11.11319733,10.84236431,10.95370579,3587260
2014-09-16,10.92662334,11.3539381,10.92662334,11.11018753,4317340
2014-09-17,11.13125324,11.33889103,11.0229187,11.04398441,4120281
2014-09-18,10.9988451,11.1794014,10.83333588,10.86342812,2803014
2014-09-19,10.797225,11.28171635,10.797225,11.18241024,3126682
2014-09-22,11.10416889,11.11620617,10.7942152,10.92361355,1860257
2014-09-23,10.848382,11.04398441,10.76713181,10.90254879,2538165
2014-09-24,10.82731724,11.04398441,10.72500229,10.98379898,2612270
2014-09-25,10.90856743,11.05602074,10.63773441,10.68287277,2794042
2014-09-26,10.70995617,11.15532684,10.70995617,10.97778034,2600971
2014-09-29,10.62569714,10.70694733,10.45116043,10.52939987,3478928
2014-09-30,10.37592793,10.67986298,10.37592793,10.65879917,3242989
2014-10-01,10.46018791,10.58055782,10.4120388,10.51134491,5551530
2014-10-02,10.4180584,10.59560394,10.27963161,10.51736259,3266251
2014-10-03,10.52939987,10.67986298,10.33379936,10.56250191,2909353
2014-10-06,11.37500286,11.48634529,11.04398441,11.20648384,3720183
2014-10-07,11.34490967,11.45625305,11.20949268,11.28472519,3362952
2014-10-08,11.4050951,11.51041889,11.01990986,11.28472519,2055322
2014-10-09,11.47129917,11.67592907,11.31782722,11.51041889,2688700
2014-10-10,11.14027977,11.14027977,11.14027977,11.14027977,2539827
2014-10-13,11.55856705,11.85347462,11.31481743,11.57060432,2923642
2014-10-14,11.61574268,11.73310471,11.44421577,11.56458569,4344257
2014-10-15,11.41713238,11.55856705,11.00787258,11.17639065,3523457
2014-10-16,10.87847519,11.08310413,10.60463238,10.92662334,2857845
2014-10-17,10.93565083,11.16435432,10.82731724,11.13426208,3192811
2014-10-20,11.05602074,11.13426208,10.86041927,10.98379898,1687125
2014-10-21,10.45717812,10.45717812,10.45717812,10.45717812,2816971
2014-10-22,10.43009472,10.67986298,10.42708588,10.5925951,1553538
2014-10-23,10.51736259,10.5925951,9.72592831,9.90046501,4371838
2014-10-24,9.82824326,10.59861279,9.76805782,10.29166889,8442606
2014-10-27,9.72592831,10.69190121,9.629632,10.6678257,11342987
2014-10-28,10.62268829,10.92963219,10.34884453,10.49328899,7829499
2014-10-29,10.49930763,10.56852055,10.27662277,10.34884453,3377242
2014-10-30,10.33379936,10.66481686,10.33379936,10.47222519,3116048
2014-10-31,10.47824287,10.95370579,10.47824287,10.74907589,6287924
2014-11-03,10.7430582,10.90856743,10.49629879,10.65277958,2839900
2014-11-04,10.69491005,10.89352131,10.56852055,10.5925951,3623482
2014-11-05,10.44514084,10.71296501,10.30972481,10.30972481,2099187
2014-11-06,10.23449326,10.37592793,9.87037277,10.02083588,2277304
2014-11-07,10.02083588,10.58356667,9.96666908,10.44514084,4643666
2014-11-10,10.51736259,10.63171482,10.02986336,10.11111259,1772196
2014-11-11,10.0057888,10.28866005,10.0057888,10.23449326,1251138
2014-11-12,10.20740986,10.29166889,10.10208607,10.24953938,1725673
2014-11-13,10.20139122,10.37291908,10.02083588,10.08403015,3086473
2014-11-14,9.99074268,10.16828918,9.71990967,9.82523441,4977303
2014-11-17,9.82222366,10.035882,9.76805782,9.93958569,3282534
2014-11-18,9.94259453,10.15023422,9.8553257,10.09606743,3784651
2014-11-19,10.16528034,10.45717812,10.11713219,10.25856686,3607531
2014-11-21,10.40602112,11.21852112,10.30370617,10.78518772,8633683
2014-11-24,11.05301189,11.05301189,10.57754898,10.66180801,2956208
2014-11-25,10.82731724,10.87546539,10.44814968,10.44814968,2816306
2014-11-26,10.51134491,10.71296501,10.51134491,10.68287277,2277304
2014-11-27,10.64074326,10.8243084,10.45116043,10.56250191,1581784
2014-11-28,10.60162258,10.74907589,10.43009472,10.44514084,1779507
2014-12-01,10.40902996,10.49028015,10.08403015,10.12615967,90407413
2014-12-02,10.21643734,10.39398384,10.02384472,10.19236279,77743147
2014-12-03,10.17430782,10.40902996,10.11713219,10.20139122,1820048
2014-12-04,10.32176208,10.35185432,10.07500172,10.29166889,1845304
2014-12-05,10.23148441,10.52939987,10.19537258,10.47523403,2074596
2014-12-08,10.42106724,10.62569714,10.15625191,10.18032646,3833500
2014-12-09,10.19236279,10.49930763,10.16528034,10.47222519,2798694
2014-12-10,10.35787296,10.58958626,10.19537258,10.19537258,2807002
2014-12-11,10.11412334,10.27662277,9.87940025,9.94861317,2230448
2014-12-12,9.99074268,10.02083588,9.82824326,9.92152977,3683962
2014-12-15,9.90347385,9.94259453,9.39490891,9.6055584,4672909
2014-12-16,9.38287163,9.86736298,9.38287163,9.70486259,3251297
2014-12-17,9.71389103,10.08703899,9.54236317,9.82222366,4445611
2014-12-18,9.96065044,10.29166889,9.88241005,10.05694675,2974153
2014-12-19,10.06898403,10.80023384,9.97268677,10.74606705,5745598
2014-12-22,10.76713181,10.92963219,10.39699268,10.92963219,2812983
2014-12-23,10.80926228,11.01690102,10.59560394,10.89051247,2321168
2014-12-26,10.70393753,11.02893829,10.65277958,10.72500229,783581
2014-12-29,10.65578938,11.13426208,10.5655117,11.10717773,1644590
2014-12-30,11.13426208,11.15231705,10.61967754,10.68588161,3089131
2015-01-02,10.38194656,10.85139084,10.38194656,10.56852055,2296245
2015-01-05,10.53240967,10.53240967,10.03287315,10.12916946,3383888
2015-01-06,10.11111259,10.390975,9.91551113,10.33379936,4200700
2015-01-07,10.42407608,10.65578938,10.29768658,10.442132,3665020
2015-01-08,10.53240967,10.56852055,10.15023422,10.26458645,1612688
2015-01-09,10.28866005,10.33078861,10.16227055,10.30069733,2640183
2015-01-12,10.20740986,10.40000153,10.12014103,10.3368082,2847876
2015-01-13,10.31273365,10.46319675,10.28866005,10.36389065,2231445
2015-01-14,10.21944714,10.68287277,10.20139122,10.58657646,2151027
2015-01-15,10.33078861,10.65277958,10.30972481,10.65277958,3116048
2015-01-16,10.56852055,10.92361355,10.53842831,10.83333588,2017107
2015-01-19,10.71898365,10.74907589,10.35486317,10.4150486,982965
2015-01-20,10.35185432,10.71898365,10.35185432,10.68287277,1355815
2015-01-21,10.70995617,11.23657703,10.59560394,11.16736412,3605537
2015-01-22,11.22453976,11.39004898,11.00787258,11.32384491,3420774
2015-01-23,11.04699326,11.25764084,10.81527996,10.85440063,2750510
2015-01-26,10.80324268,11.10416889,10.6678257,11.10416889,1705734
2015-01-27,11.01690102,11.19444656,10.66180801,10.95370579,5452170
2015-01-28,10.95069695,10.95069695,10.62870598,10.67986298,1573808
2015-01-29,10.45416927,10.87847519,10.43912315,10.86342812,3160245
2015-01-30,10.65277958,10.83333588,10.35486317,10.53842831,5097598
2015-02-02,10.5655117,10.73102093,10.49328899,10.58958626,1498707
2015-02-03,10.64676189,10.77014065,10.50231743,10.52939987,2236762
2015-02-04,10.53240967,10.58356667,10.24051189,10.4662056,5013857
2015-02-05,10.28565025,10.61065102,10.28565025,10.59861279,4256860
2015-02-06,10.36389065,10.62268829,10.36389065,10.5925951,3080491
2015-02-09,10.5925951,10.65277958,10.49629879,10.62268829,4882595
2015-02-10,10.50231743,10.68889141,10.17129898,10.17129898,4160158
2015-02-11,10.15625191,10.22546482,9.63564968,9.87338161,3434066
2015-02-12,9.85833454,10.09004879,9.85833454,9.9305582,5142127
2015-02-13,10.01782608,10.34583569,9.97870636,10.33078861,4151518
2015-02-18,10.12916946,10.49328899,10.12314987,10.25555801,2294916
2015-02-19,10.20440006,10.40000153,10.20139122,10.38194656,987285
2015-02-20,10.36991024,10.40602112,10.2104187,10.33981705,1551211
2015-02-23,10.29166889,10.45717812,10.21944714,10.33078861,2854522
2015-02-24,10.43009472,10.47523403,10.25555801,10.33981705,2356725
2015-02-25,10.27662277,10.32777977,10.16828918,10.32777977,3690608
2015-02-26,10.34583569,10.68588161,10.28264141,10.66180801,2797365
2015-02-27,10.5925951,10.69491005,10.40301228,10.53240967,3450349
2015-03-02,10.50532627,10.57453918,10.40000153,10.43611336,2908356
2015-03-03,10.44814968,10.53541946,10.34583569,10.34583569,1755913
2015-03-04,10.31574345,10.34884453,10.09606743,10.18333626,2598313
2015-03-05,10.10509491,10.29467773,10.10509491,10.23148441,1662202
2015-03-06,10.24051189,10.2615757,10.10208607,10.24953938,2224799
2015-03-09,10.08102131,10.27963161,10.08102131,10.12314987,2978473
2015-03-10,10.05092812,10.28866005,9.89745617,9.89745617,2472368
2015-03-11,9.96666908,10.16528034,9.91250229,10.16227055,1760897
2015-03-12,10.16528034,10.27662277,10.02986336,10.02986336,2736220
2015-03-13,9.99074268,10.06597424,9.90347385,9.98472404,2204528
2015-03-16,10.05694675,10.14120579,9.99074268,10.07199287,4229943
2015-03-17,10.05092812,10.31875229,9.90046501,10.2615757,2726916
2015-03-18,10.24953938,10.78217793,10.20740986,10.60162258,3546054
2015-03-19,10.52939987,10.67986298,10.40301228,10.53240967,2193562
2015-03-20,10.68287277,10.7942152,10.52639103,10.53240967,2727580
2015-03-23,10.59560394,10.66481686,10.44514084,10.59861279,1239839
2015-03-24,10.64676189,10.80324268,10.54444695,10.80324268,2626226
2015-03-25,10.76713181,10.92060375,10.67685413,10.69791889,2371014
2015-03-26,10.62870598,10.63171482,10.35486317,10.52338219,2392614
2015-03-27,10.48727131,10.65578938,10.40602112,10.43310356,2079913
2015-03-30,10.48426247,11.06204033,10.45116043,10.95370579,3036294
2015-03-31,10.7731514,11.12222481,10.72801208,11.04398441,3736134
2015-04-01,11.04097462,11.32384491,10.94166946,11.10116005,2726583
2015-04-02,11.21551228,11.4291687,11.13426208,11.2305584,1859261
2015-04-06,11.37500286,11.6368084,11.30278015,11.61574268,1782497
2015-04-07,11.64884472,11.64884472,11.12523365,11.26065063,2428503
2015-04-08,11.31782722,11.73310471,11.31782722,11.55254936,2812651
2015-04-09,11.44421577,11.70602131,11.35092831,11.66991043,2727580
2015-04-10,11.5856514,11.85046577,11.28472519,11.67592907,4902866
2015-04-13,11.67291927,11.71203995,11.29074287,11.45023441,3126349
2015-04-14,11.40810394,11.57963181,11.30879879,11.56157684,3888995
2015-04-15,11.52245617,11.60069656,11.37500286,11.5555582,5184995
2015-04-16,11.5555582,11.66690063,11.41111374,11.57060432,3122694
2015-04-17,11.37500286,11.37500286,11.05602074,11.05902958,2894066
2015-04-20,11.07708645,11.17037296,10.90856743,10.99282742,4197377
2015-04-22,10.95370579,11.203475,10.93264103,11.11018753,6734878
2015-04-23,11.13426208,11.43518829,11.09213161,11.39305782,1539581
2015-04-24,11.43518829,11.43518829,11.04699326,11.08009529,4338608
2015-04-27,11.07407665,11.16435432,10.74907589,10.85139084,2427174
2015-04-28,10.91458607,10.91458607,10.54444695,10.64676189,5563493
2015-04-29,10.47523403,10.5655117,10.38495636,10.47824287,7541388
2015-04-30,10.29166889,10.73402977,10.28264141,10.56852055,3049919
2015-05-04,10.63773441,10.63773441,10.43009472,10.6166687,2848208
2015-05-05,10.56250191,10.58958626,10.42407608,10.48727131,4274805
2015-05-06,10.48727131,10.48727131,10.21342754,10.39398384,3915248
2015-05-07,10.23449326,10.35486317,10.17430782,10.2615757,2481340
2015-05-08,10.37893677,10.51736259,10.2104187,10.51736259,2278633
2015-05-11,10.50231743,10.50231743,10.19236279,10.24352074,5040441
2015-05-12,10.23148441,10.47222519,10.20139122,10.30671501,3542731
2015-05-13,10.25555801,10.49328899,10.23148441,10.45717812,4054485
2015-05-14,10.50231743,10.62268829,10.33981705,10.53240967,2809328
2015-05-15,10.47222519,10.62268829,10.14421463,10.27060413,3941500
2015-05-18,10.35486317,10.42407608,10.15023422,10.27361298,2168639
2015-05-19,10.20440006,10.24953938,9.94861317,10.02083588,6003136
2015-05-20,10.02083588,10.16227055,9.97569656,10.02986336,2093537
2015-05-21,10.02986336,10.03287315,9.71689987,10.02083588,2049340
2015-05-22,9.99074268,10.06296539,9.69884491,9.76504803,2665106
2015-05-25,9.76203918,9.96366024,9.67477131,9.92453861,1247150
2015-05-26,9.85231686,9.86736298,9.56944656,9.60254765,5283690
2015-05-27,9.63264084,9.86435413,9.62060356,9.75903034,3604540
2015-05-28,9.68379784,9.75903034,9.61157608,9.64768696,3232023
2015-05-29,9.63866043,9.67477131,9.54236317,9.58148384,4512737
2015-06-01,9.57847404,9.70486259,9.56944656,9.70486259,2098522
2015-06-02,9.63866043,9.82523441,9.63866043,9.76203918,2960196
2015-06-03,9.83426094,9.83426094,9.70787239,9.7800951,3911260
2015-06-05,9.67477131,9.83426094,9.63564968,9.75000191,3040614
2015-06-08,9.74398422,9.7770853,9.61458492,9.64467812,1888504
2015-06-09,9.69884491,9.75903034,9.58148384,9.75000191,1949981
2015-06-10,9.74097443,10.02685356,9.69884491,9.90949345,5040109
2015-06-11,9.93356705,10.02986336,9.85833454,10.02384472,4024577
2015-06-12,9.89745617,9.96366024,9.88541889,9.93958569,2803679
2015-06-15,9.85833454,9.94861317,9.78310394,9.89745617,1656553
2015-06-16,9.96666908,9.97870636,9.79514122,9.83426094,1764221
2015-06-17,9.78611279,9.87338161,9.75000191,9.75000191,3157586
2015-06-18,9.8312521,9.92453861,9.71088219,9.84629822,2808331
2015-06-19,9.72893715,9.90347385,9.66574287,9.73495579,2425180
2015-06-22,9.79815006,9.92152977,9.60254765,9.65069675,2151027
2015-06-23,9.71389103,9.76504803,9.63264084,9.63564968,1223888
2015-06-24,9.68078899,9.68078899,9.46412182,9.48819733,3097106
2015-06-25,9.49421501,9.52129841,9.39190006,9.43402958,2820294
2015-06-26,9.46713161,9.64166927,9.31666946,9.37685394,2969500
2015-06-29,9.32870579,9.40393734,9.2203722,9.33171463,1663199
2015-06-30,9.32268715,9.46412182,9.1993084,9.22939968,3919900
2015-07-01,9.25949287,9.53333473,9.23240852,9.45810413,2201205
2015-07-02,9.47916889,9.63564968,9.20833492,9.22939968,1728331
2015-07-03,9.22939968,9.31967831,9.10601997,9.13310432,1473119
2015-07-06,9.1180582,9.2203722,9.00069618,9.18727016,1061058
2015-07-07,9.05486298,9.17523289,9.02476978,9.03379822,1149451
2015-07-08,9.0939827,9.0939827,8.97662163,9.05486298,3528442
2015-07-10,9.09097385,9.14815044,8.9675951,9.01273346,3904282
2015-07-13,8.9916687,9.06088161,8.87731743,8.87731743,2634866
2015-07-14,8.90439987,9.14213181,8.90439987,9.03680706,2257697
2015-07-15,9.08796501,9.08796501,8.92546463,9.03981686,1843310
2015-07-16,9.07893658,9.25046539,8.9675951,9.14514065,1896147
2015-07-17,9.13310432,9.27453899,8.92546463,9.02777958,3228036
2015-07-20,9.02777958,9.02777958,8.7629652,8.85023308,2467383
2015-07-21,9.02476978,9.02476978,8.8381958,8.87430668,2209513
2015-07-22,8.77500153,9.14815044,8.6877327,9.13611317,2846214
2015-07-23,9.08495617,9.08495617,8.36273289,8.45301056,4266165
2015-07-24,8.60648346,8.75694561,8.42592812,8.48611259,7811222
2015-07-27,8.47708511,8.58541775,8.27245522,8.44699287,3896638
2015-07-28,8.45602036,8.49514103,8.17315006,8.32060432,4927789
2015-07-29,8.33865929,8.50115871,8.30856705,8.36574173,3653722
2015-07-30,8.48912239,8.52523327,8.27847385,8.29051113,3110399
2015-07-31,8.39583492,8.6125021,8.33264065,8.39583492,2916996
2015-08-03,8.39583492,8.42592812,8.14305687,8.19421482,3521795
2015-08-04,8.25440025,8.33865929,8.13703918,8.33565044,2264676
2015-08-05,8.42592812,8.42893696,8.25139141,8.33565044,2122448
2015-08-06,8.27847385,8.27847385,7.88426113,7.94143677,2994091
2015-08-07,7.89027882,7.98055696,7.83611298,7.92338085,5666841
2015-08-10,7.9745388,8.14606667,7.89629793,8.07083511,3671999
2015-08-11,8.00764084,8.12500191,7.9745388,8.09490871,2110485
2015-08-12,8.07986259,8.12199211,7.82407618,7.99861288,2487987
2015-08-13,7.87824202,7.93240881,7.58333492,7.73078918,3146952
2015-08-14,7.66458511,7.74583483,7.46296406,7.49305677,4005635
2015-08-17,7.46296406,7.6465292,7.46296406,7.61342716,3576959
2015-08-18,7.49305677,7.59838104,7.43588114,7.4449091,6163309
2015-08-19,7.4569459,7.51111317,7.29745483,7.37268686,3769365
2015-08-20,7.38773298,7.38773298,7.15301085,7.15301085,3795949
2015-08-21,7.09583521,7.15000105,6.91828823,7.14699221,4992589
2015-08-24,6.71064901,7.11990881,6.46990919,7.07476997,4956700
2015-08-25,7.13194609,7.22222424,6.83101988,6.91227007,3563666
2015-08-26,6.9965291,7.09282494,6.86111212,7.02963114,3563666
2015-08-27,7.04467678,7.24930716,7.01759386,7.24629784,3569980
2015-08-28,7.10185289,7.34259415,7.02361298,7.26134396,5042103
2015-08-31,7.17106581,7.17106581,6.74074221,6.74375105,7689930
2015-09-01,6.66851997,6.74074221,6.36759377,6.45486212,9691086
2015-09-02,6.47592688,6.59328794,6.33148289,6.35254812,6720921
2015-09-03,6.4006958,6.58426094,6.35856581,6.55717707,3689279
2015-09-04,6.43078804,6.72268581,6.35254812,6.46990919,5289672
2015-09-08,6.50602007,6.56319618,6.4277792,6.51203823,4203026
2015-09-09,6.51805687,6.55416822,6.35856581,6.51805687,6099173
2015-09-10,6.35254812,6.43078804,6.2261591,6.34953785,10753141
2015-09-11,6.30439901,6.50000095,6.24421406,6.46990919,9655529
2015-09-14,6.50000095,6.67754793,6.41574192,6.57523298,5706053
2015-09-15,6.50000095,6.60532522,6.38263988,6.60532522,3585266
2015-09-16,6.62037182,6.92731619,6.60532522,6.89722395,7643739
2015-09-17,6.89722395,7.33958483,6.72569609,7.22222424,4835740
2015-09-18,7.10787201,7.42685318,6.73472404,6.73472404,3426423
2015-09-21,6.69560289,6.95138979,6.66551113,6.88819599,2149033
2015-09-22,6.75578785,7.35463095,6.75277901,7.34259415,4781906
2015-09-23,7.37569618,7.6194458,7.09583521,7.35463095,3449685
2015-09-24,7.06875086,7.66157579,7.04166794,7.53819609,3081156
2015-09-25,7.60440016,7.61342716,7.28842688,7.4027791,2640183
2015-09-28,7.252316,7.56527901,7.13796377,7.45092678,3456995
2015-09-29,7.45092678,7.65555716,7.22523308,7.22523308,3200454
2015-09-30,7.33657598,7.53217697,7.30648279,7.35463095,2935937
2015-10-01,7.40879822,7.45092678,7.05972385,7.13194609,4013611
2015-10-02,7.13194609,7.38773298,7.0085659,7.38773298,3941500
2015-10-05,7.59838104,7.73379803,7.34259415,7.65254784,3337365
2015-10-06,7.55926085,7.79699183,7.39375114,7.49305677,3422103
2015-10-07,7.69768715,7.7578721,7.55324221,7.61342716,7518791
2015-10-08,7.556252,8.06481647,7.556252,7.83912182,6369007
2015-10-09,7.87523317,8.11597443,7.84814978,8.00764084,5307284
2015-10-13,8.00764084,8.11898327,7.73379803,7.82407618,5651223
2015-10-14,7.76990891,7.88426113,7.49606609,7.64351988,5911752
2015-10-15,7.58333492,7.88125181,7.42685318,7.49305677,2698005
2015-10-16,7.49305677,7.67963123,7.4148159,7.61342716,4182423
2015-10-19,7.61041784,7.77592802,7.45393705,7.67361307,2459076
2015-10-20,7.67662191,7.70069599,7.43888998,7.52314997,3361291
2015-10-21,7.52014017,7.52014017,7.27639008,7.34259415,2377328
2015-10-22,7.27639008,7.55926085,7.2402792,7.37268686,4449266
2015-10-23,7.78796482,7.86018705,7.64351988,7.70370483,5008207
2015-10-26,7.66759396,7.84814978,7.63750219,7.74282598,2017439
2015-10-27,7.73981619,7.73981619,7.51412201,7.51412201,2529525
2015-10-28,7.58032608,7.67662191,7.58032608,7.67361307,137243
2015-10-29,7.5682888,7.73078918,7.45393705,7.45393705,2371679
2015-10-30,7.45092678,7.82407618,7.4057889,7.82407618,2224134
2015-11-03,7.82708502,8.05879784,7.82708502,8.05879784,4630374
2015-11-04,8.12801075,8.57338142,8.12801075,8.43796539,5135149
2015-11-05,8.44097424,8.93148327,8.2814827,8.78402996,5178017
2015-11-06,8.71782589,8.85625172,8.32361317,8.72685432,3198128
2015-11-09,8.71782589,8.71782589,8.46504784,8.46504784,3280208
2015-11-10,8.42291832,8.42291832,7.90532589,8.12801075,3673328
2015-11-11,8.12500191,8.26944637,8.00764084,8.2062521,2765131
2015-11-12,8.21527863,8.42291832,8.13101959,8.20926094,2649488
2015-11-13,8.1520853,8.41088104,8.06481647,8.39282608,2432491
2015-11-16,8.42592812,8.45000172,8.01967812,8.17014122,3196134
2015-11-17,8.21226978,8.26643658,8.07384396,8.14004803,3524122
2015-11-18,8.17916775,8.51319599,8.11597443,8.24838066,2115802
2015-11-19,8.30555725,8.54930687,8.30555725,8.49514103,2049673
2015-11-23,8.54629803,8.77199268,8.54629803,8.67268658,1319261
2015-11-24,8.61551094,8.65162182,8.40185356,8.56435394,3724503
2015-11-25,8.48310375,8.48912239,8.26944637,8.4078722,1771199
2015-11-26,8.34467793,8.53125191,8.29652977,8.42592812,2153353
2015-11-27,8.36574173,8.44699287,8.18819618,8.27546501,2278633
2015-11-30,8.21828938,8.27546501,7.93541813,7.99560404,4197377
2015-12-01,8.05578899,8.05578899,7.58032608,7.64351988,5384712
2015-12-02,7.60440016,7.89328909,7.59236288,7.70972395,4896552
2015-12-03,7.9745388,8.06481647,7.79398298,7.82407618,3043937
2015-12-04,7.77291822,7.88426113,7.29143715,7.44791794,4999567
2015-12-07,7.49907589,7.87824202,7.34259415,7.67361307,2626891
2015-12-08,7.72777891,7.73379803,7.28240919,7.28240919,2411888
2015-12-09,7.38472414,7.78796482,7.32453918,7.67361307,3265254
2015-12-10,7.67361307,7.67361307,7.33055687,7.52314997,1738965
2015-12-11,7.46898317,7.51111317,7.36065006,7.36967707,1730657
2015-12-14,7.36967707,7.46296406,7.15000105,7.46296406,1535261
2015-12-15,7.51713085,7.53217697,7.33055687,7.42986298,1845304
2015-12-16,7.37870502,7.59838104,7.13796377,7.46597385,2745525
2015-12-17,7.51713085,7.79699183,7.51713085,7.64351988,2692356
2015-12-18,7.52314997,7.56227016,7.28541803,7.42083502,4531678
2015-12-21,7.38472414,7.58935308,7.25532579,7.37268686,2796036
2015-12-22,7.33958483,7.51713085,7.28541803,7.48101997,3693931
2015-12-23,7.53217697,7.77893686,7.43287182,7.73379803,1967925
2015-12-28,7.78796482,7.79097414,7.42384386,7.58333492,1682805
2015-12-29,7.61041784,7.78495502,7.32754803,7.36365891,2003150
2015-12-30,7.39676094,7.46898317,7.252316,7.46898317,1929377
2016-01-04,7.22222424,7.27338123,6.92731619,7.02662182,2733894
2016-01-05,7.07476997,7.27939987,7.02060318,7.201159,1933033
2016-01-06,7.15000105,7.36967707,7.07476997,7.26736307,2407900
2016-01-07,7.1891222,7.22523308,6.9965291,7.22222424,2984122
2016-01-08,7.21620512,7.34560299,7.15301085,7.22222424,2532183
2016-01-11,7.25833511,7.45092678,7.11990881,7.23426104,2050670
2016-01-12,7.19815016,7.22222424,6.794909,6.794909,7155247
2016-01-13,6.88819599,6.92129803,6.70764017,6.8340292,5480416
2016-01-14,6.7918992,7.0085659,6.73171377,6.95440006,2797697
2016-01-15,6.82801104,6.89722395,6.6324091,6.73472404,7427739
2016-01-18,6.78588104,6.78588104,6.55115891,6.59328794,1611027
2016-01-19,6.7828722,6.80092716,6.45486212,6.56018591,4058140
2016-01-20,6.51504803,6.62037182,6.22013998,6.35555696,3497537
2016-01-21,6.31041813,6.6023159,6.25625086,6.26226997,4293081
2016-01-22,6.26527882,6.32546377,6.13888979,6.16597319,3339026
2016-01-26,6.0967598,6.26527882,6.01250076,6.19004679,5935346
2016-01-27,6.19004679,6.50301123,6.13888979,6.36759377,2438140
2016-01-28,6.36759377,6.56921387,6.16898298,6.22916794,3071186
2016-01-29,6.28634405,6.59930706,6.24120522,6.59930706,6163973
2016-02-01,6.71064901,6.75578785,6.52708483,6.75578785,3741451
2016-02-02,6.59930706,6.79791784,6.56921387,6.62037182,4401746
2016-02-03,6.65648317,6.71365881,6.490973,6.71365881,2352073
2016-02-04,6.79791784,7.05370522,6.6414361,6.77083492,6509573
2016-02-05,6.82500076,6.86111212,6.62037182,6.62037182,2096860
2016-02-10,6.60833502,6.61435318,6.41273308,6.48495483,2520220
2016-02-11,6.3856492,6.45787191,6.28935289,6.32847309,1837993
2016-02-12,6.31041813,6.44282484,6.29537201,6.33449221,1484085
2016-02-15,6.46389008,6.62638998,6.33148289,6.33148289,892245
2016-02-16,6.40972281,6.53009415,6.31944609,6.53009415,5310275
2016-02-17,6.62037182,6.62939882,6.49699211,6.53009415,8011936
2016-02-18,6.46689892,6.6414361,6.46689892,6.56319618,2186916
2016-02-19,6.46088123,6.56921387,6.40972281,6.44282484,2899383
2016-02-22,6.57222319,6.98449183,6.52407503,6.98148298,3961438
2016-02-23,7.00555706,7.02662182,6.65046406,6.71064901,1562510
2016-02-24,6.63842678,6.79791784,6.47592688,6.75277901,1485747
2016-02-25,6.68657494,7.02060318,6.63842678,7.0085659,1001575
2016-02-26,7.02963114,7.30347395,6.83703804,6.83703804,1292011
2016-02-29,6.97245502,7.27037191,6.86111212,6.91828823,3284860
2016-03-01,7.02662182,7.27639008,6.97847414,7.18611288,4446940
2016-03-02,7.23125076,7.46296406,7.15902901,7.42986298,2957537
2016-03-03,7.50810289,7.89328909,7.37870502,7.60138988,5490053
2016-03-04,7.6194458,8.54328918,7.6194458,8.2303257,12589805
2016-03-07,8.38680744,8.6365757,8.09189987,8.45602036,3559346
2016-03-08,8.37777996,8.72685432,8.17615891,8.42592812,5816379
2016-03-09,8.51018715,8.70879841,8.39583492,8.39583492,4665598
2016-03-10,8.56435394,8.67569637,8.08287239,8.32963085,7261918
2016-03-11,8.42592812,8.46203899,7.99861288,8.18217754,4037537
2016-03-14,8.18217754,8.49213123,8.01666832,8.22430706,2148368
2016-03-15,8.12199211,8.17615891,7.63750219,8.08287239,4448601
2016-03-16,7.90833521,8.22731686,7.86921501,8.22731686,3885672
2016-03-17,8.72685432,8.84722424,8.46504784,8.59143734,7005376
2016-03-18,8.57639122,8.92245579,8.52222443,8.90139103,6689019
2016-03-21,8.97662163,9.07291889,8.7870388,8.93449306,4240245
2016-03-22,8.93449306,8.98865891,8.73287201,8.817132,2645168
2016-03-23,8.71481705,8.76597404,8.60046482,8.64560413,2394276
2016-03-24,8.44097424,8.51620483,8.27546501,8.27546501,2917328
2016-03-28,8.42592812,8.53426075,8.32060432,8.48310375,2967174
2016-03-29,8.52523327,8.84722424,8.42592812,8.817132,3509832
2016-03-30,8.817132,9.29861259,8.72083473,9.06088161,8050816
2016-03-31,8.93750191,8.93750191,8.93750191,8.93750191,3987
2016-04-01,8.87129784,9.31967831,8.85023308,9.1180582,3989352
2016-04-04,9.03379822,9.03379822,9.03379822,9.03379822,7975
2016-04-05,9.3708353,9.3708353,9.3708353,9.3708353,2990
2016-04-06,9.44004822,9.44004822,9.44004822,9.44004822,3323
2016-04-07,9.49120617,9.53935432,9.29861259,9.47916889,3261599
2016-04-08,9.67778015,9.7800951,9.56041908,9.73495579,3010042
2016-04-11,9.6537056,9.6537056,9.6537056,9.6537056,5316
2016-04-12,10.02083588,10.02083588,10.02083588,10.02083588,7975
2016-04-13,9.82523441,9.82523441,9.82523441,9.82523441,18609
2016-04-14,9.93356705,10.09004879,9.84629822,9.86435413,3202116
2016-04-15,9.95162296,10.12916946,9.8312521,9.97870636,3152602
2016-04-18,9.9817152,9.99977112,9.73495579,9.7770853,1761230
2016-04-19,9.8553257,10.2615757,9.77407646,9.77407646,2439802
2016-04-20,9.92754841,10.07199287,9.8553257,9.94560432,2047347
2016-04-22,9.72893715,9.97870636,9.26250172,9.38588238,3537082
2016-04-25,9.44004822,9.44004822,9.03680706,9.2474556,4090374
2016-04-26,9.5243082,10.04491043,9.5243082,9.91551113,4995912
2016-04-27,9.98472404,10.62268829,9.94560432,10.25856686,5046755
2016-04-28,10.26759529,10.3368082,10.04189968,10.2615757,2451100
2016-04-29,10.12314987,10.42106724,9.9305582,9.9305582,5324232
2016-05-02,9.96065044,10.50532627,9.87940025,10.23449326,5360453
2016-05-03,10.11111259,10.42407608,10.11111259,10.23148441,2390288
2016-05-04,10.26458645,10.40602112,10.0599556,10.37893677,5497032
2016-05-05,10.49328899,10.49629879,10.18333626,10.20440006,2671420
2016-05-06,10.16528034,10.61365986,10.16528034,10.44814968,3330386
2016-05-09,10.44814968,10.57754898,10.08703899,10.45717812,3101426
2016-05-10,10.63472462,10.90555763,10.63472462,10.87847519,2675740
2016-05-11,11.01389122,11.14629936,10.86944675,10.86944675,3511826
2016-05-12,11.02893829,11.16134453,10.8724556,11.05902958,4388786
2016-05-13,10.94166946,11.03796482,10.71898365,10.97778034,3858755
2016-05-16,11.01088238,11.01088238,10.60162258,10.60162258,2494965
2016-05-17,10.62870598,10.77014065,9.99676132,10.05694675,3059556
2016-05-18,9.98773384,10.24953938,9.87037277,10.02083588,4963678
2016-05-19,9.90046501,10.23148441,9.90046501,10.20139122,2977476
2016-05-20,10.2375021,10.36389065,10.14722443,10.20139122,4792872
2016-05-23,10.04189968,10.09606743,9.82523441,10.01782608,2471039
2016-05-24,10.08102131,10.25254917,10.01481724,10.17129898,1458165
2016-05-25,10.15625191,10.26458645,10.08102131,10.11111259,2051667
2016-05-27,10.08703899,10.24051189,9.8312521,9.83727074,1800442
2016-05-30,9.85231686,9.9305582,9.6266222,9.78611279,2843223
2016-05-31,9.71088219,10.07801056,9.71088219,10.0057888,5666841
2016-06-01,10.11111259,10.13518715,9.78611279,9.98773384,2852528
2016-06-02,9.99676132,9.99977112,9.82824326,9.94560432,3286522
2016-06-03,9.99676132,10.20139122,9.99676132,10.19236279,4121611
2016-06-06,10.24352074,10.33379936,9.90648365,10.08102131,1942670
2016-06-07,10.00879765,10.11111259,9.67477131,9.73194695,3352651
2016-06-08,9.75301075,10.10810375,9.72592831,10.0057888,14360008
2016-06-09,9.9817152,10.17129898,9.87338161,10.08703899,8859320
2016-06-10,10.08703899,10.16828918,9.99375153,10.05393696,2638854
2016-06-13,9.90046501,10.04491043,9.79514122,10.01481724,1891494
2016-06-14,9.9817152,10.00879765,9.68078899,9.75000191,3026325
2016-06-15,9.75301075,9.95463181,9.53333473,9.86435413,3788306
2016-06-16,9.7800951,10.12615967,9.68078899,10.12615967,1699421
2016-06-17,10.11412334,10.40000153,10.11412334,10.2615757,2895728
2016-06-20,10.46018791,10.57453918,10.36389065,10.51134491,2448774
2016-06-21,10.442132,11.08912277,10.42708588,11.06204033,5237167
2016-06-22,11.0500021,11.06504917,10.33078861,10.442132,3759395
2016-06-23,10.53240967,10.7731514,10.35787296,10.62268829,2682054
2016-06-24,10.20139122,10.42106724,10.10810375,10.36088181,2086891
2016-06-27,10.17430782,10.51435375,10.13518715,10.36389065,2663777
2016-06-28,10.52639103,10.67384529,10.45416927,10.58055782,4668921
2016-06-29,10.70092773,10.76412296,10.390975,10.49328899,3034633
2016-06-30,10.37893677,10.45116043,10.22847366,10.38194656,5408638
2016-07-01,10.33981705,10.55347538,10.33981705,10.47222519,3524786
2016-07-04,10.50231743,10.52639103,10.28565025,10.43611336,770289
2016-07-05,10.42407608,10.42407608,9.86134529,9.97569656,3085808
2016-07-06,9.98472404,10.08403015,9.85231686,10.05092812,2836910
2016-07-07,10.15324306,10.21944714,9.99375153,10.14421463,2018104
2016-07-08,10.14421463,10.50833607,10.14421463,10.442132,2141722
2016-07-11,10.442132,10.53240967,10.30069733,10.42106724,1417624
2016-07-12,10.53240967,10.6678257,10.4150486,10.56250191,3178189
2016-07-13,10.48727131,10.60764122,10.36088181,10.52037334,2716946
2016-07-14,10.64074326,10.85741043,10.53842831,10.68287277,4971986
2016-07-15,10.67083645,10.92963219,10.62870598,10.89352131,2987113
2016-07-18,10.9988451,11.16435432,10.9988451,11.10416889,6615247
2016-07-19,11.10416889,11.19143772,10.93865967,11.16736412,3507839
2016-07-20,11.21852112,11.24259472,10.98981667,11.09815121,3072183
2016-07-21,11.16736412,11.23657703,10.8212986,11.06504917,1669181
2016-07-22,11.4050951,11.77523422,11.33588219,11.67592907,9713018
2016-07-25,11.65185356,11.65486431,11.34190083,11.54051208,5061709
2016-07-26,11.50440121,11.54352093,11.3780117,11.49537277,3118706
2016-07-27,11.46829033,11.49537277,11.42615986,11.48032665,5758226
2016-07-28,11.61875343,11.73611355,11.16134453,11.73611355,2531187
2016-07-29,11.76921558,12.12731838,11.63078976,12.12731838,3394854
2016-08-01,12.12731838,12.21157742,11.93171597,12.18449402,2213833
2016-08-02,12.04606819,12.13032722,11.86551189,11.9888916,3172208
2016-08-03,11.90764236,12.23565102,11.67592907,12.22361374,1992516
2016-08-04,12.26273441,12.54861355,12.05208588,12.3981514,2736885
2016-08-05,12.52153111,12.79537296,12.38310528,12.66898441,3072516
2016-08-08,12.64490986,12.70810509,12.52754879,12.61782742,1149119
2016-08-09,12.60579014,12.91574383,12.60579014,12.86458588,1756910
2016-08-10,12.93981838,13.01504898,12.72315121,12.81342888,1384393
2016-08-11,12.76528072,13.14143753,12.72916985,13.09028053,2461402
2016-08-12,13.0090313,13.21667004,12.65694714,12.69907665,2498620
2016-08-15,12.72014236,12.95185471,12.71713257,12.90972519,2019765
2016-08-16,12.90972519,12.91574383,12.55162334,12.63889217,1649907
2016-08-17,12.56967926,12.69606781,12.13935471,12.69606781,5077327
2016-08-18,12.76227093,12.81643772,12.42824364,12.48842907,1746608
2016-08-19,12.39213181,12.473382,12.20856762,12.46736431,1886510
2016-08-22,12.32291889,12.3680582,12.15139198,12.17546558,977648
2016-08-23,12.15139198,12.371068,12.07014179,12.12731838,2375667
2016-08-24,11.92870617,12.31088161,11.92870617,12.16342926,1708061
2016-08-25,12.22361374,12.22361374,11.94977093,11.9618082,3836158
2016-08-26,12.05509472,12.17847538,11.76620579,11.93171597,3608860
2016-08-29,11.87454033,12.31690121,11.87454033,12.18148422,3932528
2016-08-30,12.18750286,12.26574421,12.03102112,12.24467945,1797451
2016-08-31,12.17847538,12.29583645,11.91366005,12.13032722,2685710
2016-09-01,12.067132,12.3680582,12.00092888,12.22963238,2197217
2016-09-02,12.3680582,12.65393829,12.26574421,12.65393829,2695346
2016-09-05,12.71713257,12.84953976,12.52453995,12.69907665,1587101
2016-09-06,12.83750343,13.01504898,12.55764198,12.97592926,4372171
2016-09-08,13.08426189,13.08426189,12.75625324,13.03912258,2537833
2016-09-09,12.85555935,13.03009605,12.32592869,12.33194733,4722755
2016-09-12,12.27176189,12.42824364,12.14537334,12.3981514,1961944
2016-09-13,12.1905117,12.26273441,11.86250305,12.10023403,5082977
2016-09-14,11.98588181,12.16342926,11.84143829,11.92569733,1894817
2016-09-15,12.00393772,12.04907703,11.82338238,11.90764236,2206190
2016-09-16,11.90764236,12.067132,11.74815083,12.00694656,2747851
2016-09-19,12.03703976,12.21458626,11.99791908,12.12129879,2627556
2016-09-20,12.24768829,12.46134472,12.00694656,12.4462986,2233771
2016-09-21,12.46435547,12.56667042,11.91065121,12.56667042,3633783
2016-09-22,12.64490986,12.71412277,12.11828995,12.25671577,4666927
2016-09-23,12.23264217,12.3680582,12.00393772,12.11828995,2467716
2016-09-26,11.97685528,12.17847538,11.89861393,12.06412315,1537919
2016-09-27,12.06412315,12.21157742,11.85648441,11.98588181,2719937
2016-09-28,12.06111431,12.25069714,11.90162277,12.03403091,2318510
2016-09-29,12.08217907,12.25370693,11.85046577,11.94375324,3289180
2016-09-30,12.00393772,12.18449402,11.93472481,11.93472481,2653808
2016-10-03,11.92268753,12.35000324,11.88657665,12.31690121,2155014
2016-10-04,12.35301208,12.35602093,12.16944695,12.30787277,2999076
2016-10-05,12.36203957,12.47037315,12.31991005,12.41319656,2421525
2016-10-06,12.3680582,12.41319656,12.19954014,12.33796597,2103839
2016-10-07,12.3981514,12.48542023,12.09722519,12.48542023,2470042
2016-10-10,12.54861355,12.58773422,12.25370693,12.37407684,1857267
2016-10-11,12.3981514,12.45833588,12.27778053,12.3680582,2652479
2016-10-13,12.30486393,12.66296577,12.2175951,12.51852131,5638263
2016-10-14,12.65393829,12.72315121,12.14838219,12.27778053,2468048
2016-10-17,12.27778053,12.31088161,12.14236355,12.15740967,3342017
2016-10-18,12.16342926,12.33796597,12.07315063,12.33796597,5554853
2016-10-19,12.33796597,12.69004917,12.2206049,12.55463314,5480749
2016-10-20,12.56667042,12.81944656,12.38310528,12.81944656,1833341
2016-10-21,12.75926208,12.81944656,12.1905117,12.27778053,6489635
2016-10-24,12.37407684,12.46736431,11.74213219,11.74213219,4559260
2016-10-25,11.76620579,12.23865986,11.76620579,12.2206049,6186570
2016-10-26,12.2206049,12.33796597,11.95578957,12.03703976,3849451
2016-10-27,12.03703976,12.17546558,11.76319695,11.76620579,3341352
2016-10-28,11.8354187,12.10324383,11.78125286,12.067132,3815223
2016-10-31,12.00694656,12.06412315,11.82037258,11.92569733,3543063
2016-11-01,12.02199268,12.02199268,11.31481743,11.35995579,4996244
2016-11-03,11.35995579,11.44421577,11.21551228,11.32083607,5738952
2016-11-04,11.32083607,11.5856514,11.26366043,11.48032665,2857845
2016-11-07,11.60069656,12.00092888,11.48935413,12.00092888,1773193
2016-11-08,12.04907703,12.067132,11.5555582,11.660882,2181931
2016-11-09,11.42315102,11.58866024,11.01389122,11.37500286,2585020
2016-11-10,11.39004898,11.51944733,10.40301228,10.86643791,5877524
2016-11-11,10.62268829,11.02893829,10.24352074,10.58657646,5903776
2016-11-14,10.442132,10.71296501,10.19236279,10.51736259,5734632
2016-11-16,10.390975,10.7430582,10.19236279,10.5655117,4591826
2016-11-17,10.72199345,10.73402977,10.08102131,10.12916946,5132158
2016-11-18,10.02083588,10.32176208,10.02083588,10.11111259,2882768
2016-11-21,10.2375021,10.55949306,10.09305763,10.51134491,5881512
2016-11-22,10.68588161,11.09514141,10.53240967,11.0229187,7559333
2016-11-23,11.01990986,11.05602074,10.68889141,11.0500021,5934016
2016-11-24,10.95972538,11.04398441,10.81227112,10.89352131,1206608
2016-11-25,10.65578938,10.85741043,10.60463238,10.7731514,1828688
2016-11-28,10.73102093,10.88750172,10.62870598,10.76111412,3214079
2016-11-29,10.73703861,10.76713181,10.02384472,10.02384472,7982693
2016-11-30,10.19838238,10.52639103,10.10509491,10.43009472,7112711
2016-12-01,10.34884453,10.34884453,9.6055584,9.7800951,6767112
2016-12-02,9.58750153,10.04491043,9.47916889,9.86736298,4835407
2016-12-05,9.82523441,9.89745617,9.49722385,9.629632,5836318
2016-12-06,10.02083588,10.43611336,9.97569656,10.3879652,13664820
2016-12-07,10.39699268,10.83634472,10.30370617,10.7430582,6821610
2016-12-08,10.83333588,10.83634472,10.45116043,10.65578938,3385549
2016-12-09,10.70995617,10.85440063,10.35486317,10.53240967,4897549
2016-12-12,10.36088181,10.36088181,10.02384472,10.19838238,1642264
2016-12-13,10.08102131,10.43912315,9.89745617,10.43912315,3765045
2016-12-14,10.46319675,10.48426247,10.15023422,10.23449326,4030891
2016-12-15,10.12916946,10.15625191,9.7800951,9.99676132,3964429
2016-12-16,10.08102131,10.2104187,9.9305582,9.9305582,3198128
2016-12-19,9.93356705,10.14120579,9.89745617,9.9817152,2570066
2016-12-20,10.03889084,10.06296539,9.9305582,10.0118084,3277882
2016-12-21,10.21944714,10.21944714,10.21944714,10.21944714,1813070
2016-12-22,10.10810375,10.27662277,10.0057888,10.18333626,3563666
2016-12-23,10.22546482,10.54745579,10.07199287,10.37893677,1665858
2016-12-26,10.36389065,10.42106724,10.10509491,10.22847366,1244491
2016-12-27,10.28565025,10.30972481,10.02685356,10.18935394,1967925
2016-12-28,10.14120579,10.25254917,9.92754841,9.96065044,4023580
2016-12-29,9.97870636,10.29768658,9.87639141,10.29768658,3563002
2017-01-02,10.20139122,10.56250191,10.15324306,10.51435375,1836664
2017-01-03,10.61065102,10.96875191,10.51736259,10.95671463,3896306
2017-01-04,10.848382,11.17338181,10.77916908,11.13125324,3768368
2017-01-05,11.22453976,11.2305584,10.8724556,10.96273422,3014694
2017-01-06,10.96273422,10.96273422,10.79120636,10.95972538,1936356
2017-01-09,11.01690102,11.45023441,10.89352131,11.08912277,4895555
2017-01-10,11.17639065,11.21250343,10.95370579,10.9988451,7136638
2017-01-11,10.97778034,11.08611393,10.72801208,10.95069695,3321746
2017-01-12,11.35694695,11.82940102,11.31481743,11.73611355,11904255
2017-01-13,11.67893791,11.72106743,11.34791946,11.49838161,5345832
2017-01-16,11.52546597,11.5826416,11.35092831,11.4291687,2101513
2017-01-17,11.4050951,11.48032665,11.26967812,11.35995579,4904860
2017-01-18,11.40208626,11.42315102,10.96574306,11.05902958,5004552
2017-01-19,11.11018753,11.2305584,10.85741043,11.13426208,4881598
2017-01-20,11.20949268,11.23958588,10.91759491,11.08912277,4984614
2017-01-23,11.08912277,11.19444656,10.92060375,10.98379898,8037856
2017-01-24,10.96875191,11.52245617,10.91759491,11.31481743,7769351
2017-01-26,11.37500286,11.78727055,11.37500286,11.57060432,7933179
2017-01-27,11.5856514,11.61273384,11.32083607,11.43518829,2923309
2017-01-30,11.33588219,11.34791946,10.98379898,11.06204033,2657131
2017-01-31,10.96875191,11.27569675,10.87847519,11.08912277,3131002
2017-02-01,11.22453976,11.4050951,11.14629936,11.39606667,4386792
2017-02-02,11.38704014,11.77222538,11.18842793,11.74213219,4868306
2017-02-03,11.70602131,11.73310471,11.24861431,11.51342869,7980699
2017-02-06,11.56759453,11.56759453,11.05902958,11.05902958,5848281
2017-02-07,11.15231705,11.38102055,11.00787258,11.35995579,3860749
2017-02-08,11.40208626,11.86551189,11.33588219,11.8143549,5514976
2017-02-09,11.76620579,11.93472481,11.56759453,11.61875343,5011198
2017-02-10,11.68194675,11.77824306,11.62477112,11.70602131,3720183
2017-02-13,11.6849556,11.84444714,11.6849556,11.70602131,3750423
2017-02-14,11.80833626,12.25671577,11.71805763,12.18750286,6098176
2017-02-15,12.26574421,12.33796597,12.12129879,12.25671577,3887998
2017-02-16,12.24467945,12.28379917,11.90162277,11.964818,4630374
2017-02-17,11.85949326,12.05810547,11.59768772,11.69097519,3886337
2017-02-20,11.80833626,11.90463161,11.70602131,11.8143549,2162325
2017-02-21,11.75115967,11.93171597,11.75115967,11.88657665,2460073
2017-02-22,11.90764236,12.00393772,11.65486431,11.79329014,3187494
2017-02-23,11.79629898,12.07616043,11.79329014,11.88657665,4756651
2017-02-24,11.7601881,11.82037258,11.45625305,11.59467888,3487568
2017-03-01,11.5826416,11.6849556,11.40810394,11.54051208,2092540
2017-03-02,11.47430801,11.56759453,11.254632,11.3539381,4214657
2017-03-03,11.37199306,11.67291927,11.37199306,11.67291927,3338362
2017-03-06,11.65185356,11.87754917,11.62777996,11.73611355,3867395
2017-03-07,11.88055801,11.90162277,11.72106743,11.73009491,4743358
2017-03-08,11.70301247,11.75717926,11.52546597,11.64583588,3011703
2017-03-09,11.70301247,11.70301247,11.34490967,11.49838161,2799026
2017-03-10,11.63981724,12.11828995,11.50139141,12.10926247,4687198
2017-03-13,12.19352055,12.31991005,12.00694656,12.11828995,4638681
2017-03-14,12.12430763,12.473382,12.0400486,12.29884529,4856343
2017-03-15,12.38310528,12.70810509,12.27477074,12.61180782,4751334
2017-03-16,12.63588333,13.20162296,12.57870674,13.08125305,7558668
2017-03-17,13.05115986,13.32801247,12.5726881,12.82245731,6678718
2017-03-20,12.78935528,13.10532665,12.72315121,13.10532665,3311777
2017-03-21,13.05115986,13.11435509,12.61481762,12.74421597,5213241
2017-03-22,12.58171558,12.88565063,12.49143791,12.74421597,5447518
2017-03-23,12.61180782,12.81643772,12.55764198,12.63889217,5648564
2017-03-24,12.61481762,12.75926208,12.5967617,12.63889217,4358878
2017-03-27,12.51852131,12.69907665,12.51551247,12.66898441,2710633
2017-03-28,12.57870674,12.78032684,12.54560471,12.63889217,4684207
2017-03-29,12.63889217,12.66296577,12.56365967,12.63287258,2983125
2017-03-30,12.69907665,12.70810509,12.51551247,12.56365967,2422190
2017-03-31,12.43727112,12.66296577,12.42523384,12.53958607,6071592
2017-04-03,12.50347519,12.69004917,12.48241043,12.63889217,4392109
2017-04-04,12.63889217,12.93680859,12.53055763,12.83449364,16058432
2017-04-05,12.93379879,13.36713314,12.82546616,13.06319714,5274053
2017-04-06,12.94282722,13.11134624,12.83148384,12.92477226,2918989
2017-04-07,12.97292042,13.24676228,12.84653091,13.05717945,3859752
2017-04-10,13.06018829,13.36713314,12.93981838,12.93981838,3445697
2017-04-11,13.0090313,13.05115986,12.64190102,13.01805878,3740454
2017-04-12,13.08426189,13.19259644,12.84653091,13.15347481,3785315
2017-04-13,13.12037277,13.17754936,13.01504898,13.12037277,4301389
2017-04-17,13.12037277,13.57477188,13.09930897,13.51157665,3244319
2017-04-18,13.46944809,13.48750305,13.17754936,13.21967888,3636442
2017-04-19,13.18055916,13.27986431,13.07824421,13.183568,4798521
2017-04-20,13.14143753,13.34305859,13.04514217,13.2106514,2359051
2017-04-24,13.24375343,13.44537258,13.24375343,13.36412334,2246067
2017-04-25,13.24074364,13.31898499,13.12338257,13.24074364,3038953
2017-04-26,13.18055916,13.28588295,12.96990967,13.234725,3523789
2017-04-27,13.39120674,13.80347538,13.35810471,13.78542042,4417697
2017-04-28,13.76736355,14.36018944,13.72523499,14.23379993,6239739
2017-05-02,14.09236431,14.33009624,14.04120731,14.33009624,5588084
2017-05-03,14.31670475,14.61055946,14.21875286,14.53156567,4421590
2017-05-04,14.39253807,14.55052376,13.97861385,14.21875286,7419321
2017-05-05,14.14923859,14.50312805,14.14923859,14.43993378,2961968
2017-05-08,14.35146236,14.68639183,14.35146236,14.68639183,2415718
2017-05-09,14.68639183,14.77802372,14.63899708,14.72430897,4106372
2017-05-10,14.72114944,15.30885792,14.63267708,15.30885792,3379410
2017-05-11,15.30885792,15.30885792,15.07187939,15.07187939,3752860
2017-05-12,15.28989887,15.28989887,14.89809418,15.13507271,4471910
2017-05-15,15.19510841,15.21090603,14.91073322,15.07503796,3928825
2017-05-16,15.07187939,15.17930889,14.82542038,15.09715557,4442794
2017-05-17,14.94864941,15.00552368,14.56632328,14.75590611,3506952
2017-05-18,12.54094028,13.71319771,12.38927364,13.71319771,11551645
2017-05-19,13.65000343,14.13344097,13.54889202,13.58364868,8358960
2017-05-22,13.37826729,13.45726013,12.51250267,13.01805878,6508798
2017-05-23,13.20448208,13.51729488,13.04333591,13.39090633,4618759
2017-05-24,13.58680916,14.0639267,13.31191254,13.84906578,11164586
2017-05-25,13.83958721,13.97861385,13.58996773,13.70371819,4719717
2017-05-26,13.87118435,14.0576067,13.70055866,13.85538483,3678170
2017-05-29,13.85538483,13.85538483,13.85538483,13.85538483,0
2017-05-30,13.92173862,13.92173862,13.71003819,13.71951675,2352421
2017-05-31,13.83326721,13.83326721,13.3593092,13.73847485,5709361
2017-06-01,13.80798912,14.21243382,13.66264153,13.89014244,5205202
2017-06-02,13.90278053,14.24403095,13.90278053,13.95965576,2696438
2017-06-05,13.90594101,13.95965576,13.71003819,13.71003819,2932218
2017-06-06,13.63420486,13.93437767,13.48569775,13.77639198,2450214
2017-06-07,13.93437767,14.07972622,13.77639198,14.07972622,3573730
2017-06-08,13.96913528,14.03232956,13.66896152,13.86486435,3151225
2017-06-09,13.86486435,13.95649624,13.61208725,13.94701672,3123058
2017-06-12,13.83642673,13.93753815,13.58048916,13.75743389,3668992
2017-06-13,13.63736439,13.83010674,13.52361393,13.70371819,4175998
2017-06-14,13.83958721,13.91858006,13.49833584,13.58048916,5798292
2017-06-15,13.58048916,13.58048916,13.58048916,13.58048916,0
2017-06-16,13.46358013,13.73847485,13.46358013,13.65000343,8098494
2017-06-19,13.58680916,13.98493385,13.54573154,13.96281624,2628711
2017-06-20,13.86486435,14.06708717,13.61524582,13.75743389,6876868
2017-06-21,13.72899628,13.76691341,13.36246777,13.41618443,4125678
2017-06-22,13.47937775,13.75111389,13.25503826,13.62156582,4318416
2017-06-23,13.62156582,13.94701672,13.54889202,13.8775034,3440491
2017-06-26,14.01337147,14.1239624,13.90278053,14.1176424,3301871
2017-06-27,14.09236431,14.09236431,13.64684296,13.80798912,5328315
2017-06-28,13.77323246,13.9312191,13.67844105,13.90278053,1478610
2017-06-29,13.96597481,14.02917004,13.659482,13.98177433,3134451
2017-06-30,13.95333672,14.44309425,13.95017719,14.26614857,4720033
2017-07-03,14.33882332,14.55368423,14.14291954,14.43993378,3261994
2017-07-04,14.42413521,14.51892662,14.28826714,14.35146236,1215612
2017-07-05,14.36725998,14.51260757,14.08288479,14.43993378,2667005
2017-07-06,14.34198284,14.49048996,14.18083668,14.34830189,4225370
2017-07-07,14.42097569,14.48733044,14.3230238,14.41465569,2667322
2017-07-10,14.36094093,14.68955231,14.36094093,14.49364853,4063330
2017-07-11,14.44625282,14.79382324,14.44309425,14.78750324,3207559
2017-07-12,14.85069847,15.22038555,14.74326706,15.04344082,7349061
2017-07-13,15.13507271,15.70382309,15.08135796,15.64378834,4832385
2017-07-14,15.71962166,15.83969116,15.44472599,15.53951836,2226460
2017-07-17,15.53951836,15.678545,15.23302364,15.40364933,3018935
2017-07-18,15.47948265,15.5458374,15.24250412,15.5458374,3318328
2017-07-19,15.58059406,15.64694786,15.41628838,15.48264313,3010390
2017-07-20,15.5458374,15.62166977,15.38469124,15.58059406,2453379
2017-07-21,16.03559494,16.43055916,15.91868401,16.27257347,8197870
2017-07-24,16.55694771,16.57274628,16.33892822,16.41476059,4827321
2017-07-25,16.47795486,16.55062866,16.27257347,16.27257347,3080016
2017-07-26,16.31048965,16.47163582,16.17778206,16.32628822,3088878
2017-07-27,16.40844154,16.57590675,16.26625443,16.42740059,2068852
2017-07-28,16.34840775,16.53799057,16.24413681,16.38316345,2655295
2017-07-31,16.37684441,16.44319725,16.2567749,16.39896202,2174874
2017-08-01,16.43055916,16.50639343,16.27573395,16.4747963,4634583
2017-08-02,16.42107964,16.68333626,16.38632393,16.68333626,2453063
2017-08-03,16.63594055,16.67069817,16.14302444,16.28837204,3548095
2017-08-04,16.42107964,16.42107964,16.03559494,16.14934349,2955322
2017-08-07,16.29469109,16.34524727,16.01979446,16.2093792,3069889
2017-08-08,16.2093792,16.44635773,16.15566444,16.21885872,1993845
2017-08-09,16.09246826,16.80024719,16.04823303,16.74969292,6791734
2017-08-10,16.7749691,16.90451813,16.34208679,16.36420441,3054381
2017-08-11,16.36736488,16.60434341,16.25045586,16.43055916,2787902
2017-08-14,16.36736488,16.67069817,16.30732918,16.40528107,2930636
2017-08-15,16.45583725,16.62330246,16.43055916,16.50955391,1435252
2017-08-16,16.50955391,17.12569809,16.32628822,16.92663574,4434565
2017-08-17,16.93611526,16.93611526,16.61066437,16.9203167,2553071
2017-08-18,16.94243431,17.4258728,16.8950386,17.4258728,4269045
2017-08-21,17.47326851,17.54594231,17.13201714,17.44167137,4273792
2017-08-22,17.53330231,18.03569984,17.53330231,18.01042175,5547005
2017-08-23,18.09573364,18.09573364,17.85559464,18.01042175,2757836
2017-08-24,18.01042175,18.46858025,18.01042175,18.46858025,4101941
2017-08-25,18.45278168,18.66448402,18.27583885,18.61708832,4580464
2017-08-28,18.61076736,19.07208824,18.57285118,18.83194923,5241282
2017-08-29,18.70240021,19.12896347,18.69292068,18.93622017,4343102
2017-08-30,18.9204216,19.04364967,18.55705261,18.73083878,2581871
2017-08-31,18.88250542,18.90462303,18.63288689,18.81615067,4126627
2017-09-01,19.0531292,19.08472633,18.74663544,19.00889397,2975577
2017-09-04,18.98993492,19.40069962,18.88566399,19.33434486,1475762
2017-09-05,19.59028244,19.59028244,19.35330391,19.54288673,3013238
2017-09-06,19.58396339,20.06424141,19.53024864,19.58396339,4385194
2017-09-07,19.58396339,19.58396339,19.58396339,19.58396339,0
2017-09-08,19.56184578,20.12743568,19.27115059,19.98524857,3965853
2017-09-11,19.99472618,20.39285278,19.99472618,20.15587234,2173924
2017-09-12,20.21906662,20.5350399,19.92521286,20.13375473,1766610
2017-09-13,20.15587234,20.15587234,19.25219154,19.47969246,5615049
2017-09-14,19.50812912,19.53972626,19.31222725,19.38805962,3114513
2017-09-15,19.47653389,19.67559433,19.43545532,19.49549103,9898968
2017-09-18,19.44177628,19.55552673,19.29010963,19.29010963,7445272
2017-09-19,19.27746964,19.72615051,19.27746964,19.65979576,2187849
2017-09-20,19.70719147,19.75774765,19.13528252,19.30274773,3298706
2017-09-21,19.35014343,19.87465858,19.27430916,19.4986515,4410196
2017-09-22,19.40701866,19.47969246,19.04364967,19.27115059,11732990
2017-09-25,19.27430916,19.47653389,18.88882446,19.09420586,3123691
2017-09-26,19.15740013,19.22059441,18.82878876,18.83510971,4824156
2017-09-27,18.8003521,18.95833778,18.39906693,18.5823307,4008579
2017-09-28,18.49701881,18.87934494,18.17472649,18.32639313,11908955
2017-09-29,18.47489929,18.49069977,18.2094841,18.23476028,6366697
2017-10-02,18.31375313,18.63604546,17.66285133,18.43382454,9622995
2017-10-03,18.64552498,19.16371918,18.55705261,18.95833778,10697139
2017-10-04,19.14792061,19.21111679,18.95833778,19.1005249,3522777
2017-10-05,19.24271393,19.31538773,18.65184593,18.65184593,8392824
2017-10-06,18.63604546,18.63604546,18.27899742,18.5823307,3814258
2017-10-09,18.63920593,18.81930923,18.2821579,18.70240021,3626900
2017-10-10,18.93622017,18.98993492,18.56337357,18.7150383,5332112
2017-10-11,18.7276783,18.74979591,18.13048935,18.32639313,4343418
2017-10-12,18.32639313,18.32639313,18.32639313,18.32639313,0
2017-10-13,18.3895874,18.57601166,18.14312935,18.26635933,5166908
2017-10-16,18.2695179,18.46858025,17.97250366,18.4022274,5071330
2017-10-17,18.43382454,18.47489929,17.78923988,17.97882462,5883426
2017-10-18,18.01042175,18.64236641,17.94090652,18.47805977,4089915
2017-10-19,18.48122025,18.95201874,18.12733078,18.73083878,3565185
2017-10-20,18.79719162,18.87934494,18.44014359,18.64236641,7468692
2017-10-23,18.69924164,18.75295639,18.29163551,18.64236641,3537335
2017-10-24,18.72135925,18.76875496,18.52229691,18.76875496,1765977
2017-10-25,18.92358017,19.05628967,18.2695179,18.72135925,3256930
2017-10-26,18.78139305,18.86354637,18.18104553,18.28531647,3115779
2017-10-27,18.26319885,18.66448402,18.17472649,18.64236641,4086117
2017-10-30,18.7150383,18.7150383,17.97566414,18.32639313,3842741
2017-10-31,18.38326836,18.3895874,18.00410271,18.28531647,3271489
2017-11-01,18.48753929,18.52861595,18.13997078,18.22528267,3065458
2017-11-02,18.22528267,18.22528267,18.22528267,18.22528267,0
2017-11-03,18.22528267,18.34535217,17.4132328,18.16840744,6128701
2017-11-06,17.91246986,18.10521317,17.83979607,18.06097794,4883972
2017-11-07,18.73715782,19.29642868,18.67396355,19.0278511,15593455
2017-11-08,18.96149826,19.42913628,18.89514351,19.30906677,4446592
2017-11-09,19.3059063,19.41017723,18.8603878,19.22375488,3953194
2017-11-10,19.22375488,19.30906677,18.95833778,19.29010963,5746389
2017-11-13,19.46389389,19.51760864,18.59181023,18.83194923,9750538
2017-11-14,18.86986542,18.87302589,18.57285118,18.68660164,3961423
2017-11-15,18.68660164,18.68660164,18.68660164,18.68660164,0
2017-11-16,18.55073357,19.50497055,18.50017738,19.31222725,4411146
2017-11-17,19.11948395,19.83042145,19.11948395,19.83042145,2653397
2017-11-20,19.83042145,19.83042145,19.83042145,19.83042145,0
2017-11-21,19.83042145,19.90625572,19.53340721,19.90625572,2641054
2017-11-22,19.74826813,19.84622002,19.58080292,19.77038765,2398627
2017-11-23,19.97260857,20.03896332,19.5460453,19.75458717,2357590
2017-11-24,19.88729668,19.88729668,19.1005249,19.78302574,2870504
2017-11-27,19.77354622,19.77354622,19.21427536,19.71667099,1668078
2017-11-28,19.82094193,20.04844284,19.60292053,19.91573334,1772096
2017-11-29,19.90625572,20.12427521,19.44177628,19.62187958,2424157
2017-11-30,19.62187958,19.67875481,18.81615067,18.98677444,5361229
2017-12-01,18.95833778,19.62187958,18.95833778,19.47021294,1837397
2017-12-04,19.51760864,19.80198479,19.33750534,19.60292053,2275621
2017-12-05,19.73563004,20.0294838,19.15740013,19.43229675,2124131
2017-12-06,19.23323441,20.26646233,19.13844109,20.06740189,2997942
2017-12-07,19.8967762,20.06740189,19.37542152,19.90625572,2474056
2017-12-08,20.18115044,20.30438042,19.94417191,20.04844284,1704052
2017-12-11,20.10531616,20.27594185,19.8114624,20.04844284,2740957
2017-12-12,20.0294838,20.0294838,19.52708817,19.93469238,2646961
2017-12-13,20.17167282,20.28542137,19.47969246,19.74510956,6047365
2017-12-14,19.74510956,19.98208809,19.38490105,19.83990097,2224034
2017-12-15,19.62187958,20.29490089,19.5460453,20.02000427,4155005
2017-12-18,20.20010948,20.28542137,20.02000427,20.2095871,2866495
2017-12-19,20.21906662,20.21906662,19.80198479,19.97260857,1922425
2017-12-20,19.98208809,20.29490089,19.93469238,20.17167282,3270750
2017-12-21,20.06740189,20.48448372,19.85885811,20.4750042,2151559
2017-12-22,20.3422966,20.65510941,20.20010948,20.28542137,1089335
2017-12-25,20.28542137,20.28542137,20.28542137,20.28542137,0
2017-12-26,20.31385994,20.46552658,20.18115044,20.45604706,1290619
2017-12-27,20.48448372,21.20490074,20.48448372,21.16698456,1464157
2017-12-28,21.17646408,21.19542122,20.71198463,20.91104698,3009229
2017-12-29,20.91104698,20.91104698,20.91104698,20.91104698,0
2018-01-02,21.17646408,21.78313065,20.95844269,21.57458878,2252307
2018-01-03,21.84000587,22.13385963,21.52719307,21.86844254,2396729
2018-01-04,21.94427681,22.25708961,21.71677589,22.18125534,2086258
2018-01-05,22.17177582,22.17177582,21.37552643,21.85896492,1896896
2018-01-08,21.85896492,21.90636063,21.53667259,21.75469208,1367841
2018-01-09,21.75469208,21.7641716,21.32813072,21.57458878,1774944
2018-01-10,21.34708977,21.65990067,21.15750504,21.52719307,1430505
2018-01-11,21.73573494,21.99167252,21.38500595,21.99167252,1634742
2018-01-12,21.8968792,21.91583824,21.46083832,21.59354782,1730003
2018-01-15,21.65990067,22.27604675,21.65990067,22.27604675,1173942
2018-01-16,22.30448532,22.70261002,22.03906822,22.70261002,1934979
2018-01-17,22.55094337,23.30927658,22.44667244,23.30927658,2011463
2018-01-18,23.29031754,23.29031754,22.67417145,23.08177757,3537757
2018-01-19,23.19552612,23.19552612,22.54146385,22.7405262,2016843
2018-01-22,22.75000572,22.79740143,21.86844254,22.2950058,3418232
2018-01-23,22.3424015,22.43719292,21.4513588,21.52719307,1797731
2018-01-24,21.96323586,23.03438187,21.85896492,22.91115189,4382662
2018-01-25,22.91115189,22.91115189,22.91115189,22.91115189,0
2018-01-26,23.21448517,23.77375603,22.98698425,23.74531746,5580341
2018-01-29,23.41354752,23.8969841,23.24292183,23.83063126,2136579
2018-01-30,23.69792366,23.90646362,23.29979706,23.50833893,3045203
2018-01-31,23.83063126,24.77854729,23.64104843,24.43729782,5304789
2018-02-01,24.48469353,24.70271492,23.9822979,24.14344406,6676323
2018-02-02,23.7168808,24.23823547,23.60313034,24.07708931,4041176
2018-02-05,23.97281837,24.01073456,23.62208939,23.69792366,1689177
2018-02-06,23.22396469,23.61260986,22.88271332,23.40406799,5184737
2018-02-07,23.46094322,23.78323555,22.99646378,23.48938179,2974838
2018-02-08,23.50833893,23.82115173,22.89219284,23.1860466,2468465
2018-02-09,23.04385948,23.1860466,22.2950058,22.64573479,5724868
2018-02-14,22.88271332,23.74531746,22.8732357,23.68844223,2887911
2018-02-15,23.69792366,23.94438171,23.29979706,23.36615181,2331849
2018-02-16,23.41354752,23.57469368,22.88271332,23.46094322,3366012
2018-02-19,23.60313034,23.64104843,23.32823563,23.63156891,908096
2018-02-20,23.63156891,24.05813026,23.3187561,24.05813026,3068517
2018-02-21,24.03917313,24.17188072,23.66948509,23.93490219,4006574
2018-02-22,23.8969841,24.49417305,23.84958839,24.43729782,5731936
2018-02-23,24.55104828,24.8259449,24.14344406,24.8259449,3525097
2018-02-26,25.02500534,25.06292343,24.475214,24.7406311,4290460
2018-02-27,24.83542252,24.83542252,24.20031929,24.62688065,3105651
2018-02-28,24.65531921,24.6932354,24.19083977,24.58896446,3501783
2018-03-01,24.37094307,24.93021584,24.01073456,24.36146355,2705722
2018-03-02,24.07708931,24.52260971,23.81167221,24.52260971,2439137
2018-03-05,24.63636017,24.67427635,24.31406975,24.67427635,1772201
2018-03-06,24.79750633,25.11031914,24.50365257,25.07240105,3461273
2018-03-07,25.07240105,25.26198578,24.67427635,24.88281822,7174468
2018-03-08,25.68854713,26.83552742,25.68854713,26.20990181,14009139
2018-03-09,26.36156845,27.86875725,26.25729752,27.86875725,5778776
2018-03-12,27.97302818,28.44698524,27.72656822,28.15313148,3810460
2018-03-13,28.2479248,28.52281952,27.17677879,27.30000687,7583892
2018-03-14,27.62229919,27.66021538,26.49427605,26.88292313,3293115
2018-03-15,26.66490364,26.93031883,26.36156845,26.62698555,3548095
2018-03-16,26.3805275,26.75969315,25.86865234,26.25729752,3964587
2018-03-19,25.92552757,26.51323509,25.78334045,26.05823517,2092693
2018-03-20,26.17198563,26.28573608,25.69802666,25.73594475,7920208
2018-03-21,25.74542236,26.45636177,25.48000526,26.45636177,8525325
2018-03-22,26.6933403,26.73125648,26.17198563,26.73125648,4244464
2018-03-23,26.61750793,26.93031883,25.97292328,26.35209084,3445555
2018-03-26,26.75969315,26.92083931,26.15302658,26.92083931,2869133
2018-03-27,27.01563263,27.01563263,26.35209084,26.54167366,2831471
2018-03-28,26.49427605,26.75969315,26.12458992,26.6459446,2648333
2018-03-29,26.54167366,27.2241745,26.45636177,27.2241745,4717396
2018-04-02,27.2241745,27.39479828,26.56063271,26.8260479,2922724
2018-04-03,26.8260479,27.39479828,26.48479843,27.30000687,5718222
2018-04-04,26.75969315,28.04886055,26.68386078,27.86875725,4206908
2018-04-05,28.35219574,28.39011192,27.36636162,27.5369854,11641210
2018-04-06,27.56542397,27.67917442,26.92083931,27.49906921,2847612
2018-04-09,27.48958969,27.6696949,26.97771454,27.30000687,2560561
2018-04-10,27.2715683,28.04886055,27.16729736,28.04886055,5558503
2018-04-11,28.01094437,28.01094437,27.48958969,27.89719582,3139515
2018-04-12,27.95406914,28.21000671,27.5369854,27.99198532,2811427
2018-04-13,27.82136154,28.18157005,27.56542397,27.95406914,2580922
2018-04-16,27.78344345,28.17209053,27.2241745,27.48958969,4116078
2018-04-17,27.41375732,27.59386063,27.16729736,27.51802826,2879788
2018-04-18,27.6696949,28.14365387,27.5369854,28.14365387,3903401
2018-04-19,27.84032059,28.32375717,27.8024025,28.17209053,3534592
2018-04-20,27.86875725,28.12469482,27.55594444,27.75500679,2529230
2018-04-23,27.49906921,27.95406914,27.31896591,27.48958969,1951225
2018-04-24,27.60334015,27.86875725,26.99667358,27.25261116,5365343
2018-04-25,27.01563263,28.16261101,26.75021553,28.15313148,4762864
2018-04-26,28.39011192,28.39958954,27.41375732,27.97302818,6179444
2018-04-27,28.13417435,28.15313148,26.30469322,26.63646507,11179777
2018-04-30,26.86396408,26.99667358,25.8496933,26.43740273,4116078
2018-05-02,26.1625061,26.23834038,24.94917297,25.57479858,8897193
2018-05-03,25.75490189,25.97292328,24.91125679,25.19563103,9418124
2018-05-04,24.98708916,25.4515686,24.80698586,25.14823532,5803778
2018-05-07,24.98708916,25.35677719,24.50365257,24.54156876,2246399
2018-05-08,24.20031929,25.02500534,23.51781845,24.96813011,8835900
2018-05-09,25.06292343,25.62219429,24.62688065,25.4515686,6012552
2018-05-10,25.95396423,25.9824028,25.4041729,25.53688049,5571585
2018-05-11,25.36625671,25.47052765,24.34250641,24.63636017,5396886
2018-05-14,24.79750633,25.11979866,23.32823563,23.86854744,5662099
2018-05-15,23.24292183,24.475214,22.65521431,24.40885925,6707549
2018-05-16,24.40885925,25.09136009,24.18136024,24.77854729,5439295
2018-05-17,24.36146355,24.70271492,23.38511086,23.51781845,5383699
2018-05-18,22.76896477,23.83063126,22.15281868,23.83063126,8686204
2018-05-21,23.7168808,23.94438171,23.51781845,23.81167221,4323902
2018-05-22,24.17188072,25.4515686,23.92542267,25.15771484,5485290
2018-05-23,24.78802681,24.81646538,24.46573448,24.65531921,2675339
2018-05-24,24.19083977,24.40885925,23.66948509,24.26667213,4112491
2018-05-25,24.37094307,24.57948494,23.48938179,23.48938179,3445871
2018-05-28,22.93958855,23.2713604,22.37083817,22.6078186,4244992
2018-05-29,22.75000572,23.48938179,22.75000572,23.1386528,4845888
2018-05-30,22.93011093,23.75479889,22.72156715,23.44198418,6870327
2018-06-01,23.84011078,24.93969345,22.99646378,24.63636017,4153212
2018-06-04,25.0060482,25.33781815,24.78802681,25.08188057,3466864
2018-06-05,24.9586525,25.11979866,23.44198418,23.56521416,5296350
2018-06-06,23.55573463,23.68844223,22.31396484,22.75000572,5643321
2018-06-07,21.92531776,22.14333916,19.77354622,22.08646393,16230747
2018-06-08,22.10542107,23.20500565,21.28073311,22.75000572,7791611
2018-06-11,22.75000572,22.98698425,21.67885971,21.90636063,5666319
2018-06-12,21.72625542,22.69313049,21.48927689,22.21917152,6217000
2018-06-13,22.30448532,23.11021423,22.23813057,22.65521431,6404358
2018-06-14,22.80688095,22.93958855,21.99167252,22.06750488,4898741
2018-06-15,21.83052635,22.08646393,20.95844269,21.46083832,5721703
2018-06-18,21.25229645,21.40396309,20.64562988,21.30917168,5488244
2018-06-19,21.04375458,23.0059433,20.94896317,22.68365097,4881334
2018-06-20,22.93011093,22.94906807,21.57458878,21.99167252,7168877
2018-06-21,21.631464,22.07698441,21.04375458,21.04375458,2753827
2018-06-22,21.33760834,22.15281868,21.33760834,21.631464,5321985
2018-06-25,21.96323586,22.18125534,21.65042114,21.90636063,3084236
2018-06-26,21.92531776,23.11969376,21.70729637,22.94906807,6889738
2018-06-27,22.75000572,22.84479713,21.65990067,21.97271347,5889229
2018-06-28,21.97271347,22.45615005,21.52719307,22.45615005,3942434
2018-06-29,22.49406815,22.72156715,22.3424015,22.49406815,4681000
2018-07-02,22.38031769,22.38031769,21.5840683,21.91583824,3008069
2018-07-03,22.04854774,22.64573479,21.99167252,22.22865105,4037168
2018-07-04,22.13385963,22.45615005,22.12438011,22.32344246,1324166
2018-07-05,22.75948524,23.1386528,21.7641716,21.99167252,4436359
2018-07-06,21.75469208,22.0295887,21.24281883,21.631464,3498618
2018-07-10,21.80208969,22.3424015,21.67885971,22.18125534,3336051
2018-07-11,21.72625542,21.98219299,21.27125549,21.29969215,5569475
2018-07-12,21.50823402,21.94427681,21.1859436,21.68833923,3670574
2018-07-13,21.67885971,22.73104668,21.60302544,22.49406815,5084306
2018-07-16,22.66469383,22.85427666,22.15281868,22.17177582,2656878
2018-07-17,22.33292198,23.29979706,22.14333916,23.16708946,3132236
2018-07-18,23.16708946,23.55573463,22.83531761,23.41354752,3756130
2018-07-19,23.22396469,23.2713604,22.3424015,23.2713604,5775822
2018-07-20,24.04865265,24.26667213,23.69792366,23.9822979,6492235
2018-07-23,23.74531746,23.88750648,23.22396469,23.36615181,3357467
2018-07-24,23.56521416,24.2951107,23.55573463,24.24771309,4564957
2018-07-25,24.28563118,24.60792351,24.20031929,24.31406975,4720139
2018-07-26,24.25719452,24.49417305,23.83063126,24.10552788,3470135
2018-07-27,24.14344406,24.1624012,23.01542282,23.52729797,6652587
2018-07-30,23.59365273,23.88750648,23.30927658,23.66948509,2294504
2018-07-31,23.69792366,23.81167221,21.91583824,22.51302528,6099374
2018-08-01,22.55094337,22.97750664,22.28552628,22.70261002,3950346
2018-08-02,22.51302528,22.61729622,22.08646393,22.48458862,2311805
2018-08-03,22.46563148,23.61260986,22.43719292,23.54625511,5124710
2018-08-06,23.56521416,24.23823547,23.36615181,24.06760979,3505792
2018-08-07,23.9822979,24.34250641,23.54625511,24.06760979,5861378
2018-08-08,23.88750648,24.03917313,23.14813042,23.32823563,5531497
2018-08-09,23.20500565,23.39458847,22.52250671,22.75948524,4887348
2018-08-10,22.5604229,22.7405262,21.69781876,22.01062965,5338864
2018-08-13,21.80208969,22.39927673,21.70729637,22.31396484,4859603
2018-08-14,22.59833908,22.81636047,22.1622963,22.37083817,2119700
2018-08-15,22.08646393,22.1622963,21.48927689,21.59354782,3721423
2018-08-16,21.80208969,21.97271347,21.26177597,21.44187927,8996779
2018-08-17,21.1859436,21.48927689,20.51292229,21.17646408,5182943
2018-08-20,21.06271362,21.631464,20.78781891,21.37552643,4411040
2018-08-21,21.14802551,21.27125549,20.20010948,20.38021278,5624016
2018-08-22,20.28542137,21.42292213,20.15271378,21.36604691,6831611
2018-08-23,21.16698456,21.62198448,20.17167282,20.36125565,5627602
2018-08-24,20.66458893,20.98687935,20.29490089,20.76885986,3097212
2018-08-27,20.93000412,21.59354782,20.77833748,21.59354782,2813537
2018-08-28,21.42292213,21.72625542,21.21438026,21.72625542,4486047
2018-08-29,21.73573494,21.82104683,21.30917168,21.37552643,6980886
2018-08-30,21.1385479,21.21438026,20.24750519,20.31385994,5332534
2018-08-31,20.25698471,20.7404213,20.03896332,20.40865135,4054891
2018-09-03,20.21906662,20.96792221,20.16219139,20.66458893,1924535
2018-09-04,20.64562988,20.78781891,19.80198479,19.82094193,3111665
2018-09-05,19.71667099,20.4750042,19.59344292,20.27594185,4885449
2018-09-06,20.56979752,20.94896317,20.28542137,20.7404213,2871137
2018-09-10,21.1859436,21.1859436,20.39917183,20.59823418,2508658
2018-09-11,20.13375473,20.70250511,20.00104713,20.70250511,2908588
2018-09-12,20.78781891,20.96792221,20.36125565,20.61719322,6741413
2018-09-13,20.85417175,20.85417175,19.67875481,19.85885811,6225123
2018-09-14,19.82094193,20.29490089,19.64083862,20.04844284,4608209
2018-09-17,19.94417191,21.20490074,19.94417191,21.15750504,6313527
2018-09-18,21.00583839,22.04854774,20.86365128,21.80208969,5349097
2018-09-19,21.47979736,22.08646393,21.15750504,21.59354782,3391330
2018-09-20,21.65990067,22.00115013,21.25229645,21.51771355,2440931
2018-09-21,21.80208969,22.5604229,21.64094353,22.35188103,4508622
2018-09-24,22.26656723,22.26656723,21.37552643,21.60302544,3019568
2018-09-25,21.1859436,21.33760834,20.98687935,21.30917168,8436393
2018-09-26,21.23333931,21.71677589,21.1385479,21.4513588,3898020
2018-09-27,21.32813072,22.08646393,21.32813072,21.85896492,2966821
2018-09-28,21.4513588,21.99167252,21.25229645,21.56510925,2137951
2018-10-01,21.5840683,21.87792206,20.71198463,20.72146225,5563884
2018-10-02,21.32813072,21.94427681,21.10062981,21.70729637,16690281
2018-10-03,23.22396469,23.73583984,22.58885956,23.2713604,12826440
2018-10-04,23.19552612,23.19552612,22.15281868,22.70261002,6990591
2018-10-05,22.84479713,23.21448517,22.41823578,22.89219284,4654627
2018-10-08,24.64583969,24.80698586,23.78323555,24.00125694,10117447
2018-10-09,24.0296936,24.06760979,23.16708946,23.47042274,7909764
2018-10-10,23.12917137,23.49885941,22.77844238,22.90167236,7393580
2018-10-11,23.053339,23.55573463,22.5604229,22.84479713,5859796
2018-10-15,23.24292183,23.3187561,22.49406815,22.75000572,4797255
2018-10-16,23.12917137,24.11500549,23.04385948,23.94438171,5799347
2018-10-17,23.69792366,24.475214,23.62208939,24.21927643,5223137
2018-10-18,24.25719452,24.25719452,23.33771324,23.66000557,5691110
2018-10-19,23.86854744,24.38042259,23.84011078,24.19083977,3880719
2018-10-22,24.4278183,25.10083961,24.38042259,24.6932354,4315568
2018-10-23,24.45625687,24.75959015,24.21927643,24.50365257,5292657
2018-10-24,24.63636017,24.93969345,23.84011078,23.93490219,8141219
2018-10-25,23.93490219,25.2714653,23.08177757,24.64583969,9669623
2018-10-26,24.66479874,25.23354721,24.15292358,25.23354721,7225000
2018-10-29,25.15771484,25.47052765,24.38990211,24.92073441,9857614
2018-10-30,25.34729767,26.31417274,25.05344391,26.31417274,7981290
2018-10-31,26.35209084,27.25261116,25.78334045,27.25261116,12120471
2018-11-01,27.30000687,27.86875725,26.9587574,27.36636162,6104437
2018-11-05,27.36636162,27.56542397,26.75021553,27.01563263,5366926
2018-11-06,26.89240265,27.17677879,26.50375748,26.92083931,2935911
2018-11-07,27.00615311,27.17677879,25.87813187,26.20990181,5327154
2018-11-08,26.43740273,26.62698555,25.21459007,25.23354721,5214275
2018-11-09,25.23354721,25.78334045,24.84490204,25.55583954,4065968
2018-11-12,25.75490189,26.2478199,25.48000526,25.81177711,3567823
2018-11-13,25.97292328,26.14354706,25.11979866,25.41365242,4195515
2018-11-14,25.56531906,25.79281807,24.9586525,25.43261147,4139392
2018-11-16,25.76438141,26.29521561,25.10083961,26.29521561,6202864
2018-11-19,26.21938133,26.92083931,25.78334045,26.89240265,4620130
2018-11-21,26.39948654,26.84500694,26.02031898,26.76917267,3529317
2018-11-22,26.51323509,26.75021553,26.2478199,26.3805275,2294399
2018-11-23,26.3805275,26.54167366,25.94448662,26.44688225,2685994
2018-11-26,26.8260479,27.091465,25.91604805,26.15302658,3844851
2018-11-27,26.36156845,27.20521545,26.04875755,26.54167366,4921211
2018-11-28,26.6933403,26.85448647,25.9824028,26.56063271,7506986
2018-11-29,26.28573608,26.72177887,26.06771469,26.37104797,4761598
2018-11-30,26.30469322,26.30469322,25.47052765,25.50844383,7771461
2018-12-03,25.97292328,26.09615135,25.14823532,25.17667389,6138512
2018-12-04,25.38521576,25.64115143,24.5605278,24.99656868,5068904
2018-12-05,25.17667389,25.43261147,24.91125679,25.11979866,2017054
2018-12-06,24.87334061,25.76438141,24.68375587,25.68854713,5016156
2018-12-07,25.80229759,26.33313179,25.4515686,25.66011047,6492024
2018-12-10,25.76438141,25.83073616,25.2240696,25.41365242,4782486
2018-12-11,25.59375572,26.1625061,25.44208908,25.81177711,6571145
2018-12-12,25.87813187,26.9587574,25.87813187,26.45636177,6154969
2018-12-13,26.54167366,27.04406929,26.36156845,26.49427605,4471383
2018-12-14,26.35209084,26.98719406,26.13406944,26.8260479,6795426
2018-12-17,26.61750793,26.94927788,26.09615135,26.27625656,4137704
2018-12-18,26.28573608,26.53219414,26.18146515,26.18146515,2902364
2018-12-19,26.48479843,26.98719406,26.31417274,26.3805275,3133502
2018-12-20,26.49427605,26.70281982,26.04875755,26.57958984,3468658
2018-12-21,26.54167366,27.75500679,26.44688225,27.45167351,8384806
2018-12-26,27.1388607,27.48958969,26.86396408,27.30000687,3136456
2018-12-27,27.30948639,27.56542397,26.92083931,27.48958969,2759946
2018-12-28,27.52750778,28.20052719,27.51802826,28.20052719,3437432
2019-01-02,28.20052719,29.46125793,27.71709061,29.26219559,5064684
2019-01-03,29.11052895,29.13896561,28.42802811,28.7787571,5315761
2019-01-04,28.78823662,28.96834183,28.1152153,28.48490334,4656737
2019-01-07,28.21000671,28.52281952,27.54646492,27.95406914,3891269
2019-01-08,28.08677864,28.39011192,27.56542397,27.97302818,5417141
2019-01-09,27.95406914,28.84511185,27.89719582,28.62709045,3312210
2019-01-10,28.62709045,29.05365372,28.43750763,28.48490334,5072596
2019-01-11,28.48490334,28.71240234,27.73604965,27.94458961,4321264
2019-01-14,27.96354866,28.42802811,27.56542397,27.84032059,4270416
2019-01-15,27.64125633,27.82136154,26.96823692,27.32844353,6545299
2019-01-16,27.55594444,27.95406914,27.06302834,27.52750778,7922740
2019-01-17,27.29052734,29.52761269,27.16729736,29.25271606,15680066
2019-01-18,29.25271606,30.07740211,29.15792465,29.55604935,5111840
2019-01-21,30.15323639,31.12011147,30.02052879,30.61771584,8893922
2019-01-22,30.61771584,30.75042343,29.58448792,30.14375877,6066565
2019-01-23,30.13427734,30.52292442,29.94469452,30.40917397,3392174
2019-01-24,30.41865349,30.89261246,30.29542351,30.54188347,4351858
2019-01-28,30.62719536,31.23386192,30.11532021,30.34281921,4736385
2019-01-29,30.47552872,31.4897995,30.23854828,30.23854828,5093167
2019-01-30,30.48500824,31.70782089,30.40917397,31.47084045,5445308
2019-01-31,31.7552166,32.22917557,31.24334145,31.56563377,5020060
2019-02-01,31.7552166,32.00167465,30.34281921,31.0916748,12841104
2019-02-04,31.0916748,31.3570919,30.19115257,31.13907051,10292463
2019-02-05,31.12011147,31.32865334,30.12479973,30.52292442,7923795
2019-02-06,30.17219543,30.37125778,29.68875885,29.72667313,9427513
2019-02-07,29.76459122,30.48500824,29.40438271,30.10584068,14696119
2019-02-08,29.82146645,31.54667473,29.81198692,31.54667473,8754881
2019-02-11,31.41396523,31.48031998,30.57032013,31.00636292,6445712
2019-02-12,31.2243824,31.55615425,30.82625771,31.53719521,7805747
2019-02-13,31.61302948,32.03959274,31.33813286,31.71730042,8263065
2019-02-14,31.81209183,32.70313263,30.99688339,32.59886169,7506565
2019-02-15,32.5135498,32.5135498,31.73625755,32.39979935,3509801
2019-02-18,32.41875839,32.50407028,31.90688324,32.50407028,3240684
2019-02-19,32.46615219,32.88323975,32.04907227,32.39031982,5344455
2019-02-20,32.39031982,32.59886169,31.45188332,31.82157135,4879647
2019-02-21,31.94479942,32.22917557,31.54667473,32.22917557,4304596
2019-02-22,32.82636261,33.10125732,31.4897995,32.8642807,5711365
2019-02-25,33.044384,33.81219482,32.64625931,33.02542496,6306248
2019-02-26,32.95907211,33.47094727,32.79792404,33.2718811,3525730
2019-02-27,33.29084015,33.41407013,32.47563171,32.80740356,3449774
2019-02-28,32.8642807,32.87375641,32.03959274,32.75053024,4708956
2019-03-01,32.70313263,32.94959259,31.82157135,31.85000801,6134398
2019-03-06,32.01115417,32.35240555,31.65094566,31.99219513,4177581
2019-03-07,32.1533432,32.1533432,31.13907051,31.39500809,4051726
2019-03-08,31.3570919,32.29552841,31.0442791,32.08698654,3585018
2019-03-11,32.30500793,33.55625916,32.26709366,33.35719681,6064139
2019-03-12,33.36667633,33.41407013,32.53250885,33.15813446,2834003
2019-03-13,33.07282257,33.07282257,31.91636276,32.56094742,7802582
2019-03-14,32.69365311,32.85480118,32.1533432,32.85480118,4022926
2019-03-15,32.68417358,33.17709351,32.36188126,32.60834122,5168701
2019-03-18,32.76000977,32.79792404,32.39979935,32.79792404,3884834
2019-03-19,32.57990265,32.85480118,32.35240555,32.46615219,4591225
2019-03-20,32.46615219,32.63677979,31.74573708,31.85000801,4451022
2019-03-21,31.85948753,31.92584038,30.87365341,31.41396523,4268939
2019-03-22,30.66511154,31.37605095,30.19115257,30.55136108,5689211
2019-03-25,30.28594589,31.21490479,30.13427734,30.68407059,2790012
2019-03-26,30.61771584,31.24334145,30.57979965,30.92104912,3497141
2019-03-27,30.39021683,30.70302963,29.45177841,29.75511169,5913281
2019-03-28,29.43281937,30.92104912,29.21479988,30.70302963,5335488
2019-03-29,30.83573723,31.55615425,30.6461544,31.33813286,3923445
2019-04-01,31.59407043,31.72677994,31.11063385,31.31917572,2673019
2019-04-02,31.45188332,31.59407043,30.78834152,31.42344475,4162179
2019-04-03,31.69834137,31.81209183,30.02052879,30.27646637,8781571
2019-04-04,30.2006321,30.5987587,29.85938263,30.23854828,3496825
2019-04-05,30.21011162,30.40917397,29.52761269,30.21959114,7297158
2019-04-08,30.25750732,30.47552872,29.48021507,29.72667313,4121141
2019-04-09,29.72667313,29.90677834,28.9114666,29.0062561,7070872
2019-04-10,29.33802795,29.9352169,28.76927757,29.9352169,8400525
2019-04-11,29.67927742,30.25750732,29.26219559,30.14375877,4722565
2019-04-12,29.73615265,30.56084061,29.45177841,30.09636116,11811478
2019-04-15,30.3333416,31.37605095,30.16271591,30.80729866,7822309
2019-04-16,30.62719536,31.56563377,30.52292442,30.97792435,6712191
2019-04-17,31.16750717,31.19594574,30.57979965,30.78834152,7885501
2019-04-18,30.72198677,31.27177811,30.58927917,31.05375862,2792438
2019-04-22,30.778862,31.53719521,30.67459106,31.30021667,2111788
2019-04-23,31.46136284,32.46615219,31.34761238,32.29552841,6165202
2019-04-24,32.16282272,32.16282272,31.36656952,31.77417564,5620745
2019-04-25,31.69834137,33.06334305,31.45188332,32.5135498,7570072
2019-04-26,32.75053024,34.25771713,32.75053024,34.00178146,11757781
2019-04-29,34.00178146,35.03500748,33.74584198,34.36198807,4795884
2019-04-30,34.50417328,34.8643837,34.04917526,34.31459045,5410284
2019-05-02,34.39990616,34.82646561,34.04917526,34.08709335,4681739
2019-05-03,34.05865479,34.38094711,33.79323959,33.98282242,3532799
2019-05-06,33.46146774,34.16292572,33.29084015,33.46146774,2321405
2019-05-07,33.19604874,33.54677963,32.66521835,33.20552826,4453238
2019-05-08,33.4425087,34.8643837,33.41407013,34.78855133,4445326
2019-05-09,34.40938568,34.77907181,33.67000961,34.42834091,2586935
2019-05-10,34.21979904,34.82646561,33.77428055,34.82646561,2624913
2019-05-13,33.74584198,34.21979904,33.12969589,33.17709351,6915373
2019-05-14,33.64157104,34.09657288,33.29084015,34.09657288,3405994
2019-05-15,33.30979919,34.17240524,32.99698639,34.11552811,3762355
2019-05-16,33.53730011,34.42834091,33.35719681,33.84063339,5151611
2019-05-17,33.51834106,34.03969574,32.90219498,33.044384,4887664
2019-05-20,33.03490448,34.79803085,32.94959259,34.50417328,4924693
2019-05-21,34.50417328,34.78855133,34.10604858,34.41886139,2620482
2019-05-22,34.50417328,34.58948898,33.90698624,34.12500763,2084887
2019-05-23,34.12500763,34.6463623,33.73636246,34.466259,2044060
2019-05-24,34.466259,35.07292557,34.08709335,34.45677948,2921880
2019-05-27,34.45677948,35.80282211,34.41886139,35.28146744,3377194
2019-05-28,35.55636215,35.85969543,34.89282227,35.85969543,6515022
2019-05-29,35.63219833,36.25782013,35.37625885,36.14407349,4170302
2019-05-30,36.08719635,36.40000916,35.62271881,36.17250824,3884306
2019-05-31,36.01136398,36.36209488,35.50896835,36.05875778,3291216
2019-06-03,36.15354919,36.92136383,36.15354919,36.2862587,3516341
2019-06-04,36.58011246,36.63698959,35.65115356,36.02084351,3455155
2019-06-05,36.24834442,36.63698959,35.30042648,35.59428024,2988869
2019-06-06,35.64167786,36.92136383,35.60375977,36.30521774,8808261
2019-06-07,36.44740677,36.82657242,35.96396637,36.7791748,1989414
2019-06-10,36.33365631,36.89292526,36.17250824,36.71282196,2453063
2019-06-11,36.92136383,37.63230133,36.89292526,37.25313568,3881669
2019-06-12,37.27209473,37.89771652,36.54219818,36.95927811,8634722
2019-06-13,37.20573807,37.65126038,36.95927811,37.36688614,5758416
2019-06-14,37.35740662,37.72709274,37.03511429,37.32896805,2314865
2019-06-17,37.35740662,38.33375931,37.13938522,37.67969513,4637853
2019-06-18,38.03042603,38.43803024,37.75553131,38.03042603,4125994
2019-06-19,38.03042603,39.07313538,37.8408432,38.82667542,4558205
2019-06-21,38.71292877,39.31959152,38.51386261,38.76980209,4088543
2019-06-24,38.95938492,39.40490723,38.60865784,39.40490723,1485995
2019-06-25,39.05417633,39.05417633,37.86928177,38.19157028,3888842
2019-06-26,38.31480026,38.59917831,37.65126038,38.2389679,3252183
2019-06-27,37.83136368,38.46646881,37.55646896,38.17261505,3175700
2019-06-28,38.5517807,38.84563446,38.22000885,38.84563446,2969353
2019-07-01,38.84563446,38.9119873,38.38115692,38.67501068,2486188
2019-07-02,38.76980209,38.9499054,38.32427979,38.9499054,3282144
2019-07-03,38.5043869,39.91678238,38.4190712,39.63240433,3860886
2019-07-04,40.18219757,40.76042557,39.90730286,40.42865753,3109977
2019-07-05,40.07792664,41.13959503,39.65136337,40.64667511,3620781
2019-07-08,40.66563416,41.86001205,40.66563416,41.23438644,4181906
2019-07-10,41.23438644,42.03063583,40.59928131,41.83157349,5105194
2019-07-11,41.87896729,41.88844681,40.5518837,40.8646965,4934609
2019-07-12,40.8646965,41.30073929,39.57553101,40.04948807,7668815
2019-07-15,40.09688568,40.42865753,39.53761292,39.7935524,4757273
2019-07-16,39.8409462,40.87417603,39.76511383,40.76042557,4003515
2019-07-17,40.92157364,41.56615829,40.78886414,40.94053268,5455752
2019-07-18,41.23438644,41.51876068,40.69407272,41.32917786,1904597
2019-07-19,41.04480362,41.2628212,40.43813324,40.62771988,1892359
2019-07-22,40.94053268,41.67990875,40.47605133,40.82678223,3300078
2019-07-23,40.95949173,40.95949173,40.09688568,40.28646851,2773555
2019-07-24,40.23907471,41.25334549,40.23907471,40.96896744,4114706
2019-07-25,40.99740601,41.16802979,40.33386612,41.04480362,3287418
2019-07-26,40.95949173,41.28178024,40.62771988,40.97844696,2337019
2019-07-29,40.85522079,41.51876068,40.6371994,41.51876068,1609423
2019-07-30,41.58511353,42.12542725,41.13959503,41.70834351,2370249
2019-07-31,42.03063583,42.06855392,40.95949173,41.70834351,4136649
2019-08-01,42.18230438,42.5899086,41.31969833,42.54251099,6945439
2019-08-02,43.05438614,43.50938416,41.33865738,43.32928085,6882143
2019-08-05,42.4571991,42.72261429,41.13959503,41.80313492,5912226
2019-08-06,42.07803345,42.64678192,41.70834351,42.56147003,5206468
2019-08-07,41.7936554,42.13490677,41.13959503,41.22490692,4914565
2019-08-08,41.5282402,42.65626144,41.40501022,42.65626144,6962319
2019-08-09,42.79845047,43.3482399,41.91688538,42.27709579,3411902
2019-08-12,41.66094971,41.69886398,41.23438644,41.63251114,3802653
2019-08-13,41.51876068,42.64678192,41.01636505,42.6373024,4804323
2019-08-14,42.01167679,42.33396912,41.40501022,41.77469635,5720754
2019-08-15,42.19178391,42.19178391,40.39073944,41.18698883,4508200
2019-08-16,41.47136688,42.64678192,40.93105316,42.64678192,3693361
2019-08-19,43.03542709,43.13021851,41.93584442,42.41928101,3523832
2019-08-20,42.41928101,42.41928101,41.37657166,41.97376251,4610003
2019-08-21,42.65626144,43.29136658,42.21073914,43.03542709,3728596
2019-08-22,43.31032562,43.31032562,42.19178391,42.30553055,2742539
2019-08-23,41.88844681,42.19178391,40.97844696,41.48084259,3550838
2019-08-26,41.94532394,41.94532394,40.44761658,40.67511368,3342803
2019-08-27,40.84574127,42.47615814,40.84574127,42.37188721,6000842
2019-08-28,42.17282486,42.7700119,41.5282402,42.72261429,2127718
2019-08-29,42.72261429,43.8790741,42.2865715,43.79376221,4630996
2019-08-30,44.26771927,45.29146957,44.03074265,44.5900116,5437607
2019-09-02,44.55209351,45.00709534,44.17292786,44.45730209,1928439
2019-09-03,44.40042877,45.54740906,43.85063553,44.13500977,4141713
2019-09-04,44.65636444,45.00709534,43.93594742,44.7227211,2753194
2019-09-05,45.00709534,45.53792953,44.46678162,44.78907394,3340377
2019-09-06,44.94074249,45.19667816,44.00230408,44.39094925,2037731
2019-09-09,44.45730209,44.93126297,43.01646805,43.14917755,6535171
2019-09-10,42.86480331,43.22500992,41.11115646,42.55199051,10367786
2019-09-11,42.89324188,43.46199036,42.77949142,43.27240753,4817194
2019-09-12,43.68001175,43.85063553,42.7700119,43.08282471,3479629
2019-09-13,43.08282471,43.36719894,41.42396927,41.70834351,9196375
2019-09-16,41.70834351,42.20125961,41.30073929,41.93584442,4615910
2019-09-17,41.62303162,42.78896713,41.3955307,42.18230438,5687101
2019-09-18,41.80313492,42.88376236,41.56615829,42.77949142,5278099
2019-09-19,42.90271759,43.88855362,42.89324188,43.4809494,5440244
2019-09-20,43.86959457,43.86959457,42.61834335,43.57574081,5503119
2019-09-23,42.93115616,42.98803329,41.9263649,42.12542725,5748605
2019-09-24,42.20125961,42.27709579,40.93105316,41.32917786,5725607
2019-09-25,41.22490692,42.62782288,41.19646835,42.31501007,4448069
2019-09-26,42.57094955,42.8174057,42.04011536,42.0590744,2106302
2019-09-27,42.0590744,42.70365524,41.7462616,41.86001205,2197344
2019-09-30,41.95480347,43.36719894,41.87896729,43.09230423,4993475
2019-10-01,43.13021851,43.13021851,41.75574112,42.09698868,4872895
2019-10-02,41.70834351,41.70834351,40.20115662,40.47605133,6549624
2019-10-03,40.47605133,41.02584457,39.33855057,40.89313507,8544419
2019-10-04,41.11115646,41.97376251,40.76042557,41.56615829,3163357
2019-10-07,41.18698883,41.47136688,40.6371994,40.95001221,2936333
2019-10-08,41.15855026,41.56615829,40.13480377,40.71303177,3547673
2019-10-09,41.12063599,41.12063599,40.40969849,40.83626175,1867674
2019-10-10,40.76042557,40.94053268,39.69876099,39.87886429,6431892
2019-10-11,40.17271805,41.69886398,40.09688568,41.04480362,5698600
2019-10-14,41.04480362,41.76522064,40.78886414,41.76522064,2137529
2019-10-15,41.58511353,42.93115616,41.31969833,42.57094955,4392473
2019-10-16,42.69417953,42.80792618,41.43344879,41.98323822,6129334
2019-10-17,42.20125961,42.27709579,41.67042542,41.93584442,2260535
2019-10-18,42.08750916,42.5899086,41.53771973,42.5899086,2279102
2019-10-21,42.60886383,43.01646805,41.70834351,42.27709579,3726381
2019-10-22,42.33396912,42.84584427,41.99271774,42.36240768,4127998
2019-10-23,42.48563766,42.57094955,41.07323837,42.06855392,5115532
2019-10-24,39.91678238,40.65615463,39.15844727,39.47126007,27180757
2019-10-25,39.62292862,39.80303192,38.32427979,39.59449005,16799362
2019-10-28,39.71772003,39.95469666,39.11105347,39.27219772,6019303
2019-10-29,39.28167725,39.59449005,38.88355255,39.27219772,6467971
2019-10-30,39.33855057,40.79834366,39.27219772,40.69407272,7006310
2019-10-31,40.57084274,40.93105316,39.86938477,40.93105316,5060992
2019-11-01,40.92157364,41.56615829,40.53292847,41.04480362,6354987
2019-11-04,41.02584457,41.22490692,40.04000854,40.04948807,6516288
2019-11-05,40.23907471,40.25802994,39.3954277,39.98313522,5658301
2019-11-06,39.98313522,40.36230087,39.46178055,39.99261475,5709783
2019-11-07,40.08740616,40.57084274,39.60396957,40.14427948,8785791
2019-11-08,39.93573761,39.95469666,38.89303207,39.38594818,4519066
2019-11-11,39.24375916,40.07792664,39.09209442,39.93573761,4459462
2019-11-12,39.6608429,39.99261475,38.57073975,39.13948822,5092534
2019-11-13,39.05417633,39.57553101,38.58021927,39.01625824,4653150
2019-11-14,39.05417633,39.80303192,38.80771637,39.57553101,3456632
2019-11-18,39.81251144,39.9736557,39.00678253,39.00678253,3874179
2019-11-19,39.27219772,39.60396957,38.4190712,38.88355255,4676570
2019-11-21,38.88355255,41.06376266,38.59917831,41.06376266,5713369
2019-11-22,41.06376266,41.96428299,40.58980179,41.96428299,4823312
2019-11-25,41.90740585,42.02115631,41.17750931,41.76522064,4148675
2019-11-26,41.76522064,41.76522064,40.35282135,41.25334549,6446029
2019-11-27,41.25334549,41.46188736,40.40021896,41.01636505,2152720
2019-11-28,40.85522079,42.41928101,40.82678223,42.41928101,4299954
2019-11-29,42.51407242,42.69417953,41.82209396,42.69417953,3483427
2019-12-02,42.65626144,42.65626144,41.80313492,42.2391777,3516341
2019-12-03,42.40980148,42.72261429,41.61355209,42.5045929,3271805
2019-12-04,42.64678192,43.13021851,41.76522064,42.08750916,4084851
2019-12-05,42.25813675,42.69417953,41.73678207,42.69417953,2127190
2019-12-06,42.69417953,43.73688507,42.53303146,43.31980133,3302610
2019-12-09,43.53782272,43.76532364,42.46667862,42.78896713,2777036
2019-12-10,42.78896713,42.83636475,41.80313492,42.13490677,3622047
2019-12-11,42.13490677,43.68949127,42.13490677,43.23448944,3921335
2019-12-12,43.36719894,44.34355164,43.24396896,44.34355164,3391119
2019-12-13,44.55209351,45.02605438,43.88855362,44.39094925,4634583
2019-12-16,44.41938782,45.40522003,44.27719879,45.02605438,4569809
2019-12-17,45.04501343,45.38626099,44.35303116,44.83647156,3364324
2019-12-18,44.85542679,45.81282425,44.33407211,45.81282425,9960999
2019-12-19,45.57584381,46.78918076,45.11136627,46.35313797,5990081
2019-12-20,46.42897034,46.42897034,45.22511673,45.32938766,6244112
2019-12-23,45.7246666,46.58063889,45.1374321,46.58063889,3054617
2019-12-26,46.61049652,48.32243347,46.01330948,48.0337944,3570234
2019-12-27,48.02384186,48.05369949,46.95885468,47.73519897,3888526
2019-12-30,47.73519897,48.06365204,47.07829285,47.18777847,2714322
2020-01-02,47.99398041,49.38742065,47.38684082,49.38742065,3099628
2020-01-03,48.85990143,49.51681137,48.32243347,48.67079544,5082723
2020-01-06,48.32243347,48.6608429,47.60580826,48.10346603,3684369
2020-01-07,47.97407532,48.57126236,47.6555748,48.57126236,4387465
2020-01-08,48.71060562,49.24807358,47.99398041,48.33238983,3570134
2020-01-09,48.13332367,48.9992485,47.95417023,48.59116745,3173173
2020-01-10,48.65088654,49.06892014,47.37688828,47.62571335,4533248
2020-01-13,47.8844986,48.16318512,47.50627899,47.77501297,6304349
2020-01-14,47.6157608,47.97407532,47.22758865,47.97407532,5655006
2020-01-15,47.86458969,48.23285675,47.53613663,47.98402786,9887143
2020-01-16,48.4319191,48.91962051,47.87454224,48.91962051,5668971
2020-01-17,48.96938705,49.25802612,48.52149582,49.25802612,2690008
2020-01-20,49.05896759,49.73577881,48.82009125,49.36751175,4113480
2020-01-21,49.1684494,49.57652664,48.5812149,48.96938705,2864627
2020-01-22,49.5665741,49.59643555,48.80018616,49.59643555,2398241
2020-01-23,49.28788757,51.58705902,48.48168564,51.4974823,7419778
2020-01-24,51.4576683,51.85579681,50.9500618,51.16902924,4430868
2020-01-27,50.16376114,51.89560699,49.1684494,51.19888687,3865217
2020-01-28,51.15907669,52.95063782,50.79080963,52.6520462,4613926
2020-01-29,52.6520462,54.29431152,52.53260803,53.99571609,5836858
2020-01-30,53.91609192,53.91609192,52.49279404,53.57768631,5930598
2020-01-31,52.90087128,53.4084816,52.68190384,53.37862396,4762422
2020-02-03,53.39852905,55.09056091,53.08002853,54.2047348,5615621
2020-02-04,54.86163712,55.23985672,54.16492081,54.74220276,3312024
2020-02-05,55.04079437,55.94652939,55.04079437,55.25976562,3588118
2020-02-06,55.47873306,56.01620102,53.0501709,53.58763885,4269914
2020-02-07,53.41843414,53.89618683,51.93542099,52.68190384,4874849
2020-02-10,53.64735794,53.64735794,51.51738739,52.07476425,4449957
2020-02-11,52.43307495,53.95590591,52.09466934,53.84642029,3594448
2020-02-12,53.98576355,55.21995163,53.11984253,55.21995163,5609292
2020-02-13,54.01562119,54.93131256,53.76679611,54.76210785,3238077
2020-02-14,54.64266968,54.93131256,53.96585846,54.74220276,2473292
2020-02-17,54.89149857,55.85695267,54.55309296,54.97112274,3925700
2020-02-18,54.55309296,55.31948471,54.07534027,55.04079437,2901500
2020-02-19,54.54314041,55.39910889,54.40379333,54.79196548,4312413
2020-02-20,54.25449753,54.74220276,53.95590591,54.46351242,3493072
2020-02-21,53.87628174,54.41374969,53.35871887,54.14501572,3085160
2020-02-26,50.96001434,51.75626373,49.81540298,50.39268494,6338208
2020-02-27,49.79549789,50.96996689,49.11868668,49.11868668,6532921
2020-02-28,49.11868668,49.30779266,46.8394165,49.30779266,12202395
2020-03-02,48.73051453,50.19362259,48.57126236,49.61634064,7222051
2020-03-03,48.77032471,51.35813904,48.53144836,49.42723083,8402685
2020-03-04,50.26329422,51.00978088,49.86516953,50.56188965,6053775
2020-03-05,49.85521698,50.52207565,46.21237183,48.02384186,8731828
2020-03-06,45.88391876,46.23227692,43.94305801,44.83884048,14190916
2020-03-09,42.59938431,42.59938431,38.34939957,39.6134491,17174299
2020-03-10,40.90735245,42.12163544,39.8025589,41.75336838,16434130
2020-03-11,40.60876083,41.3154335,37.32422638,38.77738571,14422099
2020-03-12,29.9589138,34.01979065,28.91383553,32.84532166,12669585
2020-03-13,38.31954193,39.41438675,31.5116024,35.83126068,16254187
2020-03-16,30.05844498,31.22296143,27.37110138,27.37110138,13491738
2020-03-17,28.08772659,28.8242569,25.81841278,27.57016373,23073651
2020-03-18,24.56431961,24.87286568,20.51339531,23.75811577,24878712
2020-03-19,21.8968792,28.36641312,21.80730247,25.95775604,15668743
2020-03-20,26.8734436,28.51571083,24.99230385,27.42086601,16167480
2020-03-23,27.39100647,27.97824097,22.84242821,23.98703766,13373886
2020-03-24,26.47531891,28.01805305,24.7733345,27.05260086,17365496
2020-03-25,26.97297668,35.03500748,26.68433571,34.30842972,9491790
2020-03-26,33.5918045,35.90093231,31.85996056,34.52739716,15341509
2020-03-27,32.54672623,32.64625931,30.15797615,31.17319489,12415695
2020-03-30,31.40211678,31.64099121,28.20716286,28.56547546,11013121
2020-03-31,28.70482063,29.16266441,25.38047409,26.17672539,11217679
2020-04-01,25.28094482,25.28094482,23.21069336,23.58891106,12529026
2020-04-02,23.83773994,26.01747513,23.0315361,26.01747513,10268129
2020-04-03,25.64920998,25.64920998,22.40448952,23.20074081,13445522
2020-04-06,25.03211594,28.93374252,24.99230385,27.86875725,13893924
2020-04-07,30.65563393,31.25281906,27.98819542,29.08303833,15107311
2020-04-08,29.28210068,33.32307053,28.4062252,31.75047684,15235713
2020-04-09,32.01921082,33.4425087,29.9589138,30.00867844,14562055
2020-04-13,29.85938263,30.31722641,28.54557037,29.61055374,9233178
2020-04-14,30.3769455,31.35235214,29.71008682,30.34708595,7981310
2020-04-15,29.71008682,31.7007103,29.15270996,29.9788208,11299463
2020-04-16,30.7352581,30.7352581,29.16266441,29.42144585,10688097
2020-04-17,30.30727386,32.05902481,29.93900871,31.87986755,11626496
2020-04-20,31.05375862,34.83594513,30.57600784,33.84063339,13236743
2020-04-22,33.94016647,36.92610168,33.41264725,36.32891464,15305339
2020-04-23,36.82657242,38.01099396,34.44777298,34.81604004,10668003
2020-04-24,34.09941483,34.68664932,30.3769455,32.82541656,14257528
2020-04-27,33.84063339,34.56721115,32.57658768,33.34297562,11041855
2020-04-28,34.68664932,35.13454056,32.86522675,35.03500748,8581222
2020-04-29,35.60233688,36.28910446,35.13454056,35.98055649,9389611
2020-04-30,35.13454056,35.5625267,33.77096176,34.02974319,7271583
2020-05-04,33.08419418,33.89039993,32.27799225,33.2533989,6655495
2020-05-05,33.84063339,34.75632095,32.79555511,33.47236633,6668858
2020-05-06,33.72119522,34.07950974,32.14860153,32.34766388,8372242
2020-05-07,32.70597839,32.78560257,29.63046074,29.63046074,19030500
2020-05-08,30.3570385,30.67553902,29.13280487,29.51102257,8784374
2020-05-11,29.1825695,29.5806942,27.71945953,27.96828842,14165898
2020-05-12,28.31664848,29.06313133,27.38105392,27.38105392,18696635
2020-05-13,27.47063255,28.14744568,26.54499054,27.18199158,9425378
2020-05-14,26.88339615,29.15270996,26.18667793,29.15270996,13873528
2020-05-15,28.84416389,30.85469437,28.10763168,30.05844498,24965921
2020-05-18,30.96417999,33.75105667,30.88455582,33.35292816,13752661
2020-05-19,33.35292816,35.88102341,32.74578857,34.90561676,16737050
2020-05-20,35.28383636,36.18957138,34.70655441,35.13454056,10881001
2020-05-21,35.42317963,37.57305527,35.27388382,36.11989975,11938156
2020-05-22,35.63219833,36.68722916,34.97528839,36.02037048,8460154
2020-05-25,37.18488312,38.00104141,36.2791481,36.52797699,6472839
2020-05-26,36.82657242,37.94132233,35.9606514,36.70713425,7479156
2020-05-27,36.94601059,39.3845253,36.94601059,38.91672897,8289956
2020-05-28,38.99635315,39.3447113,36.96591568,37.14507294,8877410
2020-05-29,37.13512039,38.29963684,35.68196106,38.29963684,10175093
2020-06-01,38.22000885,38.76743317,37.13512039,37.43371201,9748593
2020-06-02,37.92141724,39.20536804,37.2844162,38.07071304,9737642
2020-06-03,39.40443039,41.34529114,38.87691498,40.82772827,13858960
2020-06-04,40.7082901,40.7082901,38.91672897,39.81251144,10357146
2020-06-05,41.20594788,41.77327728,39.72293091,40.64857483,11458810
2020-06-08,40.91730881,43.23638535,40.50922775,42.99751282,8292770
2020-06-09,41.77327728,43.21648026,40.60876083,42.69891739,5214340
2020-06-10,43.28615189,43.51507568,40.44950867,40.90735245,7212506
2020-06-12,39.32480621,40.64857483,38.71766663,40.10115051,10933749
2020-06-15,39.30490112,41.4846344,38.38921356,40.50922775,8208475
2020-06-16,41.80313492,42.0718689,39.74283981,39.98171234,6966352
2020-06-17,39.31485367,41.63393402,39.13569641,40.63861847,9426082
2020-06-18,40.33007431,41.53440094,40.11110306,41.01683807,4253135
2020-06-19,41.81308746,42.2808876,41.20594788,41.70360565,12686966
2020-06-22,42.29084015,42.29084015,40.90735245,41.04669952,4919056
2020-06-23,41.60407257,42.0917778,41.17609024,41.56426239,4129455
2020-06-24,40.87749481,42.2609787,40.17082214,40.78791809,5984249
2020-06-25,41.13627625,41.91262054,40.71824646,41.25571442,4013210
2020-06-26,41.03674316,41.80313492,39.88218307,40.06133652,6522371
2020-06-29,40.31016541,41.30547714,40.03147888,41.01683807,3987289
2020-06-30,40.52913666,41.46472931,40.23054123,40.71824646,5998717
2020-07-01,40.55899429,42.61929321,40.41965103,42.15149689,7242748
2020-07-02,43.02737045,43.13685608,41.76332474,42.19130707,5058108
2020-07-03,42.04201126,42.64915085,41.63393402,42.49985504,2510467
2020-07-06,43.33591843,43.55488586,42.31074524,43.04727554,6002937
2020-07-07,43.16671371,44.33123016,42.87807465,43.80371475,7016990
2020-07-08,44.09235382,45.00804138,43.61460495,44.21179199,6080098
2020-07-09,44.39094925,44.49047852,42.65910339,43.12690353,5262566
2020-07-10,42.6790123,43.68427658,42.53966522,43.33591843,3578975
2020-07-13,43.40559006,43.74399567,41.74341583,41.902668,4658636
2020-07-14,41.902668,44.05254364,41.55430984,43.69422913,6510717
2020-07-15,44.04259109,44.9682312,43.80371475,44.53029251,4573838
2020-07-16,44.07244873,44.49047852,43.59469986,44.3809967,3197185
2020-07-17,44.56015015,46.12279129,44.13216782,45.73461914,6358403
2020-07-20,45.73461914,46.5209198,45.43602753,45.99340439,5676406
2020-07-21,46.26213837,47.39679337,46.01330948,46.67021561,5689166
2020-07-22,46.71998215,47.22758865,45.69480896,46.17255783,7894001
2020-07-23,46.5209198,47.8446846,44.92841721,45.66494751,8132619
2020-07-24,45.98344803,46.32185745,44.11226273,44.49047852,7183470
2020-07-27,44.51038742,46.27209091,44.51038742,45.19715118,6403916
2020-07-28,44.74926376,45.1374321,44.29141617,44.67958832,7276004
2020-07-29,45.18719864,45.3265419,44.50043488,44.85874557,5088048
2020-07-30,46.07302856,50.45240402,45.58532333,49.72582626,32349931
2020-07-31,49.15849686,52.75157547,49.09877777,50.68132782,29283558
2020-08-03,50.87043381,51.89560699,49.38742065,50.05427933,10249039
2020-08-04,49.91493607,51.65673065,48.95943451,49.66610718,9547049
2020-08-05,50.67137146,51.65673065,50.26329422,50.77090454,8080776
2020-08-06,50.83062363,52.32359314,50.78085709,51.38799667,5163703
2020-08-07,50.39268494,52.28377914,50.3429184,50.57184219,8124581
2020-08-10,50.83062363,51.4576683,50.09408951,50.67137146,3409882
2020-08-11,51.15907669,52.09466934,50.46235657,50.55193329,4024765
2020-08-12,50.9500618,51.17898178,49.26798248,50.21352768,4910818
2020-08-13,50.27324677,52.19420242,48.73051453,48.7902298,11741535
2020-08-14,48.87981033,49.86516953,48.5812149,49.34760666,5520475
2020-08-17,49.61634064,49.68601227,46.17255783,47.49632645,10291538
2020-08-18,48.47172928,49.7755928,48.16318512,49.36751175,5144814
2020-08-19,49.01915359,49.45709229,48.2428093,48.78027725,3437411
2020-08-20,47.37688828,49.81540298,47.17782593,49.70591736,9657466
2020-08-21,49.42723083,49.49690247,48.25276184,48.74046707,4436796
2020-08-24,48.7902298,49.17840195,48.00393295,48.8101387,3456501
2020-08-25,48.8101387,49.71587372,48.60112381,48.93952942,2405675
2020-08-26,48.67079544,49.34760666,46.81951141,48.19304276,4325273
2020-08-27,48.27267075,49.12863922,47.92430878,48.87981033,3138008
2020-08-28,48.87981033,50.50217056,48.6210289,49.76563644,4505417
2020-08-31,48.85990143,49.50685883,48.00393295,48.00393295,6997398
2020-09-01,48.42196655,50.25334167,48.30252838,50.16376114,5448036
2020-09-02,50.10404587,51.02968597,49.50685883,50.81071472,5410962
2020-09-03,50.81071472,51.84584045,50.16376114,50.45240402,4717009
2020-09-04,50.81071472,51.8757019,48.6210289,50.51212311,5401819
2020-09-08,49.80545044,53.84642029,49.63624573,53.47815323,10172279
2020-09-09,53.81656265,55.20999908,52.8610611,54.61281204,7848487
2020-09-10,54.54314041,54.54314041,51.4576683,51.67663956,8788895
2020-09-11,51.91551208,52.25392151,50.06423187,50.30310822,5605273
2020-09-14,50.78085709,52.75157547,50.74104309,52.58237457,4186121
2020-09-15,52.73167038,53.06012344,51.79607773,52.57241821,4876055
2020-09-16,52.85110855,53.14970016,52.25392151,52.43307495,3094303
2020-09-17,51.88565445,52.95063782,51.84584045,52.70181274,3195076
2020-09-18,52.33354568,53.13974762,51.93542099,52.45298386,5801794
2020-09-21,51.55720139,51.85579681,49.74573135,50.57184219,9013046
2020-09-22,50.62160873,51.71644974,50.3429184,51.4974823,2370410
2020-09-23,59.61923218,60.00740433,56.92193604,58.69359207,31326534
2020-09-24,58.32532883,58.87274933,57.09114075,57.71818542,7826886
2020-09-25,57.03142166,58.72345352,56.73282623,58.72345352,5468431
2020-09-28,58.73340607,58.91256332,56.26502991,56.38446808,7404506
2020-09-29,56.53376389,56.92193604,55.10051346,56.52381134,5920952
2020-09-30,56.92193604,57.74804688,55.89676666,56.40437317,5363339
2020-10-01,56.13563919,57.0612793,54.99103165,56.8522644,4291213
2020-10-02,56.53376389,57.92720413,56.23517227,56.43423462,4301863
2020-10-05,56.72287369,57.40964127,55.86690521,56.98165512,3291829
2020-10-06,57.4793129,58.18598557,56.53376389,57.04137421,4339239
2020-10-07,57.0811882,57.57884216,55.60812378,56.62334442,4761417
2020-10-08,56.87216949,59.68890762,56.80249786,59.67895126,6549800
2020-10-09,59.29077911,60.81361008,58.81303024,59.86806488,6177857
2020-10-13,59.83820343,60.36571884,58.50448227,59.09172058,4745744
2020-10-14,59.10167313,61.46056366,58.9921875,61.40084457,4827326
2020-10-15,60.36571884,62.77437592,59.78843689,62.08760834,6443904
2020-10-16,61.71934509,62.54545212,61.14206314,61.97812653,4770862
2020-10-19,62.2866745,63.20235825,61.33117294,61.39089203,3331515
2020-10-20,62.0577507,64.59579468,61.89850235,64.16781616,5410158
2020-10-21,64.04837799,64.92424774,62.2468605,62.59521866,5419803
2020-10-22,62.6051712,63.88912582,62.20704651,63.70001602,4562887
2020-10-23,63.70001602,64.26734161,61.65962601,62.26676559,4815571
2020-10-26,62.30657959,63.01325226,61.52028275,62.59521866,2385782
2020-10-27,63.68011093,65.90961456,63.04310989,64.26734161,9797925
2020-10-28,64.26734161,64.26734161,61.79896927,62.25681305,8323715
2020-10-29,61.6397171,62.46582794,60.58468628,62.26676559,6262051
2020-10-30,61.80892181,62.16723633,60.06712341,60.39557648,6413260
2020-11-03,61.59990692,64.01851654,61.4904213,63.47109604,7281329
2020-11-04,63.99861145,66.63619232,63.86922073,65.98923492,5317122
2020-11-05,67.06417084,68.26850128,66.58642578,67.56182861,5580858
2020-11-06,67.02436066,67.84051514,66.54660797,67.68126678,4801706
2020-11-09,68.67658234,69.67189026,65.19298553,65.79017639,8031746
2020-11-10,65.80012512,68.04953003,65.70059204,66.00914001,6827502
2020-11-11,65.14321899,67.78079987,64.96406555,65.90961456,4470454
2020-11-12,66.68595123,66.71581268,63.89907837,65.14321899,4327684
2020-11-13,65.68068695,66.93478394,65.3920517,66.68595123,4315226
2020-11-16,67.34285736,67.72107697,64.84462738,66.50679779,3538686
2020-11-17,66.36745453,67.09403229,65.30246735,65.69064331,4738510
2020-11-18,65.64087677,65.87975311,63.65024948,64.18772125,6247483
2020-11-19,63.91898346,65.62097168,62.6051712,65.17308044,3867025
2020-11-23,65.54134369,65.77026367,64.5559845,65.05364227,2321883
2020-11-24,65.20294189,65.76031494,64.54603577,65.29251862,2964394
2020-11-25,65.20294189,66.18830109,64.28725433,65.44181061,3018146
2020-11-26,64.85457611,65.94942474,64.5559845,65.13327026,2775911
2020-11-27,64.98397064,66.98455048,64.53607941,66.12857819,3848137
2020-11-30,66.11862946,68.8159256,65.3920517,66.90492249,7449015
2020-12-01,67.63150024,67.67131805,65.02378082,65.14321899,5275326
2020-12-02,65.14321899,65.68068695,63.97870255,65.26265717,4208526
2020-12-03,65.42190552,68.72634888,65.03373718,67.77084351,4762121
2020-12-04,67.92014313,68.39789581,66.2977829,66.70586395,4338435
2020-12-07,66.68595123,66.81534576,64.09814453,64.65551758,4773373
2020-12-08,64.45645142,65.65083313,64.44650269,65.65083313,4174466
2020-12-09,65.57120514,66.53665924,62.75447083,63.57062531,7208688
2020-12-10,63.84931564,64.2175827,61.91840744,63.2322197,5277838
2020-12-11,62.82414246,63.63034439,62.20704651,63.40142441,3143132
2020-12-14,63.80950165,64.11804962,62.73456192,62.99334335,2232464
2020-12-15,62.99334335,64.84462738,62.29662704,64.39673615,4473870
2020-12-16,64.29720306,65.65083313,63.51090622,65.65083313,4636030
2020-12-17,65.49157715,67.62155151,65.00387573,66.81534576,4972708
2020-12-18,66.74567413,67.24333191,65.23279572,66.39731598,6366742
2020-12-21,65.3920517,66.68595123,63.71992111,65.43186188,2726077
2020-12-22,66.03900146,66.65609741,64.04837799,64.57588959,3362058
2020-12-23,64.99391937,66.58642578,64.6157074,66.28782654,3291126
2020-12-28,67.06417084,67.06417084,65.54134369,66.38735962,3228834
2020-12-29,67.05422211,67.35281372,66.38735962,66.74567413,2188055
2020-12-30,67.18360901,68.96521759,67.04426575,68.6268158,5125524
2021-01-04,69.31358337,69.31358337,66.50679779,67.46229553,3815684
2021-01-05,67.53197479,67.84051514,65.8399353,67.06417084,3714008
2021-01-06,67.0144043,67.28314209,62.95353317,63.20235825,8055960
2021-01-07,63.28198624,66.77553558,62.88386154,66.19824982,6277926
2021-01-08,66.68595123,71.25444031,66.11862946,70.66720581,9431306
2021-01-11,70.02025604,71.94120789,68.57704926,69.29367065,6000123
2021-01-12,70.02025604,70.86627197,68.21873474,70.7468338,4454579
2021-01-13,70.8762207,71.8615799,69.80128479,70.71697235,4929304
2021-01-14,71.11509705,73.58347321,70.21931458,73.58347321,5644758
2021-01-15,73.58347321,73.58347321,66.93478394,70.37856293,10745767
2021-01-18,71.00561523,71.3340683,69.67189026,70.35865784,4329895
2021-01-19,70.95584869,70.97575378,67.29309845,68.47751617,6928475
2021-01-20,68.72634888,69.86100006,67.5817337,69.24391174,3436708
2021-01-21,69.58231354,69.66194153,66.59637451,67.59169006,5785417
2021-01-22,66.56652069,67.42248535,66.14848328,67.19356537,4789047
2021-01-26,67.46229553,68.14906311,64.94416046,65.65083313,6604155
2021-01-27,65.44181061,66.3575058,64.19766998,64.67542267,4165323
2021-01-28,64.69532776,67.35281372,64.65551758,66.92482758,6154547
2021-01-29,66.04895782,66.52670288,62.96348572,63.58057785,7400387
2021-02-01,64.48631287,65.35223389,63.43128204,63.65024948,5434271
2021-02-02,64.92424774,67.36277008,64.71523285,67.19356537,7304437
2021-02-03,67.50211334,68.6268158,66.56652069,68.47751617,5898447
2021-02-04,68.04953003,69.41310883,67.70117188,69.27376556,4969493
2021-02-05,70.14964294,70.14964294,68.20878601,68.54718781,3110780
2021-02-08,68.88559723,70.1595993,67.54192352,68.93536377,3265606
2021-02-09,68.54718781,69.23395538,67.33290863,68.19882965,2430492
2021-02-10,68.20878601,68.49742126,65.99919128,67.03431702,4605788
2021-02-11,67.03431702,68.11920166,65.70059204,66.64614105,2775509
2021-02-12,65.64087677,67.29309845,65.38209534,66.58642578,2771088
2021-02-17,65.06359863,66.4868927,64.95410919,65.60106659,4631810
2021-02-18,65.75035858,65.95937347,63.49100113,64.30715942,6071056
2021-02-19,64.22753143,64.8048172,63.30189133,64.79486084,4364256
2021-02-22,63.09287643,63.20235825,60.06712341,60.80365753,12283977
2021-02-23,61.11220169,61.21173477,59.84815598,61.01267242,7015081
2021-02-24,61.33117294,62.29662704,60.00740433,60.25623322,5689668
2021-02-25,60.30599976,61.44065857,58.92251587,59.579422,7354873
2021-02-26,60.97285843,60.97285843,56.8920784,57.72814178,10264210
2021-03-01,57.6684227,60.52496719,57.31010818,58.88270187,6437574
2021-03-02,57.23048401,59.73867035,56.1157341,58.32532883,9573774
2021-03-03,57.99687576,59.13153076,55.20004654,58.54429626,8957184
2021-03-04,59.12157822,61.94826508,58.2158432,60.63445282,9880612
2021-03-05,60.714077,60.88328171,58.13621902,60.5448761,6257028
2021-03-08,58.60401535,59.19124985,54.07534027,54.86163712,10692417
2021-03-09,54.95121765,56.8920784,54.08529663,55.31948471,7450924
2021-03-10,55.80718613,56.43423462,54.35403061,56.27498245,5734177
2021-03-11,57.41959381,59.80834579,56.05601501,59.27087402,8709222
2021-03-12,58.73340607,59.61923218,57.77790451,59.22110748,3608714
2021-03-15,58.92251587,60.23632812,58.30541992,59.06185913,5039320
2021-03-16,58.77321625,59.44007874,56.5138588,57.72814178,4964369
2021-03-17,56.93188858,59.70881271,56.63329697,59.49979782,4793769
2021-03-18,57.9869194,59.04195404,57.17076492,57.4793129,3815986
2021-03-19,57.49921799,59.71876526,57.28025055,59.02204514,7539137
2021-03-22,57.84757614,58.98223495,56.98165512,57.56888962,3305795
2021-03-23,57.50917053,57.50917053,55.63798141,56.28493881,4933424
2021-03-24,56.71292114,56.98165512,54.51327896,54.87159348,4432676
2021-03-25,54.74220276,57.0612793,54.27440643,56.53376389,6430842
2021-03-26,55.99629593,57.4793129,55.51854706,57.16081238,6933800
2021-03-29,57.10109329,57.96701431,56.68306351,57.28025055,4633116
2021-03-30,57.02146912,59.60927963,56.88212585,59.51970291,4609807
2021-03-31,59.7685318,60.55482864,58.45471954,59.45003128,5014604
2021-04-01,59.63914108,60.33586121,58.62392044,59.75857925,5745530
2021-04-05,60.79370117,61.89850235,60.09698486,61.24159241,3887622
2021-04-06,61.46056366,62.69475174,61.03257751,62.06770325,3393908
2021-04-07,61.65962601,62.69475174,61.21173477,62.10751724,3086466
2021-04-08,62.2468605,63.60048676,61.72929764,63.30189133,4576450
2021-04-09,62.98339081,63.3815155,62.21700287,62.69475174,2730799
2021-04-12,62.89381409,63.14264297,62.17718887,62.68479919,2931239
2021-04-13,62.98339081,63.14264297,61.72929764,62.90376663,3719433
2021-04-14,63.13268661,63.7995491,62.48573685,63.35165787,3953330
2021-04-15,63.32179642,64.19766998,62.48573685,63.30189133,3673116
2021-04-16,63.83935928,64.50621796,62.55540848,63.87917328,5108143
2021-04-19,63.87917328,63.99861145,61.27145386,62.14732742,4868117
2021-04-20,61.84873581,62.55540848,60.95295334,61.4904213,4999132
2021-04-22,62.59521866,62.59521866,60.06712341,60.58468628,3810962
2021-04-23,60.58468628,62.07765579,60.52496719,61.41079712,4889920
2021-04-26,61.72929764,61.9084549,60.59464264,61.62976456,2460131
2021-04-27,61.56009293,62.04779816,60.21642303,60.75389099,2871157
2021-04-28,61.17192078,62.94358063,60.56478119,62.82414246,4706158
2021-04-29,62.92367172,63.3815155,62.18714142,63.07297134,3345179
2021-04-30,62.00798416,64.24743652,62.00798416,63.99861145,8373950
2021-05-03,64.49626923,64.97401428,62.21700287,63.80950165,5798780
2021-05-04,61.9084549,62.53549957,60.61454773,62.44592285,17825753
2021-05-05,62.76442337,63.09287643,60.714077,61.31126785,6131339
2021-05-06,61.60985947,61.77906418,60.76384354,61.48046875,4118504
2021-05-07,61.81887436,63.03315735,61.4705162,62.91371918,3055923
2021-05-10,62.99334335,62.99334335,62.01793671,62.65493774,3286102
2021-05-11,61.99803162,62.6051712,61.16196823,62.54545212,4324570
2021-05-12,61.31126785,61.93831253,57.72814178,58.0267334,8722886
2021-05-13,58.89265442,59.59932709,58.15612411,58.51443863,4499088
2021-05-14,59.47989273,60.06712341,57.75799942,58.51443863,8257806
2021-05-17,58.28551483,59.69886017,57.87743759,59.63914108,3594046
2021-05-18,59.3504982,60.96290588,58.91256332,60.714077,5406340
2021-05-19,61.69943619,61.69943619,58.83293533,59.47989273,7804782
2021-05-20,59.80834579,62.4160614,59.51970291,62.17718887,7369643
2021-05-21,62.21700287,63.4213295,61.64967346,62.58526611,4979037
2021-05-24,62.84404755,64.62565613,62.834095,63.94884491,4641053
2021-05-25,64.23748779,65.09345245,62.59521866,62.90376663,3857882
2021-05-26,63.53081512,64.37683105,62.57531357,63.10282898,4914033
2021-05-27,63.52085876,63.52085876,60.53492355,61.45061111,10602797
2021-05-28,61.46056366,61.92835999,60.42543793,61.64967346,4052695
2021-05-31,61.23163986,62.4558754,61.23163986,62.35634232,3705568
2021-06-01,62.52554703,64.28725433,62.30657959,63.85926819,7650961
2021-06-02,64.03842163,64.67542267,63.51090622,64.4265976,3610422
2021-06-04,64.39673615,66.40726471,63.87917328,66.33759308,7965737
2021-06-07,66.04895782,67.54192352,65.3920517,66.68595123,4095697
2021-06-08,66.26792145,67.18360901,65.69064331,66.40726471,2937368
2021-06-09,66.6760025,66.90492249,65.20294189,65.23279572,4672802
2021-06-10,65.68068695,65.85984802,64.22753143,65.09345245,3452984
2021-06-11,65.30246735,65.35223389,62.95353317,63.73983002,5529417
2021-06-14,64.2175827,64.97401428,63.99861145,64.25739288,4821298
2021-06-15,64.57588959,64.82472229,63.70996857,64.09814453,2932043
2021-06-16,64.46640778,64.56594086,62.97343826,63.81945419,5873832
2021-06-17,63.48104858,64.12799835,62.25681305,62.2866745,5793857
2021-06-18,61.95821762,63.67015839,61.77906418,62.51559448,5177367
2021-06-21,62.88386154,63.40142441,62.52554703,62.92367172,2017958
2021-06-22,63.07297134,63.07297134,61.82883072,62.70470428,5025957
2021-06-23,62.70470428,64.38677979,62.40610886,63.70001602,7328148
2021-06-24,64.45645142,65.49157715,63.68011093,64.19766998,5073882
2021-06-25,63.95879745,64.59579468,62.30657959,63.30189133,3235666
2021-06-28,63.49100113,64.28725433,62.70470428,63.94884491,2583810
2021-06-29,63.94884491,64.27729797,62.55540848,64.22753143,5431960
2021-06-30,63.73983002,63.89907837,62.33643723,63.70001602,7180456
2021-07-01,63.45118713,64.0284729,61.70939255,62.20704651,3451678
2021-07-02,62.71465683,64.29720306,62.49568939,64.1578598,2266121
2021-07-05,63.64029694,64.85457611,63.52085876,63.80950165,3035930
2021-07-06,63.54076767,63.78959656,62.31653214,62.6449852,2705079
2021-07-07,63.67015839,66.09871674,63.45118713,66.03900146,5060921
2021-07-08,64.32706451,65.63092041,64.26734161,65.20294189,4518579
2021-07-12,65.82998657,66.14848328,64.94416046,65.80012512,3168149
2021-07-13,65.21289062,66.12857819,64.63561249,65.85984802,4888714
2021-07-14,66.41722107,68.37799072,66.21815491,68.25855255,9575683
2021-07-15,67.94004822,69.532547,67.63150024,68.38793945,2981374
2021-07-16,68.66662598,68.66662598,67.11393738,67.38267517,2487258
2021-07-19,66.68595123,67.36277008,65.88970184,66.93478394,3779515
2021-07-20,66.63619232,67.43244171,65.99919128,67.18360901,1731817
2021-07-21,67.27319336,67.27319336,65.14321899,66.49684906,6662227
2021-07-22,66.68595123,68.45761108,66.31768799,67.9798584,6746020
2021-07-23,67.95000458,68.40784454,66.8651123,67.99977112,4863496
2021-07-26,68.10925293,68.27845764,67.24333191,67.70117188,2723666
2021-07-27,67.31300354,67.60164642,64.97401428,66.49684906,4140407
2021-07-28,66.68595123,66.91487885,64.7450943,65.82998657,4031094
2021-07-29,66.00914001,66.97459412,65.25270844,66.77553558,4378824
2021-07-30,65.19298553,65.19298553,61.84873581,61.85868835,13891110
2021-08-02,62.11746979,62.61512756,60.88328171,60.88328171,6469725
2021-08-03,60.86337662,61.07239151,58.7632637,60.82356262,7167395
2021-08-04,60.33586121,60.58468628,58.58411026,58.88270187,8572983
2021-08-05,59.49979782,59.49979782,57.4394989,58.22579575,12200285
2021-08-06,58.53434372,58.92251587,57.52907944,57.97696686,6244167
2021-08-09,57.92720413,59.1613884,57.57884216,58.32532883,6211615
2021-08-10,58.47462463,58.69359207,56.84231186,57.16081238,5386447
2021-08-11,56.81245041,57.63856125,56.0958252,57.12099838,8721580
2021-08-12,56.33470154,58.6139679,56.05601501,57.79781342,9724581
2021-08-13,58.03668594,58.03668594,56.46409225,57.18071747,6914409
2021-08-16,57.05132675,57.19067001,55.25976562,55.83704758,7247068
2021-08-17,55.66784286,55.81713867,52.68190384,54.34407806,11231243
2021-08-18,54.26445389,55.91667175,53.16960907,54.95121765,8937893
2021-08-19,54.65262222,58.29546738,53.99571609,57.86748505,7891388
2021-08-20,56.73282623,59.07181168,56.02615356,58.45471954,8106195
2021-08-23,58.94242096,58.94242096,55.87685776,56.16550064,7284343
2021-08-24,56.95179749,57.27029419,56.12568665,56.78259277,5345555
2021-08-25,56.78259277,57.26034164,55.49863815,57.26034164,4088162
2021-08-26,57.2105751,57.28025055,55.56830978,55.6977005,4638943
2021-08-27,56.15554428,58.20589066,55.84700012,58.0267334,6856940
2021-08-30,57.45940781,57.6286087,56.21526337,56.48399734,2796407
2021-08-31,56.52381134,56.62334442,54.58295059,55.20004654,7977693
2021-09-01,56.24512482,56.24512482,54.49337387,54.71234131,6841166
2021-09-02,54.68248367,54.68248367,53.0501709,53.96585846,5689266
2021-09-03,54.63271713,54.63271713,53.35871887,54.53318787,5334102
2021-09-06,54.12510681,55.49863815,53.80660629,55.17018509,2200614
2021-09-08,61.20178223,62.50564194,58.12626648,59.59932709,24164163
2021-09-09,59.51970291,59.89792252,56.0759201,59.71876526,12655318
2021-09-10,59.71876526,60.41548538,55.86690521,57.00156021,9804254
2021-09-13,58.17602921,60.10693741,57.60870361,58.72345352,6060306
2021-09-14,58.54429626,59.00214005,57.69828033,57.72814178,3093700
2021-09-15,57.67837524,57.82767105,55.87685776,57.13095093,4858171
2021-09-16,56.69301605,57.65846634,56.14559174,56.96175003,3311320
2021-09-17,56.73282623,57.32006073,55.38915634,56.67310715,7474635
2021-09-20,55.93657684,56.29489136,53.69712448,55.18013763,5258648
2021-09-21,55.58821869,57.41959381,54.87159348,56.82240677,6148921
2021-09-22,57.22053146,57.97696686,56.04606247,57.44945145,3666988
2021-09-23,57.6286087,58.09640503,57.0612793,57.82767105,2934153
2021-09-24,56.81245041,57.04137421,55.19009399,56.58353043,6263759
2021-09-27,56.26502991,57.2105751,55.39910889,56.34465408,3937355
2021-09-28,55.76737213,55.90671921,53.90613937,55.27967072,7257819
2021-09-29,55.62802887,55.62802887,53.64735794,54.49337387,4476884
2021-09-30,54.24454498,54.97112274,53.44829559,54.21468735,9980882
2021-10-01,54.31421661,55.65789032,53.94595337,55.53845215,4129455
2021-10-04,54.86163712,54.94126511,52.05485535,52.85110855,4781512
2021-10-05,52.67195129,53.83646774,52.16434097,53.19946671,4550328
2021-10-06,52.87101364,53.76679611,51.6865921,53.4084816,7411539
2021-10-07,52.94068527,54.02557755,52.54256058,52.54256058,6368349
2021-10-08,53.13974762,55.28962326,52.90087128,54.79196548,8863344
2021-10-11,54.78201294,56.02615356,53.89618683,54.40379333,5763514
2021-10-13,54.63271713,55.58821869,54.31421661,55.27967072,6447621
2021-10-14,55.14032745,55.83704758,54.65262222,55.29957581,3131076
2021-10-15,55.41901398,56.80249786,55.15028,56.36456299,5668770
2021-10-18,55.55835724,56.5138588,54.71234131,55.98634338,4700231
2021-10-19,54.84173203,54.98107529,52.45298386,53.31890488,6725323
2021-10-20,53.77674866,53.77674866,51.4576683,51.59701157,9150691
2021-10-21,50.24338913,51.00978088,48.70065308,49.17840195,9008324
2021-10-22,48.38215256,48.76037216,46.22232437,47.62571335,10824838
2021-10-25,47.90440369,49.18835831,47.52618408,48.26271439,4526215
2021-10-26,47.73519897,48.07360458,44.83884048,45.28673172,10452593
2021-10-27,45.53556061,46.77970123,45.08766937,46.1427002,9589749
2021-10-28,46.05311966,47.32712173,45.52560425,45.73461914,7549084
2021-10-29,45.97349548,46.19246674,44.68954468,45.08766937,8828179
2021-11-01,45.57537079,46.09293365,44.99808884,45.3663559,4778799
2021-11-03,45.26682281,48.73051453,45.16729355,48.07360458,11927707
2021-11-04,48.32243347,49.55662155,47.34702682,48.0337944,6619527
2021-11-05,48.57126236,50.3429184,48.40205765,49.85521698,7885561
2021-11-08,49.47699738,49.50685883,47.96412277,48.26271439,5807320
2021-11-09,48.56130981,50.14385605,48.30252838,49.36751175,6447922
2021-11-10,49.28788757,51.31832504,48.32243347,50.26329422,12138495
2021-11-11,50.85052872,54.91140366,50.69128036,52.87101364,12992900
2021-11-12,52.81129456,53.58763885,51.07945251,51.39794922,5331188
2021-11-16,51.74631119,52.20415497,50.28319931,50.65146637,5114573
2021-11-17,51.32827759,51.8757019,50.01446533,51.2685585,5528714
2021-11-18,51.63682556,53.27909088,51.16902924,52.37335587,6175244
2021-11-19,52.51269913,54.1848259,52.14443588,53.56773376,7073454
2021-11-22,53.72698212,54.59290314,51.78612137,52.53260803,5830328
2021-11-23,52.70181274,53.2392807,51.46762466,53.2392807,5335006
2021-11-24,52.72171783,53.64735794,51.77616882,52.62218475,5147125
2021-11-25,53.06012344,54.24454498,52.77148056,53.85637283,4139904
2021-11-26,52.6520462,52.87101364,51.1391716,52.11457443,5082522
2021-11-29,52.99045181,53.00040436,51.6865921,52.00509262,6516544
2021-11-30,51.64677811,51.80603027,49.43718338,50.87043381,9305617
2021-12-01,51.2685585,52.01504517,49.9447937,50.1737175,9152098
2021-12-02,51.46762466,53.46820068,51.01973343,53.46820068,11154885
2021-12-03,53.75684357,56.71292114,53.75684357,54.6028595,10287218
2021-12-06,55.64793777,56.00624847,54.08529663,54.51327896,7665228
2021-12-07,55.22990417,55.32943726,52.76152802,53.6374054,6694277
2021-12-08,53.68716812,55.78728104,52.81129456,55.70765686,7415960
2021-12-09,55.38915634,55.99629593,54.05543518,54.98107529,8470905
2021-12-10,55.93657684,58.01678085,55.49863815,56.43423462,7816738
2021-12-13,56.82240677,58.42485809,55.71760941,56.96175003,7368538
2021-12-14,57.91724777,58.20589066,56.8920784,57.22053146,5121505
2021-12-15,57.4793129,60.89323425,56.74277878,59.01209259,23962015
2021-12-16,59.59932709,60.97285843,57.90729523,59.45003128,11720436
2021-12-17,58.58411026,58.98223495,55.43892288,56.4939537,20250217
2021-12-20,55.48868561,56.12568665,53.74688721,55.7375145,9333146
2021-12-21,55.67779541,55.76737213,54.07534027,55.63798141,5402824
2021-12-22,55.61807632,56.01620102,54.76210785,55.3792038,2818912
2021-12-23,55.59817123,55.59817123,53.15965271,54.49337387,4490749
2021-12-27,54.5630455,55.40906143,54.29431152,54.79196548,3030504
2021-12-28,54.72229767,55.07065582,52.84115219,53.29899979,5983747
2021-12-29,53.43834305,53.43834305,51.36809158,51.85579681,11057629
2021-12-30,51.99514008,52.88096619,51.36809158,52.75157547,14287368
2022-01-03,52.72171783,53.20941925,50.24338913,50.65146637,7283640
2022-01-04,50.60169983,51.17898178,49.80545044,50.94010544,6341122
2022-01-05,50.63156128,51.60696793,48.98929214,49.46704483,10186948
2022-01-06,49.54666901,50.3429184,48.72055817,49.65615463,6824588
2022-01-07,49.5665741,50.4922142,48.75041962,49.23812103,5104626
2022-01-10,48.47172928,48.71060562,46.95885468,48.27267075,4742529
2022-01-11,47.86458969,49.54666901,47.77501297,48.96938705,6882962
2022-01-12,48.94948196,49.59643555,48.49163818,49.38742065,8948543
2022-01-13,49.04901123,49.49690247,48.04374695,49.21821594,4443829
2022-01-14,49.01915359,51.12921524,48.7902298,51.02968597,7340104
2022-01-17,50.47230911,50.82066727,49.5665741,50.24338913,4266699
2022-01-18,49.88507462,49.93484116,48.04374695,49.47699738,5618937
2022-01-19,49.83531189,51.0993576,49.30779266,49.61634064,5482095
2022-01-20,49.9447937,55.32943726,49.70591736,53.87628174,20865802
2022-01-21,53.54782486,54.78201294,52.57241821,54.64266968,8917196
2022-01-24,54.5630455,54.5630455,52.8610611,53.36867142,5801191
2022-01-25,53.17956161,56.16550064,52.96059036,55.48868561,8803865
2022-01-26,56.73282623,59.22110748,56.73282623,57.60870361,15711342
2022-01-27,58.42485809,58.90261078,57.39968872,57.49921799,6975596
2022-01-28,56.95179749,57.78786087,55.7375145,57.17076492,4728362
2022-01-31,57.0811882,58.82298279,56.99160767,58.32532883,6668356
2022-02-01,58.3850441,59.11162567,57.52907944,58.39500046,5008174
2022-02-02,58.43481064,59.22110748,56.96175003,58.18598557,6063119
2022-02-03,58.57415771,59.46993637,56.8522644,57.23048401,6211414
2022-02-04,57.24043655,57.4793129,55.01093674,56.95179749,5866698
2022-02-07,56.31479645,57.53903198,55.14032745,55.43892288,5613210
2022-02-08,54.74220276,56.26502991,54.2047348,55.84700012,3744752
2022-02-09,56.38446808,57.76795197,56.17545319,56.4740448,3191459
2022-02-10,56.64324951,57.24043655,55.99629593,56.62334442,4216463
2022-02-11,56.73282623,58.13621902,56.29489136,57.0811882,6745517
2022-02-14,57.48926544,59.31068802,57.01151657,58.34523392,6728940
2022-02-15,59.22110748,60.76384354,58.6338768,60.30599976,6229499
2022-02-16,60.36571884,61.11220169,58.47462463,59.7685318,5359018
2022-02-17,59.67895126,59.99745178,58.00682831,59.14148331,4427151
2022-02-18,59.45998383,59.69886017,57.86748505,58.16607666,3705066
2022-02-21,58.11631012,59.21115494,57.4394989,57.77790451,2854479
2022-02-22,58.46467209,61.76911163,58.37509155,61.29135895,13793854
2022-02-23,58.52439117,59.15143585,57.33001328,58.08645248,11407067
2022-02-24,56.78259277,58.49452972,55.55835724,58.06654739,5417493
2022-02-25,58.24570465,59.11162567,56.38446808,57.2503891,6273003
2022-03-02,56.73282623,57.72814178,55.93657684,56.29489136,6008965
2022-03-03,56.74277878,57.69828033,54.68248367,55.29957581,5761405
2022-03-04,55.3792038,55.3792038,52.42312241,52.96059036,7065919
2022-03-07,51.80603027,52.59232712,50.51212311,50.760952,10377843
2022-03-08,50.86048126,52.56246567,49.74573135,51.5372963,7967143
2022-03-09,52.29373169,55.77732849,51.81598282,55.51854706,9274672
2022-03-10,54.74220276,55.18013763,53.24923325,54.80192184,4282673
2022-03-11,55.20999908,55.40906143,52.95063782,53.45824814,4639546
2022-03-14,54.02557755,55.00098419,53.0501709,53.24923325,5392174
2022-03-15,52.87101364,54.3739357,52.40321732,52.89091873,8145278
2022-03-16,53.26913834,54.40379333,52.31364059,53.72698212,6899037
2022-03-17,53.65731049,54.58295059,52.45298386,54.34407806,7836330
2022-03-18,54.13505936,56.5138588,53.77674866,56.05601501,8093837
2022-03-21,56.19535828,56.20531082,54.47346878,54.99103165,3550743
2022-03-22,55.79723358,57.72814178,55.20999908,57.12099838,9778232
2022-03-23,57.31010818,57.60870361,55.91667175,57.2503891,4838680
2022-03-24,57.41959381,59.11162567,57.00156021,58.88270187,5457480
2022-03-25,58.90261078,61.17192078,58.90261078,60.5448761,11022866
2022-03-28,60.9230957,61.60985947,60.3159523,60.94300079,4641254
2022-03-29,62.0975647,63.45118713,61.68948364,61.85868835,6158466
2022-03-30,61.89850235,61.93831253,60.9230957,61.31126785,8165573
2022-03-31,61.55014038,61.85868835,60.51501465,60.81361008,4356921
2022-04-01,61.48046875,62.84404755,61.29135895,62.03784561,5298434
2022-04-04,62.25681305,62.47578049,61.4904213,61.73925018,3685474
2022-04-05,61.79896927,62.13737488,60.36571884,60.61454773,5067954
2022-04-06,60.3557663,60.68421936,58.24570465,58.79312515,10829661
2022-04-07,58.14617157,58.46467209,57.51912308,57.91724777,6440287
2022-04-08,57.23048401,57.84757614,56.39442062,57.49921799,5786824
2022-04-11,56.7029686,57.67837524,56.41432571,57.42954636,7513517
2022-04-12,58.14617157,59.29077911,57.29020309,57.71818542,4719220
2022-04-13,57.53903198,58.18598557,56.81245041,57.37977982,5527910
2022-04-14,56.8920784,57.46936035,56.44418716,56.91198349,4485926
2022-04-18,56.77264023,57.52907944,56.68306351,57.04137421,3652922
2022-04-19,56.45413971,58.47462463,56.34465408,58.07649994,3491264
2022-04-20,57.9869194,58.91256332,57.59874725,57.88739014,2795704
2022-04-22,56.8522644,56.8920784,55.27967072,55.63798141,5127634
2022-04-25,55.18013763,55.54840469,54.44360733,55.09056091,4578158
2022-04-26,54.32416916,54.89149857,52.94068527,52.94068527,6140783
2022-04-27,53.51796722,54.69243622,53.24923325,53.44829559,8265140
2022-04-28,53.65731049,55.04079437,53.11984253,54.34407806,4829537
2022-04-29,55.14032745,55.80718613,52.69185638,52.69185638,6512324
2022-05-02,52.64209366,52.68190384,50.721138,51.22874832,7133235
2022-05-03,51.78612137,53.62745285,51.60696793,52.20415497,8945630
2022-05-04,50.86048126,54.84173203,50.78085709,54.44360733,10966502
2022-05-05,53.74688721,53.81656265,51.52734375,53.00040436,9601805
2022-05-06,52.93073273,53.00040436,51.2685585,51.83588791,6182780
2022-05-09,51.39794922,52.74162292,51.00978088,51.46762466,7618811
2022-05-10,52.21410751,53.43834305,51.3083725,52.30368423,5824500
2022-05-11,52.20415497,54.39384079,51.55720139,53.67721558,12925082
2022-05-12,53.0501709,55.32943726,52.75157547,55.05075073,8567658
2022-05-13,55.06070328,56.42427826,54.80192184,55.84700012,8564343
2022-05-16,55.80718613,56.28493881,55.22990417,55.63798141,4497681
2022-05-17,56.39442062,57.38973236,55.8868103,56.31479645,10083664
2022-05-18,56.06596756,56.23517227,54.74220276,55.14032745,6714874
2022-05-19,55.38915634,55.43892288,54.16492081,54.66257858,4759207
2022-05-20,55.51854706,55.71760941,54.59290314,55.05075073,4287596
2022-05-23,55.41901398,56.86221695,55.3393898,55.83704758,4348783
2022-05-24,55.23985672,55.44887543,53.5975914,55.01093674,4426648
2022-05-25,54.65262222,56.93188858,54.07534027,56.63329697,5069863
2022-05-26,56.75273514,58.20589066,56.67310715,57.58879471,4052193
2022-05-27,57.71818542,58.39500046,57.30015564,58.14617157,3138410
2022-05-30,58.404953,58.8030777,56.56362534,56.73282623,4253637
2022-05-31,57.32006073,57.90729523,56.75273514,57.2503891,8681291
2022-06-01,57.68832779,58.12626648,56.82240677,57.12099838,3758818
2022-06-02,57.96701431,58.23574829,55.70765686,56.02615356,10388493
2022-06-03,56.39442062,57.35987473,54.10520172,54.41374969,6045134
2022-06-06,54.44360733,54.67253113,53.06012344,53.06012344,3882598
2022-06-07,52.73167038,53.8265152,52.00509262,53.28904343,6633593
2022-06-08,52.91082764,53.32885742,51.61692047,51.80603027,6604456
2022-06-09,51.76621628,53.44829559,51.56715393,52.66199875,3481317
2022-06-10,52.37335587,52.37335587,51.24865341,51.52734375,4541888
2022-06-13,50.58179474,50.61165237,48.29257584,48.65088654,7770823
2022-06-14,48.9793396,50.14385605,48.61107635,48.95943451,6269084
2022-06-15,49.57652664,52.21410751,49.42723083,51.3083725,8271872
2022-06-17,50.62160873,50.70123291,49.38742065,50.16376114,6171426
2022-06-20,50.57184219,50.82066727,49.15849686,49.67605972,2386787
2022-06-21,49.76563644,50.61165237,48.91962051,49.46704483,10781234
2022-06-22,49.04901123,50.54198074,48.91962051,50.22348022,6839056
2022-06-23,50.56188965,52.78143692,50.43249512,50.69128036,13163500
2022-06-24,51.25860596,51.38799667,48.49163818,50.07418442,8968236
2022-06-27,50.33296585,52.2340126,49.93484116,51.43776321,12258056
2022-06-28,51.71644974,52.79138947,50.55193329,51.44771576,7180858
2022-06-29,51.72640228,52.55251312,50.92020035,51.6865921,18943793
2022-06-30,51.10931015,52.61223221,51.04959106,52.16434097,15410130
2022-07-01,51.90555954,53.08998489,51.90555954,52.8610611,30648958
2022-07-04,52.83119965,53.34876251,52.41316986,52.47288895,3806140
2022-07-05,52.03495026,52.15438843,50.67137146,51.77616882,8428506
2022-07-06,51.40790558,53.96585846,50.78085709,53.08998489,9208462
2022-07-07,53.47815323,55.7375145,53.47815323,55.7375145,10672926
2022-07-08,55.83704758,56.78259277,55.48868561,55.58821869,7630164
2022-07-11,55.07065582,55.19009399,53.7867012,53.7867012,4394598
2022-07-12,54.08529663,54.23459244,53.0103569,53.68716812,3587415
2022-07-13,53.34876251,55.09056091,53.08998489,54.90145111,5330786
2022-07-14,54.23459244,55.02088928,53.87628174,54.24454498,5821788
2022-07-15,54.24454498,54.74220276,53.36867142,54.14501572,2948218
2022-07-18,54.47346878,55.95648193,53.83646774,54.04548264,4401129
2022-07-19,53.80660629,54.74220276,53.62745285,54.13505936,5074585
2022-07-20,53.98576355,54.74220276,53.54782486,53.70707703,4526717
2022-07-21,53.64735794,54.59290314,52.25392151,54.55309296,5785618
2022-07-22,54.66257858,55.84700012,54.10520172,55.16023254,5937631
2022-07-25,55.83704758,57.03142166,55.53845215,55.98634338,5217857
2022-07-26,56.24512482,56.28493881,54.35403061,54.69243622,3053010
2022-07-27,55.14032745,57.42954636,55.05075073,57.23048401,6859753
2022-07-28,56.83235931,57.93715668,56.75273514,57.27029419,3642774
2022-07-29,57.33001328,58.18598557,56.54371643,57.33996964,5916532
2022-08-01,57.13095093,57.60870361,56.53376389,56.8920784,6769429
2022-08-02,56.69301605,57.4394989,56.63329697,57.16081238,4870629
2022-08-03,57.29020309,59.25096893,56.68306351,58.94242096,4927295
2022-08-04,59.51970291,62.20704651,59.33059311,61.84873581,10370006
2022-08-05,62.0577507,63.08292389,61.04253387,61.85868835,6859552
2022-08-08,61.97812653,63.4213295,61.81887436,63.10282898,7962120
2022-08-09,63.46114349,64.07823944,61.00271988,61.5103302,9903419
2022-08-10,62.70470428,64.36687469,62.6449852,63.55072021,6801781
2022-08-11,64.29720306,64.39673615,62.06770325,62.61512756,5784010
2022-08-12,61.5103302,63.65024948,59.64909363,63.1924057,16941709
2022-08-15,62.38620377,63.99861145,62.10751724,63.91898346,5088551
2022-08-16,63.62039185,63.99861145,62.14732742,62.70470428,4654717
2022-08-17,62.49568939,64.0284729,62.25681305,63.40142441,6748933
2022-08-18,63.47109604,63.90903091,62.834095,63.70001602,3908922
2022-08-19,63.28198624,63.44123459,62.04779816,62.4558754,8190088
2022-08-22,62.20704651,62.20704651,61.1321106,61.68948364,2671823
2022-08-23,62.10751724,63.58057785,61.72929764,62.97343826,4842899
2022-08-24,63.15259552,64.13795471,62.98339081,63.56067276,3922284
2022-08-25,64.14790344,64.37683105,62.89381409,63.35165787,4435992
2022-08-26,63.10282898,63.2322197,61.0922966,61.26150131,6852418
2022-08-29,60.1467514,61.81887436,59.96759415,61.06243896,5004155
2022-08-30,63.00329971,63.7796402,61.6795311,61.93831253,6979916
2022-08-31,61.69943619,61.81887436,60.5050621,60.53492355,11183821
2022-09-01,60.34581375,62.30657959,60.34581375,62.30657959,8433228
2022-09-02,62.32648468,63.3815155,61.94826508,62.52554703,9404882
2022-09-05,63.46114349,63.91898346,62.26676559,63.20235825,4336224
2022-09-06,62.17718887,62.25681305,60.7339859,61.46056366,6071156
2022-09-08,61.59990692,62.08760834,60.64440536,61.78901672,6179765
2022-09-09,62.04779816,63.60048676,61.87859344,62.97343826,4686868
2022-09-12,63.69006348,65.67073822,63.43128204,64.59579468,9199017
2022-09-13,62.99334335,64.10809326,62.56536102,63.15259552,5239960
2022-09-14,63.11278152,63.69006348,62.38620377,63.58057785,4109863
2022-09-15,63.30189133,63.30189133,61.60985947,62.01793671,5017819
2022-09-16,61.4904213,61.91840744,61.02262497,61.57004547,8400977
2022-09-19,61.31126785,63.56067276,60.81361008,62.97343826,5844193
2022-09-20,63.09287643,63.97870255,62.53549957,63.90903091,6640726
2022-09-21,63.4213295,64.17776489,62.43597031,62.92367172,5147829
2022-09-22,64.1578598,65.09345245,62.82414246,64.79486084,5174654
2022-09-23,63.82940674,64.31710815,63.30189133,64.29720306,5375797
2022-09-26,63.52085876,63.99861145,61.93831253,62.18714142,2209657
2022-09-27,60.76384354,61.31126785,60.46524811,60.91313934,5803401
2022-09-28,61.20178223,61.20178223,59.48984528,60.30599976,8285636
2022-09-29,58.8235321,59.50069427,58.56461716,59.18202972,7121313
2022-09-30,58.46503448,62.36867905,58.09657669,60.83510208,8566744
2022-10-03,63.87237549,66.52127838,63.16534042,64.34041595,9088923
2022-10-04,66.50136566,67.26815033,64.85824585,65.37607574,10075841
2022-10-05,65.76445007,65.89390564,64.8781662,65.73457336,3696423
2022-10-06,66.18269348,67.46731567,65.65490723,66.39182281,5942294
2022-10-07,66.32211304,66.40177917,63.89229584,64.37029266,4205145
2022-10-10,64.92795563,65.57524109,64.45991516,65.06736755,3792624
2022-10-11,65.00762177,66.35198975,64.69891357,65.5154953,6256906
2022-10-13,64.57941437,66.52127838,63.97195816,65.64495087,6181492
2022-10-14,65.724617,66.04328156,63.73296356,64.33045959,4010332
2022-10-17,65.15699768,66.64077759,65.13707733,66.02336121,4419439
2022-10-18,66.72044373,67.86564636,65.84411621,67.29802704,8314491
2022-10-19,67.10881805,69.33946991,66.62085724,68.89134979,9350012
2022-10-20,69.38925934,69.45896912,67.00923157,67.2183609,6220555
2022-10-21,67.19844055,68.4631424,66.28227997,67.86564636,6739319
2022-10-24,67.03910828,68.50297546,66.94948578,67.46731567,4336995
2022-10-25,67.31793976,67.44739532,65.22669983,65.5154953,5547446
2022-10-26,65.12712097,66.22252655,62.70726013,63.11554718,9595637
2022-10-27,63.73296356,67.58681488,63.59354782,66.25240326,7926472
2022-10-28,66.19265747,67.04906464,65.75449371,66.73040009,5800803
2022-10-31,66.04328156,70.47471619,65.93373871,70.24567413,14288217
2022-11-01,69.8572998,71.66970825,68.87142944,70.2855072,10647225
2022-11-03,69.21001434,72.49624634,68.71209717,72.0779953,7644195
2022-11-04,72.99415588,73.90036011,72.36678314,73.25307465,12228924
2022-11-07,73.19332123,73.55181885,70.1958847,70.98258972,10430822
2022-11-08,70.30541992,72.05808258,68.2440567,71.03237915,7675425
2022-11-09,70.70375061,71.85891724,69.45896912,69.9469223,5617840
2022-11-10,67.64656067,67.84572601,63.85246277,64.66903687,16461685
2022-11-11,63.07571411,65.42586517,62.70726013,64.05162811,8675899
2022-11-14,65.5154953,66.26236725,63.65329361,65.11716461,7605935
2022-11-16,63.73296356,64.09146118,59.81935883,60.33718872,20404236
2022-11-17,59.21190643,60.57618713,57.13062668,60.12806702,19046069
2022-11-18,61.24339294,62.35871887,59.15215683,59.96873474,8835867
2022-11-21,60.87493515,62.42842865,59.78948593,61.36289215,7981301
2022-11-22,61.64172363,62.22926331,59.52061081,60.36706543,6531552
2022-11-23,59.58036041,59.74965286,57.84762192,59.14219666,9681094
2022-11-24,60.26748276,62.43838501,59.829319,61.14381027,7071505
2022-11-25,61.08406067,61.29318237,57.93724442,58.2160759,6572523
2022-11-28,58.74386597,59.37123871,58.13640976,58.30570221,4755843
2022-11-29,58.71398926,61.2533493,57.98703766,60.16790009,6486263
2022-11-30,59.98865128,60.3471489,56.83187866,59.84923553,13812130
2022-12-01,58.43515778,59.42102814,57.59866333,57.79782867,10259607
2022-12-02,58.35549164,60.06831741,56.81195831,58.62436676,9220974
2022-12-05,57.50904083,58.59449387,55.71654892,56.09496307,13469400
2022-12-06,56.76216888,56.76216888,54.89001465,55.85596466,9197275
2022-12-07,55.86592484,56.86175156,55.2684288,55.57713318,9332138
2022-12-08,55.21863556,55.23855209,51.91249084,53.446064,17086593
2022-12-09,53.72489548,54.18297577,52.52990341,52.5896492,7576613
2022-12-12,52.30086136,53.17718887,50.63782883,51.30503464,12742567
2022-12-13,51.53407288,52.76890182,48.9747963,49.25362778,12736141
2022-12-14,48.84534073,50.54820633,48.14826202,50.0104599,17520804
2022-12-15,49.47270966,51.42453384,49.04450607,50.11004257,9545327
2022-12-16,50.18970871,50.35899734,48.91504669,49.49262619,8268299
2022-12-19,49.36317062,51.77307129,48.98475647,51.49423981,8950345
2022-12-20,51.18553543,54.77051544,50.81707764,53.77468491,14438042
2022-12-21,54.16305923,54.29251862,52.54981613,52.9282341,7492562
2022-12-22,52.82573318,53.48356247,51.84895706,52.87556839,6131259
2022-12-23,53.52343369,56.56340408,53.18455124,55.76603317,10894320
2022-12-26,55.43711853,55.46702194,53.42375946,54.24106598,2687637
2022-12-27,54.53011322,54.53011322,51.74928665,52.21773911,8180196
2022-12-28,52.54665375,54.67961884,52.38718033,54.11149216,5900200
2022-12-29,54.30086899,55.77600098,52.62639236,53.02507782,8786791
2023-01-02,51.82902145,51.82902145,50.36385727,51.08148956,4893289
2023-01-03,51.07152176,51.17119217,49.46681595,49.82563019,7363009
2023-01-04,50.29408646,50.99178314,49.70602417,50.41369247,4559391
2023-01-05,50.70273972,51.76921844,50.38378906,50.83230972,7892651
2023-01-06,50.82234192,52.67622757,50.60306549,51.79912186,4244957
2023-01-09,51.76921844,52.65629196,50.76253891,51.73931885,4639053
2023-01-10,51.30076599,53.92211533,51.11138916,53.40382767,7068842
2023-01-11,53.20448685,55.54675674,52.895504,54.83909225,6636721
2023-01-12,55.35738373,55.37731552,53.30415726,54.35070419,5052813
2023-01-13,53.44369507,53.6729393,52.59648895,53.53340149,7620857
2023-01-16,53.14468384,54.08159256,52.9453392,53.57326889,4216263
2023-01-17,53.82244492,55.67633057,53.40382767,55.40721893,10345716
2023-01-18,56.41389847,58.19801331,56.01521301,57.75945663,13702755
2023-01-19,57.02189255,57.85913086,55.87567139,56.7228775,8907789
2023-01-20,56.27435684,56.61323929,54.91883087,55.01850128,6987174
2023-01-23,54.91883087,57.10162735,54.84906006,56.14478683,6957978
2023-01-24,56.34412766,58.14817429,56.34412766,58.03853989,6497664
2023-01-25,58.23788071,59.44390106,56.81258011,58.9953804,6073670
2023-01-26,59.25452423,59.67314529,58.09833908,59.09505081,4175930
2023-01-27,59.08508682,59.20469284,58.36745453,58.64653015,4352511
2023-01-30,58.83590698,59.35419846,58.05847168,58.30765152,3999450
2023-01-31,58.30765152,59.65320969,58.09833908,59.01531601,7247530
2023-02-01,58.88574219,60.07183075,57.72955704,58.33755112,6844504
2023-02-02,57.90896606,60.68979263,57.90896606,59.95222473,8621447
2023-02-03,59.42396545,59.65320969,57.3707428,57.73952484,6526057
2023-02-06,58.07840729,58.48705673,56.77271271,57.61991882,5847526
2023-02-07,57.61991882,58.01860428,56.95212173,57.10162735,7719782
2023-02-08,57.59001541,58.48705673,57.02189255,58.35748672,7264184
2023-02-09,58.40732193,58.55682755,56.33415985,56.48366547,5163678
2023-02-10,56.53350449,57.12156296,55.89560699,56.62320709,7692292
2023-02-13,56.80261612,57.77939224,56.15475082,56.41389847,3442719
2023-02-14,56.87238312,56.95212173,54.94873047,55.27764511,5728435
2023-02-15,55.36735153,57.57008362,54.54007721,56.43383026,7559355
2023-02-16,56.30426025,58.2578125,55.15803909,57.89899826,7771854
2023-02-17,57.38070679,57.67972183,56.35409546,57.50031281,4232817
2023-02-22,55.96537781,56.20458984,54.490242,55.35738373,4667045
2023-02-23,55.1281395,56.53350449,54.70951843,55.14807129,4271845
2023-02-24,55.09823608,55.29758072,54.17129517,54.81915665,4307463
2023-02-27,55.01850128,55.39725113,54.19123077,54.63975143,3000365
2023-02-28,54.52014542,56.04511261,54.3706398,55.30754852,6910521
2023-03-01,55.2178421,55.22780991,52.42704773,53.14468384,8945513
2023-03-02,52.9852066,54.35070419,52.50678635,52.96527481,9467128
2023-03-03,53.10481262,53.6430397,52.42704773,52.77589798,5169397
2023-03-06,53.15464783,53.97195435,52.1380043,53.16461563,10895123
2023-03-07,52.82573318,54.07162476,52.58652115,53.23438644,5542724
2023-03-08,53.23438644,56.33415985,53.23438644,55.81586838,9270481
2023-03-09,55.82583618,57.17139816,55.54675674,55.77600098,10950204
2023-03-10,55.2178421,55.55672455,54.28093338,54.72945404,6289479
2023-03-13,54.34073639,54.84906006,53.23438644,54.56001282,5445906
2023-03-14,54.47031021,54.87895966,52.26757431,52.33734512,7920241
2023-03-15,48.80898666,53.40382767,47.44348907,52.72606277,22275943
2023-03-16,52.75596237,55.9853096,52.70612717,55.60655975,11720738
2023-03-17,54.87895966,55.11817169,52.71609497,53.56330109,14047287
2023-03-20,53.53340149,54.06165695,52.22770691,52.88553619,5550550
2023-03-21,52.99517441,53.58323669,51.66954803,51.89879227,5054017
2023-03-22,51.58980942,53.24435425,51.22102737,51.82902145,6257073
2023-03-23,51.89879227,52.1778717,49.04819489,49.895401,8622551
2023-03-24,50.34392166,51.430336,49.81566238,51.12135696,6916140
2023-03-27,51.66954803,52.35728073,50.69277191,51.69945145,5976450
2023-03-28,51.59977722,53.39385986,51.19112778,53.27425385,6526559
2023-03-29,53.05953217,53.61826324,51.88220596,52.99966812,4925056
2023-03-30,54.17699432,57.06044769,54.14706421,54.89536285,15618179
2023-03-31,54.82552338,55.29445648,52.88991547,53.27903366,10657842
2023-04-03,53.08946228,53.17926025,51.58288574,51.98197937,9574188
2023-04-04,52.35113907,54.02733612,52.18152618,53.0695076,6679130
2023-04-05,52.87994003,53.40873718,52.10170746,52.69036865,5688385
2023-04-06,52.381073,53.19921494,51.77245331,52.12166214,5579639
2023-04-10,52.08175278,52.86996078,51.60284042,51.91213608,3886103
2023-04-11,53.1892395,56.97065353,53.1892395,56.67133331,16544878
2023-04-12,56.9407196,60.04367447,56.80103683,57.36974716,18585501
2023-04-13,58.14797974,58.66680145,56.75114822,57.81872559,8665128
2023-04-14,57.26997375,58.2377739,56.67133331,57.29990387,5559092
2023-04-17,57.43958664,58.2377739,57.04049301,57.74888611,5498856
2023-04-18,58.02825165,58.20784378,56.25228119,56.74117279,5037511
2023-04-19,56.01282883,56.01282883,54.16701889,54.72574997,9742970
2023-04-20,55.00511551,56.49173737,54.66588593,56.39196777,8766558
2023-04-24,56.4717865,57.18017578,55.87314224,56.37200928,4962942
2023-04-25,55.95296478,56.36203384,55.51395798,56.07269287,4490271
2023-04-26,56.07269287,56.92076492,55.35432053,56.4717865,4134766
2023-04-27,56.4717865,57.55931473,56.44185257,57.50942993,4435748
2023-04-28,57.59922409,58.36748123,57.03051758,57.87858963,6085084
2023-05-02,57.29990387,57.63913345,55.41418457,55.90307617,5978142
2023-05-03,55.89310074,56.96067429,55.38425446,56.5216713,3414935
2023-05-04,57.56929398,58.26770782,56.57155991,57.46952057,4806087
2023-05-05,57.55931473,59.11578369,57.30988312,58.21781921,5524815
2023-05-08,58.47723389,59.25546646,57.82870483,58.04820633,3800709
2023-05-09,57.61917877,59.73437881,57.58924866,58.79650879,4174957
2023-05-10,58.8763237,60.2232666,58.80648422,59.91397095,10404970
2023-05-11,59.56476212,62.23868942,59.56476212,61.69991684,12927283
2023-05-12,61.69991684,62.34844208,60.94163513,61.39061737,6659084
2023-05-15,61.48041153,62.09901047,60.762043,61.12122726,6071052
2023-05-16,60.48267746,62.49810028,59.78426361,60.99152374,10499784
2023-05-17,61.74980164,62.31850815,61.38063812,62.1089859,6474967
2023-05-18,62.05909729,62.97701645,61.4704361,62.79742432,7558622
2023-05-19,63.15660858,63.51579285,62.28857803,63.16658401,11540943
2023-05-22,62.98699188,64.62327576,62.98699188,63.16658401,9486589
2023-05-23,62.817379,64.05456543,62.07905579,62.85728836,7881253
2023-05-24,62.44821548,63.44594955,61.80966568,62.53801346,9494708
2023-05-25,64.1643219,66.16976929,63.08676529,63.79515839,11941450
2023-05-26,64.76296234,65.10218811,63.17656326,64.09447479,5841131
2023-05-29,64.09447479,64.30400085,63.53574753,64.08450317,2559397
2023-05-30,64.85275269,65.18200684,62.66771698,63.06681061,8587553
2023-05-31,63.26635742,63.26635742,61.89946365,61.89946365,20534716
2023-06-01,62.61783218,66.14981079,62.35842133,65.38155365,8863979
2023-06-02,65.93031311,68.37476349,65.69085693,66.00015259,7451178
2023-06-05,65.57112122,66.64868164,65.43144226,66.33937836,4670379
2023-06-06,66.24958801,68.20514679,66.06001282,67.64641571,8600783
2023-06-07,67.43688965,68.73394775,66.60877228,67.39698029,6852121
2023-06-09,68.09539032,69.86138153,67.66636658,68.02555084,10753459
2023-06-12,68.45458221,68.84369659,66.94799805,67.07770538,6754901
2023-06-13,67.54663849,67.54663849,65.10218811,65.67089844,11174212
2023-06-14,66.0300827,67.03779602,65.5611496,66.92804718,9066337
2023-06-15,66.87815857,67.50672913,66.32940674,66.48904419,7586685
2023-06-16,64.35388947,65.82055664,64.1643219,64.93257141,17488817
2023-06-19,64.85275269,67.46681976,64.51352692,67.46681976,8392812
2023-06-20,67.34709167,67.46681976,66.37928772,66.91806793,5613616
2023-06-21,66.9380188,67.22736359,66.09992218,67.22736359,5542154
2023-06-22,66.688591,67.95571136,65.7108078,67.69629669,4923553
2023-06-23,67.84596252,68.36478424,67.13756561,67.34709167,6153038
2023-06-26,67.26727295,68.02555084,66.62872314,67.34709167,5008645
2023-06-27,66.84822845,67.08768463,64.86273193,66.41919708,12369219
2023-06-28,66.24958801,67.08768463,65.81058502,66.1996994,9382253
2023-06-29,66.86817932,68.14527893,66.41919708,68.14527893,27625078
2023-06-30,68.61421967,69.20288086,67.63643646,68.34482574,11866480
2023-07-03,68.58428192,69.19290161,67.52668762,68.97340393,3737767
2023-07-04,68.52442169,69.79154205,68.52442169,68.79380798,3603763
2023-07-05,68.52442169,70.14074707,67.78609467,69.72170258,4400768
2023-07-06,68.92351532,69.60197449,68.14527893,69.09313202,6522174
2023-07-07,69.13304138,70.57975769,69.03326416,69.98110962,5801441
2023-07-10,69.74165344,69.86138153,68.73394775,69.57204437,4271375
2023-07-11,69.15299225,69.3126297,67.40695953,69.3126297,5453854
2023-07-12,70.13077545,70.58972931,69.74165344,70.04097748,8173815
2023-07-13,70.61965942,71.24823761,69.6319046,69.96115875,6643950
2023-07-14,70.13077545,70.13077545,68.24505615,68.32487488,5661324
2023-07-17,68.45458221,69.45231628,67.88587189,69.22283173,4045764
2023-07-18,69.43235779,69.77159119,68.26500702,69.08315277,3336458
2023-07-19,69.08315277,69.6518631,67.45684052,69.30265045,4884765
2023-07-20,69.78156281,70.2904129,69.26274109,69.82147217,3711106
2023-07-21,69.44233704,70.81920624,68.89358521,70.17068481,5506072
2023-07-24,69.94120026,70.52986908,68.9933548,69.39244843,5367559
2023-07-25,70.21059418,70.21059418,67.915802,68.00559998,6170578
2023-07-26,67.90582275,68.16523743,67.17747498,67.89584351,5112681
2023-07-27,67.84596252,68.77385712,65.66091919,66.00015259,6596242
2023-07-28,66.16976929,66.65865326,65.66091919,66.58881378,3812937
2023-07-31,66.88813782,67.50672913,66.28949738,67.06772614,5980447
2023-08-01,66.54890442,67.55661774,66.16976929,67.34709167,3433678
2023-08-02,67.33711243,67.69629669,66.42917633,67.49674988,3897027
2023-08-03,67.94573212,68.21511841,66.24958801,66.56886292,6698173
2023-08-04,66.55888367,67.87589264,66.00015259,66.86817932,3850221
2023-08-07,67.24732208,67.2572937,65.96024323,66.23960876,2752835
2023-08-08,65.85049438,66.39924622,65.16205597,66.21965027,3324731
2023-08-09,66.06001282,66.58881378,65.61103821,66.06999207,4837057
2023-08-10,66.84822845,67.92578125,66.1996994,66.39924622,4853494
2023-08-11,66.39924622,66.89810944,65.8804245,66.45910645,3468256
2023-08-14,66.81829071,66.81829071,63.72531509,64.12441254,6254067
2023-08-15,63.44594955,65.59107971,62.72758102,64.84278107,10058986
2023-08-16,63.95479584,65.90037537,63.80513382,63.94481659,7056184
2023-08-17,63.78517914,64.53347778,62.5978775,62.60785294,7101787
2023-08-18,62.33846664,63.47588348,61.9393692,62.82735443,8180631
2023-08-21,62.19878387,62.75751495,61.77973175,62.35842133,5390911
2023-08-22,62.73756027,64.633255,62.53801346,64.55343628,6558456
2023-08-23,64.70309448,66.87815857,64.12441254,66.24958801,9066337
2023-08-24,66.07997131,66.40922546,65.33167267,65.38155365,6215580
2023-08-25,65.38155365,65.53121948,62.62780762,62.86726379,5160189
2023-08-28,63.12667465,63.17656326,61.97927856,62.71760559,4109910
2023-08-29,62.93710709,64.13438416,62.80739975,63.49583817,3964079
2023-08-30,63.85502243,63.95479584,62.92712784,63.32622147,3117161
2023-08-31,62.95706177,63.9947052,61.75978088,63.10671997,10634389
2023-09-01,63.60558701,64.38381958,63.21647263,63.58563232,6666501
2023-09-04,63.34617615,64.15434265,62.98699188,63.20649338,1912231
2023-09-05,62.22871399,62.9171524,61.76975632,62.06907654,3886904
2023-09-06,62.07905579,62.45819473,60.28313065,60.45274734,6581308
2023-09-08,60.49265671,60.95161438,59.91397095,60.21329117,6275415
2023-09-11,60.4427681,61.51034546,59.87406158,61.10127258,5410055
2023-09-12,61.01147842,62.35842133,60.7121582,62.02916718,4884665
2023-09-13,62.41828537,63.90490723,61.72984695,62.78744507,4528758
2023-09-14,62.65774155,62.88721848,61.07134247,61.67995834,5476806
2023-09-15,61.66000366,61.76975632,59.70444489,60.16340256,10534764
2023-09-18,60.29310989,61.04140854,59.80421829,59.82417297,4419812
2023-09-19,59.46498871,60.19333649,59.16566849,59.76430893,7943393
2023-09-20,60.13347244,60.97156906,59.61465073,59.61465073,4693331
2023-09-21,58.44729996,58.94616699,57.55931473,58.37745667,7839759
2023-09-22,58.45727539,58.77655029,57.6491127,58.0182724,5616823
2023-09-25,58.0182724,58.40739059,57.73890686,57.73890686,4182374
2023-09-26,57.27994919,57.6491127,56.46180725,57.21010971,7525347
2023-09-27,57.70897675,58.0182724,55.25454712,56.46180725,9467947
2023-09-28,55.94121552,57.33974838,55.59158325,57.06003952,6344259
2023-09-29,57.80925369,58.89810944,57.639431,58.49853134,13170124
2023-10-02,58.17886734,58.19884491,56.21093369,56.4406929,6741476
2023-10-03,55.79137421,56.17097473,54.92228699,55.04216385,7593470
2023-10-04,55.21198273,55.99116516,55.1520462,55.4817009,6428047
2023-10-05,55.49168777,56.06109238,54.84237289,55.44174194,5283946
2023-10-06,54.74247742,55.0022049,53.36392593,54.50272751,13786171
2023-10-09,54.02323151,55.12207794,53.68358994,54.64258194,5416385
2023-10-10,54.94226837,56.31082916,54.71250916,56.01114273,5007356
2023-10-11,56.14100647,56.3507843,55.08211899,55.53164673,4285998
2023-10-13,55.42176437,55.42176437,53.7035675,53.73353577,7782168
2023-10-16,54.13311768,54.26298141,52.94436646,53.29399872,3731717
2023-10-17,52.65467072,53.79347229,52.32501602,52.93437576,7269831
2023-10-18,52.24510193,52.49483871,50.71670532,51.01639175,10397614
2023-10-19,50.61681366,51.80556488,50.55687332,51.01639175,8066467
2023-10-20,50.58684158,50.99641418,50.0973587,50.94646454,9053002
2023-10-23,50.55687332,52.47485733,50.12732697,51.66571045,12511733
2023-10-24,52.06528854,52.82449341,51.96539688,52.55477524,7219077
2023-10-25,52.54478455,52.54478455,51.18621445,51.30608749,5611590
2023-10-26,51.7056694,52.54478455,51.46591949,52.18516541,7770056
2023-10-27,51.85551071,52.30503845,50.22722244,50.38705444,4711946
2023-10-30,50.61681366,51.39599228,49.96749496,50.2571907,6157463
2023-10-31,50.20724106,51.26612854,50.20724106,50.8166008,7398666
2023-11-01,51.27611923,52.21513367,50.74667358,51.8655014,9752336
2023-11-03,53.67359924,55.34184647,53.44384003,54.75246429,15227283
2023-11-06,55.3917923,55.6415329,53.84342194,53.95330429,6425745
2023-11-07,53.81345367,55.37181473,53.76350403,55.28190994,8381297
2023-11-08,55.41177368,56.11103821,54.9922142,55.44174194,5449620
2023-11-09,55.94121552,56.11103821,54.89231873,55.19200516,6156061
2023-11-10,55.81135178,57.03007126,55.30188751,56.62050247,9158713
2023-11-13,56.54058838,56.54058838,55.24195099,55.24195099,5440110
2023-11-14,56.49063873,60.40652466,56.49063873,58.93806839,16649476
2023-11-16,59.27770996,61.21567535,58.86814117,60.83607483,11686467
2023-11-17,61.3355484,61.41546631,60.30662918,60.73617935,8427746
2023-11-20,60.80610657,61.20568466,60.09685135,60.81609344,5503176
2023-11-21,60.81609344,61.02587509,59.10788727,59.97697449,4195403
2023-11-22,60.65626144,61.38549423,60.11682892,60.13680649,6405724
2023-11-23,60.13680649,60.92597961,59.67729187,60.65626144,3670052
2023-11-24,60.18675613,60.56635666,59.41756439,59.73722839,3715700
2023-11-27,60.0469017,60.2167244,58.26877213,58.93806839,5818908
2023-11-28,59.03796387,59.4075737,58.23880386,58.99800491,6147953
2023-11-29,58.99800491,59.78717422,58.88811874,59.16782761,6280792
2023-11-30,59.59737396,60.38654709,59.29769135,59.97697449,8901043
2023-12-01,60.29663849,60.67624283,59.18780518,60.67624283,11592368
2023-12-04,60.30662918,60.93596649,60.08686066,60.58633423,3831722
2023-12-05,60.77613449,61.44543457,60.2067337,60.73617935,5753239
2023-12-06,61.03586197,61.61525345,60.50642014,61.00589371,3624604
2023-12-07,61.0158844,61.76509857,60.68622971,61.42545319,4271283
2023-12-08,61.42545319,61.96488571,60.44648361,61.0158844,4512937
2023-12-11,60.76614761,61.42545319,60.61630249,61.06583023,3472645
2023-12-12,61.07582092,61.31557083,59.76719666,60.45647049,3776063
2023-12-13,60.48644257,63.55321884,60.28665161,62.85395432,8413932
2023-12-14,62.93386841,65.77088928,62.93386841,65.24144745,16957099
2023-12-15,65.45122528,66.03061676,63.93281937,63.97277832,6799036
2023-12-18,64.59212494,64.83187866,63.47330093,64.3024292,5406775
2023-12-19,64.54217529,65.01168823,64.22251129,64.28245544,5347713
2023-12-20,64.29244232,64.46226501,63.02377319,63.14365005,7276438
2023-12-21,63.92282867,64.56215668,63.62314606,64.46226501,5651532
2023-12-22,64.38234711,65.1115799,63.88287354,64.45227051,4408527
2023-12-26,64.85185242,64.85185242,63.5831871,64.13260651,5962158
2023-12-27,63.79999924,63.79999924,62.83000183,63.59999847,4905300
2023-12-28,63.45000076,63.90000153,63.20999908,63.59999847,3404700
2024-01-02,63.33000183,63.50999832,60.91999817,61.25999832,7037300
2024-01-03,61.22000122,61.61999893,60.34000015,60.90000153,5667700
2024-01-04,60.90000153,61.13000107,59.22000122,59.63000107,7653400
2024-01-05,59.47999954,61.16999817,59.20999908,60.5,7448200
2024-01-08,60.29999924,63.34000015,59.99000168,62.79999924,5556800
2024-01-09,62.38999939,62.93000031,62.0,62.20999908,3826500
2024-01-10,62.68999863,63.36000061,62.16999817,63.0,6144500
2024-01-11,62.63999939,62.88999939,61.00999832,61.00999832,5918800
2024-01-12,60.66999817,62.25999832,60.11000061,61.0,5675400
2024-01-15,61.00999832,61.5,59.70000076,61.18000031,2178400
2024-01-16,60.31000137,60.79999924,60.02999878,60.27999878,5204200
2024-01-17,60.06999969,61.18999863,60.00999832,60.93999863,4370300
2024-01-18,61.20999908,61.5,59.36000061,59.36000061,5815100
2024-01-19,59.58000183,60.56999969,58.24000168,60.09000015,5720700
2024-01-22,60.20999908,60.61000061,58.43000031,58.70999908,4311600
2024-01-23,59.16999817,59.65999985,58.34999847,59.22000122,6818500
2024-01-24,59.79000092,59.93000031,58.38999939,58.63000107,9629800
2024-01-25,58.61000061,59.09999847,58.25999832,58.36000061,3798600
2024-01-26,58.90000153,58.90000153,56.04000092,56.24000168,10955800
2024-01-29,56.22999954,57.31000137,55.04000092,55.45000076,7615500
2024-01-30,55.09999847,55.65000153,53.84999847,54.49000168,11611000
2024-01-31,54.59000015,55.81999969,54.11999893,54.11999893,14076900
2024-02-01,54.36000061,54.70999908,53.56999969,54.47999954,7681900
2024-02-02,54.47999954,54.77999878,53.31999969,53.56000137,7142400
2024-02-05,53.36999893,54.16999817,52.95999908,53.74000168,5464400
2024-02-06,52.86000061,54.20999908,52.08000183,52.68999863,16502000
2024-02-07,52.68999863,53.97000122,51.90000153,53.52000046,11692900
2024-02-08,53.25999832,53.79999924,51.74000168,52.65000153,6017300
2024-02-09,52.65000153,53.38000107,52.36000061,52.5,2738500
2024-02-14,52.0,52.22000122,51.36000061,52.0,6696800
2024-02-15,52.20000076,52.54000092,51.65999985,52.13000107,4636600
2024-02-16,52.33000183,52.56000137,51.31999969,51.86000061,6153300
2024-02-19,51.43000031,52.56999969,51.43000031,52.56000137,2846100
2024-02-20,52.40000153,54.40999985,52.22000122,54.04000092,9960500
2024-02-21,54.04000092,54.34000015,53.18000031,53.95000076,6094900
2024-02-22,54.29999924,54.75,53.36999893,53.50999832,6113500
2024-02-23,53.88999939,53.88999939,52.20999908,53.18999863,5948300
2024-02-26,53.18000031,53.72999954,52.09000015,52.09000015,5304500
2024-02-27,53.0,54.5,52.54000092,54.5,7524200
2024-02-28,54.45000076,54.45000076,53.36999893,53.86000061,5057200
2024-02-29,53.59000015,53.79999924,52.68999863,53.0,7029800
2024-03-01,53.00999832,53.61999893,52.5,52.5,5903800
2024-03-04,52.40000153,52.90000153,51.00999832,51.16999817,10150200
2024-03-05,51.41999817,51.90999985,50.68000031,50.81999969,9877100
2024-03-06,51.0,52.11999893,50.72999954,51.33000183,20720500
2024-03-07,51.77000046,53.25,51.08000183,53.16999817,12279700
2024-03-08,53.06000137,54.72999954,52.49000168,53.15000153,8403700
2024-03-11,52.88000107,53.18999863,52.20000076,52.29999924,8745600
2024-03-12,54.40000153,54.84999847,52.31999969,53.59999847,10425700
2024-03-13,53.70000076,54.70999908,53.00999832,54.5,6176400
2024-03-14,54.22999954,54.65000153,53.54999924,53.91999817,10121900
2024-03-15,53.91999817,54.11999893,52.72999954,52.79999924,8371700
2024-03-18,53.13000107,53.24000168,52.15000153,52.52999878,4707200
2024-03-19,52.86000061,53.70000076,52.29000092,53.25,8371600
2024-03-20,53.08000183,54.70000076,52.88999939,54.70000076,5892000
2024-03-21,55.00999832,55.04000092,53.77000046,53.83000183,5349800
2024-03-22,53.31000137,53.83000183,52.68999863,52.84999847,3842500
2024-03-25,52.5,53.02000046,52.0,52.5,6369100
2024-03-26,52.29999924,54.83000183,52.20999908,53.93000031,10512100
2024-03-27,53.58000183,54.08000183,53.00999832,53.91999817,5526800
2024-03-28,53.81999969,55.20000076,53.56999969,54.68000031,8170600
2024-04-01,54.90000153,55.09000015,52.61999893,52.65000153,6815900
2024-04-02,51.56999969,52.70999908,51.50999832,52.43999863,8932300
2024-04-03,52.65999985,52.75,51.72000122,51.84999847,6010800
2024-04-04,52.20999908,54.5,52.20999908,53.40999985,8525200
2024-04-05,53.22000122,53.59000015,52.66999817,53.18000031,5453200
2024-04-08,53.20000076,54.06000137,52.61999893,53.90000153,5176400
2024-04-09,54.29999924,55.65000153,54.13000107,55.31999969,6145900
2024-04-10,54.95000076,55.04999924,53.34999847,53.59000015,6869000
2024-04-11,53.59000015,53.63999939,53.0,53.27999878,5160500
2024-04-12,52.91999817,53.43999863,51.66999817,51.84999847,14262200
2024-04-15,51.81000137,51.90000153,50.58000183,50.58000183,9887300
2024-04-16,50.00999832,51.27000046,49.70000076,50.06999969,11494000
2024-04-17,50.31000137,50.97000122,49.56000137,50.0,8991300
2024-04-18,50.27000046,51.31000137,49.90999985,50.90999985,7873800
2024-04-19,50.77000046,51.95000076,50.27000046,50.27000046,12906000
2024-04-22,50.56000137,50.56999969,49.11000061,49.54000092,10471800
2024-04-23,49.16999817,50.47000122,48.75,50.24000168,6253000
2024-04-24,49.59999847,50.99000168,49.25999832,49.52000046,8119200
2024-04-25,49.29999924,49.29999924,48.20999908,48.74000168,9388900
2024-04-26,49.15000153,50.70000076,49.15000153,50.5,7623200
2024-04-29,50.04999924,50.84000015,50.04999924,50.54999924,3845800
2024-04-30,50.15999985,50.43999863,48.93999863,49.02999878,7190100
2024-05-02,49.77999878,49.93999863,48.15999985,48.50999832,20064500
2024-05-03,49.70000076,50.77000046,49.56000137,49.88000107,15048300
2024-05-06,49.5,49.95999908,48.61999893,48.88000107,5970600
2024-05-07,49.00999832,49.79999924,48.63000107,49.63000107,8402800
2024-05-08,49.02000046,50.25,48.90000153,50.18000031,5940900
2024-05-09,49.25999832,50.11999893,48.91999817,49.54999924,9013800
2024-05-10,52.40000153,52.43999863,46.59999847,47.0,22108200
2024-05-13,47.31000137,47.38999939,45.75999832,46.29999924,17523300
2024-05-14,46.29000092,47.0,45.70000076,47.0,21302400
2024-05-15,47.0,48.65999985,46.70000076,47.88000107,13438100
2024-05-16,48.65000153,48.93000031,47.59999847,48.63000107,11921800
2024-05-17,48.34000015,49.41999817,48.08000183,48.40000153,7276800
2024-05-20,47.90000153,48.47999954,47.40000153,47.91999817,6365800
2024-05-21,47.91999817,48.16999817,46.54000092,46.61999893,8336900
2024-05-22,46.74000168,46.74000168,45.63999939,45.79999924,10586600
2024-05-23,45.99000168,46.29000092,45.13999939,45.70000076,5318700
2024-05-24,46.27000046,46.27000046,44.93999863,45.40000153,6199900
2024-05-27,44.75,45.38999939,44.61000061,44.93999863,3542100
2024-05-28,45.61000061,45.95999908,44.13999939,44.56000137,7897000
2024-05-29,44.04999924,44.29999924,43.47999954,44.0,12394900
2024-05-31,43.97999954,43.99000168,42.34999847,42.72999954,16540500
2024-06-03,42.88000107,43.08000183,42.09000015,42.65000153,9288500
2024-06-04,42.38000107,42.84000015,41.90000153,42.84000015,9414000
2024-06-05,43.99000168,44.29999924,42.88000107,43.02000046,9943800
2024-06-06,42.84000015,44.00999832,42.75,43.70000076,8681900
2024-06-07,42.97999954,43.43999863,42.29999924,42.75,5530900
2024-06-10,42.33000183,42.81000137,41.86000061,41.86000061,4533800
2024-06-11,42.0,42.41999817,41.50999832,41.54999924,7179400
2024-06-12,41.93000031,42.20999908,40.27000046,41.02000046,11882200
2024-06-13,41.09999847,41.09999847,40.09999847,40.18000031,9478500
2024-06-14,39.91999817,40.70000076,39.77000046,40.41999817,8598600
2024-06-17,40.09000015,40.09000015,39.25,39.40000153,8040300
2024-06-18,39.40000153,39.90000153,38.99000168,39.15000153,6677900
2024-06-19,39.08757019,39.99565506,38.91792679,39.92580032,4652190
2024-06-20,39.96571732,40.84386444,39.2172966,39.54660034,9182022
2024-06-21,39.42685318,41.89165497,39.16740036,41.61224747,14774792
2024-06-24,41.89165497,42.70993042,41.53241348,42.09123611,8690187
2024-06-25,41.54239273,42.81969833,41.03346634,42.14112854,11211593
2024-06-26,41.46256256,42.52033234,40.93367767,42.31077194,12490885
2024-06-27,42.02000046,42.88000107,41.70999908,42.84999847,11556700
2024-06-28,42.81000137,42.81000137,41.24000168,42.0,10629700
2024-07-01,41.86000061,43.11000061,41.65000153,41.77000046,9860900
2024-07-02,41.81999969,41.97999954,41.02000046,41.70000076,7536200
2024-07-03,42.13000107,42.97000122,42.04999924,42.15000153,6503500
2024-07-04,42.56999969,44.0,42.56999969,43.59999847,10443600
2024-07-05,43.47000122,43.99000168,42.90999985,43.74000168,7454700
2024-07-08,43.77000046,43.90999985,43.15000153,43.63999939,3866900
2024-07-09,43.54000092,44.77999878,43.34999847,44.41999817,5540200
2024-07-10,44.95000076,46.09000015,44.72999954,45.25,8892700
2024-07-11,45.79999924,46.61999893,45.49000168,46.59999847,8646500
2024-07-12,46.75,47.27000046,46.41999817,46.70000076,12341200
2024-07-15,46.79999924,46.79999924,46.06999969,46.43999863,6189100
2024-07-16,46.34999847,47.09999847,45.86000061,45.86000061,3308300
2024-07-17,46.0,46.22999954,45.00999832,45.13000107,4662200
2024-07-18,45.02000046,45.02000046,43.0,43.47000122,9506300
2024-07-19,43.47000122,43.97999954,43.09000015,43.40999985,6212600
2024-07-22,43.52000046,43.79999924,42.90000153,42.95000076,7415700
2024-07-23,42.79999924,43.41999817,42.29999924,43.38000107,13656800
2024-07-24,43.18999863,43.81000137,42.41999817,43.29999924,6560200
2024-07-25,42.77999878,43.63999939,42.5,43.06000137,9905700
2024-07-26,42.84999847,44.04000092,42.41999817,43.93000031,6019600
2024-07-29,43.91999817,44.27999878,42.54000092,42.59999847,5681300
2024-07-30,42.29999924,42.68000031,41.72000122,42.04000092,6178400
2024-07-31,42.13999939,44.0,42.04999924,43.83000183,10333300
2024-08-01,44.15000153,44.75999832,43.45000076,43.75999832,7352800
2024-08-02,43.54999924,45.08000183,43.54999924,45.08000183,10079100
2024-08-05,44.15000153,44.29000092,42.43999863,43.93999863,9432200
2024-08-06,43.91999817,45.00999832,43.90000153,44.54000092,8317800
2024-08-07,45.93999863,48.81999969,45.5,48.54999924,22910600
2024-08-08,48.59999847,49.18999863,47.93000031,48.47000122,11639400
2024-08-09,49.18999863,49.54999924,48.47000122,48.84999847,5876700
2024-08-12,49.49000168,49.84999847,48.97999954,49.22000122,11962400
2024-08-13,49.20999908,50.22999954,47.59000015,48.09999847,10930000
2024-08-14,41.25,42.97999954,39.40000153,40.0,83137200
2024-08-15,40.58000183,41.11000061,39.04000092,39.20000076,28346900
2024-08-16,39.70000076,42.59999847,39.58000183,42.59999847,33435300
2024-08-19,42.70000076,44.25,42.65999985,44.25,15038400
2024-08-20,43.70999908,44.08000183,42.81000137,42.97000122,9647100
2024-08-21,43.06000137,43.95999908,42.90999985,43.70000076,6228900
2024-08-22,43.31000137,43.95999908,41.90999985,41.93999863,15339900
2024-08-23,42.29000092,42.84999847,41.54000092,42.29999924,9156400
2024-08-26,42.43000031,42.84999847,42.0,42.27999878,5016100
2024-08-27,42.25999832,43.06999969,42.02000046,42.90000153,6129800
2024-08-28,42.45000076,42.88999939,42.20000076,42.5,5428300
2024-08-29,42.59999847,42.84999847,41.75,41.75,7476600
2024-08-30,41.11000061,41.43000031,40.84000015,41.36999893,18503200
2024-09-02,41.20999908,41.54999924,40.59999847,41.25,4839700
2024-09-03,41.84999847,42.0,40.59999847,40.70000076,5726300
2024-09-04,41.02000046,42.59000015,40.70000076,41.93000031,6830100
2024-09-05,42.0,42.5,41.79000092,42.49000168,5936700
2024-09-06,42.40000153,42.81000137,41.93000031,42.02000046,5696100
2024-09-09,42.45999908,42.5,41.54999924,41.54999924,4958600
2024-09-10,41.31999969,42.59000015,41.06999969,42.0,6554200
2024-09-11,42.65000153,42.77999878,41.65999985,42.36000061,6451600
2024-09-12,41.90000153,42.70999908,41.88999939,42.25,4519000
2024-09-13,42.52999878,44.20000076,42.22999954,44.20000076,10511500
2024-09-16,44.20999908,44.59999847,43.79000092,43.79000092,3941500
2024-09-17,43.65999985,44.38999939,43.15999985,44.29000092,4662900
2024-09-18,43.88000107,45.97000122,43.79999924,44.81999969,11250200
2024-09-19,45.58000183,45.70999908,44.25,44.31000137,6541100
2024-09-20,44.25999832,44.45000076,42.86000061,43.0,16792000
2024-09-23,43.0,43.15999985,42.27000046,42.70999908,5429200
2024-09-24,43.65000153,44.04000092,42.27000046,43.08000183,8423500
2024-09-25,43.0,43.77999878,41.70000076,41.88000107,11527400
2024-09-26,42.06999969,42.40000153,41.34000015,41.79999924,7500200
2024-09-27,41.63000107,42.06999969,41.29000092,41.36999893,9756300
2024-09-30,41.88999939,41.88999939,41.0,41.0,4458000
2024-10-01,41.09000015,41.70000076,40.66999817,41.09999847,6404700
2024-10-02,41.54999924,42.43000031,41.45000076,41.79000092,5038600
2024-10-03,41.20000076,41.25,40.22000122,40.5,6332200
2024-10-04,40.52000046,42.13999939,40.52000046,41.90000153,6997700
2024-10-07,42.63000107,42.74000168,41.36999893,41.41999817,4954400
2024-10-08,41.72999954,43.04000092,41.70999908,42.86000061,6254000
2024-10-09,42.5,42.59999847,41.09999847,41.47999954,7619100
2024-10-10,41.5,41.68999863,40.86000061,41.11999893,7486800
2024-10-11,40.95000076,41.88000107,40.49000168,41.58000183,6397500
2024-10-14,41.56999969,42.86000061,40.93000031,42.45999908,6389500
2024-10-15,42.88999939,43.11999893,42.15000153,42.61999893,5678100
2024-10-16,42.61000061,43.20999908,42.15000153,43.15000153,8018600
2024-10-17,42.58000183,42.79999924,42.02000046,42.65000153,7560500
2024-10-18,42.79000092,43.06999969,41.72000122,42.25,6474900
2024-10-21,42.49000168,42.90000153,42.31999969,42.52000046,5446300
2024-10-22,42.25,42.56000137,41.86999893,42.54999924,4655700
2024-10-23,42.22000122,42.84999847,41.90999985,42.36999893,7786800
2024-10-24,42.29000092,43.65000153,42.27999878,43.5,5447500
2024-10-25,43.38000107,43.59000015,42.11999893,42.13000107,6875800
2024-10-28,42.70000076,42.88999939,42.31999969,42.38000107,6548800
2024-10-29,42.36000061,42.70000076,41.95999908,42.15000153,3785300
2024-10-30,41.95000076,42.86000061,41.90000153,42.63000107,7929600
2024-10-31,42.45000076,42.86000061,41.68999863,42.02000046,5608100
2024-11-01,42.52999878,42.52999878,40.65999985,40.75999832,7644300
2024-11-04,41.27000046,42.45000076,41.04999924,42.40000153,10621900
2024-11-05,42.20000076,42.52000046,41.68000031,42.33000183,5738900
2024-11-06,41.68000031,43.11000061,41.27000046,42.65000153,8753400
2024-11-07,42.15999985,43.63000107,41.70000076,42.04999924,9153100
2024-11-08,41.66999817,41.66999817,40.41999817,40.90000153,13034600
2024-11-11,41.0,42.56999969,40.72000122,42.56999969,15235600
2024-11-12,44.68999863,45.93000031,43.72000122,45.45999908,32057900
2024-11-13,45.97000122,46.20000076,44.40999985,45.18000031,11078500
2024-11-14,44.72999954,45.81000137,43.93999863,44.72999954,20385400
2024-11-18,44.59999847,44.59999847,43.04999924,43.34999847,9302000
2024-11-19,43.47000122,44.09999847,43.02999878,43.88999939,6676300
2024-11-21,43.34000015,43.84000015,42.27000046,43.54000092,9039500
2024-11-22,43.79999924,44.34999847,43.08000183,44.20000076,8141600
2024-11-25,44.34999847,44.63000107,43.52999878,43.52999878,15243200
2024-11-26,43.77999878,44.29000092,43.15000153,44.08000183,10904100
2024-11-27,44.06000137,44.29000092,41.40000153,41.54999924,10724100
2024-11-28,41.18000031,41.31999969,38.09999847,39.0,22747600
2024-11-29,38.77999878,38.77999878,36.49000168,37.58000183,31617900
2024-12-02,37.18999863,37.27999878,36.40000153,36.61999893,19139400
2024-12-03,36.63000107,37.47000122,36.11999893,37.11999893,8577300
2024-12-04,36.95999908,37.47000122,36.18999863,36.25999832,8575900
2024-12-05,36.90000153,37.29000092,36.58000183,37.0,10309800
2024-12-06,36.79999924,36.90999985,34.40999985,34.81999969,15110400
2024-12-09,34.93000031,35.22000122,33.29000092,33.45000076,12007900
2024-12-10,34.02000046,34.95000076,33.5,34.43000031,15291800
2024-12-11,34.83000183,36.86999893,34.36999893,35.43000031,18480200
2024-12-12,34.65999985,34.68999863,33.52999878,33.75,10021300
2024-12-13,33.90000153,34.0,32.06000137,32.22999954,16364100
2024-12-16,32.27000046,32.45999908,30.63999939,30.70999908,12672800
2024-12-17,30.95999908,31.48999977,29.90999985,31.18000031,16050300
2024-12-18,30.51000023,30.87999916,29.71999931,29.93000031,19605000
2024-12-19,30.09000015,32.86000061,30.0,32.54999924,30378400
2024-12-20,32.41999817,34.08000183,32.27000046,33.68000031,25296500
2024-12-23,33.34000015,33.56999969,32.68999863,32.88000107,9135300
2024-12-26,32.83000183,33.18999863,32.43999863,32.52999878,5695900
2024-12-27,32.75,33.0,32.47999954,32.5,5564700
2024-12-30,32.54000092,32.72999954,31.89999962,32.20000076,7254000
2025-01-02,32.20000076,32.49000168,31.39999962,32.20000076,7729300
2025-01-03,32.06000137,32.56000137,32.02000046,32.27999878,7114500
2025-01-06,32.61999893,33.38999939,32.09999847,32.29999924,7088000
2025-01-07,32.54000092,32.61000061,31.31999969,32.0,11412100
2025-01-08,31.73999977,31.77000046,30.18000031,30.73999977,19262000
2025-01-09,30.75,30.84000015,30.28000069,30.28000069,4407100
2025-01-10,30.15999985,30.70000076,28.70000076,28.87000084,12381700
2025-01-13,28.77000046,29.32999992,28.30999947,28.76000023,8055800
2025-01-14,28.76000023,29.63999939,28.76000023,29.21999931,10366000
2025-01-15,29.76000023,31.25,29.46999931,30.96999931,13854500
2025-01-16,30.69000053,30.69000053,29.98999977,30.23999977,8127300
2025-01-17,30.51000023,30.80999947,29.62000084,30.44000053,7855900
2025-01-20,30.0,31.0,29.85000038,30.57999992,4633500
2025-01-21,30.56999969,30.86000061,30.20000076,30.55999947,5465200
2025-01-22,31.07999992,31.12999916,29.90999985,30.53000069,9124300
2025-01-23,30.65999985,30.96999931,29.98999977,30.03000069,8237300
2025-01-24,30.07999992,30.81999969,29.89999962,30.31999969,6545700
2025-01-27,30.29999924,31.87999916,30.09000015,31.70999908,9469100
2025-01-28,31.5,31.86000061,31.03000069,31.37000084,6065500
2025-01-29,31.55999947,31.64999962,30.01000023,30.18000031,14495900
2025-01-30,30.39999962,32.06000137,30.30999947,31.65999985,11233500
2025-01-31,31.96999931,31.96999931,30.64999962,30.87000084,12481800
2025-02-03,30.84000015,31.61000061,30.52000046,31.47999954,10400400
2025-02-04,31.29000092,32.27000046,31.14999962,31.65999985,7933600
2025-02-05,31.62999916,31.84000015,31.14999962,31.59000015,5818900
2025-02-06,31.45000076,32.13999939,31.21999931,31.88999939,8533500
2025-02-07,31.88999939,32.08000183,29.76000023,29.94000053,11721800
2025-02-10,30.03000069,30.95999908,30.0,30.22999954,6710100
2025-02-11,30.34000015,31.77000046,29.89999962,31.03000069,11075200
2025-02-12,30.56999969,31.05999947,30.04999924,30.68000031,18057500
2025-02-13,30.45000076,30.48999977,29.22999954,29.73999977,12867600
2025-02-14,30.21999931,31.89999962,29.80999947,31.61000061,15140500
2025-02-17,31.82999992,33.31000137,31.56999969,32.47000122,13495100
2025-02-18,32.47000122,32.83000183,31.54999924,32.0,10882000
2025-02-19,31.30999947,31.55999947,30.44000053,30.45000076,6795500
2025-02-20,30.53000069,30.80999947,30.18000031,30.35000038,5907700
2025-02-21,30.42000008,30.42000008,28.77000046,29.23999977,15300800
2025-02-24,29.40999985,29.64999962,27.87000084,27.87000084,10900800
2025-02-25,28.03000069,28.47999954,27.67000008,28.34000015,10975800
2025-02-26,28.54000092,28.85000038,27.63999939,27.63999939,7351200
2025-02-27,27.67000008,28.10000038,27.32999992,27.60000038,20623700
2025-02-28,28.0,28.81999969,26.71999931,28.10000038,30888400
2025-03-05,28.75,28.81999969,27.29000092,28.10000038,8350900
2025-03-06,28.20000076,28.68000031,27.97999954,28.31999969,7316200
2025-03-07,28.0,30.13999939,27.89999962,29.81999969,13520000
2025-03-10,29.59000015,30.38999939,29.44000053,29.75,14144300
2025-03-11,29.75,30.18000031,29.62000084,30.02000046,8500200
2025-03-12,30.09000015,30.69000053,29.55999947,30.35000038,7071500
2025-03-13,30.34000015,31.48999977,30.25,31.26000023,9731300
2025-03-14,31.45000076,32.93999863,31.39999962,32.84999847,14413000
2025-03-17,33.0,33.86999893,32.68000031,33.36999893,11392800
2025-03-18,33.33000183,33.90000153,32.81000137,32.88999939,8764200
2025-03-19,32.88999939,33.93999863,32.63999939,33.59999847,13044800
2025-03-20,33.38999939,33.66999817,32.91999817,33.13999939,4686700
2025-03-21,33.22000122,33.63000107,33.06000137,33.45999908,11479800
2025-03-24,33.79000092,33.84000015,32.54000092,32.54000092,5016900
2025-03-25,32.61000061,33.93000031,32.61000061,33.24000168,6588000
2025-03-26,33.41999817,35.24000168,33.41999817,34.81999969,14207800
2025-03-27,34.74000168,35.54999924,34.15999985,34.75,9600700
2025-03-28,34.63999939,34.77999878,33.79999924,34.47999954,6140800
2025-03-31,34.16999817,34.38000107,33.06999969,33.59000015,6678500
2025-04-01,33.90000153,35.54000092,33.59999847,35.09999847,9532200
2025-04-02,35.09999847,36.66999817,35.08000183,36.45000076,13764300
2025-04-03,36.09999847,37.75999832,36.04999924,37.24000168,11703000
2025-04-04,36.29999924,36.54999924,35.59000015,36.09999847,10349100
2025-04-07,35.65000153,37.5,34.95999908,35.81000137,15628500
2025-04-08,36.16999817,36.79999924,35.68000031,35.70000076,11835700
2025-04-09,35.56000137,37.56999969,34.81999969,36.97000122,13152400
2025-04-10,36.68000031,37.59000015,36.29999924,37.40000153,10248500
2025-04-11,37.56000137,39.47999954,37.25,38.56999969,13522200
2025-04-14,39.29999924,39.72999954,38.56999969,39.25999832,8919600
2025-04-15,39.0,39.77999878,38.79999924,39.40000153,8923900
2025-04-16,39.29999924,39.61999893,38.47999954,38.75,11699600
2025-04-17,38.54000092,40.36000061,38.25999832,40.25,7870500
2025-04-22,39.79999924,40.02000046,39.02999878,39.15000153,11770600
2025-04-23,39.65000153,40.88000107,39.36000061,40.36000061,8109500
2025-04-24,40.59999847,42.0,40.22999954,41.59999847,7810300
2025-04-25,41.77999878,43.27000046,41.27000046,42.81000137,11649400
2025-04-28,42.99000168,43.70000076,42.33000183,43.06000137,11384400
2025-04-29,43.20999908,43.68000031,43.04000092,43.18000031,12355600
2025-04-30,42.95000076,43.65999985,41.84999847,42.95999908,10644700
2025-05-02,42.90000153,43.18000031,42.43000031,43.09999847,8818900
2025-05-05,43.15000153,43.25999832,42.72999954,43.06000137,13678700
2025-05-06,43.18000031,43.70000076,41.43999863,42.0,13864700
2025-05-07,42.22999954,42.27999878,41.33000183,42.09000015,7422400
2025-05-08,43.65000153,44.40000153,43.0,43.90000153,10529200
2025-05-09,43.86000061,44.58000183,40.81999969,41.0,12333500
2025-05-12,41.15999985,41.63000107,40.61999893,41.5,12763600
2025-05-13,41.61000061,42.74000168,41.47999954,41.74000168,7971200
2025-05-14,41.63999939,41.63999939,39.61000061,39.70999908,7593500
2025-05-15,39.91999817,41.06000137,39.90000153,40.75,7356500
2025-05-16,40.31999969,42.31999969,40.31000137,41.84000015,8018900
2025-05-19,41.93999863,43.16999817,41.68000031,42.09999847,9366600
2025-05-20,42.20999908,42.43999863,40.31999969,41.70000076,6142000
2025-05-21,41.45000076,41.45000076,39.95000076,40.36000061,16901900
2025-05-22,40.47999954,41.59999847,40.00999832,40.56000137,7317900
2025-05-23,40.11999893,40.83000183,38.40000153,40.59000015,7352100
2025-05-26,40.65999985,41.25,40.43000031,40.84999847,3912400
2025-05-27,42.04999924,43.25999832,41.77999878,42.65000153,14070500
2025-05-28,42.45000076,44.29999924,42.13000107,43.31999969,16937200
2025-05-29,42.95000076,44.34999847,42.95000076,43.43999863,9041300
2025-05-30,43.29000092,43.72999954,42.68999863,42.95999908,13338300
2025-06-02,43.29999924,44.20000076,42.38000107,43.31000137,7736700
2025-06-03,42.61000061,43.24000168,42.18000031,43.11999893,7828000
2025-06-04,43.43000031,43.79000092,42.65999985,43.70000076,8773400
2025-06-05,43.79999924,44.70000076,43.38999939,44.20000076,14220700
2025-06-06,44.34999847,44.77999878,43.15999985,43.79999924,16558500
2025-06-09,43.61999893,44.56000137,42.63999939,43.65999985,5516600
2025-06-10,44.15000153,44.45000076,43.74000168,43.99000168,6403100
2025-06-11,43.99000168,44.36000061,43.13999939,44.0,6164700
2025-06-12,43.88999939,44.58000183,43.54000092,44.45999908,2830700
2025-06-13,43.70999908,44.52000046,43.70999908,44.02000046,5332900
2025-06-16,44.59000015,45.75,44.29999924,44.99000168,8857000
2025-06-17,45.24000168,45.25,44.20000076,44.59999847,4587400
2025-06-18,44.5,45.02999878,44.31999969,44.88000107,4538100
2025-06-20,44.27000046,44.56999969,43.20999908,43.25999832,11709200
2025-06-23,43.13999939,43.13999939,41.99000168,42.40999985,6813100
2025-06-24,42.49000168,44.40999985,42.29000092,43.50999832,7319500
2025-06-25,43.25,43.68000031,42.88000107,43.15000153,4991700
2025-06-26,42.29999924,42.29999924,40.00999832,40.00999832,33754000
2025-06-27,39.84000015,41.43000031,39.81999969,40.54999924,14095200
2025-06-30,40.22000122,41.22000122,39.66999817,40.52000046,8503600
2025-07-01,40.54000092,41.09999847,39.83000183,40.63000107,6266600
2025-07-02,40.68999863,40.75999832,37.97999954,38.29000092,15943300
2025-07-03,38.40000153,39.47999954,37.97999954,39.25,8454500
2025-07-04,38.84000015,39.40000153,38.68000031,39.18000031,3448500
2025-07-07,39.18000031,39.70999908,38.36999893,38.68999863,4056100
2025-07-08,39.08000183,39.11000061,38.02999878,38.27999878,5517100
2025-07-09,38.13000107,38.43000031,37.06000137,37.33000183,7198900
2025-07-10,36.74000168,38.75999832,36.09000015,38.25,15207300
2025-07-11,37.91999817,38.04000092,36.33000183,36.65999985,10688300
2025-07-14,36.61999893,36.75,35.74000168,36.45999908,5339100
2025-07-15,36.56000137,37.11999893,36.11000061,36.90999985,4385300
2025-07-16,37.06999969,37.15000153,36.33000183,37.0,3650700
2025-07-17,37.09000015,37.56000137,36.83000183,37.36000061,4405800
2025-07-18,36.59999847,37.13000107,35.56000137,35.79999924,9534500
2025-07-21,35.93000031,36.11999893,35.27999878,35.81999969,5629200
2025-07-22,35.97000122,36.40999985,35.72000122,35.79999924,3073600
2025-07-23,35.56999969,36.5,35.45999908,36.22999954,6541700
2025-07-24,36.06000137,36.29000092,35.70000076,35.97000122,3030400
2025-07-25,35.79999924,36.20999908,35.79000092,36.18000031,2045700
2025-07-28,36.0,36.29999924,34.90000153,35.16999817,5801700
2025-07-29,35.25,35.52000046,34.90999985,35.47000122,4821700
2025-07-30,35.08000183,36.02999878,34.65000153,35.59000015,8891300
2025-07-31,34.86000061,35.11999893,34.33000183,34.63000107,7016000
2025-08-01,35.36999893,36.00999832,34.04000092,34.36999893,9470300
2025-08-04,34.75,35.06000137,33.97999954,34.36000061,4518900
2025-08-05,34.27999878,34.75,34.08000183,34.59000015,3349400
2025-08-06,34.72999954,35.81999969,34.40999985,35.40000153,4848000
2025-08-07,35.75,36.09000015,34.95000076,35.65000153,16474000
2025-08-08,35.54999924,36.18000031,35.00999832,35.40000153,11062900
2025-08-11,35.02999878,35.27000046,34.34999847,34.58000183,6970600
2025-08-12,34.97000122,35.90000153,34.24000168,34.41999817,22919300
2025-08-13,34.25,35.45000076,34.00999832,34.79999924,14800500
2025-08-14,34.43999863,34.81999969,34.06000137,34.40000153,5738300
2025-08-15,34.52000046,34.84000015,33.88999939,34.22000122,9988400
2025-08-18,34.33000183,35.18000031,34.15000153,34.88000107,17314400
2025-08-19,34.27999878,34.5,33.61999893,33.79999924,7999000
2025-08-20,33.88000107,33.88999939,33.09999847,33.24000168,4693800
2025-08-21,33.02999878,33.47999954,32.70000076,32.70000076,4566000
2025-08-22,32.97999954,34.88999939,32.79999924,34.61999893,11314500
2025-08-25,34.70000076,35.18000031,34.52999878,34.61999893,4082400
2025-08-26,34.50999832,34.95999908,33.95999908,34.41999817,5780500
2025-08-27,34.41999817,35.04999924,33.86000061,35.0,6770700
2025-08-28,35.49000168,35.97999954,35.27000046,35.68999863,18396800
2025-08-29,35.65000153,36.5,35.36000061,35.84000015,10719600
2025-09-01,36.00999832,36.58000183,35.84000015,36.04999924,6084000
2025-09-02,35.70000076,36.47000122,35.29999924,36.0,4046200
2025-09-03,35.93999863,36.91999817,35.93999863,36.36000061,5449400
2025-09-04,36.52999878,37.38000107,36.18000031,37.0,5951000
2025-09-05,37.54000092,39.20000076,37.43999863,38.09999847,11213400
2025-09-08,38.11000061,38.41999817,37.22000122,37.40999985,6155300
2025-09-09,37.43000031,37.70000076,37.20000076,37.25999832,3407500
2025-09-10,37.25,37.88000107,37.24000168,37.34000015,2983600
2025-09-11,37.59999847,38.75,37.31000137,38.68999863,10071300
2025-09-12,38.20000076,38.93000031,37.86999893,37.86999893,3408600
2025-09-15,38.00999832,38.61999893,37.91999817,38.29000092,4914600
2025-09-16,38.68000031,39.41999817,38.52000046,39.09999847,6500100
2025-09-17,38.95000076,40.95999908,38.90000153,40.09999847,9782800
2025-09-18,40.15999985,40.18000031,39.15000153,39.90000153,5259300
2025-09-19,39.88999939,40.31999969,39.40000153,39.65000153,7182400
2025-09-22,39.09999847,39.20000076,38.15000153,39.13000107,6371300
2025-09-23,39.40999985,40.65000153,39.31999969,40.59000015,7571600
2025-09-24,40.36000061,40.88999939,40.08000183,40.54999924,14461900
2025-09-25,40.29999924,41.18999863,40.09000015,40.25,18348800
2025-09-26,40.0,40.54999924,39.65000153,40.08000183,6380500
2025-09-29,41.18999863,41.38000107,40.06000137,40.06000137,4435300
2025-09-30,40.54999924,40.77000046,39.38000107,39.45000076,8860300
2025-10-01,39.91999817,40.22000122,39.36000061,39.97999954,6426400
2025-10-02,39.86999893,40.02000046,38.49000168,38.77999878,16675500
2025-10-03,38.58000183,39.18000031,38.31999969,39.0,13704700
2025-10-06,39.08000183,39.34999847,38.06999969,38.22000122,4363100
2025-10-07,37.79999924,37.86999893,36.65000153,36.81000137,8408700
2025-10-08,37.11000061,37.11000061,36.40999985,36.77000046,5408600
2025-10-09,36.95000076,37.31000137,36.65999985,36.70999908,4061800
2025-10-10,36.88999939,37.08000183,35.70999908,35.79999924,9072400
2025-10-13,36.18000031,36.50999832,35.70999908,36.13999939,3613000
2025-10-14,35.79000092,36.45000076,35.65999985,35.86999893,3928500
2025-10-15,35.52999878,37.18000031,35.34999847,36.79000092,10268100
2025-10-16,36.34000015,36.93000031,35.90999985,36.09999847,5573300
2025-10-17,36.00999832,36.79000092,35.70000076,36.59999847,6161600
2025-10-20,36.84000015,37.59999847,36.61999893,36.97000122,4498900
2025-10-21,36.59000015,37.40000153,36.40000153,37.34999847,4260500
2025-10-22,37.45000076,38.63999939,37.25,37.79000092,5548500
2025-10-23,38.09000015,38.63999939,37.29999924,38.20000076,6749200
2025-10-24,38.72000122,39.08000183,38.25999832,38.75,12743600
2025-10-27,39.40000153,40.16999817,39.02000046,39.31999969,7078100
2025-10-28,39.33000183,39.49000168,38.29999924,39.16999817,5727800
2025-10-29,39.5,39.93000031,39.16999817,39.77000046,6632900
2025-10-30,39.52999878,39.97000122,39.04000092,39.24000168,4210900
2025-10-31,39.70000076,39.70000076,38.97999954,39.43999863,3973100
2025-11-03,39.59999847,40.08000183,39.36999893,39.65000153,5467600
2025-11-04,39.43999863,40.90000153,39.38000107,40.90000153,6858500
2025-11-05,40.90000153,42.04999924,40.29000092,41.56999969,8955000
2025-11-06,41.52000046,41.99000168,41.13999939,41.15000153,6800000
2025-11-07,41.16999817,41.43000031,40.61000061,40.88999939,4632000
2025-11-10,41.38999939,42.40999985,41.06999969,42.06999969,7527600
2025-11-11,42.61000061,44.90000153,42.20000076,43.25,17859500
2025-11-12,43.22000122,43.54999924,42.61999893,43.06000137,6089500
2025-11-13,43.02999878,43.54999924,41.74000168,42.04000092,7294900
2025-11-14,42.04999924,44.79000092,41.68999863,44.04999924,13642300
2025-11-17,43.95999908,44.79000092,43.13000107,43.16999817,6671800
2025-11-18,42.63999939,43.36999893,42.5,43.0,7280300
2025-11-19,42.68999863,43.91999817,42.65999985,42.75,6865000
2025-11-21,42.79999924,43.00999832,41.65000153,42.04000092,12102200
2025-11-24,41.97999954,43.58000183,41.86999893,42.97000122,10748300
2025-11-25,43.09000015,44.08000183,43.06000137,43.50999832,9174600
2025-11-26,43.79000092,44.81999969,43.41999817,44.75999832,11606700
2025-11-27,44.54000092,45.06000137,44.43000031,44.70000076,2165800
2025-11-28,44.5,45.56000137,44.5,45.25,5803800
2025-12-01,45.18999863,45.40000153,44.15000153,45.40000153,6446200
2025-12-02,45.40000153,47.54999924,45.38000107,47.54999924,15172900
2025-12-03,47.61000061,48.34999847,47.13000107,47.22000122,13969600
2025-12-04,47.70999908,49.84999847,47.47000122,49.59999847,19151100
2025-12-05,49.59000015,49.72999954,45.34999847,45.93000031,23510800
2025-12-08,47.5,47.5,45.00999832,46.02000046,15656600
2025-12-09,45.34999847,46.00999832,44.18999863,45.0,9391900
2025-12-10,45.36000061,46.45000076,44.86999893,45.99000168,8330700
2025-12-11,46.0,47.70000076,45.75,46.75,6279500
2025-12-12,46.84000015,48.09999847,46.84000015,47.49000168,6690200
2025-12-15,47.90000153,48.29000092,47.52999878,47.75999832,4284600
2025-12-16,47.04999924,47.24000168,45.0,45.29999924,12103800
2025-12-17,44.38999939,44.65000153,42.56999969,43.61000061,14494900
2025-12-18,42.97000122,43.59000015,42.54999924,43.31999969,6683900
2025-12-19,43.29999924,44.40000153,42.79000092,43.77999878,8116200
2025-12-22,43.5,43.72999954,43.08000183,43.43000031,8836400
2025-12-23,43.61000061,45.06000137,43.45000076,44.90000153,6524200
2025-12-26,44.33000183,45.04000092,44.27000046,44.88999939,4077300
2025-12-29,44.72999954,45.15000153,44.29999924,44.97999954,5738700
2025-12-30,44.59000015,45.09999847,43.36999893,43.56999969,7143200
2026-01-02,43.70000076,44.29000092,43.27999878,43.43999863,5341600
2026-01-05,43.54000092,44.16999817,43.02000046,43.74000168,7868600
2026-01-06,44.11000061,45.27000046,43.47000122,44.31999969,9868600
2026-01-07,44.09000015,44.40000153,43.20000076,43.95999908,8703900
2026-01-08,43.95999908,44.70000076,43.34999847,43.56999969,6789700
2026-01-09,43.68000031,44.40999985,42.93000031,43.20999908,6382000
2026-01-12,43.06000137,43.34000015,41.95999908,42.90000153,7569800
2026-01-13,42.31999969,42.77999878,41.40999985,41.86999893,6544900
2026-01-14,42.34000015,42.59999847,41.13000107,41.91999817,8764700
2026-01-15,42.40999985,42.5,41.70999908,41.97999954,6918000
2026-01-16,41.97999954,42.11000061,40.11000061,40.70000076,11617700
2026-01-19,40.68000031,41.09999847,40.13000107,40.81000137,6306500
2026-01-20,40.25,41.13999939,40.20999908,40.72999954,9126600
2026-01-21,41.40000153,42.66999817,41.20999908,42.61999893,10460500
2026-01-22,43.18999863,44.88999939,42.84000015,43.88000107,12491300
2026-01-23,44.09999847,44.95999908,43.34000015,44.75,7720800
2026-01-26,44.93000031,45.88999939,44.24000168,45.68999863,8218100
2026-01-27,46.5,48.06000137,46.40000153,47.70000076,12214500
2026-01-28,48.15999985,48.97999954,47.74000168,48.97999954,8628000
2026-01-29,49.52000046,49.65999985,46.93000031,48.13000107,9137800
2026-01-30,48.02000046,49.56999969,47.90999985,48.38999939,11096400
2026-02-02,48.84999847,49.65999985,48.43000031,49.56999969,6387100
2026-02-03,49.90000153,51.47999954,49.84999847,50.65000153,9659700
2026-02-04,50.58000183,50.66999817,49.27000046,50.06000137,20373000
2026-02-05,50.0,51.58000183,49.99000168,50.06999969,9053200
2026-02-06,49.99000168,51.34999847,49.50999832,51.0,9948400
2026-02-09,51.27000046,51.90000153,50.34999847,50.58000183,7108100
2026-02-10,50.0,51.24000168,49.99000168,50.49000168,4231000
2026-02-11,50.95000076,51.58000183,49.70999908,51.09000015,8840000
2026-02-12,50.65999985,51.88000107,50.13999939,51.59999847,10256000
2026-02-13,50.31000137,51.65999985,49.93999863,51.43999863,6378600
2026-02-18,52.45000076,52.45000076,50.77999878,51.29999924,7426400
2026-02-19,51.47000122,52.43000031,51.09999847,52.43000031,3662300
2026-02-20,51.72000122,53.0,51.66999817,52.83000183,4729000
2026-02-23,52.13000107,52.59999847,50.88000107,51.29999924,4985700
2026-02-24,51.54000092,52.36999893,51.40000153,52.04999924,6249000
2026-02-25,52.16999817,52.36999893,50.47000122,50.79000092,5015700
2026-02-26,51.41999817,51.75,50.43999863,50.45000076,10536100
2026-02-27,50.54999924,52.38000107,50.54999924,50.75999832,16578500
2026-03-02,49.81999969,52.25,48.90000153,51.72999954,14027000
2026-03-03,49.11000061,50.18000031,47.34999847,48.90000153,16008500
2026-03-04,49.97999954,50.70000076,49.43999863,50.36000061,6292300
2026-03-05,49.40000153,49.40000153,46.59000015,46.90000153,12463000
2026-03-06,46.40000153,47.29000092,45.22000122,45.83000183,9698100
2026-03-09,45.0,46.29999924,44.15000153,45.75,16139000
2026-03-10,46.65999985,48.34999847,46.0,47.24000168,9121600
2026-03-11,46.56000137,47.86999893,46.25,46.84999847,6655400
2026-03-12,45.49000168,45.86000061,44.31999969,45.16999817,8608800
2026-03-13,45.27000046,45.88999939,42.93999863,43.61999893,10597600
2026-03-16,44.79000092,45.27000046,43.83000183,44.79000092,7101200
2026-03-17,44.61000061,46.02999878,44.34000015,44.61999893,6780500
2026-03-18,44.06000137,44.84000015,43.65000153,44.11000061,5972200
2026-03-19,42.90999985,45.09000015,42.25999832,44.41999817,14042700
2026-03-20,44.11999893,44.20000076,42.59000015,43.20999908,17420200
2026-03-23,45.0,47.45999908,44.75999832,47.04000092,14926300
2026-03-24,46.63000107,46.90000153,45.65000153,46.43999863,5881300
2026-03-25,47.74000168,48.56000137,47.40000153,47.59000015,10358900
2026-03-26,46.63000107,47.18000031,45.88999939,46.25999832,6105700
2026-03-27,45.75,45.77999878,44.47999954,45.15000153,9079900
2026-03-30,45.90000153,45.90000153,44.59999847,45.02000046,4752900
2026-03-31,46.20999908,47.25,44.95999908,46.97999954,12751300
2026-04-01,47.49000168,49.11000061,47.27999878,47.75,9991900
2026-04-02,47.47999954,47.66999817,45.02000046,47.66999817,10607700
2026-04-06,47.61000061,48.22000122,46.79000092,47.13999939,4083400
2026-04-07,46.72000122,47.36999893,45.93000031,47.15000153,5667600
2026-04-08,50.84999847,51.27000046,49.36000061,49.36000061,11929600
2026-04-09,49.79000092,50.61999893,48.61999893,50.04000092,9819400
2026-04-10,49.49000168,50.79999924,48.70000076,49.0,16870700
2026-04-13,48.29999924,49.06999969,47.70999908,48.81000137,15505700
2026-04-14,49.20000076,51.09000015,49.20000076,50.99000168,10620900
2026-04-15,50.63999939,51.93999863,50.40000153,51.93999863,8813300
2026-04-16,52.06999969,52.47999954,50.65000153,50.77999878,6211100
2026-04-17,52.70000076,53.34999847,51.13999939,51.13999939,10891200
2026-04-20,51.25999832,52.34999847,50.86000061,51.97999954,5115200
2026-04-22,51.99000168,52.00999832,50.25999832,50.5,5929700
2026-04-23,50.29999924,50.79999924,49.11000061,49.38999939,5706200
2026-04-24,49.52999878,49.70999908,48.40000153,49.29000092,5636400
2026-04-27,49.34999847,49.59999847,48.29999924,48.31999969,4441300
2026-04-28,47.61000061,47.74000168,46.61000061,47.31000137,14600500
2026-04-29,47.15000153,47.15000153,45.18999863,45.20000076,9625900
2026-04-30,46.54999924,46.61999893,45.61999893,45.90999985,10903600
2026-05-04,46.15999985,46.20999908,44.90000153,44.97999954,9020200
2026-05-05,45.43000031,46.34000015,45.15000153,45.90000153,10860200
2026-05-06,47.0,48.13000107,46.91999817,47.65000153,7969300
2026-05-07,47.31999969,48.11000061,46.25999832,46.34999847,6446900
2026-05-08,48.79999924,50.45000076,48.52999878,49.88000107,17235800
2026-05-11,49.02999878,49.54999924,46.47000122,47.02000046,12194500
2026-05-12,46.59999847,47.61999893,45.97000122,46.08000183,9663200
2026-05-13,45.70999908,45.86999893,42.70000076,43.13000107,19666600
2026-05-14,43.68999863,44.61999893,43.06000137,43.93999863,11961000
2026-05-15,42.18999863,43.18000031,42.00999832,42.97999954,7525800
2026-05-18,43.11000061,43.38000107,42.34999847,42.97000122,6728000
2026-05-19,41.45999908,42.77000046,41.36000061,42.09000015,6064700
2026-05-20,42.31000137,44.68000031,41.95000076,44.47000122,15077300
2026-05-21,43.90999985,44.86000061,43.24000168,44.04000092,6411500
2026-05-22,43.52000046,44.04999924,42.70999908,43.34999847,5977900
2026-05-25,44.11999893,45.15000153,43.88000107,44.90000153,5543000
2026-05-26,44.54999924,44.59000015,43.34999847,43.70000076,4879600
2026-05-27,44.74000168,44.88999939,42.72000122,42.81999969,5498100
2026-05-28,42.81999969,43.59000015,42.11000061,42.81999969,6735700
2026-05-29,42.90000153,42.90000153,41.34999847,42.02000046,21837500
2026-06-01,42.06999969,42.22999954,41.11000061,41.34000015,11096500
2026-06-02,41.70000076,42.45000076,40.83000183,41.83000183,11401600
2026-06-03,40.84000015,41.31999969,40.18000031,40.43999863,7372500
2026-06-05,40.47999954,41.20000076,40.06999969,40.58000183,6816800
2026-06-08,40.36000061,40.58000183,39.75999832,40.16999817,6846100
2026-06-09,40.77999878,41.25,40.18999863,40.84999847,6596600
2026-06-10,40.22000122,40.27999878,39.11999893,39.11999893,11072400
2026-06-11,39.09999847,41.08000183,39.04999924,40.79999924,17368900
2026-06-12,40.13000107,41.25999832,40.13000107,40.70000076,8442400
2026-06-15,42.0,42.47000122,40.45000076,40.65000153,11562500
2026-06-16,40.31000137,41.09000015,40.08000183,40.95999908,11968400
2026-06-17,41.56000137,41.91999817,40.24000168,40.54000092,9415300
2026-06-18,40.52000046,40.93000031,39.68000031,40.09000015,11791200
2026-06-19,40.00999832,40.33000183,39.72000122,40.11999893,6074600
2026-06-22,40.0,41.36000061,39.93000031,40.81999969,7770100
2026-06-23,40.27999878,41.81999969,40.18999863,41.77999878,6477500
2026-06-24,41.5,42.22000122,41.25999832,41.75999832,10404400
2026-06-25,42.09000015,42.86000061,41.81999969,42.34999847,7498400
2026-06-26,42.18000031,43.49000168,41.77999878,43.09999847,6977500
2026-06-29,42.61999893,42.93000031,42.24000168,42.25,4723100
2026-06-30,41.52000046,41.97000122,41.06000137,41.54000092,7221700
2026-07-01,40.43000031,41.65000153,40.27000046,41.08000183,4330400
2026-07-02,41.50999832,42.02999878,40.52000046,41.25,7608800
2026-07-03,41.77999878,41.86000061,41.29999924,41.45000076,2769400
2026-07-06,41.06000137,41.20999908,40.18999863,40.31999969,4899600
2026-07-07,40.54999924,40.54999924,38.68000031,39.09000015,9525200
2026-07-08,38.88000107,39.02999878,37.70999908,38.84000015,7445900
2026-07-09,38.95999908,39.84999847,38.75999832,39.40000153,7205600
2026-07-10,41.18000031,41.31999969,40.31000137,41.09999847,8334200
2026-07-13,40.72000122,41.22999954,40.04999924,40.20000076,4099300
2026-07-14,40.33000183,40.65999985,40.09000015,40.54000092,4633300
2026-07-15,40.25,40.65999985,40.25,40.34999847,3360900
2026-07-16,40.02000046,40.25,38.63000107,38.86000061,5996100
2026-07-17,38.74000168,38.79999924,37.86999893,38.22999954,5884300
2026-07-20,38.27000046,38.38000107,37.40999985,37.49000168,5740100
2026-07-21,37.45000076,37.50999832,36.52000046,36.54999924,7513800
2026-07-22,36.54999924,37.56999969,36.41999817,37.13999939,16103700
2026-07-23,36.93000031,37.18999863,36.02999878,37.13999939,13203900
2026-07-24,36.79000092,37.38000107,36.59000015,36.88999939,4734200
2026-07-27,37.29999924,37.88000107,37.04999924,37.72000122,4890700
2026-07-28,38.81000137,39.38000107,38.09000015,38.36999893,10080200
2026-07-29,38.16999817,38.20000076,37.11000061,37.43999863,7096500
2026-07-30,37.81999969,38.22999954,37.54999924,38.22999954,4682600
2026-07-31,39.0,39.0,37.59999847,37.61000061,4718300
2026-08-03,38.45000076,38.5,37.70000076,38.09999847,4634000
2026-08-04,39.08000183,39.34000015,38.70999908,39.09000015,7746700
2026-08-05,39.27000046,40.18999863,39.0,39.20000076,7549300
2026-08-06,38.70000076,38.95999908,37.99000168,38.15999985,5579300
2026-08-07,38.81000137,39.0,36.29999924,37.81999969,17240400
2026-08-10,37.63999939,37.97999954,36.22999954,36.29999924,11144000
2026-08-11,36.31999969,36.52999878,34.45000076,34.70999908,15375400
2026-08-12,34.86999893,34.95999908,34.09999847,34.09999847,13324200
2026-08-13,34.02000046,34.88999939,33.90000153,34.06000137,9926600
2026-08-14,33.88000107,34.18999863,33.13000107,33.50999832,12264200
2026-08-17,33.22000122,34.0,33.22000122,33.43000031,5491400
2026-08-18,33.29999924,33.68000031,32.47000122,32.47000122,10146100
2026-08-19,33.43999863,33.59000015,32.16999817,32.50999832,10627400
2026-08-20,32.22000122,32.61999893,31.73999977,32.02999878,9553700
2026-08-21,32.43000031,34.22999954,32.27000046,33.91999817,15550300
2026-08-24,33.40000153,34.36999893,33.22000122,33.70000076,7510300
2026-08-25,33.68999863,35.72000122,33.68999863,35.65000153,10985700
2026-08-26,35.70999908,36.66999817,35.27000046,35.40000153,13702600
2026-08-27,35.09999847,35.65999985,35.02000046,35.06000137,5314800
2026-08-28,35.38000107,35.56000137,34.40999985,34.81000137,4030800
2026-08-31,35.29999924,35.72999954,34.93999863,35.06999969,7975400
2026-09-01,35.38999939,35.79000092,34.29999924,34.63999939,12634300
2026-09-02,35.02000046,37.50999832,34.16999817,36.36000061,11389200
2026-09-03,37.47999954,38.54999924,36.75,36.75,13589800
2026-09-04,36.63999939,37.20999908,35.99000168,36.63999939,7730800
2026-09-08,37.45999908,37.47999954,36.84999847,36.84999847,8744200
2026-09-09,36.43000031,36.43999863,35.49000168,35.72000122,7117400
2026-09-10,35.38000107,37.09999847,35.27999878,37.02999878,4660800
