date,open,high,low,close,volume
2000-01-03,1.52985799,1.54424095,1.50836396,1.51555598,13078
2000-01-04,1.47959805,1.47959805,1.41495502,1.42570198,12543
2000-01-05,1.407763,1.407763,1.36485696,1.38602698,34424
2000-01-06,1.38627005,1.39338005,1.35750401,1.37907803,15415
2000-01-07,1.40057194,1.40057194,1.39338005,1.398471,10445
2000-01-10,1.42214704,1.48678994,1.42214704,1.48678994,31651
2000-01-11,1.45091295,1.47959805,1.44008505,1.47959805,10187
2000-01-12,1.47959805,1.47959805,1.43652999,1.44727695,13920
2000-01-13,1.47959805,1.47959805,1.42933798,1.43652999,17929
2000-01-14,1.43652999,1.47232604,1.43652999,1.46521497,9346
2000-01-17,1.47959805,1.48678994,1.45802295,1.48678994,11682
2000-01-18,1.47604299,1.47604299,1.46521497,1.47240698,9326
2000-01-19,1.47240698,1.47240698,1.44008505,1.45091295,5148
2000-01-20,1.45091295,1.46521497,1.43652999,1.46521497,14276
2000-01-21,1.47959805,1.487517,1.47240698,1.47240698,16731
2000-01-24,1.47240698,1.47959805,1.44372106,1.44372106,23889
2000-01-25,1.44372106,1.44372106,1.44372106,1.44372106,0
2000-01-26,1.45802295,1.49389994,1.45446801,1.49389994,17345
2000-01-27,1.493981,1.493981,1.44008505,1.44372106,6870
2000-01-28,1.44372106,1.44372106,1.40792501,1.42214704,8405
2000-01-31,1.42214704,1.43652999,1.37907803,1.43652999,4871
2000-02-01,1.43652999,1.43652999,1.39338005,1.40057194,14731
2000-02-02,1.42246997,1.43660998,1.42214704,1.43652999,7464
2000-02-03,1.46521497,1.48678994,1.43652999,1.44372106,7663
2000-02-04,1.45802295,1.46384096,1.45446801,1.45802295,8237
2000-02-07,1.45802295,1.45802295,1.43644905,1.44372106,9999
2000-02-08,1.44873095,1.47959805,1.43652999,1.44873095,14801
2000-02-09,1.43636799,1.43636799,1.40057194,1.40057194,4079
2000-02-10,1.39346099,1.39346099,1.35750401,1.37188697,11702
2000-02-11,1.37907803,1.37907803,1.353948,1.35750401,8039
2000-02-14,1.353948,1.35750401,1.32873702,1.32873702,11712
2000-02-15,1.33592904,1.33592904,1.27847695,1.30724394,12217
2000-02-16,1.30724394,1.34311998,1.28566897,1.32162702,7494
2000-02-17,1.32736397,1.33237398,1.25730705,1.27920496,10296
2000-02-18,1.29286003,1.30005205,1.263448,1.263448,20830
2000-02-21,1.27128601,1.27128601,1.25762999,1.264094,17761
2000-02-22,1.28211403,1.28211403,1.24979198,1.264094,8851
2000-02-23,1.264094,1.264094,1.24979198,1.24987304,8940
2000-02-24,1.28211403,1.28211403,1.256984,1.26199305,8187
2000-02-25,1.28421402,1.28930497,1.27128601,1.28566897,5455
2000-02-28,1.264094,1.27128601,1.24259996,1.27128601,3029
2000-02-29,1.27128601,1.27128601,1.256984,1.26053905,4979
2000-03-01,1.256984,1.256984,1.24615598,1.24979198,3118
2000-03-02,1.24979198,1.256984,1.21383405,1.22102594,13019
2000-03-03,1.256984,1.26773,1.24615598,1.26773,11217
2000-03-06,1.26773,1.26773,1.26773,1.26773,0
2000-03-07,1.26773,1.26773,1.26773,1.26773,0
2000-03-08,1.264094,1.29286003,1.264094,1.29286003,6732
2000-03-09,1.29286003,1.30724394,1.256984,1.27839696,5207
2000-03-10,1.27847695,1.27847695,1.264094,1.264094,4890
2000-03-13,1.264094,1.264094,1.264094,1.264094,0
2000-03-14,1.22102594,1.22102594,1.20809698,1.20809698,1633
2000-03-15,1.19945097,1.19945097,1.170766,1.170766,2613
2000-03-16,1.19589603,1.19589603,1.14991903,1.15630198,21414
2000-03-17,1.16729105,1.16729105,1.14199996,1.14919102,4801
2000-03-20,1.14919102,1.14919102,1.12050605,1.13480794,7861
2000-03-21,1.13480794,1.13480794,1.088184,1.11331403,21751
2000-03-22,1.11331403,1.15638304,1.10612297,1.12769699,21632
2000-03-23,1.13480794,1.18514895,1.11687005,1.17795706,49472
2000-03-24,1.19234097,1.21383405,1.18514895,1.19234097,43502
2000-03-27,1.21383405,1.22102594,1.18870401,1.19945097,13236
2000-03-28,1.19234097,1.19589603,1.17868495,1.18151295,26325
2000-03-29,1.22086406,1.22086406,1.11331403,1.16333199,73016
2000-03-30,1.170766,1.21383405,1.170766,1.20656204,56393
2000-03-31,1.21375406,1.27492201,1.21375406,1.26773,45245
2000-04-03,1.256984,1.27468002,1.22102594,1.22466195,19058
2000-04-04,1.24259996,1.264094,1.170766,1.21375406,31196
2000-04-05,1.18514895,1.256984,1.18514895,1.22805595,27751
2000-04-06,1.23540902,1.24971104,1.22110701,1.23540902,10128
2000-04-07,1.23468196,1.26264,1.23468196,1.26264,9365
2000-04-10,1.26773,1.26773,1.19961298,1.220945,7187
2000-04-11,1.18514895,1.24259996,1.18514895,1.21068299,13514
2000-04-12,1.215289,1.27136695,1.215289,1.23540902,28899
2000-04-13,1.23759103,1.23759103,1.16357398,1.16357398,9831
2000-04-14,1.16284704,1.17795706,1.12406099,1.14199996,27315
2000-04-17,1.11331403,1.13480794,1.05578196,1.10539603,12524
2000-04-18,1.11687005,1.15638304,1.11687005,1.14199996,15276
2000-04-19,1.13917196,1.13917196,1.077438,1.10248697,14692
2000-04-20,1.12050605,1.14910996,1.09537601,1.13480794,12662
2000-04-21,1.13480794,1.13480794,1.13480794,1.13480794,0
2000-04-24,1.13480794,1.13488901,1.084548,1.09885097,5019
2000-04-25,1.11339498,1.14563596,1.11331403,1.13876796,15098
2000-04-26,1.14919102,1.20656204,1.14919102,1.19290602,32978
2000-04-27,1.18514895,1.22086406,1.14919102,1.217471,19583
2000-04-28,1.22102594,1.24259996,1.17795706,1.22466195,46789
2000-05-01,1.22466195,1.22466195,1.22466195,1.22466195,0
2000-05-02,1.22102594,1.22102594,1.18514895,1.19226003,17840
2000-05-03,1.18514895,1.18514895,1.12769699,1.12769699,19603
2000-05-04,1.12769699,1.13197994,1.11331403,1.11331403,13147
2000-05-05,1.09174001,1.13480794,1.09174001,1.12050605,10514
2000-05-08,1.11331403,1.11331403,1.07016504,1.07735705,14692
2000-05-09,1.08745694,1.08810401,1.04147995,1.042207,9910
2000-05-10,1.04794395,1.04867101,0.998815,1.01271403,15702
2000-05-11,1.03428805,1.07016504,1.01990497,1.01990497,21840
2000-05-12,1.02426898,1.02717805,0.99122,1.00552201,11098
2000-05-15,1.00915802,1.06305397,1.00738096,1.06305397,2188
2000-05-16,1.07016504,1.12406099,1.02709699,1.06660998,25186
2000-05-17,1.06305397,1.07089198,1.04867101,1.04867101,15632
2000-05-18,1.07016504,1.07016504,1.00568402,1.02677405,11682
2000-05-19,1.01990497,1.01990497,0.97045302,1.01635003,6712
2000-05-22,0.99122,0.99122,0.955989,0.96245402,11870
2000-05-23,0.96819103,0.98039198,0.93481898,0.93481898,9890
2000-05-24,0.95380801,0.96245402,0.93376797,0.94734299,15454
2000-05-25,0.948071,0.948071,0.897811,0.92294103,49175
2000-05-26,0.93376797,0.93376797,0.91219401,0.92294103,21305
2000-05-29,0.94087899,0.94087899,0.91219401,0.93304098,5118
2000-05-30,0.93376797,0.97756398,0.92657697,0.97756398,30889
2000-05-31,0.97829098,0.99122,0.95526201,0.95534301,18751
2000-06-01,0.96964502,0.99122,0.96245402,0.98402798,12415
2000-06-02,1.00196695,1.02208698,0.998411,1.02136004,40849
2000-06-05,1.02127898,1.03283405,0.99122,0.998411,22117
2000-06-06,0.998411,0.998411,0.998411,0.998411,0
2000-06-07,0.98402798,0.99122,0.97610998,0.98402798,14157
2000-06-08,0.99122,1.00414801,0.99122,1.00196695,34701
2000-06-09,1.01990497,1.01990497,1.00552201,1.00552201,10732
2000-06-12,1.00552201,1.00552201,0.99122,0.994775,9078
2000-06-13,0.98402798,0.99122,0.97320098,0.97699797,14771
2000-06-14,0.97715998,0.998411,0.96964502,0.97392797,12910
2000-06-15,0.97538197,0.97683698,0.95526201,0.95526201,9623
2000-06-16,0.95178801,0.95526201,0.92867798,0.92867798,19593
2000-06-19,0.94079798,0.98612899,0.94015199,0.98394698,40196
2000-06-20,0.994856,1.01626897,0.98055398,0.995179,37295
2000-06-21,1.01990497,1.09174001,0.98831099,1.08099306,72135
2000-06-22,1.08099306,1.08099306,1.08099306,1.08099306,0
2000-06-23,1.08091199,1.10248697,1.04867101,1.06119597,25008
2000-06-26,1.05941796,1.07008398,1.04358101,1.05222702,37978
2000-06-27,1.04867101,1.05222702,1.03073299,1.03792405,25959
2000-06-28,1.042207,1.06305397,1.042207,1.05222702,26741
2000-06-29,1.05222702,1.05222702,1.01707697,1.04236901,18929
2000-06-30,0.99122,1.01635003,0.96964502,0.98402798,17840
2000-07-03,0.98402798,0.98758399,0.97756398,0.98402798,14395
2000-07-04,1.00342095,1.03784394,0.998411,1.02855098,40413
2000-07-05,1.04867101,1.09901202,1.04867101,1.09545696,78184
2000-07-06,1.10975897,1.14563596,1.10967803,1.14199996,52146
2000-07-07,1.14636302,1.18514895,1.14199996,1.18514895,53987
2000-07-10,1.19234097,1.19945097,1.16858399,1.17125106,36077
2000-07-11,1.172948,1.172948,1.12769699,1.12769699,18959
2000-07-12,1.14919102,1.14919102,1.10248697,1.12769699,21028
2000-07-13,1.14919102,1.14919102,1.05941796,1.09174001,15712
2000-07-14,1.10612297,1.11331403,1.07735705,1.10612297,8306
2000-07-17,1.12050605,1.16575599,1.12050605,1.16349399,20721
2000-07-18,1.16001904,1.18514895,1.15638304,1.17432106,20127
2000-07-19,1.14919102,1.14919102,1.11832404,1.12050605,19563
2000-07-20,1.13480794,1.13480794,1.10959697,1.12050605,22474
2000-07-21,1.12050605,1.14919102,1.12050605,1.14919102,22375
2000-07-24,1.14919102,1.17221999,1.14919102,1.16284704,23276
2000-07-25,1.18078601,1.18078601,1.15710998,1.170766,17474
2000-07-26,1.16712999,1.16712999,1.13844395,1.14563596,28523
2000-07-27,1.13844395,1.14563596,1.12769699,1.13480794,25196
2000-07-28,1.13480794,1.13480794,1.10466802,1.10466802,12385
2000-07-31,1.11687005,1.14919102,1.10604203,1.14919102,3980
2000-08-01,1.14919102,1.14919102,1.12406099,1.14199996,17553
2000-08-02,1.14199996,1.16502905,1.131253,1.15783703,14345
2000-08-03,1.14199996,1.15816104,1.14199996,1.15638304,6841
2000-08-04,1.16712999,1.18870401,1.16357398,1.17650294,21820
2000-08-07,1.17723,1.24259996,1.17723,1.23177302,25434
2000-08-08,1.23395395,1.256984,1.23314595,1.23557103,15306
2000-08-09,1.256984,1.256984,1.22821701,1.22821701,36087
2000-08-10,1.22821701,1.24243903,1.20324898,1.20349097,12415
2000-08-11,1.22102594,1.25625598,1.22102594,1.24623704,40166
2000-08-14,1.24639797,1.264094,1.24639797,1.25625598,36513
2000-08-15,1.256984,1.264094,1.24259996,1.25261998,36681
2000-08-16,1.256984,1.26773,1.24259996,1.24615598,54225
2000-08-17,1.24615598,1.27120495,1.24615598,1.264094,42106
2000-08-18,1.264094,1.28211403,1.24259996,1.25334704,13098
2000-08-21,1.29197204,1.29197204,1.22110701,1.22813702,15048
2000-08-22,1.23540902,1.24615598,1.23540902,1.24615598,11682
2000-08-23,1.24979198,1.25835705,1.24259996,1.24979198,25186
2000-08-24,1.24760997,1.264094,1.24332798,1.264094,8633
2000-08-25,1.27492201,1.30207205,1.27128601,1.29997098,30493
2000-08-28,1.30724394,1.30724394,1.28930497,1.29391098,18781
2000-08-29,1.30005205,1.33310103,1.28566897,1.33310103,104549
2000-08-30,1.34675705,1.40057194,1.34530199,1.397017,70561
2000-08-31,1.407763,1.43652999,1.40057194,1.41139996,46176
2000-09-01,1.42214704,1.42214704,1.39338005,1.39693606,30335
2000-09-04,1.38982499,1.39338005,1.36477602,1.36687696,77699
2000-09-05,1.34311998,1.37899697,1.30724394,1.36469495,21484
2000-09-06,1.36558402,1.41139996,1.36558402,1.40348101,26573
2000-09-07,1.40348101,1.40348101,1.40348101,1.40348101,0
2000-09-08,1.40348101,1.41422796,1.39338005,1.41422796,17266
2000-09-11,1.40057194,1.44372106,1.40057194,1.42141902,23840
2000-09-12,1.401299,1.41487396,1.37907803,1.37907803,21503
2000-09-13,1.38263297,1.39338005,1.35903895,1.36461401,80897
2000-09-14,1.40057194,1.40057194,1.37188697,1.37907803,25691
2000-09-15,1.39338005,1.39338005,1.35031199,1.36469495,18325
2000-09-18,1.36469495,1.36469495,1.27128601,1.27936602,36671
2000-09-19,1.27847695,1.32162702,1.27847695,1.29286003,25266
2000-09-20,1.314273,1.314273,1.27128601,1.27847695,11633
2000-09-21,1.28211403,1.30005205,1.28211403,1.30005205,5514
2000-09-22,1.26231694,1.30724394,1.24979198,1.30651605,23652
2000-09-25,1.31443501,1.33237398,1.31443501,1.31443501,9306
2000-09-26,1.31443501,1.31443501,1.28930497,1.28930497,28384
2000-09-27,1.31443501,1.31443501,1.256984,1.27847695,6841
2000-09-28,1.27847695,1.30037498,1.24259996,1.28930497,6969
2000-09-29,1.32081902,1.32081902,1.27492201,1.27855802,4781
2000-10-02,1.34231198,1.34311998,1.22821701,1.23548996,14306
2000-10-03,1.24979198,1.27128601,1.24259996,1.24259996,9187
2000-10-04,1.22102594,1.26773,1.22102594,1.256984,4455
2000-10-05,1.256984,1.256984,1.256984,1.256984,0
2000-10-06,1.31443501,1.32162702,1.27128601,1.29269898,7177
2000-10-09,1.29286003,1.29286003,1.256984,1.29269898,5445
2000-10-10,1.29269898,1.29269898,1.256984,1.27847695,1900
2000-10-11,1.264094,1.27847695,1.24979198,1.27274001,7336
2000-10-12,1.27274001,1.27274001,1.27274001,1.27274001,0
2000-10-13,1.26045799,1.31443501,1.24259996,1.29286003,16603
2000-10-16,1.30724394,1.30724394,1.264094,1.30651605,14474
2000-10-17,1.30869806,1.31661701,1.29140604,1.31661701,26691
2000-10-18,1.29286003,1.29997098,1.264094,1.28348696,45176
2000-10-19,1.32089901,1.33592904,1.29924405,1.33576703,21850
2000-10-20,1.33592904,1.35023105,1.27847695,1.28639603,15969
2000-10-23,1.24259996,1.256984,1.18514895,1.19234097,10157
2000-10-24,1.19234097,1.19234097,1.19234097,1.19234097,0
2000-10-25,1.19937003,1.19945097,1.12769699,1.16357398,62333
2000-10-26,1.170766,1.20664299,1.15638304,1.18870401,5682
2000-10-27,1.21383405,1.27839696,1.18514895,1.23573196,20860
2000-10-30,1.23540902,1.264094,1.23540902,1.256984,12326
2000-10-31,1.256984,1.27847695,1.23177302,1.23540902,10009
2000-11-01,1.24259996,1.24259996,1.18514895,1.21779394,15296
2000-11-02,1.21779394,1.21779394,1.21779394,1.21779394,0
2000-11-03,1.24979198,1.24979198,1.18514895,1.19945097,9692
2000-11-06,1.20025897,1.24615598,1.20017803,1.21383405,1445
2000-11-07,1.21383405,1.21383405,1.174402,1.18224001,16860
2000-11-08,1.19242096,1.19945097,1.15662503,1.15662503,7653
2000-11-09,1.16365504,1.19929004,1.15282702,1.15282702,10563
2000-11-10,1.15638304,1.21383405,1.15638304,1.17795706,5276
2000-11-13,1.170766,1.20656204,1.14959502,1.14959502,9049
2000-11-14,1.14959502,1.14959502,1.14959502,1.14959502,0
2000-11-15,1.14959502,1.14959502,1.14959502,1.14959502,0
2000-11-16,1.18514895,1.19945097,1.17149305,1.17795706,5762
2000-11-17,1.17795706,1.17795706,1.13480794,1.170766,7722
2000-11-20,1.17432106,1.21383405,1.16357398,1.19597697,4791
2000-11-21,1.220945,1.23548996,1.22086406,1.22466195,19424
2000-11-22,1.22821701,1.23896396,1.20163298,1.21957099,6722
2000-11-23,1.20664299,1.22102594,1.16357398,1.18151295,5880
2000-11-24,1.20308697,1.20308697,1.18151295,1.18514895,3494
2000-11-27,1.20664299,1.20664299,1.14272702,1.14919102,3841
2000-11-28,1.14563596,1.170766,1.12050605,1.170766,10484
2000-11-29,1.14919102,1.16365504,1.12050605,1.12260699,6029
2000-11-30,1.12260699,1.131253,1.09351695,1.09642601,14048
2000-12-01,1.09893095,1.09893095,1.04947901,1.04947901,18137
2000-12-04,1.05586302,1.07735705,1.02709699,1.03428805,14900
2000-12-05,1.04867101,1.084548,1.04867101,1.08091199,13137
2000-12-06,1.07735705,1.13771701,1.07735705,1.09214401,11336
2000-12-07,1.10612297,1.170766,1.09392095,1.14199996,6078
2000-12-08,1.16357398,1.21383405,1.14959502,1.16712999,7930
2000-12-11,1.170766,1.21383405,1.170766,1.19088602,13801
2000-12-12,1.19088602,1.19088602,1.19088602,1.19088602,0
2000-12-13,1.21302605,1.24979198,1.19234097,1.23540902,16147
2000-12-14,1.22102594,1.256984,1.22102594,1.25334704,10098
2000-12-15,1.25407505,1.25407505,1.19234097,1.19945097,8257
2000-12-18,1.19945097,1.23540902,1.19945097,1.22102594,16385
2000-12-19,1.23177302,1.24979198,1.21383405,1.24825704,10771
2000-12-20,1.25690305,1.25690305,1.19234097,1.19234097,19405
2000-12-21,1.215289,1.217471,1.15638304,1.17084706,10890
2000-12-22,1.18514895,1.18514895,1.14199996,1.14272702,5098
2000-12-25,1.14272702,1.14272702,1.14272702,1.14272702,0
2000-12-26,1.18514895,1.220945,1.15638304,1.220945,8237
2000-12-27,1.220945,1.256984,1.21375406,1.256984,19989
2000-12-28,1.24979198,1.256984,1.24615598,1.24979198,8831
2000-12-29,1.24979198,1.24979198,1.24979198,1.24979198,0
2001-01-01,1.24979198,1.24979198,1.24979198,1.24979198,0
2001-01-02,1.24607503,1.256984,1.22102594,1.23548996,8732
2001-01-03,1.23896396,1.40768301,1.23540902,1.399845,56294
2001-01-04,1.36469495,1.40630901,1.36469495,1.37907803,30018
2001-01-05,1.37794697,1.37794697,1.33592904,1.357584,15276
2001-01-08,1.33019197,1.36453295,1.32873702,1.35782695,10979
2001-01-09,1.36469495,1.397017,1.36469495,1.36477602,28850
2001-01-10,1.36469495,1.41487396,1.35742295,1.37915897,31919
2001-01-11,1.40768301,1.40768301,1.36469495,1.39556205,14444
2001-01-12,1.38982499,1.39919806,1.37907803,1.38982499,14296
2001-01-15,1.38982499,1.38982499,1.36469495,1.37188697,4940
2001-01-16,1.36542201,1.37188697,1.35031199,1.35031199,10217
2001-01-17,1.36469495,1.38627005,1.36453295,1.38263297,12692
2001-01-18,1.39338005,1.42214704,1.33592904,1.41487396,18553
2001-01-19,1.41495502,1.45091295,1.41495502,1.43652999,33008
2001-01-22,1.45091295,1.50828302,1.43652999,1.50828302,35226
2001-01-23,1.50836396,1.61607599,1.50836396,1.61607599,49027
2001-01-24,1.61607599,1.63765001,1.56581604,1.580199,26216
2001-01-25,1.580199,1.580199,1.580199,1.580199,0
2001-01-26,1.576563,1.63037801,1.576563,1.61607599,14603
2001-01-29,1.61607599,1.62682295,1.57300699,1.57300699,13266
2001-01-30,1.580199,1.580199,1.50836396,1.54424095,8415
2001-01-31,1.55143297,1.60888398,1.55143297,1.58730996,33206
2001-02-01,1.54432201,1.57300699,1.54424095,1.54787695,21424
2001-02-02,1.52985799,1.56581604,1.52985799,1.56218004,19494
2001-02-05,1.55143297,1.55587697,1.51620197,1.53705001,23286
2001-02-06,1.55862403,1.55862403,1.52638304,1.55862403,16949
2001-02-07,1.54424095,1.55862403,1.50836396,1.533494,15613
2001-02-08,1.54076695,1.59450102,1.54076695,1.59450102,9049
2001-02-09,1.580199,1.580199,1.55862403,1.56581604,5316
2001-02-12,1.55862403,1.55862403,1.52985799,1.53705001,5504
2001-02-13,1.53705001,1.55862403,1.52630305,1.55862403,14137
2001-02-14,1.54440296,1.61591399,1.54440296,1.57333004,12474
2001-02-15,1.57300699,1.580199,1.54852402,1.55862403,6494
2001-02-16,1.56218004,1.56218004,1.51555598,1.52985799,42097
2001-02-19,1.51911104,1.52985799,1.50117302,1.50117302,3890
2001-02-20,1.50836396,1.55862403,1.493981,1.53705001,28652
2001-02-21,1.51555598,1.55143297,1.50836396,1.53026199,29661
2001-02-22,1.53705001,1.60888398,1.53705001,1.60532904,14524
2001-02-23,1.60605597,1.71287894,1.60605597,1.70948505,20098
2001-02-26,1.70948505,1.70948505,1.70948505,1.70948505,0
2001-02-27,1.70948505,1.70948505,1.70948505,1.70948505,0
2001-02-28,1.63045895,1.66633606,1.61607599,1.66633606,9930
2001-03-01,1.65195298,1.71376801,1.65195298,1.71376801,10296
2001-03-02,1.73461497,1.73461497,1.62326705,1.62326705,21068
2001-03-05,1.673527,1.673527,1.56581604,1.56581604,6455
2001-03-06,1.580199,1.60888398,1.54424095,1.54464495,12118
2001-03-07,1.57551205,1.57551205,1.54787695,1.56218004,13484
2001-03-08,1.52985799,1.57300699,1.50844502,1.52985799,17484
2001-03-09,1.51555598,1.55143297,1.50836396,1.52056599,27889
2001-03-12,1.45091295,1.54424095,1.42933798,1.43652999,21206
2001-03-13,1.493981,1.50117302,1.46521497,1.493981,11791
2001-03-14,1.493981,1.50117302,1.46521497,1.493981,11791
2001-03-15,1.40420794,1.50117302,1.40420794,1.40420794,14494
2001-03-16,1.43652999,1.43660998,1.40057194,1.40420794,15652
2001-03-19,1.43652999,1.43652999,1.36469495,1.38263297,4603
2001-03-20,1.407763,1.47240698,1.407763,1.44372106,16137
2001-03-21,1.43652999,1.47240698,1.36469495,1.40420794,5732
2001-03-22,1.32017195,1.37907803,1.30724394,1.32017195,20107
2001-03-23,1.37762403,1.37762403,1.264094,1.37762403,13316
2001-03-26,1.39354205,1.42570198,1.38627005,1.39354205,6009
2001-03-27,1.46521497,1.46521497,1.39273405,1.46521497,8940
2001-03-28,1.41576302,1.46513402,1.41495502,1.41576302,5019
2001-03-29,1.407763,1.41139996,1.35750401,1.36469495,7999
2001-03-30,1.36469495,1.36469495,1.34311998,1.35750401,18078
2001-04-02,1.29358804,1.36469495,1.29286003,1.29358804,11761
2001-04-03,1.27346802,1.29286003,1.27346802,1.27346802,13454
2001-04-04,1.25334704,1.28744698,1.25334704,1.25334704,19058
2001-04-05,1.27847695,1.35031199,1.256984,1.27847695,24394
2001-04-06,1.27847695,1.32162702,1.27847695,1.30360699,18533
2001-04-09,1.310799,1.32518196,1.29286003,1.310799,15444
2001-04-10,1.37196696,1.37196696,1.30732405,1.37196696,41998
2001-04-11,1.37616897,1.42933798,1.34311998,1.37616897,21860
2001-04-12,1.37616897,1.40768301,1.35039306,1.39693606,12029
2001-04-13,1.39693606,1.39693606,1.39693606,1.39693606,0
2001-04-16,1.35750401,1.38627005,1.32873702,1.35750401,24830
2001-04-17,1.348858,1.36469495,1.33592904,1.348858,11742
2001-04-18,1.37915897,1.46521497,1.33592904,1.37915897,16296
2001-04-19,1.33592904,1.38554204,1.33592904,1.33592904,12217
2001-04-20,1.29286003,1.32526302,1.264094,1.29286003,24979
2001-04-23,1.23540902,1.29253697,1.23540902,1.264094,19345
2001-04-24,1.264498,1.307163,1.264094,1.27847695,6653
2001-04-25,1.27847695,1.29358804,1.26053905,1.26053905,21375
2001-04-26,1.29286003,1.310799,1.29286003,1.30360699,45195
2001-04-27,1.31443501,1.33600998,1.31443501,1.32162702,19207
2001-04-30,1.34311998,1.34311998,1.27128601,1.29997098,12068
2001-05-01,1.29997098,1.29997098,1.29997098,1.29997098,0
2001-05-02,1.29997098,1.29997098,1.29997098,1.29997098,0
2001-05-03,1.264094,1.264094,1.22110701,1.24251997,8752
2001-05-04,1.24979198,1.26045799,1.24979198,1.24979198,18840
2001-05-07,1.26053905,1.264094,1.22102594,1.22102594,13563
2001-05-08,1.23540902,1.23540902,1.18514895,1.20316803,21355
2001-05-09,1.20316803,1.20316803,1.20316803,1.20316803,0
2001-05-10,1.22102594,1.24259996,1.217471,1.23435903,11870
2001-05-11,1.22320795,1.23427796,1.19234097,1.19589603,10494
2001-05-14,1.18514895,1.18514895,1.09174001,1.09174001,2613
2001-05-15,1.11331403,1.11331403,1.07953799,1.084548,11336
2001-05-16,1.09893095,1.13480794,1.09174001,1.13117194,17999
2001-05-17,1.132707,1.20308697,1.132707,1.20308697,24196
2001-05-18,1.21383405,1.25334704,1.21383405,1.22102594,15415
2001-05-21,1.22029901,1.22102594,1.16001904,1.22102594,12425
2001-05-22,1.20664299,1.22110701,1.18514895,1.18514895,11791
2001-05-23,1.18514895,1.24259996,1.15638304,1.170766,6930
2001-05-24,1.19234097,1.19234097,1.14199996,1.16357398,12009
2001-05-25,1.16357398,1.170766,1.14199996,1.16349399,6573
2001-05-28,1.170766,1.18434095,1.11404204,1.12050605,7019
2001-05-29,1.13480794,1.15638304,1.13480794,1.14199996,3722
2001-05-30,1.14199996,1.14199996,1.14199996,1.14199996,0
2001-05-31,1.18514895,1.19234097,1.15638304,1.19226003,16147
2001-06-01,1.18514895,1.217471,1.15638304,1.19945097,20563
2001-06-04,1.22102594,1.22474301,1.15638304,1.20664299,8603
2001-06-05,1.20664299,1.23500502,1.20308697,1.23177302,30929
2001-06-06,1.23177302,1.27128601,1.22102594,1.22102594,27454
2001-06-07,1.24259996,1.27847695,1.24251997,1.27847695,26929
2001-06-08,1.27847695,1.29576898,1.27128601,1.27492201,18771
2001-06-11,1.27128601,1.28550696,1.22102594,1.23896396,5960
2001-06-12,1.23540902,1.23540902,1.21383405,1.21383405,4009
2001-06-13,1.22821701,1.29286003,1.22821701,1.256984,14256
2001-06-14,1.256984,1.256984,1.256984,1.256984,0
2001-06-15,1.27847695,1.27847695,1.19945097,1.22102594,4356
2001-06-18,1.17795706,1.18870401,1.13496995,1.170766,8009
2001-06-19,1.21027899,1.21027899,1.129071,1.17795706,22018
2001-06-20,1.178038,1.19234097,1.13480794,1.19015896,30463
2001-06-21,1.18514895,1.22821701,1.18514895,1.20308697,12435
2001-06-22,1.23896396,1.28566897,1.22102594,1.24373198,8870
2001-06-25,1.27128601,1.27128601,1.22821701,1.22821701,6009
2001-06-26,1.22821701,1.256984,1.21383405,1.22466195,2742
2001-06-27,1.22821701,1.25682199,1.18514895,1.20308697,3742
2001-06-28,1.23896396,1.23896396,1.17084706,1.178038,7207
2001-06-29,1.19945097,1.20664299,1.19234097,1.19234097,5910
2001-07-02,1.19234097,1.19234097,1.16365504,1.16365504,5633
2001-07-03,1.18514895,1.18514895,1.11331403,1.12834406,9138
2001-07-04,1.12834406,1.12834406,1.12834406,1.12834406,0
2001-07-05,1.14902997,1.14902997,1.06305397,1.07598305,27592
2001-07-06,1.07016504,1.07727599,1.04293394,1.07307398,21573
2001-07-09,1.07307398,1.07307398,1.07307398,1.07307398,0
2001-07-10,1.07735705,1.077438,1.03719699,1.045035,13365
2001-07-11,1.04568195,1.08446705,1.03428805,1.08446705,13771
2001-07-12,1.09174001,1.09174001,1.07727599,1.08462906,23404
2001-07-13,1.09174001,1.09537601,1.05594397,1.07735705,10841
2001-07-16,1.07161999,1.09174001,1.07016504,1.07735705,3316
2001-07-17,1.07735705,1.09893095,1.07016504,1.09101295,17563
2001-07-18,1.09246695,1.11331403,1.06305397,1.06305397,5573
2001-07-19,1.07161999,1.11331403,1.07161999,1.09174001,5613
2001-07-20,1.11331403,1.18870401,1.11331403,1.18191695,21424
2001-07-23,1.19945097,1.21027899,1.15638304,1.17787695,6128
2001-07-24,1.17787695,1.17787695,1.14280796,1.14563596,18909
2001-07-25,1.16357398,1.18514895,1.11412203,1.170766,20365
2001-07-26,1.18442202,1.18442202,1.15638304,1.16712999,7118
2001-07-27,1.16712999,1.18151295,1.15638304,1.18151295,6227
2001-07-30,1.20300698,1.20300698,1.17108905,1.17108905,15801
2001-07-31,1.173594,1.19250202,1.173594,1.18870401,22454
2001-08-01,1.170766,1.19945097,1.15096903,1.18870401,12771
2001-08-02,1.18514895,1.19234097,1.18514895,1.18870401,9336
2001-08-03,1.19234097,1.19234097,1.17432106,1.17795706,5069
2001-08-06,1.19234097,1.21819794,1.19234097,1.21173298,4356
2001-08-07,1.20737004,1.22102594,1.20664299,1.217471,3781
2001-08-08,1.21027899,1.266114,1.21027899,1.24292397,6138
2001-08-09,1.24292397,1.24979198,1.22466195,1.23540902,5316
2001-08-10,1.22102594,1.27128601,1.22102594,1.27055895,6257
2001-08-13,1.26773,1.269912,1.24615598,1.24987304,6851
2001-08-14,1.24979198,1.256984,1.24615598,1.24615598,8920
2001-08-15,1.24615598,1.27128601,1.23540902,1.23904502,17543
2001-08-16,1.24259996,1.269912,1.21027899,1.21884406,15563
2001-08-17,1.20664299,1.22821701,1.19945097,1.19953203,10415
2001-08-20,1.19234097,1.22102594,1.19234097,1.21310699,5781
2001-08-21,1.19234097,1.19945097,1.18514895,1.18523002,25474
2001-08-22,1.21383405,1.22829795,1.19613802,1.22821701,7742
2001-08-23,1.23540902,1.23540902,1.20308697,1.20316803,6108
2001-08-24,1.21383405,1.24114597,1.19234097,1.22821701,6306
2001-08-27,1.22821701,1.23177302,1.22102594,1.23177302,2079
2001-08-28,1.24979198,1.24979198,1.22102594,1.22102594,7009
2001-08-29,1.22821701,1.23540902,1.22821701,1.23185396,3663
2001-08-30,1.23540902,1.24979198,1.23540902,1.24971104,14771
2001-08-31,1.24971104,1.24971104,1.15646398,1.20308697,13989
2001-09-03,1.17795706,1.18870401,1.16712999,1.17795706,7969
2001-09-04,1.18514895,1.18514895,1.16438198,1.170766,7098
2001-09-05,1.170766,1.20656204,1.170766,1.18870401,3772
2001-09-06,1.19234097,1.19234097,1.16430199,1.16430199,14375
2001-09-07,1.16430199,1.16430199,1.16430199,1.16430199,0
2001-09-10,1.11339498,1.14919102,1.09174001,1.09901202,6732
2001-09-11,1.09893095,1.09893095,0.99122,0.998411,950
2001-09-12,1.00552201,1.04147995,0.99122,1.00552201,7247
2001-09-13,1.00568402,1.00576496,0.91219401,0.94087899,2524
2001-09-14,0.89805299,0.948071,0.86193401,0.93376797,15583
2001-09-17,0.91542602,0.95170701,0.897811,0.92011201,7019
2001-09-18,0.91938502,0.94087899,0.89789099,0.89805299,5217
2001-09-19,0.91938502,0.92649603,0.87268102,0.89061898,7474
2001-09-20,0.87769002,0.88059902,0.84755099,0.84755099,8425
2001-09-21,0.83389503,0.83389503,0.76133299,0.78646302,11128
2001-09-24,0.78646302,0.78646302,0.78646302,0.78646302,0
2001-09-25,0.80448198,0.84035897,0.79729098,0.79729098,3960
2001-09-26,0.811593,0.811593,0.73983902,0.75058597,9880
2001-09-27,0.811593,0.811593,0.73983902,0.75058597,9880
2001-09-28,0.82597601,0.82597601,0.768525,0.78290802,8821
2001-10-01,0.768525,0.79009902,0.75454497,0.767636,3039
2001-10-02,0.75414097,0.77571601,0.73264802,0.74703097,10227
2001-10-03,0.76133299,0.76133299,0.70751798,0.70751798,17662
2001-10-04,0.70468998,0.71462798,0.69636703,0.70388103,14969
2001-10-05,0.70388103,0.73983902,0.70380098,0.71842599,12157
2001-10-08,0.68949801,0.73264802,0.68949801,0.725375,8336
2001-10-09,0.73256701,0.74694997,0.72893101,0.73620301,2455
2001-10-10,0.73620301,0.768525,0.73264802,0.76504999,4851
2001-10-11,0.78282702,0.79720998,0.768525,0.78290802,12197
2001-10-12,0.78290802,0.78290802,0.78290802,0.78290802,0
2001-10-15,0.79009902,0.82242101,0.78646302,0.81878501,23196
2001-10-16,0.84755099,0.85474199,0.83316803,0.84035897,19900
2001-10-17,0.84755099,0.86193401,0.79009902,0.83890498,21533
2001-10-18,0.84755099,0.84755099,0.81878501,0.82314801,6712
2001-10-19,0.83098602,0.86193401,0.818057,0.85150999,15296
2001-10-22,0.85474199,0.85756999,0.83462203,0.85150999,10623
2001-10-23,0.86193401,0.86193401,0.83470303,0.83470303,3554
2001-10-24,0.83389503,0.83389503,0.79009902,0.79042202,4564
2001-10-25,0.808038,0.811593,0.79009902,0.811593,11019
2001-10-26,0.811674,0.82597601,0.80448198,0.80981499,5455
2001-10-29,0.83308703,0.83308703,0.78290802,0.78864503,10346
2001-10-30,0.80367398,0.82589501,0.80367398,0.80448198,8158
2001-10-31,0.80585599,0.83308703,0.772807,0.80448198,10365
2001-11-01,0.80448198,0.82242101,0.78290802,0.79737097,4613
2001-11-02,0.79737097,0.79737097,0.79737097,0.79737097,0
2001-11-05,0.82597601,0.83316803,0.811593,0.82961202,26978
2001-11-06,0.858298,0.89061898,0.84035897,0.88342798,27632
2001-11-07,0.88706398,0.93376797,0.88334697,0.91219401,19157
2001-11-08,0.93376797,0.94087899,0.86977202,0.86977202,12920
2001-11-09,0.86193401,0.89150798,0.85474199,0.86548901,15286
2001-11-12,0.86193401,0.86193401,0.83389503,0.84116697,5346
2001-11-13,0.86912501,0.89061898,0.859752,0.859752,13474
2001-11-14,0.89061898,0.89061898,0.859752,0.89053798,9534
2001-11-15,0.89053798,0.89053798,0.89053798,0.89053798,0
2001-11-16,0.91938502,0.95986801,0.897811,0.94451499,16444
2001-11-19,0.95526201,0.97683698,0.93376797,0.94346499,22305
2001-11-20,0.95526201,0.95526201,0.93053597,0.948798,9900
2001-11-21,0.93013197,0.94087899,0.905002,0.93376797,4811
2001-11-22,0.94087899,0.94451499,0.92657697,0.93376797,3217
2001-11-23,0.95526201,0.97683698,0.94532299,0.97683698,24414
2001-11-26,1.01635003,1.03428805,0.96819103,0.96819103,60304
2001-11-27,0.99122,1.01271403,0.95889801,0.97861397,14929
2001-11-28,0.96253401,0.97683698,0.94087899,0.94597,8781
2001-11-29,0.93732399,0.94459599,0.92730403,0.94087899,8613
2001-11-30,0.92657697,0.95170701,0.92657697,0.95170701,1831
2001-12-03,0.95170701,0.96964502,0.95170701,0.96609002,7950
2001-12-04,0.96964502,0.99122,0.948071,0.95526201,25642
2001-12-05,0.95889801,0.96318102,0.95170701,0.96213001,14197
2001-12-06,0.96027201,0.96027201,0.94451499,0.95170701,25721
2001-12-07,0.95526201,0.95526201,0.92657697,0.93013197,22523
2001-12-10,0.94087899,0.94087899,0.93368798,0.94023299,12266
2001-12-11,0.93732399,0.94306099,0.93013197,0.94306099,25969
2001-12-12,0.95889801,0.96245402,0.93376797,0.93732399,33849
2001-12-13,0.93732399,0.96964502,0.92940497,0.92940497,44195
2001-12-14,0.95526201,0.95526201,0.91219401,0.91219401,4277
2001-12-17,0.948071,0.96245402,0.93441498,0.93522298,23939
2001-12-18,0.948071,0.96245402,0.94734299,0.95889801,38225
2001-12-19,0.97328103,0.98330098,0.95889801,0.96964502,31642
2001-12-20,0.95526201,0.97610998,0.948798,0.95259601,13534
2001-12-21,0.95526201,0.98750299,0.94451499,0.98386699,27820
2001-12-24,0.98386699,0.98386699,0.98386699,0.98386699,0
2001-12-25,0.98386699,0.98386699,0.98386699,0.98386699,0
2001-12-26,0.98750299,0.98750299,0.96609002,0.96609002,12791
2001-12-27,0.96972603,0.98402798,0.96099901,0.96609002,31067
2001-12-28,0.97675598,0.97683698,0.948071,0.948071,14553
2001-12-31,0.948071,0.948071,0.948071,0.948071,0
2002-01-01,0.948071,0.948071,0.948071,0.948071,0
2002-01-02,0.948071,0.96237302,0.94799,0.948071,23691
2002-01-03,0.96245402,0.98402798,0.96245402,0.97465497,56512
2002-01-04,0.96964502,0.998411,0.96964502,0.998411,36334
2002-01-07,0.98758399,1.00552201,0.98039198,0.98394698,15028
2002-01-08,0.96964502,0.97683698,0.95534301,0.95671701,23612
2002-01-09,0.95889801,0.96972603,0.95098001,0.95534301,20048
2002-01-10,0.95526201,0.95526201,0.93376797,0.93659598,13652
2002-01-11,0.93376797,0.95170701,0.91437501,0.92633402,13524
2002-01-14,0.92633402,0.92633402,0.88342798,0.89061898,5276
2002-01-15,0.91574901,0.91938502,0.87049901,0.87704402,22543
2002-01-16,0.87623602,0.91574901,0.87623602,0.90855801,8870
2002-01-17,0.92657697,0.95526201,0.905002,0.92407203,17989
2002-01-18,0.93376797,0.96964502,0.93376797,0.95962602,40800
2002-01-21,0.96964502,0.99113899,0.96964502,0.97966498,12217
2002-01-22,0.998411,1.00552201,0.96245402,0.97675598,12761
2002-01-23,0.98402798,0.998411,0.96956402,0.98402798,9959
2002-01-24,0.98402798,0.98758399,0.96827197,0.96827197,5405
2002-01-25,0.96827197,0.96827197,0.96827197,0.96827197,0
2002-01-28,0.96827197,0.96827197,0.93158698,0.93158698,18325
2002-01-29,0.96609002,0.96609002,0.88342798,0.88342798,31147
2002-01-30,0.897811,0.92657697,0.87995303,0.91938502,10167
2002-01-31,0.98402798,0.997684,0.955989,0.97683698,38483
2002-02-01,0.98394698,1.01271403,0.97182697,1.00552201,43463
2002-02-04,1.00552201,1.00552201,0.98402798,0.99905801,21979
2002-02-05,1.00552201,1.04147995,0.98903799,1.01271403,15910
2002-02-06,1.01271403,1.03428805,0.992594,1.01562297,43502
2002-02-07,1.00552201,1.00915802,0.995502,1.00552201,16880
2002-02-08,0.88124597,0.901447,0.88124597,0.88787198,52116
2002-02-11,0.88787198,0.88787198,0.88787198,0.88787198,0
2002-02-12,0.88787198,0.88787198,0.88787198,0.88787198,0
2002-02-13,0.89061898,0.901447,0.863065,0.89562899,21503
2002-02-14,0.89708298,0.89716399,0.87631702,0.87906402,23315
2002-02-15,0.88706398,0.88706398,0.867024,0.87696302,6900
2002-02-18,0.86912501,0.88334697,0.86912501,0.87623602,4178
2002-02-19,0.91219401,0.91219401,0.86912501,0.86912501,14692
2002-02-20,0.89490199,0.89490199,0.87268102,0.89304298,12504
2002-02-21,0.901366,0.911466,0.89772999,0.905002,12732
2002-02-22,0.905002,0.93328398,0.904921,0.91219401,20206
2002-02-25,0.93764699,0.94734299,0.93376797,0.93514198,28860
2002-02-26,0.953484,0.953484,0.905729,0.92940497,18939
2002-02-27,0.92657697,0.95453501,0.92657697,0.953161,24741
2002-02-28,0.953161,0.953161,0.953161,0.953161,0
2002-03-01,0.94443399,0.97643298,0.94378799,0.97643298,10920
2002-03-04,0.96600902,0.99833101,0.94087899,0.99833101,25493
2002-03-05,0.998411,1.00487602,0.97118002,0.97118002,36889
2002-03-06,0.946697,0.98758399,0.91946602,0.95493901,50086
2002-03-07,0.948879,0.99122,0.92665797,0.95615101,21355
2002-03-08,0.98758399,0.99122,0.98039198,0.99122,20701
2002-03-11,0.98976499,0.99122,0.94087899,0.94087899,11534
2002-03-12,0.948071,0.99122,0.948071,0.96972603,21810
2002-03-13,0.97683698,0.98758399,0.96964502,0.98402798,14514
2002-03-14,0.98685598,0.98693699,0.96964502,0.96988797,11405
2002-03-15,0.98903799,1.00414801,0.96415102,0.997684,13326
2002-03-18,0.998492,1.01635003,0.998411,1.00552201,15484
2002-03-19,1.00552201,1.01271403,0.99122,1.01271403,6395
2002-03-20,1.01271403,1.01271403,0.97683698,0.99623001,28503
2002-03-21,0.97707897,0.98895699,0.96609002,0.96673602,12227
2002-03-22,0.96609002,0.96609002,0.92657697,0.92657697,27157
2002-03-25,0.93013197,0.93384898,0.90855801,0.91930401,13078
2002-03-26,0.92657697,0.94087899,0.91574901,0.93376797,19682
2002-03-27,0.93368798,0.94451499,0.92657697,0.92795002,12692
2002-03-28,0.92657697,0.93344498,0.91219401,0.91938502,20761
2002-03-29,0.91938502,0.91938502,0.91938502,0.91938502,0
2002-04-01,0.897811,0.92294103,0.897811,0.92148602,10464
2002-04-02,0.92649603,0.92940497,0.91300201,0.91300201,17979
2002-04-03,0.94087899,0.955181,0.93021297,0.94087899,36503
2002-04-04,0.97756398,0.98548299,0.94136399,0.97683698,31741
2002-04-05,0.99122,1.00196695,0.98402798,0.997684,27503
2002-04-08,0.98402798,0.99122,0.97683698,0.98039198,6672
2002-04-09,0.98831099,0.99122,0.97683698,0.97683698,9326
2002-04-10,0.98402798,0.99122,0.97683698,0.98249298,16345
2002-04-11,0.98257399,0.98758399,0.97683698,0.98725998,13840
2002-04-12,0.98758399,0.994775,0.98111898,0.98402798,20424
2002-04-15,0.98402798,0.98402798,0.948071,0.96463501,20909
2002-04-16,0.98039198,0.996957,0.98031098,0.99122,43265
2002-04-17,1.01990497,1.04147995,0.996957,1.04147995,64244
2002-04-18,1.03420699,1.09174001,1.01271403,1.084548,45304
2002-04-19,1.09893095,1.12406099,1.081074,1.09174001,53264
2002-04-22,1.07517505,1.09174001,1.04947901,1.07016504,20177
2002-04-23,1.05933702,1.08422506,1.04147995,1.08422506,33414
2002-04-24,1.084548,1.084548,1.06660998,1.07307398,16989
2002-04-25,1.084548,1.09812295,1.06806397,1.09537601,71452
2002-04-26,1.09174001,1.10967803,1.045439,1.045439,28226
2002-04-29,1.06305397,1.06305397,1.038571,1.04875195,16811
2002-04-30,1.05586302,1.06305397,1.04366195,1.04366195,33255
2002-05-01,1.04366195,1.04366195,1.04366195,1.04366195,0
2002-05-02,1.04147995,1.04147995,0.98402798,0.98402798,33077
2002-05-03,1.00552201,1.00552201,0.96245402,0.97320098,32206
2002-05-06,0.96600902,0.96600902,0.91938502,0.91938502,28968
2002-05-07,0.92286003,0.93304098,0.897811,0.905002,27909
2002-05-08,0.905891,0.92286003,0.89708298,0.91082001,102638
2002-05-09,0.91647601,0.91647601,0.86912501,0.86912501,48621
2002-05-10,0.81870401,0.84755099,0.811593,0.83300602,331954
2002-05-13,0.84035897,0.84035897,0.811593,0.82597601,44186
2002-05-14,0.816037,0.82516801,0.811593,0.813775,416881
2002-05-15,0.814179,0.82023901,0.80448198,0.816522,91193
2002-05-16,0.82589501,0.84536898,0.82242101,0.84536898,154844
2002-05-17,0.84601498,0.84973198,0.83316803,0.83607697,44958
2002-05-20,0.84326798,0.85110599,0.82597601,0.83543003,38216
2002-05-21,0.83543003,0.83963197,0.82314801,0.82314801,64145
2002-05-22,0.82096601,0.83817703,0.80302799,0.808038,69501
2002-05-23,0.79737097,0.811593,0.76133299,0.811593,50829
2002-05-24,0.80448198,0.808038,0.79292703,0.80432099,11454
2002-05-27,0.80876499,0.82314801,0.80448198,0.810947,12890
2002-05-28,0.815229,0.815229,0.79729098,0.80448198,21919
2002-05-29,0.811593,0.815229,0.80520898,0.81021899,30008
2002-05-30,0.81021899,0.81021899,0.81021899,0.81021899,0
2002-05-31,0.81304699,0.81304699,0.81021899,0.811593,11415
2002-06-03,0.81878501,0.81878501,0.79720998,0.79939198,14959
2002-06-04,0.79583597,0.80448198,0.78290802,0.80448198,13840
2002-06-05,0.79009902,0.80949199,0.77999902,0.79729098,53977
2002-06-06,0.78371602,0.78371602,0.74694997,0.75341398,137835
2002-06-07,0.73983902,0.79656303,0.725456,0.79009902,67541
2002-06-10,0.79009902,0.79737097,0.78290802,0.79009902,24810
2002-06-11,0.80512899,0.80512899,0.75422198,0.75688899,11940
2002-06-12,0.73983902,0.771433,0.729011,0.74387902,36661
2002-06-13,0.78290802,0.78290802,0.73345602,0.74703097,65343
2002-06-14,0.75058597,0.76117098,0.725456,0.74339497,21068
2002-06-17,0.75139397,0.76133299,0.74694997,0.75414097,19315
2002-06-18,0.76133299,0.77571601,0.74694997,0.75414097,24414
2002-06-19,0.75414097,0.77571601,0.75414097,0.766343,29345
2002-06-20,0.76141399,0.76141399,0.73264802,0.73264802,54462
2002-06-21,0.732728,0.73983902,0.67519599,0.69386202,58521
2002-06-24,0.70396203,0.718265,0.70388103,0.70961899,20276
2002-06-25,0.70396203,0.725456,0.69959903,0.70388103,16474
2002-06-26,0.70169997,0.718265,0.70169997,0.71818399,33562
2002-06-27,0.71818399,0.718265,0.70105302,0.718265,52749
2002-06-28,0.71107298,0.718265,0.70388103,0.71697199,20929
2002-07-01,0.721497,0.724729,0.682307,0.69596303,26800
2002-07-02,0.69596303,0.70751798,0.68594301,0.69329602,34493
2002-07-03,0.69669002,0.69741702,0.68238801,0.68594301,39017
2002-07-04,0.70881099,0.70881099,0.68594301,0.69313502,12850
2002-07-05,0.69669002,0.69669002,0.67657,0.67802399,8435
2002-07-08,0.68949801,0.69458902,0.67519599,0.67883199,11712
2002-07-09,0.67883199,0.67883199,0.67883199,0.67883199,0
2002-07-10,0.68602401,0.69669002,0.682307,0.682307,27968
2002-07-11,0.717861,0.72182,0.69523501,0.72182,21464
2002-07-12,0.73264802,0.73264802,0.71107298,0.718265,20890
2002-07-15,0.71753699,0.71753699,0.67802399,0.68957901,22256
2002-07-16,0.68949801,0.68949801,0.67519599,0.67875201,12781
2002-07-17,0.68594301,0.69669002,0.682307,0.68949801,51631
2002-07-18,0.70242703,0.729011,0.69321501,0.728284,37423
2002-07-19,0.729011,0.729011,0.69685203,0.69741702,5138
2002-07-22,0.69669002,0.69669002,0.64998502,0.66299498,22573
2002-07-23,0.67519599,0.67875201,0.66081297,0.67511499,66828
2002-07-24,0.65863103,0.66436797,0.639238,0.66436797,26196
2002-07-25,0.66040897,0.66081297,0.65362197,0.65362197,29166
2002-07-26,0.66081297,0.66081297,0.62485498,0.63705701,36552
2002-07-29,0.633421,0.64643002,0.61410803,0.61628997,20305
2002-07-30,0.61766398,0.631724,0.56021202,0.57815099,50651
2002-07-31,0.57459497,0.59463501,0.57103997,0.57459497,79194
2002-08-01,0.58534199,0.60699803,0.57823199,0.59617001,100757
2002-08-02,0.64287502,0.64643002,0.61128002,0.63350099,76976
2002-08-05,0.639238,0.64287502,0.61055303,0.61119998,7890
2002-08-06,0.61911798,0.62485498,0.58897799,0.61766398,22097
2002-08-07,0.632047,0.64643002,0.62485498,0.64643002,27335
2002-08-08,0.685862,0.69669002,0.65362197,0.65717697,94995
2002-08-09,0.65717697,0.65725797,0.60942203,0.61055303,35226
2002-08-12,0.61766398,0.62477499,0.60263401,0.60408902,6573
2002-08-13,0.60336202,0.61055303,0.59617001,0.60408902,24167
2002-08-14,0.61338103,0.61483598,0.58186799,0.60118002,34156
2002-08-15,0.61055303,0.61766398,0.57855499,0.583565,22691
2002-08-16,0.61039102,0.61039102,0.57330298,0.57823199,80184
2002-08-19,0.58186799,0.588898,0.55738401,0.56659597,70006
2002-08-20,0.58170599,0.58170599,0.53023398,0.54009199,72838
2002-08-21,0.56013203,0.56013203,0.53508198,0.549465,51532
2002-08-22,0.55302101,0.58178699,0.55237401,0.58033198,58026
2002-08-23,0.58033198,0.58033198,0.54591,0.56344402,43492
2002-08-26,0.56740397,0.58210999,0.56384802,0.57459497,70442
2002-08-27,0.61766398,0.61766398,0.59221101,0.60012901,75352
2002-08-28,0.60368502,0.63059199,0.60295802,0.61701697,48918
2002-08-29,0.62558299,0.62832999,0.60336202,0.61806798,119340
2002-08-30,0.62057298,0.632047,0.61047202,0.61483598,227217
2002-09-02,0.62129998,0.62129998,0.61055303,0.61338103,18474
2002-09-03,0.61184603,0.61192697,0.58186799,0.61192697,31661
2002-09-04,0.60328102,0.61055303,0.58897799,0.60619003,34335
2002-09-05,0.590433,0.60263401,0.58542299,0.58897799,41344
2002-09-06,0.59617001,0.59972501,0.57443398,0.57443398,31305
2002-09-09,0.58178699,0.59972501,0.57217097,0.59899801,16573
2002-09-10,0.59253401,0.60190701,0.58186799,0.59972501,11949
2002-09-11,0.60336202,0.61701697,0.60190701,0.60376602,48680
2002-09-12,0.60408902,0.61047202,0.589706,0.61047202,9167
2002-09-13,0.60538203,0.61055303,0.59899801,0.61055303,12355
2002-09-16,0.60336202,0.60336202,0.58614999,0.59617001,26513
2002-09-17,0.60336202,0.61984599,0.60190701,0.61055303,36849
2002-09-18,0.61055303,0.61055303,0.59617001,0.60473502,45750
2002-09-19,0.58534199,0.61766398,0.57540298,0.584777,40196
2002-09-20,0.59657401,0.60336202,0.58897799,0.59261501,51878
2002-09-23,0.57459497,0.585908,0.56562603,0.57103997,19147
2002-09-24,0.57103997,0.58178699,0.56740397,0.57103997,29711
2002-09-25,0.57806998,0.587928,0.57394898,0.587928,78778
2002-09-26,0.588898,0.59253401,0.58178699,0.58178699,10355
2002-09-27,0.587524,0.58825099,0.52506298,0.53855699,39166
2002-09-30,0.538719,0.56021202,0.51148802,0.56005102,48661
2002-10-01,0.56417203,0.59253401,0.56384802,0.59253401,19919
2002-10-02,0.58897799,0.596008,0.54930401,0.55665702,37285
2002-10-03,0.56384802,0.58534199,0.55447501,0.58534199,25355
2002-10-04,0.59253401,0.61039102,0.58534199,0.59972501,23454
2002-10-07,0.57475698,0.61055303,0.57103997,0.57823199,17603
2002-10-08,0.58825099,0.59608901,0.56748497,0.58178699,18335
2002-10-09,0.58178699,0.58825099,0.56530303,0.57459497,8593
2002-10-10,0.57459497,0.58736199,0.57459497,0.58526099,12237
2002-10-11,0.59253401,0.59253401,0.57823199,0.58534199,9108
2002-10-14,0.58534199,0.58897799,0.55302101,0.55593002,37968
2002-10-15,0.55302101,0.56166703,0.55302101,0.55302101,9643
2002-10-16,0.55374801,0.55374801,0.52789098,0.53152698,39354
2002-10-17,0.56021202,0.56021202,0.542274,0.549465,53848
2002-10-18,0.55302101,0.55883902,0.55092001,0.55374801,21266
2002-10-21,0.55811101,0.56667697,0.55738401,0.55948502,18682
2002-10-22,0.55948502,0.56635302,0.55302101,0.56635302,47621
2002-10-23,0.57459497,0.57960498,0.56166703,0.57742399,59086
2002-10-24,0.57823199,0.59617001,0.57823199,0.58324099,76758
2002-10-25,0.57823199,0.61055303,0.57613099,0.60061401,65887
2002-10-28,0.60982603,0.60982603,0.595281,0.59608901,35730
2002-10-29,0.58736199,0.59689701,0.57241398,0.589059,28236
2002-10-30,0.59673601,0.62598699,0.59673601,0.61039102,84253
2002-10-31,0.62129998,0.63350099,0.61483598,0.63059199,78610
2002-11-01,0.63075399,0.63996601,0.61766398,0.61806798,67769
2002-11-04,0.639238,0.639238,0.61338103,0.62485498,46779
2002-11-05,0.62485498,0.63059199,0.61354297,0.61766398,15365
2002-11-06,0.61410803,0.61410803,0.589706,0.589706,15068
2002-11-07,0.59617001,0.60602802,0.590433,0.60045302,27622
2002-11-08,0.60481602,0.62194598,0.60481602,0.61418903,35018
2002-11-11,0.63196599,0.634148,0.61661297,0.61661297,24246
2002-11-12,0.61701697,0.628492,0.59180701,0.60303801,16365
2002-11-13,0.60328102,0.61063403,0.59253401,0.60417002,7118
2002-11-14,0.60190701,0.61766398,0.60021001,0.61515898,49571
2002-11-15,0.61515898,0.61515898,0.61515898,0.61515898,0
2002-11-18,0.62485498,0.62485498,0.61443198,0.61483598,38938
2002-11-19,0.62129998,0.62340099,0.59253401,0.61047202,57700
2002-11-20,0.59253401,0.61758298,0.58825099,0.59956402,85382
2002-11-21,0.59972501,0.59980601,0.58534199,0.58825099,89451
2002-11-22,0.590514,0.590514,0.57887799,0.58283699,24602
2002-11-25,0.583969,0.588898,0.56740397,0.56837398,109569
2002-11-26,0.57459497,0.58178699,0.55770701,0.56667697,55720
2002-11-27,0.57459497,0.57459497,0.56401002,0.56982797,49967
2002-11-28,0.56675702,0.59867501,0.56675702,0.587524,51136
2002-11-29,0.58897799,0.59972501,0.587201,0.59617001,54749
2002-12-02,0.59940201,0.60408902,0.59253401,0.59617001,99302
2002-12-03,0.59180701,0.59972501,0.57314098,0.57459497,46859
2002-12-04,0.57823199,0.57847399,0.56021202,0.57241398,26374
2002-12-05,0.57782799,0.57782799,0.55738401,0.55811101,36760
2002-12-06,0.56708097,0.57305998,0.55302101,0.56740397,15415
2002-12-09,0.55883902,0.56732303,0.546233,0.55164701,29444
2002-12-10,0.55698001,0.56384802,0.545829,0.55302101,36265
2002-12-11,0.55302101,0.55932301,0.549465,0.55665702,137508
2002-12-12,0.55665702,0.57499897,0.55593002,0.57314098,66590
2002-12-13,0.57459497,0.58178699,0.56740397,0.57209003,58452
2002-12-16,0.58461499,0.58461499,0.57314098,0.57459497,35087
2002-12-17,0.57960498,0.58897799,0.57750398,0.58469599,65571
2002-12-18,0.58897799,0.60263401,0.58542299,0.60045302,80144
2002-12-19,0.60320002,0.61766398,0.59827101,0.61766398,77550
2002-12-20,0.62234998,0.64570302,0.62234998,0.634229,77659
2002-12-23,0.635683,0.63843,0.61766398,0.62671399,32661
2002-12-24,0.62671399,0.62671399,0.62671399,0.62671399,0
2002-12-25,0.62671399,0.62671399,0.62671399,0.62671399,0
2002-12-26,0.628088,0.638511,0.62639099,0.62639099,16751
2002-12-27,0.62485498,0.63794601,0.62485498,0.633582,9930
2002-12-30,0.66226798,0.66509598,0.633663,0.66081297,33562
2002-12-31,0.66081297,0.66081297,0.66081297,0.66081297,0
2003-01-01,0.66081297,0.66081297,0.66081297,0.66081297,0
2003-01-02,0.66153997,0.67519599,0.66081297,0.66800499,15840
2003-01-03,0.67083299,0.680206,0.66800499,0.67083299,22919
2003-01-06,0.68675101,0.70040703,0.67657,0.70032603,40176
2003-01-07,0.69523501,0.71107298,0.68941802,0.70388103,36820
2003-01-08,0.70380098,0.75397998,0.70105302,0.724729,131538
2003-01-09,0.73264802,0.74694997,0.71179998,0.73264802,101084
2003-01-10,0.73264802,0.73547602,0.718265,0.718265,53532
2003-01-13,0.72182,0.72182,0.69313502,0.70816398,50096
2003-01-14,0.70388103,0.724002,0.70363897,0.71753699,33186
2003-01-15,0.69022602,0.71034598,0.68238801,0.69313502,36721
2003-01-16,0.69669002,0.71462798,0.69095302,0.69458902,42423
2003-01-17,0.69386202,0.70032603,0.675439,0.69669002,20761
2003-01-20,0.68949801,0.69313502,0.67236799,0.679479,12415
2003-01-21,0.66113597,0.67519599,0.64287502,0.64319801,29929
2003-01-22,0.638915,0.65362197,0.632047,0.64788401,50472
2003-01-23,0.65362197,0.66436797,0.64287502,0.65717697,33483
2003-01-24,0.64643002,0.65071303,0.632047,0.64562201,38948
2003-01-27,0.632047,0.632047,0.60909897,0.61410803,38018
2003-01-28,0.61410803,0.62275398,0.61063403,0.61119998,36344
2003-01-29,0.61119998,0.61119998,0.59617001,0.60699803,56957
2003-01-30,0.61766398,0.61766398,0.597624,0.59980601,26721
2003-01-31,0.59972501,0.61766398,0.59867501,0.61709797,18721
2003-02-03,0.62485498,0.62574399,0.60328102,0.61410803,17989
2003-02-04,0.61039102,0.61039102,0.57645398,0.58283699,26652
2003-02-05,0.597624,0.60546201,0.586797,0.59827101,43492
2003-02-06,0.58978701,0.593988,0.58825099,0.59253401,15920
2003-02-07,0.59253401,0.60691702,0.58825099,0.58825099,19177
2003-02-10,0.59180701,0.60263401,0.587524,0.60255402,16068
2003-02-11,0.60336202,0.61483598,0.60255402,0.61192697,35414
2003-02-12,0.61192697,0.63996601,0.60344201,0.639238,108866
2003-02-13,0.61847198,0.637784,0.60118002,0.60303801,50997
2003-02-14,0.60303801,0.61055303,0.59253401,0.60473502,12850
2003-02-17,0.60691702,0.61055303,0.590433,0.597624,17454
2003-02-18,0.60950297,0.60982603,0.59576601,0.59972501,31711
2003-02-19,0.58534199,0.59972501,0.57103997,0.57459497,43562
2003-02-20,0.57823199,0.57823199,0.56594902,0.57750398,22028
2003-02-21,0.57249397,0.588817,0.57103997,0.57103997,15108
2003-02-24,0.58534199,0.58534199,0.55019301,0.55302101,65680
2003-02-25,0.55374801,0.55948502,0.538719,0.542274,63690
2003-02-26,0.54453599,0.55302101,0.53508198,0.53580999,44057
2003-02-27,0.538719,0.54591,0.53621399,0.54372799,15276
2003-02-28,0.545183,0.55302101,0.53508198,0.55229402,17365
2003-03-03,0.55229402,0.55229402,0.55229402,0.55229402,0
2003-03-04,0.55229402,0.55229402,0.55229402,0.55229402,0
2003-03-05,0.55302101,0.55302101,0.538719,0.538719,22147
2003-03-06,0.55164701,0.56699997,0.538719,0.56699997,52749
2003-03-07,0.55382901,0.58534199,0.55382901,0.58534199,65293
2003-03-10,0.57952398,0.57952398,0.54809201,0.55302101,31147
2003-03-11,0.55665702,0.55665702,0.54081899,0.55302101,14860
2003-03-12,0.55302101,0.55302101,0.55302101,0.55302101,0
2003-03-13,0.57031298,0.57386798,0.55593002,0.56021202,94203
2003-03-14,0.56732303,0.57823199,0.56732303,0.57136297,46146
2003-03-17,0.56594902,0.58178699,0.55302101,0.58033198,45661
2003-03-18,0.58178699,0.59253401,0.57103997,0.586797,72254
2003-03-19,0.57459497,0.588009,0.56384802,0.56740397,80471
2003-03-20,0.55948502,0.56740397,0.55382901,0.55455601,40324
2003-03-21,0.56594902,0.57031298,0.56021202,0.56562603,113964
2003-03-24,0.56166703,0.56457603,0.55665702,0.56126302,47898
2003-03-25,0.56384802,0.59253401,0.56384802,0.583969,63858
2003-03-26,0.58542299,0.58574599,0.57459497,0.58186799,72808
2003-03-27,0.57459497,0.58461499,0.57103997,0.58324099,43166
2003-03-28,0.57823199,0.58816999,0.57823199,0.58340299,40275
2003-03-31,0.58089799,0.59964502,0.57823199,0.58542299,65769
2003-04-01,0.58655399,0.60683602,0.58178699,0.60659403,61224
2003-04-02,0.61192697,0.62994599,0.61192697,0.629219,84362
2003-04-03,0.631724,0.66953999,0.631724,0.65863103,147270
2003-04-04,0.66081297,0.66654998,0.64723802,0.66226798,82322
2003-04-07,0.67155999,0.69095302,0.67155999,0.68319601,114588
2003-04-08,0.68941802,0.68941802,0.66162097,0.67875201,123489
2003-04-09,0.678671,0.68949801,0.678671,0.682307,130855
2003-04-10,0.680206,0.681256,0.63996601,0.65515703,117142
2003-04-11,0.66905499,0.66905499,0.65499502,0.66776198,25612
2003-04-14,0.66582298,0.66654998,0.65216702,0.65903503,34760
2003-04-15,0.66081297,0.68166,0.65717697,0.68158001,43057
2003-04-16,0.67519599,0.70105302,0.67519599,0.682226,69402
2003-04-17,0.69596303,0.70315403,0.68917501,0.69741702,75184
2003-04-18,0.69741702,0.69741702,0.69741702,0.69741702,0
2003-04-21,0.69741702,0.69741702,0.69741702,0.69741702,0
2003-04-22,0.69669002,0.69669002,0.67551899,0.69313502,41166
2003-04-23,0.68238801,0.69491202,0.68238801,0.69458902,117529
2003-04-24,0.69022602,0.70194203,0.68949801,0.69814402,49839
2003-04-25,0.69669002,0.72182,0.69458902,0.71680999,112846
2003-04-28,0.72182,0.72182,0.70388103,0.71680999,51710
2003-04-29,0.71899199,0.73119301,0.718265,0.718265,83362
2003-04-30,0.71535599,0.74339497,0.71462798,0.73983902,66798
2003-05-01,0.73983902,0.73983902,0.73983902,0.73983902,0
2003-05-02,0.73983902,0.75268698,0.73983902,0.75268698,97421
2003-05-05,0.75058597,0.75058597,0.725618,0.73337501,83055
2003-05-06,0.729011,0.729092,0.71462798,0.718265,93619
2003-05-07,0.71834499,0.74339497,0.69297302,0.73264802,204287
2003-05-08,0.73264802,0.73983902,0.729011,0.73903102,68412
2003-05-09,0.73620301,0.79001802,0.73620301,0.776443,178496
2003-05-12,0.77571601,0.77571601,0.75777799,0.76779699,39314
2003-05-13,0.77216101,0.79729098,0.771433,0.78371602,110202
2003-05-14,0.77507001,0.78290802,0.768525,0.77571601,41384
2003-05-15,0.768929,0.79365498,0.766343,0.77539301,102024
2003-05-16,0.769333,0.78282702,0.75777799,0.78274602,50977
2003-05-19,0.766343,0.768525,0.74703097,0.768282,28681
2003-05-20,0.75414097,0.75430298,0.73280901,0.75430298,41304
2003-05-21,0.75026298,0.76133299,0.73280901,0.74694997,53334
2003-05-22,0.74743497,0.75414097,0.73983902,0.74452603,45829
2003-05-23,0.73983902,0.771999,0.73838502,0.76214099,143488
2003-05-26,0.76214099,0.77927101,0.73983902,0.73983902,20018
2003-05-27,0.74016201,0.76779699,0.73046601,0.76117098,52106
2003-05-28,0.76496899,0.768444,0.75204098,0.76779699,15454
2003-05-29,0.775554,0.80448198,0.75276798,0.78282702,47997
2003-05-30,0.79001802,0.79729098,0.76981699,0.78290802,55284
2003-06-02,0.77296901,0.78484702,0.77111,0.77717102,16712
2003-06-03,0.76860499,0.78210002,0.76125199,0.763515,26315
2003-06-04,0.77216101,0.79712898,0.769252,0.78791702,74927
2003-06-05,0.78864503,0.81870401,0.78290802,0.815148,66254
2003-06-06,0.82242101,0.83316803,0.80819899,0.82242101,71669
2003-06-09,0.81878501,0.82815802,0.815229,0.82597601,39829
2003-06-10,0.83316803,0.83825803,0.79866397,0.815956,37324
2003-06-11,0.815229,0.82242101,0.79664397,0.82242101,17781
2003-06-12,0.82242101,0.83308703,0.80658299,0.83308703,40998
2003-06-13,0.82815802,0.84035897,0.82452202,0.83033901,32661
2003-06-16,0.82977402,0.84738898,0.82686502,0.84391397,68848
2003-06-17,0.818057,0.82242101,0.81231999,0.81878501,38008
2003-06-18,0.811674,0.82023901,0.79365498,0.79874498,76253
2003-06-19,0.79874498,0.79874498,0.79874498,0.79874498,0
2003-06-20,0.79365498,0.79866397,0.77676702,0.77676702,44690
2003-06-23,0.77935201,0.79729098,0.768525,0.77426201,48591
2003-06-24,0.78290802,0.79001802,0.768525,0.78056401,19603
2003-06-25,0.78290802,0.78290802,0.75414097,0.75414097,72174
2003-06-26,0.75414097,0.76149499,0.71858799,0.729011,55868
2003-06-27,0.729011,0.73959702,0.71858799,0.725456,30731
2003-06-30,0.72529399,0.768525,0.71858799,0.73983902,44700
2003-07-01,0.75034398,0.79009902,0.74694997,0.79009902,33483
2003-07-02,0.78929102,0.81878501,0.78306901,0.811593,52254
2003-07-03,0.811593,0.811593,0.79009902,0.79009902,33988
2003-07-04,0.79018003,0.79018003,0.766343,0.771514,26969
2003-07-07,0.79357398,0.79712898,0.75414097,0.75632298,57036
2003-07-08,0.774827,0.77571601,0.75414097,0.76496899,25969
2003-07-09,0.76496899,0.76496899,0.76496899,0.76496899,0
2003-07-10,0.76133299,0.76496899,0.74072802,0.74589902,38691
2003-07-11,0.74598002,0.75050497,0.73628402,0.74694997,42235
2003-07-14,0.74711198,0.76707,0.74420297,0.76133299,39097
2003-07-15,0.76133299,0.78072602,0.76133299,0.76569599,24889
2003-07-16,0.75987899,0.773534,0.75987899,0.768525,33087
2003-07-17,0.76496899,0.77927101,0.76496899,0.77927101,31206
2003-07-18,0.77927101,0.79009902,0.75777799,0.78290802,23988
2003-07-21,0.77652401,0.815229,0.77652401,0.811593,50552
2003-07-22,0.811593,0.83567297,0.79018003,0.82597601,59927
2003-07-23,0.82961202,0.83712697,0.82387501,0.82597601,57729
2003-07-24,0.82597601,0.82597601,0.815552,0.818865,43918
2003-07-25,0.82524902,0.82597601,0.79009902,0.811593,36998
2003-07-28,0.80448198,0.815229,0.79050303,0.815148,17603
2003-07-29,0.81870401,0.82242101,0.79939198,0.81231999,44374
2003-07-30,0.812805,0.818057,0.79729098,0.811593,44542
2003-07-31,0.80658299,0.815229,0.80448198,0.815229,53878
2003-08-01,0.811593,0.81231999,0.74735397,0.75058597,72382
2003-08-04,0.74694997,0.74694997,0.71899199,0.72254699,434731
2003-08-05,0.729011,0.74339497,0.729011,0.74331403,504827
2003-08-06,0.74129403,0.75414097,0.721901,0.73264802,54076
2003-08-07,0.73337501,0.78929102,0.73046601,0.77216101,18207
2003-08-08,0.77927101,0.78937203,0.74703097,0.75995898,91599
2003-08-11,0.76133299,0.766343,0.74953598,0.75559598,26068
2003-08-12,0.76205999,0.77426201,0.74703097,0.75987899,26909
2003-08-13,0.75341398,0.80448198,0.75341398,0.78072602,82303
2003-08-14,0.776443,0.80448198,0.76181799,0.80448198,32127
2003-08-15,0.80084598,0.82056201,0.79729098,0.80585599,49908
2003-08-18,0.811674,0.82589501,0.79026097,0.79939198,34364
2003-08-19,0.79939198,0.811593,0.77749401,0.78290802,47403
2003-08-20,0.80084598,0.808038,0.78016001,0.80448198,44235
2003-08-21,0.80448198,0.808038,0.78282702,0.80343199,60472
2003-08-22,0.80084598,0.80949199,0.80076498,0.808038,19959
2003-08-25,0.815229,0.815229,0.79729098,0.80658299,33344
2003-08-26,0.80448198,0.89756799,0.80448198,0.861691,172793
2003-08-27,0.86977202,0.90855801,0.86120701,0.903548,132676
2003-08-28,0.92657697,0.93376797,0.90855801,0.91938502,157052
2003-08-29,0.92148602,0.96891803,0.89797199,0.95526201,86797
2003-09-01,0.93376797,0.948071,0.92512202,0.93376797,38552
2003-09-02,0.93441498,0.95098001,0.93085903,0.946697,120271
2003-09-03,0.955181,0.96948397,0.91227502,0.92471802,96213
2003-09-04,0.92657697,0.92657697,0.89304298,0.91566801,126231
2003-09-05,0.90783,0.955181,0.905002,0.946697,98460
2003-09-08,0.95526201,0.96237302,0.91938502,0.93013197,50116
2003-09-09,0.93376797,0.93732399,0.91954702,0.92940497,86233
2003-09-10,0.92084002,0.96924102,0.92084002,0.95889801,70046
2003-09-11,0.96964502,0.997765,0.96964502,0.98402798,85471
2003-09-12,0.98313898,0.99122,0.97320098,0.97707897,46364
2003-09-15,0.98410898,0.994048,0.95752501,0.95752501,15563
2003-09-16,0.96964502,0.98394698,0.96245402,0.97683698,38661
2003-09-17,0.98257399,0.98257399,0.96326202,0.96964502,60274
2003-09-18,0.96964502,0.97328103,0.93748498,0.948071,71947
2003-09-19,0.96245402,0.96245402,0.93013197,0.93013197,42829
2003-09-22,0.92544597,0.93304098,0.91292101,0.92084002,58690
2003-09-23,0.91219401,0.93336397,0.905083,0.91720402,49661
2003-09-24,0.92859697,0.92940497,0.897811,0.91219401,120924
2003-09-25,0.92512202,0.92512202,0.897811,0.905729,119736
2003-09-26,0.905002,0.91219401,0.902336,0.90855801,25969
2003-09-29,0.905002,0.91437501,0.905002,0.90855801,35394
2003-09-30,0.908719,0.91219401,0.89708298,0.90451699,74996
2003-10-01,0.907911,0.92294103,0.897811,0.905891,100559
2003-10-02,0.91219401,0.91938502,0.89934599,0.91938502,99807
2003-10-03,0.92657697,0.93013197,0.91574901,0.91938502,95163
2003-10-06,0.91938502,0.95526201,0.91752702,0.94451499,93470
2003-10-07,0.947263,0.948071,0.93376797,0.93805099,94876
2003-10-08,0.93748498,0.942334,0.92730403,0.94087899,127588
2003-10-09,0.93805099,0.96237302,0.93732399,0.93950498,100737
2003-10-10,0.95526201,0.96237302,0.92657697,0.95526201,65640
2003-10-13,0.95534301,0.99623001,0.95526201,0.98976499,47423
2003-10-14,0.99623001,1.000916,0.98903799,0.99122,93579
2003-10-15,0.99122,0.991301,0.96253401,0.96714002,49453
2003-10-16,0.96245402,0.96245402,0.92366803,0.92512202,68303
2003-10-17,0.92415297,0.93376797,0.91591102,0.92294103,14632
2003-10-20,0.92294103,0.92657697,0.91736501,0.91946602,42087
2003-10-21,0.93376797,0.95671701,0.93013197,0.95526201,44799
2003-10-22,0.94459599,0.98402798,0.94459599,0.96536303,81857
2003-10-23,0.95526201,0.96245402,0.93304098,0.93304098,19306
2003-10-24,0.92576897,0.93562698,0.91574901,0.92334503,38720
2003-10-27,0.91865802,0.92294103,0.89853799,0.900639,63897
2003-10-28,0.90079999,0.92649603,0.90072,0.91219401,41225
2003-10-29,0.93013197,0.93304098,0.90281999,0.905002,27553
2003-10-30,0.91219401,0.93376797,0.90855801,0.91219401,33166
2003-10-31,0.92294103,0.92439502,0.91566801,0.92003202,19622
2003-11-03,0.92560703,0.95744401,0.92294103,0.95663601,50997
2003-11-04,0.95526201,0.97392797,0.946697,0.948071,50948
2003-11-05,0.948071,0.948071,0.93110198,0.93392998,29444
2003-11-06,0.947586,0.96956402,0.93013197,0.94532299,47374
2003-11-07,0.95526201,0.96245402,0.94104099,0.94572699,60531
2003-11-10,0.94451499,0.95526201,0.94087899,0.94087899,15266
2003-11-11,0.91938502,0.951545,0.91574901,0.93376797,47888
2003-11-12,0.91954702,0.95510101,0.91954702,0.948071,44512
2003-11-13,0.95421201,0.95768601,0.92657697,0.94104099,37146
2003-11-14,0.92665797,0.95380801,0.92665797,0.948798,15187
2003-11-17,0.94087899,0.948798,0.94087899,0.94459599,17563
2003-11-18,0.948071,0.95380801,0.94087899,0.95251501,17177
2003-11-19,0.94120198,0.96245402,0.93376797,0.953888,22741
2003-11-20,0.93037498,0.96980703,0.93037498,0.96875602,74976
2003-11-21,0.96819103,0.96875602,0.952838,0.95607001,41364
2003-11-24,0.95671701,0.98330098,0.95671701,0.98330098,46492
2003-11-25,0.97683698,0.99122,0.97683698,0.98903799,26959
2003-11-26,0.99122,1.042207,0.99122,1.02014804,119934
2003-11-27,1.01691496,1.03356099,1.01489496,1.03356099,20206
2003-11-28,1.03396499,1.05586302,1.01990497,1.05012596,44799
2003-12-01,1.05586302,1.09174001,1.05586302,1.07380104,38344
2003-12-02,1.05465102,1.08600295,1.05465102,1.08171999,34988
2003-12-03,1.07735705,1.084548,1.06313503,1.084548,17741
2003-12-04,1.07751799,1.07751799,1.05222702,1.05836797,51957
2003-12-05,1.06159997,1.09569895,1.04867101,1.08099306,45710
2003-12-08,1.06475103,1.088184,1.06305397,1.081074,55868
2003-12-09,1.084548,1.11977899,1.084548,1.11759698,41691
2003-12-10,1.11347604,1.14919102,1.11347604,1.14191902,43760
2003-12-11,1.13844395,1.20308697,1.13480794,1.20308697,35235
2003-12-12,1.19234097,1.19234097,1.14943397,1.17084706,11682
2003-12-15,1.170766,1.21383405,1.15064597,1.18797696,20593
2003-12-16,1.14321196,1.16979599,1.11339498,1.16979599,24325
2003-12-17,1.17723,1.20664299,1.16357398,1.20664299,46077
2003-12-18,1.20664299,1.217471,1.19945097,1.19953203,37156
2003-12-19,1.17795706,1.20664299,1.170766,1.17084706,12613
2003-12-22,1.173594,1.19945097,1.13480794,1.15282702,49779
2003-12-23,1.15638304,1.170766,1.10361803,1.12050605,51948
2003-12-24,1.12050605,1.12050605,1.12050605,1.12050605,0
2003-12-25,1.12050605,1.12050605,1.12050605,1.12050605,0
2003-12-26,1.14919102,1.14919102,1.11614299,1.12123299,12652
2003-12-29,1.12050605,1.16203904,1.12050605,1.15282702,11633
2003-12-30,1.18506801,1.18506801,1.16001904,1.17221999,24632
2003-12-31,1.17221999,1.17221999,1.17221999,1.17221999,0
2004-01-01,1.17221999,1.17221999,1.17221999,1.17221999,0
2004-01-02,1.17432106,1.18514895,1.16939199,1.17795706,9989
2004-01-05,1.17795706,1.23823702,1.17795706,1.21383405,52700
2004-01-06,1.21957099,1.24906504,1.17795706,1.18725002,42918
2004-01-07,1.18725002,1.22102594,1.16357398,1.16357398,50799
2004-01-08,1.16430199,1.20656204,1.16430199,1.19945097,81144
2004-01-09,1.22110701,1.264094,1.22110701,1.25334704,80392
2004-01-12,1.27055895,1.32154596,1.27055895,1.29641604,98926
2004-01-13,1.31443501,1.33592904,1.27888095,1.30724394,36166
2004-01-14,1.30005205,1.30724394,1.24615598,1.27492201,63096
2004-01-15,1.28348696,1.30724394,1.24979198,1.28566897,44324
2004-01-16,1.28566897,1.28566897,1.21399605,1.25334704,72263
2004-01-19,1.24979198,1.29067898,1.23613596,1.24332798,40532
2004-01-20,1.22102594,1.22102594,1.170766,1.19589603,30840
2004-01-21,1.19234097,1.22821701,1.17650294,1.21383405,57868
2004-01-22,1.17755306,1.20591605,1.17755306,1.17795706,25424
2004-01-23,1.18151295,1.18151295,1.12050605,1.132303,128627
2004-01-26,1.13480794,1.14910996,1.09473002,1.10426402,122449
2004-01-27,1.11687005,1.131253,1.09747696,1.12769699,103688
2004-01-28,1.13117194,1.14563596,1.11266804,1.12042499,89282
2004-01-29,1.10967803,1.10967803,1.00560296,1.02709699,163744
2004-01-30,1.02636898,1.02636898,0.94524199,0.96964502,124598
2004-02-02,0.97683698,1.04867101,0.91946602,1.02709699,129350
2004-02-03,1.06297398,1.06660998,1.01635003,1.04147995,82293
2004-02-04,1.045035,1.05586302,1.02346098,1.02636898,98827
2004-02-05,1.02636898,1.07525599,1.02426898,1.03428805,78877
2004-02-06,1.00552201,1.07735705,1.00552201,1.07735705,61403
2004-02-09,1.07735705,1.11331403,1.06305397,1.09893095,45077
2004-02-10,1.09893095,1.10612297,1.05586302,1.05586302,23642
2004-02-11,1.05925703,1.12050605,1.05586302,1.10967803,70481
2004-02-12,1.10967803,1.12042499,1.07808399,1.07808399,44463
2004-02-13,1.07759905,1.07759905,1.01990497,1.03428805,71442
2004-02-16,1.02709699,1.03073299,0.99122,1.01562297,1455
2004-02-17,1.03428805,1.03428805,0.98402798,0.994856,88213
2004-02-18,1.00843096,1.01263297,0.97320098,0.98039198,86302
2004-02-19,0.97683698,0.97683698,0.92730403,0.93231398,73006
2004-02-20,0.89853799,0.97829098,0.897811,0.95889801,56630
2004-02-23,0.95889801,0.95889801,0.95889801,0.95889801,0
2004-02-24,0.95889801,0.95889801,0.95889801,0.95889801,0
2004-02-25,0.95930201,1.03283405,0.95930201,1.03073299,47473
2004-02-26,1.01990497,1.06305397,1.01982403,1.04867101,58789
2004-02-27,1.05238795,1.12050605,1.05222702,1.09820402,96708
2004-03-01,1.09893095,1.14919102,1.09893095,1.14919102,52433
2004-03-02,1.12050605,1.16785705,1.10321403,1.13480794,57423
2004-03-03,1.14199996,1.16349399,1.11331403,1.12406099,44007
2004-03-04,1.14563596,1.14563596,1.05222702,1.07299304,92361
2004-03-05,1.07735705,1.11331403,1.06305397,1.08446705,64323
2004-03-08,1.09537601,1.11614299,1.07380104,1.09279001,47274
2004-03-09,1.09893095,1.09893095,1.05473197,1.05473197,58106
2004-03-10,1.041641,1.041641,1.00923896,1.00923896,49740
2004-03-11,1.00624895,1.02014804,0.97320098,0.98475599,29157
2004-03-12,1.00915802,1.04366195,0.991301,1.02354097,20137
2004-03-15,1.041399,1.05731702,1.01271403,1.03784394,19929
2004-03-16,1.03436899,1.04867101,1.03073299,1.045035,21325
2004-03-17,1.05586302,1.05586302,1.01635003,1.02354097,27186
2004-03-18,1.03428805,1.04156101,1.00552201,1.02491498,38473
2004-03-19,1.03428805,1.03784394,1.00552201,1.00552201,20088
2004-03-22,0.99122,1.00196695,0.97400898,0.97901797,36750
2004-03-23,0.98402798,0.998411,0.948071,0.95526201,35810
2004-03-24,0.948798,0.97320098,0.948071,0.95421201,23157
2004-03-25,0.95526201,0.98758399,0.95526201,0.95534301,27315
2004-03-26,0.97683698,1.01271403,0.955989,1.00843096,25434
2004-03-29,1.01990497,1.03041005,0.98111898,0.98402798,16325
2004-03-30,0.98758399,1.01990497,0.98758399,0.99122,65779
2004-03-31,0.99122,1.04147995,0.99122,1.02386498,50769
2004-04-01,1.04471195,1.08559895,1.03356099,1.07016504,91253
2004-04-02,1.07735705,1.09901202,1.07105398,1.084548,52363
2004-04-05,1.07485199,1.11258698,1.07485199,1.10248697,26870
2004-04-06,1.09893095,1.11258698,1.08673,1.08673,42631
2004-04-07,1.07953799,1.07953799,1.01271403,1.01271403,56690
2004-04-08,1.04867101,1.05586302,1.02152097,1.042207,50888
2004-04-09,1.042207,1.042207,1.042207,1.042207,0
2004-04-12,1.06111503,1.07016504,1.04147995,1.05586302,33552
2004-04-13,1.05586302,1.08745694,1.05222702,1.05222702,68769
2004-04-14,1.04648995,1.07735705,1.03428805,1.07016504,46195
2004-04-15,1.04147995,1.06660998,1.03509605,1.041803,82689
2004-04-16,1.04867101,1.05222702,1.02354097,1.02354097,12880
2004-04-19,1.04147995,1.04430795,1.01424897,1.01990497,21187
2004-04-20,1.00552201,1.05578196,1.00552201,1.00592601,66452
2004-04-21,1.00592601,1.00592601,1.00592601,1.00592601,0
2004-04-22,1.00552201,1.05723703,1.00552201,1.03792405,52106
2004-04-23,1.03792405,1.03792405,1.03792405,1.03792405,0
2004-04-26,1.04867101,1.04972196,1.02426898,1.02701604,26345
2004-04-27,1.02709699,1.07727599,1.02709699,1.05052996,44037
2004-04-28,1.02386498,1.04794395,0.998411,0.998411,27563
2004-04-29,1.00624895,1.02709699,0.95526201,0.96245402,38146
2004-04-30,0.96253401,0.99122,0.95889801,0.96245402,55759
2004-05-03,0.95526201,0.998411,0.949525,0.96463501,74887
2004-05-04,0.994775,1.045035,0.97691798,1.00851202,32958
2004-05-05,1.02701604,1.05012596,1.02208698,1.04147995,37711
2004-05-06,1.01990497,1.03647006,1.00552201,1.00552201,33285
2004-05-07,0.97037202,0.998411,0.96681702,0.97255403,46690
2004-05-10,0.93732399,0.96956402,0.93368798,0.94483799,87322
2004-05-11,0.95526201,1.00552201,0.95526201,0.97683698,68769
2004-05-12,0.97683698,0.97691798,0.93376797,0.94815099,40255
2004-05-13,0.948071,0.96237302,0.91219401,0.91219401,58185
2004-05-14,0.93376797,0.949525,0.91938502,0.93376797,64789
2004-05-17,0.91938502,0.91938502,0.88342798,0.88439697,79689
2004-05-18,0.901447,0.91219401,0.86548901,0.87987202,110202
2004-05-19,0.91138601,0.91938502,0.88342798,0.88383198,69273
2004-05-20,0.87623602,0.88714498,0.83316803,0.84068203,100747
2004-05-21,0.84755099,0.86912501,0.83324802,0.85514599,124786
2004-05-24,0.87623602,0.87623602,0.85474199,0.85474199,27087
2004-05-25,0.85474199,0.87979102,0.84076297,0.84076297,71719
2004-05-26,0.858298,0.87591302,0.84609598,0.86193401,97005
2004-05-27,0.86193401,0.89061898,0.86193401,0.88350803,53581
2004-05-28,0.89061898,0.897811,0.86039799,0.86039799,56225
2004-05-31,0.859752,0.87623602,0.85183299,0.85183299,16474
2004-06-01,0.86120701,0.87268102,0.82242101,0.86548901,60551
2004-06-02,0.87987202,0.907911,0.87987202,0.89425498,51819
2004-06-03,0.897811,0.897811,0.862661,0.87631702,40998
2004-06-04,0.89061898,0.91938502,0.89061898,0.89853799,41116
2004-06-07,0.91938502,0.93732399,0.91219401,0.93732399,51858
2004-06-08,0.94023299,0.948071,0.91437501,0.93013197,60908
2004-06-09,0.93376797,0.93376797,0.901447,0.901447,19414
2004-06-10,0.901447,0.901447,0.901447,0.901447,0
2004-06-11,0.92148602,0.92148602,0.901447,0.90290099,2950
2004-06-14,0.897811,0.897811,0.87623602,0.89708298,21533
2004-06-15,0.91219401,0.93158698,0.91211301,0.92294103,68392
2004-06-16,0.92479903,0.93732399,0.91938502,0.93013197,107024
2004-06-17,0.92657697,0.96964502,0.92657697,0.93368798,39562
2004-06-18,0.91292101,0.96318102,0.91292101,0.95526201,16811
2004-06-21,0.96172601,0.96964502,0.92673802,0.93465698,13128
2004-06-22,0.92730403,0.948071,0.92407203,0.92730403,37849
2004-06-23,0.92762703,0.94597,0.92366803,0.93732399,29661
2004-06-24,0.94524199,0.96891803,0.91938502,0.91938502,30176
2004-06-25,0.92657697,0.93659598,0.91227502,0.91793102,14553
2004-06-28,0.93732399,0.94443399,0.92665797,0.92665797,25355
2004-06-29,0.92875803,0.948717,0.92795002,0.94104099,13623
2004-06-30,0.948071,0.96875602,0.92875803,0.96245402,51839
2004-07-01,0.96245402,0.97683698,0.948071,0.97602898,25751
2004-07-02,0.95897901,1.00552201,0.95897901,1.00552201,25553
2004-07-05,0.98475599,1.01635003,0.98475599,0.991301,13642
2004-07-06,0.98758399,0.998411,0.96253401,0.990493,22820
2004-07-07,0.990493,0.998411,0.97699797,0.998411,23256
2004-07-08,0.998411,0.998411,0.96980703,0.97715998,20028
2004-07-09,0.97715998,0.97715998,0.97715998,0.97715998,0
2004-07-12,0.98402798,1.00124002,0.96609002,0.998411,34245
2004-07-13,0.998411,0.998411,0.97683698,0.98039198,37186
2004-07-14,0.98039198,1.00196695,0.97109997,0.97562498,32948
2004-07-15,0.98039198,1.00552201,0.98039198,0.99267399,36305
2004-07-16,1.00915802,1.06305397,1.00915802,1.04818702,44591
2004-07-19,1.04576194,1.06305397,1.04147995,1.04551995,21820
2004-07-20,1.038571,1.05497396,1.03428805,1.04147995,25503
2004-07-21,1.035743,1.035743,0.99122,0.991947,31067
2004-07-22,0.991947,1.04867101,0.97683698,1.01635003,46908
2004-07-23,1.00204802,1.041399,1.00196695,1.00923896,37265
2004-07-26,1.01271403,1.02636898,0.955181,0.96948397,26662
2004-07-27,0.96972603,1.00196695,0.96245402,0.998411,26256
2004-07-28,0.998411,1.041399,0.99186599,1.041399,36384
2004-07-29,1.040025,1.04867101,1.02709699,1.02919805,25889
2004-07-30,1.02136004,1.03428805,1.00568402,1.00568402,37572
2004-08-02,1.00592601,1.03065205,0.99833101,1.02709699,40938
2004-08-03,1.03428805,1.03428805,0.991947,0.992594,60383
2004-08-04,0.99267399,1.01635003,0.98410898,0.98620999,19751
2004-08-05,0.98814899,1.01578403,0.95170701,0.952434,29166
2004-08-06,0.95897901,0.98039198,0.94095999,0.96972603,24899
2004-08-09,0.97053403,0.97643298,0.948232,0.948798,15741
2004-08-10,0.95526201,0.98402798,0.93748498,0.97190797,31929
2004-08-11,0.96964502,0.96964502,0.94128299,0.95453501,23404
2004-08-12,0.94483799,0.97320098,0.93441498,0.93441498,25602
2004-08-13,0.93772799,0.94087899,0.91340601,0.91477901,22018
2004-08-16,0.92084002,0.96956402,0.91437501,0.96140301,30553
2004-08-17,0.96964502,0.97683698,0.95178801,0.96827197,22394
2004-08-18,0.96819103,1.01917803,0.96609002,1.00915802,65244
2004-08-19,1.01917803,1.034127,1.01917803,1.03339899,32038
2004-08-20,1.03283405,1.06806397,1.03283405,1.05618596,37879
2004-08-23,1.05222702,1.06305397,1.02136004,1.02136004,13296
2004-08-24,1.03000605,1.05222702,1.03000605,1.041399,13761
2004-08-25,1.04147995,1.05222702,1.02354097,1.02782404,21523
2004-08-26,1.01635003,1.01635003,0.994533,0.99469399,30711
2004-08-27,0.994533,1.01198602,0.98410898,0.98410898,13979
2004-08-30,1.00487602,1.01925898,0.96568602,1.01925898,21959
2004-08-31,1.02701604,1.02709699,1.00075495,1.00075495,24157
2004-09-01,1.01263297,1.01489496,0.96269602,0.96609002,24979
2004-09-02,0.97037202,0.97683698,0.95461601,0.96003002,21959
2004-09-03,0.95671701,0.96996802,0.953565,0.953565,22226
2004-09-06,0.96245402,0.97311997,0.93376797,0.93732399,14662
2004-09-07,0.93732399,0.93732399,0.93732399,0.93732399,0
2004-09-08,0.949929,0.97037202,0.948798,0.948798,27305
2004-09-09,0.95526201,0.96213001,0.93368798,0.93780899,34820
2004-09-10,0.93376797,0.93481898,0.91865802,0.91865802,37423
2004-09-13,0.92657697,0.93376797,0.91364801,0.91364801,16761
2004-09-14,0.91946602,0.95170701,0.91938502,0.95170701,47255
2004-09-15,0.952434,0.96819103,0.94087899,0.95566601,48383
2004-09-16,0.96964502,0.994533,0.96600902,0.994452,48651
2004-09-17,0.994452,0.994775,0.97618997,0.98402798,35958
2004-09-20,0.99833101,1.00552201,0.96972603,0.96972603,90540
2004-09-21,0.98402798,0.98822999,0.96027201,0.97513998,42671
2004-09-22,0.97691798,0.98378599,0.96964502,0.96964502,19395
2004-09-23,0.97360498,0.99623001,0.96641302,0.96681702,15256
2004-09-24,0.97045302,0.994775,0.96964502,0.97683698,20593
2004-09-27,0.97683698,0.98717999,0.97320098,0.97465497,20969
2004-09-28,0.96964502,1.00544095,0.96964502,1.00487602,21632
2004-09-29,1.00487602,1.00487602,0.95534301,0.95534301,62402
2004-09-30,0.96245402,0.96964502,0.96245402,0.96261501,15207
2004-10-01,0.97109997,0.98394698,0.96819103,0.97683698,31998
2004-10-04,1.00374401,1.00697696,0.98402798,0.994048,19157
2004-10-05,0.99623001,1.00552201,0.97691798,0.994048,40572
2004-10-06,0.98144299,0.995502,0.97683698,0.97683698,38592
2004-10-07,0.97328103,0.990493,0.96609002,0.96972603,8534
2004-10-08,0.98039198,0.98653299,0.955989,0.955989,21187
2004-10-11,0.96891803,0.99033099,0.95889801,0.95889801,4514
2004-10-12,0.95889801,0.95889801,0.95889801,0.95889801,0
2004-10-13,0.98006898,0.98006898,0.92665797,0.94087899,54195
2004-10-14,0.93441498,0.948798,0.92366803,0.94087899,40394
2004-10-15,0.948071,0.96673602,0.93013197,0.93304098,35612
2004-10-18,0.91219401,0.94087899,0.91219401,0.91583002,89639
2004-10-19,0.91574901,0.91938502,0.89191198,0.89191198,82699
2004-10-20,0.897811,0.91308302,0.87672102,0.89061898,72927
2004-10-21,0.89061898,0.911466,0.88706398,0.911466,25493
2004-10-22,0.91138601,0.91219401,0.87268102,0.88617498,66402
2004-10-25,0.88342798,0.88463998,0.84431899,0.85134798,34632
2004-10-26,0.85474199,0.88415498,0.83211702,0.87704402,165477
2004-10-27,0.87268102,0.88334697,0.84035897,0.85037899,130637
2004-10-28,0.852561,0.858298,0.82597601,0.83187503,103836
2004-10-29,0.84755099,0.84755099,0.815229,0.83316803,446582
2004-11-01,0.864923,0.87979102,0.83421803,0.87857902,181070
2004-11-03,0.89207399,0.93150598,0.89207399,0.93005103,195901
2004-11-04,0.93005103,0.94524199,0.911143,0.94087899,103777
2004-11-05,0.94087899,0.96746403,0.91728401,0.93376797,119598
2004-11-08,0.93013197,0.952434,0.92366803,0.94370699,88312
2004-11-09,0.94087899,0.95817101,0.94087899,0.95380801,51938
2004-11-10,0.96245402,0.96956402,0.93304098,0.94087899,58284
2004-11-11,0.92867798,0.951545,0.92512202,0.951545,13860
2004-11-12,0.95130301,0.96091801,0.949525,0.95526201,20602
2004-11-15,0.95526201,0.95526201,0.95526201,0.95526201,0
2004-11-16,0.95526201,0.96253401,0.94451499,0.96245402,48126
2004-11-17,0.96536303,1.01037002,0.96536303,1.00552201,113390
2004-11-18,0.98766398,1.00568402,0.97788697,0.99122,53492
2004-11-19,0.99122,1.00342095,0.97328103,1.00196695,40027
2004-11-22,0.98475599,1.045035,0.98475599,1.045035,73788
2004-11-23,1.04147995,1.06289303,1.03073299,1.05586302,55967
2004-11-24,1.05941796,1.10967803,1.05941796,1.10604203,102767
2004-11-25,1.10531497,1.10967803,1.05691302,1.07735705,103787
2004-11-26,1.08471,1.088184,1.05586302,1.05586302,40384
2004-11-29,1.05658996,1.06087303,1.02354097,1.03420699,44027
2004-11-30,1.02636898,1.07016504,1.01271403,1.04850996,55086
2004-12-01,1.05012596,1.06305397,1.03445005,1.06159997,63115
2004-12-02,1.06159997,1.08770001,1.06159997,1.08527505,43116
2004-12-03,1.07735705,1.09877002,1.07735705,1.084548,57076
2004-12-06,1.07816505,1.10248697,1.06337798,1.08099306,43552
2004-12-07,1.08099306,1.08099306,1.04147995,1.05077195,42215
2004-12-08,1.03517699,1.08099306,1.03501594,1.06984198,35325
2004-12-09,1.04867101,1.05578196,1.042611,1.05578196,31414
2004-12-10,1.045035,1.09165895,1.04147995,1.09165895,24959
2004-12-13,1.09165895,1.09165895,1.05586302,1.08091199,56779
2004-12-14,1.08091199,1.088184,1.07444799,1.084548,22523
2004-12-15,1.084548,1.11711204,1.06814504,1.083094,126390
2004-12-16,1.083094,1.10895097,1.07735705,1.09174001,60403
2004-12-17,1.08462906,1.09885097,1.07016504,1.08180106,34196
2004-12-20,1.08099306,1.088184,1.06669104,1.06951904,29107
2004-12-21,1.06305397,1.084548,1.05295396,1.084548,26850
2004-12-22,1.084548,1.08955801,1.06442797,1.084548,24701
2004-12-23,1.07808399,1.11331403,1.07735705,1.11331403,20385
2004-12-24,1.11331403,1.11331403,1.11331403,1.11331403,0
2004-12-27,1.11331403,1.12769699,1.09254801,1.11695099,23256
2004-12-28,1.11331403,1.13480794,1.11331403,1.13157594,14811
2004-12-29,1.132303,1.13707101,1.12406099,1.13157594,33384
2004-12-30,1.12333405,1.13626301,1.12196004,1.13092995,21583
2004-12-31,1.13092995,1.13092995,1.13092995,1.13092995,0
2005-01-03,1.13101006,1.13101006,1.04875195,1.07380104,52987
2005-01-04,1.08099306,1.08446705,1.05723703,1.07016504,54482
2005-01-05,1.06879103,1.09780002,1.05957997,1.09537601,27840
2005-01-06,1.09246695,1.10240602,1.06442797,1.07380104,37275
2005-01-07,1.07161999,1.09424496,1.07024598,1.07808399,31820
2005-01-10,1.07808399,1.07808399,1.02079403,1.045035,37027
2005-01-11,1.03081405,1.07735705,1.03081405,1.07380104,69996
2005-01-12,1.07380104,1.08074999,1.04939902,1.07153904,43601
2005-01-13,1.07735705,1.09174001,1.06305397,1.084548,22691
2005-01-14,1.084548,1.084548,1.06297398,1.07735705,62303
2005-01-17,1.06305397,1.07016504,1.04867101,1.05222702,24929
2005-01-18,1.05222702,1.07735705,1.02927804,1.03445005,63541
2005-01-19,1.035743,1.07727599,1.035743,1.07024598,32414
2005-01-20,1.07016504,1.07380104,1.02927804,1.03428805,200723
2005-01-21,1.03428805,1.04721701,1.00641096,1.00697696,57333
2005-01-24,1.00552201,1.01134002,0.997684,0.99905801,38027
2005-01-26,1.02063203,1.03970206,1.01861203,1.02903605,99341
2005-01-27,1.02136004,1.02136004,1.00568402,1.01416802,42146
2005-01-28,1.03784394,1.03784394,0.97045302,0.98418999,34117
2005-01-31,0.998411,1.00552201,0.9892,0.992594,41750
2005-02-01,0.993321,0.994775,0.96964502,0.97320098,46611
2005-02-02,0.97756398,0.98685598,0.97069597,0.97829098,161507
2005-02-03,0.97829098,1.03428805,0.97829098,1.03073299,169724
2005-02-04,1.03073299,1.10281003,1.03073299,1.09901202,137458
2005-02-09,1.085114,1.085114,1.05796397,1.07016504,69046
2005-02-10,1.06951904,1.06951904,1.03784394,1.05578196,62749
2005-02-11,1.04430795,1.05998397,1.02709699,1.05594397,82253
2005-02-14,1.05594397,1.086326,1.03792405,1.07735705,85392
2005-02-15,1.06297398,1.07234704,1.05166101,1.05586302,40037
2005-02-16,1.05586302,1.09174001,1.05586302,1.09174001,163576
2005-02-17,1.09165895,1.13052595,1.06103396,1.11331403,173714
2005-02-18,1.11339498,1.13416195,1.11331403,1.11759698,69224
2005-02-21,1.11832404,1.14199996,1.11832404,1.131253,79550
2005-02-22,1.10450697,1.131253,1.08543706,1.09174001,63967
2005-02-23,1.11331403,1.12050605,1.09174001,1.12050605,56809
2005-02-24,1.12769699,1.14902997,1.10612297,1.14708996,73065
2005-02-25,1.14490902,1.14490902,1.09893095,1.10757697,79530
2005-02-28,1.13480794,1.13480794,1.10038602,1.127617,16207
2005-03-01,1.09909296,1.14910996,1.07735705,1.14902997,80283
2005-03-02,1.15185797,1.15710998,1.12406099,1.12769699,55037
2005-03-03,1.14563596,1.14563596,1.11331403,1.12769699,62125
2005-03-04,1.131253,1.13844395,1.126243,1.13052595,78867
2005-03-07,1.14563596,1.17723,1.14555502,1.17723,78204
2005-03-08,1.17771494,1.17771494,1.15492797,1.16357398,59908
2005-03-09,1.14919102,1.14919102,1.10240602,1.10612297,63828
2005-03-10,1.10248697,1.12042499,1.07380104,1.12042499,66511
2005-03-11,1.12406099,1.12406099,1.07735705,1.088184,87896
2005-03-14,1.088184,1.10984004,1.06814504,1.10604203,64274
2005-03-15,1.09893095,1.10612297,1.07234704,1.07735705,29473
2005-03-16,1.07735705,1.11331403,1.07016504,1.09893095,39899
2005-03-17,1.09174001,1.09174001,1.06588304,1.07735705,41166
2005-03-18,1.08527505,1.08527505,1.05586302,1.06951904,44978
2005-03-21,1.06951904,1.06951904,1.04147995,1.06232703,17603
2005-03-22,1.06305397,1.06515503,0.98758399,0.994775,54680
2005-03-23,1.00552201,1.00818896,0.94241399,0.96964502,88758
2005-03-24,0.998411,1.00544095,0.97683698,0.97869498,34117
2005-03-28,0.97877598,0.98039198,0.91720402,0.93732399,97549
2005-03-29,0.94451499,0.95526201,0.89853799,0.89853799,66482
2005-03-30,0.905083,0.93732399,0.905083,0.93659598,121796
2005-03-31,0.93659598,0.95526201,0.93441498,0.93554598,34750
2005-04-01,0.96609002,0.97724098,0.94524199,0.94524199,50126
2005-04-04,0.948071,0.948071,0.91227502,0.91938502,39235
2005-04-05,0.92657697,0.92657697,0.905002,0.907184,46572
2005-04-06,0.91930401,0.95526201,0.89926499,0.89926499,76313
2005-04-07,0.91938502,0.94734299,0.90855801,0.94734299,52720
2005-04-08,0.94411099,0.948071,0.92011201,0.92286003,10385
2005-04-11,0.953161,0.953161,0.89425498,0.907184,88084
2005-04-12,0.90855801,0.93699998,0.907184,0.93013197,29374
2005-04-13,0.93732399,0.96245402,0.93732399,0.95380801,95767
2005-04-14,0.93441498,0.942334,0.88415498,0.88706398,51245
2005-04-15,0.87623602,0.905083,0.87559003,0.87769002,32978
2005-04-18,0.88706398,0.88779098,0.86912501,0.87203401,51363
2005-04-19,0.88706398,0.94362599,0.88706398,0.94362599,64680
2005-04-20,0.93732399,0.94087899,0.91275901,0.94087899,50096
2005-04-22,0.905002,0.905083,0.905002,0.905083,10771
2005-04-25,0.905002,0.92512202,0.905002,0.91938502,20523
2005-04-26,0.89894199,0.94451499,0.89894199,0.94306099,45215
2005-04-27,0.93376797,0.96609002,0.93376797,0.96609002,38324
2005-04-28,0.96245402,0.96245402,0.93376797,0.948071,54581
2005-04-29,0.96245402,0.96245402,0.92019302,0.94451499,28048
2005-05-02,0.94895899,0.96245402,0.94734299,0.96245402,54967
2005-05-03,0.948798,0.97699797,0.94815099,0.97699797,31533
2005-05-04,0.97683698,1.045439,0.97683698,1.01990497,84857
2005-05-05,1.01990497,1.02701604,0.98548299,1.01271403,68521
2005-05-06,1.01263297,1.02564204,1.00237095,1.01917803,39473
2005-05-09,1.00269401,1.00552201,0.991947,0.998411,39493
2005-05-10,0.98402798,0.99122,0.95671701,0.96972603,17721
2005-05-11,0.97037202,0.994775,0.95889801,0.96245402,28236
2005-05-12,0.96964502,0.98039198,0.94217199,0.96609002,28652
2005-05-13,0.96600902,0.99122,0.94499999,0.95526201,41968
2005-05-16,0.95526201,0.98402798,0.95526201,0.97683698,31186
2005-05-17,0.99122,0.99421,0.96245402,0.98402798,72857
2005-05-18,0.99122,1.00188601,0.97683698,0.994048,51007
2005-05-19,0.994048,0.998411,0.97320098,0.98758399,30840
2005-05-20,0.97691798,1.01990497,0.97683698,1.00552201,30394
2005-05-23,1.00196695,1.00447202,0.98758399,0.98758399,10177
2005-05-24,0.98402798,0.99122,0.97683698,0.97683698,27830
2005-05-25,0.98039198,1.01990497,0.98039198,1.01990497,26573
2005-05-27,1.01990497,1.04859102,1.01271403,1.04859102,30077
2005-05-30,1.04147995,1.05368102,1.02709699,1.05222702,13415
2005-05-31,1.04867101,1.05941796,1.01667297,1.01990497,55571
2005-06-01,1.04867101,1.07485199,1.03445005,1.06660998,35671
2005-06-02,1.07016504,1.10757697,1.05941796,1.10604203,80669
2005-06-03,1.10588002,1.11177897,1.07016504,1.09174001,22761
2005-06-06,1.07016504,1.07016504,1.04228795,1.05941796,30285
2005-06-07,1.04519701,1.04519701,1.02354097,1.03073299,44087
2005-06-08,1.06660998,1.06660998,1.02790499,1.04867101,43364
2005-06-09,1.01344097,1.045035,1.00552201,1.00552201,54452
2005-06-10,1.035743,1.035743,1.01643097,1.02063203,14880
2005-06-13,1.02709699,1.04147995,1.00560296,1.00560296,12593
2005-06-14,1.01521897,1.04883301,0.97756398,1.04883301,75521
2005-06-15,1.01998603,1.03428805,1.00552201,1.03428805,82659
2005-06-16,1.04147995,1.04867101,1.03243005,1.03784394,53116
2005-06-17,1.04867101,1.05618596,1.01344097,1.03428805,33711
2005-06-20,1.01990497,1.03428805,1.01990497,1.02354097,19929
2005-06-21,1.02354097,1.03800499,1.01909697,1.02709699,50383
2005-06-22,1.02709699,1.038571,0.97683698,1.03283405,60492
2005-06-23,1.01982403,1.03137898,0.99138099,0.996957,65531
2005-06-24,0.998411,1.01990497,0.994775,1.01635003,33453
2005-06-27,1.02636898,1.04131806,1.00746095,1.01271403,17850
2005-06-28,1.01271403,1.01594603,0.998411,1.01271403,33651
2005-06-29,1.01416802,1.03348005,1.01416802,1.01643097,47938
2005-06-30,1.01643097,1.03041005,1.00374401,1.01626897,22236
2005-07-01,1.01626897,1.02725804,1.00915802,1.01990497,7593
2005-07-04,1.01271403,1.01271403,0.994775,0.994775,9930
2005-07-05,0.99122,1.00810802,0.98402798,1.00487602,49344
2005-07-06,1.00471401,1.01271403,0.98766398,1.00552201,62729
2005-07-07,0.97740197,1.00810802,0.97740197,0.996957,34671
2005-07-08,0.98047298,1.00988603,0.98039198,1.00253201,48433
2005-07-11,1.00770402,1.02855098,1.00770402,1.02709699,21652
2005-07-12,1.03202605,1.07598305,1.03202605,1.06305397,57868
2005-07-13,1.07016504,1.08988094,1.05941796,1.06588304,48334
2005-07-14,1.06588304,1.07380104,1.034935,1.05941796,24573
2005-07-15,1.04867101,1.06305397,1.01990497,1.01990497,73560
2005-07-18,1.01990497,1.02814698,1.01424897,1.02354097,16286
2005-07-19,1.00196695,1.02758205,0.991947,1.01780403,38433
2005-07-20,0.992028,1.02200603,0.992028,1.01990497,50076
2005-07-21,1.00560296,1.034531,0.98612899,0.99461401,47344
2005-07-22,1.00196695,1.00196695,0.97037202,0.97069597,79016
2005-07-25,0.96479702,0.96479702,0.902174,0.94095999,87243
2005-07-26,1.00552201,1.01279402,0.91938502,1.00552201,87530
2005-07-27,0.998411,1.01271403,0.98402798,1.00196695,30236
2005-07-28,1.00196695,1.04115701,0.993725,1.03428805,49967
2005-07-29,1.04131806,1.06515503,1.03428805,1.04867101,44730
2005-08-01,1.05941796,1.05941796,1.02119803,1.04147995,25434
2005-08-02,1.05222702,1.06515503,1.04867101,1.06305397,55789
2005-08-03,1.06232703,1.08567905,1.04430795,1.05594397,37384
2005-08-04,1.04867101,1.10757697,1.04867101,1.07380104,135211
2005-08-05,1.08462906,1.09537601,1.07016504,1.07735705,37879
2005-08-08,1.08446705,1.09246695,1.07024598,1.07735705,40384
2005-08-09,1.084548,1.09464896,1.07953799,1.09174001,46888
2005-08-10,1.09182096,1.131253,1.09182096,1.12050605,112182
2005-08-11,1.07889199,1.12050605,1.07751799,1.08673,82253
2005-08-12,1.045035,1.11331403,1.03469205,1.11331403,133963
2005-08-15,1.13480794,1.13480794,1.08462906,1.09893095,64482
2005-08-16,1.09893095,1.11687005,1.07533705,1.07735705,52136
2005-08-17,1.09101295,1.09246695,1.07032704,1.07735705,115895
2005-08-18,1.06458998,1.07436705,1.05028701,1.05658996,32008
2005-08-19,1.04600501,1.08438694,1.03073299,1.06660998,110301
2005-08-22,1.06782198,1.09877002,1.06281197,1.07735705,42473
2005-08-23,1.06305397,1.07404399,1.043015,1.06515503,23216
2005-08-24,1.042207,1.06879103,1.035743,1.06014502,13623
2005-08-25,1.05917597,1.06660998,1.04228795,1.06281197,40809
2005-08-26,1.04228795,1.06636703,1.042207,1.06305397,29681
2005-08-29,1.05586302,1.06297398,1.03428805,1.036551,32899
2005-08-30,1.05570102,1.05570102,1.03073299,1.04147995,31285
2005-08-31,1.05586302,1.06297398,1.01990497,1.06297398,56779
2005-09-01,1.05586302,1.07008398,1.05271196,1.05586302,57126
2005-09-02,1.06305397,1.07161999,1.04947901,1.06660998,49017
2005-09-05,1.07662904,1.07848799,1.07485199,1.07848799,55769
2005-09-06,1.07735705,1.07735705,1.06370103,1.07016504,11682
2005-09-08,1.07016504,1.07161999,1.02855098,1.03905594,28830
2005-09-09,1.03970206,1.05658996,1.03105605,1.05658996,63323
2005-09-12,1.04147995,1.05788302,1.040025,1.05440795,64432
2005-09-13,1.04867101,1.05788302,1.02709699,1.03113699,66907
2005-09-14,1.03428805,1.04576194,1.03428805,1.03929806,44641
2005-09-15,1.03428805,1.05578196,1.032107,1.032107,45443
2005-09-16,1.04471195,1.07161999,1.03469205,1.07161999,120132
2005-09-19,1.07016504,1.09893095,1.06305397,1.09893095,92847
2005-09-20,1.10111296,1.131253,1.10111296,1.12050605,115034
2005-09-21,1.10895097,1.13997996,1.10895097,1.13844395,152804
2005-09-22,1.13844395,1.13844395,1.12050605,1.12486899,46037
2005-09-23,1.12769699,1.13480794,1.11331403,1.12406099,50076
2005-09-26,1.14199996,1.15549397,1.11339498,1.11339498,56591
2005-09-27,1.11436498,1.131253,1.07404399,1.09893095,58403
2005-09-28,1.11961699,1.11961699,1.10596097,1.11331403,58096
2005-09-29,1.11331403,1.11331403,1.08479095,1.09893095,33295
2005-09-30,1.11331403,1.130445,1.09149694,1.130445,26256
2005-10-03,1.11331403,1.13480794,1.08543706,1.09893095,39641
2005-10-04,1.09893095,1.135131,1.09174001,1.131253,112757
2005-10-05,1.127617,1.131253,1.10466802,1.10612297,70412
2005-10-06,1.08527505,1.11509204,1.04147995,1.05586302,45562
2005-10-07,1.06305397,1.11315298,1.05368102,1.07727599,41899
2005-10-10,1.07735705,1.08673,1.05222702,1.06765997,14009
2005-10-11,1.07016504,1.09174001,1.05368102,1.05731702,26850
2005-10-13,1.045035,1.06305397,1.03525805,1.04147995,51344
2005-10-14,1.04293394,1.04293394,1.01780403,1.02459204,17761
2005-10-17,1.03994501,1.07735705,1.03364205,1.06305397,34443
2005-10-18,1.06305397,1.06660998,1.03792405,1.05222702,42750
2005-10-19,1.04875195,1.07735705,1.03428805,1.06305397,82283
2005-10-20,1.07735705,1.08527505,1.02709699,1.040025,96262
2005-10-21,1.041641,1.07703304,1.04147995,1.06515503,45987
2005-10-24,1.06515503,1.07016504,1.03032899,1.07016504,46324
2005-10-25,1.04867101,1.07016504,1.02168298,1.035743,83481
2005-10-26,1.02709699,1.05925703,1.02014804,1.05925703,133340
2005-10-27,1.03501594,1.05586302,1.03428805,1.03647006,24988
2005-10-28,1.04147995,1.05602396,1.032107,1.03784394,53096
2005-10-31,1.05222702,1.05230796,1.03299499,1.03356099,54304
2005-11-01,1.04398501,1.05513597,1.03428805,1.04398501,52749
2005-11-03,1.05586302,1.07452905,1.04867101,1.07452905,73471
2005-11-04,1.05303502,1.05505502,1.02636898,1.032107,33404
2005-11-07,1.05303502,1.07016504,1.02071297,1.02071297,26275
2005-11-08,1.02426898,1.03792405,1.01344097,1.02136004,58680
2005-11-09,1.03428805,1.04656994,1.01311803,1.04656994,56522
2005-11-10,1.05190396,1.05626702,1.04366195,1.04867101,35117
2005-11-11,1.036147,1.05578196,1.036147,1.04867101,16622
2005-11-14,1.05537796,1.05537796,1.02750099,1.03428805,25850
2005-11-16,1.041399,1.041399,1.02491498,1.03283405,6989
2005-11-17,1.03428805,1.04867101,1.02354097,1.02354097,19108
2005-11-18,1.02354097,1.03388405,1.01061296,1.01303697,34731
2005-11-21,1.03032899,1.040025,1.01990497,1.02847004,13712
2005-11-22,1.02386498,1.02386498,0.990493,1.01271403,84976
2005-11-23,1.01990497,1.01990497,1.00414801,1.00907695,43691
2005-11-24,1.00552201,1.04867101,1.00487602,1.04495394,30661
2005-11-25,1.03428805,1.03784394,1.01635003,1.02531898,40790
2005-11-28,1.040429,1.040429,0.99122,0.993402,110380
2005-11-29,1.01643097,1.01643097,0.992594,0.998411,32899
2005-11-30,0.991947,1.000512,0.98402798,0.998411,61036
2005-12-01,0.998411,1.01845098,0.998411,1.01271403,62610
2005-12-02,1.01271403,1.02709699,1.01271403,1.02168298,32463
2005-12-05,1.02354097,1.02701604,1.00915802,1.02354097,54561
2005-12-06,1.05545902,1.05570102,1.02701604,1.05545902,126865
2005-12-07,1.05222702,1.06289303,1.038975,1.05222702,39651
2005-12-08,1.045035,1.05941796,1.04147995,1.045035,54591
2005-12-09,1.06644797,1.06733704,1.03784394,1.06644797,68135
2005-12-12,1.09020495,1.09893095,1.06644797,1.09020495,70174
2005-12-13,1.10612297,1.11072898,1.09174001,1.10612297,36998
2005-12-14,1.11436498,1.12454605,1.10588002,1.11436498,76253
2005-12-15,1.12050605,1.13278794,1.11218297,1.12050605,50987
2005-12-16,1.13440394,1.13480794,1.11258698,1.13440394,24701
2005-12-19,1.12979805,1.14919102,1.10612297,1.12979805,40196
2005-12-20,1.13480794,1.13480794,1.11687005,1.13480794,26077
2005-12-21,1.127617,1.13844395,1.12042499,1.127617,23028
2005-12-22,1.12769699,1.13254595,1.11687005,1.12769699,20355
2005-12-23,1.13480794,1.14636302,1.12454605,1.13480794,8712
2005-12-26,1.13698995,1.13698995,1.12769699,1.13698995,8900
2005-12-27,1.14919102,1.16430199,1.13690901,1.14919102,47552
2005-12-28,1.13876796,1.15064597,1.10757697,1.13876796,23018
2005-12-29,1.10604203,1.12769699,1.07735705,1.12769699,27266
2006-01-02,1.11258698,1.11258698,1.07816505,1.11258698,35513
2006-01-03,1.14563596,1.14878702,1.09893095,1.14563596,41701
2006-01-04,1.14919102,1.16357398,1.13989902,1.14919102,23711
2006-01-05,1.13052595,1.14919102,1.130283,1.13052595,33325
2006-01-06,1.11331403,1.14555502,1.11024404,1.11331403,70669
2006-01-09,1.12123299,1.127617,1.08462906,1.11186004,34028
2006-01-10,1.12050605,1.12406099,1.088184,1.12050605,75531
2006-01-11,1.12769699,1.16357398,1.11331403,1.16357398,72145
2006-01-12,1.14579797,1.25690305,1.13133395,1.24187303,77154
2006-01-13,1.24259996,1.27500296,1.20664299,1.264094,56324
2006-01-16,1.264094,1.30724394,1.24259996,1.30724394,13831
2006-01-17,1.29278004,1.29665804,1.24971104,1.27492201,36315
2006-01-18,1.23419702,1.24979198,1.21399605,1.24979198,41681
2006-01-19,1.29286003,1.32356596,1.28922403,1.31435394,26830
2006-01-20,1.31435394,1.32356596,1.27055895,1.27855802,25978
2006-01-23,1.27855802,1.27855802,1.22409594,1.27492201,73689
2006-01-24,1.264094,1.30708206,1.264094,1.28566897,39681
2006-01-25,1.28566897,1.28566897,1.28566897,1.28566897,0
2006-01-26,1.29286003,1.33592904,1.29286003,1.32873702,55175
2006-01-27,1.31443501,1.36469495,1.30005205,1.35766494,106480
2006-01-30,1.35766494,1.35766494,1.30772805,1.32372797,51076
2006-01-31,1.32881796,1.32881796,1.30094099,1.32162702,50690
2006-02-01,1.29302204,1.32291901,1.27282095,1.28566897,76600
2006-02-02,1.28825498,1.28825498,1.22102594,1.23540902,41354
2006-02-03,1.221187,1.27839696,1.221187,1.26053905,41552
2006-02-06,1.28211403,1.28494203,1.24259996,1.24259996,24781
2006-02-07,1.24979198,1.25229704,1.19872403,1.20809698,35374
2006-02-08,1.19945097,1.20664299,1.17367494,1.19088602,180932
2006-02-09,1.18514895,1.22466195,1.18514895,1.22466195,127221
2006-02-10,1.263448,1.29278004,1.20672405,1.24114597,125122
2006-02-13,1.24259996,1.24259996,1.20017803,1.20664299,59502
2006-02-14,1.20898604,1.23540902,1.17165506,1.18224001,46849
2006-02-15,1.18224001,1.20292604,1.16211998,1.19945097,78451
2006-02-16,1.20882404,1.22821701,1.20664299,1.21601605,80154
2006-02-17,1.22102594,1.23540902,1.21383405,1.23177302,39116
2006-02-20,1.20664299,1.24259996,1.20664299,1.22102594,7148
2006-02-21,1.23540902,1.23540902,1.21027899,1.21884406,23127
2006-02-22,1.23540902,1.23540902,1.20664299,1.21383405,18424
2006-02-23,1.19242096,1.23177302,1.17432106,1.20292604,56789
2006-02-24,1.21238005,1.22102594,1.19945097,1.21027899,19375
2006-02-27,1.21027899,1.21027899,1.21027899,1.21027899,0
2006-02-28,1.21027899,1.21027899,1.21027899,1.21027899,0
2006-03-01,1.22894502,1.256984,1.20858204,1.25140798,29652
2006-03-02,1.24979198,1.28566897,1.24825704,1.25334704,77441
2006-03-03,1.25342798,1.25480199,1.24292397,1.24405503,27077
2006-03-06,1.22110701,1.24405503,1.20163298,1.23540902,22919
2006-03-07,1.22821701,1.23532796,1.19735003,1.20163298,79600
2006-03-08,1.19589603,1.21375406,1.15638304,1.19234097,71511
2006-03-09,1.19234097,1.22466195,1.178038,1.21383405,49482
2006-03-10,1.23177302,1.23468196,1.19945097,1.21456206,43958
2006-03-13,1.22102594,1.22102594,1.19322896,1.20664299,27374
2006-03-14,1.19945097,1.220137,1.19945097,1.21666205,17009
2006-03-15,1.21706605,1.22821701,1.21173298,1.22029901,44235
2006-03-16,1.224581,1.23896396,1.20720804,1.217471,28751
2006-03-17,1.217309,1.24833798,1.217309,1.22821701,49453
2006-03-20,1.22821701,1.25690305,1.22603595,1.23540902,22167
2006-03-21,1.23540902,1.24979198,1.22207606,1.24979198,42324
2006-03-22,1.24979198,1.25455904,1.23904502,1.24979198,88154
2006-03-23,1.23823702,1.25334704,1.22312701,1.25334704,33137
2006-03-24,1.25334704,1.25690305,1.221187,1.23613596,48324
2006-03-27,1.23540902,1.28566897,1.22821701,1.27702296,68590
2006-03-28,1.27847695,1.27847695,1.22466195,1.24259996,54997
2006-03-29,1.23896396,1.29286003,1.23540902,1.28566897,77966
2006-03-30,1.28566897,1.32227302,1.27274001,1.31443501,92936
2006-03-31,1.30724394,1.37762403,1.30724394,1.37188697,82312
2006-04-03,1.38982499,1.42933798,1.37786603,1.42933798,63343
2006-04-04,1.43652999,1.49389994,1.407763,1.41495502,58838
2006-04-05,1.39338005,1.41859102,1.38627005,1.40994501,77798
2006-04-06,1.39410806,1.43580198,1.39338005,1.40420794,57967
2006-04-07,1.42214704,1.42214704,1.37915897,1.41495502,123419
2006-04-10,1.37915897,1.43289304,1.37915897,1.43289304,47661
2006-04-11,1.45091295,1.46521497,1.38950205,1.39919806,42493
2006-04-12,1.39338005,1.40420794,1.37188697,1.40057194,55878
2006-04-13,1.38344204,1.40202606,1.33019197,1.37188697,61165
2006-04-14,1.37188697,1.37188697,1.37188697,1.37188697,0
2006-04-17,1.36469495,1.38627005,1.35895801,1.38627005,44294
2006-04-18,1.37188697,1.46166003,1.37188697,1.44509494,56225
2006-04-19,1.44372106,1.46788204,1.43652999,1.46166003,49779
2006-04-20,1.45091295,1.46384096,1.42578304,1.44008505,63195
2006-04-21,1.44008505,1.44008505,1.44008505,1.44008505,0
2006-04-24,1.44372106,1.47232604,1.41107595,1.43652999,86886
2006-04-25,1.42246997,1.44372106,1.42214704,1.43580198,65590
2006-04-26,1.42941904,1.46521497,1.42755997,1.45802295,42997
2006-04-27,1.42966104,1.47531497,1.42933798,1.42933798,56591
2006-04-28,1.46521497,1.47167897,1.41511703,1.46521497,53235
2006-05-01,1.46521497,1.46521497,1.46521497,1.46521497,0
2006-05-02,1.47741604,1.50117302,1.43669105,1.50109196,46126
2006-05-03,1.49430394,1.51038396,1.47208297,1.48105299,35691
2006-05-04,1.45091295,1.47870898,1.443802,1.46521497,41899
2006-05-05,1.46521497,1.49745595,1.45519495,1.49745595,91609
2006-05-08,1.48678994,1.56226003,1.48678994,1.56226003,28107
2006-05-09,1.55862403,1.580199,1.52985799,1.56226003,1136450
2006-05-10,1.53713,1.58730996,1.53713,1.57308805,878392
2006-05-11,1.58730996,1.58730996,1.50117302,1.55854297,875198
2006-05-12,1.493981,1.53705001,1.47240698,1.50836396,1743895
2006-05-15,1.48678994,1.50836396,1.45099401,1.490345,1051756
2006-05-16,1.50836396,1.52266598,1.45301402,1.47240698,3796362
2006-05-17,1.47959805,1.490345,1.43693399,1.47604299,2227629
2006-05-18,1.47604299,1.47604299,1.47604299,1.47604299,0
2006-05-19,1.47604299,1.47604299,1.47604299,1.47604299,0
2006-05-22,1.47604299,1.47604299,1.47604299,1.47604299,0
2006-05-23,1.42933798,1.47030604,1.42230797,1.43580198,2531413
2006-05-24,1.43572199,1.44509494,1.37907803,1.43652999,2182794
2006-05-25,1.43628705,1.49389994,1.41859102,1.43628705,1468567
2006-05-26,1.49753702,1.53559506,1.46691203,1.48678994,1234811
2006-05-29,1.48678994,1.48678994,1.48678994,1.48678994,0
2006-05-30,1.43652999,1.47903204,1.43652999,1.47903204,1912445
2006-05-31,1.45091295,1.50973797,1.45091295,1.45091295,2186740
2006-06-01,1.46521497,1.52985799,1.45947802,1.45947802,2625728
2006-06-02,1.56581604,1.56581604,1.493981,1.52985799,1204597
2006-06-05,1.52985799,1.52985799,1.48000205,1.52945399,1326900
2006-06-06,1.45099401,1.490345,1.42368197,1.490345,2005923
2006-06-07,1.45519495,1.493981,1.42917597,1.45519495,1772521
2006-06-08,1.42933798,1.42933798,1.37520003,1.42917597,1858364
2006-06-09,1.41923797,1.43652999,1.39338005,1.39338005,2525715
2006-06-12,1.44727695,1.46521497,1.32881796,1.42287397,1213290
2006-06-13,1.32162702,1.36469495,1.27855802,1.33592904,1330530
2006-06-14,1.33592904,1.33592904,1.23540902,1.30005205,1645805
2006-06-15,1.30005205,1.30005205,1.30005205,1.30005205,0
2006-06-16,1.28566897,1.33584797,1.24979198,1.24979198,816451
2006-06-19,1.33584797,1.37188697,1.30005205,1.32518196,572924
2006-06-20,1.32873702,1.34101999,1.30869806,1.32518196,532874
2006-06-21,1.28219402,1.34303999,1.28219402,1.32162702,900278
2006-06-22,1.32162702,1.33875704,1.31451595,1.32162702,1352972
2006-06-23,1.31451595,1.38627005,1.307971,1.31451595,1065285
2006-06-26,1.31451595,1.31451595,1.31451595,1.31451595,0
2006-06-27,1.39144099,1.41172302,1.37261403,1.37261403,1243427
2006-06-28,1.40768301,1.42933798,1.36146295,1.40420794,1811190
2006-06-29,1.38974404,1.45697296,1.35750401,1.36469495,706622
2006-06-30,1.49252701,1.49252701,1.43652999,1.45091295,1425396
2006-07-03,1.47588098,1.490183,1.45446801,1.45446801,1562985
2006-07-04,1.50836396,1.50836396,1.45802295,1.48678994,677077
2006-07-05,1.45155895,1.493981,1.44081199,1.47959805,1094090
2006-07-06,1.48678994,1.52993906,1.45802295,1.45802295,1360679
2006-07-07,1.53204,1.533494,1.46238697,1.50836396,1174091
2006-07-10,1.50795996,1.51555598,1.45673096,1.47240698,303137
2006-07-11,1.49389994,1.493981,1.44259,1.47887099,890087
2006-07-12,1.47240698,1.47240698,1.44372106,1.47167897,622162
2006-07-13,1.45802295,1.45802295,1.41786397,1.44372106,400219
2006-07-14,1.44008505,1.44008505,1.40057194,1.43652999,501622
2006-07-17,1.43652999,1.43652999,1.43652999,1.43652999,0
2006-07-18,1.37552297,1.41139996,1.37552297,1.398471,605843
2006-07-19,1.41139996,1.52977705,1.41139996,1.42933798,2482066
2006-07-20,1.42933798,1.42933798,1.42933798,1.42933798,0
2006-07-21,1.51191998,1.51191998,1.46885097,1.490345,1084994
2006-07-24,1.50836396,1.54787695,1.493981,1.493981,1677403
2006-07-25,1.493981,1.493981,1.493981,1.493981,0
2006-07-26,1.493981,1.493981,1.493981,1.493981,0
2006-07-27,1.493981,1.493981,1.493981,1.493981,0
2006-07-28,1.55862403,1.58730996,1.54424095,1.54424095,1342002
2006-07-31,1.55862403,1.59441996,1.55143297,1.56581604,742814
2006-08-01,1.55151296,1.55862403,1.52630305,1.55862403,1087355
2006-08-02,1.54408002,1.55951297,1.52630305,1.52630305,785012
2006-08-03,1.53713,1.56581604,1.52266598,1.54601896,834994
2006-08-04,1.55498803,1.63328695,1.54432201,1.55498803,2625952
2006-08-07,1.61607599,1.64952803,1.60888398,1.62254,718687
2006-08-08,1.64411497,1.65405297,1.60888398,1.60888398,2213071
2006-08-09,1.64484203,1.67279994,1.63045895,1.63045895,1623567
2006-08-10,1.66043699,1.66132605,1.623348,1.66132605,1779409
2006-08-11,1.66132605,1.66132605,1.66132605,1.66132605,0
2006-08-14,1.63765001,1.65195298,1.63554895,1.63692296,1487018
2006-08-15,1.64847803,1.64847803,1.59522796,1.64839697,6583259
2006-08-16,1.59942997,1.61098504,1.51555598,1.60896504,4884788
2006-08-17,1.55571496,1.68572903,1.55571496,1.59450102,2959312
2006-08-18,1.60322797,1.68346596,1.60322797,1.65195298,1145402
2006-08-21,1.60969198,1.65914404,1.60969198,1.65736604,1015536
2006-08-22,1.65195298,1.664235,1.63797402,1.65914404,963228
2006-08-23,1.64484203,1.65195298,1.580199,1.64484203,987157
2006-08-24,1.580199,1.623106,1.55450296,1.580199,1112253
2006-08-25,1.59482396,1.61963105,1.58375394,1.58949101,455317
2006-08-28,1.60419798,1.65914404,1.59450102,1.59450102,1180147
2006-08-29,1.65906298,1.69502103,1.65025604,1.65914404,740907
2006-08-30,1.66633606,1.74528098,1.66100299,1.66633606,1127210
2006-08-31,1.67360795,1.70229304,1.66633606,1.66633606,3015207
2006-09-01,1.71013105,1.79545999,1.68807197,1.68807197,1640642
2006-09-04,1.76548195,1.86026502,1.763381,1.76548195,1331036
2006-09-05,1.84588206,1.84588206,1.761199,1.83877099,3980841
2006-09-06,1.76693594,1.76693594,1.72378695,1.76693594,662881
2006-09-07,1.76693594,1.76693594,1.76693594,1.76693594,0
2006-09-08,1.72451401,1.77404702,1.72451401,1.74536204,797278
2006-09-11,1.72774696,1.752473,1.69534397,1.72378695,3762
2006-09-12,1.71473706,1.75239205,1.714414,1.73461497,9084
2006-09-13,1.73461497,1.73461497,1.73461497,1.73461497,0
2006-09-14,1.73114002,1.75012898,1.70948505,1.74536204,4356
2006-09-15,1.74536204,1.74536204,1.71021199,1.72378695,5619
2006-09-18,1.74520004,1.77768302,1.74520004,1.77768302,5562
2006-09-19,1.72758496,1.78770304,1.72758496,1.77412796,10468
2006-09-20,1.77412796,1.77412796,1.77412796,1.77412796,0
2006-09-21,1.79125798,1.79125798,1.76087606,1.76329994,8787
2006-09-22,1.78834903,1.78834903,1.72871602,1.73097897,10864
2006-09-25,1.73097897,1.73097897,1.73097897,1.73097897,0
2006-09-26,1.759745,1.78115797,1.73461497,1.78115797,6919
2006-09-27,1.79489505,1.86026502,1.759745,1.86026502,4809
2006-09-28,1.79206598,1.83860898,1.76192701,1.81719601,5622
2006-09-29,1.82438803,1.83085203,1.759745,1.759745,6908
2006-10-02,1.759745,1.759745,1.759745,1.759745,0
2006-10-03,1.86390102,1.87820303,1.83877099,1.84588206,4789
2006-10-04,1.86026502,1.932019,1.84951794,1.91763604,7051
2006-10-05,1.91698897,1.94284594,1.89307106,1.91448402,4336
2006-10-06,1.91448402,1.91448402,1.88216305,1.893314,4665
2006-10-09,1.89622295,1.93411899,1.889112,1.93411899,5112
2006-10-10,1.90107095,1.92086804,1.86745596,1.89258599,10514
2006-10-11,1.85485101,1.92410004,1.85485101,1.92135203,2852
2006-10-12,1.92135203,1.92135203,1.92135203,1.92135203,0
2006-10-13,1.92135203,1.939291,1.91060603,1.91060603,5215
2006-10-16,1.91060603,1.94001806,1.88402104,1.92490804,6916
2006-10-17,1.91529202,1.94203806,1.88183904,1.898,4281
2006-10-18,1.938483,1.938483,1.86228502,1.87109303,5879
2006-10-19,1.86745596,1.89048505,1.86026502,1.86026502,3921
2006-10-20,1.85380101,1.87820303,1.82438803,1.87820303,4293
2006-10-23,1.83877099,1.90341401,1.83513498,1.90333295,2611
2006-10-24,1.86818397,1.90858495,1.85299206,1.88547599,6403
2006-10-25,1.88935399,1.90713096,1.86034596,1.86034596,2383
2006-10-26,1.86034596,1.86034596,1.86034596,1.86034596,0
2006-10-27,1.81719601,1.83658898,1.78842998,1.79570305,5197
2006-10-30,1.78842998,1.83877099,1.78495598,1.83877099,3859
2006-10-31,1.83036697,1.86600196,1.79206598,1.85662901,2884
2006-11-01,1.86705196,1.89977801,1.86705196,1.87157702,4380
2006-11-02,1.87157702,1.87157702,1.87157702,1.87157702,0
2006-11-03,1.88903105,1.91763604,1.85880995,1.86026502,1935
2006-11-06,1.86026502,1.86026502,1.86026502,1.86026502,0
2006-11-07,1.84951794,1.87804198,1.81792402,1.86729503,2183
2006-11-08,1.86745596,1.88878906,1.83157897,1.83941698,1585
2006-11-09,1.86664796,1.88886905,1.83198297,1.83198297,3134
2006-11-10,1.83157897,1.86745596,1.81000495,1.83885205,3285
2006-11-13,1.83885205,1.83885205,1.83885205,1.83885205,0
2006-11-14,1.853073,1.91052496,1.85129595,1.88539505,3570
2006-11-15,1.88539505,1.88539505,1.88539505,1.88539505,0
2006-11-16,1.89024305,1.91052496,1.83877099,1.86745596,4828
2006-11-17,1.84095299,1.88183904,1.83691299,1.87464797,4827
2006-11-20,1.87464797,1.87464797,1.87464797,1.87464797,0
2006-11-21,1.87464797,1.87464797,1.87464797,1.87464797,0
2006-11-22,1.87497103,1.88894999,1.82438803,1.86745596,4544
2006-11-23,1.86745596,1.86745596,1.86745596,1.86745596,0
2006-11-24,1.84240699,1.88183904,1.83513498,1.86462796,4715
2006-11-27,1.86462796,1.86462796,1.86462796,1.86462796,0
2006-11-28,1.81840801,1.86664796,1.81356001,1.84588206,1767
2006-11-29,1.86026502,1.88983905,1.86026502,1.88183904,3197
2006-11-30,1.89024305,1.89024305,1.85323501,1.87464797,5603
2006-12-01,1.87464797,1.88789999,1.84410405,1.84588206,5342
2006-12-04,1.83553898,1.88894999,1.83553898,1.87464797,3361
2006-12-05,1.87456703,1.89493001,1.853073,1.88200104,6780
2006-12-06,1.89541399,1.89541399,1.87359703,1.88975799,4404
2006-12-07,1.89258599,1.90341401,1.87820303,1.901232,2775
2006-12-08,1.90842402,1.90963602,1.88006198,1.88006198,741
2006-12-11,1.87400103,1.90866601,1.853073,1.89969695,1683
2006-12-12,1.91052496,1.94648194,1.86777997,1.89622295,3889
2006-12-13,1.91060603,2.298383,1.91060603,2.25991988,36505
2006-12-14,2.25991988,2.25991988,2.25991988,2.25991988,0
2006-12-15,2.11528206,2.12602901,2.09015203,2.11164498,4305
2006-12-18,2.11883712,2.11907911,2.05063891,2.05063891,5212
2006-12-19,2.05063891,2.05063891,2.05063891,2.05063891,0
2006-12-20,2.05427504,2.11156511,2.04692197,2.07576895,4223
2006-12-21,2.08304095,2.14752197,2.08304095,2.14033103,2744
2006-12-22,2.14041209,2.14041209,2.09734297,2.13321996,2504
2006-12-26,2.13321996,2.13321996,2.13321996,2.13321996,0
2006-12-27,2.14323997,2.15471411,2.11172605,2.14396691,2705
2006-12-28,2.07932401,2.12610888,2.07932401,2.10445404,1961
2007-01-02,2.10607004,2.14041209,2.09015203,2.12869501,6504
2007-01-03,2.12821007,2.15422893,2.09799004,2.122473,3409
2007-01-04,2.11164498,2.11164498,2.0578301,2.11164498,7479
2007-01-05,2.11883712,2.12610888,1.98955095,1.98955095,5991
2007-01-08,1.97532904,1.97532904,1.90365601,1.91052496,10447
2007-01-09,1.90834296,1.91416097,1.83885205,1.91416097,11730
2007-01-10,1.91416097,1.91416097,1.91416097,1.91416097,0
2007-01-11,1.83869004,1.88191998,1.80661094,1.853073,6791
2007-01-12,1.86745596,1.90220201,1.84588206,1.88208199,7816
2007-01-15,1.88208199,1.88208199,1.88208199,1.88208199,0
2007-01-16,1.93492806,1.939291,1.89598,1.93209898,6069
2007-01-17,1.93209898,1.93209898,1.93209898,1.93209898,0
2007-01-18,1.93209898,1.93209898,1.93209898,1.93209898,0
2007-01-19,1.94656301,1.99342895,1.94640195,1.97880399,7107
2007-01-22,2.01104498,2.03625607,1.97637999,2.01823592,7424
2007-01-23,2.01823592,2.01823592,2.01823592,2.01823592,0
2007-01-24,2.01823592,2.01823592,2.01823592,2.01823592,0
2007-01-26,1.91771603,1.94098794,1.88919306,1.94098794,2848
2007-01-29,1.94098794,1.94098794,1.94098794,1.94098794,0
2007-01-30,1.940907,1.94567394,1.90398002,1.91771603,3155
2007-01-31,1.91771603,1.91771603,1.91771603,1.91771603,0
2007-02-01,1.91771603,1.91771603,1.91771603,1.91771603,0
2007-02-02,2.09007096,2.1039691,2.05419397,2.06857705,6713
2007-02-05,2.09734297,2.15633011,2.05484009,2.10445404,8589
2007-02-06,2.10445404,2.10445404,2.10445404,2.10445404,0
2007-02-07,2.10445404,2.10445404,2.10445404,2.10445404,0
2007-02-08,2.10445404,2.10445404,2.10445404,2.10445404,0
2007-02-09,2.07576895,2.11164498,2.0578301,2.07221293,1926
2007-02-12,2.07221293,2.07221293,2.07221293,2.07221293,0
2007-02-13,2.07221293,2.07221293,2.07221293,2.07221293,0
2007-02-14,2.13960409,2.15584493,2.0875659,2.15115905,9976
2007-02-15,2.16909695,2.18873191,2.14041209,2.14041209,3590
2007-02-16,2.1758039,2.18719697,2.09734297,2.15511799,3710
2007-02-21,2.14970398,2.15366292,2.12893701,2.13321996,1551
2007-02-22,2.11883712,2.18202591,2.11883712,2.11972594,5732
2007-02-23,2.11972594,2.11972594,2.11972594,2.11972594,0
2007-02-26,2.11972594,2.11972594,2.11972594,2.11972594,0
2007-02-27,2.15479493,2.16909695,2.1296649,2.16198611,4505
2007-02-28,2.16198611,2.16198611,2.16198611,2.16198611,0
2007-03-01,1.99674201,2.14760303,1.91060603,2.14033103,9054
2007-03-02,2.14041209,2.14041209,2.01112604,2.0462749,9154
2007-03-05,2.0462749,2.0462749,2.0462749,2.0462749,0
2007-03-06,2.01831698,2.09734297,1.98955095,2.09734297,4298
2007-03-07,2.09734297,2.09734297,2.09734297,2.09734297,0
2007-03-08,2.09734297,2.09734297,2.09734297,2.09734297,0
2007-03-09,2.1328969,2.15115905,2.10914111,2.12602901,3234
2007-03-12,2.12602901,2.12602901,2.12602901,2.12602901,0
2007-03-13,2.03270006,2.03270006,1.95722902,1.988096,7224
2007-03-14,2.01112604,2.01177192,1.94866395,2.01177192,5789
2007-03-15,2.00886297,2.00886297,1.96805704,1.98518801,5499
2007-03-16,1.96094596,1.97452104,1.95149195,1.95367396,3593
2007-03-19,1.96094596,2.01096392,1.95739102,2.01096392,5114
2007-03-20,2.00401497,2.02453899,2.00385308,2.01831698,5513
2007-03-21,2.01831698,2.11164498,2.00805497,2.09015203,11313
2007-03-22,2.11164498,2.11164498,2.07568789,2.09378791,3805
2007-03-23,2.11164498,2.11164498,2.08207107,2.08788896,4478
2007-03-26,2.08295989,2.11479712,2.04700208,2.10445404,2482
2007-03-27,2.08295989,2.09645391,2.04861808,2.04861808,2394
2007-03-28,2.04861808,2.04861808,1.98235905,2.03989196,2595
2007-03-29,2.0578301,2.06381011,2.02599311,2.03803301,2524
2007-03-30,2.03803301,2.03803301,1.98235905,2.00393391,4715
2007-04-02,1.98599601,2.03197289,1.91771603,1.96805704,6822
2007-04-03,1.95383596,2.01831698,1.95383596,2.01831698,4866
2007-04-04,2.027529,2.05403209,2.01112604,2.05403209,3535
2007-04-05,2.04700208,2.04700208,2.02259994,2.02259994,3466
2007-04-09,2.025105,2.05928493,2.02259994,2.02550912,939
2007-04-10,2.02550912,2.02550912,1.98599601,2.00619602,2864
2007-04-11,2.01831698,2.03698301,1.982602,2.01831698,5276
2007-04-12,1.99334896,2.02906394,1.99334896,2.02550912,1981
2007-04-13,2.03270006,2.03916407,2.01484299,2.02550912,3110
2007-04-16,2.03690195,2.0551641,2.00967097,2.02187204,6858
2007-04-17,2.02187204,2.02187204,2.02187204,2.02187204,0
2007-04-18,2.00482297,2.03843689,1.98672295,2.0146811,4794
2007-04-19,1.98680401,2.03270006,1.98680401,2.00037909,3954
2007-04-20,2.00037909,2.00037909,2.00037909,2.00037909,0
2007-04-23,2.01112604,2.01112604,1.97888505,1.98930895,3040
2007-04-24,1.99674201,2.02478099,1.94648194,2.00466108,5043
2007-04-25,2.02478099,2.05726504,2.01831698,2.04700208,7649
2007-04-26,2.06138611,2.06502199,2.02550912,2.02550912,3733
2007-04-27,2.04700208,2.04700208,2.01128697,2.03270006,4113
2007-04-30,2.04700208,2.04700208,1.97557199,1.97557199,4043
2007-05-02,1.97557199,1.97557199,1.97557199,1.97557199,0
2007-05-03,2.03270006,2.03270006,1.95730996,1.96805704,5596
2007-05-04,1.96805704,2.01112604,1.96716797,2.01112604,5278
2007-05-07,2.01112604,2.01112604,2.01112604,2.01112604,0
2007-05-08,2.01112604,2.01112604,2.01112604,2.01112604,0
2007-05-09,2.12586689,2.14210892,2.03770995,2.11164498,7644
2007-05-10,2.13338208,2.16691494,2.10445404,2.10445404,2004
2007-05-11,2.09225297,2.15834999,2.08312201,2.15463305,2298
2007-05-14,2.15479493,2.16764307,2.13321996,2.13685608,2345
2007-05-15,2.13321996,2.18711591,2.09734297,2.15479493,3348
2007-05-16,2.17265201,2.18994403,2.10469604,2.18711591,6974
2007-05-17,2.15487599,2.21216512,2.15487599,2.19075203,2905
2007-05-18,2.19067192,2.24634504,2.15487599,2.24093199,4774
2007-05-21,2.24812293,2.24812293,2.18711591,2.1978631,3445
2007-05-22,2.19713593,2.21289301,2.15487599,2.15487599,3462
2007-05-23,2.19067192,2.3314321,2.19067192,2.23923492,9797
2007-05-24,2.23374009,2.26250601,2.19075203,2.21943808,5629
2007-05-25,2.26250601,2.27688909,2.205055,2.27688909,3942
2007-05-28,2.298383,2.32690692,2.28836298,2.29127192,1471
2007-05-29,2.31276608,2.33280492,2.28836298,2.29983807,7206
2007-05-30,2.24093199,2.37021804,2.24093199,2.34153199,4561
2007-05-31,2.32003808,2.32003808,2.21943808,2.23374009,16908
2007-06-01,2.23729491,2.26606202,2.22525597,2.26250601,5672
2007-06-04,2.50556397,2.54952097,2.43057799,2.53400707,3666287
2007-06-05,2.54564309,2.54564309,2.45385003,2.473243,7578541
2007-06-06,2.43251705,2.47582793,2.40472102,2.4182961,4049932
2007-06-08,2.39049911,2.48423195,2.35947108,2.47841406,9990246
2007-06-11,2.45643497,2.51590705,2.45643497,2.4887569,3152697
2007-06-12,2.45643497,2.51590705,2.45643497,2.45643497,3497669
2007-06-13,2.41247797,2.51202798,2.40407395,2.4887569,11750683
2007-06-14,2.52107811,2.68268609,2.52107811,2.66329288,12977420
2007-06-15,2.70789695,2.8119719,2.70789695,2.8119719,9851020
2007-06-18,2.84429407,2.94061208,2.82554698,2.87596893,5125067
2007-06-19,2.85011101,2.89471507,2.8022759,2.8022759,3511591
2007-06-20,2.86950397,2.91669393,2.83847594,2.83847594,7151581
2007-06-21,2.89794707,2.89794707,2.74086499,2.80356789,5029156
2007-06-22,2.79257894,2.79257894,2.72147202,2.73116803,4860538
2007-06-25,2.77254009,2.8055079,2.72470403,2.747329,4806394
2007-06-26,2.747329,2.81779003,2.74086499,2.77965093,9820081
2007-06-27,2.75444007,2.77965093,2.7318151,2.76607609,2054358
2007-06-28,2.8055079,2.8055079,2.67428207,2.68268609,7146940
2007-06-29,2.70207906,2.77835798,2.65036392,2.71630001,9731904
2007-07-02,2.76348996,2.83912206,2.75961089,2.78288293,6419870
2007-07-03,2.83459711,2.9018259,2.81843591,2.89277601,4292804
2007-07-04,2.90247202,2.92832994,2.88307905,2.92057204,2617450
2007-07-05,2.79710388,2.87661505,2.78934693,2.81843591,4292804
2007-07-06,2.8216691,2.92251205,2.8216691,2.90893698,3561094
2007-07-10,2.91540098,3.05890894,2.91540098,2.98650789,14686807
2007-07-11,2.98004389,3.03628302,2.90958309,2.98327589,8036440
2007-07-12,3.03822303,3.11256194,3.0059011,3.11256194,9397762
2007-07-13,3.07700896,3.11514807,3.03822303,3.05309105,3756011
2007-07-16,3.11838007,3.12355208,3.03434396,3.06860495,2946952
2007-07-17,3.08347297,3.08411908,3.01236606,3.04533291,2574136
2007-07-18,3.04533291,3.04533291,2.91022992,2.94707608,3025847
2007-07-19,3.03111196,3.057616,2.95095491,3.03822303,4668715
2007-07-20,2.97487307,3.06408,2.97487307,3.00137591,3406398
2007-07-23,3.05696893,3.09640193,3.0091331,3.08153391,3947833
2007-07-24,3.08153391,3.08347297,2.82877898,2.92186499,8036440
2007-07-25,2.91216898,3.020123,2.88566494,2.99749804,6520422
2007-07-26,2.89342189,2.97875094,2.78029704,2.84429407,6450809
2007-07-27,2.89600801,2.91992593,2.79710388,2.79710388,6548267
2007-07-30,2.84429407,2.88307905,2.8119719,2.8119719,9368370
2007-07-31,2.86627197,2.96582294,2.84881902,2.92445111,3892143
2007-08-01,2.90893698,2.94061208,2.84429407,2.94061208,3813248
2007-08-02,2.98004389,3.13712692,2.91540098,3.10932994,7843070
2007-08-03,3.12742996,3.16750908,3.04468703,3.12936902,10915326
2007-08-06,3.13518691,3.16104507,3.03951597,3.09446192,4311368
2007-08-07,3.10286593,3.10286593,2.974226,3.03822303,4992029
2007-08-08,3.03822303,3.06537294,2.99361897,3.06149411,4589820
2007-08-09,2.97228694,2.97357988,2.81972909,2.8216691,8737211
2007-08-10,2.81843591,2.94772196,2.747329,2.85399008,7632684
2007-08-13,2.95741892,2.96065092,2.85463691,2.85528302,7963733
2007-08-14,2.88954401,2.90441203,2.68915009,2.71436095,11258751
2007-08-15,2.68203998,2.77641797,2.57343888,2.69884706,18042156
2007-08-16,2.58895397,2.75896502,2.54499602,2.68268609,13401286
2007-08-17,2.74797511,2.77965093,2.66975689,2.68333197,9943838
2007-08-20,2.74409699,2.87661505,2.68591809,2.87661505,5021421
2007-08-21,2.87661505,2.96065092,2.83912206,2.90893698,4046838
2007-08-22,2.94125795,3.03822303,2.93479395,2.99038696,7877103
2007-08-23,2.99879098,3.04727292,2.94513702,3.03822303,3678663
2007-08-24,2.93479395,3.067312,2.93479395,3.067312,3564188
2007-08-27,3.00137591,3.07506895,2.974226,2.97681189,1659884
2007-08-28,3.01236606,3.06408,2.9457829,2.99167991,4432031
2007-08-29,2.99167991,3.10932994,2.98715496,3.070544,3799325
2007-08-30,3.070544,3.10092711,3.00331593,3.04533291,5985175
2007-08-31,3.07377601,3.13518691,3.06537294,3.08993697,10243947
2007-09-03,3.0388689,3.10028005,3.00008297,3.02658701,3230045
2007-09-04,3.0388689,3.10028005,3.00008297,3.06925106,6469373
2007-09-05,3.04921198,3.08347297,2.97357988,3.06989789,2011043
2007-09-06,3.10868406,3.10932994,3.02335501,3.04791903,4572804
2007-09-10,3.03757596,3.03757596,2.87726212,2.94190502,1693917
2007-09-11,2.96711493,3.0388689,2.94772196,2.96323705,5799540
2007-09-12,2.96711493,3.0388689,2.94772196,2.95095491,3086178
2007-09-13,2.97357988,3.04727292,2.94836903,2.94836903,2292589
2007-09-14,2.99943709,3.0059011,2.96129799,2.96129799,1491266
2007-09-17,2.96000504,2.99297309,2.89600801,2.90893698,2858776
2007-09-18,2.97357988,3.03822303,2.91540098,2.98973989,7782739
2007-09-19,2.97357988,3.03822303,2.91540098,2.97487307,9116216
2007-09-20,3.0059011,3.12807703,2.98780107,2.98780107,4575898
2007-09-21,2.97357988,3.05567598,2.96840811,3.02141595,4988935
2007-09-24,3.070544,3.14035892,3.05438399,3.08347297,8235997
2007-09-25,3.04468703,3.16750908,3.04468703,3.10351205,3683304
2007-09-26,3.04468703,3.16750908,3.04468703,3.16169095,5734568
2007-09-27,3.13518691,3.22827291,3.13518691,3.19983006,5372580
2007-09-28,3.21081996,3.26124096,3.11579394,3.13066196,8599532
2007-10-01,3.05438399,3.09122992,2.98004389,3.04468703,7123735
2007-10-02,3.03175807,3.08605909,2.98650789,3.08605909,5439099
2007-10-03,3.03175807,3.08605909,2.98650789,3.04791903,4928604
2007-10-04,3.04274797,3.08993697,3.02400088,3.08347297,8003954
2007-10-05,3.11579394,3.11579394,2.9884479,3.0324049,3633801
2007-10-08,3.03822303,3.0892911,3.0059011,3.05179811,4803300
2007-10-09,3.03822303,3.0892911,3.0059011,3.05179811,5669596
2007-10-10,3.070544,3.10932994,3.02529407,3.09381604,8047269
2007-10-11,3.06408,3.14682293,2.98133707,3.08670497,6461638
2007-10-15,3.02464795,3.06989789,2.88954401,2.94384408,7742518
2007-10-16,3.02464795,3.06989789,2.88954401,2.93996501,3319769
2007-10-17,2.97357988,2.98327589,2.90311909,2.97357988,5053907
2007-10-18,2.97357988,2.98327589,2.90311909,2.98263001,3386288
2007-10-19,2.98327589,2.98327589,2.90247202,2.95418692,6345616
2007-10-22,2.8953619,2.8953619,2.81326509,2.85075808,4653245
2007-10-23,2.8953619,2.8953619,2.81326509,2.85722208,2950046
2007-10-24,2.88954401,2.94772196,2.87273693,2.94772196,5760866
2007-10-25,2.95095491,2.97034788,2.87726212,2.90958309,2852588
2007-10-26,2.94125795,2.94125795,2.85463691,2.85463691,3400210
2007-10-29,2.97228694,3.04791903,2.97228694,3.04791903,4199987
2007-10-30,2.97228694,3.070544,2.97228694,3.070544,6478654
2007-10-31,2.99814391,2.99814391,2.94125795,2.95418692,9238425
2007-11-01,2.97293305,3.01236606,2.87015104,2.88307905,5225619
2007-11-05,2.88049412,2.9393189,2.79387212,2.82296109,4461423
2007-11-06,2.88049412,2.9393189,2.79387212,2.84429407,2993361
2007-11-07,2.83782911,2.8953619,2.79775095,2.8055079,3449713
2007-11-08,2.8055079,2.843647,2.65036392,2.69561505,3629160
2007-11-09,2.66006088,2.75896502,2.52107811,2.72922897,3452807
2007-11-12,2.68915009,2.72470403,2.67299008,2.68268609,5094128
2007-11-13,2.73440003,2.8087399,2.68203998,2.8087399,4560428
2007-11-14,2.8055079,2.840415,2.73440003,2.76025796,6235782
2007-11-16,2.8119719,2.88954401,2.70207906,2.84429407,7331028
2007-11-19,2.8249011,2.87661505,2.74991488,2.82813311,5418989
2007-11-21,2.74926805,2.89600801,2.74797511,2.83201098,7321746
2007-11-22,2.89342189,2.94448996,2.86368704,2.88954401,1899662
2007-11-23,2.88954401,2.92186499,2.76090407,2.86368704,2892809
2007-11-26,2.86368704,2.94448996,2.83136511,2.85075808,6232688
2007-11-27,2.85722208,2.88954401,2.83136511,2.85399008,7558430
2007-11-28,2.92186499,2.94384408,2.89342189,2.91863298,6277550
2007-11-29,2.91669393,2.93996501,2.84429407,2.93996501,6528157
2007-11-30,2.94125795,2.99297309,2.83265805,2.87015104,5521088
2007-12-03,2.87467599,2.87661505,2.78482199,2.79257894,8491245
2007-12-04,2.87467599,2.87661505,2.78482199,2.8119719,8075114
2007-12-05,2.73763299,2.89665389,2.73763299,2.85722208,6124401
2007-12-06,2.90828991,2.90828991,2.77965093,2.8119719,3740541
2007-12-07,2.90828991,2.90828991,2.77965093,2.82231498,6217219
2007-12-10,2.84106112,2.87661505,2.78417611,2.84429407,11741401
2007-12-11,2.87661505,2.89600801,2.753793,2.753793,3916894
2007-12-12,2.79257894,2.8249011,2.72470403,2.72664309,12499410
2007-12-13,2.72728992,2.75961089,2.65101099,2.74474311,8335003
2007-12-14,2.72147202,2.74668288,2.65036392,2.68268609,8553123
2007-12-17,2.63097191,2.67299008,2.52883601,2.54693604,6887051
2007-12-18,2.566329,2.63743591,2.566329,2.63743591,4182971
2007-12-19,2.58572102,2.68397903,2.58572102,2.68397903,3773027
2007-12-20,2.70143199,2.70207906,2.60382104,2.61804295,4818770
2007-12-21,2.66329288,2.77965093,2.64971805,2.77965093,5876888
2007-12-26,2.77965093,2.81908298,2.77965093,2.793226,2892809
2007-12-27,2.72147202,2.84429407,2.72147202,2.75573301,1539221
2007-12-28,2.8087399,2.8087399,2.65876794,2.65876794,6891692
2008-01-02,2.64907193,2.74603605,2.59541798,2.68915009,4704295
2008-01-03,2.71436095,2.76284289,2.68915009,2.76284289,5957330
2008-01-04,2.77383304,2.77383304,2.68268609,2.71112895,5140537
2008-01-07,2.71500802,2.72987509,2.65036392,2.68268609,4399545
2008-01-08,2.72987509,2.72987509,2.66329288,2.68915009,7061857
2008-01-09,2.62709308,2.77965093,2.62709308,2.77965093,3820983
2008-01-10,2.69690704,2.74151111,2.66393995,2.72470403,3960209
2008-01-11,2.70854306,2.7790041,2.67945409,2.75444007,10489913
2008-01-14,2.75444007,2.77254009,2.70725012,2.74409699,6178545
2008-01-15,2.66199994,2.72276497,2.62709308,2.68268609,2476677
2008-01-16,2.7615509,2.7854681,2.58572102,2.61222506,2897450
2008-01-17,2.60511398,2.64389992,2.44997096,2.46031404,5046172
2008-01-18,2.52107811,2.52172494,2.383389,2.437042,3540984
2008-01-21,2.36593509,2.48229289,2.1881671,2.21660995,3553359
2008-01-22,2.1978631,2.42282104,2.1978631,2.38015699,6384290
2008-01-23,2.42282104,2.42282104,2.23018503,2.26897001,8039534
2008-01-24,2.30452394,2.43962789,2.30452394,2.3646419,3333691
2008-01-28,2.3646419,2.44092107,2.35947108,2.40148902,6933460
2008-01-29,2.44350696,2.44350696,2.32068491,2.4053669,3095460
2008-01-30,2.4053669,2.46354604,2.38532805,2.44285989,4337666
2008-01-31,2.48229289,2.48229289,2.29547405,2.4021349,4054573
2008-02-01,2.4021349,2.51396799,2.39825702,2.479707,2646843
2008-02-06,2.45578909,2.54047108,2.45578909,2.5081501,3016565
2008-02-07,2.43768907,2.47259593,2.39825702,2.45578909,5519541
2008-02-08,2.40730691,2.44350696,2.36787391,2.39179206,2346733
2008-02-11,2.40084195,2.45191002,2.39179206,2.41118503,2311153
2008-02-12,2.437042,2.53336096,2.437042,2.45643497,7818319
2008-02-13,2.4447999,2.5081501,2.41053891,2.4215281,6984509
2008-02-14,2.44350696,2.45643497,2.41118503,2.41118503,4141203
2008-02-15,2.393085,2.40278196,2.36593509,2.38532805,3363083
2008-02-18,2.42411399,2.42411399,2.38144898,2.39825702,1123090
2008-02-19,2.42346692,2.43057799,2.36076403,2.37304592,5462304
2008-02-20,2.37304592,2.44997096,2.342664,2.43057799,4388716
2008-02-21,2.44997096,2.50103903,2.42411399,2.45061707,4376340
2008-02-22,2.43381,2.520432,2.43057799,2.5081501,5188492
2008-02-25,2.52107811,2.55340004,2.45966697,2.55275297,5951142
2008-02-26,2.52107811,2.57731795,2.48487806,2.49586797,4230926
2008-02-27,2.48229289,2.60511398,2.46936393,2.60511398,2984079
2008-02-28,2.59671092,2.66975689,2.52818894,2.65036392,4165954
2008-02-29,2.60188198,2.61287189,2.52172494,2.59864998,3892143
2008-03-03,2.61804295,2.65036392,2.58313608,2.59089303,5731474
2008-03-04,2.64971805,2.67622209,2.5521071,2.62127495,3593580
2008-03-05,2.65036392,2.65036392,2.49909997,2.566329,5250371
2008-03-06,2.58442903,2.61804295,2.51849294,2.52818894,4685732
2008-03-07,2.48940301,2.56309605,2.48358488,2.5081501,2765958
2008-03-10,2.48940301,2.48940301,2.43381,2.45643497,2625185
2008-03-11,2.46354604,2.60576105,2.46354604,2.60576105,4034463
2008-03-12,2.59477091,2.65682912,2.55404592,2.59864998,2858776
2008-03-13,2.56051111,2.59218597,2.5016849,2.57667089,4923963
2008-03-14,2.60511398,2.62579989,2.5113821,2.55921793,5525729
2008-03-17,2.520432,2.56244993,2.5016849,2.52754307,6583847
2008-03-18,2.57925701,2.66911101,2.566329,2.62450695,3369271
2008-03-19,2.62450695,2.66781807,2.51332092,2.51332092,2326622
2008-03-20,2.476475,2.55469298,2.43057799,2.43057799,6039319
2008-03-24,2.46936393,2.56697512,2.44997096,2.52754307,3536343
2008-03-25,2.52495694,2.57925701,2.5113821,2.52172494,4357777
2008-03-26,2.52172494,2.62386107,2.47259593,2.51461411,4251037
2008-03-27,2.55986404,2.55986404,2.47582793,2.50427103,4540318
2008-03-28,2.52754307,2.5521071,2.45643497,2.5049181,4393357
2008-03-31,2.520432,2.54047108,2.43057799,2.49586797,5934126
2008-04-01,2.54047108,2.55340004,2.47001004,2.4984529,8421632
2008-04-02,2.53336096,2.55986404,2.5016849,2.55340004,6842189
2008-04-03,2.5786109,2.5786109,2.52107811,2.56051111,3279548
2008-04-04,2.566329,2.63420391,2.53077507,2.61481094,4257224
2008-04-07,2.61804295,2.66975689,2.60188198,2.60188198,2434909
2008-04-08,2.64907193,2.64907193,2.5883069,2.610286,2365296
2008-04-09,2.55340004,2.62450695,2.55340004,2.57020712,2354468
2008-04-10,2.60511398,2.61481094,2.54176402,2.54822803,9207486
2008-04-11,2.54111791,2.54111791,2.47905993,2.5016849,4467611
2008-04-14,2.45643497,2.569561,2.45643497,2.54628897,4014352
2008-04-15,2.53400707,2.566329,2.52172494,2.566329,2192037
2008-04-16,2.57925701,2.58572102,2.53723907,2.55275297,6913349
2008-04-17,2.56309605,2.63032508,2.53917789,2.59864998,4054573
2008-04-18,2.59864998,2.67105007,2.5980041,2.66264701,3058333
2008-04-22,2.65682912,2.66393995,2.566329,2.63032508,4234020
2008-04-23,2.61804295,2.65036392,2.57408595,2.64325404,4407279
2008-04-24,2.62450695,2.747329,2.59929609,2.69626093,6520422
2008-04-25,2.72793603,2.7790041,2.65553594,2.7790041,6608599
2008-04-28,2.7790041,2.81326509,2.71824002,2.75250006,3432697
2008-04-29,2.72147202,2.78676105,2.70272493,2.70272493,4848162
2008-04-30,2.70401812,2.7790041,2.66264701,2.68979692,16422492
2008-05-02,2.8119719,2.9018259,2.8119719,2.86368704,12669575
2008-05-05,2.86368704,2.97357988,2.86368704,2.95289397,4846615
2008-05-06,2.94772196,2.97681189,2.89730096,2.93350101,3226951
2008-05-07,2.93479395,2.977458,2.90893698,2.90958309,5103410
2008-05-08,2.90958309,2.93350101,2.88307905,2.93220806,4186064
2008-05-09,2.93285489,2.94772196,2.83912206,2.90505791,2680876
2008-05-12,2.90893698,2.95935798,2.85075808,2.95935798,1667619
2008-05-13,2.90893698,2.95935798,2.85075808,2.95935798,3657005
2008-05-14,2.98327589,3.01430511,2.92186499,2.93738008,2914466
2008-05-15,2.9619441,3.02464795,2.9619441,3.0059011,2103861
2008-05-16,3.03111196,3.03693008,2.95741892,2.970994,3158885
2008-05-19,3.00525498,3.0059011,2.93544006,2.96452999,2611263
2008-05-20,2.94125795,2.96388292,2.90247202,2.94513702,5233354
2008-05-21,2.90570498,2.9587121,2.8526969,2.87596893,2083750
2008-05-23,2.85722208,2.92962193,2.83976889,2.86045408,2649936
2008-05-26,2.84946489,2.87596893,2.78417611,2.81779003,952925
2008-05-27,2.81779003,2.88825107,2.76478291,2.88825107,5870700
2008-05-28,2.90828991,3.03175807,2.84429407,2.98650789,10451239
2008-05-29,2.90828991,3.03175807,2.84429407,2.98650789,5736115
2008-05-30,2.99232602,3.02529407,2.93156195,2.97034788,12186925
2008-06-02,2.99232602,3.02529407,2.93156195,2.97034788,13113552
2008-06-03,2.97357988,2.99879098,2.74668288,2.77965093,12644824
2008-06-04,2.79257894,2.79710388,2.60511398,2.64066792,7538320
2008-06-05,2.65036392,2.72793603,2.6322639,2.72793603,2789163
2008-06-06,2.753793,2.84106112,2.70854306,2.84106112,3431150
2008-06-09,2.84170794,2.84170794,2.72082496,2.8119719,7091249
2008-06-10,2.80486107,2.86239409,2.7350471,2.79581094,2711815
2008-06-11,2.73957205,2.83653593,2.73957205,2.8055079,3585845
2008-06-12,2.76025796,2.8119719,2.747329,2.747329,6495671
2008-06-13,2.747329,2.79775095,2.69561505,2.73763299,8477323
2008-06-16,2.73569298,2.747329,2.68915009,2.68915009,4102529
2008-06-17,2.7156539,2.76672196,2.68979692,2.71759295,6603958
2008-06-18,2.70854306,2.78288293,2.70789695,2.76348996,5842855
2008-06-19,2.77965093,2.8055079,2.75573301,2.78611493,2068281
2008-06-20,2.78934693,2.80809402,2.68462491,2.70207906,2360656
2008-06-23,2.68268609,2.70207906,2.6419611,2.65036392,2014137
2008-06-24,2.66264701,2.69561505,2.58766103,2.60511398,2222976
2008-06-25,2.61287189,2.61287189,2.56697512,2.59864998,7341856
2008-06-26,2.57085395,2.57279301,2.52431107,2.55340004,2408611
2008-06-27,2.5786109,2.58572102,2.49005008,2.58572102,5182305
2008-06-30,2.58636808,2.67105007,2.55081391,2.65036392,4885289
2008-07-01,2.57150006,2.67751503,2.55016804,2.64260697,6659648
2008-07-02,2.67880702,2.67880702,2.56762099,2.58248901,4008164
2008-07-03,2.65036392,2.65036392,2.4247601,2.46613193,3814795
2008-07-04,2.45772791,2.45772791,2.39631701,2.45643497,1746514
2008-07-07,2.45578909,2.53594589,2.40472102,2.50750303,4022087
2008-07-08,2.45708203,2.54887509,2.45708203,2.54693604,5525729
2008-07-10,2.54693604,2.61804295,2.5016849,2.61804295,3915347
2008-07-11,2.63743591,2.6451931,2.55598593,2.62773895,3847281
2008-07-14,2.68268609,2.68268609,2.57731795,2.61416411,3756011
2008-07-15,2.53400707,2.62256789,2.53142095,2.60770011,5340094
2008-07-16,2.66329288,2.72793603,2.58378196,2.72470403,6664289
2008-07-17,2.72470403,2.74603605,2.64648604,2.68074703,4538771
2008-07-18,2.65036392,2.70983601,2.63291097,2.65036392,4164407
2008-07-21,2.70143199,2.81714392,2.70078611,2.79257894,6622521
2008-07-22,2.747329,2.78611493,2.68333197,2.71500802,7648154
2008-07-23,2.747329,2.76607609,2.68333197,2.74151111,4271147
2008-07-24,2.68591809,2.71112895,2.60317492,2.61545706,7471801
2008-07-25,2.67299008,2.67299008,2.53982496,2.54693604,4178330
2008-07-28,2.5850749,2.59994292,2.50750303,2.53400707,3494575
2008-07-29,2.52172494,2.5850749,2.48358488,2.53917789,4054573
2008-07-30,2.48940301,2.61157894,2.48940301,2.52172494,4246396
2008-07-31,2.5016849,2.56051111,2.4887569,2.51202798,4777002
2008-08-01,2.51202798,2.53982496,2.45966697,2.5113821,4492362
2008-08-04,2.53982496,2.56115699,2.50556397,2.53723907,4087059
2008-08-05,2.53723907,2.65618205,2.52818894,2.63420391,5397332
2008-08-06,2.66652489,2.72341108,2.6387291,2.69561505,7188708
2008-08-07,2.73116803,2.747329,2.63161802,2.65036392,5607718
2008-08-08,2.65941405,2.68203998,2.58895397,2.61675,3868938
2008-08-11,2.61804295,2.71306801,2.42734599,2.44415307,12616979
2008-08-12,2.50750303,2.50750303,2.38015699,2.38015699,6139871
2008-08-13,2.35559201,2.41894197,2.34007812,2.37821698,10728145
2008-08-14,2.37950993,2.50039291,2.37950993,2.4654851,5508713
2008-08-15,2.52107811,2.52107811,2.42540693,2.43187094,3768386
2008-08-18,2.45643497,2.47582793,2.38403511,2.43187094,2933030
2008-08-19,2.39049911,2.47582793,2.36593509,2.42346692,3158885
2008-08-20,2.45643497,2.47712111,2.39179206,2.437042,3706508
2008-08-21,2.4053669,2.46613193,2.4053669,2.46613193,2526180
2008-08-22,2.41118503,2.47259593,2.41118503,2.43381,3251703
2008-08-25,2.46936393,2.47195005,2.42863894,2.45643497,3899877
2008-08-26,2.45643497,2.4654851,2.30129194,2.30129194,7651248
2008-08-27,2.30193806,2.41183209,2.30193806,2.35947108,5152912
2008-08-28,2.3646419,2.45643497,2.3316741,2.45643497,3848828
2008-08-29,2.42411399,2.4480319,2.36270308,2.38468194,7417657
2008-09-01,2.3284421,2.35947108,2.31809902,2.34331012,1457233
2008-09-02,2.32714891,2.37563205,2.303231,2.32585597,4340760
2008-09-03,2.34589601,2.34589601,2.21790195,2.23018503,6557549
2008-09-04,2.2780211,2.29094911,2.20238805,2.23470998,4639323
2008-09-05,2.1978631,2.249578,2.18493509,2.1978631,4902305
2008-09-08,2.2243669,2.2780211,2.2243669,2.249578,7640419
2008-09-09,2.21725607,2.26379895,2.12546301,2.12610888,8136992
2008-09-10,2.13321996,2.17911696,2.09314108,2.17459202,4841974
2008-09-11,2.13968396,2.22695303,2.10607004,2.22566009,3409492
2008-09-12,2.22566009,2.26250601,2.14485598,2.21208501,3995789
2008-09-15,2.12675595,2.24505305,2.07891989,2.08150601,4082418
2008-09-16,2.10413098,2.11770606,1.95932996,1.98518801,10168146
2008-09-17,1.97678399,1.97678399,1.82034802,1.82034802,9478204
2008-09-18,1.87335503,1.96450198,1.83004403,1.88175905,9761297
2008-09-19,1.96579504,2.12675595,1.96579504,2.10089898,8693896
2008-09-22,2.10413098,2.10413098,1.95221996,1.95221996,9244613
2008-09-23,2.00393391,2.00393391,1.86171901,1.86301196,5517994
2008-09-24,1.87529397,1.90115201,1.82551897,1.85848701,2792256
2008-09-25,1.90567696,1.97161198,1.86753702,1.97031999,4894571
2008-09-26,1.88111198,1.93476605,1.86171901,1.90696895,3610597
2008-09-29,1.82939804,1.86430502,1.60831904,1.62254,11981180
2008-09-30,1.68007195,1.75118005,1.65486205,1.70334399,9586491
2008-10-01,1.74536204,1.82099402,1.70334399,1.75376499,9552457
2008-10-02,1.77445102,1.81711602,1.712394,1.76022995,8506715
2008-10-03,1.74536204,1.84168005,1.63482201,1.63482201,8364395
2008-10-06,1.55207896,1.61607599,1.442186,1.58375394,7397547
2008-10-07,1.61542904,1.64969003,1.48485005,1.48678994,10513118
2008-10-08,1.42214704,1.56242204,1.38982499,1.49002194,9651463
2008-10-09,1.50682902,1.55014002,1.35750401,1.35750401,6125948
2008-10-10,1.22821701,1.38465405,1.22821701,1.29609299,4999764
2008-10-13,1.446064,1.54755402,1.36073601,1.48355699,7860087
2008-10-14,1.55789697,1.632236,1.51911104,1.61607599,5716005
2008-10-15,1.55143297,1.56824005,1.34780705,1.42214704,13537418
2008-10-16,1.44800401,1.44800401,1.29286003,1.38788605,9468922
2008-10-17,1.38659298,1.50036502,1.30385005,1.36267495,7541414
2008-10-20,1.39952099,1.56112897,1.37366402,1.56112897,10520852
2008-10-21,1.45446801,1.55854297,1.45446801,1.491961,7618762
2008-10-22,1.40275395,1.46869004,1.37107897,1.37107897,9863396
2008-10-23,1.37689602,1.38271403,1.215289,1.26441801,11203060
2008-10-24,1.19589603,1.32259595,1.16034198,1.30578899,5329266
2008-10-27,1.30643594,1.30643594,1.17068505,1.17068505,6316224
2008-10-28,1.26700306,1.34263599,1.17908895,1.34263599,6681306
2008-10-29,1.37689602,1.44283199,1.28833497,1.42214704,6828267
2008-10-30,1.42925704,1.59668303,1.42925704,1.54238296,8624283
2008-10-31,1.538504,1.62124705,1.48743606,1.61607599,6313130
2008-11-03,1.62124705,1.70657599,1.57729006,1.70528305,4695013
2008-11-04,1.77768302,1.77768302,1.65938699,1.69041502,6159981
2008-11-05,1.67748702,1.73695803,1.59280396,1.60896504,4583632
2008-11-06,1.57599699,1.61478305,1.51199996,1.57405806,2755129
2008-11-07,1.57405806,1.71174705,1.55272603,1.55595803,3236233
2008-11-10,1.66779006,1.66779006,1.56888604,1.63094401,3030488
2008-11-11,1.63094401,1.63094401,1.51070797,1.59280396,2567948
2008-11-12,1.57599699,1.61348999,1.51975799,1.528808,7426939
2008-11-13,1.528808,1.68007195,1.52428305,1.66391206,4040651
2008-11-14,1.71303999,1.71303999,1.56630099,1.62641895,3301205
2008-11-17,1.58310795,1.70140505,1.58310795,1.64064002,4179877
2008-11-18,1.629004,1.71045494,1.60831904,1.67296195,5176117
2008-11-19,1.64322603,1.75829005,1.57082605,1.57082605,3820983
2008-11-21,1.47580004,1.491961,1.25536704,1.42214704,20198614
2008-11-24,1.48032498,1.51911104,1.45964003,1.48678994,6927272
2008-11-25,1.48678994,1.538504,1.41632903,1.43830705,8515996
2008-11-26,1.45058894,1.51911104,1.43119705,1.49454701,7409922
2008-11-27,1.50488997,1.54432201,1.46093202,1.46093202,1755795
2008-11-28,1.47903204,1.57017899,1.47903204,1.51393998,5767054
2008-12-01,1.48032498,1.49971795,1.41180396,1.41180396,3964850
2008-12-02,1.42214704,1.528808,1.42214704,1.48032498,91366359
2008-12-03,1.491961,1.55143297,1.47774005,1.52104998,5522635
2008-12-04,1.56371498,1.58957195,1.49971795,1.51199996,5157553
2008-12-05,1.47062898,1.55725098,1.47062898,1.54432201,2719549
2008-12-08,1.62965095,1.69364703,1.58440101,1.62124705,4419655
2008-12-09,1.63870096,1.67425394,1.57599699,1.66132605,57186350
2008-12-10,1.64645803,1.762815,1.64257896,1.71303999,5835120
2008-12-11,1.68459702,1.75311899,1.58440101,1.64839697,8591797
2008-12-12,1.66132605,1.73243296,1.57082605,1.72790802,4175236
2008-12-15,1.73760498,1.79707599,1.66197205,1.73954403,3977225
2008-12-16,1.73954403,1.85525501,1.73889697,1.848791,3592033
2008-12-17,1.87400103,1.87400103,1.75311899,1.79061198,8837763
2008-12-18,1.79061198,1.85525501,1.78414798,1.83004403,4371699
2008-12-19,1.86689103,1.86882997,1.74859405,1.86882997,4322197
2008-12-22,1.83586204,1.852669,1.68847597,1.69946504,6249705
2008-12-23,1.70334399,1.74406898,1.69106197,1.69106197,3813248
2008-12-26,1.71303999,1.76475501,1.71303999,1.75441206,1608835
2008-12-29,1.802894,1.81646895,1.74859405,1.80677295,2792256
2008-12-30,1.79125798,1.85460901,1.78867304,1.79449105,5883076
2009-01-02,1.78414798,1.88046598,1.77832997,1.86559796,1989386
2009-01-05,1.87076902,1.87076902,1.81000495,1.85396194,4212363
2009-01-06,1.87400103,1.87464797,1.77121902,1.77121902,6438434
2009-01-07,1.77121902,1.77445102,1.66972899,1.69493997,4441312
2009-01-08,1.70075798,1.806126,1.70011199,1.78996599,3237780
2009-01-09,1.77768302,1.86624396,1.74730098,1.845559,9179641
2009-01-12,1.84168005,1.84814405,1.72079694,1.72079694,4588273
2009-01-13,1.72079694,1.81000495,1.716272,1.78996599,5982081
2009-01-14,1.77768302,1.78996599,1.67490101,1.68976903,4373246
2009-01-15,1.68782902,1.77768302,1.61930799,1.70528305,5785618
2009-01-16,1.67490101,1.73243296,1.67490101,1.70140505,2533915
2009-01-19,1.70528305,1.73566496,1.68395102,1.68718302,1576348
2009-01-20,1.67425394,1.72467601,1.61736906,1.629004,2841759
2009-01-21,1.65421498,1.69235396,1.62447906,1.66132605,2679329
2009-01-22,1.65744698,1.70980799,1.62318599,1.67037594,2516898
2009-01-23,1.67102206,1.70011199,1.59021795,1.69106197,2609716
2009-01-26,1.68071902,1.73760498,1.669083,1.71045494,1816127
2009-01-27,1.68071902,1.71174705,1.65227604,1.709162,2464302
2009-01-28,1.73049402,1.74342299,1.66326499,1.68071902,5941860
2009-01-29,1.68136501,1.68136501,1.64516497,1.66455805,2249275
2009-01-30,1.66455805,1.67942595,1.61219704,1.62254,3403304
2009-02-02,1.60314703,1.63546896,1.51393998,1.51393998,8946050
2009-02-03,1.52298999,1.56436098,1.49002194,1.54820096,19432870
2009-02-04,1.54820096,1.57729006,1.49389994,1.49777901,9001741
2009-02-05,1.51070797,1.56371498,1.51070797,1.55143297,7836882
2009-02-06,1.55337203,1.62254,1.52686799,1.61607599,8823841
2009-02-09,1.58440101,1.69041502,1.58440101,1.67425394,9465828
2009-02-10,1.68976903,1.70075798,1.64839697,1.64839697,10155771
2009-02-11,1.67619395,1.70011199,1.63611495,1.65486205,4756892
2009-02-12,1.61607599,1.65162897,1.60961103,1.63417602,3596674
2009-02-13,1.65486205,1.68265796,1.625772,1.62641895,2311153
2009-02-16,1.60961103,1.68071902,1.59991503,1.68071902,1956900
2009-02-17,1.62447906,1.625772,1.58440101,1.61348999,7960639
2009-02-18,1.64516497,1.64516497,1.52622199,1.54496801,7646607
2009-02-19,1.56306803,1.58827901,1.52298999,1.57082605,4025181
2009-02-20,1.54690802,1.59345102,1.49066806,1.51846504,6206390
2009-02-25,1.44412506,1.538504,1.42408597,1.51070797,6531251
2009-02-26,1.53333294,1.54949296,1.50941503,1.50941503,8098318
2009-02-27,1.50941503,1.57987595,1.48743606,1.55401802,4858991
2009-03-02,1.51975799,1.55725098,1.50359702,1.51264703,6565284
2009-03-03,1.54496801,1.55983603,1.46157897,1.47386098,5754679
2009-03-04,1.51587903,1.53139305,1.47192204,1.47386098,8389146
2009-03-05,1.44800401,1.49907196,1.42925704,1.45511496,5494790
2009-03-06,1.44994295,1.48678994,1.38982499,1.41568196,5896999
2009-03-09,1.41956103,1.44283199,1.39241099,1.41374302,4350042
2009-03-10,1.43830705,1.49454701,1.43766105,1.49454701,7522850
2009-03-11,1.49583995,1.49583995,1.43830705,1.45964003,6245064
2009-03-12,1.44153905,1.46933603,1.42925704,1.45446801,5002858
2009-03-13,1.48614299,1.49325395,1.43830705,1.47127497,4701201
2009-03-16,1.46998203,1.51846504,1.46028602,1.46804297,3380100
2009-03-17,1.46157897,1.56436098,1.45834696,1.56436098,6494124
2009-03-18,1.55789697,1.61607599,1.51911104,1.59215796,7892573
2009-03-19,1.61930799,1.66714394,1.59215796,1.65486205,6170810
2009-03-20,1.66326499,1.66326499,1.582461,1.59280396,5033797
2009-03-23,1.61672199,1.68201196,1.57664299,1.67296195,4326838
2009-03-24,1.66132605,1.69300103,1.62835801,1.63029695,5268934
2009-03-25,1.621894,1.67425394,1.58892596,1.60702598,4696560
2009-03-26,1.62835801,1.68524396,1.61801505,1.68524396,8174119
2009-03-27,1.66779006,1.74342299,1.64193296,1.68912196,5307608
2009-03-30,1.71174705,1.71174705,1.60767198,1.61478305,3476011
2009-03-31,1.62254,1.69364703,1.61930799,1.66779006,5771695
2009-04-01,1.63676095,1.69817197,1.61607599,1.67166901,6458544
2009-04-02,1.72532201,1.77445102,1.69041502,1.69106197,6842189
2009-04-03,1.72532201,1.72726202,1.66067898,1.71756494,6483295
2009-04-06,1.69881904,1.71498001,1.63934696,1.63934696,5997551
2009-04-07,1.63288295,1.68653703,1.61478305,1.62254,5593795
2009-04-08,1.66132605,1.67942595,1.625772,1.63159001,4000430
2009-04-09,1.66779006,1.74536204,1.66779006,1.74148297,4320650
2009-04-13,1.74148297,1.74148297,1.68782902,1.70657599,5021421
2009-04-14,1.68976903,1.76733994,1.68976903,1.75311899,4056120
2009-04-15,1.75311899,1.76669395,1.69106197,1.73825097,5811916
2009-04-16,1.75829005,1.802894,1.72790802,1.77703702,3799325
2009-04-17,1.759583,1.82034802,1.72726202,1.82034802,5272028
2009-04-20,1.79707599,1.80354095,1.72015095,1.73372602,3489934
2009-04-22,1.73372602,1.78931904,1.73372602,1.74019003,2778334
2009-04-23,1.74665499,1.81000495,1.73631203,1.81000495,3327503
2009-04-24,1.81000495,1.91149402,1.80418706,1.89404094,5842855
2009-04-27,1.93541205,1.93541205,1.846205,1.90761602,7711579
2009-04-28,1.89404094,1.90050495,1.84491205,1.88111198,3904518
2009-04-29,1.88822305,2.025913,1.88822305,2.025913,3858110
2009-04-30,2.03625607,2.04401302,1.98648,2.01362991,9625164
2009-05-04,2.04272008,2.0575881,1.98195505,2.05500197,4469158
2009-05-05,2.08150601,2.08667707,2.02462006,2.04918408,9133232
2009-05-06,2.04918408,2.04918408,1.99100494,2.03431606,10488366
2009-05-07,2.01750898,2.02009511,1.90309095,1.92894804,5565950
2009-05-08,1.98454106,1.98454106,1.91408002,1.95027995,4605290
2009-05-11,1.92636204,1.94446194,1.86301196,1.90503001,3106289
2009-05-12,1.91860497,1.94316995,1.88175905,1.93670499,4153578
2009-05-13,1.90696895,1.91537297,1.83715498,1.88111198,3443525
2009-05-14,1.87787998,1.89339399,1.84232605,1.88369799,3257890
2009-05-15,1.86236596,1.91795897,1.84426606,1.87206197,2889715
2009-05-18,1.89985895,1.99488401,1.89985895,1.97678399,4750704
2009-05-19,2.00264096,2.02849793,1.94058394,1.95609796,4039104
2009-05-20,1.98842001,2.01686311,1.95803702,1.97161198,5811916
2009-05-21,1.94834101,1.94834101,1.85977995,1.87400103,5112692
2009-05-22,1.90761602,1.93024099,1.86171901,1.92248404,7507381
2009-05-25,1.92830205,1.92830205,1.88305104,1.90632296,1627398
2009-05-26,1.90309095,2.04853797,1.87981904,2.04853797,7196442
2009-05-27,2.0446589,2.0446589,1.95868397,1.95868397,7425392
2009-05-28,1.989066,2.08473802,1.97807705,2.08473802,6303848
2009-05-29,2.03625607,2.05500197,1.96967304,1.99100494,7991578
2009-06-01,2.01556993,2.05047703,1.98648,1.989066,4727499
2009-06-02,1.98130906,2.03625607,1.94963396,2.00005507,2886621
2009-06-03,1.96579504,1.98971295,1.88434398,1.91860497,5507166
2009-06-04,1.92571604,1.95545197,1.89598,1.95545197,4371699
2009-06-05,1.96644104,2.00134802,1.90179801,1.91343403,5163741
2009-06-08,1.90503001,1.95027995,1.87529397,1.91989803,3553359
2009-06-09,1.95027995,1.95868397,1.89145505,1.89145505,2055905
2009-06-10,1.90050495,1.93799806,1.89404094,1.92894804,3242421
2009-06-12,1.94963396,1.97355199,1.932827,1.95739102,4068496
2009-06-15,1.90761602,1.93864501,1.852669,1.86818397,5869153
2009-06-16,1.88111198,1.89598,1.82293296,1.82293296,4902305
2009-06-17,1.80354095,1.84168005,1.79061198,1.79707599,7566165
2009-06-18,1.79707599,1.85008395,1.77768302,1.82939804,3980319
2009-06-19,1.83780098,1.87335503,1.802248,1.802248,5748491
2009-06-22,1.76022995,1.79513705,1.74988699,1.77832997,3858110
2009-06-23,1.78479397,1.82358003,1.72338295,1.73825097,5216338
2009-06-24,1.74536204,1.81259096,1.72790802,1.78414798,9744280
2009-06-25,1.74730098,1.82939804,1.74600804,1.77445102,5148272
2009-06-26,1.809358,1.89791906,1.79125798,1.86236596,5389597
2009-06-29,1.90761602,1.93411899,1.86301196,1.93411899,4169048
2009-06-30,1.932827,1.932827,1.87658703,1.87658703,3536343
2009-07-01,1.88757706,1.945755,1.88757706,1.932827,2127065
2009-07-02,1.89468706,1.91343403,1.852669,1.89339399,2642202
2009-07-03,1.87852597,1.90244401,1.855901,1.855901,1239112
2009-07-06,1.855901,1.87981904,1.82875097,1.87981904,2424081
2009-07-07,1.86818397,1.86882997,1.79125798,1.79125798,7459425
2009-07-08,1.81129801,1.83263004,1.78673303,1.79384398,4826505
2009-07-09,1.79384398,1.79384398,1.79384398,1.79384398,0
2009-07-10,1.80741894,1.80741894,1.76927996,1.79061198,2835571
2009-07-13,1.79125798,1.83844805,1.752473,1.81000495,3059880
2009-07-14,1.82810497,1.83650804,1.79061198,1.79836905,5567497
2009-07-15,1.83456898,1.87464797,1.81840801,1.845559,4920869
2009-07-16,1.845559,1.87012303,1.81453001,1.848791,2676235
2009-07-17,1.84749806,1.86818397,1.84232605,1.852669,2891262
2009-07-20,1.86882997,1.87270904,1.83650804,1.852669,2838665
2009-07-21,1.86818397,1.86818397,1.79061198,1.79255104,5432912
2009-07-22,1.80095506,1.82164097,1.78867304,1.79384398,5083299
2009-07-23,1.83909404,1.83909404,1.762169,1.77768302,15341170
2009-07-24,1.77768302,1.89985895,1.77768302,1.87464797,41373358
2009-07-27,1.88757706,2.04918408,1.88757706,2.01362991,19640162
2009-07-28,2.01362991,2.04918408,1.95221996,2.04918408,10694112
2009-07-29,2.03108406,2.03108406,1.96385503,2.01169109,7255227
2009-07-30,2.02332711,2.03560901,1.983248,1.99100494,6475560
2009-07-31,1.97613704,2.06211305,1.97161198,2.02979112,6588488
2009-08-03,2.04207301,2.08861589,2.04207301,2.04918408,5358658
2009-08-04,2.06146598,2.06922293,2.00458002,2.01039791,3592033
2009-08-05,2.01104498,2.05500197,2.00845909,2.05500197,4889930
2009-08-06,2.05564809,2.10283804,2.04595208,2.08473802,6800421
2009-08-07,2.06793094,2.13968396,2.06793094,2.06987,8774338
2009-08-10,2.10025191,2.10089898,2.01686311,2.09249496,11846594
2009-08-11,2.09120202,2.09120202,2.032377,2.06793094,3881314
2009-08-12,2.06793094,2.06793094,1.97937,1.99165201,19731433
2009-08-13,2.00975204,2.01039791,1.97225904,1.99682295,13854544
2009-08-14,1.99682295,2.00393391,1.95415902,2.0007019,10578090
2009-08-17,1.95997703,1.98712695,1.939291,1.95868397,4486174
2009-08-18,1.94898701,1.98130906,1.94123006,1.95803702,4993576
2009-08-19,1.94187701,2.03884101,1.939937,2.02332711,4957996
2009-08-20,2.02526593,2.06211305,2.02332711,2.02526593,4295898
2009-08-21,2.04207301,2.04918408,2.01427698,2.03560901,4000430
2009-08-24,2.06857705,2.09572697,2.04078102,2.06857705,4308274
2009-08-25,2.08409095,2.10089898,2.06340599,2.07568789,1847066
2009-08-26,2.06857705,2.12029099,2.06857705,2.11964512,2632920
2009-08-27,2.11964512,2.14485598,2.09443402,2.12998796,4153578
2009-08-28,2.13063407,2.17394495,2.08150601,2.17200589,4514019
2009-08-31,2.1784699,2.249578,2.11318111,2.24311304,6573019
2009-09-01,2.24311304,2.25410295,2.15261292,2.15261292,5875341
2009-09-02,2.13580608,2.1784699,2.11188793,2.12740207,5228713
2009-09-03,2.12675595,2.13321996,2.10736299,2.11382699,7255227
2009-09-04,2.10736299,2.13257408,2.10736299,2.13257408,6515781
2009-09-08,2.13386703,2.17782402,2.13386703,2.17782402,2895903
2009-09-09,2.17782402,2.21273088,2.16037011,2.21273088,4376340
2009-09-10,2.19527698,2.20626712,2.16554189,2.20626712,3036676
2009-09-11,2.2010951,2.20756006,2.17200589,2.18364191,4198440
2009-09-14,2.16554189,2.22501302,2.15907693,2.22501302,3660099
2009-09-15,2.22889209,2.24311304,2.19850993,2.21079206,2739660
2009-09-16,2.21079206,2.28642392,2.21079206,2.28642392,2875792
2009-09-17,2.26250601,2.29741311,2.26250601,2.27543497,4260318
2009-09-18,2.29030299,2.32714891,2.26315308,2.2747879,4449047
2009-09-21,2.25086999,2.28707099,2.23341703,2.28577805,3350708
2009-09-22,2.28189898,2.31486702,2.26315308,2.28707099,1871817
2009-09-23,2.27543497,2.27931309,2.21079206,2.21079206,5156006
2009-09-24,2.22307396,2.23794198,2.17265201,2.23794198,5330812
2009-09-25,2.1978631,2.22372007,2.18946004,2.19656992,3305846
2009-09-28,2.2010951,2.26185989,2.1978631,2.26185989,2801538
2009-09-29,2.2780211,2.2780211,2.23018503,2.23018503,4837333
2009-09-30,2.2812531,2.28189898,2.1784699,2.20432711,7955998
2009-10-01,2.19333792,2.20238805,2.16424894,2.20238805,7163956
2009-10-02,2.19721699,2.25281,2.16166306,2.25281,4165954
2009-10-05,2.249578,2.27995992,2.21273088,2.24376011,3800872
2009-10-06,2.26121306,2.30129194,2.24376011,2.24634504,11950240
2009-10-07,2.22307396,2.26250601,2.21984196,2.26250601,5131255
2009-10-08,2.23664904,2.26379895,2.22759891,2.26379895,3369271
2009-10-09,2.27026296,2.28577805,2.24763799,2.26638508,3759104
2009-10-13,2.256042,2.33102798,2.256042,2.32262397,3482199
2009-10-14,2.35882401,2.35947108,2.29870605,2.35300589,5750038
2009-10-15,2.3517139,2.40407395,2.30129194,2.40407395,4523301
2009-10-16,2.35623908,2.386621,2.33361411,2.36528897,4312915
2009-10-19,2.34201694,2.40730691,2.34137106,2.36593509,3381647
2009-10-20,2.3349061,2.34007812,2.27543497,2.30904889,5675784
2009-10-21,2.27995992,2.342664,2.27995992,2.29482794,4605290
2009-10-22,2.32521009,2.33361411,2.28965592,2.30711007,2317341
2009-10-23,2.33102798,2.33232093,2.21790195,2.23018503,6413682
2009-10-26,2.22307396,2.27543497,2.20432711,2.24117398,5194680
2009-10-27,2.26121306,2.27866697,2.2243669,2.25151706,4415014
2009-10-28,2.25927401,2.26250601,2.15907693,2.15907693,6116667
2009-10-29,2.17911696,2.27866697,2.14291692,2.23923492,4633135
2009-10-30,2.23923492,2.26897001,2.16554189,2.16554189,5932579
2009-11-03,2.13321996,2.24311304,2.13321996,2.2243669,3725071
2009-11-04,2.2243669,2.25345612,2.20432711,2.20432711,4288164
2009-11-05,2.19915605,2.2683239,2.19915605,2.2683239,3879767
2009-11-06,2.27414203,2.28836298,2.24440598,2.249578,3989601
2009-11-09,2.24311304,2.29547405,2.22630596,2.23535609,6385837
2009-11-10,2.21725607,2.25798106,2.20432711,2.24699211,4169048
2009-11-11,2.25345612,2.26185989,2.22178102,2.26185989,4083965
2009-11-12,2.25927401,2.28836298,2.19398499,2.22307396,4580538
2009-11-13,2.21143794,2.23406291,2.1913991,2.19204497,3403304
2009-11-16,2.21790195,2.27220297,2.2010951,2.27220297,3087725
2009-11-17,2.26250601,2.26250601,2.17459202,2.17523789,10441958
2009-11-18,2.18299508,2.21466994,2.11059499,2.11059499,10751349
2009-11-19,2.10736299,2.12481594,2.06534505,2.11964512,3876673
2009-11-23,2.10736299,2.11253405,2.06857705,2.08797002,5629375
2009-11-24,2.09378791,2.10089898,2.04013395,2.06728411,5417442
2009-11-25,2.07051611,2.08473802,2.05047703,2.06017303,4888383
2009-11-26,2.04659796,2.04659796,2.00393391,2.01362991,2990267
2009-11-27,2.01427698,2.0543561,1.98454106,2.04272008,4413467
2009-11-30,2.04207301,2.05564809,2.02785206,2.04272008,5793353
2009-12-01,2.06793094,2.10089898,2.06017303,2.08215189,5815010
2009-12-02,2.08215189,2.09960604,2.07439494,2.07827306,3438884
2009-12-03,2.08861589,2.09895897,2.05888104,2.08215189,3482199
2009-12-04,2.08473802,2.11059499,2.04078102,2.04078102,6327053
2009-12-07,2.04659796,2.11964512,2.04013395,2.10736299,5889264
2009-12-08,2.07439494,2.12093806,2.06534505,2.11382699,3639989
2009-12-09,2.11964512,2.15131998,2.11705899,2.12675595,5714458
2009-12-10,2.14614892,2.17135906,2.12998796,2.14291692,5521088
2009-12-11,2.16166306,2.19592404,2.15584493,2.17200589,3527061
2009-12-14,2.16554189,2.1881671,2.14679503,2.15584493,2018778
2009-12-15,2.14033103,2.1881671,2.14033103,2.166188,3106289
2009-12-16,2.17200589,2.1817019,2.15649199,2.17200589,3612144
2009-12-17,2.13645196,2.16877389,2.11705899,2.11705899,5893905
2009-12-18,2.10865593,2.12610888,2.08085895,2.12610888,5794900
2009-12-21,2.12481594,2.14614892,2.09055591,2.12610888,3575017
2009-12-22,2.1377449,2.15131998,2.10348392,2.14614892,2789163
2009-12-23,2.14614892,2.162956,2.10865593,2.12675595,4515566
2009-12-24,2.12675595,2.12675595,2.12675595,2.12675595,0
2009-12-28,2.1474421,2.1474421,2.06728411,2.14614892,1919773
2009-12-29,2.12610888,2.16683412,2.12158394,2.16683412,2086844
2009-12-30,2.16683412,2.16683412,2.16683412,2.16683412,0
2010-01-04,2.23988104,2.23988104,2.1474421,2.1946311,5499431
2010-01-05,2.21208501,2.23276997,2.16942,2.1978631,4235567
2010-01-06,2.19915605,2.19915605,2.15907693,2.19721699,5776336
2010-01-07,2.16748095,2.1784699,2.14679503,2.16230893,5016780
2010-01-08,2.16489506,2.22372007,2.12998796,2.19850993,9648369
2010-01-11,2.19721699,2.22178102,2.19204497,2.21466994,5599983
2010-01-12,2.19527698,2.19527698,2.15196705,2.17200589,5032250
2010-01-13,2.17200589,2.19721699,2.1474421,2.19656992,9832457
2010-01-14,2.16748095,2.20432711,2.159724,2.166188,3242421
2010-01-15,2.16489506,2.18105602,2.1345129,2.16554189,5319984
2010-01-18,2.166188,2.18364191,2.10994911,2.10994911,2323529
2010-01-19,2.09443402,2.1377449,2.08150601,2.10736299,4105623
2010-01-20,2.08473802,2.08473802,2.02979112,2.04918408,8847045
2010-01-21,2.05629492,2.06534505,2.00264096,2.00587296,7027824
2010-01-22,2.02979112,2.03173089,1.95868397,1.96514797,9524612
2010-01-26,1.95932996,1.98518801,1.95868397,1.97290504,7546055
2010-01-27,1.98130906,1.99035895,1.94898701,1.95674503,5439099
2010-01-28,1.97872305,2.02268004,1.95286596,2.0007019,7047934
2010-01-29,2.02009511,2.08473802,2.01362991,2.02655911,8335003
2010-02-01,2.02655911,2.10089898,1.99100494,2.08344507,4489268
2010-02-02,2.06857705,2.10089898,2.06211305,2.0640521,3570376
2010-02-03,2.06857705,2.08797002,2.0414269,2.06857705,2835571
2010-02-04,2.06857705,2.08150601,1.98001599,1.985834,5921750
2010-02-05,1.96579504,2.01233792,1.95932996,1.96514797,4071590
2010-02-08,1.96514797,1.99747002,1.95480502,1.97355199,4046838
2010-02-09,2.00522709,2.04272008,1.982602,2.02655911,6054788
2010-02-10,2.05564809,2.06211305,1.99747002,2.01362991,2656124
2010-02-11,2.029145,2.07504106,1.98518801,2.04659796,3930817
2010-02-12,2.00458002,2.03625607,2.00199509,2.00199509,5171476
2010-02-17,2.04659796,2.08797002,2.04659796,2.07180905,4614572
2010-02-18,2.06146598,2.08861589,2.03690195,2.06469798,3658552
2010-02-19,2.06469798,2.10219097,2.06469798,2.08150601,2914466
2010-02-22,2.09378791,2.11318111,2.05306292,2.05306292,4708936
2010-02-23,2.03431606,2.06340599,2.0149231,2.02332711,4489268
2010-02-24,2.04013395,2.0640521,1.97419798,1.99100494,6156887
2010-02-25,1.96579504,2.01362991,1.94704795,1.99617696,5514900
2010-02-26,1.982602,2.01298404,1.96191597,1.96191597,4613025
2010-03-01,1.98066199,2.02268004,1.96967304,1.98842001,4277335
2010-03-02,1.98518801,2.02268004,1.98518801,2.00393391,4693466
2010-03-03,2.00458002,2.04983091,1.99359095,1.99423802,6608599
2010-03-04,1.98777294,2.02849793,1.97290504,1.97937,3041316
2010-03-05,2.00975204,2.04078102,1.99811602,2.03302312,5691253
2010-03-08,2.04272008,2.04272008,2.00134802,2.01362991,4152031
2010-03-09,1.99488401,2.03625607,1.99423802,2.029145,6079540
2010-03-10,2.03884101,2.05888104,2.02332711,2.04272008,5343188
2010-03-11,2.04207301,2.0511229,2.00716591,2.02332711,3715790
2010-03-12,2.06211305,2.06211305,1.99423802,1.99423802,2728831
2010-03-15,1.98195505,2.02979112,1.98195505,2.00845909,3585845
2010-03-16,1.99488401,2.05047703,1.99488401,2.0181551,1543862
2010-03-17,2.03819489,2.05370903,2.00458002,2.01362991,4070043
2010-03-18,2.00716591,2.05952692,2.00716591,2.03948808,4053026
2010-03-19,2.04983091,2.05306292,2.01233792,2.04336596,3208388
2010-03-22,2.01556993,2.04595208,2.00975204,2.02268004,2738113
2010-03-23,2.01750898,2.04013395,2.00458002,2.00845909,1712481
2010-03-24,1.98842001,2.04918408,1.98389494,1.99165201,3247062
2010-03-25,2.00328803,2.029145,1.97549105,1.98454106,2284855
2010-03-26,1.99747002,2.00393391,1.945755,1.96514797,6521969
2010-03-29,2.00328803,2.0575881,2.00328803,2.04595208,9484391
2010-03-30,2.04530597,2.0478909,2.01104498,2.04013395,5272028
2010-03-31,2.04853797,2.08538389,2.01233792,2.06340599,5598436
2010-04-01,2.08215189,2.17782402,2.0478909,2.15519905,6322412
2010-04-05,2.16812706,2.1978631,2.159724,2.17200589,3604409
2010-04-06,2.15713811,2.18687391,2.13386703,2.15261292,4551146
2010-04-07,2.16877389,2.18428802,2.13321996,2.18428802,7378983
2010-04-08,2.18493509,2.26121306,2.18428802,2.25798106,25756
2010-04-09,2.23341703,2.28060603,2.21208501,2.21402407,4326838
2010-04-12,2.20691299,2.23018503,2.16683412,2.16683412,4735234
2010-04-13,2.17135906,2.23147798,2.14485598,2.21402407,6280644
2010-04-14,2.1978631,2.27543497,2.1978631,2.26250601,4329931
2010-04-15,2.25991988,2.26573801,2.2211349,2.23341703,4169048
2010-04-16,2.20497394,2.25474906,2.1881671,2.22048807,3562641
2010-04-19,2.1978631,2.23470998,2.18687391,2.23018503,2626732
2010-04-20,2.22501302,2.2418201,2.20174193,2.22372007,3273360
2010-04-22,2.15713811,2.25862789,2.15713811,2.1978631,5350923
2010-04-23,2.21984196,2.22953796,2.16683412,2.1913991,4215457
2010-04-26,2.18881297,2.22048807,2.18040991,2.19850993,4657886
2010-04-27,2.18558097,2.25022411,2.18493509,2.18493509,10180522
2010-04-28,2.1978631,2.22501302,2.16877389,2.16877389,4790925
2010-04-29,2.18040991,2.21984196,2.16554189,2.16554189,4809488
2010-04-30,2.16554189,2.19915605,2.15778399,2.15778399,5849043
2010-05-03,2.1978631,2.29805994,2.17782402,2.27995992,19367
2010-05-04,2.26250601,2.27026296,2.17782402,2.2010951,8037987
2010-05-05,2.18040991,2.22824502,2.15907693,2.18558097,5282857
2010-05-06,2.20432711,2.20432711,2.1080091,2.16877389,8188042
2010-05-07,2.14291692,2.15261292,2.09184909,2.09184909,7937435
2010-05-10,2.18493509,2.20626712,2.11059499,2.11059499,6815891
2010-05-11,2.07504106,2.20756006,2.07504106,2.13386703,6658101
2010-05-12,2.13386703,2.20432711,2.13386703,2.1784699,5290592
2010-05-13,2.1784699,2.21596289,2.159724,2.21596289,4821864
2010-05-14,2.2010951,2.21660995,2.17523789,2.17523789,8347378
2010-05-17,2.17265201,2.21660995,2.16554189,2.1978631,7405281
2010-05-18,2.19527698,2.22759891,2.12869501,2.13645196,16328128
2010-05-19,2.13645196,2.19656992,2.11188793,2.12675595,8048816
2010-05-20,2.12610888,2.1345129,2.07504106,2.12934208,9623617
2010-05-21,2.12998796,2.20820594,2.08021307,2.16554189,12254991
2010-05-24,2.14485598,2.18493509,2.10025191,2.13968396,7304729
2010-05-25,2.06922293,2.12223101,2.06922293,2.10413098,6200202
2010-05-26,2.079566,2.15519905,2.07568789,2.13645196,12026041
2010-05-27,2.15325904,2.22501302,2.12998796,2.17523789,5035344
2010-05-28,2.159724,2.22501302,2.14938092,2.20432711,5808822
2010-05-31,2.16554189,2.26250601,2.16554189,2.26250601,3097007
2010-06-01,2.21208501,2.22048807,2.16812706,2.17265201,4772361
2010-06-02,2.16230893,2.25733495,2.14614892,2.23664904,5123520
2010-06-04,2.22307396,2.28254604,2.17265201,2.24311304,5422083
2010-06-07,2.22630596,2.2780211,2.22566009,2.256042,3429603
2010-06-08,2.249578,2.25927401,2.213377,2.23018503,5915562
2010-06-09,2.23018503,2.26185989,2.22501302,2.25668812,2239993
2010-06-10,2.24117398,2.27091002,2.21919489,2.27091002,5118879
2010-06-11,2.249578,2.28189898,2.22372007,2.24505305,2396236
2010-06-14,2.249578,2.2812531,2.2211349,2.23664904,2680876
2010-06-15,2.25474906,2.25539494,2.20562005,2.22372007,3183637
2010-06-16,2.22307396,2.23018503,2.18558097,2.22566009,4897665
2010-06-17,2.21466994,2.23600292,2.19398499,2.23600292,6051694
2010-06-18,2.23664904,2.24893093,2.21466994,2.21725607,8724
2010-06-21,2.23664904,2.24505305,2.19398499,2.22630596,5603077
2010-06-22,2.23535609,2.2418201,2.20949888,2.23923492,4430484
2010-06-23,2.23018503,2.38726711,2.21079206,2.33038092,19678836
2010-06-24,2.33038092,2.33038092,2.27608109,2.31357408,12618526
2010-06-25,2.3349061,2.34007812,2.28901005,2.32779598,5251918
2010-06-28,2.28642392,2.37821698,2.28642392,2.36916709,7406828
2010-06-29,2.34331012,2.4919889,2.26250601,2.39890289,14645039
2010-06-30,2.39825702,2.45514202,2.33425999,2.42411399,4772361
2010-07-01,2.38920689,2.43381,2.28189898,2.35300589,12672669
2010-07-02,2.32779598,2.35300589,2.29030299,2.296767,3188277
2010-07-05,2.296767,2.36334896,2.23600292,2.27931309,1132372
2010-07-06,2.342664,2.342664,2.24699211,2.27543497,8635112
2010-07-07,2.29482794,2.32714891,2.24763799,2.27220297,6308489
2010-07-08,2.27220297,2.29094911,2.23923492,2.25733495,9697871
2010-07-12,2.2812531,2.28383803,2.21725607,2.21725607,21394
2010-07-13,2.25539494,2.25539494,2.21919489,2.22630596,3225404
2010-07-14,2.20432711,2.24569893,2.1946311,2.23664904,6729261
2010-07-15,2.21466994,2.21854901,2.17911696,2.20756006,6183186
2010-07-16,2.20756006,2.21790195,2.16877389,2.16877389,3833358
2010-07-19,2.19269204,2.19333792,2.15131998,2.166188,7530585
2010-07-20,2.17200589,2.21854901,2.15325904,2.21725607,6772576
2010-07-21,2.21854901,2.24505305,2.1978631,2.20756006,5615453
2010-07-22,2.24117398,2.25927401,2.21596289,2.21919489,6155340
2010-07-23,2.21273088,2.26121306,2.21273088,2.24376011,4580538
2010-07-26,2.23600292,2.27672791,2.23470998,2.23988104,2832477
2010-07-27,2.27931309,2.30581689,2.24828506,2.27543497,4070043
2010-07-28,2.2747879,2.28577805,2.23794198,2.28577805,2784522
2010-07-29,2.28189898,2.30129194,2.2243669,2.25862789,3296564
2010-07-30,2.21725607,2.27414203,2.21725607,2.27349591,6441527
2010-08-02,2.30258489,2.303231,2.27608109,2.303231,2408611
2010-08-03,2.30258489,2.30452394,2.25474906,2.27931309,3016565
2010-08-04,2.28189898,2.30452394,2.26056695,2.30452394,3460542
2010-08-05,2.26379895,2.30452394,2.26379895,2.30452394,1963088
2010-08-06,2.30193806,2.31163502,2.25733495,2.31163502,2089938
2010-08-09,2.32327104,2.32327104,2.26638508,2.29482794,2527727
2010-08-10,2.26961708,2.2877171,2.22824502,2.26121306,3140322
2010-08-11,2.20368099,2.25086999,2.18299508,2.1913991,3200653
2010-08-12,2.16942,2.25539494,2.16942,2.25539494,3561094
2010-08-13,2.23923492,2.2812531,2.20562005,2.25345612,2674688
2010-08-16,2.27672791,2.28060603,2.2243669,2.28060603,3011924
2010-08-17,2.2812531,2.29870605,2.249578,2.29288793,2694798
2010-08-18,2.29482794,2.31034207,2.26056695,2.31034207,3384741
2010-08-19,2.29418111,2.30517101,2.26379895,2.29805994,2837118
2010-08-20,2.30387807,2.30387807,2.25862789,2.25927401,1862535
2010-08-23,2.27543497,2.28513098,2.25151706,2.26897001,10913779
2010-08-24,2.26250601,2.27543497,2.20432711,2.22630596,3342973
2010-08-25,2.21079206,2.22889209,2.17329907,2.21079206,3503857
2010-08-26,2.20238805,2.22372007,2.18428802,2.18428802,3485293
2010-08-27,2.19915605,2.28189898,2.18881297,2.26315308,4012805
2010-08-30,2.29482794,2.30904889,2.16554189,2.16554189,6311
2010-08-31,2.21079206,2.22307396,2.1312809,2.159724,7210365
2010-09-01,2.15907693,2.24440598,2.14033103,2.24440598,9761
2010-09-02,2.21854901,2.23729491,2.1978631,2.1978631,2832477
2010-09-03,2.21725607,2.23341703,2.1978631,2.21984196,2895903
2010-09-06,2.20432711,2.25927401,2.1978631,2.25927401,323313
2010-09-08,2.22372007,2.22372007,2.17006707,2.18752003,3154244
2010-09-09,2.19721699,2.21725607,2.18105602,2.1913991,3658552
2010-09-10,2.20368099,2.29418111,2.20368099,2.29418111,3019659
2010-09-13,2.29418111,2.32327104,2.2844851,2.30064607,2487506
2010-09-14,2.30711007,2.32003808,2.28513098,2.3155129,2700986
2010-09-15,2.31680608,2.34589601,2.28901005,2.34589601,3285736
2010-09-16,2.34654188,2.34848094,2.28707099,2.30517101,2374578
2010-09-17,2.30129194,2.31745291,2.24893093,2.2780211,4135015
2010-09-20,2.2650919,2.30064607,2.24569893,2.30064607,1748
2010-09-21,2.31874609,2.31874609,2.23794198,2.23794198,3257890
2010-09-22,2.23729491,2.31422091,2.23729491,2.28577805,3233
2010-09-23,2.32521009,2.34654188,2.29547405,2.31939197,4797112
2010-09-24,2.32003808,2.3549459,2.30064607,2.32262397,4606837
2010-09-27,2.33619905,2.37239909,2.31292796,2.37239909,2190490
2010-09-28,2.34331012,2.36270308,2.31939197,2.33296704,4218551
2010-09-29,2.342664,2.41764903,2.31939197,2.41764903,4599102
2010-09-30,2.41764903,2.44997096,2.36658096,2.44997096,4874460
2010-10-01,2.45255709,2.45643497,2.41377091,2.44932508,3253250
2010-10-04,2.44609189,2.45061707,2.40601397,2.42993212,2283308
2010-10-05,2.44673896,2.5049181,2.40084195,2.47776794,7078874
2010-10-06,2.4952209,2.55275297,2.4447999,2.53982496,4285070
2010-10-07,2.51008892,2.53853202,2.46807098,2.5081501,3587392
2010-10-08,2.47905993,2.57279301,2.47905993,2.56503606,2707174
2010-10-11,2.54693604,2.57214594,2.53917789,2.54758191,2108502
2010-10-13,2.56115699,2.68462491,2.56051111,2.63291097,8395334
2010-10-14,2.6322639,2.65359712,2.57020712,2.62450695,6504953
2010-10-15,2.63678908,2.66329288,2.56115699,2.66329288,4979653
2010-10-18,2.66264701,2.72082496,2.63291097,2.69819999,6642632
2010-10-19,2.62450695,2.66329288,2.54628897,2.54628897,5395785
2010-10-20,2.54887509,2.56568193,2.53594589,2.54047108,4357777
2010-10-21,2.5553391,2.5553391,2.45643497,2.46095991,3988054
2010-10-22,2.48035312,2.49974608,2.42605305,2.45643497,3165073
2010-10-25,2.45385003,2.5049181,2.45385003,2.4887569,2386954
2010-10-26,2.48681808,2.5850749,2.45966697,2.5850749,5157553
2010-10-27,2.58378196,2.58378196,2.51590705,2.566329,1847066
2010-10-28,2.54305696,2.58313608,2.53723907,2.57214594,1916679
2010-10-29,2.58572102,2.59218597,2.45966697,2.46613193,6829814
2010-11-01,2.48940301,2.566329,2.46677804,2.55921793,2967063
2010-11-03,2.52172494,2.58766103,2.51719999,2.58766103,2023419
2010-11-04,2.59864998,2.66264701,2.59541798,2.64066792,2351374
2010-11-05,2.65682912,2.66199994,2.60446811,2.65682912,4300539
2010-11-08,2.67557502,2.67557502,2.59994292,2.63291097,1565520
2010-11-09,2.65553594,2.67622209,2.61545706,2.67622209,1944524
2010-11-10,2.67234302,2.67363596,2.61416411,2.65359712,1949165
2010-11-11,2.65036392,2.65036392,2.56244993,2.59024596,1772812
2010-11-12,2.6012361,2.61157894,2.55340004,2.61157894,1322648
2010-11-16,2.61610389,2.61610389,2.53400707,2.58572102,4631588
2010-11-17,2.56697512,2.62450695,2.54111791,2.62256789,1133919
2010-11-18,2.64260697,2.67557502,2.60058904,2.66975689,4201534
2010-11-19,2.63678908,2.68268609,2.63678908,2.68268609,2702533
2010-11-22,2.68979692,2.68979692,2.60834599,2.63097191,2144082
2010-11-23,2.61933589,2.66135406,2.59929609,2.61739707,2895903
2010-11-24,2.61933589,2.71500802,2.60899305,2.71500802,4571257
2010-11-25,2.72728992,2.78029704,2.68397903,2.7156539,1853254
2010-11-26,2.70207906,2.74086499,2.63808203,2.68915009,5961971
2010-11-29,2.65101099,2.69561505,2.56826806,2.58895397,7682187
2010-11-30,2.57279301,2.61739707,2.44932508,2.45578909,13172336
2010-12-01,2.50685692,2.62579989,2.49586797,2.62579989,5258106
2010-12-02,2.6012361,2.63678908,2.58636808,2.60511398,3098554
2010-12-03,2.61610389,2.68591809,2.54693604,2.68591809,2066734
2010-12-06,2.67622209,2.70207906,2.63032508,2.68527198,2790709
2010-12-07,2.72599697,2.72599697,2.64066792,2.65941405,1353587
2010-12-08,2.67105007,2.70983601,2.64002204,2.68268609,2761317
2010-12-09,2.66135406,2.72147202,2.64648604,2.66329288,2736566
2010-12-10,2.66006088,2.74344993,2.66006088,2.72922897,5397332
2010-12-13,2.72922897,2.77641797,2.71500802,2.76025796,2739660
2010-12-14,2.73763299,2.77447891,2.706604,2.75702596,2592699
2010-12-15,2.76607609,2.8216691,2.73375392,2.77965093,3695679
2010-12-16,2.77383304,2.82942605,2.74215794,2.78417611,2544743
2010-12-17,2.79193306,2.80615401,2.753793,2.80615401,3390929
2010-12-20,2.81132603,2.86821198,2.75961089,2.86821198,2162645
2010-12-21,2.84558606,2.8753221,2.82813311,2.83007193,3274907
2010-12-22,2.84752607,2.85463691,2.79581094,2.84170794,2492147
2010-12-23,2.78676105,2.86756492,2.78676105,2.86756492,2360656
2010-12-27,2.85075808,2.87467599,2.81326509,2.87467599,4605290
2010-12-28,2.77965093,2.78482199,2.66329288,2.78482199,3547171
2010-12-29,2.79904294,2.8119719,2.75702596,2.79128599,3200653
2010-12-30,2.79193306,2.79516506,2.75314689,2.75314689,5519541
2011-01-03,2.83136511,2.89988708,2.77965093,2.83847594,6351804
2011-01-04,2.83847594,2.86627197,2.77383304,2.81843591,7001526
2011-01-05,2.81843591,2.87596893,2.77965093,2.87596893,7770363
2011-01-06,2.8526969,2.86303997,2.80680108,2.83007193,5352470
2011-01-07,2.82619405,2.8688581,2.81520391,2.84429407,2691704
2011-01-10,2.840415,2.89730096,2.83330393,2.8720901,2668500
2011-01-11,2.89730096,2.89730096,2.86433291,2.88631201,5403519
2011-01-12,2.89988708,2.923805,2.86045408,2.90570498,11254110
2011-01-13,2.90376496,2.93867207,2.90247202,2.92186499,3573470
2011-01-14,2.92832994,2.95806503,2.92057204,2.93156195,2677782
2011-01-17,2.92315793,2.94772196,2.89148307,2.91475511,1389167
2011-01-18,2.89924002,2.91087604,2.837183,2.83976889,7369701
2011-01-19,2.85528302,2.85528302,2.8087399,2.83007193,3700320
2011-01-20,2.82360792,2.83653593,2.72405791,2.73375392,11866705
2011-01-21,2.73763299,2.7382791,2.62838602,2.62838602,8375223
2011-01-24,2.64971805,2.68203998,2.619982,2.65036392,4616118
2011-01-26,2.65682912,2.71953297,2.65295005,2.69496799,5055454
2011-01-27,2.70595694,2.71371508,2.6923821,2.69690704,2705627
2011-01-28,2.71306801,2.72405791,2.60252905,2.60252905,7485723
2011-01-31,2.62192202,2.66587901,2.58636808,2.63743591,2946952
2011-02-01,2.60058904,2.78611493,2.59089303,2.71242189,13149
2011-02-02,2.68333197,2.72922897,2.6451931,2.6516571,4169048
2011-02-03,2.65812206,2.66393995,2.60576105,2.607054,6466
2011-02-04,2.63161802,2.63743591,2.59218597,2.59218597,4674903
2011-02-07,2.62450695,2.67557502,2.56826806,2.65295005,3554906
2011-02-08,2.65230393,2.70854306,2.58701396,2.58701396,7224
2011-02-09,2.64777899,2.68721104,2.58701396,2.60511398,5439099
2011-02-10,2.60188198,2.6419611,2.59347892,2.60446811,3455901
2011-02-11,2.60576105,2.66393995,2.58895397,2.62192202,2136347
2011-02-14,2.62579989,2.73763299,2.59541798,2.72276497,3406398
2011-02-15,2.70272493,2.80098295,2.68979692,2.76090407,3901424
2011-02-16,2.7382791,2.78482199,2.70918989,2.74086499,3957115
2011-02-17,2.74409699,2.8055079,2.70531106,2.70725012,3786950
2011-02-18,2.7350471,2.77318597,2.69626093,2.7156539,4323744
2011-02-21,2.70531106,2.73440003,2.70207906,2.71500802,635799
2011-02-22,2.71500802,2.73440003,2.68527198,2.69884706,3588939
2011-02-23,2.70272493,2.75637889,2.69044304,2.7285831,3511591
2011-02-24,2.7285831,2.7285831,2.7285831,2.7285831,0
2011-02-25,2.68527198,2.7188859,2.66781807,2.68850398,2719549
2011-02-28,2.67040396,2.71500802,2.63549709,2.63549709,5332359
2011-03-01,2.65747499,2.68785691,2.61933589,2.65876794,3681757
2011-03-02,2.6516571,2.68462491,2.6516571,2.67622209,3565735
2011-03-03,2.6684649,2.73116803,2.6684649,2.71824002,5004405
2011-03-04,2.71694708,2.72664309,2.67751503,2.70854306,4747610
2011-03-09,2.70854306,2.70854306,2.70854306,2.70854306,0
2011-03-10,2.69561505,2.72793603,2.66329288,2.6923821,3957115
2011-03-11,2.69432211,2.77706504,2.67622209,2.76025796,2772146
2011-03-14,2.7350471,2.90893698,2.70595694,2.8753221,3954021
2011-03-15,2.83071899,2.884372,2.74538994,2.85205102,3144963
2011-03-16,2.88113999,2.88113999,2.76219702,2.76542902,3100101
2011-03-17,2.77383304,2.82296109,2.76672196,2.77965093,3791591
2011-03-18,2.80809402,2.8526969,2.793226,2.793226,6514234
2011-03-21,2.85980797,2.87596893,2.83524394,2.83524394,2459
2011-03-22,2.83459711,2.89212894,2.82425404,2.8559289,3449713
2011-03-23,2.87661505,2.90828991,2.87273693,2.87273693,3684850
2011-03-24,2.90311909,2.90311909,2.84429407,2.84429407,4316
2011-03-25,2.88825107,2.89600801,2.8656261,2.89600801,2274
2011-03-28,2.91669393,2.93091512,2.85657597,2.87661505,4189158
2011-03-29,2.85786891,2.95095491,2.84946489,2.91540098,2603528
2011-03-30,2.85786891,2.95095491,2.84946489,2.91540098,2990267
2011-03-31,2.90764403,3.00331593,2.90764403,2.94448996,7671358
2011-04-01,2.94448996,2.94448996,2.94448996,2.94448996,0
2011-04-04,3.08993697,3.10286593,3.03822303,3.05115104,4139656
2011-04-05,3.08993697,3.10286593,3.03822303,3.05115104,6017661
2011-04-06,3.0356369,3.0795939,3.0356369,3.04791903,4430484
2011-04-07,3.02529407,3.0259409,2.970994,3.0059011,5717552
2011-04-08,3.01365805,3.02529407,2.96517611,2.97681189,2086844
2011-04-11,2.97681189,3.00460792,2.923805,2.96970105,3585845
2011-04-12,2.93738008,2.98069,2.90958309,2.90958309,2629826
2011-04-13,2.94448996,2.99167991,2.94125795,2.96388292,3177449
2011-04-14,2.97164011,3.01301193,2.94836903,2.97228694,3052145
2011-04-15,2.99943709,3.03175807,2.97357988,2.98780107,2394689
2011-04-18,3.0059011,3.03822303,2.97357988,3.03822303,3650817
2011-04-19,3.04080796,3.05115104,3.01236606,3.01236606,2111595
2011-04-20,3.05438399,3.070544,2.97034788,2.99943709,2682423
2011-04-25,2.99943709,3.05050492,2.98973989,3.00977993,1533034
2011-04-26,2.99361897,3.04274797,2.99361897,3.01365805,2255462
2011-04-27,3.0059011,3.02852607,2.95483303,2.98327589,4930151
2011-04-28,2.95677304,3.01430511,2.9160471,2.96388292,4173689
2011-04-29,2.95612597,2.97939801,2.92897606,2.9457829,9841738
2011-05-02,2.96970105,2.97357988,2.94190502,2.97357988,2868057
2011-05-03,2.93738008,2.99426508,2.93285489,2.98392296,2410158
2011-05-04,3.00331593,3.02270794,2.94513702,2.98586202,2195131
2011-05-05,2.96258998,3.05696893,2.95677304,3.05696893,5098769
2011-05-06,3.06408,3.10286593,3.04016209,3.04016209,3776121
2011-05-09,3.06408,3.10674405,3.03175807,3.10674405,2088
2011-05-10,3.10674405,3.10674405,3.10674405,3.10674405,0
2011-05-11,3.0026691,3.05696893,2.98004389,3.05696893,3647724
2011-05-12,3.04597998,3.07442307,3.02206206,3.04145503,3253250
2011-05-13,3.03369808,3.060848,2.99491191,3.0026691,4543411
2011-05-16,3.0026691,3.0026691,3.0026691,3.0026691,0
2011-05-17,2.96776199,3.01107311,2.95030808,2.96065092,2215242
2011-05-18,2.96258998,3.1022191,2.95612597,3.06149411,7818319
2011-05-19,3.04791903,3.15005493,3.04791903,3.13518691,6608599
2011-05-20,3.13518691,3.18043709,3.10286593,3.10286593,4470705
2011-05-23,3.10286593,3.16169095,3.05438399,3.12936902,4605290
2011-05-24,3.12936902,3.16750908,3.11838007,3.16750908,4984294
2011-05-25,3.18043709,3.20629501,3.14100504,3.19983006,3472917
2011-05-26,3.21081996,3.21275902,3.13454103,3.16104507,3989601
2011-05-27,3.15264106,3.16427708,3.11450195,3.13195491,4298992
2011-05-30,3.13195491,3.15910506,3.09640193,3.13518691,1647508
2011-05-31,3.18819499,3.18819499,3.10286593,3.12161207,6221860
2011-06-01,3.1254909,3.1397121,3.05632305,3.06666589,5592248
2011-06-02,3.08153391,3.13518691,3.07377601,3.13518691,10339858
2011-06-03,3.1222589,3.20370889,3.11320901,3.17397308,7482629
2011-06-06,3.15845895,3.17979097,3.10351205,3.14811611,6594676
2011-06-07,3.12419796,3.17138696,3.08993697,3.08993697,6931913
2011-06-08,3.11450195,3.14035892,2.99685097,3.020123,6316224
2011-06-09,3.03111196,3.067312,2.92832994,3.03175807,3109383
2011-06-10,3.03175807,3.05567598,2.98650789,2.98973989,2349827
2011-06-13,2.99297309,3.0259409,2.96776199,3.01236606,2123971
2011-06-14,3.03305101,3.04597998,3.00460792,3.03175807,2362202
2011-06-15,3.020123,3.020123,2.90893698,2.90893698,5773242
2011-06-16,2.93285489,3.01107311,2.88825107,3.0059011,4416561
2011-06-17,2.99361897,3.00137591,2.93802595,2.96065092,2403970
2011-06-20,2.94642997,2.99232602,2.94125795,2.94319701,2011043
2011-06-21,2.94642997,3.04145503,2.93414688,3.04145503,3053692
2011-06-22,3.03175807,3.07636189,3.0059011,3.0059011,3278001
2011-06-24,3.00719404,3.04468703,2.98650789,3.04468703,3010377
2011-06-27,3.05050492,3.12096596,3.04210091,3.057616,3270266
2011-06-28,3.06537294,3.07700896,3.03951597,3.070544,3479105
2011-06-29,3.05309105,3.09640193,3.020123,3.06343389,3510044
2011-06-30,3.057616,3.057616,2.98650789,3.00460792,5016780
2011-07-01,2.99555802,3.0828259,2.98650789,3.05115104,3929270
2011-07-04,3.0892911,3.0892911,3.02076888,3.070544,230496
2011-07-05,3.060848,3.13389397,3.03822303,3.10480499,3746729
2011-07-06,3.08605909,3.11514807,3.03951597,3.03951597,2102314
2011-07-07,3.05890894,3.08024096,3.00073004,3.08024096,5270481
2011-07-08,3.04016209,3.0795939,3.0059011,3.0059011,4193799
2011-07-11,2.99297309,3.04468703,2.97034788,3.01883006,6288379
2011-07-12,2.99103308,3.0291729,2.95483303,2.99426508,4203081
2011-07-13,2.99749804,3.03046608,2.977458,3.03046608,4000430
2011-07-14,3.03046608,3.04080796,2.96711493,2.96711493,2301871
2011-07-15,2.96776199,3.01624393,2.93738008,2.98586202,4619212
2011-07-18,2.94061208,3.01107311,2.94061208,3.01107311,3058333
2011-07-19,3.01624393,3.02335501,2.9884479,3.0059011,4068496
2011-07-20,3.02529407,3.0485661,3.00073004,3.04468703,3550265
2011-07-21,3.04468703,3.08541203,3.03822303,3.03822303,2303418
2011-07-22,3.0388689,3.07700896,3.01107311,3.06408,3926176
2011-07-25,3.03822303,3.07700896,3.03822303,3.04791903,9544
2011-07-26,3.06989789,3.06989789,3.01430511,3.05115104,3161979
2011-07-27,3.02270794,3.08993697,2.96970105,2.97357988,3420321
2011-07-28,2.97357988,3.02464795,2.97293305,2.98586202,3233139
2011-07-29,2.95483303,3.0059011,2.94125795,2.98650789,6327
2011-08-01,2.98973989,3.01495099,2.94513702,2.96129799,3672475
2011-08-02,2.96776199,2.98392296,2.90053296,2.92186499,7202630
2011-08-03,2.90311909,2.92186499,2.83912206,2.86691904,4470705
2011-08-04,2.83782911,2.90699697,2.79257894,2.83136511,4048385
2011-08-05,2.83136511,2.85980797,2.69109011,2.77447891,6885504
2011-08-08,2.66329288,2.71436095,2.52107811,2.52107811,8095224
2011-08-09,2.52754307,2.70078611,2.52754307,2.65036392,4837333
2011-08-10,2.65036392,2.66975689,2.56115699,2.63937497,5422083
2011-08-11,2.58636808,2.7253499,2.58636808,2.71436095,3684850
2011-08-12,2.72470403,2.74021792,2.65618205,2.68139291,2956234
2011-08-15,2.7382791,2.77254009,2.68979692,2.77060103,2007949
2011-08-16,2.76025796,2.78740811,2.74021792,2.77965093,2546290
2011-08-17,2.8119719,2.83136511,2.75896502,2.83136511,5350923
2011-08-18,2.7790041,2.7790041,2.64325404,2.71500802,3858110
2011-08-19,2.71436095,2.71436095,2.607054,2.65036392,3528608
2011-08-22,2.65812206,2.71112895,2.64907193,2.65036392,1687729
2011-08-23,2.65101099,2.71436095,2.6419611,2.71436095,3981866
2011-08-24,2.71371508,2.76284289,2.70207906,2.73246098,3138775
2011-08-25,2.73246098,2.81585097,2.71953297,2.81585097,3067615
2011-08-26,2.80744696,2.82360792,2.72341108,2.74538994,2888168
2011-08-29,2.7790041,2.84300089,2.75444007,2.84300089,1718668
2011-08-30,2.8559289,2.87015104,2.8249011,2.85140395,1775906
2011-08-31,2.86368704,2.97357988,2.84429407,2.97357988,3672475
2011-09-01,2.98004389,3.05115104,2.93091512,2.93479395,5443740
2011-09-02,2.93414688,2.97357988,2.90247202,2.90893698,4104076
2011-09-05,2.86045408,2.89988708,2.76801491,2.77706504,2420987
2011-09-06,2.72341108,2.93285489,2.72276497,2.92186499,5689706
2011-09-08,2.92832994,3.01236606,2.89148307,2.96711493,3135681
2011-09-09,2.927037,2.93350101,2.86110091,2.88889694,3304299
2011-09-12,2.88566494,2.8953619,2.8216691,2.89342189,2167286
2011-09-13,2.90117908,2.90117908,2.85399008,2.86368704,2093032
2011-09-14,2.86368704,2.93673301,2.81261897,2.91410804,1724856
2011-09-15,2.93802595,2.97164011,2.90376496,2.91669393,2170380
2011-09-16,2.90893698,3.02658701,2.90893698,3.02658701,2270932
2011-09-19,2.97357988,3.09963393,2.96129799,3.03822303,5892358
2011-09-20,3.06989789,3.06989789,2.96840811,3.0059011,3862751
2011-09-21,3.03046608,3.06925106,2.97357988,2.97357988,6299207
2011-09-22,2.91216898,2.96582294,2.84558606,2.91540098,6913349
2011-09-23,2.87726212,2.90828991,2.79839706,2.80938601,4099435
2011-09-26,2.81391096,2.87015104,2.76478291,2.81843591,2533915
2011-09-27,2.84429407,2.85722208,2.80356789,2.82037592,3321316
2011-09-28,2.82037592,2.90635109,2.81649709,2.8249011,3762198
2011-09-29,2.81520391,2.90505791,2.76866102,2.76866102,3372365
2011-09-30,2.76930809,2.84170794,2.76672196,2.8249011,4712030
2011-10-03,2.82102203,2.88243294,2.77124691,2.78158998,6475560
2011-10-04,2.78611493,2.92962193,2.78288293,2.85851502,6497218
2011-10-05,2.84493995,2.96065092,2.84493995,2.8720901,9544723
2011-10-06,2.90893698,2.94125795,2.88049412,2.89342189,7301635
2011-10-07,2.86433291,2.9490149,2.81132603,2.84429407,3663193
2011-10-10,2.88695788,2.92832994,2.86368704,2.923805,2479771
2011-10-11,2.92121911,2.97228694,2.90247202,2.90247202,3025847
2011-10-13,2.92897606,2.98973989,2.89342189,2.98973989,4294351
2011-10-14,3.00525498,3.08347297,2.93867207,2.95935798,3347614
2011-10-17,2.94772196,2.95160103,2.89212894,2.91540098,3523967
2011-10-18,2.94772196,2.95160103,2.89212894,2.91540098,3525514
2011-10-19,2.96517611,2.98004389,2.93479395,2.97293305,2419440
2011-10-20,2.97293305,3.00073004,2.88954401,2.88954401,2761317
2011-10-21,2.91346192,3.01495099,2.91346192,2.98392296,2605075
2011-10-24,3.00654793,3.03757596,2.99103308,2.99297309,3933911
2011-10-25,2.99297309,2.99297309,2.99297309,2.99297309,0
2011-10-26,2.99297309,2.99297309,2.99297309,2.99297309,0
2011-10-27,2.99297309,2.99297309,2.99297309,2.99297309,0
2011-10-28,3.06343389,3.07830095,2.99426508,3.03822303,2642202
2011-10-31,3.03822303,3.057616,2.96129799,2.96129799,5156006
2011-11-01,2.93544006,3.01042604,2.93479395,3.0059011,3291923
2011-11-03,3.06860495,3.07700896,3.00396204,3.05438399,3120211
2011-11-04,3.05438399,3.09963393,2.98069,3.09963393,3428056
2011-11-07,3.07506895,3.10286593,3.04985905,3.0989871,2476677
2011-11-08,3.09640193,3.12613702,3.05115104,3.10286593,3035129
2011-11-09,3.04468703,3.18948698,3.04468703,3.15910506,7085061
2011-11-10,3.15910506,3.15910506,3.15910506,3.15910506,0
2011-11-11,3.15458012,3.19013405,3.10351205,3.15522695,4713577
2011-11-14,3.12161207,3.21275902,3.08541203,3.14876199,2770599
2011-11-16,3.21275902,3.28839111,3.16233706,3.23990893,6235782
2011-11-17,3.21146607,3.21146607,3.12290502,3.12290502,3047504
2011-11-18,3.15458012,3.1791451,3.12031889,3.16750908,2255462
2011-11-21,3.10997701,3.19983006,3.10480499,3.18043709,2136347
2011-11-22,3.21146607,3.21534491,3.1429441,3.17785192,2323529
2011-11-23,3.16104507,3.19724488,3.14617705,3.19724488,2854135
2011-11-24,3.19595194,3.22051597,3.14747,3.22051597,887953
2011-11-25,3.19595194,3.21922302,3.16427708,3.16880202,1516017
2011-11-28,3.19401312,3.27029109,3.18367004,3.1856091,3078443
2011-11-29,3.20952702,3.22504091,3.16233706,3.17203403,2442644
2011-11-30,3.21534491,3.29679489,3.17785192,3.23150492,6020755
2011-12-01,3.28709793,3.290977,3.19983006,3.26188803,2626732
2011-12-02,3.27416992,3.29485607,3.17074108,3.19336605,4124186
2011-12-05,3.20952702,3.25671601,3.17785192,3.20952702,3476011
2011-12-06,3.19401312,3.24184799,3.14617705,3.22762704,3641536
2011-12-07,3.19659805,3.21663809,3.13583398,3.14359093,4560428
2011-12-08,3.14359093,3.18043709,3.0892911,3.16750908,3426509
2011-12-09,3.14940906,3.18819499,3.11708689,3.18690205,8116882
2011-12-12,3.18690205,3.18690205,3.18690205,3.18690205,0
2011-12-13,3.21081996,3.25089788,3.17397308,3.23085904,3578110
2011-12-14,3.23085904,3.27416992,3.21987009,3.2360301,5550480
2011-12-15,3.25865602,3.25865602,3.18496203,3.19077992,4546505
2011-12-16,3.17849803,3.21987009,3.17397308,3.21340489,2130159
2011-12-19,3.21340489,3.23150492,3.17979097,3.20306301,1246847
2011-12-20,3.23150492,3.27352309,3.19983006,3.27093792,3590486
2011-12-21,3.24960589,3.26835203,3.20694089,3.23990893,4037557
2011-12-22,3.24184799,3.35044909,3.21146607,3.30519891,5146725
2011-12-23,3.32911611,3.35368109,3.290977,3.33881307,1584083
2011-12-26,3.35691309,3.36143804,3.32459092,3.35949898,306297
2011-12-27,3.34010601,3.41961694,3.34010601,3.41185999,2700986
2011-12-28,3.40022397,3.41315198,3.3032589,3.31748104,2994908
2011-12-29,3.32329893,3.36337709,3.31101608,3.36337709,3078443
2012-01-02,3.34204507,3.40022397,3.2593019,3.2593019,2843306
2012-01-03,3.28515911,3.37824512,3.28515911,3.374367,6398213
2012-01-04,3.36790204,3.54502392,3.36790204,3.52951002,10161958
2012-01-05,3.52951002,3.56247807,3.43383789,3.45840311,7626496
2012-01-06,3.45064497,3.49395609,3.40991998,3.45840311,3032035
2012-01-09,3.45840311,3.50688505,3.44870591,3.49718809,6351804
2012-01-10,3.49718809,3.50300598,3.46357393,3.46809912,5654126
2012-01-11,3.4596951,3.49718809,3.4125061,3.46486712,2756676
2012-01-12,3.45840311,3.53338909,3.42220211,3.45193791,4600649
2012-01-13,3.45193791,3.49330997,3.37695193,3.41444492,4046838
2012-01-16,3.42414188,3.45904899,3.37371993,3.44547391,2277120
2012-01-17,3.44547391,3.44547391,3.44547391,3.44547391,0
2012-01-18,3.424788,3.4532311,3.39763808,3.43771696,5733021
2012-01-19,3.43771696,3.49072409,3.43771696,3.48426008,5010592
2012-01-20,3.47197795,3.51916695,3.44030309,3.50236011,8075114
2012-01-23,3.49460292,3.53855991,3.49137092,3.52175307,4801753
2012-01-24,3.54179192,3.55665994,3.4765029,3.52951002,3813248
2012-01-26,3.56506395,3.65750289,3.49848104,3.64198899,7626496
2012-01-27,3.65556407,3.71891403,3.57863903,3.6264739,6914896
2012-01-30,3.6264739,3.691118,3.60061693,3.67948198,2844853
2012-01-31,3.7033999,3.77127504,3.65427089,3.77127504,4538771
2012-02-01,3.78808188,3.7964859,3.73636794,3.74994302,5974346
2012-02-02,3.76093197,3.80682898,3.73959994,3.74929595,4326838
2012-02-03,3.72925711,3.85466409,3.72537804,3.76739597,7691468
2012-02-06,3.74606395,3.7964859,3.72537804,3.7964859,4283523
2012-02-07,3.81393909,3.92577195,3.76868892,3.90831804,6036225
2012-02-08,3.91155005,3.9335289,3.8566041,3.91736794,4447500
2012-02-09,3.9496901,3.98136497,3.8863399,3.92059994,5496337
2012-02-10,3.91284299,3.98330402,3.84432197,3.85143209,4320650
2012-02-13,3.85143209,3.85143209,3.85143209,3.85143209,0
2012-02-14,3.971668,4.09319687,3.96391106,4.08544016,9309585
2012-02-15,4.11129713,4.18240499,4.0705719,4.15008307,11730573
2012-02-16,4.12422609,4.18434381,4.12422609,4.17594004,24500701
2012-02-17,4.05764389,4.20050478,3.9496901,4.17076921,12080185
2012-02-23,4.10612583,4.14232588,4.07703686,4.08414698,11083945
2012-02-24,4.09255123,4.14361906,4.09255123,4.14361906,4517113
2012-02-27,4.16236496,4.16301203,4.10483313,4.12099409,2991814
2012-02-28,4.1222868,4.19016218,4.08673286,4.1087122,6631803
2012-02-29,4.1087122,4.192101,4.0738039,4.192101,5966612
2012-03-01,4.20115089,4.22119093,4.17529392,4.20179796,5550480
2012-03-02,4.21472597,4.31621599,4.1765871,4.31621599,5708270
2012-03-05,4.31427717,4.32074118,4.23088694,4.29423714,4012805
2012-03-06,4.2554512,4.29746914,4.19403982,4.22765493,4139656
2012-03-07,4.28906584,4.29617596,4.23347282,4.25997591,2883527
2012-03-08,4.37892008,4.37892008,4.26838017,4.29165077,4733687
2012-03-09,4.31104422,4.31104422,4.25868416,4.28583384,8497433
2012-03-12,4.22506905,4.31880188,4.22506905,4.27613688,4153578
2012-03-13,4.31169081,4.39443398,4.22313023,4.39443398,2666953
2012-03-14,4.38150501,4.39895916,4.31233692,4.39895916,4128827
2012-03-15,4.3963728,4.42610884,4.35370922,4.41059494,2122424
2012-03-16,4.38279819,4.43645191,4.31492281,4.31492281,4789378
2012-03-19,4.31492281,4.31492281,4.31492281,4.31492281,0
2012-03-20,4.38215208,4.38215208,4.32332706,4.36340523,2159551
2012-03-21,4.34142685,4.3892622,4.32979107,4.36017323,1611928
2012-03-22,4.34142685,4.3892622,4.32979107,4.36017323,4046838
2012-03-23,4.40219116,4.40800905,4.33431578,4.34983015,2750489
2012-03-26,4.34983015,4.48558092,4.32785177,4.4442091,8817653
2012-03-27,4.46166277,4.47329807,4.37439489,4.4455018,4462970
2012-03-28,4.41253424,4.50691319,4.40025187,4.48622704,4671809
2012-03-29,4.44356298,4.49269104,4.42934084,4.49269104,4161313
2012-03-30,4.49269104,4.5179019,4.44485521,4.50303411,8297876
2012-04-02,4.52371979,4.76807117,4.47976303,4.7609601,8242185
2012-04-03,4.76225281,4.815907,4.57349491,4.62262392,5279763
2012-04-04,4.62327003,4.62327003,4.48105621,4.50562,9294116
2012-04-05,4.54311323,4.62908792,4.502388,4.60581684,5561309
2012-04-09,4.52759886,4.62973499,4.52759886,4.57026291,2572589
2012-04-10,4.52565908,4.59030199,4.39508009,4.46424818,7923512
2012-04-11,4.47782278,4.53083086,4.40025187,4.42804813,5542746
2012-04-12,4.42804813,4.51854897,4.38344479,4.51854897,3964850
2012-04-13,4.46360207,4.52371979,4.45455217,4.47006607,3933911
2012-04-16,4.47071314,4.55668783,4.40865517,4.48558092,2608169
2012-04-17,4.53083086,4.53664923,4.41576576,4.4442091,4172142
2012-04-18,4.45713806,4.58319187,4.45584488,4.52565908,7235116
2012-04-19,4.51273108,4.58965588,4.51273108,4.5637989,4712030
2012-04-20,4.58965588,4.63361311,4.52953815,4.60904884,2668500
2012-04-23,4.58836317,4.58965588,4.47006607,4.47265196,2690157
2012-04-24,4.47006607,4.59482718,4.45196581,4.59482718,2317341
2012-04-25,4.65365314,4.65429878,4.55991983,4.62908792,1898115
2012-04-26,4.62003803,4.66528797,4.54052687,4.66528797,3411039
2012-04-27,4.66593504,4.78358507,4.54311323,4.75837421,3401757
2012-04-30,4.75966692,4.85081387,4.73510313,4.8378849,3178996
2012-05-02,4.75966692,4.85081387,4.73510313,4.8378849,8008595
2012-05-03,4.8346529,4.93291092,4.79004908,4.86891413,5381862
2012-05-04,4.82624912,4.92450714,4.78358507,4.78358507,5944954
2012-05-07,4.7195878,4.91222477,4.7195878,4.80621004,6817438
2012-05-08,4.81525993,4.84434986,4.75191021,4.84434986,5104957
2012-05-09,4.78552389,4.92579985,4.78552389,4.85857105,4520207
2012-05-10,4.91287088,4.96458578,4.86697483,4.91287088,4283523
2012-05-11,4.96199989,4.96199989,4.85533905,4.91287088,2929936
2012-05-14,4.90963888,4.91287088,4.71247816,4.7512641,4613025
2012-05-15,4.7131238,4.76742411,4.59418106,4.61809921,8039534
2012-05-16,4.63490582,4.75902081,4.5825448,4.62327003,5760866
2012-05-17,4.60775614,4.66205597,4.44679499,4.46812677,5202415
2012-05-18,4.48816586,4.54311323,4.43645191,4.48945904,8533013
2012-05-21,4.55410194,4.55991983,4.43645191,4.51531601,6594676
2012-05-22,4.47976303,4.62133121,4.43968391,4.60387707,6108932
2012-05-23,4.62197685,4.65106678,4.46812677,4.50691319,4903852
2012-05-24,4.46877289,4.55733395,4.4474411,4.55733395,6342522
2012-05-25,4.5243659,4.54440594,4.47200584,4.47976303,5909374
2012-05-28,4.52501297,4.53923416,4.47782278,4.52501297,1929055
2012-05-29,4.55280876,4.5760808,4.51402378,4.53794098,3505404
2012-05-30,4.5146699,4.58642387,4.459723,4.47394514,3380100
2012-05-31,4.48040915,4.59030199,4.46295595,4.59030199,8874890
2012-06-01,4.5793128,4.62133121,4.46812677,4.59547377,5640204
2012-06-04,4.59870577,4.64201689,4.54182005,4.54311323,2523086
2012-06-05,4.54311323,4.58900881,4.53406286,4.53794098,2315794
2012-06-06,4.52824497,4.62197685,4.43257284,4.62197685,7060310
2012-06-08,4.62197685,4.65429878,4.54828405,4.64136982,4235567
2012-06-11,4.65300608,4.72476006,4.63426018,4.7060132,7242851
2012-06-12,4.67369223,4.83077383,4.66916704,4.83077383,4234020
2012-06-13,4.8281889,4.91287088,4.75643492,4.91287088,4227832
2012-06-14,4.85081387,4.93485022,4.83077383,4.84822798,2391595
2012-06-15,4.88701391,4.92579985,4.77065611,4.77065611,9908258
2012-06-18,4.77065611,4.77065611,4.77065611,4.77065611,0
2012-06-19,4.88378191,4.96006107,4.84887505,4.92709303,5604624
2012-06-20,4.956182,4.956182,4.86050987,4.91287088,3372365
2012-06-21,4.93549585,4.95295,4.81978512,4.90188217,3636895
2012-06-22,4.91933489,4.91933489,4.80944204,4.815907,4876007
2012-06-25,4.78487778,4.88054991,4.77259588,4.84822798,2270932
2012-06-26,4.8928318,4.93355703,4.85145998,4.90640688,2792256
2012-06-27,4.89735699,5.05443907,4.89412498,4.99819994,5514900
2012-06-28,5.02276421,5.09064007,4.97622108,4.99626112,5074018
2012-06-29,5.02082491,5.13071823,4.8824892,4.97751379,7267602
2012-07-02,4.95812082,5.02147102,4.94325304,4.97751379,4792472
2012-07-03,4.99044323,5.00337076,4.94713211,4.98397923,5324625
2012-07-04,4.99044323,5.0098362,4.95812082,4.99367523,1582536
2012-07-05,5.01500702,5.0163002,4.92773914,4.98268604,3100101
2012-07-06,4.97751379,5.01500702,4.92709303,5.01500702,2438003
2012-07-10,4.98268604,5.01242113,4.89670992,4.90770006,4520207
2012-07-11,4.87990284,4.94519281,4.84822798,4.8915391,3148056
2012-07-12,4.815907,4.91933489,4.80427122,4.89994287,4436671
2012-07-13,4.90511417,4.94519281,4.86374187,4.93032503,2968610
2012-07-16,4.93032503,4.93032503,4.93032503,4.93032503,0
2012-07-17,4.93226385,5.09128618,4.93226385,5.09128618,4800206
2012-07-18,5.10486078,5.10486078,5.00401783,5.08417511,3745182
2012-07-19,5.05637884,5.11326504,5.04280376,5.10680008,5683519
2012-07-20,5.08934689,5.18566513,5.08934689,5.18437195,5647939
2012-07-23,5.1481719,5.22638988,5.132658,5.22315788,4834239
2012-07-24,5.22251081,5.27810383,5.15916109,5.21022892,10267151
2012-07-25,5.23996496,5.27616501,5.16174698,5.23608589,6042413
2012-07-26,5.27745819,5.36407995,5.24190378,5.36407995,8429367
2012-07-27,5.36407995,5.51663685,5.34145498,5.48560905,5358658
2012-07-30,5.50370884,5.62394524,5.43066216,5.62394524,2919107
2012-07-31,5.61683416,5.70733404,5.56641197,5.65497303,8013235
2012-08-01,5.62523794,5.68729496,5.4804368,5.52697992,8355113
2012-08-02,5.52568722,5.53667688,5.41385508,5.46233702,4186064
2012-08-03,5.57675505,5.59808683,5.46815491,5.59808683,4707389
2012-08-06,5.64269114,5.70087004,5.534091,5.66919518,2878886
2012-08-07,5.62523794,5.7325449,5.62523794,5.71121311,5408160
2012-08-08,5.68276978,5.76615906,5.67501307,5.76615906,5057001
2012-08-09,5.70668793,5.75258398,5.60649109,5.64721584,5337000
2012-08-10,5.70668793,5.75258398,5.60649109,5.64721584,4251037
2012-08-13,5.75646305,5.85213518,5.71315193,5.76486683,5652579
2012-08-14,5.72090912,5.78102684,5.72090912,5.76615906,5248824
2012-08-15,5.76615906,5.81334877,5.70862722,5.72090912,3941645
2012-08-16,5.77262402,5.94715977,5.75323105,5.94522095,6486389
2012-08-17,5.86377001,5.94974613,5.86377001,5.92259598,4415014
2012-08-20,5.95297813,5.96655321,5.88186979,5.90190983,0
2012-08-21,5.96655321,5.97107792,5.90384912,5.92647409,3709602
2012-08-22,5.92582798,5.99628878,5.86894178,5.97818899,6696775
2012-08-23,5.90449619,5.99499607,5.80171299,5.84825611,9668479
2012-08-24,5.84825611,5.97301722,5.83015585,5.90514183,3636895
2012-08-27,5.87023497,5.90255594,5.82563114,5.85019493,4367058
2012-08-28,5.88251686,5.92582798,5.84954882,5.89544487,3271813
2012-08-29,5.9141922,5.9141922,5.73319101,5.76809883,7355779
2012-08-30,5.75323105,5.75516987,5.674366,5.7293129,3918441
2012-08-31,5.7293129,5.80300617,5.40286493,5.56576586,11467590
2012-09-03,5.57546186,5.80300617,5.40286493,5.57546186,4444406
2012-09-04,5.52439404,5.61877298,5.50758696,5.61877298,3754464
2012-09-05,5.68535614,5.81464195,5.40286493,5.77844191,4514019
2012-09-06,5.81787395,5.82692385,5.70474815,5.75969505,4077778
2012-09-10,5.75323105,5.75775623,5.60649109,5.60649109,0
2012-09-11,5.63622713,5.71896982,5.36795807,5.40997601,10420300
2012-09-12,5.35826206,5.35826206,4.93226385,5.02922916,0
2012-09-13,5.06478214,5.36472607,4.97234297,5.32270813,0
2012-09-14,5.33434391,5.3453331,5.05573177,5.09968996,0
2012-09-17,5.10744715,5.16950417,4.88313484,4.92903185,14170123
2012-09-18,4.93420315,5.16109991,4.93420315,5.08934689,9035774
2012-09-19,5.04732895,5.13653612,4.94842482,4.97751379,12304494
2012-09-20,4.99173594,5.04151106,4.93872786,4.99367523,5910921
2012-09-21,4.99044323,5.02276421,4.94196081,4.94196081,4186064
2012-09-24,4.95812082,5.15722179,4.94842482,5.13912201,10966376
2012-09-25,5.11972904,5.25871086,5.0744791,5.1417079,9523065
2012-09-26,5.09968996,5.17596817,5.07189322,5.13718319,7807490
2012-09-27,5.13718319,5.26840782,5.07835722,5.26840782,8972349
2012-09-28,5.23543978,5.36472607,5.18501806,5.36472607,15506694
2012-10-01,5.36343288,5.43971205,5.32723284,5.40157318,12623167
2012-10-02,5.4190259,5.53990889,5.39834023,5.5218091,8310251
2012-10-03,5.53926182,5.63687277,5.49465895,5.63687277,8027158
2012-10-04,5.62394524,5.78490591,5.5922699,5.73707008,15208131
2012-10-05,5.7377162,5.85019493,5.7377162,5.85019493,8175666
2012-10-08,5.82369184,5.87411308,5.713799,5.73060608,10700299
2012-10-09,5.77844191,5.77844191,5.60842991,5.70280886,6935007
2012-10-10,5.70280886,5.77844191,5.64139795,5.68794107,3680210
2012-10-11,5.72349501,5.72608089,5.50758696,5.59162283,5940313
2012-10-15,5.64204502,5.68794107,5.406744,5.66273117,7773457
2012-10-16,5.70733404,5.73707008,5.6174798,5.713799,6263627
2012-10-17,5.71250582,5.75064516,5.63816595,5.69505215,5906280
2012-10-18,5.65303421,5.65303421,5.5250411,5.54314089,7677546
2012-10-19,5.52762699,5.58580494,5.50176907,5.50176907,4846615
2012-10-22,5.51275921,5.62394524,5.50435495,5.59614801,2190490
2012-10-23,5.52051592,5.55089808,5.39575481,5.42355108,3720430
2012-10-24,5.397048,5.53344393,5.397048,5.47655916,2832477
2012-10-25,5.51728392,5.59485483,5.38476515,5.42549086,12197754
2012-10-26,5.38023996,5.52568722,5.30396223,5.47268009,5377221
2012-10-29,5.49142599,5.58128023,5.38605785,5.57869482,3814795
2012-10-30,5.58192682,5.713799,5.53279781,5.68858814,3544077
2012-10-31,5.65626621,5.72995901,5.46556902,5.55800915,7142299
2012-11-01,5.537323,5.55930185,5.4791441,5.55930185,4373246
2012-11-05,5.46944809,5.61942005,5.39769411,5.61942005,6299207
2012-11-06,5.56641197,5.66790199,5.46556902,5.55671597,6254346
2012-11-07,5.55283689,5.56382704,5.44423723,5.51663685,7196442
2012-11-08,5.4739728,5.49724388,5.33757591,5.41514778,11716650
2012-11-09,5.42678308,5.4603982,5.23673296,5.41708708,6495671
2012-11-12,5.40028,5.4190259,5.30654716,5.35567617,5230260
2012-11-13,5.3330512,5.40415812,5.27293301,5.40415812,8958426
2012-11-14,5.33951521,5.55283689,5.14558601,5.46233702,31834823
2012-11-16,5.46104383,5.60325909,5.38928986,5.57740211,20849883
2012-11-19,5.58515882,5.62976313,5.51081896,5.51211214,11396430
2012-11-21,5.55930185,5.55930185,5.20570421,5.2063508,21012313
2012-11-22,5.26517582,5.360847,4.91610289,5.33951521,13224933
2012-11-23,5.31947613,5.83791304,5.2819829,5.83726692,17428014
2012-11-26,5.77262402,5.96073484,5.65626621,5.83985186,10075329
2012-11-27,5.82886314,5.89156723,5.62394524,5.6433382,10561073
2012-11-28,5.6433382,5.70604086,5.55477715,5.63040876,6656554
2012-11-29,5.67178106,5.72155619,5.60455179,5.66596317,5477773
2012-11-30,5.68794107,5.8023591,5.5250411,5.59162283,14391338
2012-12-03,5.6556201,5.68729496,5.58839083,5.66273117,5196227
2012-12-04,5.60584497,5.66854811,5.54184818,5.60972309,4022087
2012-12-05,5.62006617,5.62394524,5.4739728,5.53538418,3180543
2012-12-06,5.49465895,5.55025196,5.42031908,5.46233702,4413467
2012-12-07,5.45716619,5.6174798,5.42743015,5.60131979,9093011
2012-12-10,5.51663685,5.61230898,5.4700942,5.5218091,6118213
2012-12-11,5.52310181,5.58580494,5.48819399,5.52051592,7143846
2012-12-12,5.50694084,5.57869482,5.43648005,5.49142599,6740090
2012-12-13,5.4739728,5.49077988,5.36989784,5.41256189,6840642
2012-12-14,5.49013376,5.52633381,5.34921217,5.52633381,5371033
2012-12-17,5.4772048,5.52310181,5.46233702,5.49142599,6706057
2012-12-18,5.52568722,5.58386612,5.50176907,5.55283689,6220313
2012-12-19,5.56835222,5.56835222,5.43066216,5.51728392,9018757
2012-12-20,5.51017284,5.6110158,5.45199394,5.6110158,5914015
2012-12-21,5.52697992,5.62394524,5.46298313,5.60455179,11769246
2012-12-26,5.56641197,5.60131979,5.53021193,5.5974412,3483746
2012-12-27,5.59808683,5.6039052,5.52762699,5.59162283,5932579
2012-12-28,5.59162283,5.61554098,5.53861618,5.61554098,7235116
2013-01-02,5.62394524,5.64786291,5.56317997,5.61295509,6679759
2013-01-03,5.61295509,5.61295509,5.39769411,5.52697992,8610361
2013-01-04,5.51986885,5.59356213,5.46233702,5.52310181,11127259
2013-01-07,5.50435495,5.57222986,5.4707408,5.57222986,5180758
2013-01-08,5.57740211,5.59162283,5.4772048,5.49465895,8515996
2013-01-09,5.49465895,5.54960489,5.45005512,5.52633381,6673571
2013-01-10,5.5250411,5.64592314,5.4836688,5.6110158,12191566
2013-01-11,5.61942005,5.67565918,5.543787,5.66079092,5242636
2013-01-14,5.63751984,5.73319101,5.59485483,5.71896982,9193564
2013-01-15,5.63751984,5.73319101,5.59291601,5.6019659,6028490
2013-01-16,5.60584497,5.72802019,5.59162283,5.72802019,5476226
2013-01-17,5.70668793,5.88574886,5.67630577,5.87928486,7877103
2013-01-18,5.87863779,5.94069576,5.83209515,5.85665989,11453667
2013-01-21,5.88186979,5.96590614,5.88186979,5.94069576,7745612
2013-01-22,5.96526003,5.97883511,5.86247778,5.97754192,4719765
2013-01-23,5.96526003,5.97883511,5.82886314,5.83726692,8881078
2013-01-24,5.85536718,5.90126324,5.75904894,5.86764908,14515095
2013-01-28,5.88251686,5.98206711,5.76615906,5.82886314,9648369
2013-01-29,5.82756996,5.86829519,5.71767712,5.85019493,6006833
2013-01-30,5.84954882,5.88186979,5.69505215,5.73383808,11142729
2013-01-31,5.8023591,5.8023591,5.71250582,5.79848099,9173453
2013-02-01,5.74547386,5.97172403,5.74547386,5.85342789,9645275
2013-02-04,5.81916714,6.07450724,5.81722689,6.07062817,22002365
2013-02-05,6.04412413,6.15466404,6.01891422,6.10876799,14357305
2013-02-06,6.10876799,6.10876799,5.95297813,6.05640697,4596008
2013-02-07,6.01374197,6.06998205,5.95556402,5.96784592,10045937
2013-02-08,5.96849203,6.09583902,5.89285994,5.92518091,6603958
2013-02-13,5.9277668,6.00986385,5.91613102,5.9342308,4350042
2013-02-14,5.9342308,5.9756031,5.87928486,5.95362377,7462519
2013-02-15,5.90190983,6.02925682,5.87993097,6.00469208,5029156
2013-02-18,6.01115704,6.10876799,6.01115704,6.0680418,4531036
2013-02-19,6.06933498,6.13915014,6.06933498,6.12104988,7201083
2013-02-20,6.08032513,6.17535019,6.06675005,6.11975718,8147821
2013-02-21,6.11587811,6.11587811,6.00921679,6.05705309,9552457
2013-02-22,6.09842491,6.09842491,5.88251686,5.9342308,15457191
2013-02-25,5.94263506,6.06675005,5.92841291,6.00986385,6379649
2013-02-26,5.97948122,6.13979578,5.97948122,6.10100985,6088821
2013-02-27,6.11199999,6.20379305,6.08420277,6.17341089,6515781
2013-02-28,6.20249987,6.28330421,6.14238214,6.20379305,10776100
2013-03-01,6.15724993,6.26391077,6.14755297,6.20637894,5733021
2013-03-04,6.19344997,6.2244792,6.09066677,6.11199999,6836001
2013-03-05,6.16629982,6.2244792,6.03636694,6.04024601,7552242
2013-03-06,6.10100985,6.16371393,6.09648514,6.12816,6817438
2013-03-07,6.15207815,6.19474316,6.05188179,6.121696,7728595
2013-03-08,6.14044285,6.19474316,6.08937502,6.11846399,3019659
2013-03-11,6.17341089,6.20443916,6.04735708,6.10876799,3534796
2013-03-12,6.11199999,6.12557507,6.00081396,6.08614206,3499216
2013-03-13,6.05770016,6.07127523,5.97301722,5.99952078,4199987
2013-03-14,6.01309586,6.0648098,5.97107792,5.99241018,4204628
2013-03-15,5.99241018,6.03701401,5.90514183,5.90514183,12918635
2013-03-18,5.90578794,5.94004917,5.7926631,5.94004917,6916443
2013-03-19,5.90578794,5.94392776,5.71573782,5.75581694,9577209
2013-03-20,5.71896982,5.83661985,5.60455179,5.73383808,8584063
2013-03-21,5.7377162,5.85019493,5.68858814,5.74676609,5935673
2013-03-22,5.86312389,5.97754192,5.84373093,5.89738512,15848571
2013-03-25,5.87152815,6.10812092,5.86377001,6.08614206,13969019
2013-03-26,6.15401793,6.21736813,6.06545687,6.07321405,22401480
2013-03-27,6.07321405,6.13203907,6.04347801,6.07644606,13105817
2013-03-28,6.08937502,6.23740721,6.07321405,6.07967806,0
2013-04-01,6.07967806,6.11523199,5.98853111,5.99887419,10042843
2013-04-02,6.07967806,6.11523199,5.96461391,5.99887419,14985370
2013-04-03,5.97366381,6.03701401,5.96655321,6.01180315,7600198
2013-04-04,6.02925682,6.04347801,5.97689581,6.01180315,5185399
2013-04-05,6.03378201,6.09325314,5.95427084,6.08484983,6139871
2013-04-08,6.05705309,6.07838488,5.96655321,6.02149916,12285930
2013-04-09,6.02149916,6.04412413,5.9342308,6.02473211,13467805
2013-04-10,6.02473211,6.15789604,6.02473211,6.08291006,10677095
2013-04-11,6.07321405,6.13785696,5.9213028,5.9342308,20204802
2013-04-12,5.93810987,6.01568222,5.91483784,5.97948122,8822294
2013-04-15,5.91548491,5.96590614,5.79848099,5.83403492,8387599
2013-04-16,5.91354609,6.01762104,5.89221287,6.01115704,8912017
2013-04-17,5.93229198,5.984653,5.84437704,5.9342308,9792236
2013-04-18,5.90514183,6.01568222,5.90190983,5.96784592,7236663
2013-04-19,5.98335981,6.02408504,5.94457388,5.96655321,5745397
2013-04-22,5.75323105,5.75323105,5.61877298,5.66984081,17745140
2013-04-23,5.74418116,5.77908802,5.52891922,5.58515882,12729907
2013-04-24,5.59291601,5.79460192,5.57352304,5.67242718,10612638
2013-04-25,5.68406296,5.75775623,5.62976313,5.66273117,6573019
2013-04-26,5.64915514,5.69763803,5.58322001,5.60649109,0
2013-04-29,5.67048788,5.67630577,5.36795807,5.40092611,9395699
2013-04-30,5.42807579,5.47461891,5.30783987,5.46880102,10058312
2013-05-02,5.40480518,5.5560689,5.3330512,5.53473711,7517178
2013-05-03,5.53667688,5.61230898,5.40480518,5.47268009,7276884
2013-05-06,5.46104383,5.46104383,5.26905394,5.31365824,15719658
2013-05-07,5.28262901,5.3485651,5.19536114,5.24578285,20019167
2013-05-08,5.27681208,5.44165087,5.25160122,5.39123011,8470619
2013-05-09,5.40092611,5.47655916,5.29814386,5.36214018,6013020
2013-05-10,5.36214018,5.40092611,5.17790794,5.36989784,7823991
2013-05-13,5.36601877,5.36601877,5.17790794,5.21087599,5344219
2013-05-14,5.20311785,5.22638988,5.09064007,5.19342184,10787960
2013-05-15,5.23608589,5.26905394,5.04215717,5.06155014,16385881
2013-05-16,5.02276421,5.11972904,4.99755383,5.09064007,9792236
2013-05-17,5.09257889,5.14881802,4.94713211,4.95876789,9999528
2013-05-20,5.09257889,5.18760395,4.92579985,5.12166786,14428465
2013-05-21,5.09451818,5.29426479,5.09257889,5.29426479,12927917
2013-05-22,5.27681208,5.37377596,5.23802614,5.37183714,6989666
2013-05-23,5.30008316,5.44552994,5.19924021,5.38153315,7190770
2013-05-24,5.39123011,5.406744,5.23220778,5.3233552,17088715
2013-05-27,5.30396223,5.40868282,5.30396223,5.36989784,1491781
2013-05-28,5.39123011,5.4707408,5.37377596,5.42031908,7161894
2013-05-29,5.41644096,5.41644096,5.29232597,5.36020088,6380165
2013-05-31,5.29426479,5.36795807,5.086761,5.21281481,14341320
2013-06-03,5.21281481,5.2787509,5.11972904,5.15269709,4199471
2013-06-04,5.2147541,5.23996496,5.02470398,5.11972904,8254045
2013-06-05,5.08482218,5.12166786,4.8947711,4.98397923,13300734
2013-06-06,5.00918913,5.07512522,4.79392815,5.01888609,26313734
2013-06-07,4.94131422,5.08094311,4.93355703,5.05961084,7942591
2013-06-10,4.8501668,4.95295,4.75320292,4.88507509,12159595
2013-06-11,4.80944204,4.9374361,4.77259588,4.84822798,6563221
2013-06-12,4.88701391,4.95101118,4.77841377,4.81138182,8261780
2013-06-13,4.79198885,4.90446806,4.79198885,4.84434986,5287498
2013-06-14,4.8928318,4.8928318,4.74156713,4.78035307,5163741
2013-06-17,4.81138182,4.88701391,4.74350595,4.80362415,6889114
2013-06-18,4.82883501,4.92386007,4.776474,4.84822798,8704210
2013-06-19,4.79392815,4.88507509,4.61745214,4.7512641,10279011
2013-06-20,4.69890308,4.69890308,4.38667679,4.48752022,17676043
2013-06-21,4.42934084,4.42934084,3.92512488,4.22571611,40299254
2013-06-24,4.06087589,4.12681198,3.88052201,3.95615411,20038762
2013-06-25,4.00463581,4.28001595,4.00463581,4.20826197,12792816
2013-06-26,4.23347282,4.34983015,4.10741901,4.14232588,10329545
2013-06-27,4.16753721,4.33043718,4.15978003,4.32461882,10660594
2013-06-28,4.3052268,4.48170185,4.23153305,4.39249516,11753777
2013-07-01,4.3052268,4.57672691,4.23153305,4.40219116,6960274
2013-07-02,4.34983015,4.40219116,4.2625618,4.33431578,11422213
2013-07-03,4.28583384,4.34983015,4.08996487,4.13262987,16055348
2013-07-04,4.18111181,4.23541212,4.06863308,4.16947603,4007133
2013-07-05,4.11711502,4.18693018,4.05311918,4.1733551,7864728
2013-07-08,4.1306901,4.25674391,4.1306901,4.16947603,9261630
2013-07-10,4.26644087,4.41188812,4.18498993,4.37310219,9710247
2013-07-11,4.41188812,4.53018379,4.36922312,4.4254632,8859421
2013-07-12,4.45455217,4.48170185,4.27031898,4.32849789,5009045
2013-07-15,4.37116194,4.46037006,4.25480509,4.42352295,3090819
2013-07-16,4.46037006,4.46037006,4.32655907,4.37310219,3862235
2013-07-17,4.37892008,4.63102722,4.37892008,4.50885201,11003503
2013-07-18,4.47006607,4.63490582,4.42934084,4.59999895,9407044
2013-07-19,4.55345583,4.65817785,4.53406286,4.59806013,6642116
2013-07-22,4.5689702,4.71053791,4.54569912,4.61551285,6813828
2013-07-23,4.64848089,4.71053791,4.5825448,4.64654207,5779946
2013-07-24,4.64460278,4.67175293,4.47782278,4.52048779,5752616
2013-07-25,4.47976303,4.56121302,4.43321991,4.54569912,6171841
2013-07-26,4.52630615,4.57672691,4.47200584,4.57478809,0
2013-07-29,4.61551285,4.65042019,4.48945904,4.55345583,5667533
2013-07-30,4.5825448,4.59030199,4.46618795,4.53794098,6042413
2013-07-31,4.50691319,4.59611988,4.49527693,4.53794098,6585910
2013-08-01,4.56509209,4.58836317,4.46230888,4.54182005,3800357
2013-08-02,4.51854897,4.54182005,4.20050478,4.23541212,26820104
2013-08-05,4.23541212,4.32268,4.188869,4.28777313,5322562
2013-08-06,4.25092602,4.34207296,4.12487221,4.16365814,8110178
2013-08-07,4.12487221,4.14038706,4.07445097,4.10160112,6743700
2013-08-08,4.10741901,4.19856501,4.02208996,4.19856501,4850225
2013-08-09,4.20826197,4.22765493,4.11129713,4.188869,6874160
2013-08-12,4.23153305,4.26062298,4.12293291,4.17141485,7071139
2013-08-13,4.14620495,4.23541212,4.14620495,4.22377586,7609480
2013-08-14,4.23153305,4.2470479,4.09578323,4.1306901,10521368
2013-08-15,4.09190416,4.12293291,4.03566504,4.04536104,8901189
2013-08-16,4.06087589,4.2470479,4.01627207,4.24510813,15192662
2013-08-19,4.22765493,4.2625618,4.01433277,4.11129713,7760566
2013-08-20,4.08996487,4.10935783,3.93288302,3.96391106,9583912
2013-08-21,3.91930795,4.01433277,3.90185404,3.96585107,6943773
2013-08-22,4.02208996,4.02208996,3.94257903,3.97554708,4918291
2013-08-23,4.00657606,4.00851488,3.91736794,3.98136497,5563887
2013-08-26,3.99300098,4.00851488,3.89991498,3.9037931,3865844
2013-08-27,3.88827896,3.91930795,3.77773905,3.79131389,6416776
2013-08-28,3.80101109,3.85724998,3.75252795,3.828161,5016265
2013-08-29,3.82622194,3.86888599,3.77967906,3.83010006,6493093
2013-08-30,3.82622194,3.91542912,3.76222491,3.79907107,24133041
2013-09-02,3.87082505,3.92124701,3.81652498,3.91930795,4783705
2013-09-03,3.8630681,3.99106097,3.78355694,3.82040405,9985090
2013-09-04,3.78937507,3.88052201,3.76416397,3.81264591,6914381
2013-09-05,3.89215708,4.26644087,3.878582,4.21795797,18082377
2013-09-06,4.26644087,4.51854897,4.18111181,4.35176897,20109406
2013-09-09,4.28971195,4.35370922,4.20632315,4.2470479,18683628
2013-09-10,4.22959423,4.26062298,4.1733551,4.188869,7581119
2013-09-11,4.1733551,4.28001595,4.15008307,4.19468689,11335583
2013-09-12,4.21214104,4.24510813,4.12099409,4.1306901,5720130
2013-09-13,4.12099409,4.16947603,4.03954411,4.06281519,4632619
2013-09-16,4.08414698,4.12487221,4.03566504,4.08220816,13638486
2013-09-17,4.10160112,4.20244408,4.07638979,4.18498993,8881078
2013-09-18,4.18693018,4.36922312,4.13650799,4.35370922,12986186
2013-09-19,4.34983015,4.40219116,4.29552984,4.37892008,10843135
2013-09-20,4.34401178,4.39443398,4.22765493,4.24316883,11939927
2013-09-23,4.34401178,4.39443398,4.22765493,4.33237696,8419569
2013-09-24,4.34401178,4.39443398,4.20244408,4.36728382,7449112
2013-09-25,4.31880188,4.37310219,4.29359102,4.32074118,6194014
2013-09-26,4.32655907,4.38667679,4.30328703,4.36340523,11427369
2013-09-27,4.32074118,4.42934084,4.30910492,4.33819389,8034377
2013-09-30,4.32074118,4.42934084,4.17141485,4.19662619,15489677
2013-10-01,4.26450109,4.26450109,4.06669378,4.22765493,6936554
2013-10-02,4.21795797,4.26644087,4.1733551,4.19856501,3897815
2013-10-03,4.23735094,4.31686211,4.22571611,4.28583384,7280494
2013-10-04,4.27613688,4.31492281,4.25480509,4.30134821,6143996
2013-10-07,4.29359102,4.29940891,4.23735094,4.2625618,6063554
2013-10-08,4.29359102,4.29359102,4.12681198,4.15978003,7254195
2013-10-09,4.18498993,4.18498993,4.1132369,4.15008307,7634747
2013-10-10,4.2043829,4.26838017,4.14620495,4.26644087,6894786
2013-10-11,4.26450109,4.27031898,4.2043829,4.24316883,3897815
2013-10-14,4.25674391,4.36340523,4.20826197,4.35370922,4488752
2013-10-15,4.33625507,4.46618795,4.31880188,4.42158413,10974111
2013-10-16,4.44291592,4.57672691,4.41770506,4.50497389,10298091
2013-10-17,4.47200584,4.5146699,4.44485521,4.50109482,4492878
2013-10-18,4.52824497,4.62714911,4.50303411,4.61551285,8103990
2013-10-21,4.60969496,4.66981316,4.53018379,4.59224176,5814494
2013-10-22,4.56315184,4.69890308,4.55733395,4.69308519,4818254
2013-10-23,4.66981316,4.74544621,4.65429878,4.72799206,9027523
2013-10-24,4.72411299,4.78617096,4.62520981,4.68144894,12717015
2013-10-25,4.69890308,4.70859909,4.55733395,4.57672691,7305761
2013-10-28,4.59418106,4.72993088,4.57672691,4.65623808,4003008
2013-10-29,4.65429878,4.71829605,4.60193777,4.68338823,3758073
2013-10-30,4.72799206,4.75708103,4.51854897,4.53212404,5417958
2013-10-31,4.55345583,4.63878489,4.46424818,4.60387707,6455966
2013-11-01,4.66787386,4.69308519,4.499156,4.66981316,8057582
2013-11-04,4.66399479,4.75708103,4.62327003,4.69308519,8625315
2013-11-05,4.7163558,4.84822798,4.69308519,4.84628916,15167910
2013-11-06,4.85792494,4.87731695,4.67175293,4.77259588,10840041
2013-11-07,4.78810978,4.79392815,4.63102722,4.64848089,6538986
2013-11-08,4.65429878,4.66399479,4.43321991,4.58642387,9879897
2013-11-11,4.62327003,4.65429878,4.52048779,4.64072418,4030338
2013-11-12,4.64848089,4.64848089,4.54569912,4.63684511,5684550
2013-11-13,4.57866716,4.71247816,4.51660919,4.68532801,5767570
2013-11-14,4.71441698,4.86762094,4.62520981,4.84434986,6966461
2013-11-18,4.94713211,4.97040319,4.90058899,4.94519281,13177493
2013-11-19,4.92579985,4.99755383,4.87150002,4.94519281,14242315
2013-11-21,4.81332111,4.84822798,4.74544621,4.78229189,8029736
2013-11-22,4.74932384,4.8346529,4.66981316,4.76677799,4845584
2013-11-25,4.80556393,4.82301712,4.71829605,4.76871681,6501343
2013-11-26,4.75320292,4.75514221,4.58836317,4.60581684,8136992
2013-11-27,4.64072418,4.71247816,4.59418106,4.69308519,4578476
2013-11-28,4.76677799,4.76677799,4.61745214,4.63684511,2102314
2013-11-29,4.66787386,4.76871681,4.64072418,4.72411299,5072986
2013-12-02,4.66981316,4.79392815,4.58642387,4.60581684,5065252
2013-12-03,4.53988123,4.55345583,4.41576576,4.4506731,4644995
2013-12-04,4.51854897,4.52048779,4.3963728,4.48558092,4986872
2013-12-05,4.51854897,4.53988123,4.3963728,4.44291592,3312034
2013-12-06,4.46812677,4.54957724,4.42158413,4.47394514,2640139
2013-12-09,4.48945904,4.54763794,4.4390378,4.54763794,2573104
2013-12-10,4.46037006,4.53212404,4.40412998,4.44679499,2007949
2013-12-11,4.43515921,4.50691319,4.35564804,4.37697983,4228864
2013-12-12,4.41382694,4.50885201,4.37504101,4.47782278,6077477
2013-12-13,4.52242708,4.62908792,4.44485521,4.60581684,6043960
2013-12-16,4.60581684,4.65429878,4.48945904,4.60775614,5140537
2013-12-17,4.65429878,4.76289892,4.61357403,4.68920612,7723439
2013-12-18,4.76289892,4.87537813,4.7008419,4.78035307,23228071
2013-12-19,4.8365922,4.86568213,4.77065611,4.8346529,3782309
2013-12-20,4.8346529,5.00724983,4.79392815,4.96652508,9162109
2013-12-23,4.99949312,5.11391115,4.95101118,5.06155014,6416776
2013-12-26,5.04409695,5.15269709,5.04215717,5.08094311,14902865
2013-12-27,5.11003208,5.18566513,5.09451818,5.14881802,23431238
2013-12-30,5.19342184,5.22251081,5.13136482,5.13136482,3458995
2014-01-02,5.08094311,5.12748623,5.00337076,5.03439999,8098834
2014-01-03,5.01694584,5.11972904,4.910285,5.10421515,6454934
2014-01-06,4.99367523,5.0285821,4.85792494,4.89089298,5793868
2014-01-07,4.88895321,4.92967796,4.83271408,4.87343884,6357992
2014-01-08,4.90252781,5.03052187,4.79974604,4.87731695,4317556
2014-01-09,4.87343884,4.95488882,4.7512641,4.77453518,6757107
2014-01-10,4.82689619,4.84241009,4.61551285,4.63878489,9412200
2014-01-13,4.67369223,4.67369223,4.47976303,4.48558092,7980234
2014-01-14,4.46812677,4.58836317,4.46812677,4.55733395,4772361
2014-01-15,4.55733395,4.66593504,4.50885201,4.54957724,6451325
2014-01-16,4.56703091,4.61939192,4.51660919,4.55539513,4032400
2014-01-17,4.59030199,4.64460278,4.49139786,4.58060598,4737812
2014-01-20,4.5844841,4.62133121,4.56121302,4.59611988,1565520
2014-01-21,4.66593504,4.67756987,4.65817785,4.66205597,4655308
2014-01-22,4.68920612,4.80556393,4.642663,4.76289892,6288894
2014-01-23,4.73187113,4.82495689,4.68726683,4.69502401,4610446
2014-01-24,4.68338823,4.70472097,4.53212404,4.55733395,7354232
2014-01-27,4.55733395,4.62908792,4.38279819,4.40219116,7723955
2014-01-28,4.4390378,4.46037006,4.32461882,4.32461882,5968159
2014-01-29,4.28195477,4.33237696,4.2043829,4.22377586,7549148
2014-01-30,4.188869,4.34789085,4.188869,4.28389406,7193348
2014-01-31,4.21020079,4.31880188,4.19468689,4.31686211,4752251
2014-02-03,4.188869,4.2043829,4.08996487,4.09190416,6187311
2014-02-04,4.11711502,4.16753721,3.98136497,4.1306901,5990332
2014-02-05,4.17917299,4.21601915,3.98330402,4.04148293,4618697
2014-02-06,4.06863308,4.31298399,4.02790785,4.25868416,7761082
2014-02-07,4.21795797,4.33431578,4.19856501,4.30328703,4193284
2014-02-10,4.26644087,4.34401178,4.20632315,4.30328703,4520207
2014-02-11,4.32655907,4.73187113,4.29552984,4.65623808,10689986
2014-02-12,4.69308519,4.74932384,4.46424818,4.50885201,5624734
2014-02-13,4.45843077,4.46037006,4.22959423,4.3071661,16434868
2014-02-14,4.31686211,4.52048779,4.30134821,4.47394514,11433557
2014-02-17,4.46424818,4.46424818,4.25868416,4.2625618,3322863
2014-02-18,4.26062298,4.3052268,4.07445097,4.09190416,11734182
2014-02-19,4.06281519,4.15590096,4.04148293,4.11129713,7834820
2014-02-20,4.09578323,4.26644087,4.07638979,4.23153305,6674087
2014-02-21,4.22765493,4.29940891,4.15978003,4.29552984,4907462
2014-02-24,4.25480509,4.26644087,4.20050478,4.24123001,20361560
2014-02-25,4.1733551,4.28583384,4.15783978,4.21020079,17742047
2014-02-26,4.24316883,4.25868416,4.15202188,4.16947603,9274521
2014-02-27,4.188869,4.35952711,4.11905479,4.33237696,9530800
2014-02-28,4.35952711,4.37697983,4.12487221,4.16947603,14556347
2014-03-05,4.20632315,4.20632315,4.13650799,4.16753721,4959027
2014-03-06,4.15978003,4.22571611,4.07445097,4.16947603,6570440
2014-03-07,4.14232588,4.17141485,4.02015114,4.06087589,6996885
2014-03-10,4.07251215,4.09966183,3.99494004,4.02208996,15266916
2014-03-11,4.06087589,4.16559792,4.00075817,4.09966183,8731023
2014-03-12,4.09772205,4.16947603,4.06475401,4.08802605,4196893
2014-03-13,4.1306901,4.13456917,3.971668,4.012393,5041016
2014-03-14,4.00463581,4.04924011,3.89215708,3.89215708,5855746
2014-03-17,3.91542912,3.98718309,3.8863399,3.92318606,4120061
2014-03-18,3.9037931,4.10353994,3.9037931,4.06669378,6258987
2014-03-19,4.08026886,4.1306901,3.99300098,4.11129713,5942892
2014-03-20,4.06863308,4.0705719,3.80294991,3.80294991,25236536
2014-03-21,3.77967906,3.85918903,3.68659306,3.85918903,20158909
2014-03-24,3.878582,3.92512488,3.78937507,3.8533721,11098899
2014-03-25,3.878582,3.89603591,3.785496,3.83010006,12421031
2014-03-26,3.83010006,3.95421505,3.76028609,3.80876803,10533228
2014-03-27,3.88246107,3.97554708,3.81264591,3.93094301,10536322
2014-03-28,3.96972895,4.12099409,3.94257903,3.99106097,9723138
2014-03-31,4.02015114,4.13844681,4.00463581,4.09190416,15138518
2014-04-01,4.13262987,4.1733551,4.06475401,4.17141485,15757301
2014-04-02,4.17141485,4.2470479,4.15396214,4.2043829,21888922
2014-04-03,4.20244408,4.27613688,4.16947603,4.26062298,8347378
2014-04-04,4.31492281,4.39831209,4.21795797,4.27613688,6028490
2014-04-07,4.3808589,4.41188812,4.14038706,4.15518899,9068776
2014-04-08,4.03372622,4.055058,3.85724998,3.88827896,10343468
2014-04-09,3.85918903,4.00851488,3.73895311,3.95421505,8190104
2014-04-10,3.89021802,4.14620495,3.89021802,4.05311918,9911351
2014-04-11,3.79131389,3.92124701,3.78355694,3.828161,11111790
2014-04-14,3.8630681,3.90961099,3.78161812,3.90961099,6211547
2014-04-15,3.8630681,3.90185404,3.744771,3.80101109,9733451
2014-04-16,3.80876803,3.95615411,3.77579999,3.9464581,11831125
2014-04-17,3.93482208,4.06669378,3.91155005,4.05311918,6794749
2014-04-22,4.09190416,4.188869,4.07445097,4.17917299,11178825
2014-04-23,4.15202188,4.20826197,4.11129713,4.14232588,12938746
2014-04-24,4.18305111,4.22183704,4.08220816,4.18111181,10794148
2014-04-25,4.12487221,4.16559792,4.04730082,4.13262987,8677396
2014-04-28,4.09966183,4.12099409,4.03954411,4.08608723,5322562
2014-04-29,4.10160112,4.18498993,4.08026886,4.08220816,5613906
2014-04-30,4.09190416,4.16365814,4.04924011,4.08220816,7891542
2014-05-02,4.1287508,4.28389406,4.09772205,4.23735094,10885419
2014-05-05,4.30328703,4.30328703,4.15590096,4.19856501,5039469
2014-05-06,4.16753721,4.28777313,4.16365814,4.23735094,6318802
2014-05-07,4.20244408,4.23541212,4.15202188,4.17917299,9201298
2014-05-08,4.188869,4.188869,4.06281519,4.08414698,6850955
2014-05-09,4.08414698,4.20244408,4.07251215,4.11711502,5707754
2014-05-12,4.15008307,4.23929119,4.09772205,4.23929119,5714458
2014-05-13,4.22183704,4.26450109,4.17723322,4.22571611,4313431
2014-05-14,4.22571611,4.22765493,4.14232588,4.16365814,5167866
2014-05-15,4.14038706,4.14814377,4.07832909,4.09966183,5653095
2014-05-16,4.19662619,4.34207296,4.16947603,4.30328703,11832156
2014-05-19,4.27031898,4.44291592,4.26062298,4.41382694,7239757
2014-05-20,4.31686211,4.4409771,4.3052268,4.33625507,7969921
2014-05-21,4.36146593,4.41964483,4.28001595,4.34207296,8501043
2014-05-22,4.36728382,4.4390378,4.34207296,4.36340523,3767355
2014-05-23,4.3052268,4.38473701,4.29165077,4.36340523,3896784
2014-05-26,4.34983015,4.45455217,4.34983015,4.40412998,1052961
2014-05-27,4.38473701,4.40607023,4.26062298,4.26838017,4839912
2014-05-28,4.28389406,4.36340523,4.22959423,4.33431578,3029456
2014-05-29,4.38279819,4.38279819,4.26644087,4.27613688,3679178
2014-05-30,4.24316883,4.34207296,4.22377586,4.22959423,5917109
2014-06-02,4.23735094,4.33625507,4.23735094,4.25480509,2911888
2014-06-03,4.21989822,4.28971195,4.20826197,4.25674391,4459876
2014-06-04,4.23153305,4.33237696,4.21214104,4.32268,4104076
2014-06-05,4.34207296,4.34207296,4.17141485,4.1733551,4825473
2014-06-06,4.2489872,4.36340523,4.21989822,4.23929119,8365426
2014-06-09,4.23929119,4.4254632,4.21989822,4.38279819,5166319
2014-06-10,4.41964483,4.5243659,4.37310219,4.44679499,4820832
2014-06-11,4.50691319,4.56703091,4.39443398,4.46812677,4983263
2014-06-13,4.46812677,4.56509209,4.4390378,4.51660919,5190555
2014-06-16,4.52824497,4.55539513,4.47006607,4.54182005,5616484
2014-06-17,4.57090902,4.64848089,4.50885201,4.61939192,5775820
2014-06-18,4.60775614,4.75902081,4.5844841,4.72217417,5378252
2014-06-20,4.65429878,4.76289892,4.63102722,4.70472097,5712911
2014-06-23,4.71829605,4.73187113,4.59806013,4.62520981,6065617
2014-06-24,4.62520981,4.72605324,4.60969496,4.66787386,4979138
2014-06-25,4.62908792,4.73574877,4.60775614,4.63490582,6282707
2014-06-26,4.67369223,4.67563105,4.5592742,4.61551285,5999613
2014-06-27,4.59030199,4.62520981,4.57672691,4.62133121,6708635
2014-06-30,4.61357403,4.62520981,4.52630615,4.56703091,7307823
2014-07-01,4.59418106,4.67563105,4.59224176,4.62520981,3926691
2014-07-02,4.61357403,4.65429878,4.57478809,4.57672691,8797543
2014-07-03,4.54763794,4.62133121,4.49721622,4.60969496,4430484
2014-07-04,4.62714911,4.65429878,4.59418106,4.63490582,503276
2014-07-07,4.60387707,4.62908792,4.54182005,4.57478809,7439315
2014-07-08,4.57478809,4.60387707,4.53406286,4.54763794,2756161
2014-07-10,4.54957724,4.60387707,4.53212404,4.59030199,5702598
2014-07-11,4.59806013,4.69890308,4.5689702,4.64848089,6271878
2014-07-14,4.7008419,4.72605324,4.58836317,4.59611988,8650582
2014-07-15,4.59806013,4.62520981,4.46037006,4.51079082,7957545
2014-07-16,4.53406286,4.54375887,4.46424818,4.46812677,5788712
2014-07-17,4.46424818,4.48752022,4.40994787,4.45649099,11804311
2014-07-18,4.53988123,4.59224176,4.41770506,4.41770506,16283782
2014-07-21,4.43709803,4.4506731,4.35758686,4.42158413,5249855
2014-07-22,4.44679499,4.44679499,4.36922312,4.38279819,7660529
2014-07-23,4.36146593,4.36728382,4.28971195,4.30910492,5525213
2014-07-24,4.30328703,4.38473701,4.28971195,4.35176897,4054573
2014-07-25,4.31880188,4.35952711,4.25674391,4.2625618,3389897
2014-07-28,4.28971195,4.3071661,4.21214104,4.21795797,3969491
2014-07-29,4.20632315,4.20826197,4.08026886,4.08026886,5513353
2014-07-30,4.09772205,4.09966183,3.97554708,3.9968791,5122489
2014-07-31,3.96003294,4.01627207,3.89215708,3.89603591,9110028
2014-08-01,3.8630681,3.98330402,3.8630681,3.91930795,36762396
2014-08-04,3.9464581,3.97360802,3.85918903,3.88052201,4761017
2014-08-05,3.87664294,3.90185404,3.79519296,3.82428193,7175816
2014-08-06,3.79907107,3.83979702,3.72343898,3.74283195,9442624
2014-08-07,3.74283195,3.85918903,3.73895311,3.80876803,4396966
2014-08-08,3.80101109,3.83397889,3.78161812,3.79131389,4740906
2014-08-11,3.79131389,3.89603591,3.79131389,3.878582,6222375
2014-08-12,3.85143209,3.91542912,3.81264591,3.84173608,5385987
2014-08-13,3.85918903,3.90961099,3.73313594,3.76416397,11037020
2014-08-14,3.75252795,3.85143209,3.74283195,3.78743601,4025181
2014-08-15,3.82040405,3.89215708,3.82040405,3.87664294,3676600
2014-08-18,3.9037931,3.99881792,3.89021802,3.93094301,4842490
2014-08-19,3.96778989,3.99881792,3.94257903,3.96585107,6203812
2014-08-20,3.99300098,4.07445097,3.91736794,3.93869996,9241519
2014-08-21,3.93869996,4.00075817,3.878582,3.91349006,7537288
2014-08-22,3.92318606,3.96778989,3.89797497,3.90961099,4031369
2014-08-25,3.9367609,4.04148293,3.92512488,4.00657606,6875707
2014-08-26,4.02596903,4.03954411,3.93869996,3.961972,4627978
2014-08-27,4.00463581,4.09772205,3.961972,4.07251215,11534625
2014-08-28,4.04342222,4.14038706,4.04342222,4.08802605,10159896
2014-08-29,4.12681198,4.16365814,4.06087589,4.16365814,4252068
2014-09-01,4.1733551,4.19274807,4.01433277,4.09578323,2177083
2014-09-02,4.1287508,4.17723322,4.07832909,4.09772205,6222891
2014-09-03,4.11129713,4.27225924,4.11129713,4.22765493,9253895
2014-09-04,4.24123001,4.27613688,4.19080782,4.20826197,9903617
2014-09-05,4.23541212,4.27419806,4.19274807,4.20050478,7545539
2014-09-08,4.23541212,4.25286579,3.9774859,3.99494004,10496101
2014-09-09,3.961972,3.99300098,3.92318606,3.95809293,6000645
2014-09-10,3.93869996,3.99300098,3.89991498,3.98524308,4810004
2014-09-11,4.01045418,4.0705719,3.97942591,4.03760386,5158585
2014-09-12,3.96003294,4.07832909,3.89991498,4.03372622,12784566
2014-09-15,4.04342222,4.07251215,3.99106097,4.04342222,6950992
2014-09-16,4.07251215,4.14814377,4.01627207,4.05311918,8955332
2014-09-17,4.08026886,4.16171885,4.06475401,4.08026886,5859356
2014-09-18,4.06863308,4.1287508,4.02208996,4.03372622,7793052
2014-09-19,4.00463581,4.09190416,3.92900395,3.9367609,8704210
2014-09-22,3.90961099,3.90961099,3.81846404,3.84949303,6227016
2014-09-23,3.83010006,3.89991498,3.81264591,3.84561396,3540984
2014-09-24,3.81846404,3.89215708,3.78161812,3.84949303,3925660
2014-09-25,3.80294991,3.93482208,3.80294991,3.88246107,6513203
2014-09-26,3.878582,3.98136497,3.87082505,3.9774859,11315473
2014-09-29,3.87470388,3.95421505,3.85724998,3.88246107,10473412
2014-09-30,3.83010006,3.91736794,3.83010006,3.83591795,7242851
2014-10-01,3.828161,3.87470388,3.75252795,3.81070709,6695228
2014-10-02,3.78355694,3.83591795,3.71568203,3.75058889,6724105
2014-10-03,3.75058889,3.87664294,3.69822788,3.80488896,5199837
2014-10-06,4.07251215,4.07251215,3.85143209,3.94063997,10525493
2014-10-07,4.02596903,4.055058,3.86112905,3.89215708,6983478
2014-10-08,3.91930795,4.00463581,3.828161,3.9270649,7789958
2014-10-09,4.00269699,4.05893612,3.87470388,3.89603591,6272393
2014-10-10,3.77192092,3.77192092,3.77192092,3.77192092,5700019
2014-10-13,3.90185404,3.99881792,3.84755397,3.93288302,4481533
2014-10-14,3.95615411,4.06475401,3.91736794,3.94257903,4303118
2014-10-15,3.88827896,3.91930795,3.75834608,3.83010006,11261845
2014-10-16,3.75446796,3.86694694,3.66526008,3.71568203,14735794
2014-10-17,3.73895311,3.86888599,3.73701406,3.80876803,9937650
2014-10-20,3.81070709,3.81070709,3.81070709,3.81070709,8755775
2014-10-21,3.75252795,3.75252795,3.75252795,3.75252795,10623467
2014-10-22,3.72731805,3.8533721,3.72731805,3.75252795,6604474
2014-10-23,3.72537804,3.744771,3.50042105,3.53532791,11953334
2014-10-24,3.51011705,3.6264739,3.47133088,3.54890299,16705070
2014-10-27,3.43642402,3.43642402,3.43642402,3.43642402,19872722
2014-10-28,3.45193791,3.62259603,3.45193791,3.62259603,14797672
2014-10-29,3.601264,3.69435,3.56829596,3.66526008,12954215
2014-10-30,3.744771,3.76028609,3.58574891,3.68465304,5304514
2014-10-31,3.65944195,3.76028609,3.60514212,3.76028609,7702297
2014-11-03,3.77579999,3.77579999,3.64392805,3.72149992,4369121
2014-11-04,3.75252795,3.85143209,3.66526008,3.85143209,5644329
2014-11-05,3.81846404,3.82040405,3.73313594,3.82040405,3935973
2014-11-06,3.7932539,3.828161,3.69435,3.74671102,3666803
2014-11-07,3.73313594,3.83397889,3.68659306,3.81070709,4467095
2014-11-10,3.83785701,3.878582,3.71568203,3.77192092,3753948
2014-11-11,3.75640702,3.75640702,3.69435,3.69628906,2110564
2014-11-12,3.66913891,3.81264591,3.64780688,3.77773905,3083600
2014-11-13,3.75058889,3.8533721,3.63035297,3.6768961,3765808
2014-11-14,3.64004993,3.75834608,3.4829669,3.75252795,5464366
2014-11-17,3.77967906,3.83397889,3.64392805,3.71762109,3544593
2014-11-18,3.72537804,3.9037931,3.70016789,3.8533721,4228864
2014-11-19,3.878582,4.00463581,3.86694694,3.89797497,5508713
2014-11-21,3.93288302,4.0705719,3.92900395,3.97554708,14874504
2014-11-24,4.05311918,4.05699682,3.80682898,3.86888599,6385837
2014-11-25,3.89603591,3.971668,3.76222491,3.76222491,6681821
2014-11-26,3.7932539,3.83010006,3.74283195,3.785496,5725286
2014-11-27,3.82234311,3.88246107,3.72925711,3.76416397,4198956
2014-11-28,3.85918903,3.85918903,3.69628906,3.74089289,6969040
2014-12-01,3.62841392,3.62841392,3.45387793,3.49460292,204151516
2014-12-02,3.49460292,3.62259603,3.46551299,3.54696393,103776964
2014-12-03,3.59738493,3.66138196,3.51011705,3.63423204,5193133
2014-12-04,3.64392805,3.64392805,3.53144908,3.53920603,3707539
2014-12-05,3.51981306,3.56441689,3.48490596,3.5430851,2810820
2014-12-08,3.48878503,3.53726697,3.39181995,3.43254495,3469308
2014-12-09,3.43254495,3.52369189,3.36273098,3.47520995,5409192
2014-12-10,3.424788,3.55278111,3.41703105,3.43836308,3615753
2014-12-11,3.43642402,3.47326994,3.35885191,3.44999909,3386803
2014-12-12,3.424788,3.45193791,3.32976294,3.35497403,7137658
2014-12-15,3.35691309,3.424788,3.21922302,3.290977,6415229
2014-12-16,3.22891998,3.23861599,3.06408,3.0989871,11280924
2014-12-17,3.12807703,3.26382709,3.08347297,3.20952702,9629290
2014-12-18,3.19207311,3.32006598,3.16686201,3.30843091,8819200
2014-12-19,3.28128099,3.40151691,3.25800896,3.36854911,10875105
2014-12-22,3.36854911,3.39569902,3.290977,3.33558106,4924994
2014-12-23,3.31230903,3.39375997,3.30067396,3.35885191,4140171
2014-12-26,3.35885191,3.46163511,3.34527707,3.37630606,2828352
2014-12-29,3.35303402,3.45387793,3.35303402,3.43642402,2384891
2014-12-30,3.4596951,3.47714901,3.29873395,3.29873395,6543627
2015-01-02,3.3258841,3.3258841,3.22310209,3.25800896,10494038
2015-01-05,3.22697997,3.28515911,3.19983006,3.25800896,7174785
2015-01-06,3.25994802,3.33170199,3.20952702,3.24831295,25175174
2015-01-07,3.30843091,3.44999909,3.26576591,3.3161881,6412651
2015-01-08,3.35691309,3.38406301,3.24831295,3.32782412,5285435
2015-01-09,3.30067396,3.3064909,3.25025201,3.25025201,4110779
2015-01-12,3.25800896,3.25800896,3.17849803,3.20564795,10502805
2015-01-13,3.18043709,3.23473811,3.02529407,3.02529407,22999121
2015-01-14,2.96323705,3.00977993,2.91087604,2.9884479,9159530
2015-01-15,2.99232602,3.08347297,2.99232602,3.0388689,8473713
2015-01-16,3.06214094,3.13195491,3.04274797,3.08735108,8661926
2015-01-19,3.05632305,3.08541203,2.93220806,2.93220806,2387469
2015-01-20,2.95741892,3.05826211,2.92832994,2.92832994,4394904
2015-01-21,2.95160103,3.01559806,2.91087604,3.00396204,7014417
2015-01-22,3.03305101,3.08735108,2.94190502,2.96323705,4128827
2015-01-23,3.03305101,3.08735108,2.61804295,2.61804295,8419054
2015-01-26,2.57925701,2.58119607,2.50750303,2.569561,10717832
2015-01-27,2.5113821,2.70918989,2.47841406,2.67040396,6710182
2015-01-28,2.65876794,2.65876794,2.53465295,2.57925701,22626305
2015-01-29,2.54434991,2.65682912,2.49392796,2.61610389,18401566
2015-01-30,2.56568193,2.5850749,2.44932508,2.57925701,13471415
2015-02-02,2.57925701,2.58119607,2.5113821,2.57343888,3697742
2015-02-03,2.58895397,2.62773895,2.53271389,2.61222506,12990827
2015-02-04,2.619982,2.74021792,2.59671092,2.73440003,12176612
2015-02-05,2.70531106,2.75961089,2.66652489,2.72470403,7667748
2015-02-06,2.68591809,2.71112895,2.57925701,2.71112895,5638657
2015-02-09,2.67040396,2.75573301,2.60058904,2.7188859,4422749
2015-02-10,2.70918989,2.80033588,2.68203998,2.76348996,6672024
2015-02-11,2.76348996,2.82748604,2.72470403,2.80033588,7568228
2015-02-12,2.84300089,2.93220806,2.81585097,2.88954401,5986722
2015-02-13,2.84687901,2.97681189,2.84300089,2.97681189,8106569
2015-02-18,2.99426508,3.0795939,2.95935798,3.04468703,8658832
2015-02-19,3.04274797,3.10286593,3.02529407,3.05244398,2974282
2015-02-20,3.06020093,3.08541203,2.9884479,3.02529407,5994973
2015-02-23,3.04080796,3.16880202,2.97293305,3.12031889,6890145
2015-02-24,3.11450195,3.16492295,3.0892911,3.16492295,5436006
2015-02-25,3.1222589,3.22310209,3.1222589,3.22116303,3337817
2015-02-26,3.22697997,3.32006598,3.14165211,3.32006598,5815526
2015-02-27,3.33170199,3.41315198,3.24637294,3.28515911,5555637
2015-03-02,3.2560699,3.28903794,3.17074108,3.20370889,4509894
2015-03-03,3.19595194,3.24831295,3.15522695,3.21728396,3373397
2015-03-04,3.14359093,3.20952702,3.11062288,3.13777304,10543541
2015-03-05,3.15134811,3.1823771,3.10286593,3.15134811,5491180
2015-03-06,3.14359093,3.20952702,3.10286593,3.157166,3691554
2015-03-09,3.157166,3.19983006,3.11838007,3.13777304,8280343
2015-03-10,3.04662609,3.23085904,3.02335501,3.16104507,7926606
2015-03-11,3.13001609,3.157166,3.0795939,3.12031889,4411405
2015-03-12,3.17074108,3.32394505,3.17074108,3.29679489,4617150
2015-03-13,3.19983006,3.32976294,3.17074108,3.32976294,7743549
2015-03-16,3.34333801,3.40345597,3.25219107,3.29679489,5484477
2015-03-17,3.29485607,3.37824512,3.25219107,3.35303402,5757257
2015-03-18,3.31812692,3.4596951,3.27740192,3.42866707,5842855
2015-03-19,3.50236011,3.54890299,3.43448496,3.46357393,4402123
2015-03-20,3.51011705,3.71762109,3.51011705,3.70404601,8233419
2015-03-23,3.68659306,3.878582,3.68659306,3.76222491,6490514
2015-03-24,3.76222491,3.8533721,3.59932399,3.64198899,11860517
2015-03-25,3.68077493,3.68077493,3.49654198,3.58381009,4560428
2015-03-26,3.52951002,3.56247807,3.37630606,3.45193791,5404551
2015-03-27,3.35109496,3.46163511,3.23861599,3.26770592,7135080
2015-03-30,3.26770592,3.29291606,3.18431592,3.24443412,5436006
2015-03-31,3.26770592,3.45387793,3.26770592,3.43448496,12512301
2015-04-01,3.43448496,3.56829596,3.43254495,3.52951002,10374923
2015-04-02,3.52951002,3.58768892,3.48878503,3.52951002,6723074
2015-04-06,3.56829596,3.67883492,3.54696393,3.64586711,5661346
2015-04-07,3.56829596,3.59932399,3.48490596,3.54890299,2800507
2015-04-08,3.59156704,3.59156704,3.45775604,3.49072409,4379434
2015-04-09,3.46551299,3.55665994,3.46163511,3.47133088,4289195
2015-04-10,3.45387793,3.51593494,3.34721708,3.40345597,9315257
2015-04-13,3.38018394,3.49266291,3.38018394,3.41703105,8109147
2015-04-14,3.43836308,3.4596951,3.31230903,3.33945894,3900393
2015-04-15,3.36467004,3.49460292,3.34527707,3.45581698,8285500
2015-04-16,3.43254495,3.51011705,3.43254495,3.51011705,3506435
2015-04-17,3.49072409,3.58768892,3.44999909,3.51011705,3780246
2015-04-20,3.55084205,3.6167779,3.3995769,3.46551299,5275638
2015-04-22,3.4829669,3.50623798,3.30261302,3.47133088,7302667
2015-04-23,3.424788,3.50042105,3.424788,3.48102808,33465831
2015-04-24,3.48102808,3.54502392,3.42866707,3.51981306,7172722
2015-04-27,3.53726697,3.53726697,3.4092741,3.45581698,4115936
2015-04-28,3.46939206,3.46939206,3.36273098,3.45193791,3546140
2015-04-29,3.3995769,3.46163511,3.35303402,3.46163511,4238661
2015-04-30,3.43836308,3.47714901,3.35497403,3.45193791,5331844
2015-05-04,3.50042105,3.62065697,3.38600206,3.59350705,5923297
2015-05-05,3.64780688,3.77579999,3.57799196,3.59156704,8732055
2015-05-06,3.58768892,3.71568203,3.54890299,3.70016789,13988098
2015-05-07,3.64392805,3.81070709,3.63423204,3.81070709,6517844
2015-05-08,3.85531092,3.85531092,3.72343898,3.74089289,4389747
2015-05-11,3.76222491,3.80101109,3.72343898,3.76804304,7755925
2015-05-12,3.74089289,3.81652498,3.67495704,3.785496,6069227
2015-05-13,3.79131389,3.828161,3.69628906,3.70016789,4350558
2015-05-14,3.75640702,3.79131389,3.68853211,3.79131389,3118149
2015-05-15,3.76028609,3.87276506,3.74671102,3.80488896,4385622
2015-05-18,3.79907107,3.81652498,3.744771,3.79713202,5150334
2015-05-19,3.80682898,3.80682898,3.67495704,3.76222491,2747395
2015-05-20,3.735075,3.76804304,3.55472112,3.58768892,9134779
2015-05-21,3.54890299,3.70016789,3.51981306,3.70016789,5034828
2015-05-22,3.67495704,3.74671102,3.49072409,3.55084205,7587822
2015-05-25,3.54502392,3.69240999,3.45387793,3.6167779,1847066
2015-05-26,3.59156704,3.59156704,3.41897011,3.52563095,5312249
2015-05-27,3.49072409,3.65750289,3.45775604,3.65750289,6700385
2015-05-28,3.60902095,3.64974594,3.56829596,3.64198899,7341341
2015-05-29,3.66526008,3.66526008,3.56441689,3.59738493,7770363
2015-06-01,3.57217407,3.64780688,3.53726697,3.61289907,3538921
2015-06-02,3.63035297,3.65944195,3.54696393,3.56053901,5516447
2015-06-03,3.58381009,3.60514212,3.52175307,3.58381009,10041811
2015-06-05,3.58381009,3.59932399,3.47133088,3.47133088,3889049
2015-06-08,3.46163511,3.50623798,3.44224191,3.4596951,7503255
2015-06-09,3.43642402,3.49266291,3.43060589,3.4596951,4237630
2015-06-10,3.51205611,3.54890299,3.43448496,3.53726697,7823475
2015-06-11,3.56247807,3.58381009,3.40733504,3.45387793,5759835
2015-06-12,3.41897011,3.44612002,3.35885191,3.37824512,9051759
2015-06-15,3.35109496,3.36467004,3.1726799,3.21534491,13006296
2015-06-16,3.20758796,3.25413108,3.14165211,3.19983006,13392520
2015-06-17,3.19983006,3.21146607,3.13583398,3.16104507,9171906
2015-06-18,3.17849803,3.19013405,3.1222589,3.16298389,9668479
2015-06-19,3.14165211,3.16104507,3.0989871,3.11450195,21466087
2015-06-22,3.13583398,3.19401312,3.13583398,3.17074108,8277249
2015-06-23,3.19595194,3.21534491,3.10480499,3.10674405,5485508
2015-06-24,3.12419796,3.12419796,3.04468703,3.07765508,5461273
2015-06-25,3.06214094,3.07183695,3.00977993,3.05244398,7471285
2015-06-26,3.0485661,3.197891,3.0485661,3.17461991,7974562
2015-06-29,3.15328693,3.22697997,3.08541203,3.10092711,6726167
2015-06-30,3.1222589,3.19983006,3.09704804,3.19983006,7597620
2015-07-01,3.17849803,3.25025201,3.13583398,3.14940906,8360269
2015-07-02,3.17074108,3.23473811,3.15328693,3.21340489,5909890
2015-07-03,3.18819499,3.21146607,3.1222589,3.14165211,1038007
2015-07-06,3.09510899,3.21922302,3.08347297,3.197891,5332875
2015-07-07,3.17461991,3.26770592,3.09704804,3.26770592,4844552
2015-07-08,3.24443412,3.3258841,3.22116303,3.3161881,4305180
2015-07-10,3.33558106,3.33558106,3.14940906,3.25800896,11658897
2015-07-13,3.2754631,3.39569902,3.24249506,3.35303402,3777152
2015-07-14,3.31812692,3.4829669,3.31812692,3.45387793,5722708
2015-07-15,3.47714901,3.54696393,3.43642402,3.50042105,7087124
2015-07-16,3.60708189,3.72731805,3.601264,3.67883492,10104205
2015-07-17,3.58574891,3.66138196,3.53726697,3.59350705,7317621
2015-07-20,3.59350705,3.66138196,3.5430851,3.60708189,4422233
2015-07-21,3.56635594,3.65944195,3.56635594,3.60708189,4144297
2015-07-22,3.60320306,3.68271399,3.56247807,3.68271399,4087575
2015-07-23,3.63035297,3.71374297,3.5760529,3.6264739,11666116
2015-07-24,3.61096001,3.61871696,3.47520995,3.54890299,9900523
2015-07-27,3.52369189,3.56441689,3.4092741,3.424788,5344219
2015-07-28,3.44612002,3.51399589,3.40539503,3.50623798,6229079
2015-07-29,3.47133088,3.51399589,3.32006598,3.41315198,10386783
2015-07-30,3.39375997,3.45387793,3.28709793,3.34527707,7770879
2015-07-31,3.32200599,3.40151691,3.29679489,3.38794208,12689170
2015-08-03,3.38794208,3.49072409,3.38794208,3.41121292,5407645
2015-08-04,3.4092741,3.50623798,3.40345597,3.43060589,3915863
2015-08-05,3.45387793,3.49848104,3.30261302,3.34527707,4294867
2015-08-06,3.32200599,3.32200599,3.21534491,3.26770592,4473283
2015-08-07,3.22504091,3.25025201,3.17074108,3.22891998,3947317
2015-08-10,3.22697997,3.24831295,3.18043709,3.22891998,5090003
2015-08-11,3.21340489,3.21340489,3.13389397,3.19983006,3401242
2015-08-12,3.18625498,3.20370889,3.07377601,3.11644101,6359539
2015-08-13,3.10092711,3.11450195,2.98650789,3.00008297,4055604
2015-08-14,3.02141595,3.0892911,3.00396204,3.05438399,3325957
2015-08-17,3.03305101,3.05632305,2.95741892,2.97293305,3893690
2015-08-18,2.95160103,3.02335501,2.90505791,2.98650789,4593430
2015-08-19,2.96517611,3.02723289,2.92057204,3.00977993,7015964
2015-08-20,2.95354009,2.96517611,2.89148307,2.90117908,4832177
2015-08-21,2.88954401,2.89148307,2.83136511,2.86045408,5427755
2015-08-24,2.72664309,2.92251205,2.70143199,2.8119719,9836582
2015-08-25,2.8720901,2.887604,2.80421495,2.8119719,6817438
2015-08-26,2.79257894,2.94384408,2.76542902,2.94384408,3617816
2015-08-27,2.96517611,3.14747,2.91475511,3.0892911,7341341
2015-08-28,3.07765508,3.14747,3.02529407,3.08347297,5506650
2015-08-31,3.06214094,3.09122992,2.94190502,3.05050492,7302667
2015-09-01,2.95354009,3.03693008,2.887604,2.92251205,6741637
2015-09-02,2.94190502,3.08153391,2.90117908,3.0485661,5147240
2015-09-03,3.10480499,3.17074108,2.96517611,3.05050492,5178695
2015-09-04,2.96711493,3.04080796,2.8720901,2.90117908,10475991
2015-09-08,2.82554698,2.95741892,2.82554698,2.92057204,4430484
2015-09-09,2.95741892,3.0795939,2.95741892,3.03499103,6295082
2015-09-10,2.92832994,3.01171899,2.88954401,2.9554801,10707003
2015-09-11,2.96711493,3.02141595,2.93414688,2.98456907,2695314
2015-09-14,2.99620509,3.13777304,2.97487307,3.11838007,6668930
2015-09-15,3.1397121,3.20564795,3.09122992,3.13195491,4429452
2015-09-16,3.15328693,3.25994802,3.15328693,3.25800896,8257139
2015-09-17,3.24831295,3.374367,3.17074108,3.35303402,16236858
2015-09-18,3.32976294,3.33558106,3.15910506,3.19983006,9210580
2015-09-21,3.1397121,3.22504091,3.11838007,3.11838007,8766088
2015-09-22,3.08347297,3.10286593,2.99038696,3.10286593,7539867
2015-09-23,3.09704804,3.14165211,3.00202298,3.03499103,10051093
2015-09-24,2.90893698,2.97681189,2.86627197,2.94772196,8186495
2015-09-25,2.96905494,3.04274797,2.90311909,2.98650789,7662076
2015-09-28,2.96517611,2.99620509,2.84687901,2.90893698,6133683
2015-09-29,2.93220806,2.96905494,2.87402892,2.94772196,5983628
2015-09-30,3.01947594,3.14165211,2.99814391,3.07183695,14324819
2015-10-01,3.07571602,3.14747,3.01559806,3.10286593,9248738
2015-10-02,3.11256194,3.30261302,3.05826211,3.30261302,10645640
2015-10-05,3.36854911,3.36854911,3.26188803,3.33558106,5768601
2015-10-06,3.34333801,3.35109496,3.25800896,3.29291606,5074533
2015-10-07,3.34527707,3.41315198,3.28322005,3.36467004,4369121
2015-10-08,3.31812692,3.43642402,3.31812692,3.43642402,5371549
2015-10-09,3.49072409,3.49072409,3.290977,3.39375997,6983478
2015-10-13,3.4092741,3.44030309,3.32006598,3.39375997,3585845
2015-10-14,3.37048793,3.42672706,3.28322005,3.34527707,14640398
2015-10-15,3.32976294,3.3898809,3.24637294,3.30455208,5157553
2015-10-16,3.28709793,3.38406301,3.23861599,3.29679489,11199451
2015-10-19,3.29485607,3.42284894,3.23473811,3.38212395,4672325
2015-10-20,3.37824512,3.51981306,3.37824512,3.50042105,5127645
2015-10-21,3.50042105,3.50623798,3.31424904,3.32006598,6398213
2015-10-22,3.32006598,3.47133088,3.32006598,3.39375997,7137142
2015-10-23,3.46939206,3.53532791,3.39375997,3.39569902,6246611
2015-10-26,3.40733504,3.43448496,3.24831295,3.29679489,4088091
2015-10-27,3.29485607,3.32006598,3.21922302,3.27740192,5997551
2015-10-28,3.2560699,3.32394505,3.15134811,3.18431592,196463
2015-10-29,3.12613702,3.24249506,3.11256194,3.19013405,5938251
2015-10-30,3.18819499,3.3258841,3.15910506,3.24637294,5948048
2015-11-03,3.3258841,3.47908807,3.28709793,3.42284894,8815075
2015-11-04,3.4596951,3.58768892,3.4596951,3.51981306,10255807
2015-11-05,3.517874,3.6361711,3.44224191,3.56829596,4264959
2015-11-06,3.5760529,3.59350705,3.44612002,3.54114604,4554240
2015-11-09,3.51981306,3.5760529,3.42866707,3.50042105,4406248
2015-11-10,3.43642402,3.467453,3.33945894,3.43836308,4095310
2015-11-11,3.49072409,3.56441689,3.46163511,3.48878503,3685366
2015-11-12,3.52369189,3.63423204,3.43836308,3.47908807,3022753
2015-11-13,3.47908807,3.58768892,3.41897011,3.54502392,6888082
2015-11-16,3.57799196,3.65750289,3.51399589,3.55472112,8291172
2015-11-17,3.60708189,3.64198899,3.51981306,3.60514212,4619728
2015-11-18,3.56829596,3.67301702,3.56441689,3.62065697,5129708
2015-11-19,3.68465304,3.75640702,3.63035297,3.72731805,5468492
2015-11-23,3.86694694,3.98912191,3.81458592,3.93482208,9414778
2015-11-24,3.8863399,4.02790785,3.75252795,3.8630681,6008895
2015-11-25,3.78743601,3.80682898,3.64974594,3.68271399,8184432
2015-11-26,3.70792508,3.73701406,3.61096001,3.73313594,3409492
2015-11-27,3.72149992,3.72925711,3.5430851,3.62841392,5105988
2015-11-30,3.57023501,3.71374297,3.54114604,3.66913891,11927552
2015-12-01,3.64780688,3.71568203,3.58381009,3.60708189,4479471
2015-12-02,3.58768892,3.71762109,3.55665994,3.64586711,4506285
2015-12-03,3.75640702,3.78355694,3.651685,3.74671102,6425027
2015-12-04,3.75640702,3.77386093,3.54890299,3.59932399,8651097
2015-12-07,3.6361711,3.64586711,3.49848104,3.53920603,8114819
2015-12-08,3.54114604,3.57217407,3.46357393,3.56829596,7678062
2015-12-09,3.6361711,3.78161812,3.58381009,3.68077493,9105387
2015-12-10,3.72343898,3.72343898,3.55278111,3.55472112,5680940
2015-12-11,3.57411408,3.58768892,3.44999909,3.49266291,10755474
2015-12-14,3.42672706,3.51011705,3.35303402,3.41315198,12121953
2015-12-15,3.41315198,3.50236011,3.39763808,3.46939206,10054187
2015-12-16,3.39763808,3.45581698,3.37048793,3.45581698,4688825
2015-12-17,3.53726697,3.56247807,3.467453,3.53726697,9181703
2015-12-18,3.44999909,3.46551299,3.35691309,3.41315198,11941990
2015-12-21,3.39181995,3.49072409,3.3666091,3.49072409,7079389
2015-12-22,3.51205611,3.55472112,3.45193791,3.49654198,6716886
2015-12-23,3.54502392,3.80488896,3.54502392,3.74283195,7453753
2015-12-28,3.76222491,3.76222491,3.67301702,3.68465304,4222160
2015-12-29,3.68465304,3.71955991,3.62841392,3.65750289,3991664
2015-12-30,3.68465304,3.68465304,3.601264,3.67107797,5802634
2016-01-04,3.59738493,3.60902095,3.50042105,3.51981306,4292289
2016-01-05,3.51981306,3.558599,3.44612002,3.558599,5138990
2016-01-06,3.49072409,3.558599,3.44224191,3.44224191,7498099
2016-01-07,3.37242699,3.37242699,3.15522695,3.22310209,10280043
2016-01-08,3.22310209,3.26770592,3.19401312,3.26188803,8265389
2016-01-11,3.34333801,3.41703105,3.29679489,3.34527707,4970887
2016-01-12,3.41315198,3.48490596,3.33751988,3.42284894,9888147
2016-01-13,3.46939206,3.55084205,3.46163511,3.51399589,10991643
2016-01-14,3.53532791,3.57799196,3.47520995,3.53532791,5142599
2016-01-15,3.46163511,3.47908807,3.3666091,3.43254495,8729476
2016-01-18,3.50236011,3.67107797,3.47133088,3.67107797,5897514
2016-01-19,3.74089289,3.77773905,3.64586711,3.70404601,7452721
2016-01-20,3.6361711,3.71762109,3.60708189,3.68465304,7295963
2016-01-21,3.66526008,3.69047093,3.60902095,3.6361711,10361000
2016-01-22,3.65556407,3.80682898,3.64004993,3.77967906,7530585
2016-01-26,3.77967906,3.84173608,3.69240999,3.83591795,8024064
2016-01-27,3.83785701,4.04536104,3.82040405,4.00269699,11205123
2016-01-28,4.01627207,4.04536104,3.9464581,4.04536104,8279828
2016-01-29,4.05311918,4.16753721,4.00463581,4.13456917,10725051
2016-02-01,4.16947603,4.18693018,4.06281519,4.13844681,7880197
2016-02-02,4.04536104,4.07445097,3.97942591,4.01433277,8825388
2016-02-03,4.06087589,4.06087589,3.97942591,4.02984715,10250651
2016-02-04,4.06281519,4.22765493,4.05117893,4.16947603,9994371
2016-02-05,4.16753721,4.26450109,4.12293291,4.23929119,5993941
2016-02-10,4.15590096,4.2625618,4.15590096,4.25674391,7301120
2016-02-11,4.16947603,4.19468689,4.1132369,4.16947603,6958727
2016-02-12,4.15202188,4.18305111,4.06863308,4.1306901,4810004
2016-02-15,4.22183704,4.3052268,4.15783978,4.22765493,2796382
2016-02-16,4.23541212,4.28195477,4.15008307,4.28195477,6184217
2016-02-17,4.28777313,4.3905549,4.24316883,4.3071661,9932493
2016-02-18,4.27419806,4.31880188,4.21601915,4.28583384,8745462
2016-02-19,4.21795797,4.31686211,4.18693018,4.30910492,6730808
2016-02-22,4.5243659,4.54763794,4.35758686,4.48364115,13360034
2016-02-23,4.49721622,4.49721622,4.41576576,4.45261288,10461037
2016-02-24,4.36728382,4.36728382,4.18111181,4.20826197,10719894
2016-02-25,4.17917299,4.29552984,4.14426517,4.29552984,34325939
2016-02-26,4.33237696,4.41964483,4.25092602,4.31880188,5295232
2016-02-29,4.28583384,4.42352295,4.28583384,4.38473701,10115034
2016-03-01,4.43709803,4.47588396,4.35758686,4.44291592,10717832
2016-03-02,4.4409771,4.48558092,4.32849789,4.40219116,16114648
2016-03-03,4.47006607,4.57672691,4.34983015,4.50303411,13360034
2016-03-04,4.54569912,4.64460278,4.42352295,4.43128014,17243926
2016-03-07,4.43515921,4.51273108,4.38861609,4.42158413,9427670
2016-03-08,4.42158413,4.46424818,4.37504101,4.4390378,11100446
2016-03-09,4.49527693,4.49527693,4.34013414,4.41964483,9719529
2016-03-10,4.46037006,4.49333811,4.38279819,4.4506731,12970716
2016-03-11,4.46037006,4.47394514,4.36146593,4.4506731,13024860
2016-03-14,4.40607023,4.49333811,4.32461882,4.37310219,13234730
2016-03-15,4.35370922,4.39443398,4.25868416,4.33625507,8399975
2016-03-16,4.29359102,4.38861609,4.26838017,4.38279819,11333520
2016-03-17,4.46037006,4.50885201,4.40219116,4.48364115,25347917
2016-03-18,4.5146699,4.58642387,4.47200584,4.48945904,14031929
2016-03-21,4.46424818,4.53018379,4.4506731,4.50885201,10148036
2016-03-22,4.51079082,4.55345583,4.45455217,4.46812677,9193048
2016-03-23,4.44485521,4.44873381,4.33819389,4.42158413,5115270
2016-03-24,4.42158413,4.47976303,4.31492281,4.47976303,8780526
2016-03-28,4.62520981,4.65235996,4.5844841,4.60581684,32433495
2016-03-29,4.62327003,4.63878489,4.58642387,4.62714911,22635071
2016-03-30,4.65429878,4.77065611,4.61551285,4.69308519,19633459
2016-03-31,4.66981316,4.68920612,4.56509209,4.65042019,4125
2016-04-01,4.60387707,4.71829605,4.59418106,4.64460278,13406
2016-04-04,4.61551285,4.642663,4.45261288,4.51854897,50533
2016-04-05,4.50885201,4.58060598,4.47394514,4.56121302,23204
2016-04-06,4.49527693,4.50303411,4.35758686,4.41576576,23720
2016-04-07,4.46037006,4.49139786,4.40025187,4.44291592,8484542
2016-04-08,4.53988123,4.66399479,4.50885201,4.61551285,17468751
2016-04-11,4.67369223,4.68920612,4.59030199,4.65429878,515
2016-04-12,4.73187113,4.8501668,4.69308519,4.84822798,10313
2016-04-13,4.95488882,5.06155014,4.81138182,4.85792494,41767
2016-04-14,4.85986423,4.87343884,4.7008419,4.74544621,12256538
2016-04-15,4.79198885,4.88313484,4.73380995,4.84241009,19479279
2016-04-18,4.84241009,4.94325304,4.80750322,4.91804314,34910688
2016-04-19,4.95295,5.03827906,4.88119602,4.99949312,3609
2016-04-20,4.9684639,5.02082491,4.92967796,4.9684639,16428165
2016-04-22,4.85792494,4.96458578,4.85792494,4.94519281,9696324
2016-04-25,4.91610289,5.00337076,4.91610289,4.98010015,10535291
2016-04-26,4.99755383,5.04021788,4.94519281,5.00724983,15448941
2016-04-27,5.04021788,5.11972904,5.0285821,5.11003208,18834714
2016-04-28,5.04215717,5.17984676,5.02470398,5.14106083,13676129
2016-04-29,5.11779022,5.16239309,5.04797506,5.11972904,12361215
2016-05-02,5.04409695,5.10615396,5.02470398,5.07706404,9921149
2016-05-03,5.02082491,5.11197186,4.95101118,5.09064007,11379929
2016-05-04,5.04215717,5.12360716,5.04021788,5.10421515,20772019
2016-05-05,5.096457,5.16627216,5.05185413,5.10615396,8521153
2016-05-06,5.08094311,5.14300013,5.07706404,5.13912201,6845283
2016-05-09,5.09064007,5.14881802,5.02276421,5.04215717,11719228
2016-05-10,5.11972904,5.2050581,5.09064007,5.2050581,12863976
2016-05-11,5.27487183,5.27487183,5.17984676,5.22832918,17804440
2016-05-12,5.23414707,5.37765503,5.19148302,5.37765503,20479644
2016-05-13,5.38153315,5.38153315,5.12554693,5.2147541,13960769
2016-05-16,5.17209005,5.23220778,5.096457,5.18760395,13258450
2016-05-17,5.17209005,5.25935793,5.1565752,5.19730091,26613328
2016-05-18,5.16433287,5.20311785,5.09839678,5.15269709,12257054
2016-05-19,5.11003208,5.15851498,5.05379295,5.1468792,5143631
2016-05-20,5.12554693,5.22445107,5.12554693,5.18954277,9844317
2016-05-23,5.11972904,5.14881802,5.0266428,5.13718319,7188708
2016-05-24,5.1468792,5.16239309,5.03439999,5.06348896,14013881
2016-05-25,5.08869982,5.11972904,5.02082491,5.05185413,9155405
2016-05-27,5.09839678,5.14300013,5.03439999,5.11197186,13417271
2016-05-30,5.0712471,5.1604538,5.05573177,5.10033607,2351889
2016-05-31,5.05379295,5.11003208,4.92773914,4.96264601,13028985
2016-06-01,4.98785686,5.08288193,4.96070719,5.07900381,14892037
2016-06-02,5.07318592,5.11779022,5.02082491,5.03827906,10297059
2016-06-03,5.11779022,5.19924021,5.02082491,5.19924021,18770773
2016-06-06,5.21669292,5.28262901,5.08869982,5.11584997,11594956
2016-06-07,5.04603577,5.20893621,5.04603577,5.17402887,7656920
2016-06-08,5.19536114,5.44359112,5.15269709,5.39510822,18390737
2016-06-09,5.41062307,5.49401188,5.39510822,5.47849798,16664333
2016-06-10,5.46880102,5.46880102,5.37377596,5.41062307,23836541
2016-06-13,5.31365824,5.57934093,5.30977917,5.55800915,15150378
2016-06-14,5.55219078,5.5987339,5.29038715,5.36407995,8081302
2016-06-15,5.37765503,5.4707408,5.29620409,5.41837978,10040264
2016-06-16,5.35050488,5.50952578,5.32141495,5.50758696,10426488
2016-06-17,5.50758696,5.53667688,5.39510822,5.39898682,17898289
2016-06-20,5.49207306,5.50564814,5.37377596,5.39510822,7424361
2016-06-21,5.35438299,5.4649229,5.35244417,5.45716619,6296629
2016-06-22,5.43971205,5.53085899,5.41256189,5.4649229,17068605
2016-06-23,5.50952578,5.57740211,5.46298313,5.53667688,8806309
2016-06-24,5.43001604,5.4668622,5.3330512,5.42613697,8784136
2016-06-27,5.40286493,5.45910501,5.36601877,5.43389416,12496316
2016-06-28,5.51534414,5.61230898,5.48431587,5.55800915,8962551
2016-06-29,5.62394524,5.71509123,5.56382704,5.62394524,14791484
2016-06-30,5.55994797,5.674366,5.55994797,5.63945913,18749115
2016-07-01,5.66660881,5.69182014,5.59291601,5.63170195,7220162
2016-07-04,5.63558006,5.69763803,5.60649109,5.63558006,2266807
2016-07-05,5.60649109,5.6433382,5.55219078,5.59097719,4537224
2016-07-06,5.63945913,5.66854811,5.59291601,5.64139795,5492727
2016-07-07,5.67824507,5.67824507,5.50370884,5.50564814,6496187
2016-07-08,5.52697992,5.7480588,5.51534414,5.70539522,7601229
2016-07-11,5.72090912,5.84696293,5.70927382,5.83532715,6217734
2016-07-12,5.87411308,5.88186979,5.77908802,5.77908802,11050943
2016-07-13,5.74030209,5.85278082,5.74030209,5.83144903,4377371
2016-07-14,5.90320301,5.93035316,5.78296709,5.8663559,13453367
2016-07-15,5.85665989,5.87217379,5.64721584,5.68212318,6311583
2016-07-18,5.65303421,5.74999905,5.64721584,5.73836279,3648755
2016-07-19,5.73836279,5.81593513,5.72478819,5.78684521,10732270
2016-07-20,5.82563114,5.83532715,5.7325449,5.81399488,4238145
2016-07-21,5.79848099,5.87605286,5.76939201,5.83920622,6294567
2016-07-22,5.87993097,6.10682821,5.82951021,6.10682821,18941454
2016-07-25,6.10488892,6.10682821,6.01374197,6.09519291,12034807
2016-07-26,6.09519291,6.1126461,5.97883511,5.98077393,14204672
2016-07-27,5.98077393,6.02537823,5.93229198,5.96332121,7783770
2016-07-28,6.00016689,6.00210714,5.91483784,5.98271418,7415079
2016-07-29,5.91677809,5.97689581,5.81787395,5.97301722,7937950
2016-08-01,5.97301722,5.97301722,5.7325449,5.77908802,7076811
2016-08-02,5.68794107,5.72672701,5.51922321,5.58903694,15720174
2016-08-03,5.53861618,5.64915514,5.46298313,5.63558006,5353501
2016-08-04,5.60455179,5.74418116,5.59291601,5.72284889,5630406
2016-08-05,5.78490591,5.82175207,5.72090912,5.82175207,6554455
2016-08-08,5.81011677,5.81011677,5.57546186,5.65497303,5589154
2016-08-09,5.68794107,5.70345592,5.62006617,5.63364077,3253250
2016-08-10,5.62394524,5.69375896,5.62394524,5.6588521,5217369
2016-08-11,5.62976313,5.81787395,5.59485483,5.80817699,6746794
2016-08-12,5.78102684,5.81787395,5.62976313,5.71315193,4749672
2016-08-15,5.71315193,5.88962793,5.64139795,5.88768816,12241068
2016-08-16,5.83144903,5.99822807,5.78102684,5.80623817,8864577
2016-08-17,5.75775623,5.84308481,5.67824507,5.82563114,6693681
2016-08-18,5.82563114,5.87993097,5.7480588,5.79460192,5290592
2016-08-19,5.74418116,5.80623817,5.68406296,5.68406296,5701051
2016-08-22,5.70151615,5.74224091,5.63364077,5.66079092,5570591
2016-08-23,5.6588521,5.73642397,5.63170195,5.64139795,6013020
2016-08-24,5.57546186,5.66466999,5.55025196,5.62006617,11024129
2016-08-25,5.62394524,5.66466999,5.56770515,5.60455179,10969470
2016-08-26,5.60455179,5.68212318,5.54831219,5.60649109,10711644
2016-08-29,5.55413008,5.76163387,5.55413008,5.72090912,11024129
2016-08-30,5.72478819,5.72866583,5.58709812,5.6433382,7146940
2016-08-31,5.74030209,5.83920622,5.66273117,5.69957685,13121802
2016-09-01,5.72284889,5.75193787,5.60649109,5.6569128,6884988
2016-09-02,5.68600178,6.03507423,5.66466999,6.03507423,11094773
2016-09-05,6.06222486,6.21736813,5.98077393,6.04089212,4405217
2016-09-06,6.09325314,6.12040281,5.98077393,6.04864979,3633801
2016-09-08,6.04864979,6.10100985,5.97495604,6.02537823,6093978
2016-09-09,5.92259598,5.94974613,5.67630577,5.71121311,5505619
2016-09-12,5.65303421,5.74030209,5.62394524,5.62394524,11504717
2016-09-13,5.53861618,5.64721584,5.48625517,5.51340485,7042778
2016-09-14,5.48625517,5.67242718,5.48625517,5.66660881,7100531
2016-09-15,5.66079092,5.77908802,5.6433382,5.74999905,4458329
2016-09-16,5.71315193,5.73060608,5.59679508,5.66273117,11214920
2016-09-19,5.69182014,5.76939201,5.66854811,5.72090912,4685216
2016-09-20,5.72284889,5.81399488,5.70345592,5.75193787,4217519
2016-09-21,5.79654217,5.94586706,5.76163387,5.94004917,5339063
2016-09-22,5.96526003,6.02925682,5.92259598,6.01180315,4236598
2016-09-23,5.99047089,6.04089212,5.87799215,5.94198799,6359539
2016-09-26,5.87217379,5.89738512,5.7907238,5.82563114,4925510
2016-09-27,5.89156723,5.90514183,5.74611998,5.78878403,6345616
2016-09-28,5.80623817,6.02343893,5.78878403,5.98271418,6616849
2016-09-29,5.94004917,6.01955986,5.87217379,5.91677809,8935737
2016-09-30,5.91677809,5.96332121,5.82175207,5.85472012,7026793
2016-10-03,5.83532715,6.00210714,5.81787395,5.97301722,6001676
2016-10-04,5.99047089,6.00986385,5.83726692,5.91483784,5565434
2016-10-05,5.93810987,6.03119612,5.90514183,5.99241018,5406098
2016-10-06,5.99241018,5.99241018,5.83338785,5.96332121,5982081
2016-10-07,5.96332121,5.99241018,5.86441708,5.94392776,7449112
2016-10-10,6.00792408,6.03507423,5.95750284,6.00792408,3007283
2016-10-11,6.00016689,6.00598478,5.9109602,5.99047089,5502009
2016-10-13,6.00598478,6.09907103,5.96138096,6.02149916,9766453
2016-10-14,6.06610298,6.10682821,5.86829519,5.91483784,10255291
2016-10-17,5.91483784,6.12622118,5.86829519,6.10488892,7789958
2016-10-18,6.10876799,6.13591814,6.03119612,6.13591814,6735449
2016-10-19,6.07386017,6.21736813,6.07386017,6.20379305,5992910
2016-10-20,6.20573187,6.22706413,6.10488892,6.22706413,5578841
2016-10-21,6.19603586,6.26972914,6.13979578,6.23482084,3626066
2016-10-24,6.26391077,6.26391077,6.13009977,6.1863389,4735750
2016-10-25,6.19021797,6.27942514,6.09325314,6.26197195,4311884
2016-10-26,6.2309432,6.4229331,6.19409609,6.3201499,13507510
2016-10-27,6.3783288,6.40741777,6.31821108,6.35117912,8718648
2016-10-28,6.35117912,6.438447,6.31239319,6.37445021,8356660
2016-10-31,6.37638998,6.55868292,6.37445021,6.53541183,8715554
2016-11-01,6.59358978,6.59358978,6.34148312,6.35117912,7292869
2016-11-03,6.39190388,6.40741777,6.22900391,6.25033617,9892272
2016-11-04,6.28330421,6.40547895,6.22512484,6.27166796,6181639
2016-11-07,6.28330421,6.481112,6.28136396,6.44620419,4855381
2016-11-08,6.40160084,6.4966259,6.3783288,6.44814396,6474014
2016-11-09,6.22900391,6.33760405,6.14755297,6.2891221,9245129
2016-11-10,6.34148312,6.3647542,5.76163387,5.8663559,19470513
2016-11-11,5.73060608,5.7771492,5.17596817,5.25741911,39969237
2016-11-14,5.26711512,5.46104383,5.09451818,5.3330512,19707713
2016-11-16,5.42807579,5.67048788,5.32529402,5.67048788,31672908
2016-11-17,5.71121311,5.71315193,5.49401188,5.51728392,9877834
2016-11-18,5.51728392,5.54637289,5.38347292,5.51146603,10181553
2016-11-21,5.51146603,5.76745176,5.50952578,5.72672701,9497798
2016-11-22,5.83920622,5.85665989,5.62976313,5.82369184,21120084
2016-11-23,5.79848099,5.81593513,5.67048788,5.75581694,4034978
2016-11-24,5.76163387,5.7907238,5.71509123,5.76163387,1561910
2016-11-25,5.6433382,5.76745176,5.54831219,5.7480588,3475496
2016-11-28,5.75193787,5.93035316,5.69763803,5.91483784,4727499
2016-11-29,5.87605286,5.94586706,5.74030209,5.74030209,7362998
2016-11-30,5.76939201,5.93617105,5.76939201,5.81011677,12072966
2016-12-01,5.62006617,5.68018389,5.44552994,5.46880102,11349506
2016-12-02,5.43001604,5.65303421,5.30202198,5.58128023,11451089
2016-12-05,5.59679508,5.62200499,5.37377596,5.51146603,6743700
2016-12-06,5.51146603,5.56576586,5.406744,5.48625517,6363148
2016-12-07,5.54637289,5.55800915,5.38541222,5.40480518,13529683
2016-12-08,5.4804368,5.52891922,5.31947613,5.36795807,8173603
2016-12-09,5.39510822,5.47461891,5.28456879,5.37183714,7683218
2016-12-12,5.29426479,5.406744,5.28069019,5.36989784,14712590
2016-12-13,5.34274721,5.49013376,5.28069019,5.49013376,5690222
2016-12-14,5.50564814,5.51340485,5.36989784,5.37183714,8503105
2016-12-15,5.32723284,5.38347292,5.26711512,5.36407995,8171541
2016-12-16,5.41062307,5.52116203,5.32723284,5.39898682,11006081
2016-12-19,5.39898682,5.39898682,5.21863317,5.21863317,7949810
2016-12-20,5.26323605,5.30008316,5.08288193,5.15463591,5361236
2016-12-21,5.15851498,5.15851498,5.15851498,5.15851498,6538470
2016-12-22,5.15851498,5.30396223,5.09257889,5.30396223,4686763
2016-12-23,5.31947613,5.37183714,5.20893621,5.31947613,4380981
2016-12-26,5.3485651,5.42419815,5.25935793,5.42419815,980770
2016-12-27,5.47849798,5.47849798,5.25935793,5.34468699,3623488
2016-12-28,5.30396223,5.4668622,5.29620409,5.44165087,2779881
2016-12-29,5.44165087,5.59485483,5.37765503,5.58322001,5705692
2017-01-02,5.51728392,5.55800915,5.2884469,5.50176907,2764411
2017-01-03,5.55994797,5.59485483,5.50564814,5.56576586,6795781
2017-01-04,5.51922321,5.76745176,5.51922321,5.72672701,6732871
2017-01-05,5.76357412,5.7926631,5.6569128,5.74224091,6606021
2017-01-06,5.74224091,5.75193787,5.59485483,5.6588521,4273210
2017-01-09,5.71121311,5.81011677,5.63945913,5.68406296,5149819
2017-01-10,5.71896982,5.73060608,5.59485483,5.67242718,6622006
2017-01-11,5.6433382,5.77520895,5.60455179,5.70539522,5823260
2017-01-12,5.89156723,6.08937502,5.81981277,6.03895283,11233484
2017-01-13,6.06998205,6.06998205,5.9109602,5.984653,5029156
2017-01-16,5.98853111,6.00404596,5.93229198,5.97495604,2416346
2017-01-17,5.97495604,6.16694593,5.94004917,6.14755297,9441592
2017-01-18,6.14755297,6.19603586,6.06416416,6.06610298,7768301
2017-01-19,6.09325314,6.1863389,6.03507423,6.15724993,13653955
2017-01-20,6.1882782,6.25809288,6.14173603,6.20767117,14195906
2017-01-23,6.25421381,6.25809288,6.16694593,6.20573187,7263477
2017-01-24,6.22706413,6.36087513,6.21155024,6.32402897,5508197
2017-01-26,6.39772177,6.42875099,6.26778889,6.29687881,6272393
2017-01-27,6.32209015,6.33566523,6.19021797,6.21930695,3409492
2017-01-30,6.26003218,6.26003218,6.02149916,6.05640697,3035129
2017-01-31,6.16500711,6.17664289,6.04864979,6.07967806,7632168
2017-02-01,6.16694593,6.32209015,6.07192087,6.10100985,8013751
2017-02-02,6.08161688,6.24257898,6.05058908,6.170825,5497368
2017-02-03,6.11652517,6.29106092,6.11652517,6.27360678,11775950
2017-02-06,6.31239319,6.35893583,6.22706413,6.29106092,10261995
2017-02-07,6.27942514,6.35893583,6.25809288,6.34342194,9318867
2017-02-08,6.34536123,6.3802681,6.22512484,6.33760405,12144641
2017-02-09,6.3647542,6.3647542,6.24257898,6.31045389,5779430
2017-02-10,6.27942514,6.44038582,6.22512484,6.37251091,5841824
2017-02-13,6.40935802,6.59358978,6.37445021,6.59165096,11071053
2017-02-14,6.56062222,6.63625479,6.42875099,6.45783997,8717616
2017-02-15,6.52959394,6.66922283,6.50050402,6.66728306,14182499
2017-02-16,6.65952587,6.72934103,6.52571487,6.54704714,7092281
2017-02-17,6.58001518,6.59358978,6.44814396,6.5548048,3949896
2017-02-20,6.55868292,6.70994806,6.53735113,6.59165096,3933911
2017-02-21,6.62461901,6.6304369,6.46753597,6.60328722,9614851
2017-02-22,6.5567441,6.58971214,6.44426489,6.51020098,10572418
2017-02-23,6.52377605,6.62268019,6.40935802,6.42681122,9495220
2017-02-24,6.34536123,6.49468708,6.32402897,6.37638998,6767420
2017-03-01,6.44232607,6.50050402,6.33760405,6.50050402,6960274
2017-03-02,6.41711521,6.50050402,6.39384317,6.42681122,7387234
2017-03-03,6.44038582,6.52959394,6.40935802,6.51601887,7005135
2017-03-06,6.51601887,6.59358978,6.4539609,6.52571487,10732785
2017-03-07,6.51407909,6.54704714,6.42681122,6.48499012,5866060
2017-03-08,6.51407909,6.51407909,6.35311794,6.36669302,5442709
2017-03-09,6.37638998,6.43262911,5.9691391,6.07773876,15789787
2017-03-10,6.13009977,6.26391077,6.03507423,6.18246078,14139184
2017-03-13,6.19409609,6.35699701,6.19215679,6.31045389,7287713
2017-03-14,6.30269718,6.30657482,6.11846399,6.11846399,7333606
2017-03-15,6.14173603,6.30075693,6.14173603,6.26003218,11438713
2017-03-16,6.26003218,6.33178616,6.2445178,6.27360678,4431515
2017-03-17,6.33178616,6.38608599,6.14949322,6.17858219,12085341
2017-03-20,6.07967806,6.13009977,5.94974613,5.98659182,13438413
2017-03-21,5.984653,6.01955986,5.85665989,5.85665989,11640849
2017-03-22,5.82951021,6.04089212,5.82951021,6.01180315,9832457
2017-03-23,5.95750284,6.08355713,5.93810987,6.03313494,7518725
2017-03-24,5.99241018,6.17470312,5.99241018,6.10876799,5447866
2017-03-27,6.06998205,6.14173603,6.04477119,6.12816,6058398
2017-03-28,6.3628149,6.41323614,6.14949322,6.21736813,6520938
2017-03-29,6.26391077,6.34730005,6.22124577,6.31239319,5975378
2017-03-30,6.31045389,6.37251091,6.2309432,6.28718185,4678512
2017-03-31,6.30269718,6.43068981,6.30075693,6.3201499,6928819
2017-04-03,6.37251091,6.52765417,6.2891221,6.4966259,8002407
2017-04-04,6.53347206,6.58971214,6.45783997,6.54510784,4686763
2017-04-05,6.58389378,6.67116213,6.54898691,6.62073994,9805643
2017-04-06,6.58389378,6.61686182,6.41129684,6.44038582,11169543
2017-04-07,6.438447,6.614923,6.438447,6.53541183,9058978
2017-04-10,6.54510784,6.56256199,6.34148312,6.3628149,9812862
2017-04-11,6.20573187,6.28136396,6.13979578,6.26391077,18908452
2017-04-12,6.24839687,6.3647542,6.23482084,6.31239319,15161207
2017-04-13,6.2464571,6.33178616,6.17470312,6.17470312,3645661
2017-04-17,6.17470312,6.29881811,6.17470312,6.27166796,4401607
2017-04-18,6.26972914,6.39772177,6.19797516,6.31045389,7035559
2017-04-19,6.31045389,6.34536123,6.22900391,6.32209015,6282707
2017-04-20,6.10682821,6.14367485,5.95362377,5.9691391,20963842
2017-04-24,6.00986385,6.04477119,5.87605286,5.88574886,14370712
2017-04-25,5.88962793,5.9090209,5.71121311,5.73642397,23262620
2017-04-26,5.73642397,5.85472012,5.72478819,5.82563114,18243261
2017-04-27,5.82563114,5.88381004,5.66273117,5.66273117,7268634
2017-04-28,5.66273117,5.73060608,5.62782288,5.67630577,9828331
2017-05-02,5.68212318,5.82756996,5.68018389,5.78878403,9071354
2017-05-03,5.81011677,5.93810987,5.78878403,5.89544487,5074533
2017-05-04,5.86247778,5.93229198,5.7771492,5.77908802,7790989
2017-05-05,5.74030209,5.85472012,5.73642397,5.83144903,6721011
2017-05-08,5.81593513,5.86829519,5.7325449,5.7325449,4703264
2017-05-09,5.73836279,5.9342308,5.72284889,5.91483784,12291087
2017-05-10,5.98077393,6.03895283,5.84308481,5.88962793,10323873
2017-05-11,5.94392776,5.99628878,5.78490591,5.80817699,8846530
2017-05-12,6.00792408,6.02149916,5.86441708,6.00792408,10136691
2017-05-15,6.04089212,6.22318602,5.81205606,5.8663559,19068304
2017-05-16,5.93035316,6.30851507,5.91871691,6.26585007,21762587
2017-05-17,6.23482084,6.2464571,6.02537823,6.08743477,7815741
2017-05-18,5.04215717,5.58515882,4.96652508,5.58515882,25568101
2017-05-19,5.58709812,5.84308481,5.49595118,5.56576586,20061966
2017-05-22,5.57546186,5.57740211,5.25935793,5.34468699,12379779
2017-05-23,5.34468699,5.55025196,5.34468699,5.49595118,9330211
2017-05-24,5.57740211,5.70927382,5.50952578,5.64915514,5665986
2017-05-25,5.72090912,5.73642397,5.55994797,5.57352304,9630321
2017-05-26,5.66273117,5.69957685,5.55994797,5.68018389,5344219
2017-05-29,5.68018389,5.68018389,5.68018389,5.68018389,0
2017-05-30,5.60842991,5.73642397,5.57546186,5.64139795,3514170
2017-05-31,5.70151615,5.70151615,5.60842991,5.62394524,10588918
2017-06-01,5.65497303,5.81593513,5.62588406,5.71121311,10686892
2017-06-02,5.7926631,5.80429888,5.61037016,5.6433382,5081752
2017-06-05,5.58515882,5.72478819,5.56188679,5.66466999,6104807
2017-06-06,5.61812687,5.78296709,5.61812687,5.78296709,7387234
2017-06-07,5.81593513,5.81593513,5.68406296,5.76357412,4533098
2017-06-08,5.76551294,5.76551294,5.60261202,5.76357412,3813248
2017-06-09,5.81399488,5.88574886,5.74611998,5.85665989,11866189
2017-06-12,5.86247778,5.89544487,5.8023591,5.82951021,7094343
2017-06-13,5.87993097,5.9342308,5.78878403,5.9342308,5004920
2017-06-14,5.96138096,6.01762104,5.89156723,5.95944214,11713040
2017-06-15,5.95944214,5.95944214,5.95944214,5.95944214,0
2017-06-16,5.85278082,6.20573187,5.85278082,6.20573187,22921258
2017-06-19,6.20185423,6.20185423,5.994349,6.06028509,7764691
2017-06-20,6.05058908,6.06028509,5.9342308,5.97883511,7505318
2017-06-21,5.9245348,6.04089212,5.9245348,6.01180315,7044841
2017-06-22,6.01180315,6.04864979,5.984653,6.01180315,6423480
2017-06-23,5.99241018,6.02537823,5.94974613,6.00016689,2711815
2017-06-26,6.02343893,6.13785696,5.98853111,6.03895283,9778829
2017-06-27,5.9691391,6.05834579,5.89544487,5.9090209,4448531
2017-06-28,5.89544487,5.99047089,5.86053801,5.93229198,4363449
2017-06-29,5.9109602,5.994349,5.86829519,5.97495604,5337000
2017-06-30,6.01180315,6.19603586,6.01180315,6.13979578,10400705
2017-07-03,6.13979578,6.26391077,6.09907103,6.18052101,5935157
2017-07-04,6.11652517,6.23869991,6.11652517,6.17664289,1258707
2017-07-05,6.17664289,6.24063921,6.09325314,6.1863389,4335604
2017-07-06,6.22318602,6.22318602,6.12234306,6.14755297,5641235
2017-07-07,6.16306782,6.19797516,5.994349,6.10876799,7971468
2017-07-10,6.14561415,6.29106092,6.0680418,6.26391077,4839912
2017-07-11,6.26391077,6.31627178,6.15531111,6.27360678,3842640
2017-07-12,6.28330421,6.36863279,6.21736813,6.35699701,6310552
2017-07-13,6.34342194,6.5567441,6.34342194,6.46559715,8789292
2017-07-14,6.44232607,6.59358978,6.44232607,6.55286503,5464366
2017-07-17,6.59358978,6.75261211,6.54510784,6.6905551,11062803
2017-07-18,6.68085909,6.94460201,6.58389378,6.86121321,15143159
2017-07-19,6.91939116,6.91939116,6.75843,6.81660891,9780376
2017-07-20,6.81660891,6.81660891,6.72352314,6.77782297,7507896
2017-07-21,6.72546196,6.81467009,6.7002511,6.79333687,4614572
2017-07-24,6.80691195,6.8224268,6.63237619,6.70994806,4733172
2017-07-25,6.75649118,6.76812696,6.56450081,6.58195496,6413167
2017-07-26,6.58389378,6.65952587,6.52765417,6.64401197,4876523
2017-07-27,6.70219088,6.89418077,6.67116213,6.82630491,6002192
2017-07-28,6.84569788,6.84569788,6.54316902,6.61104393,13269795
2017-07-31,6.61104393,6.67310095,6.47141504,6.50632191,4245880
2017-08-01,6.51020098,6.61880112,6.47917223,6.56450081,5104441
2017-08-02,6.59358978,6.65176916,6.51795816,6.63431597,5093612
2017-08-03,6.6886158,6.6886158,6.54510784,6.56644011,6272393
2017-08-04,6.55092621,6.61686182,6.51795816,6.56256199,4470189
2017-08-07,6.5548048,6.60134792,6.2464571,6.53928995,7179426
2017-08-08,6.572258,6.572258,6.36087513,6.36087513,5412286
2017-08-09,6.36087513,6.43262911,6.29106092,6.41323614,5092581
2017-08-10,6.35311794,6.37445021,6.27748585,6.31239319,5192618
2017-08-11,6.2891221,6.42099285,6.23288202,6.40935802,3386803
2017-08-14,6.01374197,6.25227499,6.00598478,6.25227499,18565028
2017-08-15,6.14173603,6.17664289,5.82756996,5.84114504,25982685
2017-08-16,5.99241018,6.00986385,5.90708113,5.91483784,11417056
2017-08-17,5.94974613,6.02925682,5.84308481,5.84308481,8844983
2017-08-18,5.89350605,5.95362377,5.86441708,5.94198799,7869369
2017-08-21,5.99047089,6.00210714,5.92841291,5.97301722,4407279
2017-08-22,6.00210714,6.06610298,5.97301722,6.02149916,24151604
2017-08-23,6.06028509,6.09907103,5.99241018,6.00598478,6894786
2017-08-24,6.03119612,6.05058908,5.99628878,6.00016689,8538169
2017-08-25,6.03701401,6.04671001,5.97689581,6.01180315,6715339
2017-08-28,6.01180315,6.06222486,6.00404596,6.00404596,6663774
2017-08-29,6.01180315,6.16694593,6.01180315,6.12816,15512366
2017-08-30,6.14173603,6.20573187,6.10876799,6.20573187,8310767
2017-08-31,6.23482084,6.31433201,6.16888618,6.23482084,12655653
2017-09-01,6.23482084,6.39966106,6.23482084,6.35893583,9325570
2017-09-04,6.34730005,6.35117912,6.27554703,6.31821108,2821649
2017-09-05,6.33178616,6.37057209,6.26585007,6.2891221,5229745
2017-09-06,6.34730005,6.52959394,6.34148312,6.40741777,8931612
2017-09-07,6.40741777,6.40741777,6.40741777,6.40741777,0
2017-09-08,6.45008278,6.4966259,6.42487192,6.48692894,6395634
2017-09-11,6.4539609,6.56837988,6.45008278,6.53153276,4072621
2017-09-12,6.4966259,6.64982986,6.45783997,6.58777285,3540984
2017-09-13,6.54898691,6.59165096,6.4229331,6.50244379,5541199
2017-09-14,6.43650818,6.52765417,6.3802681,6.39190388,9914445
2017-09-15,6.39966106,6.52959394,6.35893583,6.49468708,12046667
2017-09-18,6.5548048,6.64207315,6.42099285,6.45590115,4907978
2017-09-19,6.52765417,6.53153276,6.26585007,6.31239319,7046903
2017-09-20,6.32402897,6.52571487,6.32402897,6.5121398,5510775
2017-09-21,6.57419682,6.59165096,6.40741777,6.4985652,6630772
2017-09-22,6.4539609,6.63819408,6.42875099,6.63819408,5632469
2017-09-25,6.65370798,6.67698002,6.51020098,6.56450081,6899427
2017-09-26,6.59358978,6.59358978,6.46365786,6.48886919,5677846
2017-09-27,6.51795816,6.52377605,6.23869991,6.35117912,6603958
2017-09-28,6.32790709,6.35699701,6.21542883,6.32790709,8763510
2017-09-29,6.34730005,6.52183723,6.33372498,6.4539609,9686011
2017-10-02,6.4966259,6.55092621,6.40160084,6.52571487,7631653
2017-10-03,6.54316902,6.59940815,6.50244379,6.59553003,6975743
2017-10-04,6.52571487,6.62268019,6.46753597,6.53928995,4128311
2017-10-05,6.61298323,6.73515892,6.53928995,6.572258,6342007
2017-10-06,6.57031918,6.57031918,6.45008278,6.55868292,5019874
2017-10-09,6.748734,6.83987999,6.62655783,6.69443417,8242701
2017-10-10,6.78751993,6.81660891,6.5412302,6.58195496,6437402
2017-10-11,6.59358978,6.65758705,6.40935802,6.4966259,10962251
2017-10-12,6.4966259,6.4966259,6.4966259,6.4966259,0
2017-10-13,6.438447,6.56837988,6.28524303,6.28524303,7968889
2017-10-16,6.33954287,6.33954287,6.12816,6.18246078,9314742
2017-10-17,6.19215679,6.20573187,6.06416416,6.08743477,8570656
2017-10-18,6.10682821,6.170825,6.06028509,6.08937502,5707754
2017-10-19,6.06222486,6.08937502,5.88574886,5.9342308,11028254
2017-10-20,5.97689581,6.05058908,5.92259598,5.96332121,6276003
2017-10-23,5.96526003,6.01762104,5.89738512,5.91483784,8346863
2017-10-24,5.92259598,5.9691391,5.90708113,5.95362377,5926391
2017-10-25,6.00210714,6.01180315,5.7907238,5.89544487,5555121
2017-10-26,5.9342308,6.05058908,5.90126324,5.98271418,7159315
2017-10-27,6.00792408,6.00986385,5.86829519,5.89544487,6041897
2017-10-30,5.91289902,5.93035316,5.74030209,5.81787395,11542875
2017-10-31,5.77908802,5.82369184,5.73836279,5.77908802,8167931
2017-11-01,5.83726692,5.95362377,5.80817699,5.88381004,16667943
2017-11-02,5.88381004,5.88381004,5.88381004,5.88381004,0
2017-11-03,5.83726692,5.83726692,5.64527702,5.72090912,21770838
2017-11-06,5.72090912,5.76939201,5.65303421,5.73060608,7926606
2017-11-07,5.72090912,5.73642397,5.51922321,5.51922321,10265089
2017-11-08,5.57352304,5.72090912,5.54249382,5.69763803,6973681
2017-11-09,5.68794107,5.75969505,5.52891922,5.59291601,12327698
2017-11-10,5.62394524,5.67242718,5.46880102,5.62394524,5620609
2017-11-13,5.62394524,5.77908802,5.55025196,5.76357412,6507015
2017-11-14,5.81399488,5.81787395,5.66660881,5.71315193,7295448
2017-11-15,5.71315193,5.71315193,5.71315193,5.71315193,0
2017-11-16,5.89156723,6.04477119,5.82951021,6.01180315,12243647
2017-11-17,5.99241018,6.03701401,5.90514183,6.01180315,5431365
2017-11-20,6.01180315,6.01180315,6.01180315,6.01180315,0
2017-11-21,6.12816,6.27360678,6.04477119,6.27360678,9039899
2017-11-22,6.27554703,6.58583307,6.27554703,6.57419682,22103949
2017-11-23,6.572258,6.572258,6.36863279,6.44814396,3583783
2017-11-24,6.48692894,6.4966259,6.38220787,6.45783997,9814409
2017-11-27,6.45783997,6.64207315,6.43068981,6.54510784,12096686
2017-11-28,6.59358978,6.62849808,6.4985652,6.54510784,12501473
2017-11-29,6.50050402,6.56450081,6.34536123,6.42875099,9166234
2017-11-30,6.35893583,6.41905403,6.21542883,6.34148312,10781772
2017-12-01,6.33372498,6.35117912,6.17276382,6.29106092,9166750
2017-12-04,6.27166796,6.48886919,6.25421381,6.42875099,9255442
2017-12-05,6.47723293,6.47723293,6.30269718,6.40935802,8870250
2017-12-06,6.40935802,6.53928995,6.32402897,6.49080801,6273425
2017-12-07,6.36863279,6.47529411,6.29300022,6.38802624,5116301
2017-12-08,6.38802624,6.56256199,6.38802624,6.39578295,3876673
2017-12-11,6.39578295,6.49274683,6.36087513,6.438447,2696861
2017-12-12,6.36087513,6.47917223,6.24257898,6.47917223,4073137
2017-12-13,6.5567441,6.56644011,6.40354013,6.4966259,8178244
2017-12-14,6.38802624,6.50050402,6.32984686,6.45008278,6558580
2017-12-15,6.39190388,6.51795816,6.37057209,6.50438309,9350322
2017-12-18,6.50438309,6.50438309,6.38220787,6.42875099,5957846
2017-12-19,6.3647542,6.5121398,6.3647542,6.47529411,7021636
2017-12-20,6.43262911,6.60134792,6.43262911,6.55868292,4861053
2017-12-21,6.57419682,6.6886158,6.50438309,6.64595079,5021421
2017-12-22,6.61298323,6.67116213,6.53347206,6.56256199,2483896
2017-12-25,6.56256199,6.56256199,6.56256199,6.56256199,0
2017-12-26,6.57807589,6.69249392,6.57613707,6.65564823,1845003
2017-12-27,6.6905551,6.72352314,6.61686182,6.6905551,3685366
2017-12-28,6.6905551,6.70994806,6.64595079,6.65758705,9261114
2017-12-29,6.65758705,6.65758705,6.65758705,6.65758705,0
2018-01-02,6.70413017,6.76618719,6.61104393,6.70994806,4165438
2018-01-03,6.64982986,6.70994806,6.58971214,6.58971214,3868423
2018-01-04,6.65758705,6.65758705,6.40354013,6.46171904,3850375
2018-01-05,6.4985652,6.55092621,6.41323614,6.53541183,3554906
2018-01-08,6.52571487,6.66922283,6.40741777,6.66922283,3362052
2018-01-09,6.58777285,6.66728306,6.50050402,6.57807589,4175236
2018-01-10,6.47141504,6.54510784,6.42487192,6.44620419,2380250
2018-01-11,6.41905403,6.53347206,6.3783288,6.53153276,3748791
2018-01-12,6.51407909,6.57807589,6.43262911,6.57031918,3124852
2018-01-15,6.55286503,6.61880112,6.51795816,6.57419682,1224674
2018-01-16,6.61298323,6.64789104,6.5121398,6.60716486,3683819
2018-01-17,6.66534424,6.96011591,6.58971214,6.96011591,12723719
2018-01-18,6.92133093,6.94654083,6.83600187,6.84181976,5624219
2018-01-19,6.81272984,6.97950888,6.81272984,6.8670311,4639323
2018-01-22,6.8767271,6.94460201,6.8321228,6.87478781,3737447
2018-01-23,6.92133093,6.9407239,6.78170204,6.78364086,3274907
2018-01-24,6.87478781,7.0085988,6.75649118,6.96011591,11386633
2018-01-25,6.96011591,6.96011591,6.96011591,6.96011591,0
2018-01-26,7.05320215,7.0997448,6.85539484,7.02023506,7690437
2018-01-29,7.02023506,7.08810997,6.92908812,7.08810997,4107685
2018-01-30,7.08810997,7.15404606,7.02217388,7.15404606,4687278
2018-01-31,7.18313503,7.24131393,6.98338795,7.05514193,5978472
2018-02-01,7.11913776,7.22967815,7.03381014,7.05126286,5431365
2018-02-02,6.8767271,6.9407239,6.84375906,6.86896992,4369121
2018-02-05,6.78751993,6.83987999,6.67698002,6.68085909,5129708
2018-02-06,6.59358978,6.78751993,6.53541183,6.75455189,12861914
2018-02-07,6.66728306,6.85927296,6.66728306,6.69249392,6232173
2018-02-08,6.71770477,6.81660891,6.57807589,6.58777285,8571687
2018-02-09,6.5567441,6.59165096,6.3628149,6.46559715,8485573
2018-02-14,6.66340494,6.95429897,6.66146612,6.86509085,12644308
2018-02-15,6.88448381,6.95817709,6.81660891,6.86121321,3466214
2018-02-16,6.81467009,6.9523592,6.8088522,6.92327023,4283007
2018-02-19,6.91745186,6.96011591,6.8321228,6.93490601,1260254
2018-02-20,6.87090921,7.11913776,6.85539484,7.06095982,3756011
2018-02-21,7.06095982,7.22385979,7.03962708,7.09780598,8999678
2018-02-22,7.08810997,7.15986395,6.97175217,7.15986395,5378768
2018-02-23,7.17343903,7.28591681,7.10362387,7.28591681,6875707
2018-02-26,7.33245993,7.36542797,7.21222401,7.2626462,5215822
2018-02-27,7.2626462,7.48178577,7.23937416,7.42748594,15792365
2018-02-28,7.42942476,7.60590076,7.27428198,7.30143213,10089767
2018-03-01,7.32664299,7.56129694,7.28979588,7.4100318,9991793
2018-03-02,7.34021807,7.47014999,7.23549604,7.31306791,12893884
2018-03-05,7.36736822,7.43136406,7.25876713,7.35379314,10157833
2018-03-06,7.35767078,7.43330383,7.2626462,7.2626462,6981931
2018-03-07,7.2626462,7.34797478,7.1870141,7.3208251,5890295
2018-03-08,7.36930704,7.38870001,7.23355722,7.29755306,5580904
2018-03-09,7.36736822,7.50893593,7.33827782,7.38870001,7823475
2018-03-12,7.50699711,7.50699711,7.25682783,7.34409618,14846659
2018-03-13,7.36542797,7.45657492,7.28979588,7.43912077,6175451
2018-03-14,7.43718195,7.4643321,7.36348915,7.3945179,3731259
2018-03-15,7.38870001,7.43330383,7.33245993,7.35185289,6388931
2018-03-16,7.31694603,7.44106102,7.28785706,7.44106102,15826914
2018-03-19,7.40809298,7.5962038,7.37124586,7.45075703,5812947
2018-03-20,7.47402906,7.48954296,7.3208251,7.39257812,3804997
2018-03-21,7.43524313,7.56129694,7.34797478,7.51475382,6224438
2018-03-22,7.52057219,7.66020107,7.40615416,7.47790718,7690953
2018-03-23,7.3945179,7.48178577,7.31306791,7.37124586,3263563
2018-03-26,7.47790718,7.51087523,7.34991407,7.51087523,4255162
2018-03-27,7.00084209,7.04738522,6.83600187,6.86315203,34076879
2018-03-28,6.86509085,6.86509085,6.56644011,6.614923,18104034
2018-03-29,6.64789104,6.84375906,6.61686182,6.78751993,8422148
2018-04-02,6.78558016,6.78558016,6.65176916,6.67116213,7769332
2018-04-03,6.748734,6.80303383,6.71964407,6.73321915,5045657
2018-04-04,6.66340494,6.66340494,6.53541183,6.64207315,10488882
2018-04-05,6.73903704,6.78751993,6.52765417,6.66340494,13539996
2018-04-06,6.65952587,6.69443417,6.56644011,6.614923,9413747
2018-04-09,6.68085909,6.68085909,6.4966259,6.4966259,6469888
2018-04-10,6.53347206,6.53347206,6.34342194,6.46947622,10429066
2018-04-11,6.50438309,6.66340494,6.45783997,6.58971214,9895366
2018-04-12,6.65952587,6.66146612,6.51601887,6.61298323,10667298
2018-04-13,6.55092621,6.62268019,6.51020098,6.62268019,5252949
2018-04-16,6.62073994,6.63237619,6.4539609,6.4539609,4088606
2018-04-17,6.43456888,6.52571487,6.39190388,6.52571487,3468792
2018-04-18,6.57419682,6.62655783,6.481112,6.59358978,11081366
2018-04-19,6.53928995,6.73903704,6.52959394,6.66922283,6207421
2018-04-20,6.68667603,6.70994806,6.55286503,6.64982986,5601014
2018-04-23,6.63237619,6.73903704,6.58971214,6.73903704,3533249
2018-04-24,6.78751993,6.85345507,6.7002511,6.73515892,5560278
2018-04-25,6.66922283,6.8185482,6.62655783,6.81660891,5224588
2018-04-26,6.88060617,6.9523592,6.82048798,6.89999819,4582601
2018-04-27,6.94460201,7.02217388,6.90969515,6.92327023,6608599
2018-04-30,6.70994806,6.88254499,6.67310095,6.8185482,11308253
2018-05-02,6.76618719,6.76618719,6.614923,6.6905551,11429947
2018-05-03,6.61298323,6.69249392,6.53928995,6.59358978,6589004
2018-05-04,6.52959394,6.59165096,6.48305082,6.56450081,7082483
2018-05-07,6.39772177,6.39772177,6.26778889,6.2891221,9627743
2018-05-08,6.29300022,6.51407909,6.26972914,6.35699701,6201749
2018-05-09,6.31045389,6.43456888,6.31045389,6.34536123,7719829
2018-05-10,6.14755297,6.14755297,5.88381004,5.95944214,17030446
2018-05-11,5.9245348,5.98271418,5.54831219,5.6006732,13799885
2018-05-14,5.63945913,5.73642397,5.37377596,5.43001604,14623897
2018-05-15,5.39123011,5.61618805,5.25354004,5.37571478,23130613
2018-05-16,5.43583298,5.43777323,5.31171894,5.42613697,16245108
2018-05-17,5.43971205,5.46880102,5.26905394,5.35244417,11699118
2018-05-18,5.30008316,5.30008316,5.06348896,5.11391115,14007693
2018-05-21,5.14106083,5.15269709,4.97428179,5.00918913,6233204
2018-05-22,5.07706404,5.13718319,5.00337076,5.09257889,6295598
2018-05-23,5.05961084,5.11584997,5.0130682,5.0285821,6570440
2018-05-24,5.00143194,5.06155014,4.94519281,5.06155014,4757407
2018-05-25,5.15269709,5.22638988,5.06155014,5.08094311,9221409
2018-05-28,5.08094311,5.086761,4.93355703,4.97816086,7607417
2018-05-29,5.04215717,5.07900381,4.98785686,5.02276421,9465828
2018-05-30,5.02276421,5.10227489,4.98010015,5.0712471,15569088
2018-06-01,5.01500702,5.11003208,4.88701391,4.94519281,10265605
2018-06-04,5.00337076,5.00337076,4.88507509,4.99173594,4831661
2018-06-05,4.94907093,5.01500702,4.82301712,4.82883501,6240423
2018-06-06,4.78810978,4.87150002,4.7512641,4.84822798,7266571
2018-06-07,4.77841377,4.87343884,4.67369223,4.82495689,12415874
2018-06-08,4.83271408,4.83271408,4.59611988,4.67369223,11143245
2018-06-11,4.64654207,4.73380995,4.54763794,4.62908792,7557915
2018-06-12,4.56703091,4.71247816,4.53794098,4.65429878,5881529
2018-06-13,4.65817785,4.66593504,4.4506731,4.52048779,9028039
2018-06-14,4.47200584,4.57866716,4.45843077,4.55345583,7624949
2018-06-15,4.50303411,4.52824497,4.31880188,4.46424818,18599061
2018-06-18,4.45843077,4.47782278,4.37892008,4.4390378,9841223
2018-06-19,4.41770506,4.63490582,4.41770506,4.56121302,9368885
2018-06-20,4.55733395,4.68144894,4.54763794,4.67369223,8720195
2018-06-21,4.62520981,4.68338823,4.47782278,4.47782278,13331157
2018-06-22,4.48364115,4.52242708,4.36922312,4.42158413,4359839
2018-06-25,4.41188812,4.51854897,4.3905549,4.50109482,4175751
2018-06-26,4.55345583,4.55733395,4.365345,4.42352295,4762048
2018-06-27,4.42352295,4.42352295,4.27031898,4.36728382,8216402
2018-06-28,4.3071661,4.36728382,4.25868416,4.36340523,5515416
2018-06-29,4.36340523,4.54182005,4.35952711,4.51660919,6708635
2018-07-02,4.49333811,4.53406286,4.43128014,4.50885201,2489053
2018-07-03,4.48170185,4.57672691,4.46618795,4.5243659,3680725
2018-07-04,4.57478809,4.59611988,4.50885201,4.59418106,1843456
2018-07-05,4.58060598,4.632967,4.54763794,4.59611988,3833358
2018-07-06,4.61551285,4.71247816,4.55539513,4.71247816,4671293
2018-07-10,4.67563105,4.72023487,4.59030199,4.60193777,6988119
2018-07-11,4.59611988,4.61745214,4.54569912,4.58642387,5094128
2018-07-12,4.61163521,4.66787386,4.57090902,4.61939192,5574200
2018-07-13,4.64460278,4.65042019,4.53406286,4.64072418,5476742
2018-07-16,4.65429878,4.7008419,4.61745214,4.7008419,5312249
2018-07-17,4.71441698,4.92579985,4.68338823,4.87150002,11011238
2018-07-18,4.91804314,4.94519281,4.73187113,4.73187113,6048600
2018-07-19,4.69696283,4.82883501,4.62133121,4.82883501,6762263
2018-07-20,4.95876789,4.97428179,4.78423119,4.82883501,9167265
2018-07-23,4.84822798,4.84822798,4.74932384,4.81332111,3554906
2018-07-24,4.85598516,5.0285821,4.82107782,5.0285821,7969405
2018-07-25,5.04215717,5.11003208,4.94131422,5.05379295,8745977
2018-07-26,5.02276421,5.08094311,4.98591805,5.0285821,6846314
2018-07-27,5.03052187,5.05573177,4.88507509,4.94907093,8700600
2018-07-30,4.99367523,5.00143194,4.89865017,4.97622108,4786284
2018-07-31,4.99367523,4.99367523,4.84822798,4.84822798,6449262
2018-08-01,4.84822798,4.94907093,4.82495689,4.88119602,9167781
2018-08-02,4.8792572,4.92386007,4.82883501,4.90058899,8473197
2018-08-03,4.92579985,5.15075779,4.89089298,5.086761,7578025
2018-08-06,5.086761,5.17402887,5.05767202,5.13524294,4390778
2018-08-07,5.12166786,5.22638988,5.09064007,5.13718319,6798874
2018-08-08,5.17790794,5.24772215,5.0712471,5.07512522,8604173
2018-08-09,5.07706404,5.18566513,4.99367523,5.17790794,8291172
2018-08-10,5.09064007,5.09064007,4.74932384,4.84822798,9536472
2018-08-13,4.80944204,4.96264601,4.68338823,4.96264601,6188858
2018-08-14,5.03827906,5.08094311,4.88119602,5.03246117,6953570
2018-08-15,4.94907093,5.04215717,4.8947711,5.03052187,7126829
2018-08-16,5.0130682,5.08288193,4.92579985,4.96652508,3642051
2018-08-17,4.88313484,4.94131422,4.7512641,4.87537813,9005866
2018-08-20,4.84241009,4.88313484,4.78035307,4.88119602,5357111
2018-08-21,4.82883501,4.92579985,4.77259588,4.81719923,6716370
2018-08-22,4.77841377,4.97040319,4.76677799,4.97040319,5393206
2018-08-23,4.910285,4.97040319,4.73187113,4.73187113,8067379
2018-08-24,4.77259588,4.81332111,4.71247816,4.80750322,3329050
2018-08-27,4.81138182,4.91804314,4.73574877,4.86762094,3031003
2018-08-28,4.84047079,4.8947711,4.79974604,4.84822798,4097372
2018-08-29,4.8365922,4.94907093,4.82689619,4.86762094,6036225
2018-08-30,4.81525993,4.91804314,4.70665979,4.71441698,4328900
2018-08-31,4.67756987,4.78810978,4.66011715,4.73187113,14857488
2018-09-03,4.64460278,4.81525993,4.61357403,4.63490582,3738478
2018-09-04,4.65429878,4.73768806,4.61357403,4.67369223,4973465
2018-09-05,4.65623808,4.75902081,4.632967,4.64460278,4219066
2018-09-06,4.71441698,4.7512641,4.59611988,4.7512641,8702663
2018-09-10,4.8365922,4.84822798,4.66399479,4.7027812,4115936
2018-09-11,4.63684511,4.65235996,4.54569912,4.642663,6859721
2018-09-12,4.62908792,4.74932384,4.57672691,4.73962784,7851836
2018-09-13,4.71829605,4.7609601,4.59418106,4.63490582,7832757
2018-09-14,4.61745214,4.68920612,4.50109482,4.57672691,6065101
2018-09-17,4.57478809,4.68726683,4.54763794,4.68532801,4442859
2018-09-18,4.65235996,4.78423119,4.642663,4.76289892,8673270
2018-09-19,4.75902081,4.76289892,4.61745214,4.63684511,3147025
2018-09-20,4.66399479,4.70859909,4.59418106,4.61163521,6239907
2018-09-21,4.71247816,4.81719923,4.65429878,4.76871681,16538514
2018-09-24,4.76483917,4.84047079,4.65429878,4.65429878,4198956
2018-09-25,4.59999895,4.74350595,4.56703091,4.69502401,4061277
2018-09-26,4.69696283,4.82883501,4.61939192,4.61939192,5905249
2018-09-27,4.63490582,4.82301712,4.63490582,4.71247816,7745612
2018-09-28,4.642663,4.6911459,4.57478809,4.57478809,6585394
2018-10-01,4.5825448,4.61939192,4.50303411,4.5243659,3073803
2018-10-02,4.66981316,4.94325304,4.62714911,4.87537813,18527385
2018-10-03,5.03246117,5.14300013,4.89089298,4.96652508,17057776
2018-10-04,4.98010015,5.07706404,4.910285,5.02276421,9742217
2018-10-05,5.12942505,5.16627216,5.03246117,5.10809278,6889114
2018-10-08,5.72090912,5.72090912,5.33886909,5.45328712,17837442
2018-10-09,5.43195486,5.55994797,5.406744,5.52697992,10060375
2018-10-10,5.40868282,5.48625517,5.27293301,5.30396223,13900953
2018-10-11,5.406744,5.41837978,5.24966097,5.27099419,9044540
2018-10-15,5.27099419,5.39123011,5.21281481,5.32529402,16446728
2018-10-16,5.32529402,5.41256189,5.23026896,5.3485651,23847885
2018-10-17,5.30396223,5.49982977,5.28262901,5.44552994,20758097
2018-10-18,5.47268009,5.47268009,5.27487183,5.28262901,5379284
2018-10-19,5.30590105,5.4222579,5.28262901,5.41256189,9592163
2018-10-22,5.41450119,5.60455179,5.40480518,5.48819399,22620632
2018-10-23,5.38541222,5.5250411,5.36601877,5.46880102,18583591
2018-10-24,5.50952578,5.54443407,5.35244417,5.37765503,39373659
2018-10-25,5.36214018,5.44746923,5.32917213,5.36989784,13563716
2018-10-26,5.37183714,5.45134783,5.27487183,5.39123011,26059517
2018-10-29,5.51922321,5.58709812,5.39510822,5.48819399,38021618
2018-10-30,5.56576586,5.56576586,5.36214018,5.37377596,17595601
2018-10-31,5.34274721,5.50370884,5.31171894,5.42031908,25645449
2018-11-01,5.43001604,5.50176907,5.36601877,5.43389416,13354877
2018-11-05,5.44165087,5.61812687,5.43971205,5.54637289,11814624
2018-11-06,5.44940805,5.58128023,5.44940805,5.55025196,7701266
2018-11-07,5.57546186,5.62200499,5.44940805,5.45910501,7240273
2018-11-08,5.46104383,5.53085899,5.27487183,5.27487183,10659047
2018-11-09,5.29426479,5.35244417,5.11003208,5.24772215,8141117
2018-11-12,5.24772215,5.48625517,5.24772215,5.36989784,7813162
2018-11-13,5.33499002,5.43001604,5.29232597,5.32917213,6981931
2018-11-14,5.35438299,5.41837978,5.29426479,5.36020088,7216037
2018-11-16,5.38153315,5.46104383,5.33111191,5.4222579,9362182
2018-11-19,5.42419815,5.42419815,5.3485651,5.38153315,8345316
2018-11-21,5.33111191,5.38541222,5.28650808,5.36214018,14049976
2018-11-22,5.36407995,5.40868282,5.31365824,5.3369298,2902606
2018-11-23,5.3233552,5.38735104,5.31171894,5.36601877,6134714
2018-11-26,5.38153315,5.43777323,5.31171894,5.36214018,37377569
2018-11-27,5.40092611,5.54443407,5.34274721,5.50758696,14487765
2018-11-28,5.51146603,5.62976313,5.4804368,5.57934093,9598866
2018-11-29,5.53279781,5.6006732,5.48625517,5.56770515,5088972
2018-11-30,5.53085899,5.55413008,5.43777323,5.47461891,9573084
2018-12-03,5.56770515,5.62200499,5.4707408,5.51922321,10650797
2018-12-04,5.52116203,5.67824507,5.50758696,5.52891922,20263586
2018-12-05,5.53667688,5.59485483,5.50176907,5.56188679,4185549
2018-12-06,5.49982977,5.53861618,5.43777323,5.53861618,7300604
2018-12-07,5.50564814,5.59097719,5.45910501,5.59097719,16252843
2018-12-10,5.57546186,5.60261202,5.45134783,5.52116203,6453387
2018-12-11,5.57934093,5.67824507,5.53085899,5.64139795,11490279
2018-12-12,5.71509123,6.0428319,5.70539522,5.99628878,34460524
2018-12-13,6.02343893,6.0544672,5.92259598,6.0544672,13302796
2018-12-14,6.03507423,6.04864979,5.86247778,5.94198799,8317470
2018-12-17,5.91483784,5.98271418,5.82951021,5.86441708,4741422
2018-12-18,5.84114504,5.93035316,5.81205606,5.82756996,8052941
2018-12-19,5.84114504,5.94004917,5.7771492,5.7771492,8613970
2018-12-20,5.81787395,6.03895283,5.78684521,5.9342308,7978687
2018-12-21,5.9342308,5.98659182,5.87411308,5.91871691,12339558
2018-12-26,5.86053801,5.9691391,5.69957685,5.95944214,5206540
2018-12-27,5.97495604,6.01180315,5.86441708,5.95168495,5015233
2018-12-28,6.04477119,6.11652517,5.94780588,6.10876799,9343618
2019-01-02,6.19797516,6.75843,6.06610298,6.66534424,30917477
2019-01-03,6.77006578,7.57875013,6.77006578,7.17925596,39477305
2019-01-04,7.27234221,7.36736822,7.04350615,7.34215689,17630666
2019-01-07,7.34991407,7.44687891,7.02799177,7.17537785,13753992
2019-01-08,7.17537785,7.31306791,7.15210581,7.202528,14183015
2019-01-09,7.14628792,7.38676119,7.14628792,7.29173517,10881293
2019-01-10,7.27234221,7.45657492,7.16568089,7.336339,13875170
2019-01-11,7.31112814,7.65826082,7.21028519,7.65826082,28597042
2019-01-14,7.73389387,8.3641634,7.73389387,8.06745243,40563784
2019-01-15,8.06745243,8.18380928,7.90261221,8.06745243,18928562
2019-01-16,7.98988008,8.06551266,7.83473682,7.9064908,13925189
2019-01-17,7.90261221,8.00733376,7.7145009,7.98600197,15263822
2019-01-18,8.02090931,8.07133007,7.81340504,7.88709784,12968138
2019-01-21,7.81728315,8.06939125,7.790133,8.04999828,5523151
2019-01-22,8.04805946,8.04805946,7.92782307,8.02284813,9475110
2019-01-23,8.34089184,8.46306705,8.08490562,8.17411327,17193393
2019-01-24,8.26138115,8.44949245,8.16247654,8.37386036,19794342
2019-01-28,8.24974537,8.55033493,8.24974537,8.49215698,14998777
2019-01-29,8.62984562,8.98667622,8.51348877,8.61045361,29952176
2019-01-30,8.61045361,8.61045361,8.26331997,8.34089184,18324734
2019-01-31,8.44173527,8.4940958,8.29628754,8.41070557,11772856
2019-02-01,8.41070557,8.62208939,8.36804199,8.57748604,7761597
2019-02-04,8.57748604,8.59493923,8.37192059,8.45724869,11479450
2019-02-05,8.24198818,8.38355637,8.12757015,8.35058784,18361345
2019-02-06,8.20320225,8.28465271,7.97242689,7.97242689,12189503
2019-02-07,7.97242689,8.03254509,7.46821117,7.71256208,31327936
2019-02-08,7.64080811,8.23229218,7.5981431,8.18187046,32408744
2019-02-11,8.12369061,8.1585989,7.36154985,7.41778898,41677077
2019-02-12,7.50505686,7.60977888,6.83987999,7.39839602,65752881
2019-02-13,7.46045399,7.46045399,7.23161697,7.43136406,18407754
2019-02-14,7.43136406,7.82698011,7.31112814,7.82698011,19666461
2019-02-15,7.84637308,7.88709784,7.61753607,7.68735123,17220206
2019-02-18,7.73583317,7.75716496,7.57487202,7.60784006,4588273
2019-02-19,7.68735123,7.7145009,7.55741787,7.56129694,14120105
2019-02-20,7.59232616,7.67959404,7.44299984,7.50117922,18319061
2019-02-21,7.57099295,7.72031879,7.5283289,7.70868301,16670006
2019-02-22,7.75522614,7.87546206,7.64080811,7.87546206,10382658
2019-02-25,7.95303392,7.97630501,7.61365795,7.73583317,7792536
2019-02-26,7.73583317,7.80758715,7.45657492,7.790133,20477066
2019-02-27,7.73777199,7.8929162,7.67959404,7.81146479,8325721
2019-02-28,7.79595089,7.80564785,7.53608608,7.63111115,9263177
2019-03-01,7.61753607,7.64080811,7.49342203,7.64080811,7681671
2019-03-06,7.74940777,7.74940777,7.52444983,7.59232616,6504953
2019-03-07,7.56905413,7.61171818,7.346035,7.48566389,14735278
2019-03-08,7.49730015,7.68541098,7.38288212,7.60396099,6043444
2019-03-11,7.55354023,8.04611969,7.53414679,7.93170214,12061621
2019-03-12,8.04805946,8.41264629,7.91812611,8.2788353,22736139
2019-03-13,8.26525974,8.39131355,8.18380928,8.34283066,9241519
2019-03-14,8.34671021,8.46888542,8.20901966,8.46888542,10552307
2019-03-15,8.39713097,8.6725111,8.39713097,8.4843998,16295126
2019-03-18,8.50767136,8.60657501,8.33701324,8.53482056,9062072
2019-03-19,8.54451847,8.54451847,8.40876675,8.46500683,4981200
2019-03-20,8.37579918,8.49021721,8.25944233,8.33507442,6282707
2019-03-21,8.29434872,8.42428207,7.88321877,8.13532734,14278410
2019-03-22,7.86576605,8.13338757,7.67959404,7.78043699,25443313
2019-03-25,7.70868301,7.95109415,7.70868301,7.85412979,7519241
2019-03-26,7.83473682,8.09266281,7.83085823,8.0558157,10760115
2019-03-27,8.02478695,8.02478695,7.66989708,7.75716496,17422858
2019-03-28,7.75716496,8.04805946,7.64080811,7.95109415,14758998
2019-03-29,8.1450243,8.22259521,7.9821229,8.1450243,48332601
2019-04-01,8.33895302,8.42622089,7.98988008,8.17605209,24893628
2019-04-02,7.95109415,8.01121235,7.71256208,7.83667612,23477131
2019-04-03,7.98988008,8.02672672,7.82116222,7.91424799,15122533
2019-04-04,7.89679384,8.06357288,7.86964417,8.00539494,11689836
2019-04-05,7.95109415,8.03254509,7.79401207,7.83861589,18382487
2019-04-08,7.83861589,7.92782307,7.79595089,7.88127995,10469803
2019-04-09,7.79789019,7.832798,7.67959404,7.75134706,14134028
2019-04-10,7.75910521,7.89097595,7.62529278,7.75716496,13261544
2019-04-11,7.79401207,7.87352324,7.68929005,7.75716496,7345466
2019-04-12,7.71837902,7.74358988,7.4526968,7.53414679,13432225
2019-04-15,7.57487202,7.7164402,7.54384279,7.68347216,9987152
2019-04-16,7.92200518,8.14308357,7.91424799,7.96079111,17121717
2019-04-17,8.06745243,8.06745243,7.72419691,7.91230917,14055649
2019-04-18,7.91036892,8.01702976,7.81146479,8.01702976,7207787
2019-04-22,7.96854782,8.13920593,7.83667612,8.06745243,9579271
2019-04-23,8.1450243,8.2303524,7.96466923,8.1450243,27550268
2019-04-24,8.15084076,8.29822826,7.97824383,8.26913834,18818728
2019-04-25,8.30016708,8.72681141,8.2924099,8.59106064,22756765
2019-04-26,8.59300041,9.06424809,8.57360744,8.99637318,23277058
2019-04-29,9.01770496,9.35514069,9.01770496,9.22520924,16931957
2019-04-30,9.0661869,9.13018417,8.90134716,9.11466885,8842404
2019-05-02,9.01770496,9.09915543,8.93043709,8.98667622,14978666
2019-05-03,8.998312,9.08364105,8.94013309,9.0564909,13247106
2019-05-06,9.01576519,9.1553936,8.96728325,9.00606918,10202695
2019-05-07,8.98667622,9.32799053,8.68026829,9.32799053,23074406
2019-05-08,9.40556335,9.42883396,9.15151596,9.34738445,18391253
2019-05-09,9.24266338,9.47537708,9.07394409,9.26981258,14970416
2019-05-10,9.18836212,9.26011562,8.69772243,8.88195419,15868682
2019-05-13,8.53288174,8.69384289,8.234231,8.26138115,22410762
2019-05-14,8.25556278,8.4223423,8.17799187,8.37967777,27384744
2019-05-15,8.18768787,8.35446739,8.12175179,8.18768787,18737255
2019-05-16,8.10623837,8.10623837,7.72807598,7.72807598,24112930
2019-05-17,7.72807598,7.83473682,7.33827782,7.78431511,31858027
2019-05-20,7.88321877,7.96854782,7.66601896,7.96854782,20541007
2019-05-21,8.00927258,8.15472031,7.7145009,7.93170214,35991495
2019-05-22,7.96079111,8.52706432,7.80952597,8.24198818,43488048
2019-05-23,8.12563133,8.34864902,7.92782307,8.00927258,19492170
2019-05-24,8.12563133,8.12563133,7.82116222,7.82891893,11208217
2019-05-27,7.85412979,8.35252762,7.83861589,8.1450243,18107644
2019-05-28,8.16441631,8.60657501,8.03060532,8.26331997,41089234
2019-05-29,8.34089184,8.76947498,8.33895302,8.61821079,23633374
2019-05-30,8.64923859,8.7442646,8.50573158,8.57554626,11785232
2019-05-31,8.53288174,8.64342117,8.39325333,8.57360744,13238340
2019-06-03,8.6143322,8.67638874,8.49797535,8.54451847,13827215
2019-06-04,8.79468632,9.48119545,8.77917194,9.48119545,37899409
2019-06-05,9.53743458,9.56846333,9.28920555,9.47343826,12133297
2019-06-06,9.69645691,9.83220673,9.29890156,9.4365921,23387407
2019-06-07,9.50252819,9.56652355,9.23878384,9.24072266,10069657
2019-06-10,9.24072266,9.30278111,9.13018417,9.19224072,8489698
2019-06-11,9.19224072,9.26399517,8.91298294,9.141819,17711623
2019-06-12,9.18254375,9.28726578,8.98085785,9.0526123,12066262
2019-06-13,9.07588291,9.37453365,9.0564909,9.28338814,10430098
2019-06-14,9.28338814,9.30278111,8.93237591,9.04485512,15835165
2019-06-17,8.99637318,9.26399517,8.90134716,9.15733433,11952819
2019-06-18,9.26787281,9.26787281,8.998312,9.09527588,10249619
2019-06-19,9.0661869,9.28726578,8.96728325,9.28726578,10063985
2019-06-21,9.28920555,9.28920555,9.0661869,9.0661869,15733065
2019-06-24,9.11079121,9.17090893,8.92849731,9.01770496,10107815
2019-06-25,8.9944334,9.09527588,8.84122944,8.95952606,10263542
2019-06-26,8.90134716,9.0118866,8.81407928,8.89358997,6624584
2019-06-27,8.82183647,8.97698021,8.65311813,8.97116184,11932193
2019-06-28,8.97698021,9.18448353,8.97116184,9.16703033,10626045
2019-07-01,9.20193672,9.42301655,9.11466885,9.33187008,12457642
2019-07-02,9.30859756,9.40556335,9.21745205,9.23684502,11325270
2019-07-03,9.18254375,9.34156609,9.02546215,9.34156609,9497283
2019-07-04,9.40168381,9.57816029,9.33187008,9.57816029,7932794
2019-07-05,9.48119545,9.52773762,9.34932423,9.49670982,7081452
2019-07-08,9.53355598,9.61694622,9.46374226,9.54325294,5858840
2019-07-10,9.65960979,9.79342079,9.5257988,9.59949207,16055348
2019-07-11,9.85159969,10.22006512,9.7856636,10.04746819,21820856
2019-07-12,10.0843153,10.15025139,9.80311775,10.05716515,17063964
2019-07-15,10.05910397,10.0978899,9.89814281,9.98347187,7733752
2019-07-16,9.97183609,10.06492233,9.76045322,9.87293243,7891542
2019-07-17,9.87293243,10.0222578,9.81281376,10.0222578,10339343
2019-07-18,10.10176945,10.48768806,10.0978899,10.4682951,13528136
2019-07-19,10.4333868,10.43532658,10.15800762,10.27824402,13199150
2019-07-22,10.29569817,10.30927277,10.05910397,10.22006512,6688525
2019-07-23,10.29763699,10.29763699,10.10758686,10.18128014,14982276
2019-07-24,10.35775471,10.35775471,10.06492233,10.21230793,8221043
2019-07-25,10.1599474,10.22782326,10.00480366,10.11534405,6552908
2019-07-26,10.14055443,10.22394371,10.04940796,10.20067215,6860237
2019-07-29,10.173522,10.20843029,9.99122906,10.0843153,7722408
2019-07-30,10.1599474,10.36551189,10.09401131,10.36551189,10070688
2019-07-31,10.43144798,10.43144798,10.16770458,10.35581589,13063018
2019-08-01,10.36939144,10.86584854,10.33060455,10.72622013,18713535
2019-08-02,10.68549538,10.8794241,10.56525898,10.84645653,9626196
2019-08-05,10.66610241,10.70294857,10.36939144,10.4198122,19308082
2019-08-06,10.41399479,10.58659077,10.34030056,10.58271313,8461853
2019-08-07,10.43726635,10.65058804,10.27824402,10.63895226,10771459
2019-08-08,10.62925625,11.05202103,10.56719875,10.96669292,19116775
2019-08-09,10.82124615,11.18001461,10.82124615,11.16837883,11155105
2019-08-12,11.11213875,11.18971062,10.88136387,11.18971062,13265154
2019-08-13,11.17031765,11.27503967,11.04232502,11.18971062,15217413
2019-08-14,11.02875042,11.17225838,10.7456131,10.85227394,19599426
2019-08-15,10.66610241,10.66610241,9.89426422,10.20843029,39608796
2019-08-16,10.47992992,10.47992992,10.11340427,10.18128014,13815355
2019-08-19,10.19291496,10.35581589,10.08625412,10.19679356,7754378
2019-08-20,10.21230793,10.27436638,9.97183609,10.25885105,9423544
2019-08-21,10.31509113,10.73979568,10.18128014,10.73979568,16324518
2019-08-22,10.76306725,10.76306725,10.59822655,10.60598373,16962896
2019-08-23,10.59628773,10.70294857,10.1560688,10.16770458,14876567
2019-08-26,10.25497341,10.35969353,9.89814281,10.0261364,13343017
2019-08-27,10.04940796,10.1424942,9.72360706,9.85159969,18209227
2019-08-28,9.84578228,9.85353947,9.64021683,9.85353947,13980879
2019-08-29,9.75657463,9.97377491,9.75657463,9.92917156,13224417
2019-08-30,10.01062202,10.039711,9.80505657,10.0261364,23765380
2019-09-02,9.99704742,10.14831161,9.90783882,10.08237553,6288379
2019-09-03,10.06492233,10.09013271,9.74687767,9.86517525,7079389
2019-09-04,9.99122906,9.99316788,9.68869972,9.99316788,11134479
2019-09-05,10.02807617,10.22588253,9.95438194,10.10564709,7964764
2019-09-06,10.21618652,10.21618652,9.84384346,10.00674343,9979933
2019-09-09,9.94080734,10.04940796,9.51610279,9.61112785,14327913
2019-09-10,9.60143089,9.81281376,9.43465233,9.78760338,17757000
2019-09-11,9.81087494,9.9640789,9.7177887,9.8923254,12930495
2019-09-12,10.02419662,10.15025139,9.92529297,9.98735046,11369616
2019-09-13,10.01062202,10.02031803,9.79342079,9.92335415,8290656
2019-09-16,9.92917156,9.92917156,9.72942543,9.82251072,6708635
2019-09-17,9.78760338,9.85935688,9.70033455,9.74106026,9922180
2019-09-18,9.73330307,9.83026791,9.64603519,9.76045322,13960769
2019-09-19,9.83996391,10.0532856,9.76627064,9.8477211,11955397
2019-09-20,9.98735046,9.98735046,9.50446701,9.50446701,22219971
2019-09-23,9.56070614,9.59755325,9.38810921,9.51804161,11604753
2019-09-24,9.48313522,9.51998138,9.40168381,9.47925568,5767570
2019-09-25,9.40168381,9.43271255,9.07976246,9.34544468,17236192
2019-09-26,9.34738445,9.56070614,8.90328693,9.48507404,33091983
2019-09-27,9.46374226,9.49670982,9.31247711,9.39586735,7862665
2019-09-30,9.40168381,9.66542816,9.39392662,9.61888504,12198785
2019-10-01,9.65767097,9.86711407,9.56846333,9.64797401,10134629
2019-10-02,9.59367371,9.70033455,9.43077374,9.50252819,9898976
2019-10-03,9.46374226,9.78372478,9.37453365,9.78372478,14822423
2019-10-04,9.77015018,9.81475258,9.59755325,9.80117798,18425286
2019-10-07,9.75463486,9.75657463,9.39974499,9.39974499,16980944
2019-10-08,9.40556335,9.56070614,9.3919878,9.55682755,19302926
2019-10-09,9.58203888,9.8612957,9.58203888,9.71972847,19349335
2019-10-10,9.83220673,9.89814281,9.59949207,9.65767097,24395508
2019-10-11,9.772089,9.85935688,9.67706394,9.77984619,14906990
2019-10-14,9.77790737,9.80893612,9.56458473,9.7274847,9032680
2019-10-15,9.72166824,10.03389263,9.65767097,9.77015018,14097416
2019-10-16,9.77015018,10.01644039,9.60337067,10.01450062,12684014
2019-10-17,10.02419662,10.02419662,9.81669331,9.81669331,13214620
2019-10-18,9.81669331,10.03001499,9.75657463,9.93498993,21220121
2019-10-21,9.98735046,10.04552937,9.77984619,10.00092506,7087640
2019-10-22,9.94856453,10.22200489,9.91365719,10.20067215,13500807
2019-10-23,10.15025139,10.52259541,10.09013271,10.46635532,15703673
2019-10-24,10.42175198,10.52259541,10.2763052,10.33642292,12207551
2019-10-25,10.36163425,10.44308376,10.19485474,10.20067215,15581464
2019-10-28,10.18128014,10.26272964,10.12891865,10.17158318,6500312
2019-10-29,10.08819389,10.31896877,9.99510765,10.28794098,11173668
2019-10-30,10.42757034,10.7591877,10.26660824,10.63507366,20056809
2019-10-31,10.66610241,10.85421371,10.54586601,10.59240913,18197367
2019-11-01,10.57301617,10.73785591,10.49350452,10.70488834,16182198
2019-11-04,10.66610241,10.80573082,10.56719875,10.76306725,15363343
2019-11-05,10.6835556,10.74367428,10.50126266,10.61955929,11504201
2019-11-06,10.53035164,10.73203754,10.45859814,10.45859814,9191501
2019-11-07,10.49544525,10.74367428,10.42562962,10.64476967,11873924
2019-11-08,10.54974461,10.55750179,10.24333668,10.45277977,13811229
2019-11-11,10.45277977,10.50514126,10.25691223,10.31315136,12902650
2019-11-12,10.27824402,10.30151558,9.96989727,10.11922169,15933654
2019-11-13,10.01062202,10.14443302,9.81863213,9.99122906,20441486
2019-11-14,10.03777218,10.09013271,9.8923254,10.06104374,12592227
2019-11-18,10.36551189,10.39654064,10.03583336,10.12310123,13823089
2019-11-19,10.17546177,10.22006512,9.92917156,10.0086832,11723869
2019-11-21,10.07461929,10.43726635,10.03001499,10.43726635,16747353
2019-11-22,10.37520885,10.68161678,10.21036911,10.68161678,19394196
2019-11-25,10.70488834,10.70488834,10.45471954,10.54392719,10179491
2019-11-26,10.47217274,10.55168438,10.0843153,10.52259541,26410161
2019-11-27,10.52065563,10.74949169,10.42757034,10.59822655,18148381
2019-11-28,10.6253767,10.96863174,10.57689476,10.90851402,9872678
2019-11-29,10.86972809,11.13541126,10.82706356,11.13153172,12781472
2019-12-02,11.18195438,11.50193691,11.18001461,11.26534271,14553253
2019-12-03,11.32158279,11.32352161,11.06365681,11.12183571,16417852
2019-12-04,11.13153172,11.51163387,10.95893478,11.29249382,27045960
2019-12-05,11.29831123,11.43793964,11.19359016,11.31188583,8671208
2019-12-06,11.36424732,11.5232687,11.32740116,11.33515835,7163956
2019-12-09,11.35067177,11.61635494,11.31188583,11.57756901,15130268
2019-12-10,11.5814476,11.71138096,11.4476366,11.61441612,12982061
2019-12-11,11.58726597,11.96348763,11.5542984,11.92664242,25585117
2019-12-12,11.98482132,12.01391029,11.36230755,11.52714825,35365494
2019-12-13,11.52714825,11.57950878,11.19552898,11.32546234,12673185
2019-12-16,11.32158279,11.42242622,11.24013329,11.35261154,13565779
2019-12-17,11.38364029,11.40691185,11.13928986,11.27310085,13365706
2019-12-18,11.32933998,11.50193691,11.19940758,11.50193691,17458438
2019-12-19,11.36424732,11.61053658,11.32740116,11.56593418,12471565
2019-12-20,11.56399441,11.6260519,11.40497208,11.57369137,13258966
2019-12-23,11.42242622,11.67259502,11.42242622,11.64156628,7142814
2019-12-26,11.58338737,11.96542835,11.58338737,11.94797421,5190039
2019-12-27,11.98288059,12.02554607,11.80058765,11.99063778,5621125
2019-12-30,11.99063778,11.99063778,11.7152586,11.74434757,15695938
2020-01-02,11.75404453,11.82967663,11.60084057,11.74240875,9724170
2020-01-03,11.55041885,11.6881094,11.5232687,11.54072285,13268763
2020-01-06,11.45733261,11.54266167,11.29443264,11.36424732,11249469
2020-01-07,11.38364029,11.40109444,11.05977917,11.17031765,14848206
2020-01-08,11.21492195,11.24401093,10.92790699,11.00547791,18419098
2020-01-09,11.30606937,11.30606937,11.00160027,11.1741972,23553447
2020-01-10,11.21879959,11.28667641,11.05783939,11.13347244,11224202
2020-01-13,11.18001461,11.61829472,11.18001461,11.61829472,22076619
2020-01-14,11.63768673,11.93245983,11.63768673,11.87040234,16904112
2020-01-15,11.8897953,11.96348763,11.79670906,11.81028366,12873774
2020-01-16,11.85682678,11.89173508,11.63768673,11.74240875,9773672
2020-01-17,11.76180172,11.82579899,11.62023354,11.66483784,10955547
2020-01-20,11.69392681,11.83743382,11.63962746,11.69392681,9592163
2020-01-21,11.65126228,11.8044672,11.63574791,11.69974518,13980363
2020-01-22,11.79477024,11.92276287,11.72301579,11.84131336,10973595
2020-01-23,11.7462883,12.16323471,11.65514088,12.14578247,17763704
2020-01-24,12.17293167,12.2873497,11.99063778,12.11475277,7992094
2020-01-27,11.92470264,11.97706318,11.77537727,11.94215584,8976990
2020-01-28,11.98482132,12.57630539,11.88203812,12.50842857,21980708
2020-01-29,12.51424694,12.51424694,12.07014942,12.10117817,12565414
2020-01-30,11.97900295,12.07984638,11.55817699,12.07984638,14913694
2020-01-31,11.835495,11.9518528,11.70750237,11.82967663,13469352
2020-02-03,11.82967663,12.10311699,11.81998062,11.97706318,10711644
2020-02-04,12.03136444,12.41922188,12.03136444,12.20590019,18494383
2020-02-05,12.41146469,12.5956974,12.31256104,12.5956974,16954646
2020-02-06,12.60345459,12.70235825,12.25826073,12.37267876,14938445
2020-02-07,12.25632095,12.45025063,12.16905308,12.28928947,10280558
2020-02-10,12.26407909,12.32807541,11.77537727,11.8936739,12669060
2020-02-11,11.94021702,12.25244331,11.84131336,12.22529316,15951186
2020-02-12,12.25632095,12.53170109,12.10117817,12.39982891,18251511
2020-02-13,12.34358978,12.37461758,12.12444973,12.37461758,6546205
2020-02-14,12.35328579,12.49679375,12.19814301,12.49679375,8056550
2020-02-17,12.52782154,12.66938972,12.3901329,12.66938972,8109147
2020-02-18,12.54721546,12.63060474,12.35716534,12.63060474,11166449
2020-02-19,12.6538763,12.94864845,12.52006531,12.89046955,15097266
2020-02-20,12.86332035,12.87495518,12.41534328,12.62478733,11015363
2020-02-21,12.47352219,12.76635456,12.35522461,12.73532581,9084245
2020-02-26,12.19814301,12.21753597,11.57369137,11.90724945,18283481
2020-02-27,11.76374054,11.8936739,11.49417973,11.54072285,23633889
2020-02-28,11.4515152,11.52908707,10.85033512,11.39333725,26129130
2020-03-02,11.29637241,11.66289806,11.17031765,11.66289806,25968247
2020-03-03,11.63574791,12.04106045,11.39915466,11.63574791,16906690
2020-03-04,11.78701305,12.19038582,11.69392681,12.18262768,12845413
2020-03-05,11.93245983,12.12057114,11.45345497,11.66677666,16433837
2020-03-06,11.16644001,11.30800819,10.86584854,11.12571526,22858348
2020-03-09,10.47023392,10.47217274,9.80893612,10.0843153,21160305
2020-03-10,10.29763699,10.6118021,9.91559696,10.6118021,25585117
2020-03-11,10.20067215,10.45084095,9.22908688,9.79342079,19296738
2020-03-12,8.41264629,8.82377625,7.66020107,8.30792427,16876266
2020-03-13,9.11466885,9.7585144,8.20901966,9.7585144,22218939
2020-03-16,8.61627102,9.21163368,8.21871662,9.21163368,20160971
2020-03-17,9.23102665,9.30859756,8.44561386,8.91880131,50430790
2020-03-18,7.95109415,8.20126343,5.91677809,7.32858181,44568339
2020-03-19,7.07647419,7.36542797,6.23869991,7.15404606,42149415
2020-03-20,7.22967815,7.30918884,6.41905403,6.53735113,32971836
2020-03-23,6.53347206,6.53347206,5.50176907,5.9245348,27850893
2020-03-24,6.20573187,6.36087513,5.7771492,6.22512484,39314874
2020-03-25,6.10876799,6.90387678,6.08937502,6.84957695,33096108
2020-03-26,6.76812696,7.91230917,6.6905551,7.75910521,26566404
2020-03-27,7.29173517,8.01702976,7.29173517,7.77074003,28791443
2020-03-30,7.77267981,8.06551266,7.60396099,7.91424799,17060870
2020-03-31,7.88127995,7.88127995,7.27040291,7.58456802,29857812
2020-04-01,7.28397799,7.30725002,6.94266319,7.10556316,25974950
2020-04-02,7.11719894,7.15598488,6.57613707,6.9523592,27568832
2020-04-03,6.90581608,6.97757006,6.42875099,6.62849808,20416219
2020-04-06,7.00084209,7.13271284,6.76036882,7.04738522,18003998
2020-04-07,7.512815,7.72807598,7.33827782,7.43524313,22245753
2020-04-08,7.44493914,7.86770487,7.30725002,7.83473682,17378512
2020-04-09,7.8638258,8.24198818,7.78431511,8.10235882,22617023
2020-04-13,8.09266281,8.09266281,7.67959404,8.02866554,21962145
2020-04-14,8.1450243,8.33895302,7.98794079,8.13726616,15834133
2020-04-15,8.00733376,8.04805946,7.77267981,7.95109415,20122297
2020-04-16,7.99181986,8.11593437,7.79982996,8.04030228,17701310
2020-04-17,8.1450243,8.33895302,8.06357288,8.17799187,19013645
2020-04-20,8.04611969,8.06745243,7.8638258,8.04999828,19767013
2020-04-22,8.04999828,8.46888542,8.01121235,8.46888542,16263156
2020-04-23,8.47470284,8.52512455,8.00927258,8.21871662,22324132
2020-04-24,7.9064908,8.00733376,6.9950242,7.32470322,40511703
2020-04-27,7.51475382,7.95885181,7.42748594,7.94527721,22264832
2020-04-28,8.18187046,8.45530987,7.95109415,8.16247654,22222033
2020-04-29,8.16247654,8.16247654,7.8502512,7.99569798,17391919
2020-04-30,7.83085823,7.90261221,7.65244389,7.77267981,15544852
2020-05-04,7.46627188,7.79982996,7.38870001,7.73971224,15151410
2020-05-05,7.79595089,8.25168514,7.79595089,8.0868454,18617624
2020-05-06,8.12369061,8.12369061,7.74165106,7.85606909,12521583
2020-05-07,7.95109415,7.98988008,7.47790718,7.65050411,22167374
2020-05-08,7.82698011,7.95109415,7.63111115,7.95109415,16609674
2020-05-11,7.95109415,8.243927,7.82116222,8.09072304,18869262
2020-05-12,8.11593437,8.21871662,7.66020107,7.72031879,22335992
2020-05-13,7.75716496,7.82503986,7.3945179,7.65826082,17726577
2020-05-14,7.53996515,7.87158298,7.28979588,7.78431511,20207380
2020-05-15,7.5380249,7.78237581,7.33052111,7.33052111,26839184
2020-05-18,7.49536085,7.98988008,7.47014999,7.95109415,17501237
2020-05-19,7.89679384,8.04999828,7.72031879,7.81534386,20838023
2020-05-20,7.81534386,7.9084301,7.59038591,7.62529278,35670760
2020-05-21,7.646626,8.21871662,7.56905413,8.21871662,30819503
2020-05-22,7.98988008,8.56585026,7.98988008,8.56585026,27164560
2020-05-25,9.01770496,9.67706394,8.89552879,9.67706394,33383326
2020-05-26,9.98541069,9.98541069,9.44046974,9.72554588,29706726
2020-05-27,10.19291496,10.42175198,9.92141533,10.40235901,37817420
2020-05-28,10.24139786,10.44890213,10.04552937,10.29569817,19953679
2020-05-29,10.43144798,10.61568069,9.97183609,10.53423119,42201495
2020-06-01,10.41593361,10.6118021,10.35581589,10.50126266,18506243
2020-06-02,10.55168438,10.70294857,10.4236908,10.59240913,28702235
2020-06-03,10.66610241,10.81542778,10.32672596,10.63507366,31563589
2020-06-04,10.31896877,10.6253767,10.28600121,10.39460182,20014526
2020-06-05,10.52259541,10.86003208,10.16770458,10.2763052,26784524
2020-06-08,10.39654064,10.65252686,10.27824402,10.65252686,21792495
2020-06-09,10.54974461,10.91239166,10.26466942,10.72428131,26510197
2020-06-10,10.8173666,10.86584854,10.47217274,10.56913757,15990891
2020-06-12,10.47023392,10.51289845,10.0843153,10.46441555,20772019
2020-06-15,10.1424942,10.80185318,10.12310123,10.66610241,17568787
2020-06-16,11.02487087,11.02487087,10.47217274,10.56332016,21088114
2020-06-17,10.60986328,11.14510727,10.60404491,10.97445011,32114306
2020-06-18,10.84257793,11.20910358,10.76306725,11.20910358,28503709
2020-06-19,11.46121216,11.59696198,11.18195438,11.18195438,32790842
2020-06-22,11.62023354,11.72107697,11.35649014,11.67453384,32415963
2020-06-23,11.78313446,11.89949226,11.3661871,11.38364029,25629979
2020-06-24,11.44181919,11.80640602,11.28861523,11.64932346,26212150
2020-06-25,11.62799072,11.80834484,11.17031765,11.49417973,48767811
2020-06-26,11.42630482,11.42630482,10.81542778,10.91821003,26510197
2020-06-29,11.05977917,11.15092468,10.9065752,11.09274673,17858068
2020-06-30,10.9511776,11.24013329,10.89881706,11.18971062,14730637
2020-07-01,11.39139748,11.44181919,11.12571526,11.42242622,21038096
2020-07-02,11.49417973,11.56399441,11.09080696,11.16837883,17442968
2020-07-03,11.15480423,11.30800819,11.12377453,11.22461796,5635047
2020-07-06,11.46121216,11.56981182,11.29055405,11.47478676,11613520
2020-07-07,11.42242622,11.42242622,11.18001461,11.1877718,13128506
2020-07-08,11.24789047,11.47090816,11.22267914,11.39333725,11306706
2020-07-09,11.30412865,11.37200546,11.06559563,11.27697945,16897924
2020-07-10,11.17031765,11.41660786,11.11213875,11.38751888,18097331
2020-07-13,11.35261154,11.40497208,11.02681065,11.02681065,15112736
2020-07-14,10.96669292,11.15092468,10.86003208,11.01517487,16789121
2020-07-15,11.11213875,12.03136444,11.05008221,11.9033699,53269971
2020-07-16,11.85876656,12.09148216,11.56981182,11.63574791,19846423
2020-07-17,11.63574791,12.38819313,11.63574791,12.38819313,24501216
2020-07-20,12.34165001,12.35716534,12.00615311,12.14190292,17882304
2020-07-21,12.21753597,12.22335339,11.87234211,12.05269623,17051588
2020-07-22,12.09923935,12.26019955,11.96542835,12.26019955,11894550
2020-07-23,12.25050354,12.30674267,11.79670906,11.86846256,18026687
2020-07-24,11.89755344,11.97706318,11.67259502,11.93439865,10456396
2020-07-27,11.95573139,12.0236063,11.67453384,11.80834484,17688934
2020-07-28,11.76374054,11.78507423,11.56593418,11.65902042,13947877
2020-07-29,11.5814476,11.69586563,11.3758831,11.434062,25703717
2020-07-30,11.34485435,11.57756901,11.34485435,11.46896935,13666331
2020-07-31,11.66871643,11.89561272,11.49224091,11.80058765,30504955
2020-08-03,11.78895187,11.88591671,11.5814476,11.66289806,12646371
2020-08-04,11.61441612,11.61441612,11.21298313,11.41660786,14940508
2020-08-05,11.51745129,11.58726597,11.23431492,11.33515835,11530500
2020-08-06,11.33515835,11.56205463,11.22267914,11.56205463,14792000
2020-08-07,11.38364029,11.58532715,11.30025101,11.53684425,10854479
2020-08-10,11.53296566,11.53684425,11.16450024,11.43988037,12072966
2020-08-11,11.46121216,11.50775528,11.03456783,11.07917213,15189568
2020-08-12,11.11407948,11.15092468,10.76112843,10.9511776,19516406
2020-08-13,10.9957819,11.07529259,10.71846294,10.8794241,15299917
2020-08-14,10.95699596,10.97638893,10.72040272,10.94148159,13497713
2020-08-17,10.93566418,10.93566418,10.34611893,10.57107735,16773136
2020-08-18,10.70488834,10.78633881,10.56525898,10.77276325,16210044
2020-08-19,10.68549538,10.76888466,9.61888504,10.22976208,118991913
2020-08-20,10.09207153,10.17546177,9.92141533,9.98541069,34944721
2020-08-21,9.9505043,10.10176945,9.81669331,10.06298256,24307331
2020-08-24,10.09013271,10.16188717,9.80311775,9.95826054,20285243
2020-08-25,9.94662476,10.22976208,9.83608627,10.07267857,20124360
2020-08-26,10.07461929,10.11146545,9.60143089,9.73718166,21918830
2020-08-27,9.75463486,9.96601772,9.67900276,9.80311775,17063964
2020-08-28,9.79148197,9.94662476,9.7139101,9.73136425,18768710
2020-08-31,9.69257832,9.73136425,9.26011562,9.26011562,33035777
2020-09-01,9.30665874,9.63439941,9.24266338,9.5704031,32375226
2020-09-02,9.68675995,9.79148197,9.53937435,9.75463486,24409946
2020-09-03,9.75269604,9.81281376,9.42495632,9.50058842,21638315
2020-09-04,9.48507404,9.62470341,9.31053829,9.53355598,19437511
2020-09-08,9.47925568,9.61500645,9.3784132,9.53937435,22591240
2020-09-09,9.59949207,9.80699635,9.59949207,9.71584988,14329460
2020-09-10,9.75463486,9.75657463,9.25041962,9.33187008,20902995
2020-09-11,9.32993126,9.33187008,8.95952606,9.10497284,23907701
2020-09-14,9.16315174,9.29502296,9.11466885,9.24072266,11386117
2020-09-15,9.25235939,9.31247711,9.03903675,9.07588291,13155835
2020-09-16,9.08751869,9.23878384,9.01770496,9.09139824,13000108
2020-09-17,9.01770496,9.21745205,8.864501,9.20969486,23910279
2020-09-18,9.2446022,9.3919878,8.9944334,9.20581627,25771268
2020-09-21,9.07394409,9.14569759,8.88195419,9.14569759,13746773
2020-09-22,9.22132969,9.37259483,9.11854839,9.36677742,19144621
2020-09-23,9.26787281,9.45986271,9.20193672,9.26399517,15131299
2020-09-24,9.27175236,9.55682755,9.21357346,9.34738445,20599791
2020-09-25,9.23296642,9.41719913,9.13988018,9.36871624,18312874
2020-09-28,9.46180153,9.53161716,8.92074013,9.0564909,17682747
2020-09-29,9.01770496,9.16121197,8.864501,9.10109425,15141612
2020-09-30,9.17284775,9.23296642,8.94013309,9.07588291,23555510
2020-10-01,9.04873276,9.15345478,8.94401169,9.13212299,13694692
2020-10-02,9.08557987,9.25235939,8.80438328,8.8160181,25639261
2020-10-05,8.8160181,8.94401169,8.70935726,8.88777161,16708679
2020-10-06,8.95952606,9.00218964,8.79662514,8.86062241,11000409
2020-10-07,8.88583279,8.89552879,8.65699673,8.79274654,10030983
2020-10-08,8.78886795,8.90328693,8.7171154,8.90328693,11254626
2020-10-09,8.81214046,8.96534443,8.77141476,8.77529335,9366307
2020-10-13,8.77141476,9.17090893,8.69190407,9.0564909,29609783
2020-10-14,9.04291534,9.11273003,8.89940834,9.0564909,14878630
2020-10-15,8.94789028,8.99249363,8.80438328,8.92074013,11532562
2020-10-16,8.91686153,8.93043709,8.75590038,8.75590038,10221774
2020-10-19,8.76559734,9.03321934,8.76559734,8.84122944,15602605
2020-10-20,8.89165115,8.96146488,8.8063221,8.87613583,17393981
2020-10-21,8.84316826,8.87613583,8.72099304,8.81214046,9666417
2020-10-22,8.78304958,8.95952606,8.65699673,8.95176888,17210409
2020-10-23,8.95952606,9.01576519,8.78886795,8.92655754,18008123
2020-10-26,8.90910435,9.13988018,8.8509264,9.03127956,10599747
2020-10-27,9.02352333,9.03709793,8.80050373,8.80050373,15243196
2020-10-28,8.66863155,8.67057228,8.42040253,8.4359169,13693661
2020-10-29,8.52124596,8.52318478,8.27689457,8.51154995,26619000
2020-10-30,8.47470284,8.47470284,8.1585989,8.24198818,22177172
2020-11-03,8.37579918,8.47470284,8.13726616,8.37773895,18966205
2020-11-04,8.4359169,8.73456764,8.38743496,8.50961018,19707197
2020-11-05,8.65893555,8.8063221,8.5522747,8.78499031,15662937
2020-11-06,8.72293186,8.88583279,8.64148235,8.87419701,13653955
2020-11-09,9.00994778,9.14957714,8.94207191,9.008008,17800315
2020-11-10,8.98085785,9.13988018,8.88777161,9.06424809,18865653
2020-11-11,9.0564909,9.06424809,8.82765388,8.98861504,13183681
2020-11-12,8.99249363,9.21551228,8.64729977,8.67832947,19694822
2020-11-13,8.73456764,8.76365757,8.52318478,8.64923859,21707928
2020-11-16,8.76559734,8.79662514,8.58330345,8.67638874,11187591
2020-11-17,8.57166767,8.69772243,8.49797535,8.64923859,21003031
2020-11-18,8.64923859,8.88389397,8.55809307,8.70741844,25336057
2020-11-19,8.72681141,8.83928967,8.59881783,8.60269642,10595106
2020-11-23,8.47470284,8.52706432,8.40100956,8.4805212,15946030
2020-11-24,8.51542759,8.5522747,8.39907074,8.44949245,24636833
2020-11-25,8.41846371,8.51930714,8.41846371,8.41846371,17928197
2020-11-26,8.42622089,8.70741844,8.41846371,8.70353889,12256022
2020-11-27,8.70353889,8.82183647,8.61045361,8.80438328,20920011
2020-11-30,8.82377625,8.94207191,8.63760376,8.63760376,35747076
2020-12-01,8.8198967,9.03515816,8.6725111,9.03515816,24842578
2020-12-02,9.04679394,9.41913795,9.01770496,9.37453365,29316377
2020-12-03,9.41525936,9.46955967,9.19805908,9.20581627,22450467
2020-12-04,9.16703033,9.27369118,8.92849731,8.9944334,16077005
2020-12-07,8.9537077,9.11660862,8.82377625,8.85674381,11795545
2020-12-08,8.8160181,8.94207191,8.74038601,8.75784016,12388545
2020-12-09,8.8160181,8.87225819,8.67057228,8.78886795,18908968
2020-12-10,8.8160181,8.94401169,8.63372517,8.94207191,13522980
2020-12-11,8.84704685,9.16703033,8.78499031,9.15151596,14644523
2020-12-14,9.18448353,9.23878384,8.77723312,8.77723312,20371873
2020-12-15,8.77723312,8.88971138,8.67638874,8.86837864,13801948
2020-12-16,8.86837864,8.93625355,8.62014961,8.64923859,31392393
2020-12-17,8.65699673,8.7171154,8.50961018,8.55033493,20448190
2020-12-18,8.55809307,8.68220711,8.46888542,8.52124596,18768710
2020-12-21,8.45724869,8.50767136,8.30792427,8.39519215,13976238
2020-12-22,8.39713097,8.44561386,8.33119583,8.4359169,13283202
2020-12-23,8.45918941,8.78304958,8.36222363,8.75396061,17370777
2020-12-28,8.80438328,8.89552879,8.70935726,8.864501,16163119
2020-12-29,8.90134716,8.90134716,8.63566399,8.67638874,14490859
2020-12-30,8.67832947,8.72099304,8.51542759,8.61821079,17684809
2021-01-04,8.66669273,8.73262882,8.25362396,8.25362396,27196015
2021-01-05,8.23616982,8.31374168,8.04805946,8.234231,22315366
2021-01-06,8.20320225,8.36222363,8.06939125,8.19350624,27261503
2021-01-07,8.21289921,8.2924099,8.13338757,8.18768787,20783364
2021-01-08,8.20514202,8.49021721,8.15472031,8.45918941,36048733
2021-01-11,8.37773895,8.40294933,8.05775547,8.05775547,25569132
2021-01-12,8.0965414,8.17023373,8.00345516,8.08490562,19879425
2021-01-13,8.0965414,8.21677685,8.04999828,8.19156742,22567005
2021-01-14,8.23616982,8.33701324,8.14114475,8.24586678,13370862
2021-01-15,8.24586678,8.31374168,8.16441631,8.25362396,17571366
2021-01-18,8.29822826,8.30792427,8.09848118,8.10623837,14240252
2021-01-19,8.15278053,8.17799187,7.9821229,8.06357288,16582860
2021-01-20,8.10623837,8.110116,7.89485502,7.89485502,20547195
2021-01-21,7.9064908,7.92782307,7.74553013,7.80758715,16702492
2021-01-22,7.78819418,8.00733376,7.66020107,7.94721603,19423589
2021-01-26,7.94333696,8.04999828,7.81728315,7.87352324,19023958
2021-01-27,7.84443283,8.01509094,7.81340504,7.90067291,19556627
2021-01-28,7.91036892,8.17993069,7.87740088,8.11787319,19800015
2021-01-29,8.01896954,8.20708084,7.91230917,7.92588377,17840020
2021-02-01,8.02284813,8.12175179,7.89679384,8.06163406,11805342
2021-02-02,8.14696312,8.28465271,8.110116,8.19156742,12608213
2021-02-03,8.21871662,8.25556278,8.03254509,8.09266281,14189718
2021-02-04,8.12369061,8.12369061,7.82116222,7.84443283,28400063
2021-02-05,7.87740088,7.96079111,7.74553013,7.84443283,21039643
2021-02-08,7.85412979,7.88321877,7.6718359,7.70674419,20733345
2021-02-09,8.09848118,8.4359169,8.07520866,8.25362396,92954053
2021-02-10,8.27107811,8.30986309,7.95885181,7.98988008,35804314
2021-02-11,7.98988008,8.18187046,7.98600197,8.17217445,20243476
2021-02-12,8.16635609,8.21483803,8.06357288,8.08296585,15692844
2021-02-17,8.18962669,8.3021059,7.99375916,7.9976368,21519199
2021-02-18,7.97242689,8.00927258,7.72807598,7.73583317,36085344
2021-02-19,7.75522614,7.81534386,7.55547905,7.61171818,31999316
2021-02-22,7.36930704,7.41391087,7.1443491,7.28785706,44678173
2021-02-23,7.34991407,7.50311804,7.2180419,7.36542797,18066392
2021-02-24,7.43136406,7.66795778,7.40615416,7.44106102,34673488
2021-02-25,7.44881821,7.56323624,7.32276392,7.36736822,20256883
2021-02-26,7.40421391,7.43136406,7.13659191,7.13659191,32211249
2021-03-01,7.21610308,7.21998215,6.84763813,6.87090921,32973383
2021-03-02,6.79139805,7.10556316,6.61686182,7.03768778,33805645
2021-03-03,6.98338795,7.2180419,6.8088522,7.17149878,28543930
2021-03-04,7.18313503,7.5729332,7.1443491,7.42554617,33270398
2021-03-05,7.42748594,7.44493914,7.2180419,7.27234221,19575706
2021-03-08,7.1268959,7.55741787,7.0997448,7.2180419,52179367
2021-03-09,7.22192097,7.26846409,7.026052,7.07647419,15018371
2021-03-10,7.11719894,7.28397799,7.01247692,7.23355722,16894314
2021-03-11,7.27040291,7.5981431,7.25294924,7.52444983,17984919
2021-03-12,7.52251101,7.65050411,7.37900305,7.49536085,20612683
2021-03-15,7.51863194,7.89485502,7.51475382,7.67571497,36949062
2021-03-16,7.656322,7.77655792,7.55547905,7.61365795,10572418
2021-03-17,7.54966116,8.08878422,7.49536085,8.05387688,34602328
2021-03-18,7.95691204,8.29434872,7.95109415,8.18380928,34864795
2021-03-19,8.20514202,8.36222363,8.1450243,8.30792427,23939671
2021-03-22,8.30598545,8.30598545,8.08102703,8.22065639,15557228
2021-03-23,8.13338757,8.28465271,8.03642273,8.0868454,16582860
2021-03-24,8.05387688,8.12369061,7.82891893,7.87546206,42468088
2021-03-25,7.790133,7.966609,7.68735123,7.923944,24968397
2021-03-26,7.9821229,8.05387688,7.81340504,7.92588377,21336143
2021-03-29,7.88127995,8.00539494,7.85994816,7.92976189,19285909
2021-03-30,7.9084301,8.0422411,7.89873409,7.98018408,13556497
2021-03-31,7.98018408,8.09266281,7.86770487,7.98988008,14224267
2021-04-01,7.98794079,8.06551266,7.89679384,7.95109415,7876072
2021-04-05,7.95303392,8.14114475,7.92588377,8.10429764,11742948
2021-04-06,8.11787319,8.18380928,7.97242689,8.09848118,10972564
2021-04-07,8.07714844,8.11981297,7.95303392,8.02478695,13733366
2021-04-08,8.01702976,8.16441631,7.97630501,8.11593437,12134328
2021-04-09,8.24198818,8.51154995,8.19544506,8.33507442,26241543
2021-04-12,8.32925606,8.41264629,8.21483803,8.33313465,13150163
2021-04-13,8.27301693,8.31762123,8.16053772,8.26331997,12690201
2021-04-14,8.25168514,8.29822826,8.05775547,8.11593437,21400084
2021-04-15,8.11593437,8.24586678,8.110116,8.243927,10126378
2021-04-16,8.25168514,8.39131355,8.13532734,8.33701324,20961779
2021-04-19,8.31568146,8.39713097,8.06745243,8.09460163,16728790
2021-04-20,8.10817719,8.32925606,7.91812611,8.20320225,16110523
2021-04-22,8.20708084,8.39713097,8.16053772,8.29434872,16106913
2021-04-23,8.29628754,8.39713097,8.2303524,8.26913834,7814194
2021-04-26,8.26913834,8.35058784,8.05193806,8.12563133,7834820
2021-04-27,8.09266281,8.12175179,7.91230917,7.91812611,7834820
2021-04-28,7.90067291,7.99375916,7.86188698,7.95303392,7874009
2021-04-29,7.99181986,8.37773895,7.95497322,8.30016708,27348648
2021-04-30,8.17217445,8.41652393,7.97824383,8.29628754,37303830
2021-05-03,8.13726616,8.17799187,7.75522614,7.75716496,43456593
2021-05-04,7.76686192,7.77267981,7.48760414,7.512815,19741746
2021-05-05,7.55741787,7.61365795,7.46821117,7.57487202,11934255
2021-05-06,7.77074003,7.9976368,7.74358988,7.94721603,26476164
2021-05-07,7.9821229,8.12950897,7.92006588,8.12369061,14581614
2021-05-10,8.13338757,8.14890194,7.97048712,8.05193806,9845864
2021-05-11,7.95691204,8.16441631,7.95109415,8.03254509,13829793
2021-05-12,7.96079111,7.98794079,7.75716496,7.76298285,12366887
2021-05-13,7.79982996,8.06551266,7.79401207,7.99375916,15372109
2021-05-14,8.1139946,8.22259521,8.04999828,8.19350624,21645018
2021-05-17,8.1450243,8.25362396,7.9821229,8.08878422,10084611
2021-05-18,8.09072304,8.17605209,7.97630501,8.10235882,6710182
2021-05-19,7.99957705,8.18768787,7.99957705,8.07714844,9660229
2021-05-20,8.09072304,8.15278053,7.97436619,8.05969524,11623833
2021-05-21,8.06939125,8.11593437,7.98794079,8.05969524,6359023
2021-05-24,8.09072304,8.21095943,8.05193806,8.18380928,6389962
2021-05-25,8.18187046,8.25944233,8.14308357,8.16441631,7182520
2021-05-26,8.2303524,8.33507442,8.07520866,8.10235882,8757322
2021-05-27,8.11981297,8.18574905,7.96079111,8.13532734,17708013
2021-05-28,8.11205578,8.14890194,7.72031879,7.74940777,28230413
2021-05-31,7.75910521,7.76492214,7.47984695,7.58844709,22054446
2021-06-01,7.5826292,7.66407919,7.48760414,7.52444983,28674906
2021-06-02,7.52444983,7.60977888,7.44881821,7.60784006,21115444
2021-06-04,7.58068991,7.61947584,7.48566389,7.56711483,17320243
2021-06-07,7.51669312,7.62917185,7.49536085,7.52251101,10046968
2021-06-08,7.50505686,7.54772186,7.36154985,7.44493914,21615111
2021-06-09,7.44493914,7.47790718,7.36348915,7.38676119,10401737
2021-06-10,7.41197109,7.46045399,7.37124586,7.42554617,9384870
2021-06-11,7.7300148,7.78431511,7.47790718,7.62335396,29491699
2021-06-14,7.64468622,7.73389387,7.5729332,7.62917185,9386417
2021-06-15,7.63111115,7.656322,7.51475382,7.5826292,8495370
2021-06-16,7.56323624,7.65438318,7.48954296,7.52057219,18613499
2021-06-17,7.50505686,7.5962038,7.38482094,7.4526968,10250651
2021-06-18,7.4526968,7.51863194,7.34797478,7.40033579,19249298
2021-06-21,7.42748594,7.46045399,7.2781601,7.40421391,9195110
2021-06-22,7.40227509,7.4100318,7.29173517,7.35767078,10757021
2021-06-23,7.3208251,7.41778898,7.28203917,7.28979588,8181854
2021-06-24,7.346035,7.36542797,7.2781601,7.34797478,7823475
2021-06-25,7.35767078,7.51863194,7.24131393,7.32858181,16907721
2021-06-28,7.32858181,7.36542797,7.27234221,7.36542797,7615668
2021-06-29,7.31500721,7.34991407,7.10750294,7.16180277,16590079
2021-06-30,7.11138105,7.16762114,6.98726702,7.09392786,20841117
2021-07-01,7.0861702,7.16568089,6.98144913,7.00084209,11940443
2021-07-02,7.02217388,7.11138105,6.94266319,7.0842309,13037235
2021-07-05,7.07841301,7.13853121,7.02411318,7.04738522,4378918
2021-07-06,7.02411318,7.04544497,6.8767271,6.90969515,13491525
2021-07-07,6.9504199,7.02411318,6.83018398,7.02411318,13661175
2021-07-08,6.90969515,6.99308395,6.84957695,6.87478781,11640849
2021-07-12,6.8767271,7.07453489,6.8670311,7.05708122,17468751
2021-07-13,6.99114513,7.08035278,6.9523592,7.01829481,10348625
2021-07-14,7.07841301,7.22579908,6.99696302,7.18313503,15097266
2021-07-15,7.16180277,7.21416378,7.01635599,7.03962708,12588618
2021-07-16,7.06483793,7.336339,7.05708122,7.18895292,23789616
2021-07-19,7.13271284,7.13271284,6.89418077,6.96399498,17870960
2021-07-20,6.97563124,7.07841301,6.91939116,7.00472021,7945169
2021-07-21,7.00472021,7.01829481,6.86121321,6.90387678,8921815
2021-07-22,6.89418077,7.06289911,6.88254499,7.03381014,12091014
2021-07-23,7.02023506,7.05514193,6.89030218,6.93102694,8287562
2021-07-26,6.94460201,6.96205616,6.83600187,6.86315203,6597254
2021-07-27,6.84375906,6.91745186,6.79527712,6.8767271,7121673
2021-07-28,6.90969515,7.02993107,6.86509085,7.0105381,11815655
2021-07-29,6.98920584,7.10556316,6.8767271,6.93296623,8254045
2021-07-30,6.89805889,6.97563124,6.84181976,6.8767271,10441442
2021-08-02,6.94848108,7.06677818,6.86315203,6.94654083,13271857
2021-08-03,6.96205616,7.0085988,6.79721594,6.95623779,9443139
2021-08-04,6.90387678,6.98144913,6.81272984,6.86121321,8862515
2021-08-05,6.91551304,6.93102694,6.69637299,6.72352314,12733001
2021-08-06,6.70606899,6.92520905,6.67310095,6.88836288,15608278
2021-08-09,6.87478781,7.03962708,6.83406305,6.91357279,9554520
2021-08-10,6.91357279,6.93684483,6.71576595,6.75261211,11670241
2021-08-11,6.76424789,6.8185482,6.69831181,6.77394485,13259482
2021-08-12,6.77588415,6.77588415,6.65176916,6.68085909,8281890
2021-08-13,6.67891884,6.6886158,6.43650818,6.51407909,17435233
2021-08-16,6.47917223,6.62268019,6.47529411,6.58971214,11336614
2021-08-17,6.4966259,6.57807589,6.31239319,6.37057209,15830524
2021-08-18,6.37251091,6.37638998,6.13591814,6.14561415,28713064
2021-08-19,6.11458492,6.42681122,6.06028509,6.39384317,33842772
2021-08-20,6.31239319,7.34021807,6.31239319,7.08810997,79781200
2021-08-23,7.03768778,7.06095982,6.71964407,7.01441717,34978239
2021-08-24,7.04932404,7.11138105,6.92714882,7.03962708,14463530
2021-08-25,7.03574896,7.03768778,6.88060617,7.02217388,11056615
2021-08-26,6.99114513,7.16374207,6.95429897,6.98338795,16427133
2021-08-27,7.00665903,7.22773886,6.97950888,7.17925596,22581959
2021-08-30,7.12107801,7.1424098,7.03962708,7.10944223,7434158
2021-08-31,7.11526012,7.12495613,6.86121321,7.00665903,30374495
2021-09-01,6.96787405,7.15598488,6.93878412,7.07065582,12877383
2021-09-02,7.02799177,7.13659191,6.93102694,7.07647419,14471264
2021-09-03,7.08229208,7.0842309,6.85927296,6.90387678,32930584
2021-09-06,6.89418077,6.99114513,6.86509085,6.90387678,6473498
2021-09-08,6.892241,6.90581608,6.52377605,6.52377605,25519629
2021-09-09,6.4966259,6.70413017,6.44814396,6.64789104,18785211
2021-09-10,6.64789104,6.79721594,6.52765417,6.59165096,11775434
2021-09-13,6.67891884,6.83406305,6.61298323,6.77782297,11267517
2021-09-14,6.77200508,6.91357279,6.73709822,6.80497313,10724019
2021-09-15,6.82436609,6.86896992,6.66922283,6.77394485,8764025
2021-09-16,6.73709822,6.92908812,6.69443417,6.80691195,19408119
2021-09-17,6.79333687,6.86896992,6.74291611,6.83987999,27685885
2021-09-20,6.82630491,6.96399498,6.74097681,6.96399498,10216618
2021-09-21,6.97950888,7.1288352,6.91357279,6.99890184,11869283
2021-09-22,7.02799177,7.29755306,6.96787405,7.19671011,14378447
2021-09-23,7.21416378,7.28785706,7.16568089,7.22773886,10372345
2021-09-24,7.16568089,7.39063883,7.07841301,7.34797478,16705070
2021-09-27,7.27428198,7.47984695,7.22773886,7.40033579,16440540
2021-09-28,7.34021807,7.43136406,7.28203917,7.30918884,12502504
2021-09-29,7.30918884,7.54578304,7.25488901,7.42360687,18283481
2021-09-30,7.67959404,7.84249401,7.44106102,7.47984695,47519417
2021-10-01,7.52444983,7.52444983,7.28591681,7.42360687,17211440
2021-10-04,7.42748594,7.42942476,7.18507385,7.24907112,10988549
2021-10-05,7.25294924,7.27234221,7.08035278,7.1443491,10662657
2021-10-06,7.07453489,7.14628792,6.90775585,7.11719894,15505663
2021-10-07,7.13853121,7.3208251,7.13271284,7.24131393,11290206
2021-10-08,7.34409618,7.44687891,7.30725002,7.34409618,9988184
2021-10-11,7.21028519,7.47208881,7.19671011,7.36542797,9441077
2021-10-13,7.40033579,7.5826292,7.30918884,7.53996515,12354512
2021-10-14,7.54384279,7.60590076,7.44687891,7.60202217,6635928
2021-10-15,7.60396099,7.63886786,7.51475382,7.57099295,5734568
2021-10-18,7.51087523,7.63692904,7.42748594,7.53608608,11376319
2021-10-19,7.45075703,7.52639008,7.29561377,7.37318611,10484241
2021-10-20,7.40227509,7.53026819,7.30337095,7.34021807,7573900
2021-10-21,7.29173517,7.29173517,6.96787405,7.07841301,16874204
2021-10-22,6.89612007,7.02217388,6.67116213,6.91939116,24033004
2021-10-25,6.92327023,7.0997448,6.90581608,7.0105381,13588468
2021-10-26,6.91551304,6.98532677,6.79139805,6.89612007,15094688
2021-10-27,6.90581608,7.202528,6.90581608,7.03574896,12990827
2021-10-28,6.98338795,7.13659191,6.9659338,7.00472021,11868767
2021-10-29,7.03381014,7.10362387,6.82630491,6.82630491,9809768
2021-11-01,6.90775585,7.01829481,6.84181976,6.92908812,7995703
2021-11-03,6.85151577,7.14822817,6.84957695,7.09780598,14044820
2021-11-04,7.07647419,7.10362387,6.8670311,6.94266319,9875256
2021-11-05,6.98144913,7.12301683,6.96205616,7.01441717,7204693
2021-11-08,6.94848108,7.07453489,6.84763813,6.90969515,15021981
2021-11-09,6.91163397,7.13465309,6.90193796,7.02411318,8224137
2021-11-10,7.026052,7.20446682,6.99696302,7.11138105,10583762
2021-11-11,7.18119621,7.28203917,7.1268959,7.16180277,7224288
2021-11-12,7.1424098,7.22385979,6.92133093,6.99114513,7887932
2021-11-16,6.97369194,7.0105381,6.76812696,6.84375906,14738372
2021-11-17,6.87284803,6.91163397,6.65758705,6.72934103,9983543
2021-11-18,6.78364086,6.82048798,6.64207315,6.67698002,18065876
2021-11-19,6.6886158,6.82824516,6.68667603,6.78170204,6878285
2021-11-22,6.71382618,6.80303383,6.62655783,6.6401329,13188321
2021-11-23,6.62849808,6.67310095,6.50826216,6.67310095,10202695
2021-11-24,6.572258,6.68473721,6.54510784,6.63625479,8373676
2021-11-25,6.66922283,6.82630491,6.63819408,6.77782297,4441828
2021-11-26,6.68279791,6.71576595,6.56644011,6.62268019,9663323
2021-11-29,6.65758705,6.69249392,6.58195496,6.65176916,7980749
2021-11-30,6.62268019,6.63431597,6.43456888,6.53153276,23759708
2021-12-01,6.52571487,6.66534424,6.44038582,6.58583307,13436350
2021-12-02,6.6750412,7.12107801,6.63819408,7.11719894,21967817
2021-12-03,7.12301683,7.30725002,7.12301683,7.23743486,15177708
2021-12-06,7.27040291,7.47208881,7.2607069,7.33245993,15058077
2021-12-07,7.41197109,7.42554617,7.28397799,7.36736822,14993104
2021-12-08,7.37900305,7.55354023,7.36348915,7.47596788,13149648
2021-12-09,7.42942476,7.51863194,7.35379314,7.42554617,12744861
2021-12-10,7.50505686,7.5826292,7.44106102,7.49148178,11533078
2021-12-13,7.46821117,7.67959404,7.41585016,7.60202217,19406056
2021-12-14,7.67571497,7.74165106,7.54578304,7.55159998,14850269
2021-12-15,7.56323624,7.73583317,7.43718195,7.68347216,15015277
2021-12-16,7.68347216,7.7319541,7.58844709,7.67765379,10815290
2021-12-17,7.59426498,7.9064908,7.58068991,7.75134706,37693148
2021-12-20,7.59232616,7.76492214,7.56129694,7.67571497,9441592
2021-12-21,7.68735123,7.76492214,7.58844709,7.75716496,10189804
2021-12-22,7.7746191,7.80952597,7.67377615,7.78625488,9747374
2021-12-23,7.75134706,7.81146479,7.69122887,7.73583317,10823025
2021-12-27,7.7746191,7.83473682,7.70286512,7.76686192,9754077
2021-12-28,7.7746191,7.7746191,7.66989708,7.76492214,3790044
2021-12-29,7.7746191,7.7746191,7.66795778,7.72807598,6277550
2021-12-30,7.73583317,7.82310104,7.68153286,7.79207277,10416175
2022-01-03,7.8502512,7.90455103,7.66601896,7.74746895,10158349
2022-01-04,7.73583317,7.73583317,7.44106102,7.53414679,18153537
2022-01-05,7.54578304,7.54772186,7.17537785,7.21028519,13399739
2022-01-06,7.20058918,7.23549604,7.01635599,7.02217388,7695594
2022-01-07,6.96205616,7.00472021,6.83600187,6.8767271,17949854
2022-01-10,6.81660891,6.84181976,6.64789104,6.74485493,10232603
2022-01-11,6.70800877,6.79527712,6.66340494,6.75067282,7893089
2022-01-12,6.71964407,6.87284803,6.68279791,6.84181976,11217499
2022-01-13,6.84181976,6.892241,6.75261211,6.83600187,10542510
2022-01-14,6.83600187,6.88060617,6.77976179,6.8088522,4884258
2022-01-17,6.83018398,6.95623779,6.79333687,6.8670311,5498915
2022-01-18,6.8321228,6.892241,6.74097681,6.76036882,6114604
2022-01-19,6.81467009,6.97369194,6.79527712,6.92133093,7952389
2022-01-20,6.96011591,7.10750294,6.95429897,6.98144913,8135961
2022-01-21,6.9523592,7.07841301,6.90775585,6.98144913,9006897
2022-01-24,6.91163397,7.03574896,6.77782297,6.87478781,8486604
2022-01-25,6.76230907,6.91551304,6.64207315,6.91163397,16431774
2022-01-26,6.92520905,7.17537785,6.87478781,7.026052,23023357
2022-01-27,7.1268959,7.23161697,7.07259512,7.17537785,16125992
2022-01-28,7.1288352,7.20446682,7.02411318,7.07841301,14650711
2022-01-31,7.06289911,7.29755306,7.03186989,7.24519205,13324969
2022-02-01,7.2781601,7.37512493,7.1443491,7.17925596,13140881
2022-02-02,7.15986395,7.20446682,7.00278091,7.06289911,11510905
2022-02-03,7.07065582,7.15210581,6.97369194,7.11526012,13575576
2022-02-04,7.13853121,7.13853121,6.90581608,6.95623779,9600413
2022-02-07,6.9504199,7.00084209,6.85927296,6.90581608,6405947
2022-02-08,6.82630491,7.03186989,6.79721594,6.94460201,7393937
2022-02-09,7.0105381,7.07453489,6.89999819,6.94266319,10193929
2022-02-10,6.92908812,7.04932404,6.91357279,6.97757006,6977290
2022-02-11,7.03186989,7.10750294,6.93878412,6.99114513,12479300
2022-02-14,6.99890184,7.04350615,6.8224268,6.87090921,11193779
2022-02-15,6.93878412,7.07065582,6.83987999,7.06483793,7986422
2022-02-16,7.11719894,7.19283104,7.07259512,7.14047098,10241885
2022-02-17,7.1424098,7.31888485,7.03962708,7.2607069,20327011
2022-02-18,7.27234221,7.49148178,7.2180419,7.33827782,15329825
2022-02-21,7.39839602,7.656322,7.34215689,7.5981431,18035453
2022-02-22,7.62335396,7.77849722,7.57487202,7.70092583,16275532
2022-02-23,7.66795778,7.81146479,7.66795778,7.70286512,11745011
2022-02-24,7.56129694,7.84443283,7.49730015,7.79982996,14822423
2022-02-25,7.74746895,8.17799187,7.74746895,8.03060532,24952928
2022-03-02,8.03060532,8.1585989,7.80370808,8.10429764,24138197
2022-03-03,8.10042,8.24974537,8.01702976,8.16829491,19741746
2022-03-04,8.16829491,8.24974537,8.0422411,8.22065639,12970201
2022-03-07,7.97824383,8.20708084,7.9084301,8.02866554,14950305
2022-03-08,8.05387688,8.08102703,7.80176878,7.97242689,17760610
2022-03-09,8.01121235,8.43203926,7.97436619,8.41458511,19863440
2022-03-10,8.2924099,8.33895302,8.10429764,8.20126343,14735794
2022-03-11,8.24004936,8.24586678,8.04805946,8.1139946,10047484
2022-03-14,8.20320225,8.33701324,8.0868454,8.22841263,14339773
2022-03-15,8.14308357,8.30016708,8.10817719,8.28659153,11916207
2022-03-16,8.30016708,8.39325333,8.19156742,8.39325333,12103905
2022-03-17,8.41652393,8.64923859,8.37967777,8.59687805,19102337
2022-03-18,8.58330345,8.86837864,8.58136368,8.75784016,27769420
2022-03-21,8.7442646,8.91104412,8.71129704,8.82377625,15705220
2022-03-22,8.81020069,8.92074013,8.78499031,8.92074013,11227296
2022-03-23,8.86643982,8.92849731,8.79468632,8.86837864,9168812
2022-03-24,8.91686153,8.94983006,8.82765388,8.94983006,16353395
2022-03-25,8.70160007,8.79274654,8.50767136,8.69578171,19341084
2022-03-28,8.67638874,8.76753616,8.49797535,8.54839611,17120170
2022-03-29,8.67057228,8.87613583,8.54257774,8.71517467,16064114
2022-03-30,8.7171154,8.81020069,8.66087532,8.77335358,13842169
2022-03-31,8.75977898,9.25235939,8.75590038,9.25235939,38666184
2022-04-01,9.32411289,10.03389263,9.30084133,9.94274712,53402494
2022-04-04,9.92335415,10.04940796,9.69839573,9.99704742,24761105
2022-04-05,10.01450062,10.10370827,9.78372478,9.91171837,17348088
2022-04-06,9.8477211,9.95244312,9.58979607,9.7585144,16573579
2022-04-07,9.71584988,10.0843153,9.69063854,10.04552937,30686465
2022-04-08,9.99704742,10.02807617,9.84384346,10.01644039,15191115
2022-04-11,9.89038563,10.15219021,9.85353947,9.95438194,10189288
2022-04-12,10.0532856,10.0532856,9.77402782,9.79536057,15789271
2022-04-13,9.75463486,9.88068867,9.71003246,9.8477211,10937499
2022-04-14,9.80117798,9.83414555,9.67706394,9.75075722,11647037
2022-04-18,9.71584988,9.84384346,9.66542816,9.73718166,7995188
2022-04-19,9.67706394,9.7177887,9.29502296,9.36289883,25435062
2022-04-20,9.28726578,9.36677742,9.10303402,9.18254375,33353418
2022-04-22,9.00413036,9.06036854,8.94789028,8.998312,19950585
2022-04-25,8.94207191,9.07588291,8.88971138,9.06036854,15008058
2022-04-26,8.92074013,9.00413036,8.87419701,8.94983006,13841653
2022-04-27,9.07588291,9.08170128,8.85286522,8.95564747,17123779
2022-04-28,8.92267895,9.06230831,8.85286522,8.97891903,14782718
2022-04-29,8.96728325,8.96922207,8.63566399,8.63566399,17451219
2022-05-02,8.67057228,8.76559734,8.54839611,8.69384289,19264252
2022-05-03,8.63760376,8.74038601,8.60851383,8.66475391,19920677
2022-05-04,8.58330345,8.82377625,8.43979645,8.78304958,33135298
2022-05-05,8.62014961,8.66669273,8.40682793,8.50961018,19882519
2022-05-06,8.52512455,8.62208939,8.45337105,8.5522747,21905423
2022-05-09,8.51348877,8.85674381,8.47470284,8.77335358,25092154
2022-05-10,8.79468632,9.00025082,8.78111076,8.92267895,15812991
2022-05-11,8.92267895,8.94789028,8.74232483,8.75977898,11444901
2022-05-12,8.68996429,8.87419701,8.63954258,8.73844719,16500872
2022-05-13,8.78304958,8.94401169,8.70741844,8.77917194,13342502
2022-05-16,8.76753616,8.83541107,8.72293186,8.78499031,14316569
2022-05-17,8.86256123,9.07200527,8.8509264,8.92074013,23899966
2022-05-18,8.92074013,8.92074013,8.58330345,8.64342117,17661605
2022-05-19,8.62596798,8.89552879,8.59687805,8.88389397,24141291
2022-05-20,8.96534443,9.13018417,8.77917194,8.91298294,18765101
2022-05-23,9.03903675,9.32799053,8.89165115,9.2446022,29894423
2022-05-24,9.20969486,9.35514069,9.03321934,9.33187008,20799349
2022-05-25,9.27756977,9.43853092,9.25041962,9.39004898,16460135
2022-05-26,9.36677742,9.39392662,9.18448353,9.3338089,15920247
2022-05-27,9.29696274,9.34350586,9.13018417,9.22714806,19528266
2022-05-30,9.25623798,9.40944195,8.72681141,9.03709793,37141916
2022-05-31,9.03127956,9.13794136,8.83735085,8.8780756,49323169
2022-06-01,8.88001537,8.96146488,8.78886795,8.79468632,27051117
2022-06-02,8.87419701,8.93043709,8.71323586,8.90328693,18261824
2022-06-03,8.8198967,9.00218964,8.8198967,8.94983006,11356209
2022-06-06,9.03515816,9.03709793,8.65505695,8.80244255,16007908
2022-06-07,8.8063221,8.82377625,8.64729977,8.6725111,12745892
2022-06-08,8.62014961,8.63760376,8.51542759,8.56391144,7696625
2022-06-09,8.52512455,8.66475391,8.51348877,8.5387001,10112971
2022-06-10,8.4708252,8.53676033,8.29434872,8.34864902,11370132
2022-06-13,8.24586678,8.29047012,8.07714844,8.15665913,15351483
2022-06-14,8.1450243,8.21871662,7.98988008,8.16247654,16095053
2022-06-15,8.243927,8.30598545,8.13726616,8.26138115,15826914
2022-06-17,8.22065639,8.22065639,7.95109415,7.97630501,36494256
2022-06-20,8.03448391,8.09460163,7.77267981,7.98600197,9244097
2022-06-21,7.92588377,8.00927258,7.76298285,7.83473682,12478268
2022-06-22,7.790133,8.15665913,7.73971224,8.05193806,17907055
2022-06-23,8.0558157,8.15278053,7.93945885,7.98988008,13915391
2022-06-24,8.01121235,8.17023373,7.87546206,8.110116,12865523
2022-06-27,8.11787319,8.24586678,7.9821229,8.19544506,12001290
2022-06-28,8.26331997,8.46888542,8.110116,8.17023373,20164581
2022-06-29,8.22841263,8.22841263,8.02672672,8.12950897,12672154
2022-06-30,7.97242689,8.17799187,7.88515902,8.17799187,20696734
2022-07-01,8.18380928,8.40682793,7.96854782,8.33895302,22515955
2022-07-04,8.29822826,8.31956005,8.1450243,8.1450243,7368670
2022-07-05,8.07326984,8.23229218,7.88321877,8.03254509,22255035
2022-07-06,7.97242689,8.08490562,7.90067291,8.05387688,11457277
2022-07-07,8.12175179,8.2788353,8.05969524,8.20320225,18500055
2022-07-08,8.22647381,8.44949245,8.17411327,8.24974537,12200332
2022-07-11,8.12563133,8.28077412,8.10817719,8.2303524,8673270
2022-07-12,8.2303524,8.32925606,8.16053772,8.2885313,8022002
2022-07-13,8.23810959,8.34864902,8.21871662,8.234231,9793267
2022-07-14,8.10235882,8.234231,8.10235882,8.20901966,9139420
2022-07-15,8.16441631,8.44367409,8.06163406,8.37967777,11733151
2022-07-18,8.38743496,8.43397808,8.22453499,8.234231,8257655
2022-07-19,8.29434872,8.31374168,8.14696312,8.26331997,7720861
2022-07-20,8.25944233,8.39907074,8.17217445,8.22259521,9519971
2022-07-21,8.16053772,8.26331997,8.12757015,8.21871662,10858089
2022-07-22,8.23229218,8.46112823,8.20708084,8.44561386,10409987
2022-07-25,8.4843998,8.55809307,8.43979645,8.49021721,10544057
2022-07-26,8.51348877,8.51348877,8.37773895,8.41070557,8831060
2022-07-27,8.46888542,8.52512455,8.39713097,8.51542759,6494124
2022-07-28,8.49021721,8.67444992,8.46500683,8.66863155,7683218
2022-07-29,8.66863155,8.70353889,8.58136368,8.66281414,8819716
2022-08-01,8.62984562,8.79662514,8.60075665,8.69190407,11158199
2022-08-02,8.68996429,8.75396061,8.62014961,8.72681141,5760351
2022-08-03,8.74620438,8.864501,8.66281414,8.8063221,13287842
2022-08-04,8.84898567,9.12436581,8.84898567,9.08364105,13664784
2022-08-05,9.08945847,9.14957714,8.93237591,9.01576519,10313045
2022-08-08,9.07782269,9.20969486,9.01382637,9.19417953,13884452
2022-08-09,9.22132969,9.31247711,9.00025082,9.03321934,16725696
2022-08-10,9.17284775,9.18254375,9.08170128,9.14763737,10716800
2022-08-11,9.20193672,9.27950859,8.84898567,8.89746857,13725115
2022-08-12,8.78499031,8.82571507,8.32925606,8.50379181,32991431
2022-08-15,8.48633862,8.71517467,8.40294933,8.65311813,20962811
2022-08-16,8.67057228,8.73262882,8.57166767,8.62014961,9670542
2022-08-17,8.57166767,8.9847374,8.56585026,8.9847374,17249599
2022-08-18,8.9847374,9.18254375,8.90716457,9.00994778,9467375
2022-08-19,8.93625355,9.1864233,8.92461872,9.03127956,18447974
2022-08-22,8.95758724,9.04873276,8.88195419,8.99055481,9550911
2022-08-23,8.99055481,9.18836212,8.93819427,9.15151596,14409902
2022-08-24,9.11273003,9.32799053,9.11273003,9.25429821,15360764
2022-08-25,9.28144836,9.39780617,9.1553936,9.39780617,22444279
2022-08-26,9.43465233,9.43465233,9.20969486,9.2446022,12515911
2022-08-29,9.17866611,9.4365921,9.16896915,9.32605171,12940293
2022-08-30,9.40556335,9.46374226,9.24072266,9.28920555,12146188
2022-08-31,9.36483765,9.61112785,9.32217312,9.53161716,33697874
2022-09-01,9.62082386,9.66736698,9.39004898,9.50252819,21781666
2022-09-02,9.51998138,9.65573215,9.40750217,9.57622147,23137832
2022-09-05,9.69063854,9.85547924,9.56264591,9.78760338,13615282
2022-09-06,9.69645691,9.73718166,9.44628811,9.5219202,23190944
2022-09-08,9.71584988,10.00286484,9.61112785,9.99898624,35141700
2022-09-09,10.00674343,10.37133026,9.99898624,10.28600121,24086632
2022-09-12,10.35193729,10.46053791,10.09595108,10.12310123,17956558
2022-09-13,10.00286484,10.14055443,9.91365719,10.00480366,18704254
2022-09-14,9.97377491,9.99898624,9.8612957,9.93886757,16320909
2022-09-15,9.90396118,9.90396118,9.40362358,9.51998138,36193631
2022-09-16,9.1553936,9.27950859,8.80826092,9.13406181,91416893
2022-09-19,9.01770496,9.34738445,8.89552879,9.34156609,24849282
2022-09-20,9.35708141,9.43465233,9.12436581,9.28726578,17562084
2022-09-21,9.23878384,9.30665874,9.08364105,9.13406181,24161917
2022-09-22,9.22520924,9.27756977,9.02933979,9.21745205,19193092
2022-09-23,9.0661869,9.22520924,8.92267895,8.998312,23314185
2022-09-26,8.92461872,8.96534443,8.51736832,8.54451847,29521607
2022-09-27,8.62984562,8.62984562,8.37967777,8.47470284,41711110
2022-09-28,8.69772243,9.05067253,8.62984562,8.93819427,40106916
2022-09-29,8.90328693,9.03127956,8.64342117,8.998312,28020543
2022-09-30,9.08557987,9.71584988,9.08557987,9.61888504,54076967
2022-10-03,11.09274673,11.63187027,10.66610241,11.24789047,134417135
2022-10-04,11.29831123,11.46509075,10.98996353,11.22849655,46836178
2022-10-05,11.18971062,11.42242622,11.11213875,11.22849655,24074772
2022-10-06,11.23431492,11.30606937,11.05977917,11.09274673,24781215
2022-10-07,11.05202103,11.16644001,10.92596722,11.13541126,42763556
2022-10-10,11.18001461,11.32158279,11.05589962,11.27310085,16377631
2022-10-11,11.27503967,11.39139748,11.02681065,11.13928986,27084634
2022-10-13,11.01517487,11.05202103,10.63313389,10.89687824,58445573
2022-10-14,10.89687824,10.93372536,10.53035164,10.60792446,35042180
2022-10-17,10.66610241,11.05008221,10.62731743,10.88330269,29539654
2022-10-18,11.08111095,11.08111095,10.6835556,10.937603,20215115
2022-10-19,10.937603,11.10244274,10.88330269,11.01711369,13744195
2022-10-20,11.11213875,11.14898586,10.82706356,10.98414612,18189633
2022-10-21,10.90075684,11.47672558,10.86778927,11.39139748,34569326
2022-10-24,11.27891922,11.3797617,11.14898586,11.33709717,17069120
2022-10-25,11.35455132,11.39721489,11.18001461,11.23431492,16450338
2022-10-26,11.03262901,11.20910358,10.90269566,11.02487087,23838087
2022-10-27,11.1160183,11.39139748,11.04814339,11.27310085,30417295
2022-10-28,11.25758553,11.63574791,11.14898586,11.54654121,33552976
2022-10-31,11.82967663,11.96348763,11.32158279,11.65514088,66301535
2022-11-01,11.67647266,11.8490696,11.45927334,11.69004822,26966034
2022-11-03,11.46315098,11.6881094,11.41079044,11.63574791,12579336
2022-11-04,11.76568127,11.86652374,11.51163387,11.567873,14997230
2022-11-07,11.39915466,11.53490543,11.18195438,11.27116108,20443033
2022-11-08,11.21686077,11.38170147,11.02487087,11.32546234,17432140
2022-11-09,11.29055405,11.45345497,11.0539608,11.18583298,15244743
2022-11-10,11.11019993,11.14122868,10.66610241,10.74755287,29342675
2022-11-11,10.86003208,11.22655773,10.73591709,10.97638893,34103177
2022-11-14,11.10244274,11.31964397,10.94536018,11.21298313,19341084
2022-11-16,11.21492195,11.30025101,10.9201498,11.0539608,28679546
2022-11-17,10.84063911,10.86003208,10.36357307,10.68743515,40974759
2022-11-18,10.79991436,10.82124615,10.60210609,10.70682812,20785942
2022-11-21,10.92790699,11.52520943,10.91239166,11.49030113,39532479
2022-11-22,11.55817699,11.68035221,11.36036873,11.41466904,25719703
2022-11-23,11.44375801,11.48254395,11.29443264,11.44181919,15405626
2022-11-24,11.55623722,11.8180418,11.5096941,11.72883415,15294245
2022-11-25,11.62799072,11.96348763,11.40885067,11.65320206,22732013
2022-11-28,11.70750237,11.78701305,11.49224091,11.66871643,15884667
2022-11-29,11.64738369,11.71331978,11.43212318,11.60471916,16509122
2022-11-30,11.59696198,11.69198799,11.45927334,11.69198799,37349208
2022-12-01,11.61441612,11.8180418,11.51939106,11.68035221,10725051
2022-12-02,11.75210571,11.96348763,11.54848003,11.78507423,12435469
2022-12-05,11.75792408,11.78895187,11.42436504,11.48642254,10910686
2022-12-06,11.53878403,11.63574791,10.8173666,10.97057056,45010253
2022-12-07,10.9065752,11.24207211,10.9065752,11.14316845,16388459
2022-12-08,11.09662533,11.14316845,10.66416264,10.92208862,25896571
2022-12-09,10.92984581,11.07335377,10.73591709,10.81542778,18776961
2022-12-12,10.80185318,10.94342136,10.4236908,10.55750179,29002860
2022-12-13,10.55750179,10.79603481,10.37714767,10.47217274,31318655
2022-12-14,10.36551189,10.69325256,10.26272964,10.6738596,37120774
2022-12-15,10.59047031,10.92208862,10.50514126,10.73009872,15508241
2022-12-16,10.73009872,10.81542778,10.21230793,10.42950916,74877863
2022-12-19,10.33642292,10.65252686,10.33642292,10.61762047,13055283
2022-12-20,10.59240913,11.03456783,10.46247673,10.90463543,22590725
2022-12-21,10.90463543,11.01517487,10.6738596,10.76306725,19134823
2022-12-22,11.08304977,11.30218983,10.95311832,11.02293205,31233572
2022-12-23,10.94536018,11.37006474,10.90463543,11.26922226,11865158
2022-12-26,11.15674305,11.22267914,11.02099323,11.14898586,4440797
2022-12-27,11.1974678,11.21104336,10.83288193,10.95311832,8568077
2022-12-28,11.03262901,11.20328617,10.8619709,11.11989689,13200181
2022-12-29,11.19940758,11.26534271,10.94342136,11.08498859,16535936
2023-01-02,10.92790699,10.96863174,10.24527645,10.36551189,15419549
2023-01-03,10.57107735,10.70100975,10.1870966,10.26660824,19619536
2023-01-04,10.33836174,10.47023392,10.18128014,10.34611893,10222805
2023-01-05,10.40817738,10.6835556,10.30927277,10.60404491,17999357
2023-01-06,10.60598373,10.73785591,10.54198837,10.65252686,8596438
2023-01-09,10.62343788,10.8173666,10.47992992,10.67191982,11627958
2023-01-10,10.51095867,10.74755287,10.51095867,10.70294857,9837613
2023-01-11,10.68937397,10.85615253,10.59628773,10.82706356,19310145
2023-01-12,10.81542778,10.96669292,10.62149906,10.69906998,24426962
2023-01-13,10.58853054,10.72234154,10.53617001,10.60792446,10155771
2023-01-16,10.6835556,10.69519234,10.44114494,10.63701344,8693381
2023-01-17,10.66416264,10.79215622,10.59628773,10.73397827,29954239
2023-01-18,10.79797363,10.85615253,10.64864922,10.70294857,23747848
2023-01-19,10.61568069,10.8173666,10.60986328,10.73203754,9928368
2023-01-20,10.71652412,10.75724888,10.25885105,10.39460182,24710055
2023-01-23,10.38684368,10.45277977,10.07461929,10.1599474,23954625
2023-01-24,10.22006512,10.43920517,10.16576481,10.43920517,16257484
2023-01-25,10.4101162,10.57689476,10.32284832,10.57689476,15048279
2023-01-26,10.60792446,10.65834522,10.41593361,10.48380947,9322992
2023-01-27,10.56525898,10.59047031,10.31702995,10.39460182,12042542
2023-01-30,10.41593361,10.67579937,10.39072323,10.48380947,10506414
2023-01-31,10.54004765,10.83288193,10.54004765,10.79409599,23035733
2023-02-01,10.73785591,10.94342136,10.63313389,10.78246021,15438112
2023-02-02,10.74949169,10.98026752,10.70488834,10.803792,13987582
2023-02-03,10.76888466,10.77858067,10.32672596,10.37520885,15693360
2023-02-06,10.39460182,10.39460182,10.11922169,10.37908745,13649830
2023-02-07,10.45665932,10.45665932,9.96601772,10.02031803,16871110
2023-02-08,10.0843153,10.28406239,10.0261364,10.19097614,19704619
2023-02-09,10.20843029,10.40235901,10.03001499,10.09982872,49164863
2023-02-10,10.03777218,10.32090855,10.03777218,10.27824402,9284834
2023-02-13,10.27242565,10.4333868,10.22006512,10.37520885,9692715
2023-02-14,10.38878441,10.81542778,10.36357307,10.56913757,24616207
2023-02-15,10.51095867,10.79215622,10.4333868,10.54974461,19272502
2023-02-16,10.46053791,10.68549538,10.32284832,10.6738596,15265369
2023-02-17,10.62343788,10.8173666,10.57107735,10.67579937,16170338
2023-02-22,10.60404491,10.660285,10.24333668,10.35193729,11240703
2023-02-23,10.4101162,10.42562962,10.12504005,10.22200489,13098598
2023-02-24,10.24333668,10.31702995,10.14055443,10.2181263,10880262
2023-02-27,10.22200489,10.41399479,10.173522,10.3480587,12322026
2023-02-28,10.34611893,10.42562962,10.0261364,10.03583336,30549302
2023-03-01,10.27436638,10.28212261,9.95632172,10.09982872,18100941
2023-03-02,10.05522633,10.28600121,10.02419662,10.05910397,10108846
2023-03-03,10.06492233,10.13279724,9.93886757,9.97183609,5466429
2023-03-06,9.99122906,10.09207153,9.79730034,9.99510765,10968954
2023-03-07,9.93111134,10.10758686,9.92141533,10.06492233,6653976
2023-03-08,10.12891865,10.32672596,10.06492233,10.30927277,15520101
2023-03-09,10.29957581,10.35581589,9.99510765,10.10952568,16112070
2023-03-10,10.03583336,10.09401131,9.74300003,9.85353947,15331888
2023-03-13,9.78372478,10.11146545,9.68482113,10.04165077,23503429
2023-03-14,10.02807617,10.26272964,10.01450062,10.17740059,10438348
2023-03-15,10.06880093,10.4236908,9.97183609,10.34999847,13296093
2023-03-16,10.35775471,10.48380947,10.24915504,10.37520885,15521648
2023-03-17,10.27824402,10.2898798,9.96020031,10.03583336,27653914
2023-03-20,9.97377491,10.01644039,9.7274847,9.78954315,11743980
2023-03-21,9.82251072,9.82251072,9.51804161,9.58785629,16992804
2023-03-22,9.58979607,9.77402782,9.5122242,9.61888504,15407173
2023-03-23,9.68094158,9.73524284,9.20193672,9.34932423,13848872
2023-03-24,9.34932423,9.36483765,8.72681141,9.17672729,39404082
2023-03-27,9.21551228,9.50058842,9.17478657,9.43271255,20737470
2023-03-28,9.40944195,9.71003246,9.36095905,9.63245964,17810113
2023-03-29,9.63245964,9.71972847,9.46568108,9.67512512,16925253
2023-03-30,9.82057095,10.00674343,9.7042141,9.87874985,15356639
2023-03-31,9.89038563,9.93498993,9.7042141,9.81475258,10304278
2023-04-03,9.8612957,9.9194746,9.64603519,9.77402782,22116325
2023-04-04,9.86711407,9.97765446,9.7856636,9.84966087,8792386
2023-04-05,9.83220673,9.83220673,9.50058842,9.67124557,27599771
2023-04-06,9.66930676,9.84190369,9.64991379,9.73524284,9757171
2023-04-10,9.78372478,9.81281376,9.41719913,9.55488777,30893757
2023-04-11,9.74493885,10.00286484,9.69257832,9.89038563,20735408
2023-04-12,9.90977859,10.0978899,9.85547924,9.96214008,13975207
2023-04-13,10.00674343,10.03777218,9.84578228,9.95438194,11100446
2023-04-14,9.90008163,9.91753578,9.57816029,9.62470341,31678064
2023-04-17,9.63633919,9.64021683,9.34544468,9.49477005,18283481
2023-04-18,9.54713058,9.54713058,9.22327042,9.22327042,15218960
2023-04-19,9.20193672,9.36677742,9.06812572,9.32993126,18869778
2023-04-20,9.36871624,9.43853092,9.2446022,9.41525936,18574309
2023-04-24,9.39974499,9.59367371,9.34738445,9.43853092,21042221
2023-04-25,9.34932423,9.5122242,9.29114532,9.46180153,20029996
2023-04-26,9.40750217,9.52773762,9.28920555,9.29502296,20283696
2023-04-27,9.29502296,9.3202343,8.90328693,9.00413036,31868340
2023-04-28,9.05455112,9.05455112,8.78886795,8.94595146,26701504
2023-05-02,8.72875023,8.8295927,8.52318478,8.62596798,13240402
2023-05-03,8.5522747,8.64923859,8.49021721,8.5561533,12067294
2023-05-04,8.64923859,9.00218964,8.63760376,8.94595146,20995297
2023-05-05,8.98861504,9.04291534,8.73456764,8.88971138,20924137
2023-05-08,8.96922207,9.00218964,8.7617178,8.91104412,15933138
2023-05-09,8.8780756,9.05067253,8.8780756,8.94789028,6990697
2023-05-10,8.89746857,9.35708141,8.88583279,9.31053829,25911525
2023-05-11,9.21357346,9.54131317,9.21357346,9.39780617,20107859
2023-05-12,9.69645691,10.173522,9.54131317,10.08043575,47194041
2023-05-15,10.11922169,10.30539417,10.08237553,10.1560688,12106483
2023-05-16,10.10370827,10.1870966,9.84190369,9.87487221,14513548
2023-05-17,9.94080734,10.07849693,9.75657463,9.80505657,9387964
2023-05-18,9.79342079,9.9194746,9.68675995,9.88844681,14859035
2023-05-19,9.87293243,9.99510765,9.82444954,9.89620399,17815269
2023-05-22,9.98347187,10.00674343,9.79730034,9.85935688,5456632
2023-05-23,9.80699635,10.00674343,9.69063854,9.78954315,6695744
2023-05-24,9.7177887,9.80699635,9.63827801,9.70227528,9709731
2023-05-25,9.89814281,9.96214008,9.72942543,9.95438194,12509207
2023-05-26,10.02419662,10.45471954,10.00480366,10.37326908,33907229
2023-05-29,10.41399479,10.41399479,10.22006512,10.26660824,7404250
2023-05-30,10.34418011,10.42562962,10.13861465,10.18321896,11115915
2023-05-31,10.25885105,10.33254433,10.09013271,10.19097614,29750041
2023-06-01,10.22006512,10.23945808,9.92335415,10.1424942,13362096
2023-06-02,10.27242565,10.44114494,10.1599474,10.29957581,14524892
2023-06-05,10.35775471,10.36745167,10.05522633,10.13085842,10667298
2023-06-06,10.16964436,10.46441555,10.16964436,10.4236908,10475475
2023-06-07,10.56913757,10.67967701,10.30539417,10.33836174,13665815
2023-06-09,10.40429783,10.64476967,10.34224129,10.56525898,13388395
2023-06-12,10.68549538,10.73785591,10.46053791,10.60792446,13816386
2023-06-13,10.6467104,10.6835556,10.35581589,10.41787338,9060010
2023-06-14,10.47023392,10.58465195,10.29181862,10.42950916,24802873
2023-06-15,10.48962688,10.48962688,10.25691223,10.35387707,15581464
2023-06-16,10.32090855,10.55750179,10.25885105,10.42757034,25648027
2023-06-19,10.43532658,10.660285,10.42562962,10.58659077,6053757
2023-06-20,10.58659077,10.77858067,10.50320244,10.75143147,12037901
2023-06-21,10.75143147,10.84451675,10.59434891,10.78246021,10039749
2023-06-22,10.71070576,10.75337124,10.51483822,10.58853054,9209033
2023-06-23,10.54974461,10.87748528,10.53617001,10.81348896,9459640
2023-06-26,10.80767059,10.87166691,10.6467104,10.6467104,11258235
2023-06-27,10.71264458,10.88718224,10.58659077,10.71070576,10131019
2023-06-28,10.79215622,10.79215622,10.60986328,10.60986328,9609695
2023-06-29,10.66416264,10.81154919,10.61955929,10.77082443,6418839
2023-06-30,10.81930637,11.18971062,10.81930637,10.97057056,20156846
2023-07-03,10.92790699,11.08498859,10.86972809,10.93566418,21448555
2023-07-04,10.96087456,10.9957819,10.65834522,10.77082443,6592614
2023-07-05,10.76306725,10.96475315,10.66804218,10.86003208,12269429
2023-07-06,10.80767059,10.80767059,10.56913757,10.6738596,13743679
2023-07-07,10.72234154,10.97057056,10.64283085,10.86003208,11263392
2023-07-10,10.82706356,10.98414612,10.81930637,10.86003208,13552888
2023-07-11,10.78052139,10.78052139,10.47023392,10.66610241,19191029
2023-07-12,10.76306725,10.85033512,10.6467104,10.6738596,14238705
2023-07-13,10.66610241,10.88718224,10.6564064,10.76306725,9771094
2023-07-14,10.81348896,10.81348896,10.55362415,10.57495594,17566725
2023-07-17,10.57495594,10.60598373,10.45277977,10.51095867,11117978
2023-07-18,10.49350452,10.61955929,10.38296604,10.55750179,10540447
2023-07-19,10.55750179,10.65834522,10.37714767,10.50514126,18682596
2023-07-20,10.50126266,10.54780579,10.33642292,10.45471954,8503621
2023-07-21,10.50126266,10.79215622,10.41205502,10.71070576,12946996
2023-07-24,10.71846294,10.83869934,10.62731743,10.76500607,8009626
2023-07-25,10.97445011,11.01905346,10.8173666,10.8173666,7838945
2023-07-26,10.82318497,10.92790699,10.71070576,10.91239166,9359604
2023-07-27,10.9957819,11.00353909,10.78633881,10.95311832,15299917
2023-07-28,10.95311832,11.10050392,10.88718224,10.99384308,15243711
2023-07-31,11.11213875,11.27310085,10.98802471,11.26728344,16259031
2023-08-01,11.26146507,11.26146507,10.63507366,10.80185318,38467142
2023-08-02,10.77276325,10.95311832,10.7145853,10.72040272,10301185
2023-08-03,10.74949169,10.803792,10.35581589,10.39460182,16513247
2023-08-04,10.38296604,10.43144798,10.26272964,10.32866573,11738823
2023-08-07,10.32866573,10.37326908,10.20843029,10.31315136,10071719
2023-08-08,10.10564709,10.49932289,10.10370827,10.42757034,13454914
2023-08-09,10.40042019,10.40042019,10.2181263,10.33836174,7403219
2023-08-10,10.28794098,10.50901985,10.28794098,10.30927277,11278346
2023-08-11,10.51289845,10.93372536,10.47605228,10.89105988,35886302
2023-08-14,10.86003208,10.99190331,10.71070576,10.89299965,19321489
2023-08-15,10.87554646,10.90463543,10.62149906,10.62149906,7531616
2023-08-16,10.76500607,11.41079044,10.73009872,11.20910358,52511447
2023-08-17,11.27310085,11.51939106,11.21492195,11.35455132,28090672
2023-08-18,11.35455132,11.60665894,11.09856415,11.60471916,19408635
2023-08-21,11.55817699,11.6124773,11.30606937,11.33903694,7820897
2023-08-22,11.43988037,11.67065525,11.39333725,11.58726597,12045120
2023-08-23,11.60084057,11.72107697,11.41273022,11.4515152,10290356
2023-08-24,11.57175159,11.70750237,11.3797617,11.47866631,11739854
2023-08-25,11.49999809,11.55817699,11.30800819,11.43018341,11226265
2023-08-28,11.41854763,11.51357269,11.35455132,11.4476366,8733602
2023-08-29,11.48254395,11.53684425,11.29249382,11.4515152,11008659
2023-08-30,11.50581646,11.59308434,11.36424732,11.39333725,7381561
2023-08-31,11.33709717,11.38170147,11.18971062,11.2323761,10993190
2023-09-01,11.25952625,11.42824364,11.16837883,11.38751888,8741336
2023-09-04,11.40691185,11.44181919,11.30994701,11.41273022,4069527
2023-09-05,11.33321857,11.45539379,11.20910358,11.35842896,10574480
2023-09-06,11.33321857,11.49030113,11.22074032,11.22074032,8604173
2023-09-08,11.22074032,11.24013329,11.08304977,11.18583298,7952904
2023-09-11,11.27891922,11.52714825,11.20910358,11.44181919,13081066
2023-09-12,11.47478676,11.567873,11.37006474,11.53490543,10646672
2023-09-13,11.5814476,11.68229103,11.46509075,11.65126228,10230025
2023-09-14,11.67841339,12.00227356,11.64544487,11.8897953,17798253
2023-09-15,11.88785553,11.98482132,11.51551247,11.63962746,24929208
2023-09-18,11.61441612,11.86652374,11.61441612,11.7462883,8505168
2023-09-19,11.89173508,11.93633842,11.74822712,11.79089069,12915026
2023-09-20,11.77925587,11.88397694,11.6260519,11.72495556,13336829
2023-09-21,11.58338737,12.09148216,11.57175159,11.96348763,26889717
2023-09-22,12.00227356,12.13026714,11.83743382,11.89561272,12967622
2023-09-25,11.90918827,11.95573139,11.76568127,11.89755344,6712761
2023-09-26,11.88785553,11.92470264,11.60278034,11.63768673,14931742
2023-09-27,11.63962746,11.73077297,11.3312788,11.43018341,21511980
2023-09-28,11.38751888,11.54848003,11.37200546,11.49224091,12094107
2023-09-29,11.79089069,11.9382782,11.73271275,11.835495,21062847
2023-10-02,11.84713078,12.07402802,11.67453384,11.73271275,17775048
2023-10-03,11.69004822,11.79089069,11.61635494,11.65514088,16520982
2023-10-04,11.62992954,11.88591671,11.59696198,11.79864883,16019252
2023-10-05,11.79864883,11.96542835,11.65514088,11.73271275,9880928
2023-10-06,11.60859776,11.71138096,11.44569778,11.67259502,11188622
2023-10-09,11.56011581,11.87816048,11.56011581,11.87816048,8102959
2023-10-10,11.90530968,12.12057114,11.8936739,12.11669159,12076575
2023-10-11,12.07596684,12.14578247,11.91694546,12.05657387,17747719
2023-10-13,12.12057114,12.18456841,11.86652374,11.88397694,10871496
2023-10-16,12.12250996,12.25050354,11.8897953,12.18068886,30160500
2023-10-17,12.11863232,12.17681026,11.84131336,11.88203812,21830653
2023-10-18,11.83161736,11.86652374,11.49417973,11.54072285,27140324
2023-10-19,11.5232687,11.95573139,11.51939106,11.71138096,22348884
2023-10-20,11.63380909,11.72883415,11.52714825,11.52714825,27965368
2023-10-23,11.62411213,11.96736717,11.52908707,11.85682678,23266229
2023-10-24,11.92664242,11.94991302,11.75598431,11.77343845,7639903
2023-10-25,11.79089069,11.82192039,11.6260519,11.64932346,8948113
2023-10-26,11.70944118,11.835495,11.69392681,11.82579899,12401436
2023-10-27,11.81998062,11.90724945,11.54654121,11.55041885,13628689
2023-10-30,11.56011581,11.69004822,11.30800819,11.36230755,15593324
2023-10-31,11.44181919,11.44181919,11.26728344,11.31964397,7317621
2023-11-01,11.36230755,11.58532715,11.32740116,11.52132988,18438177
2023-11-03,11.75404453,11.85101032,11.61441612,11.80834484,10716800
2023-11-06,11.85294914,11.92470264,11.62217331,11.75210571,10035108
2023-11-07,11.75210571,11.91694546,11.67841339,11.8490696,10458974
2023-11-08,11.8180418,11.98676014,11.67259502,11.81610203,9467890
2023-11-09,11.81416321,11.92858124,11.60859776,11.85294914,13288874
2023-11-10,11.95573139,11.95573139,11.73271275,11.85488796,11101477
2023-11-13,11.74240875,12.05463505,11.74240875,12.01584911,8554155
2023-11-14,11.99645615,12.35716534,11.98288059,12.28347206,17929744
2023-11-16,12.29122925,12.62866497,12.22141361,12.55303288,15019918
2023-11-17,12.63448334,12.64223957,12.46382618,12.53945827,8461337
2023-11-20,12.53945827,12.53945827,12.3629818,12.49291515,6748856
2023-11-21,12.48903561,12.60539436,12.4211607,12.60345459,6067164
2023-11-22,12.63448334,12.86913776,12.63448334,12.79932308,17673465
2023-11-23,12.78962708,13.16972828,12.74696159,13.13675976,14231486
2023-11-24,13.14451694,13.27832794,13.02622032,13.24729919,11681586
2023-11-27,13.35396004,13.40050316,13.10766983,13.1270628,15510304
2023-11-28,13.1270628,13.3190527,13.06888485,13.12512398,12307587
2023-11-29,13.14645576,13.23760319,12.90986347,12.96028423,14788906
2023-11-30,13.04949188,13.22208881,12.94283104,13.10185242,14875020
2023-12-01,13.16778755,13.31517506,12.98355579,13.31517506,14074212
2023-12-04,13.35783863,13.3772316,13.18136311,13.18330288,9554004
2023-12-05,13.29384232,13.38111019,13.13481998,13.18330288,11292268
2023-12-06,13.26281357,13.37917137,13.21821022,13.37917137,12766002
2023-12-07,13.36947536,13.41601753,13.04755211,13.17554569,31333093
2023-12-08,13.2162714,13.2434206,12.99131298,13.12124538,10722988
2023-12-11,13.12124538,13.38886833,13.02234173,13.37141418,12643793
2023-12-12,13.37141418,13.50910378,13.22596741,13.42571354,7165503
2023-12-13,13.47419643,13.94544411,13.45868206,13.85623741,22482953
2023-12-14,13.94738388,14.0831337,13.69139671,13.82714653,12821693
2023-12-15,13.81745052,14.01719761,13.72436523,13.8019371,15370562
2023-12-18,13.95901871,14.06374073,13.74181938,14.00362301,11429947
2023-12-19,14.05598354,14.27318478,13.94738388,14.1141634,14970931
2023-12-20,14.02107716,14.30809212,14.00556183,14.0792551,14206219
2023-12-21,14.24409485,14.50202084,14.11997986,14.39729881,16748900
2023-12-22,14.39535999,14.66492081,14.33911991,14.5214138,23393080
2023-12-26,14.60868168,14.66104317,14.32748508,14.37984562,9311648
2023-12-27,14.35269547,14.57765293,14.25185204,14.51753521,6682337
2023-12-28,14.51753521,14.61643887,14.43996429,14.61643887,8153493
2024-01-02,14.61256123,14.61256123,14.15294838,14.27900219,8716070
2024-01-03,14.26348782,14.36433125,14.19949055,14.2479744,6703479
2024-01-04,14.25379181,14.2576704,13.96677589,14.08119488,7205724
2024-01-05,14.04047012,14.14713097,13.96677589,14.03077316,6891176
2024-01-08,13.97259426,14.20724869,13.9357481,14.20724869,6563221
2024-01-09,14.10252666,14.28869915,14.00944138,14.24409485,6142965
2024-01-10,14.23439884,14.51365662,14.22470188,14.49814224,9414778
2024-01-11,14.45935726,15.01399422,14.36820984,14.85303307,33170878
2024-01-12,14.85497189,15.04308319,14.66686058,14.94030094,9503471
2024-01-15,14.93254375,15.08768654,14.91702938,14.9907217,6939648
2024-01-16,14.93254375,15.01593304,14.77740002,14.77740002,12127625
2024-01-17,14.7754612,14.90733337,14.6998291,14.86079025,15682016
2024-01-18,14.87242603,14.94611931,14.63001442,14.69013214,12793332
2024-01-19,14.71922207,14.84333611,14.54662514,14.73861408,24239265
2024-01-22,14.73861408,14.87048626,14.61837769,14.77158165,16008939
2024-01-23,14.77933979,14.99460125,14.6998291,14.98296547,22201923
2024-01-24,15.02950764,15.17495537,14.76576519,14.81618595,7999313
2024-01-25,14.86272907,14.98684406,14.74443245,14.94999695,12607181
2024-01-26,14.93836117,15.06635475,14.83945847,14.94030094,8608814
2024-01-29,14.94030094,15.10514069,14.86660767,15.04696178,9940744
2024-01-30,15.08380795,15.18465233,15.04502296,15.15944099,18042156
2024-01-31,15.20404434,15.56281281,15.18659115,15.29325199,19044584
2024-02-01,15.32234097,15.3611269,15.01399422,15.29131317,13735429
2024-02-02,15.20404434,15.3611269,15.08380795,15.26998043,14548612
2024-02-05,15.26998043,15.39409542,15.08574772,15.36888409,8662442
2024-02-06,15.49106026,15.61711311,15.35724831,15.57444859,7630106
2024-02-07,15.55117798,15.82849598,15.48524189,15.58608532,12274070
2024-02-08,15.62681007,15.65589905,15.26610184,15.31458378,11962616
2024-02-09,15.30100918,15.57832813,15.19240856,15.47360611,7743034
2024-02-14,15.25640488,15.33785629,15.09738255,15.31846333,11030832
2024-02-15,15.51433086,16.23186874,15.39021587,15.64814186,69592427
2024-02-16,15.64426422,15.8886137,15.47942448,15.79358864,11871346
2024-02-19,15.86340427,15.933218,15.72765255,15.87891769,5683519
2024-02-20,15.85370731,15.98557854,15.70050335,15.79358864,11797092
2024-02-21,15.79940701,15.82267761,15.25640488,15.45421314,19121416
2024-02-22,15.48718071,15.82267761,15.48524189,15.66559601,14351117
2024-02-23,15.66559601,15.71213913,15.44839478,15.55117798,8374708
2024-02-26,15.55893517,15.73540974,15.52596664,15.56475258,9901038
2024-02-27,15.62874889,15.67917061,15.27579784,15.44451714,19909333
2024-02-28,15.39797401,15.50463486,15.20986176,15.42706299,13218745
2024-02-29,15.40767002,15.42512417,15.18852997,15.35143089,13915391
2024-03-01,15.35336971,15.53178501,15.25058746,15.4503336,10978752
2024-03-04,15.47554493,15.54148102,15.25640488,15.43288136,14814173
2024-03-05,15.50851345,15.50851345,15.24089146,15.35724831,16343082
2024-03-06,15.43288136,15.5395422,15.35143089,15.46778774,11989430
2024-03-07,15.44063759,15.45421314,15.26610184,15.45421314,10337280
2024-03-08,15.41542721,15.59578133,15.31458378,15.5492382,16374537
2024-03-11,15.46390915,15.54148102,15.14198685,15.14586639,17854974
2024-03-12,15.2137413,15.21955872,14.90927219,14.94611931,15706251
2024-03-13,14.88018322,15.05471897,14.82976055,14.89763641,14304193
2024-03-14,14.92478561,14.97132874,14.72503853,14.8336401,15169457
2024-03-15,14.85303307,14.93836117,14.74249268,14.83557892,12353481
2024-03-18,14.8336401,14.86660767,14.69594955,14.74055386,22561332
2024-03-19,14.77740002,15.08380795,14.77740002,15.00623703,14400104
2024-03-20,15.00429726,15.23119354,14.94611931,15.2137413,12402983
2024-03-21,15.22537708,15.35724831,15.14586639,15.26998043,17468235
2024-03-22,15.70825958,16.09417915,15.40960884,15.57250977,28535164
2024-03-25,15.57250977,15.71407795,15.38633823,15.70050335,15072515
2024-03-26,15.68498898,16.03018379,15.60547829,15.923522,17825582
2024-03-27,16.00303268,16.20277977,15.72959232,16.1523571,18306170
2024-03-28,16.20084,16.60615158,16.18338776,16.42579842,22022992
2024-04-01,16.42579842,16.42579842,16.11551094,16.27065468,12070387
2024-04-02,16.09611893,16.23186874,15.78389263,15.9099474,17844146
2024-04-03,15.92739964,16.22605133,15.76837826,16.18920326,15834649
2024-04-04,16.19308281,16.60227394,16.19308281,16.35792351,25532521
2024-04-05,16.26677513,16.37343788,16.16787148,16.32107544,8669145
2024-04-08,16.37925529,16.5227623,16.27065468,16.38701248,11063319
2024-04-09,16.38701248,16.56154823,16.34046936,16.47621918,12892337
2024-04-10,16.46458435,16.51500511,16.2144146,16.25126266,15362311
2024-04-11,16.2279892,16.24738312,15.95067215,15.97394276,8493823
2024-04-12,15.96230698,15.96230698,15.58414555,15.67917061,12848507
2024-04-15,15.6733532,15.68111038,15.50269508,15.64038467,12177127
2024-04-16,15.51433086,15.61323547,15.40767002,15.52014923,13156867
2024-04-17,15.55699539,15.8886137,15.50075626,15.79358864,17148531
2024-04-18,16.34822655,16.38507271,15.82073879,16.05151558,41844148
2024-04-19,16.03987885,16.38507271,15.92158222,16.38507271,35077244
2024-04-22,16.28810883,16.46458435,16.05539322,16.05539322,20423438
2024-04-23,15.99915409,16.38701248,15.87116146,16.11551094,11426338
2024-04-24,16.10969353,16.16981125,15.89637089,15.98751831,11978601
2024-04-25,15.98751831,16.09611893,15.90218925,16.01272964,16941239
2024-04-26,15.99915409,16.04569626,15.86534309,15.96036816,15455644
2024-04-29,15.96036816,16.07090759,15.90412903,15.97200394,6999979
2024-04-30,15.96036816,16.04181862,15.66559601,15.6733532,11233999
2024-05-02,15.70050335,15.78389263,15.30682659,15.57056999,35326304
2024-05-03,15.80522537,15.90025043,15.57638836,15.66947365,19067273
2024-05-06,15.56669235,15.7548027,15.46584892,15.46584892,14379994
2024-05-07,15.56281281,15.69468498,15.48524189,15.54148102,16628753
2024-05-08,15.7412281,15.7412281,15.436759,15.54729939,11668694
2024-05-09,15.43869877,15.46390915,15.1109581,15.36694527,15463895
2024-05-10,15.37082291,15.38633823,15.11289787,15.20598412,25998670
2024-05-13,15.25058746,15.37470245,15.14004803,15.21761894,9881444
2024-05-14,15.2719202,15.38245869,15.22149754,15.32234097,8219496
2024-05-15,15.2854948,15.37276268,15.22149754,15.36306572,13192962
2024-05-16,15.38245869,15.64038467,15.34367275,15.46390915,14439810
2024-05-17,15.4057312,15.43482018,15.22537708,15.23507309,14686291
2024-05-20,15.05084038,15.24477005,15.01981163,15.08962631,15518554
2024-05-21,15.11871624,15.14586639,14.79485416,14.92866516,15660358
2024-05-22,14.8472147,14.85691071,14.48262787,14.53498936,21041190
2024-05-23,14.48650742,14.63389301,14.36627102,14.61450005,13664269
2024-05-24,14.64746761,14.81230831,14.55825996,14.66298199,11048880
2024-05-27,14.66880035,14.68625355,14.50202084,14.55825996,8028189
2024-05-28,14.58153152,14.64552784,14.36239243,14.47293186,21860045
2024-05-29,14.48650742,14.5834713,14.35463524,14.48456669,17246505
2024-05-31,14.41669178,14.44772053,14.18979454,14.32360554,48114995
2024-06-03,14.42832756,14.50008202,14.21888447,14.26348782,21010766
2024-06-04,14.27318478,14.62419605,14.20143127,14.48068905,34367191
2024-06-05,14.47487068,15.35530853,14.39342117,15.12841225,44012466
2024-06-06,14.95387554,15.38439941,14.95387554,14.99460125,27349679
2024-06-07,14.90151501,14.92090797,14.33330345,14.39923763,33120344
2024-06-10,14.33330345,14.5834713,14.31390953,14.56407833,8625315
2024-06-11,14.65910435,14.71922207,14.5524416,14.66104317,21965238
2024-06-12,14.74637222,14.75800705,14.16264534,14.18785572,26145631
2024-06-13,14.26542664,14.51365662,14.127738,14.44190311,17752360
2024-06-14,14.35075569,14.61062145,14.25960922,14.54468536,21807965
2024-06-17,14.50977802,14.57377529,14.39535999,14.41281414,9839160
2024-06-18,14.36433125,14.36433125,13.88920498,13.98423004,23246119
2024-06-19,13.98423004,13.98616886,13.59055424,13.98616886,21680083
2024-06-20,14.02301598,14.2576704,13.87368965,13.97453403,18410848
2024-06-21,14.28094196,14.65134621,14.16070557,14.51559639,38760548
2024-06-24,14.68431377,15.11289787,14.65134621,15.11289787,28711517
2024-06-25,15.11871624,15.33785629,14.9907217,15.05084038,22255035
2024-06-26,14.93254375,15.12259388,14.77352238,14.78709698,25214363
2024-06-27,14.31196976,14.92284679,14.09864807,14.37208843,69529002
2024-06-28,14.15682697,14.63389301,14.03271198,14.538867,45640380
2024-07-01,14.35269547,15.33979511,14.29839516,15.1555624,56353572
2024-07-02,15.14974403,15.35918808,15.01399422,15.09738255,31915780
2024-07-03,15.16525936,15.72571373,15.12259388,15.64038467,19606129
2024-07-04,15.72377491,16.1252079,15.72377491,15.84401131,31412503
2024-07-05,15.87697887,15.96424675,15.72765255,15.91770363,31552245
2024-07-08,15.98945713,16.2900486,15.94291401,16.11745071,19899536
2024-07-09,16.15041924,16.48397636,16.15041924,16.34240723,29924847
2024-07-10,16.35986137,16.61972618,16.23768616,16.50337029,26073440
2024-07-11,16.58094025,16.67790604,16.25708008,16.35404396,24622910
2024-07-12,16.29974365,16.39670944,16.09999657,16.1252079,31455303
2024-07-15,16.15429688,16.19308281,15.83819294,15.83819294,16452400
2024-07-16,15.75092506,15.90218925,15.63068867,15.81492138,37793184
2024-07-17,15.70825958,16.31138039,15.70825958,16.13490486,31693018
2024-07-18,16.02824211,16.25126266,15.85758591,15.90606785,33196660
2024-07-19,15.66947365,16.50337029,15.62874889,16.46458435,242371512
2024-07-22,16.4607048,17.1937561,16.42579842,16.87183571,106639463
2024-07-23,16.79620361,17.18987846,16.39089012,17.18987846,121061226
2024-07-24,17.09873199,17.29847908,16.7283268,17.29847908,69245909
2024-07-25,17.13557816,17.29072189,16.8175354,16.8175354,34347080
2024-07-26,16.71669197,16.87377357,16.54215622,16.83304977,22287521
2024-07-29,16.79426384,16.88153267,16.62748337,16.78650665,14392885
2024-07-30,16.76711273,17.03473663,16.7011776,16.93971062,40557596
2024-07-31,16.97655678,17.30235863,16.95134544,17.11230659,28614574
2024-08-01,17.17824364,17.54670715,17.17824364,17.38186836,25206113
2024-08-02,17.4342308,17.47301483,17.23448372,17.31981087,16545733
2024-08-05,17.02503967,17.23642159,16.92419624,17.18600082,14651227
2024-08-06,17.1937561,17.42259407,17.18212128,17.38574791,20335262
2024-08-07,17.45362282,17.83760262,17.41483688,17.82014847,35139122
2024-08-08,17.77360535,18.0916481,17.72706223,17.96753502,31040202
2024-08-09,18.52023315,18.92942238,18.27782059,18.87512207,53686618
2024-08-12,19.00311661,19.04578018,18.61525726,18.84215546,21273233
2024-08-13,19.00505638,19.08650589,18.8324585,19.02638817,27890599
2024-08-14,18.92748451,19.35025024,18.89063644,19.28819275,21315001
2024-08-15,19.30758476,19.31728172,19.04384041,19.12916946,25781065
2024-08-16,19.2843132,19.29013062,19.0651741,19.1408062,23630795
2024-08-19,19.23970985,19.27849579,18.74712944,18.90809059,30204330
2024-08-20,18.89451599,19.32503891,18.86736679,19.31146431,26549387
2024-08-21,19.29594994,19.37739944,19.19704437,19.28625298,11665600
2024-08-22,19.20092392,19.29207039,18.86154747,18.9003334,17943151
2024-08-23,18.94687653,19.04384041,18.71416283,18.77234077,13435835
2024-08-26,18.81306648,19.07293129,18.67343712,18.69476891,29538107
2024-08-27,18.71416283,18.78591537,18.56095886,18.65598297,12638636
2024-08-28,18.65598297,18.71804047,18.53574753,18.68507385,23985564
2024-08-29,18.55320168,18.68507385,18.20025063,18.49890137,17862194
2024-08-30,18.32630348,18.41357231,18.16922188,18.37090683,50780402
2024-09-02,18.33793831,18.39417839,18.0644989,18.29915428,14125777
2024-09-03,18.3321228,18.52992821,18.23709679,18.36508942,13382207
2024-09-04,18.42908669,18.62301445,18.27588272,18.53574753,15799585
2024-09-05,18.52992821,18.58229065,18.38836098,18.49696159,13504932
2024-09-06,18.42520714,18.53962517,18.26812553,18.37478638,10542510
2024-09-09,18.39224052,18.39224052,18.21188545,18.38254356,12389061
2024-09-10,18.29333687,18.84409332,18.29333687,18.66567993,21432570
2024-09-11,18.57065392,18.67731476,18.27200317,18.37090683,14062868
2024-09-12,18.29915428,18.39417839,18.18279648,18.30497169,26148210
2024-09-13,18.45235825,18.47175026,18.32824326,18.3321228,22221518
2024-09-16,18.28945732,18.71416283,18.28945732,18.71416283,16453947
2024-09-17,18.67537689,18.78203773,18.52023315,18.6540432,11586190
2024-09-18,18.56289673,18.78591537,18.52411079,18.63077164,11681070
2024-09-19,18.63465118,18.74906921,18.41744995,18.41744995,11639302
2024-09-20,18.33987808,18.46787262,18.18667412,18.35733223,28703782
2024-09-23,18.29527473,18.36121178,18.0509243,18.15564537,11709946
2024-09-24,18.13043594,18.32242584,17.86087418,17.97916985,17602820
2024-09-25,17.98886681,17.99856377,17.66500473,17.76390839,12613369
2024-09-26,17.99662399,17.99662399,17.62815857,17.7154274,25831599
2024-09-27,17.69991302,17.80269432,17.38380814,17.46913719,27669384
2024-09-30,17.48271179,17.54089165,17.30429649,17.53119469,17469782
2024-10-01,17.54089165,17.67470169,17.43616867,17.45944023,11669726
2024-10-02,17.74451637,17.74451637,17.4478054,17.47495461,13388395
2024-10-03,17.29653931,17.31787109,17.10454941,17.20539284,22143139
2024-10-04,17.08515739,17.2015152,17.03473663,17.08903694,12547881
2024-10-07,17.50210571,17.62234116,17.33338547,17.35471916,14964744
2024-10-08,17.42647171,17.52925491,17.41871452,17.51568031,15466989
2024-10-09,17.39544487,17.50404358,17.19181824,17.24999619,17970996
2024-10-10,17.1530323,17.23060417,17.09097481,17.19569778,13415724
2024-10-11,17.13751793,17.24029922,16.97461891,17.08515739,14105667
2024-10-14,17.1666069,17.46719742,17.14333534,17.45556259,19896442
2024-10-15,17.52149773,17.76972771,17.48852921,17.6669445,17812691
2024-10-16,17.67082214,17.89772034,17.55834389,17.84148026,21056144
2024-10-17,17.78911972,17.97916985,17.60876656,17.95589828,16732915
2024-10-18,18.02765274,18.0509243,17.66500473,17.66500473,54364185
2024-10-21,17.67664146,17.96365547,17.64755249,17.86863136,12962981
2024-10-22,17.68633652,17.81627083,17.6126442,17.66112709,11244828
2024-10-23,17.49046898,17.6533699,17.41095734,17.48077393,11775434
2024-10-24,17.49240875,17.62428093,17.30041885,17.59131241,11797607
2024-10-25,17.63009834,17.89578056,17.48077393,17.70573044,12117827
2024-10-28,17.78718185,17.97335243,17.73094177,17.78911972,12193113
2024-10-29,17.8589344,18.02377319,17.77360535,17.85699463,9877318
2024-10-30,17.82402611,18.06837845,17.82402611,17.97723007,11600628
2024-10-31,17.90159988,17.96947479,17.83178329,17.85699463,17687387
2024-11-01,17.8589344,17.92293167,17.33532524,17.33532524,15719143
2024-11-04,17.48271179,17.80657387,17.42841148,17.74063873,12006962
2024-11-05,17.73287964,17.76972771,17.45168304,17.71154785,11388179
2024-11-06,17.41677666,17.96947479,17.34890175,17.73287964,12964528
2024-11-07,17.70767021,17.99468422,17.45362282,17.48077393,10706487
2024-11-08,17.25969315,17.43035126,17.2015152,17.3314476,17589929
2024-11-11,17.36635399,17.89966011,17.32562828,17.85311699,17777627
2024-11-12,17.99662399,18.63271141,17.86669159,18.52992821,31898248
2024-11-13,18.59780312,18.68507385,18.20606804,18.32630348,25162798
2024-11-14,18.3321228,18.82858086,18.27394295,18.67731476,16688569
2024-11-18,18.54350471,18.71998024,18.46593285,18.60943985,18513462
2024-11-19,18.61137962,19.10008049,18.58616829,19.02444839,18277294
2024-11-21,18.83827782,19.06905174,18.56095886,18.77234077,19558174
2024-11-22,18.86930466,19.01087379,18.74712944,19.01087379,28020027
2024-11-25,19.12141228,19.25522423,18.90421295,18.94105911,33142517
2024-11-26,19.08068848,19.27849579,18.94105911,19.17959213,16805622
2024-11-27,19.19898415,19.36964226,18.72579765,18.82276154,27157857
2024-11-28,18.74906921,18.77621841,18.11685944,18.21964264,25122062
2024-11-29,18.1129818,18.17309952,17.58161545,18.03153038,34448148
2024-12-02,17.89772034,18.02377319,17.71154785,17.76003075,16506544
2024-12-03,17.72706223,18.23903656,17.69215584,18.06255913,17957074
2024-12-04,18.03928947,18.13237381,17.67664146,17.74645424,18734161
2024-12-05,17.78330231,18.36508942,17.78330231,18.14207077,20072795
2024-12-06,18.16340256,18.20800781,17.56998062,17.65918732,21004063
2024-12-09,17.69409561,17.82402611,17.50404358,17.66112709,17008273
2024-12-10,17.81239128,17.8938427,17.58937263,17.81239128,12005931
2024-12-11,17.93844414,18.21576309,17.57385826,17.94426346,18198399
2024-12-12,17.78330231,17.92486954,17.30429649,17.39932251,17500206
2024-12-13,17.47301483,17.51955795,17.21702957,17.33920479,20357435
2024-12-16,17.30817604,17.45944023,17.10261154,17.25969315,24122728
2024-12-17,17.29653931,17.67276192,17.2150898,17.56804085,45014378
2024-12-18,17.45944023,17.57967567,16.90868187,17.04637146,48174295
2024-12-19,17.06770325,17.18600082,16.85244179,16.90868187,27783343
2024-12-20,16.8175354,16.99788857,16.66239166,16.79814148,45790951
2024-12-23,16.74966049,17.56998062,16.7147522,17.14333534,39716052
2024-12-26,17.14915466,17.53119469,17.09873199,17.17436409,13405411
2024-12-27,17.35083961,17.38380814,17.12200356,17.12200356,14389791
2024-12-30,17.14139748,17.22478676,17.01728249,17.16272926,21400084
2025-01-02,17.11424637,17.27326775,16.95522499,17.15691185,15344264
2025-01-03,17.14915466,17.22672462,16.75547791,16.85438156,15646436
2025-01-06,17.04443169,17.24999619,16.90480232,17.07933807,12299337
2025-01-07,17.20927238,17.30623627,17.10067177,17.30623627,15802678
2025-01-08,17.1258812,17.22284698,16.87765312,16.89122772,16794793
2025-01-09,16.89510727,17.1394577,16.87765312,17.05218887,6775154
2025-01-10,17.06576347,17.14915466,16.85244179,16.98625374,16052254
2025-01-13,16.93971062,17.13557816,16.93971062,17.09679222,11895581
2025-01-14,16.99788857,17.35665894,16.81171608,17.12200356,27733840
2025-01-15,17.40513992,18.01601791,17.2286644,17.97723007,33205942
2025-01-16,17.96171761,17.96559525,17.49434853,17.65530968,13252778
2025-01-17,17.68633652,18.14207077,17.57385826,18.03540993,24110352
2025-01-20,17.95396042,18.36314964,17.8860836,18.14207077,12326667
2025-01-21,18.11685944,18.53962517,18.05674171,18.32824326,15842384
2025-01-22,18.4620533,18.47950745,18.14207077,18.2293396,13666331
2025-01-23,18.36508942,18.39611816,17.96171761,18.03540993,8633050
2025-01-24,17.85505676,18.1265564,17.85505676,17.99662399,5769633
2025-01-27,18.12267876,18.57259369,17.98692894,18.52992821,12480331
2025-01-28,18.52992821,18.55707932,18.26230621,18.33987808,11277314
2025-01-29,18.47950745,18.52023315,18.00050354,18.01019859,13427584
2025-01-30,18.00632095,18.71028328,18.00632095,18.54544449,15807319
2025-01-31,18.64434624,18.64434624,18.28945732,18.33987808,12791785
2025-02-03,18.22739983,18.6540432,18.21576309,18.6540432,12503020
2025-02-04,18.61913681,18.92554474,18.54932213,18.92554474,16497778
2025-02-05,18.84991264,18.99535942,18.73161507,18.97402763,14789937
2025-02-06,18.89063644,19.02250862,18.76264381,18.96045113,12163205
2025-02-07,18.91003036,19.11753464,18.59198761,18.71610069,11500076
2025-02-10,18.89451599,18.94493866,18.68313217,18.84215546,11574330
2025-02-11,18.90615273,19.11753464,18.84409332,19.01475143,13211526
2025-02-12,18.75294876,18.97790527,18.62883377,18.82276154,18000388
2025-02-13,18.70640564,19.19704437,18.70640564,19.16407776,11543906
2025-02-14,19.19898415,19.70320129,19.15826035,19.70320129,15337560
2025-02-17,19.70320129,19.76137924,19.45497131,19.52672577,10978236
2025-02-18,19.57326889,19.63532448,19.27267838,19.40261078,12940808
2025-02-19,19.27267838,19.36770248,19.08456612,19.20286369,10164021
2025-02-20,19.11171722,19.29013062,18.93136215,19.12916946,10298091
2025-02-21,19.19510651,19.28043556,18.89839554,19.11171722,7294932
2025-02-24,19.257164,19.257164,18.76458359,18.81694412,9746343
2025-02-25,18.96433067,19.23001289,18.79949188,18.98566246,17769376
2025-02-26,19.10977745,19.1408062,18.58422852,18.67537689,11668694
2025-02-27,18.73161507,18.83051872,18.53380775,18.58229065,10630686
2025-02-28,18.52992821,18.68313217,18.30109215,18.41938972,23416284
2025-03-05,18.38448143,18.44654083,18.07225609,18.25067139,13614250
2025-03-06,18.36314964,18.48532677,18.15176773,18.26036835,15949124
2025-03-07,18.07419586,18.77621841,18.02571297,18.6540432,16969599
2025-03-10,18.53574753,18.88482094,18.48920441,18.78009796,17303226
2025-03-11,18.70834351,18.77234077,18.41551018,18.60556221,16056895
2025-03-12,18.60168266,18.85766983,18.47950745,18.57259369,12753111
2025-03-13,18.68119431,19.00505638,18.25261116,18.96433067,18339687
2025-03-14,19.16601753,19.27267838,18.81112671,19.257164,20069701
2025-03-17,19.35218811,19.54805756,19.15244293,19.50927162,25971856
2025-03-18,19.50927162,19.54999733,19.28819275,19.44527435,13731819
2025-03-19,19.58490372,20.02318382,19.39873123,19.90682602,43775266
2025-03-20,19.90294838,19.98827553,19.67217255,19.76719666,33955185
2025-03-21,19.8467083,19.8467083,19.39485359,19.6547184,28349013
2025-03-24,19.74198532,19.74198532,19.12529182,19.16019821,25408249
2025-03-25,19.47048569,20.07166672,19.43363953,19.80016518,27054211
2025-03-26,19.89325142,19.89712906,19.66441536,19.69932175,12548913
2025-03-27,19.95530891,20.26365662,19.85058784,20.17057037,22618570
2025-03-28,20.1686306,20.25008011,19.87967682,19.97082329,9605054
2025-03-31,19.84476852,19.9902153,19.61205482,19.78077126,14377416
2025-04-01,19.63338661,19.87773705,19.50733185,19.84864616,15294245
2025-04-02,19.84864616,19.99409485,19.71289635,19.82149696,12276648
2025-04-03,19.82537651,20.63212013,19.76137924,20.46922112,17667277
2025-04-04,20.36256027,20.41686058,19.86416245,20.0522728,19172982
2025-04-07,20.00960922,20.1686306,19.59072113,19.75168228,14503235
2025-04-08,19.80210495,20.11045265,19.58684349,19.70126152,13371378
2025-04-09,19.6198101,20.1686306,19.37545967,19.97858047,19488561
2025-04-10,20.02900124,20.36256027,19.92428017,20.36256027,26318890
2025-04-11,20.45952415,20.86483574,20.38583183,20.75429726,19152871
2025-04-14,21.01222229,21.12858009,20.72714615,21.02191925,14556863
2025-04-15,20.94240761,21.09561157,20.8124752,21.02773666,15386547
2025-04-16,20.95016479,21.00058746,20.63405991,20.80859756,18332468
2025-04-17,20.72326851,21.18481827,20.69417763,21.14021683,11582065
2025-04-22,20.93271065,21.3884449,20.89974213,21.33026695,20014526
2025-04-23,21.42917061,21.91981125,21.34190178,21.83835983,24582174
2025-04-24,21.95665741,22.36390877,21.89459991,22.29021454,20512130
2025-04-25,22.30185127,22.43760109,22.20682526,22.37554359,20418797
2025-04-28,22.30185127,22.46669006,22.21458244,22.37942314,20681264
2025-04-29,22.47638702,22.58304787,22.1971283,22.2863369,24054661
2025-04-30,21.64055252,22.15252686,21.62309837,22.08658981,40481280
2025-05-02,22.01483536,22.13313293,21.85387421,22.1079216,17661089
2025-05-05,22.15834427,22.15834427,21.81315041,21.99350357,16516341
2025-05-06,22.01095772,22.31736565,21.9779892,22.24755096,32658835
2025-05-07,22.30185127,22.54232216,22.05750084,22.40851212,25147844
2025-05-08,22.88363838,23.03102493,22.49384117,22.53650475,38705373
2025-05-09,22.59080505,22.99417877,22.50353622,22.67613411,24564641
2025-05-12,22.68970871,22.70522308,21.83448219,22.01289749,26545777
2025-05-13,22.1079216,22.30185127,21.41365623,22.13119316,31168084
2025-05-14,22.01095772,22.35421181,21.98574638,22.12925339,17292913
2025-05-15,22.29215431,22.49578094,22.18937111,22.49578094,10536838
2025-05-16,22.40657234,22.55783844,22.23397636,22.55395889,16757666
2025-05-19,22.52293015,22.71685982,22.46087265,22.61601639,6593645
2025-05-20,22.66255951,23.2113781,22.54620171,23.13962555,20527600
2025-05-21,23.14156342,23.21719742,22.82546043,22.91854668,21361925
2025-05-22,22.88363838,22.89915276,22.4647522,22.48996162,16154869
2025-05-23,22.30378914,22.73237419,22.02259254,22.70134544,9975292
2025-05-26,22.74788857,23.135746,22.7110424,22.97478485,5598952
2025-05-27,23.28119278,23.43439674,22.97090721,23.06593132,9838644
2025-05-28,23.08338547,23.12992859,22.74206924,22.74206924,11906926
2025-05-29,22.74206924,23.23271179,22.74206924,23.07756805,15047248
2025-05-30,23.20362282,23.20362282,22.54620171,22.76340294,28273212
2025-06-02,22.76534271,22.97090721,22.33675766,22.40851212,7794599
2025-06-03,22.44729805,22.59856224,22.23203659,22.51129532,12044089
2025-06-04,22.54426384,22.6703167,22.09628677,22.21846199,12173002
2025-06-05,22.32318306,22.4026947,22.04392433,22.3134861,9625680
2025-06-06,22.31930542,22.41045189,22.08271027,22.29409409,10043874
2025-06-09,22.14864731,22.38718033,21.71618462,21.93726349,13578155
2025-06-10,22.13701057,22.49772072,22.06331825,22.31154823,17733796
2025-06-11,22.21458244,22.56947327,22.13895035,22.37942314,12414843
2025-06-12,22.23979378,22.49578094,22.094347,22.4647522,14926070
2025-06-13,22.14670753,22.49384117,22.1428299,22.32318306,12287993
2025-06-16,22.60631943,22.62959099,22.41432953,22.42402649,17630150
2025-06-17,22.35615158,22.64898491,22.24755096,22.64898491,20035152
2025-06-18,22.62959099,22.78085518,22.48414421,22.48608398,9988699
2025-06-20,22.54620171,22.54620171,22.24949074,22.42790413,19422042
2025-06-23,22.36972618,22.37748337,21.97023201,22.11374092,11664053
2025-06-24,22.18549347,22.50353622,22.01095772,22.28439713,11447479
2025-06-25,22.04198647,22.24949074,21.94308281,22.04586411,9134779
2025-06-26,22.18743324,22.35033226,22.00320053,22.33288002,9018757
2025-06-27,22.24367142,22.38330078,22.19519043,22.31154823,8240638
2025-06-30,22.20682526,23.23852921,22.16028214,23.10277748,17586835
2025-07-01,23.20362282,23.52360535,23.13186836,23.3762188,12492707
2025-07-02,23.42470169,23.42470169,22.30185127,22.34451675,24147994
2025-07-03,22.43760109,22.97672462,22.43760109,22.75758553,9996950
2025-07-04,22.79249191,22.89527321,22.63153076,22.84873009,3958146
2025-07-07,22.74788857,22.9166069,22.36972618,22.43760109,9601444
2025-07-08,22.20488739,22.23397636,21.95471764,22.17385864,15899621
2025-07-09,22.20682526,22.31154823,21.92368889,22.01095772,10666266
2025-07-10,21.81896782,21.81896782,21.33414459,21.72200394,21627486
2025-07-11,21.59013176,21.84417725,21.48540878,21.64830971,8011173
2025-07-14,21.58819199,21.70842743,21.50674248,21.59788895,14343383
2025-07-15,21.70454979,21.77630234,21.40008163,21.65412712,11556798
2025-07-16,21.58819199,21.9023571,21.51643753,21.79375648,10170725
2025-07-17,21.72975922,21.83060265,21.59788895,21.81508827,16905143
2025-07-18,21.57849503,21.8752079,21.4020195,21.464077,19013129
2025-07-21,21.48734856,21.61728096,21.3612957,21.5668602,8427304
2025-07-22,21.59594917,21.75303268,21.26626968,21.34965897,12707218
2025-07-23,21.3612957,21.60370636,21.09173393,21.51449966,13665300
2025-07-24,21.22554398,21.30893326,21.09561157,21.13245773,9705606
2025-07-25,21.34384155,21.36711311,20.7853241,20.83768654,9710247
2025-07-28,20.76981163,20.92689323,20.5177021,20.73878288,13691082
2025-07-29,20.88422966,20.99670792,20.61466789,20.73296356,7898245
2025-07-30,20.73490334,21.33026695,20.63405991,21.13051987,15703673
2025-07-31,20.89780426,21.05488777,20.66315079,21.0044651,12040995
2025-08-01,21.27596664,21.58431244,20.97149658,21.11306572,20806568
2025-08-04,21.33220482,21.40395927,20.86289787,21.05682564,6518875
2025-08-05,20.93659019,21.17706108,20.75623512,20.86677551,18105066
2025-08-06,21.02385712,21.23524094,20.8609581,21.21196938,14092776
2025-08-07,21.33414459,21.76854515,21.12858009,21.62116051,19043553
2025-08-08,21.72006416,21.91011429,21.53970909,21.64055252,16616378
2025-08-11,21.53583145,21.56298065,21.15185165,21.52031708,12583461
2025-08-12,22.54620171,23.98127747,22.49578094,23.80286217,46575774
2025-08-13,23.73498726,23.92503738,23.23271179,23.23271179,25230864
2025-08-14,22.93405914,23.50421143,22.80800629,22.83321762,13732850
2025-08-15,22.83903503,22.94181633,22.50741577,22.58304787,11415509
2025-08-18,22.62765121,23.22495461,22.57529068,23.16095734,9963432
2025-08-19,22.49578094,22.74013138,22.28245735,22.34645462,13709130
2025-08-20,22.42402649,22.51323318,22.22815895,22.41432953,9592163
2025-08-21,22.41820908,22.86618423,22.37748337,22.61019707,9421482
2025-08-22,22.67225647,23.16095734,22.54620171,23.06399345,10820962
2025-08-25,23.26955795,23.42276192,23.15126038,23.15126038,7058763
2025-08-26,23.12992859,23.14350319,22.40463448,22.6974678,14743013
2025-08-27,22.9030304,23.30834389,22.79636955,23.28894997,10391424
2025-08-28,23.6360836,23.81837654,23.37040138,23.49063683,11185012
2025-08-29,23.79510689,23.93473434,23.59535789,23.75437927,26143569
2025-09-01,23.51778793,23.78540993,23.42082214,23.58372307,8049847
2025-09-02,23.46348763,23.65935516,23.29282951,23.41306496,13373956
2025-09-03,23.3897934,23.47124481,23.29476738,23.41888237,13122834
2025-09-04,23.41306496,23.72141266,23.35876465,23.57984352,19604067
2025-09-05,23.75437927,24.33616829,23.71947289,24.21593285,13214104
2025-09-08,24.27798843,24.37107468,24.02782059,24.24695969,12483425
2025-09-09,24.32453156,24.60379028,24.0064888,24.0064888,12842834
2025-09-10,24.0472126,24.34392548,23.94636917,24.21593285,9670542
2025-09-11,24.27411079,24.66778755,24.21593285,24.51264381,11812561
2025-09-12,24.22175026,24.40016365,23.96382332,24.32453156,9170359
2025-09-15,24.54173279,24.76475143,24.45640373,24.64063644,9615883
2025-09-16,24.7259655,24.82292938,24.31871414,24.53203583,10907076
2025-09-17,24.53203583,24.78996277,24.44670677,24.663908,22734076
2025-09-18,24.67942238,25.29805565,24.61930466,25.08861351,60721662
2025-09-19,25.17394257,25.70724678,25.12739944,25.49586487,24033004
2025-09-22,25.42992783,25.51331711,24.82292938,25.12545967,18919281
2025-09-23,25.17006302,25.63355446,25.12933731,25.63355446,14186624
2025-09-24,25.72082138,25.7266407,25.25927162,25.42798805,10647187
2025-09-25,25.31938934,25.42217064,25.02655602,25.06728172,16709195
2025-09-26,25.21078873,25.24569511,24.80741692,24.89856148,11315988
2025-09-29,24.77056885,25.3019352,24.77056885,25.3019352,16185292
2025-09-30,25.38532448,25.67427826,25.35817337,25.63161469,12717015
2025-10-01,25.68979263,25.83136177,25.2398777,25.43380737,18682596
2025-10-02,25.37562752,25.42411041,24.68136215,24.68136215,15760395
2025-10-03,24.72790527,24.86171532,24.59409332,24.74147987,10829212
2025-10-06,25.01298141,25.01298141,24.52815819,24.69493675,8211762
2025-10-07,24.53203583,24.72014809,24.03557777,24.20429611,10855511
2025-10-08,24.35168266,24.42731476,23.85134506,24.0200634,9612789
2025-10-09,24.14223862,24.20041656,23.72141266,23.91534233,11524312
2025-10-10,23.99097443,24.13060379,23.61087227,23.70008087,18193242
2025-10-13,23.85328484,24.02200317,23.78153038,23.95606613,16416305
2025-10-14,23.86104012,24.4040432,23.85134506,24.20817566,13987067
2025-10-15,24.033638,24.55918694,23.86104012,24.55336761,24151088
2025-10-16,24.3419857,25.08861351,24.27605057,25.01685905,17928197
2025-10-17,24.89274406,25.22242355,24.89274406,24.99552727,19683477
2025-10-20,25.16036606,25.42798805,25.08861351,25.26702881,9983543
2025-10-21,25.19721222,25.49586487,25.12545967,25.25539207,12308619
2025-10-22,25.49974251,25.55986023,25.18363762,25.23018074,12900072
2025-10-23,25.34653854,25.53077126,25.22436333,25.33684158,10264573
2025-10-24,25.4454422,25.92444801,25.30387306,25.81390762,13891156
2025-10-27,25.94771957,26.25800514,25.37950706,25.60640335,11125197
2025-10-28,25.60640335,25.67621803,25.37950706,25.56761742,9538019
2025-10-29,25.59670639,25.73827553,25.43962479,25.45319939,7246461
2025-10-30,25.38532448,25.77318382,25.29417801,25.57343674,9686011
2025-10-31,25.75185013,25.77512169,25.38726425,25.56567955,9308554
2025-11-03,25.84687614,25.87790489,25.55210495,25.85075378,10403799
2025-11-04,25.84493637,26.06601524,25.69948959,25.91087151,8972864
2025-11-05,25.91087151,26.5760498,25.79257584,26.42478561,16016674
2025-11-06,26.60513878,26.84561157,26.39763451,26.45581245,18755819
2025-11-07,26.39181709,26.60901642,26.26576233,26.5896244,10708550
2025-11-10,26.8165226,26.86888123,26.37630272,26.56829262,11752230
2025-11-11,26.31618309,27.0007534,26.00977516,26.69628525,42070520
2025-11-12,26.76222038,27.42351913,26.56635284,27.42351913,21445977
2025-11-13,27.3711586,27.78034973,27.01432991,27.2955265,30708122
2025-11-14,27.2955265,27.85210228,27.2955265,27.75126076,24400664
2025-11-17,27.75126076,27.78810692,26.92900085,26.97554207,21510433
2025-11-18,26.97554207,27.08802223,26.36466789,26.38987732,16977850
2025-11-19,26.26964188,26.7408886,26.21534157,26.50429535,14760545
2025-11-21,26.57023239,26.71761894,26.31618309,26.58380699,14167545
2025-11-24,26.58186722,27.27031517,26.54502106,27.27031517,21688849
2025-11-25,27.47975922,27.59999466,27.02402687,27.27419472,10395549
2025-11-26,27.37697792,27.7202301,27.31879807,27.43709564,13349205
2025-11-27,27.4739418,27.65429497,27.40800476,27.50884819,6337881
2025-11-28,27.63878059,27.63878059,27.06087112,27.34206963,10766819
2025-12-01,27.24316597,27.39636993,27.01626968,27.09771919,14033991
2025-12-02,27.18886566,28.05766869,27.11129379,27.90252495,37049098
2025-12-03,27.91609955,27.99561119,27.38085556,27.49527359,14366071
2025-12-04,27.59417725,27.86761856,27.52436256,27.81913567,11424275
2025-12-05,27.84822464,28.21669006,26.43448067,26.64974213,30107388
2025-12-08,26.85918617,26.94839287,26.20370483,26.60513878,16879876
2025-12-09,26.33363724,26.69240761,25.92056847,26.44029808,12025010
2025-12-10,26.44223785,26.61483574,25.94771957,26.18237305,15056014
2025-12-11,26.1513443,26.38212013,25.94771957,26.08540916,12246740
2025-12-12,26.18043327,26.63422775,26.12613487,26.53920364,11324239
2025-12-15,26.69822502,27.10547638,26.53338432,26.95615005,15141097
2025-12-16,26.58768463,26.5896244,25.93996239,25.93996239,17076855
2025-12-17,25.69561005,26.19400978,25.4454422,25.93026543,27351742
2025-12-18,25.79257584,26.39957428,25.73439789,26.2405529,13021766
2025-12-19,25.97099113,26.93287849,25.97099113,26.44029808,47124428
2025-12-22,26.46163177,26.51787186,25.99232292,26.47132874,10950906
2025-12-23,26.60125923,27.39055252,26.50041771,27.34982681,34426491
2025-12-26,27.05644417,27.06043816,26.34958267,26.76691055,10566482
2025-12-29,26.70700645,26.9306469,26.28967857,26.43943787,11592631
2025-12-30,26.75692558,26.75692558,26.44742393,26.6351223,11105849
2026-01-02,26.73296547,26.83679771,26.35956573,26.57122421,15218459
2026-01-05,26.56723022,26.56723022,26.04007912,26.20980644,13385513
2026-01-06,26.50932503,26.73296547,25.97618294,26.05405807,12496083
2026-01-07,26.08201218,26.22178841,25.69663239,25.90030479,12696906
2026-01-08,25.91827583,26.26771355,25.78449249,26.24974251,13774638
2026-01-09,26.35756874,26.55724716,26.16787338,26.25773048,13731068
2026-01-12,26.20381737,26.20381737,25.26932144,25.41109276,19292006
2026-01-13,25.25933647,25.41109276,24.80007553,24.85598564,25455913
2026-01-14,24.9877739,25.09759712,24.54848099,24.94983482,15440315
2026-01-15,25.10558319,25.10758018,24.60838509,24.81405449,26252192
2026-01-16,24.78410149,24.81405449,24.21701431,24.6922493,25969738
2026-01-19,24.65031624,24.84400558,24.5744381,24.76014137,8000358
2026-01-20,24.75814438,25.65669632,24.63434219,25.52690506,20602112
2026-01-21,25.73856544,26.2517395,25.62075424,26.12194824,22735540
2026-01-22,26.35756874,27.19821548,26.34958267,26.97058105,29439315
2026-01-23,27.25612259,28.08678436,26.89869881,27.78527069,22000860
2026-01-26,27.75931168,28.09277534,27.2820816,27.73535156,14604973
2026-01-27,28.11474037,28.58398438,27.97696114,28.05483627,18690038
2026-01-28,28.24652863,28.43222809,27.83319473,28.30643272,14721660
2026-01-29,28.50012016,28.50012016,27.62153435,27.88111687,12378895
2026-01-30,27.90308189,28.33238983,27.90308189,28.19860458,18879843
2026-02-02,28.42224503,28.82359886,28.22656059,28.66185951,11902630
2026-02-03,28.93541908,29.52247429,28.90546608,29.05921936,16160473
2026-02-04,28.97934723,29.14707756,28.35435486,28.65986252,13234771
2026-02-05,28.74173164,29.35075188,28.74173164,28.95339012,12541657
2026-02-06,28.71577263,29.15306854,28.49812317,28.7237606,13726561
2026-02-09,28.74372864,29.69819069,28.64588547,29.59835243,9728135
2026-02-10,29.45258713,30.22933578,29.25290871,30.14347458,19530389
2026-02-11,30.44698524,31.00209236,30.13349152,30.56279945,14713147
2026-02-12,30.41304016,30.94817924,30.35313606,30.47693825,28156753
2026-02-13,29.77207184,30.61870956,29.45258713,30.45097923,11622179
2026-02-18,30.50289536,30.72853279,30.09155846,30.37709808,13784654
2026-02-19,30.51288033,31.00608635,30.25928879,30.65664864,13517225
2026-02-20,30.45896721,30.78044891,30.1354866,30.57078743,15235987
2026-02-23,30.4909153,30.71056175,30.22334671,30.39107513,9630478
2026-02-24,30.5787735,30.79243088,30.23133278,30.75049782,16829548
2026-02-25,30.95017624,31.43339729,30.77246284,31.32557106,13189698
2026-02-26,31.50128937,31.69897079,30.73452377,31.04602242,13507209
2026-02-27,30.75049782,31.0480175,30.3711071,30.72853279,22599321
2026-03-02,29.83996391,30.76846886,29.81600189,30.53284836,11525524
2026-03-03,29.4585762,29.85394096,28.91345406,29.59036446,21236131
2026-03-04,29.93181419,30.48492432,29.79203987,30.22933578,18392560
2026-03-05,29.83596992,30.10553551,29.02128029,29.18501663,10546951
2026-03-06,29.18102455,29.30282784,28.6059494,28.90546608,13990485
2026-03-09,28.91345406,29.34476089,28.23255157,29.15306854,15064211
2026-03-10,29.53445435,29.92582512,29.06720734,29.57439041,11098337
2026-03-11,29.17303658,29.90985107,29.1091404,29.51448631,9005473
2026-03-12,28.66385651,29.16105652,28.64987946,28.80163574,15515937
2026-03-13,29.1370945,29.44859314,28.72775269,28.98134422,19034592
2026-03-16,29.27687073,29.52047729,28.8735199,29.0771904,9960508
2026-03-17,29.26488876,30.15146255,29.0771904,29.85194397,25262602
2026-03-18,29.67223358,29.88588905,29.40266609,29.40266609,23017994
2026-03-19,29.04324532,30.51487732,28.77567673,30.51487732,13390521
2026-03-20,30.09600067,30.38400078,29.42399979,29.70000076,29660500
2026-03-23,30.1779995,30.95599937,30.1760006,30.50799942,14220500
2026-03-24,30.41399956,30.71800041,29.97999954,30.54199982,11357500
2026-03-25,31.0,31.38400078,30.77199936,31.26600075,12032500
2026-03-26,30.8920002,31.19599915,30.39999962,30.56800079,11691500
2026-03-27,30.37000084,30.65399933,30.05599976,30.22400093,11820000
2026-03-30,30.50399971,31.05800056,30.37999916,30.81999969,16078500
2026-03-31,31.35000038,31.97400093,31.00399971,31.64800072,20027000
2026-04-01,31.97999954,31.97999954,31.05999947,31.22599983,19023000
2026-04-02,30.47999954,31.60400009,30.47999954,31.52000046,11161500
2026-04-06,31.6760006,31.6779995,31.07999992,31.20400047,8208500
2026-04-07,31.10000038,31.44400024,30.80999947,31.35000038,9244000
2026-04-08,31.7159996,32.5379982,31.7159996,32.2159996,16804500
2026-04-09,32.40000153,33.56800079,32.27799988,33.27999878,15988000
2026-04-10,33.59999847,34.34600067,33.16199875,34.09999847,21059000
2026-04-13,33.93999863,33.9620018,33.40000153,33.69599915,25782500
2026-04-14,33.72999954,34.17399979,33.72600174,33.79399872,18616000
2026-04-15,33.75999832,34.14400101,33.47000122,34.09799957,25150500
2026-04-16,34.12799835,34.15599823,33.41199875,33.58000183,15760000
2026-04-17,34.06200027,34.2879982,33.61000061,33.73600006,60905500
2026-04-20,33.87599945,35.29800034,33.64799881,35.20800018,22489500
2026-04-22,35.0,35.18399811,34.4640007,34.57600021,18242500
2026-04-23,34.36399841,35.31800079,34.36399841,34.41799927,15128500
2026-04-24,34.64799881,34.99599838,34.38199997,34.4620018,38136000
2026-04-27,34.40000153,34.54000092,33.92399979,33.97200012,9450000
2026-04-28,33.66600037,33.66600037,32.95800018,33.40000153,12319000
2026-04-29,33.40000153,33.88999939,32.79999924,32.99000168,9484100
2026-04-30,33.22000122,33.61999893,33.02000046,33.15000153,12468200
2026-05-04,33.18000031,33.63999939,32.66999817,32.84000015,14908400
2026-05-05,32.52999878,33.36999893,32.34999847,33.29000092,12156900
2026-05-06,33.54000092,33.70000076,32.31999969,32.86999893,16700300
2026-05-07,32.36000061,32.83000183,31.55999947,31.65999985,14443800
2026-05-08,32.04000092,32.15000153,30.96999931,31.12999916,13556100
2026-05-11,30.73999977,31.12999916,30.36000061,30.42000008,12445700
2026-05-12,30.31999969,30.38999939,29.44000053,29.54999924,15932400
2026-05-13,29.75,29.84000015,29.06999969,29.10000038,33428300
2026-05-14,29.10000038,29.77000046,29.10000038,29.52000046,13431400
2026-05-15,28.97999954,29.23999977,28.70000076,29.03000069,15759800
2026-05-18,28.98999977,29.37999916,28.84000015,29.15999985,9288000
2026-05-19,28.60000038,29.14999962,28.45999908,28.54000092,12289200
2026-05-20,28.71999931,29.44000053,28.37000084,29.14999962,20170300
2026-05-21,28.81999969,29.01000023,28.38999939,28.62000084,11822100
2026-05-22,28.29999924,28.54000092,27.96999931,28.45999908,11035800
2026-05-25,28.86000061,29.10000038,28.59000015,29.10000038,7623100
2026-05-26,29.0,29.05999947,28.44000053,28.77000046,16071400
2026-05-27,29.12999916,29.18000031,28.52000046,28.55999947,11753300
2026-05-28,28.54999924,28.93000031,28.15999985,28.15999985,15289700
2026-05-29,28.12000084,28.45000076,27.52000046,27.95000076,28279900
2026-06-01,27.95999908,28.03000069,27.28000069,27.28000069,10347400
2026-06-02,27.52000046,27.95000076,27.38999939,27.69000053,14159800
2026-06-03,27.17000008,27.93000031,27.02000046,27.22999954,24893300
2026-06-05,27.01000023,27.68000031,26.70999908,27.34000015,16867800
2026-06-08,27.46999931,27.67000008,27.12999916,27.27000046,13517100
2026-06-09,27.70000076,27.92000008,27.34000015,27.69000053,14678200
2026-06-10,27.60000038,28.12000084,27.48999977,27.52000046,14446000
2026-06-11,27.36000061,28.04000092,27.27000046,27.85000038,13557300
2026-06-12,27.54999924,28.13999939,27.54000092,27.54000092,11033900
2026-06-15,27.96999931,28.45000076,27.77000046,27.87000084,17643000
2026-06-16,28.32999992,28.48999977,27.79999924,27.79999924,17023500
2026-06-17,27.67000008,28.20999908,27.28000069,27.45999908,12813600
2026-06-18,27.34000015,27.62999916,26.80999947,26.89999962,14742000
2026-06-19,26.96999931,27.22999954,26.85000038,26.95999908,16536700
2026-06-22,27.06999969,28.04999924,27.05999947,27.90999985,19070400
2026-06-23,27.56999969,28.42000008,27.54999924,28.15999985,13227500
2026-06-24,28.11000061,28.72999954,28.04999924,28.46999931,17000200
2026-06-25,28.56999969,29.32999992,28.56999969,28.89999962,15848700
2026-06-26,28.89999962,29.81999969,28.89999962,29.60000038,18308700
2026-06-29,29.70000076,29.93000031,29.34000015,29.64999962,10873100
2026-06-30,29.25,30.0,29.09000015,29.63999939,26400000
2026-07-01,29.10000038,29.87999916,28.96999931,29.85000038,13525600
2026-07-02,30.05999947,30.27000046,29.70999908,29.90999985,9089800
2026-07-03,30.19000053,30.64999962,30.07999992,30.37000084,10456600
2026-07-06,30.0,30.28000069,29.67000008,29.70999908,6942800
2026-07-07,29.87999916,29.95000076,29.04999924,29.46999931,10316400
2026-07-08,29.23999977,29.46999931,29.14999962,29.25,5788200
2026-07-09,29.40999985,30.12999916,29.26000023,30.0,12846400
2026-07-10,30.87999916,31.11000061,30.63999939,31.11000061,13427200
2026-07-13,31.11000061,31.18000031,30.21999931,30.37000084,6037200
2026-07-14,30.51000023,30.61000061,30.21999931,30.34000015,6275100
2026-07-15,30.20999908,30.35000038,29.90999985,29.97999954,8790500
2026-07-16,30.14999962,30.14999962,29.23999977,29.29999924,9671700
2026-07-17,29.21999931,29.62999916,29.09000015,29.21999931,12795800
2026-07-20,29.21999931,29.42000008,28.97999954,28.97999954,6845700
2026-07-21,28.89999962,29.04000092,28.28000069,28.60000038,7206700
2026-07-22,28.86000061,29.46999931,28.54000092,29.29000092,13804700
2026-07-23,29.01000023,29.11000061,28.52000046,28.75,36430800
2026-07-24,28.70999908,28.75,28.29999924,28.37999916,9301900
2026-07-27,28.53000069,28.97999954,28.51000023,28.87000084,7174500
2026-07-28,29.55999947,29.67000008,28.05999947,28.27000046,14960000
2026-07-29,28.27000046,28.29000092,26.61000061,26.61000061,30255800
2026-07-30,26.79999924,27.56999969,26.73999977,27.40999985,15041900
2026-07-31,27.68000031,27.82999992,27.53000069,27.70000076,13227100
2026-08-03,28.04000092,28.14999962,27.07999992,27.56999969,9558300
2026-08-04,28.09000015,28.20000076,27.53000069,28.01000023,13833200
2026-08-05,28.19000053,28.72999954,27.70999908,27.70999908,13291300
2026-08-06,27.54999924,27.77000046,27.25,27.38999939,7497900
2026-08-07,27.27000046,27.68000031,26.79999924,26.88999939,11296800
2026-08-10,26.79000092,26.87999916,26.37000084,26.54999924,9979100
2026-08-11,26.52000046,26.64999962,25.82999992,25.98999977,15023700
2026-08-12,26.01000023,26.38999939,25.78000069,26.12000084,15239700
2026-08-13,25.54999924,25.80999947,23.89999962,24.28000069,77515700
2026-08-14,24.21999931,24.37999916,23.38999939,23.79000092,64907900
2026-08-17,23.79999924,24.27000046,23.65999985,23.79999924,22336900
2026-08-18,23.77000046,23.85000038,23.5,23.64999962,12125100
2026-08-19,24.10000038,24.19000053,23.63999939,23.87999916,14248800
2026-08-20,23.62000084,23.89999962,23.17000008,23.30999947,27073100
2026-08-21,23.51000023,23.93000031,23.23999977,23.75,28308400
2026-08-24,23.54999924,24.12000084,23.31999969,23.86000061,36812600
2026-08-25,23.90999985,24.76000023,23.76000023,24.69000053,27226600
2026-08-26,24.86000061,25.54999924,24.70999908,25.05999947,25221700
2026-08-27,24.89999962,25.28000069,24.78000069,25.07999992,14538300
2026-08-28,25.35000038,25.38999939,24.76000023,25.23999977,28781200
2026-08-31,25.5,25.62999916,25.11000061,25.28000069,16463300
2026-09-01,25.57999992,25.82999992,25.10000038,25.10000038,23173000
2026-09-02,25.35000038,26.37000084,25.26000023,26.14999962,34568000
2026-09-03,26.59000015,26.69000053,26.03000069,26.25,19138800
2026-09-04,26.12999916,26.80999947,25.78000069,26.53000069,25214200
2026-09-08,26.98999977,27.35000038,26.80999947,26.82999992,52245300
2026-09-09,26.70000076,26.93000031,26.39999962,26.70000076,12181700
2026-09-10,26.52000046,27.17000008,26.31999969,27.04999924,7485000
