date,open,high,low,close,volume
2007-02-12,5.14923689,5.23688339,4.95641458,5.18429518,20976300
2007-02-13,5.25879461,5.56555733,5.20401508,5.41217566,6365700
2007-02-14,5.25879613,5.56555894,5.20401658,5.46695614,6408900
2007-02-15,5.51077981,5.87232216,5.51077981,5.73646975,3564600
2007-02-16,5.7824846,6.27330576,5.74085234,6.21852684,2717400
2007-02-21,6.48584752,7.03363916,6.37409806,6.69181776,4920600
2007-02-22,6.80356618,6.88025639,6.46612622,6.49680281,3526200
2007-02-23,6.32151022,6.68305255,6.09143828,6.13526154,4446300
2007-02-26,6.35437869,6.37629063,5.9928363,6.02570391,5802300
2007-02-27,6.35437755,6.3762895,5.99283523,6.02132082,5834400
2007-02-28,5.83726299,5.98845306,5.78248345,5.91614485,1895100
2007-03-01,5.74085138,5.90518874,5.59185231,5.82849789,1358400
2007-03-02,5.76276355,6.01474743,5.76276355,5.90299797,1398900
2007-03-05,5.76057155,5.7846745,5.67511606,5.67511606,1702200
2007-03-06,5.8920419,6.00379135,5.85040965,5.91614485,1787700
2007-03-07,5.95996776,5.98188033,5.79343939,5.79343939,1940700
2007-03-08,5.95777633,5.9818799,5.79343898,5.80658627,1069500
2007-03-09,5.95777667,5.98188024,5.79343931,5.88985109,1078800
2007-03-12,5.87013045,5.87232146,5.74742472,5.80658627,524700
2007-03-13,5.80658638,5.80658638,5.58966112,5.58966112,1027500
2007-03-14,5.58966102,5.76276302,5.43408832,5.76276302,873300
2007-03-15,5.71674876,5.84164552,5.58966163,5.77371931,450600
2007-03-16,5.8087773,5.94024706,5.8065863,5.81315994,944700
2007-03-19,5.93586468,5.93586468,5.83945353,5.86136484,201900
2007-03-20,5.87232242,5.87232242,5.72551434,5.79563093,672600
2007-03-21,5.84383681,5.88765944,5.72989572,5.82849789,1423500
2007-03-22,5.85917483,5.87232213,5.67511715,5.72989607,994800
2007-03-23,5.70579201,5.76276191,5.69702673,5.75180626,549000
2007-03-26,5.85040878,5.89861467,5.75180663,5.83068848,633000
2007-03-27,5.8723213,6.06952561,5.78029216,5.9774971,1338300
2007-03-28,5.95996658,5.95996658,5.80658553,5.83068848,914700
2007-03-29,5.91833608,6.00379158,5.82849793,5.8745122,858000
2007-03-30,5.90518768,5.91833497,5.82849684,5.83068848,347100
2007-04-02,5.91176094,5.91176094,5.69702673,5.75180626,319500
2007-04-03,5.76276302,5.87232147,5.74523372,5.76276302,493800
2007-04-04,5.78467661,6.02789589,5.78467661,5.98188162,1784100
2007-04-05,5.95996887,6.02570408,5.87232297,5.99283648,1129200
2007-04-09,6.00379294,6.13307173,5.97311634,5.98188162,706500
2007-04-10,5.98188162,6.03446954,5.95996905,5.98188162,498900
2007-04-11,5.80658657,6.02132083,5.78467526,5.82849789,678000
2007-04-12,5.82849678,5.87232065,5.78467416,5.87232065,362700
2007-04-13,5.91614443,6.02351124,5.88765885,5.91833544,658200
2007-04-16,5.97092374,6.09143784,5.89204188,6.00379133,1535700
2007-04-17,6.02351118,6.06733443,5.96215863,6.04323149,808500
2007-04-18,6.02570354,6.08048309,5.93805702,6.00160122,1346100
2007-04-19,5.93805653,6.02570305,5.87232196,5.95120382,1076400
2007-04-20,6.0059822,6.09143769,5.938056,6.08705568,1150800
2007-04-23,6.02570306,6.0804826,5.95996786,5.99064445,312600
2007-04-24,5.98187987,5.98187987,5.91614468,5.93805599,782400
2007-04-25,5.98187988,6.00160018,5.93586499,5.94901228,418800
2007-04-26,5.94901289,6.00598281,5.90957165,5.90957165,453000
2007-04-27,5.90738023,5.90738023,5.80658705,5.83945465,497700
2007-04-30,5.84383594,5.84383594,5.76495409,5.76495409,379500
2007-05-02,5.8065858,5.8241151,5.66415977,5.66415977,1281300
2007-05-03,5.80658609,5.82411539,5.66416006,5.69045401,1291800
2007-05-04,5.70798467,5.72989599,5.52392637,5.58308792,1227600
2007-05-07,5.62910214,5.62910214,5.53707361,5.53707361,599100
2007-05-08,5.53268981,5.53268981,5.39026442,5.4362793,681600
2007-05-09,5.53269041,5.53269041,5.390265,5.47352886,686100
2007-05-10,5.52173581,5.52173581,5.30261888,5.3880744,912000
2007-05-11,5.38807356,5.4779117,5.27194272,5.3091917,1094700
2007-05-14,5.28070552,5.30261683,5.17333873,5.29385281,694500
2007-05-15,5.3048093,5.3048093,5.13828064,5.15800095,1310100
2007-05-16,5.18867751,5.26755967,5.14047224,5.16238356,1456500
2007-05-17,5.17553156,5.25660444,5.14923761,5.2149725,800400
2007-05-18,5.23688267,5.40341164,5.23688267,5.36835241,1318500
2007-05-21,5.36835197,5.47791039,5.36835197,5.37492561,1683900
2007-05-22,5.3814998,5.42532368,5.25879532,5.26098633,737700
2007-05-23,5.31138281,5.3245301,5.23469197,5.2412653,543300
2007-05-24,5.2609862,5.28947115,5.12732544,5.14047241,478800
2007-05-25,5.14266302,5.2587951,5.14266302,5.23688316,255300
2007-05-28,5.34205903,5.47791142,5.2149716,5.43189716,905400
2007-05-29,5.45600045,5.52173502,5.24126588,5.32233906,1185600
2007-05-30,5.21497168,5.43408825,5.15361944,5.34644175,877200
2007-05-31,5.36835291,5.40560314,5.24783913,5.29166269,696000
2007-06-01,5.32014765,5.32014765,5.18210426,5.23688316,955200
2007-06-04,5.2149725,5.22373683,5.14485497,5.2149725,732300
2007-06-05,5.21278096,5.21278096,5.01995801,5.07473755,1225500
2007-06-06,5.07911924,5.17114807,5.02872297,5.06378126,848700
2007-06-08,5.02434122,5.1010324,4.97394432,5.06159115,450300
2007-06-11,5.07692681,5.14485267,5.06377984,5.12951469,400200
2007-06-12,5.07692889,5.14485478,5.06378192,5.10322285,405000
2007-06-13,5.03968005,5.06159199,4.99585709,5.02434206,363900
2007-06-14,5.03967797,5.10322184,4.99585504,5.03529596,222300
2007-06-15,5.06159022,5.06159022,4.93012047,4.93012047,870300
2007-06-18,4.9564152,4.99585613,4.8424741,4.89068031,551700
2007-06-19,4.89506156,4.98928234,4.87534125,4.90820885,435000
2007-06-20,4.9301209,4.94107624,4.66937206,4.73510695,1599900
2007-06-21,4.73729811,4.73729811,4.53790245,4.64088726,1348800
2007-06-22,4.64745944,4.87972263,4.64745944,4.79864979,1568700
2007-06-25,4.79645896,4.87534081,4.70881246,4.7329154,380100
2007-06-26,4.73291657,4.73291657,4.57077019,4.59049082,538200
2007-06-27,4.57953439,4.57953439,4.43710896,4.51379919,525900
2007-06-28,4.58391638,4.6343136,4.51379887,4.55762243,282600
2007-06-29,4.62116621,4.65403349,4.44806359,4.49407816,295800
2007-07-02,4.49188798,4.59268148,4.49188798,4.57296085,953700
2007-07-03,4.57953447,4.65622533,4.55104951,4.57734346,493800
2007-07-04,4.60144644,4.77454815,4.60144644,4.70004892,580200
2007-07-05,4.81837132,5.04187022,4.71100387,4.97394371,1089600
2007-07-06,4.99585516,5.10541297,4.99585516,5.0396781,866700
2007-07-10,5.03967861,5.07254621,4.8687676,4.90820885,323100
2007-07-11,4.90820883,5.03091425,4.87972387,4.97394371,250800
2007-07-12,4.94107564,5.0177668,4.9301203,4.95203161,441600
2007-07-13,4.98270867,5.00681099,4.90820883,4.97394371,400500
2007-07-16,4.93231147,5.01776697,4.91039985,4.93012047,406800
2007-07-17,4.94107527,5.23030901,4.94107527,5.23030901,1123200
2007-07-18,5.19306039,5.31576518,5.10541326,5.20401573,768300
2007-07-19,5.21497194,5.29604512,5.18210466,5.27851582,410100
2007-07-20,5.26975102,5.28070667,5.03967847,5.10760498,505800
2007-07-23,5.10541278,5.16895696,5.0374869,5.05501652,293400
2007-07-24,5.07035487,5.10103146,4.82494467,4.93012047,452100
2007-07-25,4.99585535,5.01557596,4.79865071,4.93012047,536100
2007-07-26,4.82056175,4.82056175,4.64526844,4.64526844,421500
2007-07-27,4.62335845,4.79865213,4.61459411,4.73072529,255600
2007-07-30,4.74387181,4.90163554,4.74387181,4.84247398,257700
2007-07-31,4.88629654,4.91916413,4.71100323,4.79645872,341700
2007-08-01,4.68909168,4.75482655,4.56857759,4.75482655,603900
2007-08-02,4.76578367,4.82056258,4.56419638,4.72853374,351000
2007-08-03,4.66718087,4.71100381,4.60144599,4.63431358,169500
2007-08-06,4.63431409,4.81837177,4.52475563,4.81837177,1065600
2007-08-07,4.79865141,4.79865141,4.69128365,4.70004892,261600
2007-08-08,4.80303149,4.86438465,4.73510562,4.79864979,582300
2007-08-09,4.73291536,4.88410573,4.67813583,4.77016497,302400
2007-08-10,4.71100346,4.79865059,4.64746022,4.7329154,868800
2007-08-13,4.8161799,4.81837154,4.73291603,4.74387169,904200
2007-08-14,4.75263605,4.75263605,4.52694553,4.54666615,420300
2007-08-15,4.49188763,4.49188763,4.27277136,4.27277136,960300
2007-08-16,3.97696392,4.05146313,3.51681916,3.94409633,1079400
2007-08-17,4.24866898,4.24866898,3.73593621,3.8345387,334200
2007-08-20,3.94190437,4.16321224,3.85864051,4.16102123,366300
2007-08-21,4.0974779,4.21799169,3.99887542,4.16321278,263700
2007-08-22,4.21141793,4.40424087,4.21141793,4.38013792,661800
2007-08-23,4.38232957,4.44806446,4.2179922,4.35822725,136200
2007-08-24,4.34946093,4.38232852,4.18950623,4.31659365,438900
2007-08-27,4.32754946,4.38232836,4.25524095,4.26181459,393300
2007-08-28,4.2683881,4.2683881,4.05365387,4.09747744,751800
2007-08-29,4.07775791,4.16321343,4.07556691,4.14130211,510900
2007-08-30,4.11938875,4.11938875,4.03174256,4.09747744,264000
2007-08-31,4.11938965,4.22894811,4.11938965,4.16759586,265200
2007-09-03,4.16321359,4.16321359,4.09747869,4.11939001,148800
2007-09-04,4.16321227,4.16321227,4.09747739,4.15663862,149400
2007-09-05,4.21799285,4.2727724,4.16102292,4.27058077,147900
2007-09-06,4.20046142,4.25962295,4.18512281,4.2179904,75000
2007-09-10,4.09528741,4.22018386,4.07337516,4.09309578,195300
2007-09-11,4.08871325,4.16540378,4.03174302,4.16321278,201600
2007-09-12,4.08871247,4.20703554,4.03174225,4.20703554,202800
2007-09-13,4.187316,4.27277151,4.07994855,4.18950701,173100
2007-09-14,4.25085917,4.46997606,4.21799158,4.38013792,287400
2007-09-17,4.70881342,4.85343049,4.51818209,4.68909311,809100
2007-09-18,4.601446,4.75482739,4.48093158,4.55762243,395700
2007-09-19,4.601446,4.75482739,4.48093158,4.55762243,406800
2007-09-20,4.6671813,4.6671813,4.46997664,4.57734346,344400
2007-09-21,4.57953424,4.60144618,4.41519688,4.48093176,372000
2007-09-24,4.39328511,4.42615271,4.35384419,4.40424109,425100
2007-09-25,4.44806403,4.49188759,4.3713738,4.40424109,517500
2007-09-26,4.44806315,4.49188671,4.37137294,4.40204859,524100
2007-09-27,4.41519724,4.46997678,4.40424158,4.42177057,432300
2007-09-28,4.46997613,4.60144589,4.40424094,4.50941706,453300
2007-10-01,4.43710896,4.54666679,4.40862337,4.51379919,651600
2007-10-02,4.41738773,4.52475485,4.40424076,4.46997595,276300
2007-10-03,4.41738791,4.52475504,4.40424094,4.50941706,286500
2007-10-04,4.45902032,4.50284389,4.38232946,4.38232946,648900
2007-10-05,4.38671174,4.6343136,4.38671174,4.55762243,331500
2007-10-08,4.83151852,4.84247387,4.71319573,4.72196007,174300
2007-10-09,4.83151852,4.84247387,4.71319573,4.72196007,176700
2007-10-10,4.78769478,4.89506159,4.68909261,4.88191462,362400
2007-10-11,4.89506075,4.89506075,4.72634172,4.72634172,114300
2007-10-15,4.66718092,4.82056231,4.56419612,4.62554836,330300
2007-10-16,4.66718092,4.82056231,4.56419612,4.62554836,340200
2007-10-17,4.71100432,4.81837177,4.66718138,4.81837177,367800
2007-10-18,4.71100485,4.82056332,4.6671819,4.82056332,370800
2007-10-19,4.68032779,4.77673864,4.67156283,4.69347477,242100
2007-10-22,4.45902064,4.65403461,4.38232977,4.65403461,260100
2007-10-23,4.45902064,4.65403461,4.38232977,4.65403461,260100
2007-10-24,4.68909322,4.68909322,4.53132917,4.65403461,215700
2007-10-25,4.6343139,4.77673901,4.6014463,4.72853374,411000
2007-10-26,4.75482704,4.77454735,4.61240101,4.61240101,123600
2007-10-29,4.75482756,4.86876771,4.75482756,4.75701857,253500
2007-10-30,4.75482703,4.86876716,4.7329154,4.7329154,254700
2007-10-31,4.73291541,4.75482704,4.66718054,4.66718054,274500
2007-11-01,4.68471026,4.93012112,4.67156328,4.84247398,511200
2007-11-05,4.94107563,5.10979561,4.93012029,5.0396781,166200
2007-11-06,4.94107547,5.10979545,4.93012013,5.05063391,166500
2007-11-07,5.14923708,5.23688359,4.99585569,5.21278095,336600
2007-11-08,5.10760487,5.30261787,4.97394348,4.99366379,321000
2007-11-09,4.95203211,5.03748761,4.7110039,4.88629723,303600
2007-11-12,4.8884887,4.93012127,4.82275382,4.82494545,63900
2007-11-13,4.87315123,4.87315123,4.6365053,4.82056332,716100
2007-11-14,4.76578333,4.87534115,4.7110038,4.78331232,45900
2007-11-16,4.65622393,4.91478107,4.65622393,4.77673769,178200
2007-11-19,4.71100443,4.71100443,4.64526954,4.68909311,370500
2007-11-21,4.65622628,4.80303407,4.4480653,4.71100521,452400
2007-11-22,4.71100381,4.71100381,4.53571111,4.57953405,46200
2007-11-23,4.59048971,4.64526861,4.4502553,4.60144567,165300
2007-11-26,4.60144638,4.60144638,4.38232946,4.38232946,131400
2007-11-27,4.37137368,4.38232902,4.20484469,4.25085926,204000
2007-11-28,4.26400598,4.36041744,4.26400598,4.27496195,359100
2007-11-29,4.29468267,4.39328515,4.16321291,4.27277136,324300
2007-11-30,4.29249226,4.43491737,4.29249226,4.38232946,274200
2007-12-03,4.40423991,4.46997509,4.38232798,4.45682812,224700
2007-12-04,4.40424045,4.46997563,4.38232851,4.43710804,225600
2007-12-05,4.52475446,4.54666577,4.4809309,4.53351879,146700
2007-12-06,4.50722557,4.5137989,4.42615271,4.42615271,365700
2007-12-07,4.50722524,4.51379857,4.40643176,4.46997595,366600
2007-12-10,4.38232851,4.4853133,4.32754961,4.43710804,216600
2007-12-11,4.33850582,4.40424069,4.27277094,4.27496195,231300
2007-12-12,4.36041787,4.38232918,4.27277136,4.27277136,220500
2007-12-13,4.20703651,4.20703651,4.09966907,4.13034534,174600
2007-12-14,4.16321278,4.22894766,4.12377185,4.16321278,219600
2007-12-17,4.1413007,4.26838779,4.07994753,4.26838779,286200
2007-12-18,4.27057956,4.36041769,4.18512406,4.2946825,264900
2007-12-19,4.2530504,4.42615239,4.22894745,4.3932848,279600
2007-12-20,4.38013816,4.4042411,4.27277134,4.33850622,586200
2007-12-21,4.3385062,4.48093162,4.3385062,4.42615271,148200
2007-12-26,4.41519762,4.5137998,4.40424196,4.50722647,246300
2007-12-27,4.51379904,4.71100401,4.46340277,4.48093176,264000
2007-12-28,4.46778464,4.60144603,4.36918216,4.42615271,507000
2008-01-02,4.44806338,4.46997563,4.3604172,4.43710804,240600
2008-01-03,4.38452077,4.46997627,4.38232914,4.42615271,388200
2008-01-04,4.46997595,4.49188726,4.38232882,4.46997595,281400
2008-01-07,4.4480653,4.76578476,4.4480653,4.71100521,352200
2008-01-08,4.71100438,5.08350271,4.65841647,5.0813117,716700
2008-01-09,5.03748741,5.62471962,5.00681082,5.62471962,3259800
2008-01-10,5.52173533,5.63129316,5.35082494,5.57651424,953700
2008-01-11,5.48229377,5.74961527,5.47791113,5.67511606,915600
2008-01-14,5.7189386,6.09143648,5.60938018,6.05637789,2535000
2008-01-15,5.97092516,6.03666037,5.71894123,5.99283648,1167300
2008-01-16,5.80658627,5.85040952,5.72989542,5.80658627,1377000
2008-01-17,5.75180715,6.00379099,5.75180715,5.9205265,2568000
2008-01-18,5.9161449,6.33246613,5.89423296,6.33246613,2019600
2008-01-21,6.00159997,6.00159997,5.69921923,5.69921923,351000
2008-01-22,5.69702754,5.80439497,5.43408804,5.65320492,1592700
2008-01-23,5.6532056,5.6532056,5.25879567,5.47791195,215700
2008-01-24,5.64005763,5.80220334,5.54583686,5.65320492,349200
2008-01-28,5.57651443,5.58747071,5.32453117,5.49982357,758700
2008-01-29,5.49982357,5.54145645,5.23688402,5.49982357,221700
2008-01-30,5.41217729,5.80658725,5.41217729,5.71894073,379500
2008-01-31,5.76276313,6.02351164,5.58747011,6.00379133,482400
2008-02-01,5.93367338,6.00379121,5.69921945,5.80658627,906900
2008-02-06,5.6093814,5.79563006,5.52173489,5.72113085,172800
2008-02-07,5.69702782,5.93805602,5.68607216,5.80658627,538200
2008-02-08,5.81535126,5.82849792,5.62252894,5.69702816,271800
2008-02-11,5.69702801,5.78467515,5.58747019,5.63129282,238500
2008-02-12,5.63129219,5.88327665,5.63129219,5.67511606,413400
2008-02-13,5.69483673,5.91614462,5.69483673,5.74304199,351000
2008-02-14,5.80658623,5.80658623,5.59185198,5.80001259,118800
2008-02-15,5.69702795,6.00379135,5.61157245,5.91614485,597300
2008-02-18,5.91614546,6.00379197,5.86793956,5.95996809,402300
2008-02-19,5.99064407,6.00379135,5.87232159,5.91614485,497700
2008-02-20,5.9161439,5.9161439,5.80658547,5.87232065,421200
2008-02-21,5.87232264,6.1352622,5.85041069,6.05857134,899400
2008-02-22,6.05857026,6.13307011,5.91614485,5.91614485,227400
2008-02-25,5.85041026,5.95996809,5.85041026,5.95996809,763500
2008-02-26,6.04761524,6.13526175,5.95996809,5.97092438,533400
2008-02-27,6.0037906,6.08048144,5.96434936,6.02789354,83700
2008-02-28,5.97530637,6.11334978,5.97530637,6.00379133,196500
2008-02-29,5.96216009,6.35437843,5.91614583,6.24482059,516300
2008-03-03,6.17031956,6.63703766,6.17031956,6.50118589,464400
2008-03-04,6.48584751,6.57568566,6.21195232,6.35437775,1070700
2008-03-05,6.354377,6.57349388,6.354377,6.46612644,261600
2008-03-06,6.46393557,6.46393557,6.29083357,6.29959822,639000
2008-03-07,6.22290706,6.34780316,6.11334925,6.26673031,401100
2008-03-10,6.2776882,6.2776882,6.11335081,6.24482059,285600
2008-03-11,6.24262841,6.46393633,6.20099679,6.46393633,147300
2008-03-12,6.44202393,6.44202393,6.14402521,6.26673031,959700
2008-03-13,6.28864213,6.28864213,5.9380561,5.98626137,538800
2008-03-14,6.04761576,6.1878502,5.5874712,5.65539742,420000
2008-03-17,5.65539683,5.67511714,5.2828982,5.32453108,271200
2008-03-18,5.36835362,5.58747053,5.36835362,5.58747053,391800
2008-03-19,5.58746927,5.59842493,5.32452979,5.36835241,646200
2008-03-20,5.38807272,5.67511577,5.23907399,5.36835241,285000
2008-03-24,5.37054517,5.47791199,5.31357462,5.33548594,196200
2008-03-25,5.3464411,5.48886713,5.3464411,5.36835241,173700
2008-03-26,5.43408918,5.58747091,5.20839924,5.43408918,192600
2008-03-27,5.52173432,5.52173432,5.36835263,5.39245558,214800
2008-03-28,5.41217596,5.64224849,5.3464414,5.54364634,325500
2008-03-31,5.54364653,5.69921923,5.47791134,5.69921923,290400
2008-04-01,5.64224925,5.7846753,5.64224925,5.69702816,232800
2008-04-02,5.69702816,5.7868663,5.66416056,5.69702816,146700
2008-04-03,5.69702913,6.30836442,5.69702913,6.02570391,759600
2008-04-04,5.96435,6.1221137,5.91614473,6.1221137,477000
2008-04-07,6.13526068,6.21195153,5.91833544,5.91833544,223200
2008-04-08,5.91614442,5.91614442,5.65320492,5.65320492,337800
2008-04-09,5.73866072,5.73866072,5.25879589,5.26975155,533700
2008-04-10,5.35520593,5.3793095,5.17114827,5.30261803,263400
2008-04-11,5.30261773,5.30261773,5.21497154,5.23688316,130800
2008-04-14,5.28070595,5.28070595,5.08350134,5.08350134,122400
2008-04-15,5.14923627,5.21497114,4.98489894,5.08569241,202800
2008-04-16,5.14923722,5.5874704,5.08350234,5.47791195,537600
2008-04-17,5.47791112,5.69702737,5.43408787,5.66415977,431100
2008-04-18,5.66197018,5.90518943,5.59842661,5.71894073,444900
2008-04-22,5.71893995,5.72989561,5.3683533,5.63129282,260700
2008-04-23,5.66416056,5.69702816,5.53488243,5.69702816,178200
2008-04-24,5.69702816,5.73866041,5.58747034,5.69702816,196500
2008-04-25,5.65320493,5.65320493,5.4428527,5.55460215,448800
2008-04-28,5.55241117,5.5546028,5.46695567,5.47791195,218400
2008-04-29,5.51954477,5.51954477,5.26317883,5.26317883,180300
2008-04-30,5.26317762,5.69702816,5.02872337,5.69702816,568200
2008-05-02,5.58747149,5.69702933,5.23688475,5.25879669,622500
2008-05-05,5.3573976,5.41217651,5.03967854,5.1711483,653700
2008-05-06,5.1821046,5.1821046,5.07473747,5.10541344,1815600
2008-05-07,5.12951642,5.24783952,4.93012077,4.97394371,1015200
2008-05-08,5.03967778,5.17772116,4.97394291,5.08350134,315300
2008-05-09,5.1470466,5.25879607,5.14485497,5.2149725,818700
2008-05-12,5.25879637,5.3639722,5.11198798,5.11417961,414600
2008-05-13,5.25879637,5.3639722,5.11198798,5.11417961,414600
2008-05-14,5.0396781,5.11198662,4.97394322,5.0396781,243600
2008-05-15,5.07692803,5.07692803,4.86876712,4.95203161,287700
2008-05-16,5.0374876,5.03967861,4.87315024,4.90820885,644700
2008-05-19,4.97394474,4.97394474,4.77673974,4.82056332,959100
2008-05-20,4.82056125,4.82056125,4.64526796,4.77673769,1590900
2008-05-21,4.90821038,5.35301733,4.87534277,5.35301733,1137000
2008-05-23,5.20401613,5.47791195,5.08569334,5.47791195,314100
2008-05-26,5.47572076,5.47572076,5.17114836,5.32233906,84000
2008-05-27,5.33548575,5.33548575,5.0856932,5.21278095,189300
2008-05-28,5.25879475,5.52173424,5.18210391,5.52173424,337200
2008-05-29,5.25879475,5.52173424,5.18210391,5.52173424,337200
2008-05-30,5.36835241,5.36835241,4.93231095,5.36835241,191400
2008-06-02,5.36835241,5.36835241,4.93231095,5.36835241,191400
2008-06-03,5.3354859,5.47791195,5.25879567,5.47791195,174000
2008-06-04,5.47791136,5.47791136,5.21497154,5.23688316,118200
2008-06-05,5.2325012,5.2325012,4.93012045,4.99585533,196200
2008-06-06,5.03967904,5.12732618,4.92135624,5.09445858,705300
2008-06-09,5.06158968,5.1908681,5.06158968,5.07692766,91800
2008-06-10,5.07473611,5.08350076,4.88629586,4.88848686,153600
2008-06-11,4.93012057,5.25879528,4.93012057,5.1930604,393300
2008-06-12,5.20182411,5.25879464,5.08350134,5.08350134,92100
2008-06-13,5.04406103,5.1930604,5.04406103,5.1930604,119100
2008-06-16,5.23030952,5.28070641,5.19306023,5.23688316,133500
2008-06-17,5.28070659,5.32453047,5.1930604,5.1930604,776700
2008-06-18,5.24783864,5.47791084,5.19305974,5.36835241,632400
2008-06-19,5.36835325,5.49982302,5.36835325,5.45819139,160800
2008-06-20,5.41436772,5.802204,5.41436772,5.62033796,332400
2008-06-23,5.63348375,5.66415971,5.53268997,5.66196871,103500
2008-06-24,5.6115737,5.80658769,5.6115737,5.62252998,403200
2008-06-25,5.62252914,5.7846755,5.55460293,5.58747053,558600
2008-06-26,5.53269099,5.65320573,5.37054526,5.58747053,459600
2008-06-27,5.67511766,5.80658745,5.58527951,5.64225006,200700
2008-06-30,5.67511606,5.72989497,5.62471917,5.67511606,150000
2008-07-01,5.58747001,5.76276302,5.58747001,5.62471962,205200
2008-07-02,5.73866041,5.77371901,5.58747034,5.69702816,685200
2008-07-03,5.77371824,5.77371824,5.54364634,5.54364634,692100
2008-07-04,5.47791238,5.76276387,5.33329531,5.60938215,192000
2008-07-07,5.60938088,5.74085062,5.55021933,5.67511606,591600
2008-07-08,5.6970279,5.72113085,5.37930947,5.72113085,336000
2008-07-10,5.69702869,5.74085195,5.54364759,5.56555891,252000
2008-07-11,5.54364688,5.74085121,5.47791169,5.62910175,243000
2008-07-14,5.69702801,5.80658646,5.58747019,5.63129282,100500
2008-07-15,5.69264697,5.69264697,5.41217747,5.64225006,783000
2008-07-16,5.64663113,5.64663113,5.21497134,5.54364634,440100
2008-07-17,5.37930915,5.47791131,5.0265312,5.14704561,683700
2008-07-18,5.1711483,5.1711483,5.01557622,5.0331049,327300
2008-07-21,5.0944578,5.11856012,4.93012045,4.99585533,153600
2008-07-22,5.03748726,5.03748726,4.82275302,4.99585533,146100
2008-07-23,4.96298838,4.96298838,4.86438591,4.90820885,58200
2008-07-24,4.80960588,5.06159004,4.80960588,5.0396781,379500
2008-07-25,5.0287232,5.31795698,5.0287232,5.1711483,623100
2008-07-28,5.1930604,5.20401574,5.1404725,5.1930604,199500
2008-07-29,5.19306111,5.23688405,5.12732622,5.22373676,63600
2008-07-30,5.2368831,5.68607189,5.2368831,5.65320492,575100
2008-07-31,5.6532052,5.80658627,5.52173481,5.80658627,1369200
2008-08-01,5.69702858,5.91614549,5.5502205,5.69483757,549900
2008-08-04,5.70798503,5.70798503,5.43408918,5.43408918,119100
2008-08-05,5.47791301,5.49763332,5.25879669,5.25879669,493200
2008-08-06,5.25879567,5.69702823,5.14923722,5.47791195,195600
2008-08-07,5.47791212,5.68607275,5.4560008,5.4560008,194400
2008-08-08,5.45600113,5.64444083,5.39026592,5.43408918,608700
2008-08-11,5.49982283,5.53049942,5.27194255,5.38588238,97500
2008-08-12,5.36835309,5.36835309,5.19086877,5.1930604,154500
2008-08-13,5.17114827,5.17553091,5.05063448,5.17553091,535800
2008-08-14,5.19306118,5.23688413,5.08350272,5.2149725,159600
2008-08-15,5.17114856,5.17114856,4.8359005,4.86438608,602700
2008-08-18,4.98489988,4.98489988,4.82056251,4.86438608,549900
2008-08-19,4.84028239,4.98489911,4.84028239,4.97613478,111900
2008-08-20,4.97613542,5.28070688,4.97613542,5.28070688,131100
2008-08-21,5.25879554,5.52173507,5.21497198,5.51735306,238800
2008-08-22,5.47791212,5.47791212,5.32453103,5.4560008,147900
2008-08-25,5.46476496,5.53269117,5.36616279,5.49982357,144900
2008-08-26,5.47791172,5.49982303,5.43408847,5.49763203,192000
2008-08-27,5.42313304,5.48448559,5.42313304,5.47791195,185100
2008-08-28,5.49982381,5.80658725,5.36835403,5.71894073,588300
2008-08-29,5.71674847,5.73866041,5.5326908,5.69702816,620700
2008-09-01,5.75180733,5.75180733,5.48010254,5.48010254,189300
2008-09-02,5.48010306,5.48010306,5.13828135,5.13828135,278100
2008-09-03,5.2149716,5.2149716,4.84247334,4.93012047,187800
2008-09-04,4.90820906,4.91040037,4.72415107,4.74387169,684900
2008-09-05,4.79865071,4.95203178,4.60144577,4.93012047,651000
2008-09-08,5.16019407,5.16019407,4.66060856,4.82056332,520500
2008-09-09,4.87534148,4.87534148,4.38232937,4.38452101,326400
2008-09-10,4.50284389,4.57953443,4.17636016,4.38232946,530700
2008-09-11,4.38232967,4.67813683,4.18512469,4.67813683,297600
2008-09-12,4.67813572,4.75482688,4.54666597,4.64526844,144300
2008-09-15,4.16759551,4.46778464,4.16759551,4.42615271,237000
2008-09-16,4.36041721,4.38232852,4.07556579,4.37137318,637800
2008-09-17,4.33412221,4.33850484,3.87397787,3.87836051,491400
2008-09-18,3.94409537,3.94409537,3.46203879,3.87836051,463800
2008-09-19,4.16321334,4.36041832,4.05365488,4.36041832,546300
2008-09-22,4.37137429,4.37137429,4.18512466,4.36041832,154500
2008-09-23,4.36041769,4.42396157,4.14130143,4.2946825,156300
2008-09-24,4.294683,4.40424146,4.16321323,4.22894812,1126500
2008-09-25,4.32755002,4.38232893,4.16540367,4.38013792,161700
2008-09-26,4.2245642,4.55762148,4.16321197,4.49188662,121500
2008-09-29,4.40204869,4.41300497,3.95066957,4.04269838,968400
2008-09-30,4.04269838,4.26400562,4.04269838,4.04269838,674400
2008-10-01,4.00983108,4.07556596,3.87836133,3.88493466,581700
2008-10-02,3.83453863,3.83453863,3.50586387,3.76003909,599100
2008-10-03,3.8345387,3.94409716,3.72717187,3.8345387,182100
2008-10-06,3.52777439,3.69211173,3.48395177,3.69211173,127500
2008-10-07,3.63733268,3.6767736,3.63733268,3.63733268,106500
2008-10-08,3.50586359,3.56940746,3.32618824,3.56940746,210600
2008-10-09,3.60446594,3.60446594,3.28674719,3.3743937,107400
2008-10-10,3.27359936,3.53873014,2.84851328,3.46203899,181800
2008-10-13,3.51243652,3.94409633,3.51243652,3.94409633,80700
2008-10-14,4.05365372,4.19607975,4.00983079,4.04269838,166500
2008-10-15,3.98791981,3.99887578,3.12241002,3.30646801,461700
2008-10-16,3.33057143,3.33057143,3.15746935,3.28893948,137700
2008-10-17,3.28674722,3.36343744,3.21443869,3.28674722,81300
2008-10-20,3.3196148,3.35248208,3.29989418,3.35248208,75000
2008-10-21,3.28674733,3.33495259,3.17718887,3.17718887,69000
2008-10-22,3.15308588,3.15308588,2.62939782,2.82441115,193500
2008-10-23,2.73895594,2.73895594,2.34454613,2.41028118,350100
2008-10-24,2.36426676,2.41028118,2.00491603,2.41028118,487800
2008-10-27,2.36645867,2.36645867,1.97204894,2.02901888,302400
2008-10-28,2.14515046,2.41028118,2.03340099,2.41028118,850500
2008-10-29,2.41247239,2.69074988,2.28976697,2.69074988,484800
2008-10-30,2.73895571,2.8046906,2.26785571,2.8046906,677100
2008-10-31,2.7170438,2.9120574,2.4300009,2.9120574,669900
2008-11-03,2.84851446,2.89233804,2.738956,2.89233804,210600
2008-11-04,2.92520459,3.11145356,2.80688182,3.10707092,177900
2008-11-05,3.0238073,3.08735055,2.95807242,2.95807242,334800
2008-11-06,2.9339697,3.01285156,2.73895574,2.73895574,203700
2008-11-07,2.79373528,2.82660288,2.71047078,2.73895574,40500
2008-11-10,2.9186319,2.9186319,2.70608831,2.71704459,104100
2008-11-11,2.65130966,2.71485387,2.51983987,2.62939835,186900
2008-11-12,2.53079544,2.53079544,2.19116473,2.19116473,141300
2008-11-13,2.27223776,2.47601607,2.05969494,2.41028118,364500
2008-11-14,2.45410451,2.49792792,2.32263459,2.43219304,113400
2008-11-17,2.40809034,2.41028135,2.19335604,2.19335604,276300
2008-11-18,2.18459119,2.23498825,2.12323879,2.15610623,135000
2008-11-19,2.1582976,2.1582976,1.97423973,2.03778362,265500
2008-11-21,2.03778362,2.03778362,2.03778362,2.03778362,0
2008-11-24,1.99834225,2.55270672,1.99834225,2.55270672,158400
2008-11-25,2.31386933,2.3270163,2.10351762,2.26785493,344100
2008-11-26,2.2678559,2.41028118,2.23498845,2.41028118,683100
2008-11-27,2.40589884,2.49792767,2.38836922,2.49792767,546900
2008-11-28,2.51983905,2.53079502,2.41028061,2.51983905,315600
2008-12-01,2.51983947,2.51983947,2.19116473,2.19116473,151800
2008-12-02,2.24813512,2.28976706,2.14734101,2.14734101,12300
2008-12-03,2.18897359,2.1911646,2.01587111,2.08160615,50400
2008-12-04,2.16487031,2.2788106,2.05969436,2.15829682,309600
2008-12-05,2.14515031,2.19116473,1.97204845,2.19116473,130800
2008-12-08,2.25689946,2.25689946,2.13857668,2.16925311,291300
2008-12-09,2.19116473,2.23279667,2.11447372,2.23279667,72300
2008-12-10,2.22403228,2.22403228,2.09256234,2.17801785,121500
2008-12-11,2.11447295,2.27661926,2.11447295,2.24594283,87300
2008-12-12,2.1911644,2.29634035,2.1911644,2.27881074,707100
2008-12-15,2.32044365,2.3861787,2.19116473,2.19116473,182700
2008-12-16,2.20650238,2.30072284,2.18897339,2.30072284,321000
2008-12-17,2.29853112,2.35550166,2.19116432,2.32263422,254100
2008-12-18,2.331399,2.35769311,2.19116473,2.19116473,865200
2008-12-19,2.19116425,2.19116425,2.12542938,2.14953232,25800
2008-12-22,2.12542971,2.21307606,2.12542971,2.13638568,115500
2008-12-23,2.15610582,2.18020813,2.08160583,2.15829682,13500
2008-12-26,2.12762022,2.12762022,2.12762022,2.12762022,9300
2008-12-29,2.1363852,2.1363852,2.02682678,2.10351777,25800
2008-12-30,2.1582964,2.19116383,2.00710607,2.00710607,235800
2009-01-02,2.01148896,2.08160585,2.00491548,2.00491548,117000
2009-01-05,2.01587105,2.1582971,2.01587105,2.07941508,342300
2009-01-06,2.12323869,2.1758266,2.10351823,2.14734101,588300
2009-01-07,2.14953277,2.27881107,2.14953277,2.2568996,52200
2009-01-08,2.25689956,2.29414964,2.1692532,2.29414964,165900
2009-01-09,2.27661926,2.27881027,2.2349875,2.26785493,12300
2009-01-12,2.23060551,2.23060551,2.13638567,2.14734101,139500
2009-01-13,2.15172303,2.26785493,2.10351762,2.26785493,46800
2009-01-14,2.23498797,2.23498797,2.1889734,2.23498797,30000
2009-01-15,2.23279665,2.30072317,2.19116471,2.29853153,37200
2009-01-16,2.30072283,2.31167818,2.25689927,2.27881074,79800
2009-01-19,2.25689927,2.27881074,2.16925293,2.27881074,9000
2009-01-20,2.19116473,2.19116473,2.14734116,2.19116473,39600
2009-01-21,2.19116435,2.28538418,2.19116435,2.28538418,65100
2009-01-22,2.22184113,2.25909042,2.19335554,2.25909042,20100
2009-01-23,2.2590906,2.2590906,2.19116471,2.2568996,48300
2009-01-26,2.25251679,2.30072284,2.25251679,2.30072284,6300
2009-01-27,2.29853205,2.35550261,2.29853205,2.35550261,32700
2009-01-28,2.36426628,2.49792767,2.33359032,2.49792767,183000
2009-01-29,2.51764804,2.51983905,2.44314805,2.51983905,89100
2009-01-30,2.49792801,2.67322088,2.49792801,2.66226554,450600
2009-02-02,2.62939835,2.71047123,2.59433926,2.62939835,54000
2009-02-03,2.62939811,2.73895594,2.60748601,2.7323823,70800
2009-02-04,2.76086728,3.08954197,2.73895534,2.84632277,134400
2009-02-05,2.76305856,2.91424894,2.65788275,2.91424894,83700
2009-02-06,2.80469057,3.17718887,2.80469057,3.17718887,219900
2009-02-09,3.13336556,3.24292402,3.0698223,3.08077765,80100
2009-02-10,3.01066033,3.12460079,2.89233755,3.0413363,72600
2009-02-11,3.04571973,3.04571973,2.88138233,2.99094081,664800
2009-02-12,2.95807206,3.001895,2.89891052,2.89891052,15600
2009-02-13,2.88138165,3.03257203,2.874808,3.03257203,10800
2009-02-16,2.95807239,3.08954215,2.91643983,3.08954215,14400
2009-02-17,2.94054241,3.02161526,2.93616009,2.93616009,10800
2009-02-18,3.02161598,3.06763056,2.97998405,2.97998405,7800
2009-02-19,2.89452835,2.91643966,2.78496991,2.84632277,57000
2009-02-20,2.82441116,2.82660279,2.67322077,2.68636775,8700
2009-02-25,2.68417738,2.68417738,2.59433937,2.59433937,26100
2009-02-26,2.68198626,2.68198626,2.52422236,2.62939835,8400
2009-02-27,2.62501579,2.62501579,2.39056087,2.39056087,172200
2009-03-02,2.38836922,2.38836922,2.18678195,2.18897343,263400
2009-03-03,2.20212017,2.23498776,2.12323833,2.12323833,202800
2009-03-04,2.19116411,2.19116411,2.12542925,2.14514971,55500
2009-03-05,2.12542956,2.12542956,2.05093003,2.09256196,45600
2009-03-06,2.12542924,2.18678162,2.07065034,2.10351777,221700
2009-03-09,2.10132695,2.10132695,2.00491609,2.05969501,14100
2009-03-10,2.05969473,2.12542977,2.05969473,2.07503271,165000
2009-03-11,2.10351863,2.10351863,2.05312157,2.05312157,210300
2009-03-12,2.05312152,2.05969501,2.03778353,2.05969501,87000
2009-03-13,2.05531181,2.07065042,2.01367988,2.02682686,832200
2009-03-16,2.02025337,2.03778283,2.01148888,2.02682686,57000
2009-03-17,2.02682704,2.31167817,1.97204814,2.31167817,265200
2009-03-18,2.29853205,2.36645858,2.1254303,2.35550261,98400
2009-03-19,2.35550174,2.35550174,2.22403184,2.30072284,75300
2009-03-20,2.27881075,2.27881075,2.23498797,2.23498797,11700
2009-03-23,2.27662023,2.40151668,2.25470891,2.40151668,39900
2009-03-24,2.31606116,2.39275217,2.30072317,2.39275217,16200
2009-03-25,2.38836952,2.4037075,2.29634068,2.4037075,93300
2009-03-26,2.39494263,2.51983905,2.35550171,2.51983905,110700
2009-03-27,2.43219328,2.63816245,2.41028118,2.60748601,175800
2009-03-30,2.47601558,2.58119154,2.45410427,2.50669217,109200
2009-03-31,2.48697161,2.51983905,2.39713364,2.51983905,134700
2009-04-01,2.45410454,2.58557431,2.45410454,2.57461834,136500
2009-04-02,2.52203034,2.79154351,2.52203034,2.71485329,123300
2009-04-03,2.71704447,3.06763053,2.60967749,3.06763053,127500
2009-04-06,2.89233759,2.96902781,2.77182317,2.77182317,325800
2009-04-07,2.84851437,2.91424926,2.69513296,2.71704459,114600
2009-04-08,2.72142649,2.83974959,2.66664696,2.66664696,28200
2009-04-09,2.78277888,2.85727809,2.67760277,2.67760277,93900
2009-04-13,2.70608831,2.75648553,2.70608831,2.71704459,93300
2009-04-14,2.75210224,2.80030845,2.66226505,2.6732204,41100
2009-04-15,2.72800032,2.84413148,2.67541242,2.67541242,34500
2009-04-16,2.73895574,2.73895574,2.67322085,2.73895574,387900
2009-04-17,2.7017067,3.0062782,2.67322111,2.89233804,177300
2009-04-20,2.83755771,2.91424855,2.76086718,2.87042499,423000
2009-04-22,2.76305828,2.91205764,2.76305828,2.82660246,498600
2009-04-23,2.82660279,2.87042542,2.77620558,2.80249953,138600
2009-04-24,2.84632324,2.87042557,2.77401471,2.86823487,50400
2009-04-27,2.8046907,2.80688233,2.74991179,2.74991179,27300
2009-04-28,2.73895581,2.97998405,2.64035333,2.97998405,514800
2009-04-29,3.00189494,3.17718824,3.00189494,3.13336468,79200
2009-04-30,3.14213088,3.14213088,2.95807287,3.02380776,36300
2009-05-04,3.02380748,3.17718887,3.02380748,3.17718887,101100
2009-05-05,3.17718928,3.17718928,3.03476321,3.05229282,31200
2009-05-06,3.1267912,3.5014801,3.1267912,3.5014801,286200
2009-05-07,3.61542156,3.6789648,3.47080483,3.48395181,857400
2009-05-08,3.6373322,3.6373322,3.41821599,3.41821599,101100
2009-05-11,3.48176048,3.5168194,3.46203986,3.50586343,10500
2009-05-12,3.4072602,3.42917182,3.13774709,3.22977591,147900
2009-05-13,3.22977722,3.22977722,3.04791021,3.04791021,73800
2009-05-14,3.13336564,3.21882115,3.10049835,3.16404223,81600
2009-05-15,3.12460097,3.17718887,3.01285151,3.17718887,31500
2009-05-18,3.26045343,3.34590894,2.99313094,3.30646801,124800
2009-05-19,3.3064677,3.57598086,3.30427607,3.54968691,265200
2009-05-20,3.549687,3.55406869,3.44231955,3.50586343,89100
2009-05-21,3.57159799,3.57159799,3.39630468,3.48395181,61500
2009-05-22,3.48395199,3.67020066,3.48395199,3.66143632,40800
2009-05-25,3.65924554,3.76880401,3.51024676,3.76661301,184800
2009-05-26,3.75784666,3.92218399,3.72497907,3.92218399,94800
2009-05-27,3.87836248,4.15225771,3.76880401,3.94190574,225000
2009-05-28,3.92218533,3.94409727,3.84111214,3.84111214,6900
2009-05-29,3.83453759,3.91999308,3.50586293,3.72497916,181200
2009-06-01,3.64609749,3.88931669,3.61542153,3.61542153,47100
2009-06-02,3.70306842,3.77099431,3.68992145,3.71183276,60000
2009-06-03,3.72497913,3.790714,3.5803621,3.61103868,28500
2009-06-04,3.72936231,3.93971393,3.72497968,3.8476851,662400
2009-06-05,3.94409706,3.96162605,3.85644991,3.88931751,311700
2009-06-08,3.88931585,3.91122778,3.74908148,3.87836051,102000
2009-06-09,3.8783622,3.8783622,3.76003909,3.76003909,24900
2009-06-10,3.7709945,3.89808226,3.68115698,3.89808226,25500
2009-06-12,3.8345387,3.8345387,3.76880381,3.8345387,64500
2009-06-15,3.84111119,3.87836143,3.6482892,3.6482892,53700
2009-06-16,3.70306785,3.83453759,3.66581762,3.72497916,60000
2009-06-17,3.74689202,3.74689202,3.41602564,3.41602564,45000
2009-06-18,3.50586375,3.52777507,3.44231987,3.44231987,127800
2009-06-19,3.50586337,3.56940724,3.40726089,3.40726089,116400
2009-06-22,3.44012841,3.44231942,3.30427602,3.39630485,150000
2009-06-23,3.29770251,3.54749537,3.29770251,3.54749537,32100
2009-06-24,3.54749487,3.68334725,3.54749487,3.67896461,53100
2009-06-25,3.5759811,3.91999381,3.51901056,3.79071474,304200
2009-06-26,3.72497868,3.72497868,3.51681844,3.59350896,142800
2009-06-29,3.59350896,3.60446493,3.54968603,3.59350896,160800
2009-06-30,3.59789192,3.70306803,3.5935096,3.61542153,38700
2009-07-01,3.55845191,3.68115735,3.55845191,3.68115735,15600
2009-07-02,3.67020079,3.67020079,3.50586343,3.50586343,217500
2009-07-03,3.59570085,3.60884782,3.516819,3.516819,33300
2009-07-06,3.52339297,3.57159823,3.46203979,3.47299576,28200
2009-07-07,3.47956939,3.47956939,3.17718864,3.31523204,120600
2009-07-08,3.33495316,3.33495316,3.18157205,3.19910073,33900
2009-07-09,3.19910073,3.19910073,3.19910073,3.19910073,0
2009-07-10,3.37439373,3.37439373,3.23196768,3.28674722,9600
2009-07-13,3.28674651,3.28674651,3.17718808,3.22101164,18600
2009-07-14,3.21662868,3.21662868,3.18814373,3.18814373,1200
2009-07-15,3.21882001,3.47737778,3.21882001,3.22101164,18900
2009-07-16,3.26483512,3.31304102,3.23635017,3.2429235,22800
2009-07-17,3.28674651,3.35248137,3.22101164,3.22101164,70500
2009-07-20,3.31523177,3.33056975,3.22101194,3.22320294,109500
2009-07-21,3.3196141,3.3196141,3.18157072,3.22101164,220800
2009-07-22,3.2823637,3.33056927,3.22977581,3.30865765,79500
2009-07-23,3.3327609,3.47299496,3.32399562,3.33056927,78900
2009-07-24,3.31304106,3.39411392,3.31084943,3.31084943,181800
2009-07-27,3.33057027,3.4182171,3.29770267,3.34590888,287400
2009-07-28,3.38096608,3.48395117,3.38096608,3.41821599,332400
2009-07-29,3.40726101,3.4379376,3.29551156,3.32837915,58200
2009-07-30,3.3743937,3.44012858,3.36343742,3.3743937,303900
2009-07-31,3.42259886,3.48395204,3.42259886,3.47299576,809400
2009-08-03,3.51024596,3.56940719,3.4883337,3.4883337,242400
2009-08-04,3.52777505,3.53654033,3.48614311,3.48614311,120300
2009-08-05,3.50367154,3.50586255,3.41821606,3.46203899,68100
2009-08-06,3.50586255,3.56721478,3.45108365,3.46203899,178200
2009-08-07,3.49490658,3.50586255,3.45108365,3.46203899,204900
2009-08-10,3.52558421,3.65486297,3.51681956,3.56940746,394800
2009-08-11,3.5715975,3.65486197,3.46861272,3.49490666,321000
2009-08-12,3.5606429,3.5606429,3.51462832,3.55845189,129900
2009-08-13,3.50586263,3.54749456,3.48395132,3.49490666,94500
2009-08-14,3.52777399,3.52777399,3.44231882,3.45546579,97500
2009-08-17,3.41383472,3.41383472,3.22977674,3.26702666,195900
2009-08-18,3.28674806,3.50586439,3.28674806,3.46423244,360000
2009-08-19,3.40287754,3.55625952,3.40287754,3.49490666,194100
2009-08-20,3.55406773,3.61542089,3.53215642,3.59350896,273300
2009-08-21,3.61103944,3.70306859,3.61103944,3.68992162,298800
2009-08-24,3.68115697,3.75784751,3.60446611,3.68992162,159000
2009-08-25,3.60665593,3.67896412,3.58036167,3.59350896,68400
2009-08-26,3.57159826,3.71621531,3.56064229,3.71402431,444900
2009-08-27,3.71621443,3.77537565,3.64609693,3.73593473,221400
2009-08-28,3.75784791,3.90027367,3.75784791,3.84549475,390900
2009-08-31,3.81262709,3.81262709,3.70525932,3.70525932,61500
2009-09-01,3.73593606,3.76003901,3.71402474,3.72936273,87900
2009-09-02,3.72278816,3.74908211,3.67020026,3.72497916,40200
2009-09-03,3.68334745,3.7096414,3.58255397,3.62199521,434400
2009-09-04,3.59570154,3.60884852,3.54311363,3.5737896,234900
2009-09-08,3.59570168,3.65924525,3.59570168,3.65924525,76800
2009-09-09,3.65924491,3.65924491,3.54968709,3.63075995,210000
2009-09-10,3.6241857,3.65486229,3.60227439,3.63733268,228600
2009-09-11,3.63733362,3.65924525,3.61323067,3.65924525,19500
2009-09-14,3.6263768,3.63733277,3.58255386,3.58255386,207300
2009-09-15,3.61323006,3.61542169,3.59350975,3.60446572,75300
2009-09-16,3.60446569,3.61542166,3.59789205,3.59789205,276300
2009-09-17,3.61542169,3.63514231,3.59350975,3.60446572,102900
2009-09-18,3.63295052,3.63295052,3.59131859,3.61542153,44100
2009-09-21,3.59351022,3.59351022,3.56283425,3.5737896,37200
2009-09-22,3.60227393,3.61542091,3.57817099,3.61322927,354900
2009-09-23,3.62199516,3.64828911,3.57598059,3.60665655,260700
2009-09-24,3.60665655,3.62199516,3.55406834,3.60665655,75600
2009-09-25,3.57159897,3.64829015,3.57159897,3.61761355,181800
2009-09-28,3.61761246,3.64390641,3.57159789,3.58255386,122100
2009-09-29,3.61542137,3.64390632,3.59350943,3.63733268,60300
2009-09-30,3.64828896,3.64828896,3.61542137,3.63733268,161100
2009-10-01,3.61980318,3.89369893,3.61542117,3.89369893,334500
2009-10-02,3.87397842,3.94409593,3.82358153,3.92218399,392400
2009-10-05,3.92218428,4.11938891,3.92218428,4.08652163,306900
2009-10-06,4.13911055,4.27277196,4.12158156,4.19389009,414000
2009-10-07,4.19608119,4.23990445,4.07556706,4.11939001,171000
2009-10-08,4.16321335,4.16759599,4.03174357,4.07775784,280200
2009-10-09,4.07556632,4.09747795,4.07556632,4.08213997,98700
2009-10-13,4.08652147,4.15225634,4.07556581,4.09747744,103500
2009-10-14,4.14130116,4.15882983,4.06461,4.06461,184200
2009-10-15,4.06461127,4.07556725,4.01202336,4.07556725,87000
2009-10-16,4.03393498,4.05365561,4.0164063,4.03612661,77700
2009-10-19,4.10624177,4.1084334,4.03612489,4.09747744,23100
2009-10-20,4.02297871,4.02297871,3.8367294,3.85425901,161700
2009-10-21,3.90027311,3.92656707,3.84987622,3.86521482,44400
2009-10-22,3.91122968,4.11939001,3.85645013,4.11939001,67200
2009-10-23,4.08652286,4.08652286,3.9594354,3.99887633,58200
2009-10-26,3.96819882,3.97039046,3.77099419,3.77099419,827100
2009-10-27,3.90027319,3.90027319,3.7797594,3.79071474,207300
2009-10-28,3.75784644,3.90903647,3.75784644,3.7688024,143100
2009-10-29,3.84330189,3.94409598,3.81262624,3.8608315,84600
2009-10-30,3.85644962,3.85644962,3.79071474,3.79071474,26400
2009-11-03,3.81043547,3.81043547,3.6110395,3.80824447,142200
2009-11-04,3.74250954,3.92218489,3.74250954,3.89808226,571500
2009-11-05,3.90027236,4.07556565,3.90027236,4.05365372,259800
2009-11-06,3.99887545,4.07337467,3.94628755,4.02078676,174600
2009-11-09,4.05365449,4.15225697,4.05365449,4.15225697,282000
2009-11-10,4.14568299,4.26181508,4.1413013,4.18512392,291300
2009-11-11,4.21799182,4.33850624,4.19608051,4.27277136,169500
2009-11-12,4.27277122,4.3385061,4.1500658,4.16321278,85500
2009-11-13,4.16102184,4.28153563,4.16102184,4.28153563,20100
2009-11-16,4.29468295,4.42615303,4.29468295,4.38232946,170100
2009-11-17,4.37137508,4.37137508,4.23771334,4.23771334,3900
2009-11-18,4.26181525,4.34069711,4.16321278,4.16321278,24600
2009-11-19,4.1084334,4.18293293,3.96600738,4.09747744,108000
2009-11-23,4.15882967,4.15882967,3.987919,3.99011064,276000
2009-11-24,3.98791963,3.98791963,3.9484787,3.9484787,60600
2009-11-25,4.03174267,4.03174267,3.88274299,3.90027261,111300
2009-11-26,3.92218612,3.93095109,3.84549555,3.87398052,58200
2009-11-27,3.83453891,3.83453891,3.75346603,3.76661301,393600
2009-11-30,3.80167042,3.87616995,3.63733306,3.70306826,455400
2009-12-01,3.84623703,3.86391102,3.79984379,3.79984379,350400
2009-12-02,3.82856373,3.82856373,3.75565966,3.78658891,163200
2009-12-03,3.82635412,3.88600293,3.7556591,3.7556591,701700
2009-12-04,3.7556599,3.84181924,3.7556599,3.77112484,582300
2009-12-07,3.79984356,3.82856313,3.64298923,3.66729069,547200
2009-12-08,3.66729136,3.66729136,3.52369257,3.53473878,602700
2009-12-09,3.61206224,3.62089909,3.44858036,3.55020404,383700
2009-12-10,3.56566748,3.57229495,3.49055373,3.51043677,127500
2009-12-11,3.57671294,3.57671294,3.45741564,3.49055362,460200
2009-12-14,3.53915686,3.55020243,3.46846184,3.49055362,201000
2009-12-15,3.50160082,3.61427069,3.45962599,3.61427069,2224800
2009-12-16,3.71147577,3.85507424,3.68717431,3.7644968,2830200
2009-12-17,3.7777522,3.93239689,3.73798643,3.75124168,1336800
2009-12-18,3.81972681,3.87716657,3.76449672,3.83298206,498000
2009-12-21,3.87716676,3.89925886,3.77775216,3.77775216,289800
2009-12-22,3.75566083,3.8705404,3.75566083,3.7799623,399000
2009-12-23,3.84181851,3.88600301,3.77112412,3.80205274,292200
2009-12-24,3.80205274,3.80205274,3.80205274,3.80205274,0
2009-12-28,3.85728413,3.92356043,3.68938355,3.72252154,729600
2009-12-29,3.77775151,3.86170115,3.7556591,3.7556591,2436300
2009-12-30,3.7556591,3.7556591,3.7556591,3.7556591,0
2010-01-04,3.78879829,3.98099971,3.78658924,3.98099971,599100
2010-01-05,3.97879022,4.26156937,3.97879022,4.19750214,1520700
2010-01-06,4.26156937,4.34110124,4.16436383,4.19750214,625500
2010-01-07,4.27040766,4.27040766,4.00088336,4.12459946,1159800
2010-01-08,4.1798282,4.25715101,4.01192826,4.25273228,281700
2010-01-11,4.25273162,4.44272393,4.25273162,4.40958595,557700
2010-01-12,4.41621466,4.41621466,4.3190091,4.38307667,444600
2010-01-13,4.40958598,4.40958598,4.13122529,4.28366089,606300
2010-01-14,4.30796224,4.31679876,4.06936732,4.15552664,419400
2010-01-15,4.04727572,4.21738535,4.04727572,4.07599592,163800
2010-01-18,4.07599582,4.25273228,4.07599582,4.25273228,186900
2010-01-19,4.25273192,4.30796263,4.12238872,4.24168634,325200
2010-01-20,4.24168685,4.28587073,4.1334351,4.20854855,1094700
2010-01-21,4.21959428,4.21959428,3.90146775,4.19308376,494100
2010-01-22,3.98762623,4.26377788,3.98762623,4.06494904,217500
2010-01-26,4.02739277,4.04064803,3.97879047,3.9986732,246000
2010-01-27,4.0273922,4.0273922,3.9191411,3.97658086,146700
2010-01-28,4.00972025,4.04285825,3.94344363,3.95669889,217800
2010-01-29,3.97658086,4.02518315,3.91251363,3.97658086,404700
2010-02-01,4.02076505,4.02076505,3.93902445,3.93902445,129900
2010-02-02,4.04285714,4.07599544,3.95669781,3.97658086,323400
2010-02-03,4.02076494,4.04727545,3.8374007,3.90367699,456000
2010-02-04,3.97216194,3.97216194,3.74682258,3.7556591,238500
2010-02-05,3.68054762,3.74461519,3.63415436,3.68938446,554400
2010-02-08,3.75566077,3.76449793,3.60543478,3.68938446,422100
2010-02-09,3.75786966,3.79984449,3.71147609,3.73356819,948900
2010-02-10,3.81972631,3.86170113,3.6562445,3.78879738,1111200
2010-02-11,3.88821284,3.94344356,3.82414622,3.86612105,2164500
2010-02-12,3.8661207,3.95448909,3.8484467,3.93018794,950700
2010-02-17,3.97658194,4.02076583,3.95448953,3.95669889,506100
2010-02-18,4.01634759,4.01634759,3.91914203,3.99204612,150000
2010-02-19,3.97658069,3.97658069,3.93239618,3.95448828,208800
2010-02-22,3.93902444,3.96553495,3.87716657,3.93239665,104400
2010-02-23,3.94565302,3.94565302,3.77333462,3.84402966,313500
2010-02-24,3.78658882,3.83519111,3.78658882,3.83298206,35100
2010-02-25,3.80647173,3.80647173,3.7357767,3.77775216,250800
2010-02-26,3.75565997,3.75565997,3.6938021,3.73356819,602400
2010-03-01,3.73135909,3.73135909,3.66508279,3.67833805,432600
2010-03-02,3.69822082,3.77333395,3.69822082,3.7424047,599100
2010-03-03,3.7777525,3.82193638,3.74461451,3.79100776,1175700
2010-03-04,3.79763531,3.84402887,3.71147597,3.72252154,262500
2010-03-05,3.74461413,3.83740094,3.53915747,3.64519954,465000
2010-03-08,3.67833815,3.73356824,3.50380978,3.60101533,675600
2010-03-09,3.60764217,3.66729067,3.53694716,3.62310648,855600
2010-03-10,3.66729111,3.70042941,3.62310692,3.64961743,564900
2010-03-11,3.66066428,3.73135931,3.65403649,3.6871748,834300
2010-03-12,3.69601171,3.74019623,3.69601171,3.74019623,86700
2010-03-15,3.75124116,3.75124116,3.70042919,3.70926571,352200
2010-03-16,3.70705872,3.74682483,3.70043124,3.7026403,294000
2010-03-17,3.73356841,3.81751871,3.64520001,3.81751871,848400
2010-03-18,3.75786969,3.81530883,3.7512419,3.77554274,704700
2010-03-19,3.75565933,3.77554206,3.72252103,3.74903154,51900
2010-03-22,3.69159394,3.76228803,3.6695012,3.73135972,120000
2010-03-23,3.71368514,3.75124187,3.6451998,3.73356819,258900
2010-03-24,3.7291494,3.7291494,3.6474088,3.67833805,478200
2010-03-25,3.67833721,3.70042899,3.64740796,3.66729069,207300
2010-03-26,3.67612817,3.68938343,3.64519955,3.65182734,247200
2010-03-29,3.66729069,3.71147519,3.6231065,3.66729069,263700
2010-03-30,3.66729175,3.69380227,3.57892367,3.6871748,437400
2010-03-31,3.66729173,3.6960113,3.56787744,3.59880638,207000
2010-04-01,3.68717413,3.68717413,3.49718178,3.54578471,433800
2010-04-05,3.57892383,3.57892383,3.45078902,3.49939227,412200
2010-04-06,3.49939208,3.57671396,3.49939208,3.55462217,221400
2010-04-07,3.55683046,3.70042957,3.55683046,3.68054652,372600
2010-04-08,3.66729069,3.66729069,3.66729069,3.66729069,180
2010-04-09,3.67833888,3.78879908,3.67833888,3.68938446,885900
2010-04-12,3.68938335,3.69380177,3.57892319,3.6054337,415500
2010-04-13,3.63415414,3.75345149,3.63415414,3.74019623,291000
2010-04-14,3.75565922,3.76670543,3.68275515,3.74461365,279300
2010-04-15,3.75565933,3.75786901,3.64519917,3.74903154,265500
2010-04-16,3.69601162,3.70043035,3.57008648,3.57008648,238800
2010-04-19,3.62310719,3.62310719,3.47950871,3.52590227,221100
2010-04-20,3.56787818,3.63194544,3.51927555,3.53694892,66600
2010-04-22,3.53694783,3.61206128,3.53252973,3.53473878,121500
2010-04-23,3.52148355,3.55683059,3.50380955,3.51706481,128700
2010-04-26,3.58555111,3.61206163,3.51264734,3.55462217,305400
2010-04-27,3.55683089,3.55683089,3.48171806,3.48171806,92400
2010-04-28,3.47509025,3.54578528,3.42427826,3.42427826,300900
2010-04-29,3.49055453,3.49055453,3.44195223,3.44195223,197700
2010-04-30,3.49055428,3.49497302,3.4353242,3.4574163,259800
2010-05-03,3.48613588,3.7556591,3.48613588,3.7556591,1065
2010-05-04,3.60322379,3.60322379,3.47508964,3.51264668,366900
2010-05-05,3.4485796,3.50380969,3.40660477,3.50380969,155100
2010-05-06,3.42869703,3.47950901,3.29172569,3.29393506,199800
2010-05-07,3.35800191,3.3602116,3.20335722,3.20335722,144900
2010-05-10,3.38009454,3.53473924,3.31160855,3.31160855,291600
2010-05-11,3.3116083,3.3116083,3.24312295,3.245332,77100
2010-05-12,3.26521433,3.29172516,3.22765824,3.29172516,111000
2010-05-13,3.29835379,3.37567631,3.29835379,3.30277252,255600
2010-05-14,3.30056311,3.30056311,3.2055666,3.23207712,219000
2010-05-17,3.20777596,3.225449,3.15696365,3.20335722,138000
2010-05-18,3.22765818,3.24091344,3.13708043,3.13708043,195600
2010-05-19,3.11498872,3.11498872,3.03987527,3.03987527,524700
2010-05-20,3.01557417,3.01557417,2.77256048,2.93604231,289500
2010-05-21,2.89406725,3.15917276,2.89406725,3.09289646,119400
2010-05-24,3.02662007,3.16580045,3.02662007,3.0641768,78300
2010-05-25,3.00452793,3.12161653,2.93825164,3.09068727,269700
2010-05-26,3.12603428,3.20335677,3.12603428,3.17021847,364800
2010-05-27,3.21440269,3.27184181,3.20335648,3.23649478,289800
2010-05-28,3.24754169,3.24754169,3.20556622,3.245332,96600
2010-05-31,3.28067897,3.33590904,3.212193,3.23649478,83400
2010-06-01,3.23649493,3.28730691,3.19231042,3.19893789,423300
2010-06-02,3.23207713,3.30056312,3.20998503,3.21661282,188100
2010-06-04,3.20335672,3.20335672,3.13708043,3.13708043,183000
2010-06-07,3.11057031,3.19231092,3.00894666,3.00894666,101400
2010-06-08,3.0376666,3.0376666,2.98685461,3.01115608,102900
2010-06-09,3.08847761,3.11498812,3.07080393,3.10394192,240000
2010-06-10,3.13708023,3.13708023,3.05975742,3.12603402,138300
2010-06-11,3.1459171,3.16580014,3.06196744,3.10836101,150300
2010-06-14,3.1746377,3.20335728,3.09289646,3.09289646,159000
2010-06-15,3.13708037,3.15033562,3.08185029,3.0973146,181800
2010-06-16,3.10173287,3.13487117,3.09068666,3.10394192,146100
2010-06-17,3.10394267,3.12824414,3.0796412,3.09289646,185100
2010-06-18,3.10836127,3.11498874,3.09068727,3.09068727,276
2010-06-21,3.29172524,3.29172524,3.21440306,3.2232399,2678100
2010-06-22,3.28730721,3.28730721,3.21440313,3.23870397,228000
2010-06-23,3.23870452,3.25637852,3.20556653,3.25416946,161100
2010-06-24,3.22544821,3.26079619,3.22103042,3.25637746,228900
2010-06-25,3.24754143,3.25637795,3.20556597,3.24754143,95100
2010-06-28,3.21219329,3.26963305,3.19452024,3.26963305,167100
2010-06-29,3.20335686,3.24533169,3.10836101,3.10836101,120600
2010-06-30,3.15254468,3.15254468,3.00010906,3.08185029,187200
2010-07-01,3.07964155,3.08185124,3.00452841,3.01557493,260100
2010-07-02,3.02220249,3.02220249,2.98243671,3.02220249,113100
2010-07-05,2.99569083,3.0575487,2.98906336,3.00231862,208200
2010-07-06,3.01999145,3.07080373,3.00673619,3.0619669,361800
2010-07-07,3.09289643,3.09289643,3.06196781,3.08847833,276000
2010-07-08,3.15917315,3.15917315,3.04871295,3.07964158,177300
2010-07-12,3.12161563,3.12161563,3.02441011,3.05312967,261300
2010-07-13,3.09289662,3.13708114,3.05975831,3.07080483,729000
2010-07-14,3.09289648,3.09510616,3.06638596,3.08405995,63900
2010-07-15,3.11498874,3.11719779,3.01557446,3.09068727,98700
2010-07-16,3.09731563,3.09952437,3.0199928,3.0376668,154200
2010-07-19,3.07964111,3.10615163,3.00673702,3.0641768,223800
2010-07-20,3.0575485,3.07964027,3.02661925,3.05975723,1115700
2010-07-21,3.05533992,3.1702185,3.05533992,3.1591723,368700
2010-07-22,3.18126611,3.30277252,3.18126611,3.30277252,264900
2010-07-23,3.302771,3.44636976,3.302771,3.38893032,800100
2010-07-26,3.40218675,3.40881422,3.30719056,3.33149171,127800
2010-07-27,3.36904761,3.40218591,3.3248631,3.38009381,432600
2010-07-28,3.42206864,3.42206864,3.31381753,3.38009381,261000
2010-07-29,3.38009337,3.45299743,3.38009337,3.44636965,318600
2010-07-30,3.42427791,3.57892323,3.42427791,3.57892323,393600
2010-08-02,3.58686099,3.67597611,3.58686099,3.65146947,279900
2010-08-03,3.57572113,3.66260789,3.57572113,3.63141751,1019400
2010-08-04,3.63141721,3.69825305,3.62027774,3.65369582,623700
2010-08-05,3.65815182,3.72053194,3.65592412,3.72053194,691500
2010-08-06,3.6826591,3.7428112,3.67597535,3.7428112,580800
2010-08-09,3.74281176,3.76063434,3.68934307,3.7539506,111600
2010-08-10,3.73167131,3.74281078,3.65592402,3.68711376,426000
2010-08-11,3.65369609,3.72053194,3.65369609,3.72053194,471900
2010-08-12,3.7361264,3.7361264,3.62696042,3.70939207,164400
2010-08-13,3.69825315,3.7049369,3.65369593,3.69825315,662100
2010-08-16,3.69825299,3.82078552,3.68711352,3.82078552,166800
2010-08-17,3.82746846,3.98341937,3.82746846,3.91658354,1059900
2010-08-18,3.96336921,3.96559691,3.83192523,3.96559691,166200
2010-08-19,3.90544429,3.90544429,3.85420332,3.87425423,107700
2010-08-20,3.81187443,3.89876118,3.81187443,3.88316631,278100
2010-08-23,3.85197694,3.86088838,3.78736877,3.79182482,74400
2010-08-24,3.78736781,3.78736781,3.74058256,3.76508951,165000
2010-08-25,3.77623007,3.77623007,3.64255802,3.65146947,403800
2010-08-26,3.67374659,3.72276018,3.67374659,3.68711376,512100
2010-08-27,3.69825327,3.86979908,3.69825327,3.76286173,138900
2010-08-30,3.81855844,3.81855844,3.70939337,3.77400088,306
2010-08-31,3.74281023,3.83192468,3.69825269,3.83192468,42000
2010-09-01,3.82078589,3.90990067,3.80964674,3.90990067,1053
2010-09-02,3.83192539,3.85420368,3.78736784,3.81855822,316800
2010-09-03,3.85197595,3.85420365,3.7450386,3.76508951,70500
2010-09-06,3.81855819,3.81855819,3.76508951,3.76508951,107700
2010-09-08,3.74726603,3.84306455,3.73835458,3.84306455,44400
2010-09-09,3.83638033,3.95891285,3.83638033,3.95891285,202200
2010-09-10,3.94331862,4.00792612,3.87425443,3.96559691,281400
2010-09-13,3.90098824,3.99901445,3.88984941,3.98787498,413400
2010-09-14,3.98564783,3.99233125,3.9054445,3.96559691,97200
2010-09-15,3.96559637,3.98787498,3.93663434,3.98787498,467100
2010-09-16,3.98564819,4.07253463,3.97896444,4.05248404,355800
2010-09-17,4.01461023,4.11040876,4.01461023,4.05248404,284100
2010-09-20,4.12154749,4.12154749,4.01015472,4.01015472,603
2010-09-21,4.02129312,4.07699013,4.01683803,4.07699013,246900
2010-09-22,4.07699014,4.0903573,4.06362297,4.0903573,96
2010-09-23,4.0547112,4.0903573,3.99010338,4.0903573,241800
2010-09-24,3.97673621,4.07699013,3.96782444,4.07699013,283200
2010-09-27,4.04357243,4.10149618,4.04357243,4.04357243,197100
2010-09-28,4.04357243,4.04357243,3.97450793,4.04357243,63300
2010-09-29,4.03911677,4.04134447,4.01015472,4.01015472,189000
2010-09-30,4.03243302,4.07699057,3.93217941,4.00569868,208800
2010-10-01,3.98787498,4.03911595,3.94331808,3.98787498,102900
2010-10-04,3.96114113,4.01906585,3.96114113,4.00569868,82200
2010-10-05,3.999015,3.999015,3.94109028,3.96559691,95100
2010-10-06,3.96559725,4.01683855,3.91881232,4.01683855,130800
2010-10-07,3.98564728,4.01015392,3.98564728,3.98787498,362400
2010-10-08,3.9878758,4.04134448,3.97896435,4.03243303,1260000
2010-10-11,4.05025509,4.18838215,4.05025509,4.18838215,271800
2010-10-13,4.2017496,4.40671315,4.2017496,4.37552309,1724100
2010-10-14,4.34433414,4.4312209,4.33542237,4.36661243,857100
2010-10-15,4.34433467,4.37775275,4.28640994,4.30200481,1397700
2010-10-18,4.30200429,4.3799796,4.27749829,4.36661243,149400
2010-10-19,4.34210527,4.34210527,4.17724385,4.27749777,172200
2010-10-20,4.27749968,4.34433555,4.25744876,4.29977798,375000
2010-10-21,4.3421058,4.40003052,4.29977659,4.36661243,416100
2010-10-22,4.41117,4.41117,4.36661245,4.40671396,181200
2010-10-25,4.41116974,4.50028419,4.41116974,4.50028419,426600
2010-10-26,4.49805657,4.63395596,4.4891448,4.63395596,442800
2010-10-27,4.62950074,4.62950074,4.47800645,4.49805737,173700
2010-10-28,4.55598057,4.56934774,4.48914473,4.50028419,279000
2010-10-29,4.54261371,4.7899065,4.5002845,4.7899065,1062900
2010-11-01,4.73421011,4.76317215,4.58939863,4.76317215,333600
2010-11-03,4.73198155,4.901299,4.73198155,4.901299,396600
2010-11-04,4.90129824,5.04165363,4.86119675,5.04165363,622500
2010-11-05,5.03942774,5.03942774,4.93694547,5.01269341,61800
2010-11-08,5.01046481,5.1240859,4.93694522,5.1240859,245400
2010-11-09,5.1218586,5.15750438,5.03274445,5.1218586,191400
2010-11-10,5.1240863,5.1240863,5.01269353,5.1218586,257100
2010-11-11,5.11963134,5.12408674,5.03274488,5.03274488,79500
2010-11-12,4.84560308,4.97704642,4.71415878,4.85674191,457500
2010-11-16,4.92357858,4.92357858,4.67851411,4.73421049,292800
2010-11-17,4.73421004,4.81218535,4.73421004,4.78767872,229200
2010-11-18,4.92357816,4.95699625,4.85674232,4.88570499,41700
2010-11-19,4.87233786,4.87233786,4.7899065,4.7899065,96300
2010-11-22,4.80327356,4.80327356,4.67851364,4.73866606,205200
2010-11-23,4.70747461,4.77653814,4.67851257,4.67851257,74100
2010-11-24,4.81218487,4.83223578,4.66960143,4.77876711,136200
2010-11-25,4.74757782,4.94362966,4.74757782,4.93694592,58200
2010-11-26,4.81218411,4.96813437,4.81218411,4.92803288,92100
2010-11-29,4.89907205,5.1240859,4.89461601,5.1240859,731700
2010-11-30,5.01269321,5.25775766,4.94362903,5.25775766,652800
2010-12-01,5.19760649,5.33350654,5.15750497,5.213202,789900
2010-12-02,5.23547894,5.23547894,5.13522502,5.21097231,233400
2010-12-03,5.21320115,5.32236621,5.12408605,5.26889753,839100
2010-12-06,5.23547956,5.32459402,5.23547956,5.32459402,1478400
2010-12-07,5.32459345,5.34687238,5.2555299,5.29117537,1221000
2010-12-08,5.31345433,5.34464407,5.23770672,5.34464407,489600
2010-12-09,5.29563229,5.40034195,5.29117624,5.30231571,235800
2010-12-10,5.28003654,5.36915067,5.24661846,5.29117537,396300
2010-12-13,5.30231404,5.45603661,5.29117458,5.40925169,781200
2010-12-14,5.40774947,5.44589586,5.34267686,5.38306665,410700
2010-12-15,5.37409063,5.45038245,5.34043231,5.38531017,481500
2010-12-16,5.38531092,5.46384615,5.38531092,5.39653015,348600
2010-12-17,5.40774862,5.46833347,5.38531017,5.38531017,246000
2010-12-20,5.48404129,5.48404129,5.38531132,5.39204311,255000
2010-12-21,5.41896959,5.50872469,5.41896959,5.50872469,499500
2010-12-22,5.50648208,5.56482259,5.47506747,5.51770067,258300
2010-12-23,5.54013823,5.58501578,5.44365134,5.57604027,109200
2010-12-27,5.49526068,5.61643038,5.49526068,5.57604027,142500
2010-12-28,5.59847963,5.66579628,5.57604117,5.66579628,50100
2010-12-29,5.66579533,5.98891367,5.66579533,5.94628048,388200
2010-12-30,5.85203731,6.05174288,5.85203731,5.94628048,247800
2011-01-03,5.94628058,5.94628058,5.69945375,5.70394182,240600
2011-01-04,5.60969911,5.7645265,5.55360233,5.72189331,384900
2011-01-05,5.69945331,5.7218924,5.58725977,5.58725977,104100
2011-01-06,5.58726127,5.7443324,5.58501691,5.60969973,261000
2011-01-07,5.57155253,5.69721031,5.52443126,5.69721031,71700
2011-01-10,5.66579528,5.7735014,5.63438132,5.7735014,105300
2011-01-11,5.8340868,5.85876962,5.74881977,5.8565259,61200
2011-01-12,5.86774483,5.9462807,5.757795,5.89018393,684300
2011-01-13,5.89915895,5.9440365,5.83408603,5.89915895,96900
2011-01-14,5.90140181,5.94627935,5.76676855,5.86774349,55500
2011-01-17,5.83408731,5.83408731,5.76901501,5.80267334,138000
2011-01-18,5.831843,5.831843,5.72189316,5.80042839,212400
2011-01-19,5.76676827,5.92159625,5.7577934,5.90140152,106200
2011-01-20,5.75330656,5.90140278,5.75330656,5.83184242,75300
2011-01-21,5.83408687,5.89018429,5.63886936,5.72189331,131700
2011-01-24,5.80042864,5.80042864,5.63662573,5.69945431,159000
2011-01-26,5.65906449,5.77574677,5.63438231,5.66579628,48300
2011-01-27,5.70169881,5.70169881,5.51994423,5.59623575,219300
2011-01-28,5.50199114,5.52891767,5.34043169,5.34043169,96000
2011-01-31,5.273116,5.38755389,5.13848337,5.38531017,452400
2011-02-01,5.37184743,5.49750423,5.2080439,5.49750423,714
2011-02-02,5.28433636,5.37409145,5.248434,5.3135066,253800
2011-02-03,5.27311661,5.27311661,5.15419063,5.21028805,663
2011-02-04,5.15194746,5.15194746,5.07116755,5.13624048,204300
2011-02-07,5.1833621,5.21702043,5.06668014,5.160923,202200
2011-02-08,4.94326603,5.25067802,4.94326603,5.05097246,555
2011-02-09,5.16316661,5.16316661,5.00385084,5.15867853,290100
2011-02-10,5.12950849,5.18336155,4.97019304,5.138484,216000
2011-02-11,5.13848339,5.26638422,4.98141199,5.066679,597300
2011-02-14,4.94775404,5.13848377,4.94775404,5.116045,978000
2011-02-15,5.2035564,5.2035564,5.12726393,5.15867853,734700
2011-02-16,5.13624008,5.24618991,5.07116716,5.15867853,202200
2011-02-17,5.13848471,5.16541124,5.02853454,5.08238792,423900
2011-02-18,5.08463066,5.12726417,5.04872894,5.04872894,417300
2011-02-21,5.05097316,5.160923,5.04872944,5.160923,210600
2011-02-22,5.23945868,5.23945868,5.09809424,5.15419102,685500
2011-02-23,5.09809366,5.16092222,5.08014264,5.116045,286500
2011-02-24,5.116045,5.116045,5.116045,5.116045,0
2011-02-25,5.04872851,5.06219177,4.94775388,5.03750896,79200
2011-02-28,5.04872925,5.15419102,5.01731465,5.15419102,200100
2011-03-01,5.20580018,5.20580018,5.093606,5.093606,207600
2011-03-02,5.16316608,5.23945757,5.12053193,5.20579958,285000
2011-03-03,5.25292109,5.46833362,5.25292109,5.43018723,504300
2011-03-04,5.46609004,5.46609004,5.24618975,5.36062765,281400
2011-03-09,5.36062765,5.36062765,5.36062765,5.36062765,0
2011-03-10,5.2551653,5.2551653,5.138484,5.138484,114300
2011-03-11,5.12502001,5.27311589,5.01282551,5.20579958,182700
2011-03-14,5.11155741,5.12726439,5.06219243,5.08911896,159000
2011-03-15,5.01507062,5.09585053,4.89614496,5.04872894,265500
2011-03-16,5.04872903,5.09136254,5.02628993,5.04424095,233100
2011-03-17,5.10033736,5.15194702,5.05546046,5.15194702,379800
2011-03-18,5.16092222,5.20804381,5.10033738,5.116045,114900
2011-03-21,5.13848362,5.13848362,4.72560989,5.09809351,669
2011-03-22,5.16765426,5.16989862,5.11155748,5.11155748,29400
2011-03-23,5.21253085,5.27087197,5.18336061,5.23496962,96900
2011-03-24,5.15194761,5.25067854,5.15194761,5.25067854,300
2011-03-25,5.16989863,5.25067854,5.1609228,5.25067854,63300
2011-03-28,5.38531022,5.3987738,5.31126211,5.37409067,133800
2011-03-29,5.38530976,5.47057676,5.34491998,5.47057676,63900
2011-03-30,5.38530976,5.47057676,5.34491998,5.47057676,63900
2011-03-31,5.4840411,5.57155249,5.4324324,5.54238224,102000
2011-04-01,5.56482043,5.74208689,5.56482043,5.74208689,97200
2011-04-04,5.69945446,5.83408712,5.69945446,5.77799034,163200
2011-04-05,5.69945446,5.83408712,5.69945446,5.77799034,163200
2011-04-06,5.78920954,5.78920954,5.71291674,5.77125788,50400
2011-04-07,5.5715509,5.57379526,5.45262623,5.45262623,344400
2011-04-08,5.42345535,5.46384481,5.39652883,5.45262623,205500
2011-04-11,5.38531046,5.49077221,5.36062765,5.36062765,100800
2011-04-12,5.34940761,5.34940761,5.21701934,5.27311611,153300
2011-04-13,5.2731157,5.49974775,5.2731157,5.49974775,91200
2011-04-14,5.49077244,5.49750423,5.45935848,5.49750423,90000
2011-04-15,5.45262779,5.51545572,5.45262779,5.51545572,114000
2011-04-18,5.47282252,5.54238224,5.44365163,5.54238224,18900
2011-04-19,5.54238195,5.57604027,5.48404081,5.57604027,24300
2011-04-20,5.56482087,5.56482087,5.44589554,5.49750423,45900
2011-04-25,5.49750414,5.53116246,5.49750414,5.51994324,62100
2011-04-26,5.53565164,5.60745573,5.50199332,5.60745573,181500
2011-04-27,5.60745449,5.64335652,5.53565042,5.54462528,99600
2011-04-28,5.65008853,5.65008853,5.38755441,5.49750423,132600
2011-04-29,5.42121236,5.4346753,5.34940765,5.43018723,150600
2011-05-02,5.4346759,5.52667535,5.29331178,5.31799459,78000
2011-05-03,5.31575014,5.31575014,5.16541052,5.16541052,48300
2011-05-04,5.21702041,5.24170258,4.68970837,4.89165735,336600
2011-05-05,4.91409476,5.01282469,4.71438926,4.97692299,302400
2011-05-06,5.02180226,5.33818913,4.98141247,5.33818913,129300
2011-05-09,5.25292214,5.38755512,5.25292214,5.38755512,501
2011-05-10,5.38755512,5.38755512,5.38755512,5.38755512,0
2011-05-11,5.41896827,5.47057696,5.32472512,5.46833324,76800
2011-05-12,5.36287066,5.36287066,5.30004211,5.31126165,79500
2011-05-13,5.27760486,5.29555524,5.16989842,5.27087307,117900
2011-05-16,5.27087307,5.27087307,5.27087307,5.27087307,0
2011-05-17,5.22375042,5.36062674,5.16989705,5.34043169,392700
2011-05-18,5.34043174,5.46384481,5.33594367,5.45262623,148200
2011-05-19,5.35165305,5.47506648,5.30004371,5.44140816,147300
2011-05-20,5.45935822,5.45935822,5.3763346,5.45038271,86100
2011-05-23,5.44813888,5.44813888,5.39204212,5.43018723,46200
2011-05-24,5.46833356,5.46833356,5.35389566,5.35389566,38700
2011-05-25,5.37184716,5.37184716,5.30901796,5.34492064,36300
2011-05-26,5.38306586,5.38306586,5.33370088,5.37409067,18000
2011-05-27,5.29555473,5.3718472,5.29555473,5.36062765,31200
2011-05-30,5.30004351,5.44365168,5.30004351,5.44365168,29700
2011-05-31,5.43018752,5.47506571,5.38531062,5.47506571,146700
2011-06-01,5.44813915,5.44813915,5.23945808,5.23945808,137700
2011-06-02,5.34716422,5.38531029,5.24394587,5.27311611,84000
2011-06-03,5.37409088,5.37409088,5.24170164,5.34492064,50400
2011-06-06,5.29331165,5.48628511,5.26862852,5.45711422,51600
2011-06-07,5.36960255,5.45262681,5.36960255,5.38531017,99000
2011-06-08,5.34043344,5.35165299,5.24394686,5.26189756,107400
2011-06-09,5.16989824,5.34267664,5.16989824,5.34267664,69900
2011-06-10,5.31350652,5.34267676,5.25067827,5.31799459,231000
2011-06-13,5.31799459,5.3292135,5.25965346,5.31799459,119400
2011-06-14,5.23048246,5.29555442,5.22823811,5.22823811,60900
2011-06-15,5.228239,5.228239,5.01282644,5.01282644,64800
2011-06-16,5.04872887,5.05097258,4.74580526,4.74580526,145500
2011-06-17,4.86921891,5.160923,4.76824426,5.160923,291900
2011-06-20,5.08014274,5.10931362,4.94775414,4.97019291,644100
2011-06-21,5.02853407,5.02853407,4.95897338,5.01282644,283200
2011-06-22,5.01731469,5.11828934,4.99038816,5.07341146,154200
2011-06-24,5.0554615,5.0554615,4.90512089,5.04199791,100800
2011-06-27,5.11380075,5.33818913,5.09360602,5.33818913,353700
2011-06-28,5.31799475,5.49974899,5.31799475,5.4930172,289800
2011-06-29,5.46160212,5.47506571,5.36287152,5.47506571,179400
2011-06-30,5.39204204,5.45038253,5.38531025,5.4077487,140100
2011-07-01,5.33818867,5.4077487,5.3314572,5.4077487,192300
2011-07-04,5.39877383,5.4077487,5.35613936,5.4077487,33000
2011-07-05,5.42570036,5.50647993,5.35613936,5.4077487,99300
2011-07-06,5.3202374,5.3628709,5.23272604,5.30677414,126300
2011-07-07,5.38755404,5.43018723,5.2618966,5.43018723,279300
2011-07-08,5.34267603,5.38531017,5.17438508,5.38531017,294900
2011-07-11,5.27984727,5.29555425,5.11380005,5.11380005,48600
2011-07-12,5.15867852,5.22599484,5.11380065,5.19458055,166200
2011-07-13,5.2372144,5.31574962,5.18784846,5.27311611,53400
2011-07-14,5.27311691,5.27311691,5.08911896,5.08911896,137700
2011-07-15,5.08463197,5.16092383,5.00385237,5.00385237,70500
2011-07-18,5.02404649,5.0891191,4.98590009,5.04648495,57000
2011-07-19,5.01507112,5.160923,5.01507112,5.160923,26100
2011-07-20,5.26414078,5.26414078,5.09136176,5.22823811,81300
2011-07-21,5.15867691,5.17214017,5.07116556,5.07116556,236400
2011-07-22,5.16989814,5.16989814,5.01731417,5.093606,61500
2011-07-25,5.04872944,5.160923,5.04872944,5.160923,360
2011-07-26,4.89390097,4.99038753,4.89390097,4.95897293,30300
2011-07-27,4.91858264,4.93653397,4.89165611,4.91633892,64500
2011-07-28,4.95672945,5.1586784,4.88268134,5.08687401,91500
2011-07-29,4.93653441,5.07341077,4.86697438,4.90960789,1842
2011-08-01,5.01818533,5.20219302,5.00228361,5.19083405,88200
2011-08-02,5.11132574,5.19083469,5.03408735,5.11132574,83700
2011-08-03,5.17947607,5.17947607,5.00001145,5.13404179,144000
2011-08-04,5.03181559,5.03181559,4.55248684,4.95003414,96900
2011-08-05,4.95457837,5.168118,4.78420085,5.168118,51600
2011-08-08,5.06589109,5.06589109,4.4343584,4.86143827,258000
2011-08-09,4.86143858,4.90687254,4.56611749,4.73649502,202800
2011-08-10,4.61155113,4.83190667,4.61155113,4.73649502,101100
2011-08-11,4.7364962,4.87279844,4.7364962,4.87279844,251400
2011-08-12,4.82509161,5.06362009,4.7910163,5.06362009,48600
2011-08-15,4.97729516,5.15675948,4.97729516,5.14540148,107100
2011-08-16,5.15221476,5.17947513,5.12949746,5.15675783,151500
2011-08-17,5.17947755,5.1862928,4.95685076,5.00001287,144000
2011-08-18,5.03181463,5.17038802,4.97047864,5.15675783,127500
2011-08-19,5.11132511,5.22490968,5.07724948,5.19083405,122100
2011-08-22,5.2249097,5.2249097,5.02045657,5.13404179,54900
2011-08-23,5.2135518,5.2135518,5.05680448,5.19992161,18300
2011-08-24,5.18856192,5.2180935,5.06588993,5.15675783,33000
2011-08-25,5.14539983,5.17947513,5.09996556,5.15675783,77100
2011-08-26,5.15448809,5.16811828,4.99774075,4.99774075,29400
2011-08-29,5.09315112,5.09315112,5.00455474,5.03635883,38700
2011-08-30,4.95230612,5.07952154,4.95230612,5.00682688,52500
2011-08-31,5.06134729,5.1726613,4.99546854,5.1726613,149400
2011-09-01,5.172662,5.17947693,4.99774075,4.99774075,260700
2011-09-02,4.94094845,5.0204574,4.93867627,4.99774075,37200
2011-09-05,4.97502326,5.15675877,4.96366428,5.13404179,105900
2011-09-06,5.03408817,5.08633772,5.00228504,5.03181696,309000
2011-09-08,5.06361903,5.29306035,5.06361903,5.25898504,164700
2011-09-09,5.16811648,5.22490876,5.09769402,5.15675783,171600
2011-09-12,5.13177171,5.19537894,5.04317531,5.17947721,121500
2011-09-13,5.07952215,5.33622456,5.07952215,5.33622456,157200
2011-09-14,5.26580037,5.49751356,5.26580037,5.45208025,359100
2011-09-15,5.45208104,5.48615667,5.39983181,5.42936373,124500
2011-09-16,5.46343906,5.46343906,5.37711453,5.3816576,123300
2011-09-19,5.37257015,5.39074373,5.31350568,5.39074373,79500
2011-09-20,5.44072141,5.44072141,5.36348368,5.40664577,93600
2011-09-21,5.45662453,5.45662453,5.31123583,5.33849621,126900
2011-09-22,5.24762606,5.31123359,4.82736153,5.15675783,206100
2011-09-23,4.93186052,5.00455485,4.90232861,4.97502327,223800
2011-09-26,4.92958921,4.99774015,4.67515904,4.86143827,529500
2011-09-27,4.86143913,5.02500141,4.82736349,4.82736349,483000
2011-09-28,4.82736272,4.86143836,4.56157389,4.56611729,444600
2011-09-29,4.63426979,4.77057171,4.45253325,4.77057171,524100
2011-09-30,4.72286453,4.72286453,4.54112836,4.55475855,572100
2011-10-03,4.50932555,4.50932555,4.45253325,4.45253325,251100
2011-10-04,4.4525312,4.53885603,4.25034995,4.53885603,453600
2011-10-05,4.51159684,4.59792104,4.40028314,4.54340029,309300
2011-10-06,4.58883465,4.74331045,4.54340036,4.74331045,240600
2011-10-07,4.7455811,4.75012449,4.62290909,4.64562607,73800
2011-10-10,4.66380059,4.67743111,4.56384554,4.67743111,199500
2011-10-11,4.67743156,4.67743156,4.60246535,4.61609554,123600
2011-10-13,4.62745339,4.78192854,4.62745339,4.78192854,96600
2011-10-14,4.77057017,4.82736245,4.72286435,4.8160038,142500
2011-10-17,4.83417735,4.83417735,4.68197375,4.69106054,86700
2011-10-18,4.83417735,4.83417735,4.68197375,4.69106054,86700
2011-10-19,4.75466834,4.75466834,4.66152921,4.67061567,171600
2011-10-20,4.69333232,4.77057071,4.45707603,4.63199663,439200
2011-10-21,4.7228644,4.7660265,4.656985,4.7660265,140100
2011-10-24,4.77057086,4.79101631,4.65925716,4.67970228,117000
2011-10-25,4.77057086,4.79101631,4.65925716,4.67970228,117000
2011-10-26,4.6683443,4.67743109,4.63426899,4.65471411,120000
2011-10-27,4.65016916,4.69787497,4.60246367,4.66834307,42600
2011-10-28,4.7478523,4.81600323,4.65016914,4.72513533,123000
2011-10-31,4.68424602,4.7115064,4.65244192,4.65471411,86400
2011-11-01,4.5615743,4.67970228,4.5615743,4.67970228,63000
2011-11-03,4.6819745,4.74785359,4.61382355,4.62291002,207000
2011-11-04,4.67061531,4.67288685,4.54794362,4.67288685,39600
2011-11-07,4.67288617,4.67288617,4.57974672,4.57974672,34200
2011-11-08,4.60019337,4.60019337,4.52068377,4.52068377,69600
2011-11-09,4.4979667,4.61155128,4.46843413,4.61155128,114300
2011-11-10,4.54567257,4.79328752,4.47979284,4.67970228,317400
2011-11-11,4.66834386,4.7137775,4.65244149,4.68424559,138300
2011-11-14,4.68424591,4.74558193,4.64335535,4.73876667,220500
2011-11-16,4.74558207,4.74558207,4.48887968,4.48887968,559200
2011-11-17,4.48887906,4.5320418,4.3616643,4.3616643,241200
2011-11-18,4.4502611,4.61382337,4.4502611,4.47524929,356700
2011-11-21,4.44117367,4.44117367,4.19810213,4.39574003,327000
2011-11-22,4.39346804,4.53431398,4.39346804,4.52749872,60900
2011-11-23,4.4638908,4.54339974,4.2935133,4.2935133,106200
2011-11-24,4.3548497,4.40028334,4.27534009,4.40028334,29700
2011-11-25,4.40028394,4.40482766,4.31623125,4.31623125,35700
2011-11-28,4.36393641,4.393468,4.2707963,4.2707963,169500
2011-11-29,4.20264435,4.28896919,4.08451607,4.20264435,443100
2011-11-30,4.15948218,4.26398027,4.1140479,4.16629744,576900
2011-12-01,4.20264525,4.21627544,4.13222277,4.1344943,285000
2011-12-02,4.20037352,4.22309018,4.15948296,4.15948296,156900
2011-12-05,4.18219999,4.22081935,4.17992878,4.17992878,97200
2011-12-06,4.17992866,4.19128732,4.16629847,4.17765713,72000
2011-12-07,4.179928,4.25262234,4.15948256,4.25035048,108600
2011-12-08,4.26170903,4.26398057,4.16856894,4.19128656,124200
2011-12-09,4.14130856,4.21400322,4.14130856,4.19128656,96000
2011-12-12,4.17992787,4.22536182,4.13676577,4.22536182,47100
2011-12-13,4.2367202,4.29351313,4.14130856,4.19128656,194100
2011-12-14,4.15948267,4.26852417,4.1503962,4.26852417,102900
2011-12-15,4.20491762,4.22309056,4.16402705,4.17992878,69300
2011-12-16,4.18219968,4.21173224,3.97547531,3.97547531,156600
2011-12-19,3.8732484,3.97093125,3.86188975,3.94139934,117000
2011-12-20,3.95275831,3.95275831,3.88915012,3.94139934,183900
2011-12-21,3.94139973,4.06634329,3.90959595,4.04362631,329700
2011-12-22,4.0209097,4.11177731,4.0209097,4.11177731,131100
2011-12-23,4.03226823,4.03226823,3.95275927,3.95275927,618900
2011-12-26,4.03226804,4.06634368,3.88687934,3.90732479,259500
2011-12-27,3.89596567,3.90505279,3.85053204,3.87552023,158700
2011-12-28,3.88460815,3.88460815,3.80509853,3.80509853,346500
2011-12-29,3.79601206,3.95275943,3.77556661,3.80509853,421500
2012-01-02,3.80509746,3.807369,3.73694652,3.80282593,264900
2012-01-03,3.7596628,3.89369346,3.7483048,3.86188936,280800
2012-01-04,3.86189087,4.01863824,3.86189087,3.99819279,181500
2012-01-05,3.99137808,3.99819301,3.93004205,3.986835,39300
2012-01-06,3.90278101,3.94140004,3.8596189,3.8596189,104400
2012-01-09,3.93912883,3.93912883,3.82099987,3.8596189,63600
2012-01-10,3.89823713,3.89823713,3.84825945,3.84825945,147300
2012-01-11,3.82327126,3.84825945,3.78692344,3.84825945,86400
2012-01-12,3.83008674,3.85507493,3.81418437,3.82099962,89100
2012-01-13,3.8482584,3.88460588,3.83008515,3.88460588,351900
2012-01-16,3.89142328,3.91186841,3.88460802,3.8891511,177300
2012-01-17,3.91641083,3.98683396,3.91641083,3.97547531,643500
2012-01-18,3.97547474,4.22536182,3.97547474,4.22536182,813600
2012-01-19,4.1572118,4.19128743,4.10723411,4.17992878,148200
2012-01-20,4.17992751,4.29124053,4.11631997,4.25943708,257100
2012-01-23,4.25943767,4.35030558,4.21627492,4.2935133,403200
2012-01-24,4.2912424,4.34803536,4.23672164,4.31623125,139200
2012-01-26,4.31850176,4.53204203,4.31395869,4.53204203,307200
2012-01-27,4.43208686,4.5661172,4.43208686,4.55475855,225000
2012-01-30,4.54340029,4.56611759,4.46616255,4.54340029,302100
2012-01-31,4.55475789,4.61155017,4.51386733,4.57974672,468900
2012-02-01,4.58883465,4.82963467,4.57520446,4.82963467,427200
2012-02-02,4.69333123,4.80918797,4.69333123,4.75693941,128400
2012-02-03,4.75694058,4.76829858,4.64789907,4.73876667,144000
2012-02-06,4.722865,4.76602711,4.72059282,4.74331045,72900
2012-02-07,4.66607213,4.71150642,4.52068377,4.52068377,299400
2012-02-08,4.53204224,4.71150623,4.52977005,4.63199663,333300
2012-02-09,4.61155128,4.75012536,4.61155128,4.61155128,193500
2012-02-10,4.64108327,4.70241928,4.50932414,4.70241928,206400
2012-02-13,4.70241928,4.70241928,4.70241928,4.70241928,0
2012-02-14,4.81827666,4.82054787,4.65698559,4.74331045,138000
2012-02-15,4.68197397,4.74785304,4.63653968,4.67288685,232500
2012-02-16,4.65698554,4.71377784,4.64562689,4.67515945,384900
2012-02-17,4.79101716,4.79328837,4.70242075,4.77057171,193200
2012-02-23,4.84553686,4.85235179,4.74331028,4.7910161,431400
2012-02-24,4.82736383,4.8500805,4.68197513,4.76375628,341700
2012-02-27,4.77057061,4.83644937,4.69106101,4.82509136,252900
2012-02-28,4.79783185,4.81373358,4.76829928,4.81373358,133200
2012-02-29,4.83644941,4.83644941,4.77057066,4.7910161,101100
2012-03-01,4.79328719,4.80918892,4.78192854,4.78192854,100200
2012-03-02,4.78192854,4.80918892,4.779657,4.78192854,49500
2012-03-05,4.75921147,4.85007906,4.75921147,4.85007906,334500
2012-03-06,4.8023749,4.84553766,4.79328811,4.84553766,915900
2012-03-07,4.84553593,5.04317379,4.83872067,5.04317379,429300
2012-03-08,5.04544667,5.22718287,5.04544667,5.22718287,561900
2012-03-09,5.22718263,5.30442004,5.17947681,5.27034473,300300
2012-03-12,5.19537782,5.29078913,5.11814041,5.29078913,97200
2012-03-13,5.29306183,5.36121278,5.15903211,5.32713747,147300
2012-03-14,5.31123503,5.31123503,5.16584635,5.16584635,92700
2012-03-15,5.19537848,5.30441999,5.19083476,5.30441999,198900
2012-03-16,5.2771597,5.2771597,5.20446503,5.21355247,100500
2012-03-19,5.21355226,5.22491026,5.14767252,5.22491026,83100
2012-03-20,5.19083553,5.28851938,5.18174906,5.28851938,443400
2012-03-21,5.27488812,5.30442003,5.20673717,5.30214882,104400
2012-03-22,5.27488812,5.30442003,5.20673717,5.30214882,104400
2012-03-23,5.23626929,5.24989948,5.06134804,5.08860874,426900
2012-03-26,5.13404139,5.26125679,5.12268274,5.25671339,185700
2012-03-27,5.22491044,5.33395196,5.21355244,5.27034473,145800
2012-03-28,5.28170388,5.28170388,5.22036786,5.23854113,156900
2012-03-29,5.22491026,5.24762757,5.19764988,5.22491026,181200
2012-03-30,5.22491021,5.3135066,5.22263868,5.3135066,212700
2012-04-02,5.31577819,5.42936275,5.29306056,5.40664577,303900
2012-04-03,5.43390692,5.45208083,5.40664654,5.43163538,247800
2012-04-04,5.47479758,5.5656655,5.43845073,5.52931833,414900
2012-04-05,5.52931884,5.55657922,5.48842859,5.48842859,49500
2012-04-09,5.45208072,5.47252584,5.22491026,5.22491026,223200
2012-04-10,5.33849502,5.35894046,5.13404188,5.19992161,94800
2012-04-11,5.21809503,5.26807304,5.14767255,5.168118,111000
2012-04-12,5.19083378,5.27943016,5.17038867,5.25898504,139800
2012-04-13,5.32486602,5.3521264,5.21128077,5.33849621,80100
2012-04-16,5.30441995,5.31577893,5.22491035,5.27488804,80700
2012-04-17,5.34985414,5.36121215,5.22491026,5.22491026,109200
2012-04-18,5.2930612,5.31350665,5.16811797,5.22491026,91800
2012-04-19,5.22718315,5.33849621,5.12495655,5.33849621,235200
2012-04-20,5.2930618,5.36348494,5.2930618,5.33622456,33300
2012-04-23,5.33849528,5.33849528,5.19083442,5.281703,129000
2012-04-24,5.22718137,5.33622285,5.22718137,5.25444174,67800
2012-04-25,5.27034455,5.31350665,5.22491026,5.22491026,86400
2012-04-26,5.23399738,5.27943101,5.16584643,5.22491026,172500
2012-04-27,5.22491007,5.27034436,5.22491007,5.24989891,102300
2012-04-30,5.2476274,5.2476274,5.16811781,5.19310665,44400
2012-05-02,5.2476274,5.2476274,5.16811781,5.19310665,44400
2012-05-03,5.22491022,5.23172515,5.12495582,5.1953783,98100
2012-05-04,5.11359752,5.21355257,4.99774075,4.99774075,464400
2012-05-07,4.96820882,5.06134796,4.86143884,5.06134796,367500
2012-05-08,5.04317331,5.04317331,4.90687114,4.91595793,135600
2012-05-09,4.91823119,4.9409485,4.84326499,4.9091444,70200
2012-05-10,4.90914353,4.95230563,4.77511319,4.85007906,80400
2012-05-11,4.98638238,4.98638238,4.81600484,4.82736349,56400
2012-05-14,4.81600454,4.81600454,4.66152938,4.67743111,44100
2012-05-15,4.67743097,4.67743097,4.50705344,4.54340029,88500
2012-05-16,4.63426876,4.63426876,4.50932455,4.50932455,389400
2012-05-17,4.54340035,4.54340035,4.36393635,4.39119673,88500
2012-05-18,4.34349062,4.34349062,4.23217758,4.2480793,201000
2012-05-21,4.31623024,4.31623024,4.18447175,4.2480793,280800
2012-05-22,4.31623075,4.31623075,4.22536282,4.25489473,170100
2012-05-23,4.25943885,4.25943885,4.1458536,4.15721226,1346700
2012-05-24,4.11177788,4.11859314,3.97547597,4.05271339,1509900
2012-05-25,4.05725649,4.33440431,4.05725649,4.23217773,752400
2012-05-28,4.27079629,4.55021534,4.26625354,4.49796677,454800
2012-05-29,4.51386827,4.61155113,4.49796655,4.50932455,1356600
2012-05-30,4.50932465,4.56384541,4.45253236,4.54340029,471900
2012-05-31,4.56611759,4.71150628,4.47752153,4.54340029,421800
2012-06-01,4.52295489,4.61155128,4.45480395,4.61155128,276300
2012-06-04,4.50250935,4.61155086,4.45480353,4.57747555,759600
2012-06-05,4.57747587,4.57747587,4.47524929,4.47524929,236700
2012-06-06,4.4752495,4.59792121,4.4752495,4.52749872,90600
2012-06-08,4.54340014,4.56611745,4.43890203,4.47979259,147600
2012-06-11,4.48206269,4.50023659,4.38437986,4.38437986,440400
2012-06-12,4.39346673,4.53885603,4.39346673,4.53885603,119700
2012-06-13,4.5479437,4.59337766,4.50023788,4.56611729,216300
2012-06-14,4.62290994,4.7092348,4.5979211,4.61155128,114900
2012-06-15,4.67288673,4.8841548,4.62290937,4.8841548,252000
2012-06-18,4.8841548,4.8841548,4.8841548,4.8841548,0
2012-06-19,4.77057054,4.80691738,4.67288703,4.78192854,243600
2012-06-20,4.79328594,4.97956513,4.77511236,4.91595793,298200
2012-06-21,4.90687226,4.98638153,4.8659817,4.98638153,114300
2012-06-22,4.97956591,5.23626825,4.85462269,5.00455475,356700
2012-06-25,4.91595889,4.9931963,4.87279679,4.8841548,342900
2012-06-26,4.92731908,4.92731908,4.57747684,4.77057171,497700
2012-06-27,4.74103886,4.78192943,4.65244246,4.65244246,368100
2012-06-28,4.67970247,4.72968049,4.56838942,4.56838942,229800
2012-06-29,4.67288747,4.77057098,4.42754373,4.68878984,382500
2012-07-02,4.68878945,4.75921193,4.56384524,4.74785328,124200
2012-07-03,4.7478534,4.76829852,4.66380041,4.73422289,153900
2012-07-04,4.7296796,4.84099264,4.71377723,4.8160038,305100
2012-07-05,4.80691747,4.80691747,4.72740788,4.72968006,196800
2012-07-06,4.77056962,4.77056962,4.63199558,4.66834307,154200
2012-07-10,4.70469147,4.71377794,4.60700861,4.65471411,147600
2012-07-11,4.72286545,4.83872223,4.65017077,4.83872223,129300
2012-07-12,4.75921262,4.83872223,4.71377833,4.83872223,319200
2012-07-13,4.82736396,4.98638287,4.81600531,4.95230722,147600
2012-07-16,4.95230722,4.95230722,4.95230722,4.95230722,0
2012-07-17,4.90687204,4.95230568,4.77738543,4.95003414,340800
2012-07-18,4.95003492,4.99774075,4.90687281,4.99774075,302700
2012-07-19,4.99773992,5.00228364,4.93867545,4.97502327,161100
2012-07-20,4.93186142,4.94094854,4.89551425,4.93867636,69900
2012-07-23,4.86598159,4.91823048,4.77965674,4.83417749,286500
2012-07-24,4.9046013,4.9046013,4.70469215,4.75466919,138900
2012-07-25,4.72059291,4.99774075,4.61382358,4.99774075,438300
2012-07-26,4.99774015,4.99774015,4.86143827,4.92504549,183600
2012-07-27,4.90914377,5.2021933,4.90914377,4.99546862,192300
2012-07-30,4.99116729,5.13410162,4.93353278,5.04419136,602400
2012-07-31,5.09952115,5.09952115,4.94506037,5.0718565,481200
2012-08-01,4.93814424,5.11796478,4.88973127,5.00269508,424200
2012-08-02,5.00730517,5.00730517,4.79520924,4.90125704,552900
2012-08-03,4.95658656,4.98886231,4.88742495,4.88742495,355800
2012-08-06,4.91739506,5.00038899,4.88742454,4.92200518,263700
2012-08-07,4.93353206,5.19865136,4.92200463,5.06955004,365400
2012-08-08,5.0603296,5.0603296,4.99116798,5.00269508,255900
2012-08-09,5.00269368,5.05110664,4.98194504,4.98194504,131700
2012-08-10,5.00269368,5.05110664,4.98194504,4.98194504,131700
2012-08-13,5.09490831,5.18712443,5.07185478,5.11796284,549900
2012-08-14,5.12026954,5.28856263,5.12026954,5.20095825,763200
2012-08-15,5.15715641,5.30239599,5.15715641,5.24476147,228000
2012-08-16,5.21017853,5.27703524,5.18712499,5.27703524,374400
2012-08-17,5.25628644,5.2747292,5.18712484,5.21017838,280800
2012-08-20,5.23092746,5.28164564,5.17329295,5.27934074,243000
2012-08-21,5.26089732,5.30239428,5.19173572,5.27934074,261600
2012-08-22,5.25167577,5.30239428,5.18712527,5.27934074,302400
2012-08-23,5.27934145,5.27934145,5.21479061,5.26550913,100500
2012-08-24,5.21709571,5.34389183,5.21709571,5.30239487,1196100
2012-08-27,5.28625681,5.31392145,5.26781338,5.31392145,186300
2012-08-28,5.3231427,5.41766405,5.29547805,5.41766405,192000
2012-08-29,5.38308308,5.41766405,5.37155598,5.41766405,191100
2012-08-30,5.42458038,5.42919149,5.39461085,5.4268856,79800
2012-08-31,5.42919075,5.46146584,5.33697495,5.46146584,208200
2012-09-03,5.46146642,5.4637723,5.30700566,5.4637723,192900
2012-09-04,5.46146579,5.52140618,5.39461007,5.40613651,534300
2012-09-05,5.46377336,5.46377336,5.30700669,5.41074896,156600
2012-09-06,5.43841338,5.4637728,5.34850311,5.34850311,302700
2012-09-10,5.41766469,5.43841334,5.29547868,5.36003017,209700
2012-09-11,5.39691502,5.48452004,5.34619684,5.41305256,288000
2012-09-12,5.45454968,5.53293349,5.42457982,5.49835253,768000
2012-09-13,5.48682543,5.53293349,5.45916079,5.49835253,600600
2012-09-14,5.53062952,5.70353376,5.25398269,5.47991133,519600
2012-09-17,5.44302347,5.45224502,5.30239438,5.41766405,516300
2012-09-18,5.51218556,5.60209615,5.50988001,5.5698204,965400
2012-09-19,5.56982036,5.63437054,5.49374243,5.50526953,481500
2012-09-20,5.46377212,5.46607734,5.40383173,5.41766405,203700
2012-09-21,5.46146624,5.46146624,5.36925076,5.41766405,367200
2012-09-24,5.39461083,5.50987985,5.38538862,5.47529888,212700
2012-09-25,5.47529829,5.5997895,5.47529829,5.57904053,621600
2012-09-26,5.53523973,5.60209645,5.51449108,5.59056902,580500
2012-09-27,5.56059907,5.58826371,5.46377281,5.5191021,404700
2012-09-28,5.5260177,5.55368235,5.47299364,5.5144906,318000
2012-10-01,5.50526918,5.60209576,5.50065807,5.55598736,1439100
2012-10-02,5.57904163,5.72428119,5.57904163,5.66434145,775200
2012-10-03,5.67586761,5.67586761,5.60440111,5.60440111,507300
2012-10-04,5.60209636,5.60209636,5.49835345,5.5191021,403200
2012-10-05,5.53523998,5.56520985,5.52371288,5.5375452,548400
2012-10-08,5.54215506,5.57673537,5.51910119,5.52601719,492300
2012-10-09,5.56059899,5.69431112,5.56059899,5.64820337,610500
2012-10-10,5.68739592,5.68739592,5.60209676,5.6389823,219600
2012-10-11,5.65281448,5.68970067,5.6136224,5.64820337,268500
2012-10-15,5.668951,5.668951,5.55829243,5.6020956,160500
2012-10-16,5.58134717,5.64589801,5.54446098,5.5698204,255000
2012-10-17,5.57212503,5.5790407,5.51679542,5.54907084,269100
2012-10-18,5.55598759,5.55598759,5.45916134,5.47529888,223500
2012-10-19,5.47991035,5.54676707,5.41766473,5.5191021,269700
2012-10-22,5.53293371,5.57443101,5.50987951,5.53293371,149100
2012-10-23,5.51218507,5.57673557,5.49143675,5.53293371,516900
2012-10-24,5.55137527,5.64589661,5.51448942,5.6251483,289800
2012-10-25,5.62745461,5.7634726,5.62745461,5.69431067,357600
2012-10-26,5.75425151,5.90871261,5.71736532,5.8095808,552300
2012-10-29,5.85107876,5.86721597,5.72889273,5.77039003,520800
2012-10-30,5.76347277,5.81880206,5.76347277,5.79805374,177300
2012-10-31,5.80958074,5.85107803,5.77038932,5.85107803,509400
2012-11-01,5.86490951,5.86490951,5.78652602,5.80727434,360600
2012-11-05,5.77960918,5.8095797,5.73811255,5.75194454,283800
2012-11-06,5.78652654,5.87874268,5.72889202,5.85107803,474000
2012-11-07,5.87643681,5.91101778,5.85568849,5.87874269,347700
2012-11-08,5.81419041,6.01706511,5.79574797,5.83032894,722100
2012-11-09,5.84185534,5.87874219,5.74041897,5.83263445,431100
2012-11-12,5.8533831,5.8533831,5.61131696,5.75655651,388500
2012-11-13,5.76116713,5.78191545,5.58365185,5.6020956,390600
2012-11-14,5.60670526,5.71736448,5.55598708,5.68739462,309600
2012-11-16,5.69431001,5.74733473,5.48451999,5.58826256,372600
2012-11-19,5.63436918,5.64589661,5.57903991,5.6251483,397500
2012-11-21,5.61362087,5.75424994,5.60209476,5.6251483,600000
2012-11-22,5.67125845,5.70583943,5.43380305,5.67125845,325500
2012-11-23,5.67356314,5.76116819,5.62515017,5.74041986,356400
2012-11-26,5.74042068,5.74503113,5.58826477,5.6458993,290400
2012-11-27,5.68047751,5.74041789,5.64820177,5.65742397,184800
2012-11-28,5.66895185,5.7012276,5.5329345,5.59056902,231000
2012-11-29,5.60209591,5.63437034,5.54446074,5.63206577,227100
2012-11-30,5.63898109,5.66203462,5.53754407,5.54907084,291600
2012-12-03,5.58826343,5.67356258,5.53985046,5.61362219,175200
2012-12-04,5.60670487,5.67356157,5.55829191,5.55829191,342000
2012-12-05,5.60439909,5.63667417,5.5421535,5.59287167,261300
2012-12-06,5.61823464,5.71045015,5.60440265,5.6458993,262500
2012-12-07,5.61823358,5.68278442,5.57443172,5.59518003,158400
2012-12-10,5.61823284,5.927155,5.57904077,5.90871191,863700
2012-12-11,5.90179668,5.95943119,5.80497074,5.80497074,913800
2012-12-12,5.78652558,5.79805301,5.71736431,5.71736431,364200
2012-12-13,5.74041851,5.74041851,5.63667561,5.71736431,233100
2012-12-14,5.66203489,5.80958031,5.58134684,5.79113722,436200
2012-12-17,5.78191565,5.81419074,5.74041902,5.76347256,248400
2012-12-18,5.81880199,5.9940114,5.81880199,5.9940114,1558500
2012-12-19,5.99401217,6.32598794,5.96173708,6.19458103,1733400
2012-12-20,6.16922241,6.17844396,6.05164749,6.10006046,216600
2012-12-21,5.99401132,6.33981969,5.97556889,6.30523872,705300
2012-12-26,6.29140643,6.40898132,6.28679599,6.40898132,325200
2012-12-27,6.34442998,6.39514816,6.29601703,6.36287308,556200
2012-12-28,6.30523799,6.45508862,6.24529826,6.45508862,505800
2013-01-02,6.49889085,6.50119673,6.31676579,6.31676579,397800
2013-01-03,6.30984902,6.30984902,6.04011829,6.13233376,939600
2013-01-04,6.12772361,6.19457966,6.0885322,6.15308237,822900
2013-01-07,6.22224442,6.22224442,6.01937038,6.04011869,608400
2013-01-08,6.04934032,6.40898132,6.028592,6.40898132,988800
2013-01-09,6.41820343,6.54730511,6.36517937,6.54730511,751200
2013-01-10,6.53116621,6.59341182,6.41589655,6.45508862,415500
2013-01-11,6.46431016,6.57035828,6.44356119,6.57035828,296700
2013-01-14,6.57496963,6.67179555,6.50811357,6.63952112,293100
2013-01-15,6.57496943,6.71790375,6.50811337,6.64413071,368700
2013-01-16,6.64412999,6.66026852,6.57035828,6.57035828,552000
2013-01-17,6.57035942,6.73173618,6.35134748,6.73173618,331200
2013-01-18,6.70868235,6.72020912,6.64643674,6.72020912,676800
2013-01-21,6.72020931,6.76170594,6.64413104,6.70868254,305700
2013-01-22,6.7040723,6.71098862,6.50119821,6.52425241,471600
2013-01-23,6.70407193,6.84470038,6.50119786,6.74556923,564900
2013-01-24,6.75478989,6.84700537,6.54961062,6.84700537,479100
2013-01-28,6.83778498,6.84700653,6.66257555,6.70176697,328200
2013-01-29,6.75248369,6.76631568,6.66257345,6.68562698,205200
2013-01-30,6.6856292,6.68793508,6.52425241,6.52425241,543300
2013-01-31,6.58419093,6.64643587,6.4919748,6.57035828,606600
2013-02-01,6.57266502,6.75479078,6.49889197,6.74556923,1146000
2013-02-04,6.74095682,6.79859199,6.64413025,6.79628611,436500
2013-02-05,6.82395081,6.82395081,6.69254393,6.74326277,276900
2013-02-06,6.75939907,6.76401018,6.60032757,6.69254303,316500
2013-02-07,6.54500074,6.56805428,6.3697913,6.52425241,1079100
2013-02-08,6.48736423,6.57035814,6.38823178,6.40437031,377700
2013-02-13,6.45508963,6.46200596,6.35365195,6.41359234,193800
2013-02-14,6.36979006,6.38592727,5.92484924,6.07469988,1342500
2013-02-15,6.0862285,6.18766488,6.01245544,6.15538979,702600
2013-02-18,6.19458069,6.29140728,6.17383237,6.26143742,234300
2013-02-19,6.2983228,6.33751487,6.20149687,6.32829332,246300
2013-02-20,6.29601885,6.29832341,6.1115872,6.22455168,482100
2013-02-21,6.14616641,6.26143607,6.05164572,6.13233376,359700
2013-02-22,6.18074732,6.32598686,6.11619715,6.32598686,319500
2013-02-25,6.30985154,6.31446264,6.18997138,6.25913334,388800
2013-02-26,6.23607766,6.33981991,6.19688624,6.33981991,332400
2013-02-27,6.32829394,6.32829394,6.20149747,6.22455168,310500
2013-02-28,6.20610905,6.43203735,6.11389355,6.43203735,398100
2013-03-01,6.37440002,6.39053789,6.14616657,6.35365105,631500
2013-03-04,6.34904227,6.37440104,6.1968864,6.28218555,390900
2013-03-05,6.32368183,6.53347152,6.32368183,6.43895149,1416600
2013-03-06,6.51733618,6.57036026,6.36979139,6.52886295,750300
2013-03-07,6.57035828,6.59110659,6.45969972,6.57035828,424200
2013-03-08,6.51272386,6.81473037,6.49658664,6.55422115,769200
2013-03-11,6.63721559,6.77323359,6.48736559,6.59110785,1047600
2013-03-12,6.5911062,6.63721393,6.56574678,6.56574678,478800
2013-03-13,6.57496972,6.61646636,6.48505946,6.50119734,718200
2013-03-14,6.45739411,6.58188532,6.45508889,6.56344223,304800
2013-03-15,6.57036009,6.59571886,6.48967137,6.59571886,2156100
2013-03-18,6.58880225,6.62799433,6.53116773,6.59341335,293700
2013-03-19,6.5888014,6.6395209,6.53116689,6.61646605,281100
2013-03-20,6.56574755,6.71559818,6.55191556,6.56805277,432300
2013-03-21,6.60494114,6.60724636,6.46431201,6.52425241,309000
2013-03-22,6.50350203,6.52425101,6.39284346,6.42742443,332700
2013-03-25,6.43203513,6.51963949,6.4251188,6.51963949,438600
2013-03-26,6.56805216,6.56805216,6.4182022,6.51733398,180300
2013-03-27,6.51272385,6.5449996,6.4320358,6.5449996,537600
2013-03-28,6.53808337,6.59110744,6.52655594,6.55883169,278400
2013-04-01,6.51503002,6.57035931,6.51503002,6.54730511,442200
2013-04-02,6.51503012,6.57035941,6.50350269,6.54961109,357600
2013-04-03,6.51502937,6.57035865,6.51502937,6.56805277,258900
2013-04-04,6.56344124,6.56574646,6.39284232,6.42050695,425700
2013-04-05,6.37440139,6.39514971,6.23607816,6.39514971,495300
2013-04-08,6.45970083,6.47814327,6.33290372,6.39745522,175800
2013-04-09,6.36979062,6.38592784,6.3029339,6.32829332,245700
2013-04-10,6.35595776,6.38823285,6.2937128,6.30293369,345900
2013-04-11,6.27987939,6.31676558,6.24299255,6.30062771,252900
2013-04-12,6.40898026,6.40898026,6.15538743,6.18305206,169800
2013-04-15,6.22455133,6.22455133,5.91101801,5.95251465,307500
2013-04-16,6.00553827,6.051646,5.87413073,5.87413073,431700
2013-04-17,5.80266438,5.93637648,5.65281374,5.6827836,538800
2013-04-18,5.82110899,6.05164841,5.63898319,6.01706743,297000
2013-04-19,6.0216752,6.13233376,6.0216752,6.13233376,137100
2013-04-22,6.08853228,6.21071762,6.04472977,6.12772369,361500
2013-04-23,6.21532862,6.42742488,6.14155689,6.38131714,504000
2013-04-24,6.43434196,6.57035997,6.43434196,6.535779,326700
2013-04-25,6.56574759,6.57035869,6.45047792,6.49889088,447600
2013-04-26,6.49889088,6.49889088,6.49889088,6.49889088,0
2013-04-29,6.55652663,6.55652663,6.4550896,6.50119734,448500
2013-04-30,6.50811454,6.52425241,6.45970157,6.52425241,242400
2013-05-02,6.49658777,6.52425241,6.46200679,6.52425241,356700
2013-05-03,6.52425184,6.68332338,6.52425184,6.68332338,300000
2013-05-06,6.66487895,6.72712456,6.47814214,6.55191517,668100
2013-05-07,6.58188635,6.70868281,6.57497002,6.68332338,260700
2013-05-08,6.69715668,6.70868345,6.57958176,6.62568951,236700
2013-05-09,6.60494039,6.73173618,6.545,6.73173618,170400
2013-05-10,6.71790433,6.71790433,6.57497,6.63721561,607500
2013-05-13,6.63952176,6.63952176,6.54730561,6.59341335,249000
2013-05-14,6.61646658,6.73173626,6.61646658,6.69715595,153300
2013-05-15,6.70637647,6.74326332,6.64413086,6.72020912,304200
2013-05-16,6.69023875,6.74326281,6.66257411,6.67410088,495000
2013-05-17,6.6810172,6.70868184,6.64413035,6.67410088,319200
2013-05-20,6.68101789,6.73173608,6.63952126,6.70868254,401100
2013-05-21,6.69484915,6.75478888,6.6764054,6.75478888,92100
2013-05-22,6.75248507,6.75479029,6.70176622,6.72712564,167400
2013-05-23,6.65335246,6.79628611,6.45508887,6.79628611,534000
2013-05-24,6.76401192,6.76401192,6.54730521,6.54961109,565200
2013-05-27,6.60263368,6.60263368,6.43203538,6.48505878,217200
2013-05-28,6.5357781,6.53808332,6.42742475,6.47583771,294900
2013-05-29,6.42511952,6.47583771,6.39745488,6.47583771,115500
2013-05-31,6.47583761,6.61646605,6.20380228,6.61646605,622200
2013-06-03,6.54269536,6.54269536,6.41359302,6.42973089,242400
2013-06-04,6.4527837,6.45508892,6.34212514,6.36056757,313500
2013-06-05,6.29832271,6.48736544,6.21532878,6.34212589,526800
2013-06-06,6.34673571,6.48505892,6.29601753,6.40898132,256800
2013-06-07,6.39745589,6.43664731,6.22455168,6.22455168,248100
2013-06-10,6.24529901,6.3997601,6.00092767,6.17844296,575100
2013-06-11,6.11619695,6.33751409,6.00553839,6.04011869,710700
2013-06-12,6.040119,6.05856275,5.78191566,5.78191566,556500
2013-06-13,5.77730481,5.82110667,5.56751445,5.74963951,790200
2013-06-14,5.77499994,6.06547902,5.74041897,5.83263445,525600
2013-06-17,5.89949004,6.15769335,5.80957979,6.11158562,612600
2013-06-18,6.04703639,6.17152763,6.02167696,6.10006046,463200
2013-06-19,6.09083777,6.14847293,5.94790411,5.94790411,551400
2013-06-20,5.94559829,5.94559829,5.54446064,5.76347256,906600
2013-06-21,5.73350182,5.9709568,5.67817254,5.9709568,401400
2013-06-24,5.88104761,6.04703547,5.7634727,5.9940114,691200
2013-06-25,5.95943046,6.0516466,5.75194531,5.88565874,537900
2013-06-26,5.90640683,5.99170598,5.71736477,5.83263445,620700
2013-06-27,5.84877191,5.93868216,5.80958049,5.9133234,623400
2013-06-28,5.87874225,5.95712508,5.79113722,5.93407154,515100
2013-07-01,5.87874228,5.95712511,5.79113725,5.83724499,420000
2013-07-02,5.83032907,5.83263429,5.6020956,5.6020956,366300
2013-07-03,5.57443143,5.64359271,5.50065839,5.61362219,582900
2013-07-04,5.62745584,5.68509102,5.56982132,5.68509102,299400
2013-07-05,5.62284409,5.6389813,5.36233487,5.4407177,510300
2013-07-08,5.45224479,5.58826278,5.44071736,5.49835253,244800
2013-07-10,5.4937426,5.69200589,5.46838285,5.64820337,599700
2013-07-11,5.65281411,5.96404151,5.65050888,5.81419086,724200
2013-07-12,5.82802344,5.93176568,5.68047867,5.69431067,413100
2013-07-15,5.71505936,5.80496961,5.57212504,5.69200516,244200
2013-07-16,5.7150597,5.99401136,5.63437034,5.7750001,513600
2013-07-17,5.83263573,5.85799516,5.69661705,5.7288928,323400
2013-07-18,5.7150603,5.81419145,5.65973101,5.66434145,433800
2013-07-19,5.63667656,5.88796425,5.63667656,5.88796425,263700
2013-07-22,5.84877082,5.9709568,5.73580704,5.9709568,279900
2013-07-23,5.93637614,6.04472947,5.75194454,5.75194454,442500
2013-07-24,5.75425186,5.80958115,5.70814411,5.74041986,292500
2013-07-25,5.76347169,5.82341207,5.70353131,5.74733448,286800
2013-07-26,5.74733448,5.74733448,5.74733448,5.74733448,0
2013-07-29,5.76808413,5.76808413,5.6389818,5.75425148,218400
2013-07-30,5.72889163,5.74733539,5.67586757,5.69431067,327600
2013-07-31,5.71044899,5.71044899,5.61592828,5.64820337,433500
2013-08-01,5.7221621,5.82704871,5.62659808,5.82238674,391200
2013-08-02,5.8223849,6.0368207,5.79674642,5.82704687,252900
2013-08-05,5.76877819,5.93892768,5.76644687,5.81772518,143100
2013-08-06,5.80140822,5.82471672,5.64757398,5.74546862,206700
2013-08-07,5.74546904,5.75479231,5.62193591,5.67787552,178200
2013-08-08,5.6802062,5.73381516,5.63125921,5.70584536,153600
2013-08-09,5.70584539,5.78742348,5.62426663,5.73381519,294900
2013-08-12,5.74313782,5.82704722,5.67321298,5.75479174,561600
2013-08-13,5.82704828,5.82704828,5.66855204,5.6895299,854400
2013-08-14,5.67787633,6.14170914,5.66622241,6.08343887,1024500
2013-08-15,6.04614442,6.1020847,5.95990436,5.99020481,224700
2013-08-16,5.98321295,6.02516732,5.74780059,5.98321295,171300
2013-08-19,5.96689605,6.13238487,5.95524214,6.03682089,255900
2013-08-20,6.06712207,6.09276122,5.84802494,5.95058155,250200
2013-08-21,5.92960469,6.05546916,5.85501854,5.86900377,461400
2013-08-22,5.91328774,6.01584435,5.86900272,5.99719715,637200
2013-08-23,6.02283657,6.10674598,5.93892716,6.06012964,461700
2013-08-26,6.06712215,6.2699034,5.98321274,6.2652421,482700
2013-08-27,6.202308,6.40275787,6.09975208,6.31651783,566700
2013-08-28,6.25825049,6.42606934,6.16501712,6.22328806,782100
2013-08-29,6.23727244,6.26524224,6.07178426,6.19764805,637200
2013-08-30,6.23727041,6.40042722,6.07178229,6.31651783,307500
2013-09-02,6.37245926,6.52396286,6.25591808,6.50997829,511800
2013-09-03,6.4796784,6.5729111,6.38178374,6.50298691,752400
2013-09-04,6.5496018,6.5985488,6.4400539,6.57291031,528300
2013-09-05,6.57057785,6.70809687,6.51463825,6.67546511,197100
2013-09-06,6.68012678,6.68012678,6.47035295,6.64283371,268500
2013-09-09,6.61719526,6.6684729,6.5309552,6.61952591,298500
2013-09-10,6.6148641,6.6195254,6.55193188,6.5915556,145200
2013-09-11,6.60554021,6.80366013,6.57757041,6.79899883,300900
2013-09-12,6.78268273,6.78967535,6.61253262,6.61253262,478500
2013-09-13,6.58456377,6.61020292,6.43772213,6.50997829,363300
2013-09-16,6.51930062,6.61952591,6.51930062,6.61952591,136500
2013-09-17,6.61952611,6.75238251,6.55659389,6.7360673,196500
2013-09-18,6.70343576,6.77102995,6.66614268,6.77102995,573600
2013-09-19,6.77102934,6.77102934,6.49133066,6.5705781,454200
2013-09-20,6.57291013,6.70110523,6.304866,6.55426359,369000
2013-09-23,6.57291149,6.70110662,6.30486731,6.64749765,131700
2013-09-24,6.57290928,6.75937462,6.30486518,6.75937462,116100
2013-09-25,6.76170594,6.76170594,6.70809698,6.75937462,349200
2013-09-26,6.75704489,6.75704489,6.64050371,6.6801281,313500
2013-09-27,6.67779725,6.78268385,6.66847332,6.78268385,122700
2013-09-30,6.67779653,6.78268312,6.64749541,6.75937462,472500
2013-10-01,6.74072875,6.7756905,6.71741958,6.75937462,649500
2013-10-02,6.71742037,6.78268391,6.70576711,6.78035259,668700
2013-10-03,6.77802115,6.78734442,6.73606678,6.75937462,335100
2013-10-04,6.75005251,6.80599213,6.69644355,6.80599213,309000
2013-10-07,6.78734604,6.91087986,6.77103082,6.87591743,368100
2013-10-08,6.87824809,6.93185705,6.82930109,6.87591743,597300
2013-10-09,6.88057954,6.91088,6.80599272,6.82697058,161700
2013-10-10,6.88057967,6.94351191,6.85494051,6.88757229,430200
2013-10-11,6.8875688,7.22320633,6.8875688,7.2045598,409200
2013-10-14,7.19290781,7.39568906,7.14396082,7.19290781,507900
2013-10-15,7.19756867,7.57049934,7.17659149,7.34207964,972300
2013-10-16,7.39801772,7.4819271,7.2045598,7.2045598,594300
2013-10-17,7.20456165,7.33275607,7.07403524,7.12997484,603600
2013-10-18,7.09734204,7.32343172,7.08568813,7.13696575,582300
2013-10-21,7.18824706,7.22554014,7.10433764,7.14629269,271500
2013-10-22,7.14629054,7.42132656,7.14629054,7.36538696,537300
2013-10-23,7.33741941,7.59380964,7.29546503,7.36305857,739200
2013-10-24,7.34441029,7.42598904,7.1089973,7.34207964,341400
2013-10-25,7.31877114,7.36538747,7.17659149,7.34207964,502200
2013-10-28,7.3514024,7.40501134,7.28380822,7.36538696,504000
2013-10-29,7.398019,7.398019,7.26516262,7.30711699,205200
2013-10-30,7.3374212,7.44930045,7.25584241,7.30245876,399600
2013-10-31,7.26982298,7.41666459,7.25816974,7.36538696,416700
2013-11-01,7.4050116,7.41666485,7.22786887,7.24884605,350100
2013-11-04,7.29080248,7.36538863,7.23952484,7.23952484,520200
2013-11-05,7.27914717,7.30478565,7.22553822,7.24884605,460800
2013-11-06,7.2721551,7.30944817,7.16260654,7.20223093,425400
2013-11-07,7.21854669,7.31644134,7.21388473,7.25817108,264600
2013-11-08,7.30478727,7.30478727,7.14629237,7.17659283,215700
2013-11-11,7.19057635,7.25583922,7.09035172,7.20223093,361200
2013-11-12,7.22087671,7.27914762,7.1089975,7.27914762,233700
2013-11-13,7.22087877,7.33042735,7.10200691,7.10200691,270300
2013-11-14,7.15328304,7.27215486,7.08335887,7.23719311,174600
2013-11-18,7.2371944,7.27215616,7.03907378,7.22787046,826200
2013-11-19,7.24884739,7.2721559,7.18125453,7.2232089,458700
2013-11-21,7.19290616,7.22553792,7.12531265,7.21621466,290700
2013-11-22,7.22554111,7.24418766,7.20456392,7.22554111,162600
2013-11-25,7.22553983,7.32576513,7.17426218,7.32576513,247800
2013-11-26,7.31177994,7.31877256,7.0833602,7.0833602,371700
2013-11-27,7.06704186,7.08801971,6.95749398,7.03441143,273300
2013-11-28,7.03208012,7.07403448,6.90621569,7.01576424,149700
2013-11-29,6.97147953,7.10666656,6.96681756,7.10666656,337500
2013-12-02,7.06238345,7.06238345,6.94817223,6.95749617,83100
2013-12-03,6.98779683,6.98779683,6.75704575,6.75704575,268500
2013-12-04,6.76170639,6.76170639,6.55193253,6.66148043,485700
2013-12-05,6.76170679,6.76170679,6.45636892,6.45636892,645300
2013-12-06,6.50764767,6.90155628,6.40042974,6.70576763,618000
2013-12-09,6.7477205,6.9668176,6.6684724,6.7523818,256200
2013-12-10,6.72674315,6.88757,6.68245747,6.72208118,504300
2013-12-11,6.7220822,6.75238266,6.62418822,6.66847324,195600
2013-12-12,6.64982836,6.64982836,6.24659646,6.33982849,801900
2013-12-13,6.35847429,6.51230787,6.34448906,6.38644409,390000
2013-12-16,6.41674425,6.66381115,6.29321113,6.5262928,939300
2013-12-17,6.56825027,6.73373849,6.43306252,6.6335125,347100
2013-12-18,6.58689437,6.63351004,6.51930018,6.5262928,172200
2013-12-19,6.54027968,6.58689602,6.45170829,6.48200941,100500
2013-12-20,6.49366219,6.62185797,6.47734697,6.57291031,196500
2013-12-23,6.59155629,6.63351066,6.52629342,6.58689499,208500
2013-12-26,6.63817389,6.75704575,6.57057969,6.75704575,254400
2013-12-27,6.74772085,6.90854771,6.62884903,6.62884903,299700
2013-12-30,6.64283317,6.7407278,6.61952467,6.68944883,121500
2014-01-02,6.69411289,6.73606793,6.39110699,6.39809895,271800
2014-01-03,6.44704767,6.60787392,6.29321338,6.60787392,491400
2014-01-06,6.55659342,6.76403661,6.48200795,6.55659342,627900
2014-01-07,6.55659337,6.8712538,6.55659337,6.71975088,671400
2014-01-08,6.74305899,6.74305899,6.62185653,6.64283371,201600
2014-01-09,6.64050364,6.64050364,6.4120839,6.45636892,133800
2014-01-10,6.44471456,6.60787208,6.36313647,6.43306065,251700
2014-01-13,6.40275992,6.42606842,6.3188505,6.38877535,281100
2014-01-14,6.39343696,6.47967702,6.28155708,6.28155708,418200
2014-01-15,6.37945227,6.40276011,6.18366363,6.24659586,469200
2014-01-16,6.26757208,6.36546671,6.23494031,6.30952644,151800
2014-01-17,6.32118261,6.32118261,6.15103245,6.15103245,99000
2014-01-20,6.15336248,6.24426451,6.11140744,6.1417079,178800
2014-01-21,6.17200835,6.1883249,6.06479111,6.1417079,445800
2014-01-22,6.16268694,6.18599545,6.08577013,6.08577013,354600
2014-01-23,6.08809946,6.12772385,5.90396475,5.99020481,939600
2014-01-24,5.99020443,6.00418967,5.8433628,5.86201,437700
2014-01-27,5.89697318,5.89697318,5.80840179,5.85501814,248100
2014-01-28,5.85268624,6.00185851,5.83403971,5.87366343,543600
2014-01-29,5.87133275,5.87133275,5.71283786,5.85268688,363900
2014-01-30,5.85501659,5.87599377,5.71982956,5.71982956,631800
2014-01-31,5.73148417,5.76644659,5.67554456,5.76644659,1033500
2014-02-03,5.72449128,5.76644632,5.70817606,5.72216129,379500
2014-02-04,5.76877823,5.98088276,5.71749991,5.94358969,1222500
2014-02-05,5.9622342,6.06945277,5.95058095,5.99952793,653100
2014-02-06,5.9902048,6.08343815,5.97855155,6.06012964,862200
2014-02-07,6.06945285,6.33749628,6.06945285,6.33749628,429000
2014-02-10,6.36546743,6.379452,6.23494101,6.29321194,303900
2014-02-11,6.31651977,6.31651977,6.26524213,6.29321194,450600
2014-02-12,6.31418912,6.32584304,6.2465956,6.29321194,306300
2014-02-13,6.31651936,6.32817394,6.25125648,6.2908802,256800
2014-02-14,6.29321145,6.40742131,6.27922622,6.36313629,446100
2014-02-17,6.36779741,6.36779741,6.26990343,6.29321194,504600
2014-02-18,6.2699037,6.31652004,6.18133298,6.24659586,258300
2014-02-19,6.23261096,6.30952776,6.22095638,6.29554319,260700
2014-02-20,6.29321194,6.30020455,6.2512569,6.29321194,119100
2014-02-21,6.3095257,6.36779594,6.28854852,6.36779594,230100
2014-02-24,6.36546867,6.67546722,6.29554381,6.53328753,554100
2014-02-25,6.54260818,6.69877374,6.51930034,6.62651825,915000
2014-02-26,6.62185642,6.86426067,6.62185642,6.86426067,928200
2014-02-27,6.83629192,7.1323065,6.83629192,6.96681833,820500
2014-02-28,6.96215747,7.01576643,6.8269704,6.95749617,441000
2014-03-05,6.88057811,7.0950126,6.82696915,7.03907299,516000
2014-03-06,7.03441129,7.06238109,6.99245626,7.02508736,534000
2014-03-07,6.99245906,7.03441411,6.86193262,6.91787291,326100
2014-03-10,6.88523851,7.01576424,6.88523851,7.01576424,480900
2014-03-11,7.027421,7.08569126,6.94584223,6.96915007,619800
2014-03-12,7.03674406,7.05772192,6.95283463,6.98080444,1383600
2014-03-13,7.0041128,7.0041128,6.95749645,6.99012756,318900
2014-03-14,6.96215558,7.00644193,6.82929919,6.94584036,429600
2014-03-17,6.95050251,6.95050251,6.85493918,6.91320944,169500
2014-03-18,6.88057934,6.99245857,6.85260953,6.96915007,483600
2014-03-19,6.92486433,6.96915003,6.90155649,6.90155649,328200
2014-03-20,6.92020142,6.95982581,6.80599156,6.94117928,681600
2014-03-21,6.89922499,6.99245834,6.89689434,6.99245834,1007400
2014-03-24,6.96914984,6.99245834,6.945842,6.99245834,198600
2014-03-25,6.98779706,6.98779706,6.91787287,6.98080444,481200
2014-03-26,6.96448754,6.97614145,6.945841,6.97614145,122400
2014-03-27,6.98779439,7.22087605,6.94817001,7.1905756,2024100
2014-03-28,7.20223018,7.24884585,7.18358298,7.1905756,834600
2014-03-31,7.19057868,7.27448812,7.19057868,7.22554111,652800
2014-04-01,7.26516314,7.26516314,7.14396,7.14396,224700
2014-04-02,7.16027589,7.24185398,7.12997478,7.20223093,1207800
2014-04-03,7.23486341,7.29546499,7.16726988,7.29546499,992100
2014-04-04,7.29546431,7.34208065,7.26283254,7.33974934,295200
2014-04-07,7.34208059,7.34208059,7.26050183,7.28380966,153300
2014-04-08,7.29546466,7.29546466,7.19057739,7.22787046,193800
2014-04-09,7.22786912,7.34207964,7.14862169,7.34207964,745200
2014-04-10,7.29313438,7.36305857,7.19523972,7.36305857,483000
2014-04-11,7.360725,7.38869479,7.31877063,7.36538696,734700
2014-04-14,7.31877161,7.42132756,7.31411031,7.39335775,337500
2014-04-15,7.39802026,7.4935836,7.35839587,7.4492979,1088100
2014-04-16,7.50523772,7.75230467,7.50523772,7.7150116,459300
2014-04-17,7.71268095,7.75463599,7.67072657,7.7150116,643200
2014-04-22,7.6870415,7.84320641,7.6870415,7.84320641,529800
2014-04-23,7.81290467,7.8641823,7.67072502,7.83388186,931500
2014-04-24,7.82689012,7.82689012,7.70335699,7.7266655,375600
2014-04-25,7.69170312,7.75230403,7.67072593,7.73598814,232500
2014-04-28,7.72433309,7.74531027,7.58681541,7.71734047,371100
2014-04-29,7.71734015,7.75463388,7.66839317,7.69636297,178200
2014-04-30,7.68937054,7.78493452,7.63809291,7.78493452,247800
2014-05-02,7.83388347,7.83388347,7.64042549,7.6917038,421500
2014-05-05,7.69170373,7.69170373,7.5285462,7.57749319,292200
2014-05-06,7.69869692,8.08794291,7.69869692,8.01801872,1121400
2014-05-07,7.93644251,8.08794483,7.93644251,7.97839689,823200
2014-05-08,7.98305375,8.08794032,7.86185129,7.93643808,613800
2014-05-09,7.96673825,8.12290245,7.88049821,8.00636196,660300
2014-05-12,8.0063641,8.06463436,7.99471018,8.04132652,391200
2014-05-13,8.04598691,8.12057304,8.00869384,8.12057304,439500
2014-05-14,8.14155006,8.27440643,8.11124961,8.27440643,486300
2014-05-15,8.30937098,8.32102489,8.21147632,8.32102489,306600
2014-05-16,8.30937018,8.53779058,8.27440776,8.53079796,464700
2014-05-19,8.54245196,8.83613523,8.50049692,8.78718758,867300
2014-05-20,8.78718825,8.90372944,8.77087303,8.90372944,711000
2014-05-21,8.88974374,8.93636008,8.74057146,8.81515694,416100
2014-05-22,8.81282658,8.81748788,8.74290174,8.7965107,234300
2014-05-23,8.82914261,8.82914261,8.72425602,8.78718758,143100
2014-05-26,8.80583478,8.81049675,8.71027078,8.78718758,109800
2014-05-27,8.79884194,8.86876678,8.74290234,8.86876678,179700
2014-05-28,8.81748855,8.92470646,8.60072274,8.92470646,383700
2014-05-29,8.96199804,9.01094569,8.81282643,8.92703629,235500
2014-05-30,8.90372852,8.93402897,8.83380435,8.88042068,412800
2014-06-02,8.93636011,8.94102141,8.74290214,8.81049633,561000
2014-06-03,8.82681262,9.02493191,8.6426779,9.02493191,744900
2014-06-04,9.00395462,9.27666073,8.95267698,9.21839046,313800
2014-06-05,9.23936594,9.41650801,8.77320194,8.77320194,1185000
2014-06-06,8.84079895,8.88508398,8.40260461,8.71726513,799500
2014-06-09,8.72192584,9.17410469,8.72192584,9.17410469,853500
2014-06-10,9.16245174,9.29530816,9.12981997,9.25335312,350100
2014-06-11,9.32327566,9.32793762,9.1251564,9.24635887,513900
2014-06-13,9.13681037,9.43981757,9.13681037,9.32094574,246000
2014-06-16,9.33260111,9.33260111,9.20673664,9.25102234,264000
2014-06-17,9.16011848,9.36989164,9.13214868,9.17876434,231600
2014-06-18,9.17876553,9.32327652,9.0552324,9.32327652,434100
2014-06-20,9.27665998,9.27665998,9.02026979,9.1368103,600600
2014-06-23,9.13680991,9.17177233,9.08087031,9.12981796,195000
2014-06-24,9.14613586,9.27200032,9.11816605,9.25335312,407100
2014-06-25,9.24169763,9.25335155,9.10184862,9.19274998,226500
2014-06-26,9.19508153,9.2323746,9.10651015,9.12515736,261000
2014-06-27,9.09252566,9.12981874,8.95034599,8.95034599,348000
2014-06-30,8.95034581,9.32327652,8.90839077,9.32327652,869400
2014-07-01,9.20207471,9.31628459,9.20207471,9.31162262,231900
2014-07-02,9.2789915,9.49808796,9.25335168,9.32327652,950400
2014-07-03,9.27665997,9.36290069,9.14846487,9.27665997,366600
2014-07-04,9.1927501,9.32327652,9.1927501,9.32327652,163800
2014-07-07,9.2976374,9.30929132,9.25568236,9.29996872,132000
2014-07-08,9.23237453,9.29996872,9.19508146,9.29996872,130200
2014-07-10,9.27665997,9.29996847,9.19508121,9.27665997,619200
2014-07-11,9.26733779,9.37921702,9.25102191,9.37688637,424800
2014-07-14,9.3162839,9.40951658,9.23703646,9.32327652,597300
2014-07-15,9.36057105,9.38621021,9.23237593,9.25335312,369900
2014-07-16,9.24402895,9.26500614,8.96199894,9.0901947,386400
2014-07-17,9.07154817,9.14380299,8.97365352,9.0901947,432900
2014-07-18,9.10417933,9.13914108,9.02493056,9.13914108,380700
2014-07-21,9.13914324,9.25335312,9.11350408,9.25335312,197400
2014-07-22,9.24636025,9.29530724,9.19974324,9.23004436,403200
2014-07-23,9.23004607,9.23004607,9.04358067,9.18342972,431100
2014-07-24,9.16944238,9.20673545,9.1088408,9.12515736,647100
2014-07-25,9.11350245,9.27665997,9.10417985,9.27665997,243600
2014-07-28,9.23237672,9.24636196,9.09718964,9.18342972,288000
2014-07-29,9.19042144,9.19042144,9.0319252,9.0319252,388200
2014-07-30,9.00162151,9.04357654,8.65199871,8.74057007,581100
2014-07-31,8.73358082,8.85245267,8.44222815,8.76854324,963000
2014-08-01,8.76606897,8.80136871,8.65311033,8.80136871,571800
2014-08-04,8.78724728,8.78724728,8.63663578,8.63663578,385800
2014-08-05,8.57074618,8.63663806,8.52132627,8.58957195,457800
2014-08-06,8.58721962,8.58721962,8.45778765,8.56604004,280500
2014-08-07,8.56603726,8.65546317,8.49308464,8.57780361,443100
2014-08-08,8.54250528,8.70723629,8.54250528,8.70723629,767400
2014-08-11,8.70488315,8.74253603,8.65546392,8.70723629,479400
2014-08-12,8.75430525,8.97551632,8.71665236,8.97551632,1075500
2014-08-13,8.97316031,9.14730453,8.85549472,9.14730453,761400
2014-08-14,9.07670639,9.1802525,8.92609553,9.17789936,927300
2014-08-15,9.17554545,9.41322979,9.14730579,9.38969707,434400
2014-08-18,9.39910996,9.46500251,9.33792436,9.42970276,577200
2014-08-19,9.40146143,9.46029456,9.37322177,9.41087532,526200
2014-08-20,9.43440665,9.45323376,9.35910091,9.41322708,597900
2014-08-21,9.41322936,9.42028944,9.2814436,9.36616325,228900
2014-08-22,9.36145792,9.50500938,9.33086444,9.42499733,1486200
2014-08-25,9.43911601,9.67209339,9.43440906,9.67209339,621900
2014-08-26,9.70503932,9.91448398,9.68385974,9.81093788,501300
2014-08-27,9.83918028,10.58988636,9.83918028,10.41338825,1796400
2014-08-28,10.21806014,10.6322425,10.21806014,10.51457691,854700
2014-08-29,10.50045943,10.82050899,10.50045943,10.68166447,984600
2014-09-01,10.68636677,10.93817054,10.68636677,10.82991886,577500
2014-09-02,10.76402768,10.9546459,10.74990819,10.88640022,401400
2014-09-03,10.95464516,11.15702973,10.91934541,10.95464516,1420800
2014-09-04,10.92405416,10.96406018,10.62283039,10.62283039,700800
2014-09-05,10.61341652,10.70519559,10.54517016,10.5898838,1374000
2014-09-08,10.66518884,10.74284842,10.48633831,10.51928425,798900
2014-09-09,10.58752883,10.58752883,10.22511953,10.23923969,1031400
2014-09-10,10.24630117,10.40397212,10.13098938,10.17805481,483600
2014-09-11,10.17805684,10.30513569,10.16393666,10.26042271,402600
2014-09-12,10.18982022,10.22276615,10.01332218,10.11922073,662100
2014-09-15,10.06038953,10.11686886,9.92154435,10.0015564,859500
2014-09-16,10.01567612,10.35455276,10.00155663,10.14746189,867000
2014-09-17,10.26512999,10.27925017,10.09804511,10.14275742,491400
2014-09-18,10.11922132,10.243947,10.06038886,10.16628742,817500
2014-09-19,10.15687562,10.20158859,10.12157587,10.18276215,794100
2014-09-22,10.13804792,10.14275419,9.60619995,9.80152512,705300
2014-09-23,9.64856104,9.84623869,9.59208171,9.70974731,590100
2014-09-24,9.61326046,9.945077,9.57796071,9.74033928,482100
2014-09-25,9.77799412,9.77799412,9.58266892,9.64856148,679500
2014-09-26,9.6485611,9.80623341,9.63914788,9.80623341,510900
2014-09-29,9.70033466,9.76152027,9.43676376,9.43676376,470400
2014-09-30,9.44852872,9.44852872,9.23673093,9.24849796,583200
2014-10-01,9.25555799,9.25555799,8.9449217,9.01316738,381900
2014-10-02,9.12848011,9.14259961,8.87667561,8.87667561,532800
2014-10-03,8.89785604,9.01081469,8.89785604,8.97786808,889500
2014-10-06,9.2979184,9.5614886,9.2249651,9.2249651,576000
2014-10-07,9.2696764,9.31674182,8.96609958,9.05552483,397500
2014-10-08,9.09082745,9.11906712,9.01787481,9.10730076,337200
2014-10-09,9.19437288,9.26732552,9.12142091,9.19202042,309900
2014-10-10,9.14730478,9.14730478,8.97786682,9.06964588,296100
2014-10-13,9.17083775,9.35439587,9.13083174,9.29556274,369600
2014-10-14,9.29791618,9.48382743,9.09082469,9.14495087,533700
2014-10-15,9.02493272,9.11200483,8.47190589,8.74488926,347100
2014-10-16,8.69076459,8.74018383,8.516619,8.74018383,538200
2014-10-17,8.83196423,8.90962315,8.62722648,8.90962315,174600
2014-10-20,8.85314482,8.88609077,8.67193977,8.84373093,429000
2014-10-21,8.47426033,8.47426033,8.47426033,8.47426033,284400
2014-10-22,8.43190254,8.43896263,8.0930265,8.23657799,435300
2014-10-23,8.17068228,8.25069431,7.89299263,8.18950939,819600
2014-10-24,8.17774439,8.20363092,7.89770019,7.97771358,418800
2014-10-27,7.36585328,8.20363071,7.36585328,8.12597179,756600
2014-10-28,8.2318725,8.75430679,8.2318725,8.72842026,459900
2014-10-29,8.60133861,8.62251819,8.443667,8.47190666,358500
2014-10-30,8.37542248,9.01787543,8.37542248,8.87903023,865500
2014-10-31,8.80136984,9.36616378,8.70959077,9.17789936,1153500
2014-11-03,9.00140096,9.17319207,8.79430943,8.94256783,267300
2014-11-04,8.94256977,8.98728275,8.77783871,8.96139622,348000
2014-11-05,8.84137587,8.93786189,8.76136382,8.90256214,314700
2014-11-06,8.85078809,8.90962122,8.61545759,8.66017056,461400
2014-11-07,8.66488082,8.82490631,8.62016851,8.72842026,330900
2014-11-10,8.72841774,9.15907348,8.63663866,8.93080235,888300
2014-11-11,9.0131679,9.229672,8.91197561,8.98963451,753900
2014-11-12,9.01552046,9.03434622,8.76842293,8.8837347,921900
2014-11-13,8.84843576,8.94021483,8.7801894,8.86020279,213300
2014-11-14,8.81313601,8.89079559,8.63899109,8.86020279,486900
2014-11-17,8.78724971,9.17554558,8.71665088,9.17083931,859500
2014-11-18,9.14024642,9.22967236,8.86726366,9.0014019,393300
2014-11-19,8.94256761,9.34733677,8.90726787,9.34733677,272100
2014-11-21,9.14024698,10.09569073,9.14024698,10.09569073,353400
2014-11-24,9.94743141,10.01567643,9.53324899,9.59678841,726300
2014-11-25,9.36380785,9.62973178,9.34498074,9.41322708,482700
2014-11-26,9.59443454,9.88153744,9.59443454,9.88153744,633600
2014-11-27,9.80858674,9.87212549,9.63208866,9.63208866,285900
2014-11-28,9.58266501,9.58972509,9.29556152,9.41322708,784800
2014-12-01,9.29556429,9.29556429,9.02258088,9.17789936,17902377
2014-12-02,9.18731106,9.29556274,9.08847191,9.29556274,11783310
2014-12-03,9.36616318,9.38734276,9.102593,9.35439682,214500
2014-12-04,9.24614634,9.26497278,8.9661028,9.06023502,539400
2014-12-05,9.00140231,9.06494173,8.94256917,8.94727612,283800
2014-12-08,8.88373536,8.94256783,8.76842358,8.94256783,186900
2014-12-09,8.82490448,8.90962348,8.73077158,8.81784439,431400
2014-12-10,8.93080313,8.93315627,8.32364994,8.35188961,889500
2014-12-11,8.36836227,8.36836227,8.13303173,8.20833683,861300
2014-12-12,8.13067502,8.16362095,7.914171,8.16362095,823500
2014-12-15,8.20127557,8.2130426,7.66472133,7.94947243,1052400
2014-12-16,7.82239503,7.90711403,7.556471,7.90711403,585900
2014-12-17,7.94947229,8.20598238,7.84357306,8.03183746,483900
2014-12-18,8.02477712,8.37306693,8.02477712,8.1424427,289200
2014-12-19,8.21069083,8.25304999,7.96829952,8.11891174,367500
2014-12-22,8.07655067,8.3613011,8.07655067,8.17774296,218400
2014-12-23,8.26010849,8.26952171,8.08596358,8.26952171,252900
2014-12-26,8.30011416,8.35894729,8.20127502,8.28364086,245100
2014-12-29,8.38718877,8.38718877,8.10008517,8.27893639,486000
2014-12-30,8.28834731,8.53073788,8.25069376,8.53073788,704400
2015-01-02,8.59192529,8.79901614,8.36130105,8.6319313,822900
2015-01-05,8.74018273,8.74018273,8.20362854,8.20362854,814800
2015-01-06,8.25069472,8.25069472,7.67178133,7.78473997,698700
2015-01-07,7.80356858,7.88122749,7.61765727,7.81298113,751800
2015-01-08,7.86004939,8.01066097,7.78238979,7.88358212,243900
2015-01-09,7.95417953,7.95417953,7.74708866,7.8506341,404100
2015-01-12,7.80121368,7.82474639,7.42233107,7.53293657,933300
2015-01-13,7.49057869,7.63648331,7.40350588,7.60353804,499800
2015-01-14,7.72355466,8.085964,7.60353661,7.76826763,745800
2015-01-15,7.81298089,7.99183277,7.76591545,7.83651495,378900
2015-01-16,7.90005276,7.91652607,7.72826098,7.82945395,212700
2015-01-19,7.82004144,8.06713904,7.66472294,7.74238253,521700
2015-01-20,7.97065247,8.39424808,7.9424128,8.13067722,1364700
2015-01-21,8.13773576,8.283641,8.00359754,8.1424427,449400
2015-01-22,8.25069447,8.49073192,8.14714972,8.43660641,447300
2015-01-23,8.39660174,8.49779336,8.21069044,8.35659504,312600
2015-01-26,8.37777358,8.38718747,8.1542101,8.31894112,333300
2015-01-27,8.21304447,8.33071009,7.92594084,8.154212,505800
2015-01-28,8.02477773,8.08361086,7.60588907,7.76826763,768300
2015-01-29,7.77768074,8.01301193,7.67413532,8.01301193,226200
2015-01-30,8.05537162,8.07419739,7.688256,8.0153656,562500
2015-02-02,7.93300008,8.1047919,7.81533514,8.00124645,1430100
2015-02-03,8.04831387,8.10244008,7.707084,7.88358212,873300
2015-02-04,7.82474787,8.0365457,7.8106277,7.89769983,410400
2015-02-05,7.90475839,8.22480855,7.84121899,8.1424427,998700
2015-02-06,8.0906721,8.13067812,7.89299443,8.06007862,315300
2015-02-09,8.05772564,8.07184581,7.89770019,7.97771358,499500
2015-02-10,8.165975,8.21304177,7.85298562,7.93064451,935400
2015-02-11,7.93064514,8.11420328,7.80827395,8.03889751,700200
2015-02-12,8.08125785,8.40130806,8.00830589,8.40130806,1162800
2015-02-13,8.40130717,8.57780523,8.30717496,8.47190666,525000
2015-02-18,8.48838075,8.91197643,8.48838075,8.63899231,143700
2015-02-19,8.56603918,8.67429088,8.50720671,8.5189724,783900
2015-02-20,8.49779127,8.6107499,8.43189874,8.53073788,381300
2015-02-23,8.48131929,8.48602624,8.42013303,8.42483997,297300
2015-02-24,8.52132466,8.61545685,8.45072585,8.53073788,1068000
2015-02-25,8.48367142,8.69782232,8.47661134,8.57780361,752100
2015-02-26,8.54250794,8.88609023,8.54250794,8.81549072,601500
2015-02-27,8.82019596,9.14495241,8.67899764,8.94256783,558300
2015-03-02,8.8343166,8.90491542,8.65075845,8.70959091,402000
2015-03-03,8.7566591,8.7566591,8.56133454,8.60134125,480300
2015-03-04,8.53073912,8.58486531,8.32129446,8.47190666,604200
2015-03-05,8.51897108,8.68370343,8.41542633,8.6248703,453300
2015-03-06,8.61781273,8.66017256,8.50720787,8.50720787,266400
2015-03-09,8.5213258,8.5213258,8.13773622,8.40836716,1020900
2015-03-10,8.37777585,8.37777585,8.16362486,8.33071041,413100
2015-03-11,8.33776766,8.52132511,8.24834174,8.52132511,288000
2015-03-12,8.52603029,8.63663578,8.48602496,8.63663578,515400
2015-03-13,8.54250636,8.60839823,8.28364178,8.54015255,443100
2015-03-16,8.54486095,8.58957325,8.28835013,8.54956722,510900
2015-03-17,8.51662006,8.51662006,8.42248851,8.46955395,530700
2015-03-18,8.45778647,8.93080132,8.40130715,8.91903496,633900
2015-03-19,8.88608746,8.88608746,8.61310409,8.70723629,650100
2015-03-20,8.73312382,9.16613197,8.68370458,9.16613197,1103700
2015-03-23,9.15436635,9.3614579,9.04611397,9.04611397,1396200
2015-03-24,9.10494631,9.20378547,8.62722583,9.10024071,713400
2015-03-25,9.08612079,9.21319962,9.08376698,9.21319962,544500
2015-03-26,9.16377981,9.217906,8.95198266,9.0014019,782700
2015-03-27,9.01552158,9.05788074,8.90726852,8.90726852,836400
2015-03-30,9.05082055,9.17554557,8.96374775,9.11906624,660000
2015-03-31,9.07906109,9.21320001,9.00846226,9.10730076,484500
2015-04-01,9.22026149,9.25556058,9.06023602,9.13083553,975000
2015-04-02,9.17554547,9.4579421,9.17554547,9.33086395,925200
2015-04-06,9.38969893,9.38969893,9.27674026,9.31909943,422100
2015-04-07,9.30497628,9.38028136,9.21555036,9.34262848,564900
2015-04-08,9.36145792,9.4579426,9.28379833,9.31439114,470700
2015-04-09,9.35204325,9.37557664,9.03905383,9.16613197,427200
2015-04-10,9.23437859,9.39205021,9.20143198,9.38969707,465000
2015-04-13,9.31909577,9.44382075,9.30497628,9.34262848,692100
2015-04-14,9.34498435,9.37793096,9.22967255,9.26026535,312600
2015-04-15,9.30733201,9.31674456,9.15672046,9.2037859,306000
2015-04-16,9.1496605,9.39675808,9.07200158,9.26026535,964800
2015-04-17,9.17789936,9.24614505,9.109653,9.17789936,515400
2015-04-20,9.16848568,9.27203178,9.11906643,9.27203178,433800
2015-04-22,9.29556361,9.38969649,9.14730522,9.25791073,390000
2015-04-23,9.2767379,9.38969654,9.21084468,9.30262375,290100
2015-04-24,9.3026216,9.4555869,9.3026216,9.41322708,460200
2015-04-27,9.35204309,9.45794165,9.22967122,9.36616325,461700
2015-04-28,9.32850955,9.32850955,9.13318439,9.19907761,543900
2015-04-29,9.24379191,9.40146286,8.98963426,9.17789936,326400
2015-04-30,9.19672356,9.22261008,8.93315341,9.02022552,756300
2015-05-04,9.12848124,9.16848659,8.95668876,9.03670216,509100
2015-05-05,9.07670704,9.07670704,8.91432913,8.99434185,537600
2015-05-06,8.98963402,9.00846114,8.73077011,8.73077011,1097400
2015-05-07,8.75430135,8.7754816,8.63663578,8.63663578,374400
2015-05-08,8.67193765,8.74959723,8.59192561,8.73077011,413400
2015-05-11,8.73076953,8.73076953,8.41542698,8.46013927,478500
2015-05-12,8.33306263,8.56604004,8.33306263,8.56604004,338700
2015-05-13,8.56839141,8.56839141,8.42483997,8.42483997,617700
2015-05-14,8.43189938,8.53544548,8.32129388,8.42483997,774300
2015-05-15,8.52367939,8.64840508,8.4389604,8.64840508,572700
2015-05-18,8.56604003,8.70488522,8.22245642,8.27187634,773100
2015-05-19,8.27422981,8.45778729,8.24363633,8.31188202,823800
2015-05-20,8.35894915,8.43425425,8.2530499,8.29776287,271500
2015-05-21,8.3801279,8.3966012,8.22010314,8.35424137,889200
2015-05-22,8.34247353,8.46955234,8.09302354,8.43660641,1105500
2015-05-25,8.50720731,8.53074003,8.35659509,8.40130806,352500
2015-05-26,8.40130783,8.40130783,8.21539654,8.25540257,435000
2015-05-27,8.24598949,8.52838612,8.14244339,8.52838612,507900
2015-05-28,8.43189938,8.47190607,8.31658761,8.42483997,553500
2015-05-29,8.41777994,8.44131266,8.20598215,8.38483334,1035600
2015-06-01,8.42013462,8.45308123,8.35188893,8.43190098,437700
2015-06-02,8.54250575,8.73782956,8.3801272,8.66487694,589800
2015-06-03,8.66487603,8.74253559,8.57780392,8.74253559,422700
2015-06-05,8.69782394,8.92844751,8.62722512,8.91903496,462600
2015-06-08,8.91903572,8.96610183,8.76607037,8.76607037,627300
2015-06-09,8.72606387,8.79430955,8.6813509,8.72371006,275100
2015-06-10,8.82490239,9.10494519,8.79195578,8.96610069,505500
2015-06-11,9.06494051,9.07906,8.97786771,9.02493382,331200
2015-06-12,9.03670129,9.06964723,8.89550297,8.98963451,1200000
2015-06-15,8.98022138,9.01552113,8.71429739,8.94256783,386400
2015-06-16,8.97316188,9.03670129,8.8813828,8.98963451,272100
2015-06-17,8.9896342,9.07200073,8.82960944,8.91668224,865200
2015-06-18,9.00375475,9.15436629,8.94962856,9.08612061,631800
2015-06-19,9.06023327,9.15436547,8.90020784,9.08376598,407400
2015-06-22,9.10729959,9.14965942,8.96845441,9.01316738,287400
2015-06-23,9.07435619,9.19437429,8.99904973,9.13083553,838200
2015-06-24,9.06494097,9.1661326,8.78489679,8.82490349,672000
2015-06-25,8.8013701,8.82490349,8.61310567,8.82490349,652200
2015-06-26,8.83902449,9.09788776,8.83902449,9.03670216,340800
2015-06-29,8.9449216,9.0837661,8.84608245,8.94962788,726000
2015-06-30,8.99434147,9.07670666,8.82490349,8.82490349,1224900
2015-07-01,8.79666324,8.9731613,8.79430943,8.94256783,595500
2015-07-02,9.03199443,9.11906656,8.81078339,8.81078339,677100
2015-07-03,8.83902301,8.93550768,8.76842351,8.87196827,184800
2015-07-06,8.86020335,8.9872815,8.78725004,8.82960987,448500
2015-07-07,8.82490296,8.91903517,8.55191888,8.73783016,846900
2015-07-08,8.68605568,8.75430135,8.53544419,8.63663578,806100
2015-07-10,8.69547216,8.79666514,8.67664638,8.72606564,438900
2015-07-13,8.81078138,8.88608714,8.719003,8.83196163,826500
2015-07-14,8.95668732,9.00610723,8.74959714,8.94256783,663900
2015-07-15,8.87432208,8.94962785,8.77077665,8.87196827,462300
2015-07-16,8.88373688,8.96374893,8.84137704,8.96374893,153600
2015-07-17,8.89314841,8.96374723,8.57780518,8.6178112,845100
2015-07-20,8.62722445,8.63193072,8.290701,8.387187,759300
2015-07-21,8.4013069,8.45072681,8.02477741,8.02477741,1227600
2015-07-22,8.04360569,8.06007832,7.7635615,7.94476652,870300
2015-07-23,7.93535209,8.08831675,7.83180667,8.03889751,707700
2015-07-24,8.03183847,8.03419228,7.83651463,7.88593388,663600
2015-07-27,7.8953479,7.92358756,7.67413683,7.74238253,411900
2015-07-28,7.78238789,7.85063426,7.64354271,7.6835494,559800
2015-07-29,7.65060344,7.74238253,7.61059741,7.74238253,883800
2015-07-30,7.79650935,7.89534853,7.655311,7.86004877,762600
2015-07-31,7.72826131,7.97535887,7.72826131,7.95417929,762000
2015-08-03,7.88027971,8.05518373,7.75569043,7.78683758,862200
2015-08-04,7.79163079,7.84434131,7.6670408,7.81079769,1055700
2015-08-05,7.82038369,7.98570398,7.73652532,7.85871887,498000
2015-08-06,7.822776,7.84194358,7.64307977,7.72933388,440100
2015-08-07,7.70537764,7.74610791,7.54724471,7.59755945,526800
2015-08-10,7.59995427,7.63349789,7.42744601,7.52807617,661200
2015-08-11,7.59995474,7.74850388,7.57120337,7.69579268,508500
2015-08-12,7.590371,7.65506109,7.4849486,7.5472436,656700
2015-08-13,7.54724406,7.67422915,7.42744631,7.67422915,627300
2015-08-14,7.6478738,7.6478738,7.34358753,7.42744589,839700
2015-08-17,7.35556737,7.49692917,7.16389152,7.49692917,1262700
2015-08-18,7.44421571,7.44421571,7.18784983,7.22378922,823500
2015-08-19,7.21420716,7.41786329,7.15910086,7.27170992,765000
2015-08-20,7.20462305,7.307649,7.14712029,7.21181107,672600
2015-08-21,7.19024692,7.19024692,7.12555615,7.16389132,360600
2015-08-24,7.12315975,7.12315975,6.9242959,6.9242959,663600
2015-08-25,7.04409511,7.07284649,6.88116994,6.94825649,519300
2015-08-26,6.91231693,7.03690692,6.91231693,6.99617529,451800
2015-08-27,7.0440939,7.47776031,7.01534253,7.47776031,651900
2015-08-28,7.41067522,7.54245186,7.30525281,7.54245186,684300
2015-08-31,7.44900916,7.52328372,7.18785099,7.29327202,845400
2015-09-01,7.23337326,7.48494831,7.1662874,7.42504978,985800
2015-09-02,7.42504966,7.5640143,7.36754691,7.39390182,702900
2015-09-03,7.47536458,8.1462307,7.45140475,8.1462307,766200
2015-09-04,8.00726588,8.27800783,7.84913297,8.26842403,1626900
2015-09-08,8.23488093,8.80511761,8.09591629,8.80511761,1078500
2015-09-09,8.80511722,8.807513,8.38582547,8.43374443,965400
2015-09-10,8.1462325,8.48406175,8.1462325,8.40978718,859200
2015-09-11,8.38582513,8.81470065,8.37624134,8.50562286,601200
2015-09-14,8.50801957,8.68052784,8.38582605,8.64938068,1224600
2015-09-15,8.55354337,8.80511845,8.51520819,8.74521923,1245900
2015-09-16,8.75240631,8.98481379,8.60146141,8.60146141,552600
2015-09-17,8.50801983,8.956063,8.50801983,8.81709766,701400
2015-09-18,8.81709831,8.95845944,8.72126038,8.76917934,564000
2015-09-21,8.89137217,8.89137217,8.38582624,8.4696846,503700
2015-09-22,8.4457262,8.57750353,8.25644542,8.53916836,366000
2015-09-23,8.57510605,8.61104475,8.26602825,8.35467815,1079700
2015-09-24,8.30675868,8.5775013,8.1821694,8.5775013,689100
2015-09-25,8.62781557,8.73323727,8.54156145,8.73323727,337200
2015-09-28,8.71167373,8.71167373,8.42416002,8.62541962,521700
2015-09-29,8.62542113,9.07106781,8.52958253,9.07106781,925200
2015-09-30,9.17649014,9.45202435,9.17649014,9.39212513,2545200
2015-10-01,9.38493937,9.48556887,9.2004515,9.29628944,977100
2015-10-02,9.23638899,9.59578154,9.14055038,9.4400444,1310100
2015-10-05,9.57421881,9.57421881,9.25316138,9.34420776,623400
2015-10-06,9.36337228,9.93121243,9.3609765,9.93121243,962400
2015-10-07,9.91923523,10.19237367,9.78985368,9.91923523,1112400
2015-10-08,10.00548878,10.0845549,9.62213641,9.84256363,774900
2015-10-09,9.87131613,10.27383614,9.6484931,10.27383614,669000
2015-10-13,10.1228905,10.27623118,9.94798645,9.97913361,520800
2015-10-14,10.06059608,10.06299255,9.6101578,9.69880772,558000
2015-10-15,9.76349732,10.02225971,9.71078681,10.02225971,611100
2015-10-16,9.95277855,10.53739063,9.92402717,10.25227261,858900
2015-10-19,10.44873944,10.44873944,10.08695109,10.17560101,637800
2015-10-20,10.25706559,10.53978717,10.24987757,10.3744669,798300
2015-10-21,10.37446403,10.66197777,10.30498103,10.66197777,372000
2015-10-22,10.63083252,10.96626527,10.53978614,10.80094433,529200
2015-10-23,10.81052809,11.03095532,10.72666974,11.00220394,890100
2015-10-26,11.06689418,11.09804202,10.39842448,10.47030258,869400
2015-10-27,10.38404812,10.58051689,10.30258623,10.36967278,485700
2015-10-28,10.68114629,10.84407075,10.67635473,10.83448696,46500
2015-10-29,10.69791894,10.86084342,10.54457825,10.57812119,370500
2015-10-30,10.53739018,10.64520836,10.35050587,10.64520836,539100
2015-11-03,10.71468884,11.33284444,10.66197832,11.05491447,809400
2015-11-04,11.05970587,11.47660115,11.00939045,11.25856972,770700
2015-11-05,11.31367687,11.31367687,10.9039696,11.13637638,271200
2015-11-06,11.13637837,11.14117061,10.87522017,10.90157509,687900
2015-11-09,10.76979653,10.99022445,10.59010025,10.65239525,273900
2015-11-10,10.71708697,11.11960697,10.60208145,11.11960697,588600
2015-11-11,11.08606363,11.09085587,10.87042793,10.90157509,692100
2015-11-12,10.93751449,11.05970802,10.88719906,10.90157509,149400
2015-11-13,10.88719806,11.08366684,10.74823341,11.02137184,470100
2015-11-16,11.0980432,11.0980432,10.90157509,10.90157509,370500
2015-11-17,10.96626377,11.12918823,10.86563361,10.99501514,594900
2015-11-18,10.99980882,10.99980882,10.87042727,10.92553425,196500
2015-11-19,10.92553502,11.04293633,10.64520923,11.04293633,768600
2015-11-23,11.16512695,11.5460835,11.02855809,11.53649902,423300
2015-11-24,11.5341046,11.70182269,11.42389201,11.62035942,1149600
2015-11-25,11.55806562,11.70661476,11.47181148,11.51733398,693600
2015-11-26,11.51733226,11.53889631,11.23221429,11.30888462,382200
2015-11-27,11.20825481,11.3591997,11.04532967,11.23700619,1220700
2015-11-30,11.36638777,11.50774956,11.15794012,11.50774956,535800
2015-12-01,11.51014515,11.7976603,11.25138275,11.60119152,993300
2015-12-02,11.60837985,12.02527518,11.60837985,11.62035942,728700
2015-12-03,11.78567958,11.86953794,11.51254183,11.85995483,753000
2015-12-04,11.76890647,11.76890647,11.38555483,11.53649902,423900
2015-12-07,11.5365001,11.75932446,11.45264243,11.53889656,825000
2015-12-08,11.56046077,11.58202482,11.22742447,11.3687849,503400
2015-12-09,11.39753514,11.67307003,11.29450989,11.29450989,631800
2015-12-10,11.29690756,11.40472507,11.17471401,11.35201454,716700
2015-12-11,11.35201153,11.52212468,11.18429552,11.4694128,350100
2015-12-14,11.5365019,11.5365019,10.98782921,10.98782921,398700
2015-12-15,11.02855943,11.11720934,10.56614094,10.71708584,943500
2015-12-16,10.66197682,10.89917581,10.57811849,10.80573368,850500
2015-12-17,10.80813216,11.02856008,10.76021388,10.89438629,728100
2015-12-18,10.84886201,11.078873,10.58770318,10.98303509,474000
2015-12-21,10.93990863,11.35201166,10.91594812,11.21304703,677400
2015-12-22,11.20346308,11.26096583,10.90157329,11.01897526,868200
2015-12-23,11.12679293,11.21544352,10.89678192,10.95428467,481800
2015-12-28,11.01657961,11.27534201,10.93990995,11.13158512,536700
2015-12-29,11.04533006,11.22742279,10.79615216,10.87282181,613200
2015-12-30,10.90157298,11.06449812,10.75302455,10.97105598,463800
2016-01-04,10.89917695,10.9566797,10.49665771,10.65478992,570300
2016-01-05,10.5661402,10.75542025,10.31216937,10.64760208,721500
2016-01-06,10.60207767,10.86084,10.46790393,10.70989513,581700
2016-01-07,10.66437427,11.18669128,10.31216975,10.96147251,742800
2016-01-08,11.06689536,11.11002277,10.81292517,10.90157509,428400
2016-01-11,11.03814187,11.10043686,10.67635425,10.85125828,1037700
2016-01-12,10.87042659,11.62754687,10.81531961,11.09325027,851400
2016-01-13,11.2921133,11.50056094,11.1076248,11.37836742,521700
2016-01-14,11.49816434,11.49816434,11.05730992,11.23700619,700200
2016-01-15,11.13158622,11.37118175,10.9614744,11.12919044,872700
2016-01-18,11.13158694,11.25617695,11.04054124,11.25617695,287700
2016-01-19,11.28971687,11.45982934,11.20106697,11.28732109,468300
2016-01-20,11.39993296,11.39993296,11.018977,11.18908882,831000
2016-01-21,11.2082561,11.26096661,11.08845835,11.14116955,645600
2016-01-22,11.16033485,11.40951411,11.14116796,11.30409241,747300
2016-01-26,11.26096661,11.32565738,11.011788,11.14116955,549600
2016-01-27,11.14116922,11.46941393,11.05731086,11.43347454,487500
2016-01-28,11.47660098,11.50295589,11.09324931,11.23700619,770700
2016-01-29,11.26096498,11.74015454,11.2585692,11.45264149,1505400
2016-02-01,11.37357522,12.00371106,11.37357522,11.71379948,941700
2016-02-02,11.7018233,11.85755908,11.51014606,11.63473606,948600
2016-02-03,11.66588223,11.80245179,11.54848026,11.66827869,886500
2016-02-04,11.72098926,11.7880765,11.54848099,11.54848099,720900
2016-02-05,11.53650106,11.71619735,11.50775037,11.62035942,1080300
2016-02-10,11.60598335,11.9749604,11.55087705,11.85037041,821700
2016-02-11,11.85995424,12.05402655,11.42149557,11.7305727,1395900
2016-02-12,11.65150536,11.65150536,10.91594848,11.13637638,1372800
2016-02-15,11.2298182,11.51254039,11.07408107,11.26096535,1334700
2016-02-16,11.1771109,11.27055307,10.86563656,10.99741459,972900
2016-02-17,11.1459611,11.18429696,11.03814292,11.14116955,569700
2016-02-18,11.12200276,11.34722156,11.05731198,11.28253078,691800
2016-02-19,11.36159644,11.52452091,11.26815429,11.43347454,704400
2016-02-22,11.48139438,11.97975159,11.41191137,11.64431953,1022100
2016-02-23,11.62275351,11.86474406,11.49337199,11.63233662,378600
2016-02-24,11.59160546,11.71379897,11.4190979,11.4190979,716700
2016-02-25,11.41670394,11.73776135,11.40712015,11.62994385,552300
2016-02-26,11.69702896,11.80963938,11.52212561,11.72817612,1043400
2016-02-29,11.71619717,12.21695085,11.67067398,11.68505001,893700
2016-03-01,11.68504961,12.07319285,11.60119125,11.96298027,745200
2016-03-02,11.93662678,12.56436563,11.91985428,12.40862846,1436100
2016-03-03,12.5787373,12.67217874,12.01808451,12.33914185,1060200
2016-03-04,12.25288842,12.28403695,10.62603891,11.74015522,1630800
2016-03-07,11.81682826,11.86953809,10.97345311,11.33284569,909600
2016-03-08,11.26575866,11.6898413,11.14835737,11.29211426,771300
2016-03-09,11.31607149,11.92943479,11.31607149,11.6658802,656700
2016-03-10,11.85755765,11.85755765,11.35920046,11.53170872,528900
2016-03-11,11.71379884,11.71379884,11.00938985,11.10043621,934500
2016-03-14,11.11241875,11.44305996,11.09085539,11.38076496,471900
2016-03-15,11.38316034,11.73776136,11.26575905,11.5724411,1032300
2016-03-16,11.70421638,11.75213602,11.33524074,11.54129124,868800
2016-03-17,11.62035976,11.62035976,11.41191209,11.49577045,860400
2016-03-18,11.56045996,11.63713167,11.09564568,11.14116955,1658700
2016-03-21,11.16752337,11.74255156,11.16752337,11.34003162,1059000
2016-03-22,11.35920169,11.73057385,11.35920169,11.60838032,1444500
2016-03-23,11.60837839,12.01089764,11.53889608,11.89589214,1529700
2016-03-24,11.93662556,11.93662556,11.42868384,11.67307091,680400
2016-03-28,11.82880783,12.23372359,11.82161981,11.96777248,415200
2016-03-29,11.98933658,12.09954917,11.66348625,11.95818806,887400
2016-03-30,11.98933518,12.09236111,11.57243989,11.74015522,646200
2016-03-31,11.74973918,11.76171875,11.35440727,11.76171875,1101000
2016-04-01,11.59639946,11.68025781,11.47660171,11.5652523,557400
2016-04-04,10.55416298,10.55416298,10.55416298,10.55416298,300
2016-04-05,10.64041441,10.76979525,10.51582512,10.66197777,1181400
2016-04-06,10.30258465,10.30258465,10.30258465,10.30258465,41400
2016-04-07,10.3744642,10.69072932,10.3744642,10.48228168,1473900
2016-04-08,10.52061671,10.74583615,10.2834177,10.2834177,1012200
2016-04-11,10.36248369,10.56374331,9.90725327,9.90725327,1378200
2016-04-12,10.02944703,10.26904182,9.98871541,10.19476795,1334700
2016-04-13,10.14924588,10.53259758,10.14924588,10.47030258,943200
2016-04-14,10.59968445,10.71708642,10.30258687,10.32175446,911700
2016-04-15,10.42477993,10.60926844,10.29539839,10.36248493,705300
2016-04-18,10.42238452,10.77938063,10.42238452,10.75781727,926700
2016-04-19,10.77219224,11.14116927,10.62603958,11.00220394,1541700
2016-04-20,10.947096,11.26096535,10.93990867,11.26096535,1347600
2016-04-22,11.05012261,11.13398096,10.78177643,10.78177643,1037400
2016-04-25,10.78417035,10.99022219,10.77458656,10.85844421,464100
2016-04-26,10.72906567,11.03574772,10.72906567,10.91355419,617400
2016-04-27,10.87042678,11.07168643,10.73385791,10.91355419,783900
2016-04-28,10.98303691,11.07168682,10.75062942,10.7793808,289200
2016-04-29,10.79854773,10.89917789,10.53259732,10.71708584,636300
2016-05-02,10.7410456,11.0093918,10.6691675,10.92313766,403800
2016-05-03,10.81052607,10.90636397,10.74104307,10.8608408,266700
2016-05-04,10.85126077,11.38795391,10.84646922,11.35680676,1545600
2016-05-05,11.3568047,11.62035864,11.19867178,11.61317062,1175100
2016-05-06,11.56525275,11.7042174,11.18669192,11.66827869,1383600
2016-05-09,11.52452181,11.66588293,11.15554612,11.50056267,744300
2016-05-10,11.57963056,11.65150798,11.44545676,11.58442211,473400
2016-05-11,11.62035919,11.92464546,11.6179641,11.83359909,658200
2016-05-12,11.86714019,12.15944546,11.79765788,12.04923153,760200
2016-05-13,12.06360966,12.06360966,11.35680481,11.86953735,715200
2016-05-16,11.86474613,11.93902138,11.59879503,11.77369976,586200
2016-05-17,11.74973963,12.08996458,11.74973963,11.97975063,1116900
2016-05-18,12.03485923,12.19299146,11.80484684,12.15225983,1068600
2016-05-19,12.02048238,12.12111186,11.71619614,11.98214722,520200
2016-05-20,11.9318327,12.47092152,11.92943624,12.47092152,1422000
2016-05-23,12.31518707,12.44456863,12.12830274,12.44456863,723600
2016-05-24,12.44456625,12.55238375,12.30560161,12.51404858,438900
2016-05-25,12.48290386,12.54280309,12.39904549,12.43498421,1087800
2016-05-27,12.37508385,12.53561393,12.190596,12.36070919,405000
2016-05-30,12.26726433,12.5955097,12.2504932,12.53081894,255000
2016-05-31,12.50925707,12.89500523,12.27684959,12.89500523,1224000
2016-06-01,12.88542052,12.88542052,12.33435213,12.52123642,910500
2016-06-02,12.52123558,12.69614029,12.31278726,12.69614029,632100
2016-06-03,12.64822328,12.65061975,12.25528707,12.57634449,963000
2016-06-06,12.672182,12.72010165,12.50446528,12.7153101,433500
2016-06-07,12.69374563,12.74406038,12.51404935,12.57874012,696000
2016-06-08,12.54040558,12.81114826,12.54040558,12.69853783,889500
2016-06-09,12.62665829,12.75603983,12.46612959,12.51884079,531600
2016-06-10,12.58592867,12.69614264,12.36070919,12.36070919,890400
2016-06-13,12.44217073,12.60509589,12.2385153,12.57155228,485400
2016-06-14,12.49727667,12.55957235,12.21455581,12.22893047,513000
2016-06-15,12.29601721,12.36310444,12.12350895,12.27445316,633900
2016-06-16,12.14267756,12.6697855,12.1402811,12.6697855,489900
2016-06-17,12.62665887,12.69853767,12.3822718,12.64822292,768600
2016-06-20,12.72728703,12.76322573,12.35591495,12.41102123,873300
2016-06-21,12.23851567,12.36310567,12.0755905,12.30320644,951000
2016-06-22,12.2169517,12.69853783,12.20976368,12.69853783,929400
2016-06-23,12.68416118,12.73926884,12.46373463,12.60269928,388200
2016-06-24,12.35111913,12.54039982,11.97974714,12.08996105,532200
2016-06-27,11.97735673,12.5619674,11.95818778,12.45894146,470400
2016-06-28,12.37987659,12.63384676,12.28883021,12.56436443,1339200
2016-06-29,12.62426372,12.8782339,12.61228278,12.7153101,728700
2016-06-30,12.77760364,12.89021269,12.53561305,12.78958321,702000
2016-07-01,12.74645798,12.87583954,12.60509686,12.73447704,593400
2016-07-04,12.67457869,12.80635533,12.58353231,12.69853783,421800
2016-07-05,12.68655616,12.81114614,12.41341844,12.62426186,633300
2016-07-06,12.62426333,12.8758384,12.57874014,12.60269928,834300
2016-07-07,12.71530668,12.80635166,12.71291022,12.80635166,1314300
2016-07-08,12.80635355,12.85666828,12.69853606,12.78239441,663000
2016-07-11,12.81114874,13.17054134,12.6985383,13.01001263,807900
2016-07-12,13.03396867,13.09386651,12.51644394,12.54519463,1101000
2016-07-13,12.54998715,12.57634275,12.06121444,12.37268734,1626300
2016-07-14,12.3750799,12.88541793,12.3750799,12.77041245,1557600
2016-07-15,12.77281095,12.77281095,12.48050428,12.54279995,402300
2016-07-18,12.53321582,12.54759185,12.36789558,12.52842426,807300
2016-07-19,12.52842576,12.82073111,12.470923,12.61228275,657600
2016-07-20,12.77999939,12.77999939,12.31518444,12.3463316,502800
2016-07-21,12.36550087,12.65061957,12.15465741,12.36310577,970800
2016-07-22,12.32237314,12.65061855,12.14746842,12.17861557,952500
2016-07-25,12.1834061,12.37747701,12.14746603,12.33914185,651900
2016-07-26,12.33914599,12.54998946,12.1929933,12.30081081,399900
2016-07-27,12.28882841,12.44456554,12.21934609,12.26726437,919800
2016-07-28,12.30799718,12.54280113,12.23611839,12.52602863,516900
2016-07-29,12.52603103,12.83031736,12.44456912,12.72249985,1136700
2016-08-01,12.70106145,12.93805708,12.26818087,12.40844345,1352100
2016-08-02,12.48341405,12.61158518,12.28027392,12.43746567,552600
2016-08-03,12.33347702,12.47373961,12.04811414,12.33347702,570600
2016-08-04,12.33347612,12.57530806,12.23916191,12.50034046,848700
2016-08-05,12.50517768,12.52694314,12.29236495,12.33347702,430200
2016-08-08,12.33831294,12.42053708,12.1013173,12.28269196,570300
2016-08-09,12.43262703,12.75668312,12.33347651,12.50759602,751500
2016-08-10,12.54629007,12.54629007,12.27543749,12.47857761,578400
2016-08-11,12.56321714,12.57289114,12.12791769,12.35282326,732900
2016-08-12,12.32138558,12.3455685,12.18595791,12.18595791,240600
2016-08-15,12.28269164,12.28269164,12.06746007,12.13759136,723600
2016-08-16,12.1375921,12.236744,11.87399468,12.2125597,1166700
2016-08-17,12.10373456,12.17870354,11.91026845,12.02634811,679200
2016-08-18,11.99007435,12.2125597,11.87641352,12.2125597,831000
2016-08-19,12.16419386,12.23916285,11.87883098,12.2125597,1122300
2016-08-22,12.19079586,12.19079586,11.8498106,11.8498106,1039800
2016-08-23,11.87157573,11.99249309,11.66601815,11.85222912,676800
2016-08-24,11.8522277,11.91752268,11.70470998,11.79176903,528600
2016-08-25,11.7071261,11.78935022,11.68536203,11.74098301,988800
2016-08-26,11.77484324,11.84739339,11.72889486,11.80144501,1138800
2016-08-29,11.82320732,11.84980908,11.71680166,11.78693295,675900
2016-08-30,11.86431989,11.97072694,11.41692899,11.94412518,1863000
2016-08-31,12.07471635,12.14968395,11.95863667,12.14968395,1602000
2016-09-01,12.25608973,12.39151601,12.00216495,12.22223282,1952100
2016-09-02,12.27059962,12.589818,12.22465125,12.589818,1270800
2016-09-05,12.67687881,12.67687881,12.40844373,12.57047176,547500
2016-09-06,12.66962376,12.72040844,12.54628894,12.72040844,1087800
2016-09-08,12.72041007,12.8389086,12.56563716,12.67204285,985500
2016-09-09,12.6720403,12.73491782,12.52452258,12.63334846,1022400
2016-09-12,12.57288926,12.57288926,12.34556626,12.40602493,970500
2016-09-13,12.41811806,12.69622578,12.37942484,12.52452374,623400
2016-09-14,12.48825023,12.57530929,12.40360862,12.47857761,681000
2016-09-15,12.57530794,12.76635659,12.3939333,12.3939333,1059000
2016-09-16,12.45197506,12.93805781,12.29720217,12.60432911,2677800
2016-09-19,12.75184849,13.14603731,12.70831896,13.01060963,1225500
2016-09-20,13.00093395,13.7312688,13.00093395,13.49427319,1862700
2016-09-21,13.47734587,13.70708776,13.02028234,13.55473232,2012700
2016-09-22,13.54989603,13.83284006,13.32499184,13.44107151,1038300
2016-09-23,13.44348848,13.74094277,13.40963157,13.58133221,1011000
2016-09-26,13.5329653,14.0214668,13.50636354,13.66597271,1410600
2016-09-27,13.68531974,13.92715304,13.51845542,13.74335957,694500
2016-09-28,13.74820117,13.96585023,13.73610832,13.84977055,480000
2016-09-29,13.89813597,14.20768178,13.78689259,14.02630711,996000
2016-09-30,14.02872454,14.18349743,13.90055341,14.18349743,1370100
2016-10-03,14.14721856,14.32133801,13.748195,14.04081154,997200
2016-10-04,14.10369322,14.23186435,13.94891895,14.21251774,622500
2016-10-05,14.36970845,14.76631468,14.30441346,14.70827484,987600
2016-10-06,14.75180325,15.11455253,14.5752663,15.02749348,968400
2016-10-07,15.04200477,15.26932642,15.02749447,15.12422752,834600
2016-10-10,15.25723771,15.32011385,14.94527305,15.06135273,504900
2016-10-11,15.1073013,15.13148423,14.71553135,14.71553135,736800
2016-10-13,14.63088826,15.14357415,14.63088826,15.08069801,1279500
2016-10-14,15.05893434,15.05893434,14.89932512,14.94769096,568500
2016-10-17,15.04200362,15.23546971,14.79049631,14.82435322,783000
2016-10-18,14.91383044,15.06134955,14.81467994,14.87271976,978300
2016-10-19,14.95494604,15.57162021,14.88965105,15.2524004,1052700
2016-10-20,15.27416495,15.49906915,15.06860737,15.23547173,541500
2016-10-21,15.26448921,15.53292289,15.23546861,15.40475178,883500
2016-10-24,15.42893438,15.52324858,15.11696981,15.28625298,516600
2016-10-25,15.36364092,15.36364092,15.1411556,15.27899933,411600
2016-10-26,15.24272688,15.24998203,15.01056753,15.23547173,471600
2016-10-27,15.23546989,15.69011453,15.18710267,15.21128559,739200
2016-10-28,15.13148202,15.54501599,15.13148202,15.42651749,612600
2016-10-31,15.42651795,15.64900467,15.29109168,15.37331581,650100
2016-11-01,15.50874098,15.50874098,15.08553438,15.1339016,587700
2016-11-03,15.28383773,15.41201025,14.6115426,14.67925644,900900
2016-11-04,14.87272307,14.88723338,14.24637491,14.54866695,909000
2016-11-07,14.67200114,14.95252771,14.64539938,14.7638979,954000
2016-11-08,14.59703368,14.99605739,14.59703368,14.67925644,888900
2016-11-09,14.09885657,14.6018685,14.02630643,14.50271797,1251000
2016-11-10,14.75180306,14.78807881,12.86792538,14.04806995,2388600
2016-11-11,13.81832857,14.01663236,13.41446859,13.58616924,1260600
2016-11-14,13.58616789,13.69257493,12.99851449,13.42172241,974400
2016-11-16,13.32257166,13.46283423,12.62367485,13.05897427,1674300
2016-11-17,13.17505739,13.32015769,12.70106462,12.84132862,999900
2016-11-18,12.97674774,13.4700869,12.84132288,13.32740688,882900
2016-11-21,13.3346642,13.74336189,13.08074079,13.4193058,828900
2016-11-22,13.51845637,13.6804844,13.19440031,13.43865108,831600
2016-11-23,13.45558063,13.50878554,13.02995516,13.40963364,522300
2016-11-24,13.38545019,13.48943702,13.09041333,13.15570831,373800
2016-11-25,13.05897475,13.3008067,12.97433316,13.14603519,388800
2016-11-28,13.03721144,13.25727935,12.88485738,13.06381321,506100
2016-11-29,13.12668582,13.15812388,12.85825214,12.92112827,415800
2016-11-30,12.96466058,13.19440107,12.96466058,13.02511787,826800
2016-12-01,12.98400669,13.07832229,12.62367621,12.83165264,895500
2016-12-02,12.66720532,12.92354896,12.45439259,12.7977953,747600
2016-12-05,12.94773297,12.97191589,12.6067477,12.686553,926700
2016-12-06,12.69380395,13.30080391,12.47857381,13.1484499,937200
2016-12-07,13.19440154,13.37335735,12.81230562,12.9380579,778500
2016-12-08,12.89211017,13.00577099,12.4640659,12.74942875,558600
2016-12-09,12.78328639,12.80988677,12.49550467,12.68413448,792300
2016-12-12,12.69622463,12.92112879,12.13033526,12.65995026,666300
2016-12-13,12.69622493,12.87034442,12.29720127,12.36975002,1232500
2016-12-14,12.3334727,12.63818208,12.11582373,12.20288277,694500
2016-12-15,12.22465028,12.39876975,11.95621522,12.18837452,1104400
2016-12-16,12.19563024,12.92838395,12.19563024,12.65995026,1513300
2016-12-19,12.73249923,12.76877499,12.41328086,12.76877499,965500
2016-12-20,12.77603091,13.01544539,12.55838049,12.87034512,784000
2016-12-21,13.3201561,13.3201561,13.3201561,13.3201561,1084400
2016-12-22,13.3999592,13.45799904,13.0807408,13.30564499,644900
2016-12-23,13.31289814,13.63211788,13.28387753,13.53054714,528100
2016-12-26,13.53780493,13.75545397,13.37819572,13.46525478,235300
2016-12-27,13.46525518,13.66839531,13.35643066,13.47251034,388200
2016-12-28,13.42898074,14.03114459,13.35643059,13.77721977,546700
2016-12-29,13.81349569,14.14722443,13.63937479,14.14722443,771300
2017-01-02,14.14721793,14.14721793,13.80623421,13.95133305,334600
2017-01-03,14.06016186,14.34310725,13.99486826,14.03839779,522500
2017-01-04,14.11820621,14.35036699,13.79898773,14.06016636,576500
2017-01-05,14.13271285,14.18349753,13.84976883,14.00212288,985500
2017-01-06,13.96584848,13.96584848,13.54505933,13.79172897,553200
2017-01-09,13.85702409,13.92957423,13.63937367,13.82074833,309100
2017-01-10,13.87153275,13.87878652,13.61035283,13.79898262,608500
2017-01-11,13.82800295,13.87153386,13.6466283,13.78447342,375500
2017-01-12,13.878785,14.31408436,13.878785,14.24153423,847600
2017-01-13,14.31408757,14.31408757,14.0238884,14.12545776,434100
2017-01-16,14.12545944,14.30683412,13.93682961,14.23428535,352200
2017-01-17,14.36487229,14.57526756,14.35036337,14.50997257,650600
2017-01-18,14.5535021,14.57526756,14.25604778,14.50997257,893700
2017-01-19,14.58977894,14.63330848,14.25604883,14.32859898,837600
2017-01-20,14.43742243,14.52448288,13.98035891,14.50997257,562600
2017-01-23,14.4954616,14.4954616,14.22702789,14.22702789,421700
2017-01-24,14.25604269,14.66957654,14.25604269,14.54624176,834500
2017-01-26,14.65507345,14.66958237,14.42291271,14.66958237,368700
2017-01-27,14.53173605,14.66957977,14.53173605,14.6478157,304100
2017-01-30,14.64056422,14.79291828,14.35036501,14.48820877,534300
2017-01-31,14.49546328,15.02507699,14.35036438,14.84370232,445600
2017-02-01,14.85095671,14.99605699,14.68409235,14.74213219,602600
2017-02-02,14.87272184,14.92350652,14.44467754,14.81468201,621200
2017-02-03,14.82919024,15.22821388,14.82919024,14.87271976,513600
2017-02-06,14.90899616,15.0105669,14.58977776,14.69134712,300300
2017-02-07,14.69860194,14.73487632,13.98035849,14.29232311,825300
2017-02-08,14.36487396,14.40114973,14.09644021,14.23428535,499500
2017-02-09,14.18349828,14.31408826,13.94408377,14.11094952,531000
2017-02-10,14.07467488,14.50997439,13.98761581,14.26330471,579300
2017-02-13,14.2633025,14.40840278,14.14722284,14.29232311,640300
2017-02-14,14.29232311,14.37938217,13.96584819,14.29232311,817900
2017-02-15,14.2923246,14.50271849,14.21977445,14.32859898,434800
2017-02-16,14.32859531,14.46644041,14.14722068,14.31408501,444100
2017-02-17,14.3576181,14.3576181,14.16173314,14.29232311,330400
2017-02-20,14.29232247,14.43016621,14.15447736,14.21977234,237500
2017-02-21,14.21977286,14.43016673,13.78447342,13.78447342,640100
2017-02-22,13.8207463,13.95133626,13.6176076,13.74819756,391300
2017-02-23,13.79172793,14.13996691,13.63937251,13.71192265,607300
2017-02-24,13.79172857,13.95133777,13.55956924,13.78447342,725600
2017-03-01,13.82074715,14.13271176,13.57407753,13.71192265,580100
2017-03-02,13.58858889,14.1254577,13.58858889,14.00212288,846500
2017-03-03,14.13996706,14.13996706,13.85702306,13.95859241,408900
2017-03-06,13.95859475,14.21977472,13.95859475,14.13271427,383900
2017-03-07,14.13996757,14.13996757,13.69741298,13.78447342,355400
2017-03-08,13.85702409,13.85702409,13.17505499,13.3491745,1040800
2017-03-09,13.39270266,13.67564803,13.35642828,13.64662743,730000
2017-03-10,13.64662954,13.77721952,13.62486547,13.75545406,400300
2017-03-13,13.78447183,13.85702196,13.55231253,13.66839218,388500
2017-03-14,13.69015974,13.79898425,13.39995918,13.56682491,221200
2017-03-15,13.53780465,13.58133418,13.28387984,13.45074558,537300
2017-03-16,13.47250932,13.74819957,13.34191934,13.56682491,606700
2017-03-17,13.69741264,13.74094355,13.20407476,13.38544941,751700
2017-03-20,13.27662328,13.37093887,12.9283843,13.05897427,752300
2017-03-21,13.06623005,13.18956487,12.84857964,12.91387463,968300
2017-03-22,12.95015157,13.11701593,12.8340719,12.9791708,355000
2017-03-23,12.96466253,13.00093691,12.56563741,12.62367725,866100
2017-03-24,12.63093018,12.90662042,12.63093018,12.69622517,687100
2017-03-27,12.65269673,12.90662153,12.65269673,12.89936638,429400
2017-03-28,12.89936644,13.0807411,12.81230599,13.02270126,613200
2017-03-29,13.02995385,13.05897446,12.59465581,12.69622517,681600
2017-03-30,12.696226,12.76152098,12.33347668,12.44955635,716600
2017-03-31,12.39877026,12.60916412,12.39151511,12.53661537,1294500
2017-04-03,12.59465528,12.84857866,12.50759484,12.65995026,748500
2017-04-04,12.65995002,12.69622439,12.45680993,12.59465504,639100
2017-04-05,12.68897229,13.29839132,12.68897229,13.13152695,1051700
2017-04-06,13.07348297,13.09524703,12.7615184,12.98642254,790400
2017-04-07,13.03720866,13.03720866,12.65995046,12.8123045,617300
2017-04-10,12.84858147,12.91387646,12.50759757,12.62367725,2971300
2017-04-11,12.70348085,12.92838503,12.64544102,12.73250008,860100
2017-04-12,12.78328614,12.89211066,12.63093071,12.73250008,452600
2017-04-13,12.7687753,12.7832856,12.63818534,12.69622517,425900
2017-04-17,12.68897073,12.73975542,12.52936154,12.6309309,1414300
2017-04-18,12.45681226,12.69622677,12.44955711,12.55112648,375600
2017-04-19,12.55838226,12.66720679,12.43504742,12.62367725,617500
2017-04-20,12.66720679,12.67446194,12.50759757,12.62367725,358800
2017-04-24,12.68897133,12.89211145,12.51485181,12.7905407,796500
2017-04-25,12.6962248,12.76877493,12.48582955,12.60191059,1343600
2017-04-26,12.62367894,12.95015396,12.42054016,12.55838394,977300
2017-04-27,12.58740224,12.71073707,12.44230196,12.55112648,1958200
2017-04-28,12.54387156,12.91387463,12.54387156,12.91387463,1488200
2017-05-02,12.79054182,13.22584133,12.78328805,12.90662289,612900
2017-05-03,12.90661776,13.03720631,12.73975207,12.80504704,441300
2017-05-04,12.79779589,12.80505104,12.55838139,12.70348167,355800
2017-05-05,12.79054334,12.79054334,12.44230424,12.55838394,515400
2017-05-08,12.58740092,12.6526959,12.45681095,12.45681095,346400
2017-05-09,12.50033905,12.65994961,12.44955438,12.58739948,447300
2017-05-10,12.60916729,12.95015257,12.50759791,12.89211273,1426100
2017-05-11,12.92112667,13.204072,12.76877266,13.204072,432800
2017-05-12,13.23309231,13.27662183,12.87759821,12.88485336,617900
2017-05-15,12.93563908,13.11701372,12.8703441,12.96465969,353200
2017-05-16,12.97917059,13.29839039,12.95015136,13.29839039,584800
2017-05-17,13.31289912,13.35642864,13.05897434,13.18230915,507700
2017-05-18,11.23071895,12.93564109,11.05659944,11.97072792,1234800
2017-05-19,12.17386837,12.71073723,11.97072824,12.71073723,1102500
2017-05-22,12.65995061,13.05897427,12.31171024,13.05897427,1288400
2017-05-23,13.02270331,13.03721223,12.54387424,12.84132862,1309400
2017-05-24,12.83407028,12.90662042,12.62367503,12.69622517,856600
2017-05-25,12.76152081,13.23309464,12.76152081,13.19682026,1058800
2017-05-26,13.10250485,13.56682491,12.97191487,13.56682491,1672400
2017-05-29,13.56682491,13.56682491,13.56682491,13.56682491,0
2017-05-30,13.45074433,13.47976355,13.0009346,13.0009346,940600
2017-05-31,13.05897427,13.16054362,12.89210993,13.05897427,725600
2017-06-01,13.13152646,13.13878162,12.66720636,12.83407211,964500
2017-06-02,12.9646582,12.9646582,12.46406387,12.61641788,585500
2017-06-05,12.64544271,12.74701209,12.47132319,12.62367725,560700
2017-06-06,12.6236741,12.77602951,12.5293599,12.6526947,582500
2017-06-07,12.74700959,12.95014969,12.53661573,12.67445946,860200
2017-06-08,12.56563637,12.81230602,12.18837674,12.33347702,943600
2017-06-09,12.33347744,12.76877692,12.18837716,12.29720306,1116700
2017-06-12,12.32622172,12.471322,12.1230816,12.34798717,359200
2017-06-13,12.44955439,12.60190979,12.23916054,12.23916054,294400
2017-06-14,12.26092701,12.3117117,11.8328827,12.10857296,1636400
2017-06-15,12.10857296,12.10857296,12.10857296,12.10857296,0
2017-06-16,11.99249178,12.2246511,11.89817619,11.89817619,1328200
2017-06-19,11.92719786,12.05053269,11.62974354,11.7168026,980200
2017-06-20,11.72405576,11.76758529,11.50640607,11.57170105,419500
2017-06-21,11.57170171,11.57170171,11.31777763,11.31777763,373900
2017-06-22,11.3903292,11.57895902,11.34679966,11.42660427,197300
2017-06-23,11.43385849,11.85464764,11.39032827,11.85464764,427000
2017-06-26,11.86190398,11.88366806,11.51366425,11.51366425,636500
2017-06-27,11.68778368,11.9417071,11.53542824,11.86190319,666300
2017-06-28,11.89817613,12.20288559,11.76758617,11.99249172,514000
2017-06-29,12.01425734,12.34073229,11.83288267,12.15210247,592800
2017-06-30,12.17386812,12.53661745,12.07229736,12.47857761,499200
2017-07-03,12.6164207,12.6164207,12.12308141,12.44955635,314500
2017-07-04,12.39877026,12.53661537,12.25367,12.53661537,209800
2017-07-05,12.5075969,12.5075969,12.17386818,12.17386818,498300
2017-07-06,12.30445718,12.3334778,11.8981783,12.18112373,691300
2017-07-07,12.11582821,12.12308198,11.83288279,11.97072792,643500
2017-07-10,11.99974742,12.08680648,11.76758671,11.76758671,419600
2017-07-11,11.73856797,11.97072731,11.66601783,11.85464764,630500
2017-07-12,11.89092057,12.13033503,11.86190135,12.02876568,676200
2017-07-13,12.1085721,12.52210609,12.1085721,12.4423008,672600
2017-07-14,12.47132168,12.51485121,12.26092641,12.42053699,286400
2017-07-17,12.48583149,12.58740224,12.34798774,12.55112648,508500
2017-07-18,12.55112669,12.85583619,12.44955731,12.83407211,607500
2017-07-19,12.83407093,13.34191913,12.83407093,13.24034977,1054000
2017-07-20,13.32015591,13.32015591,12.91387566,12.99368095,908200
2017-07-21,13.31289973,13.3491741,12.78328608,12.82681561,2519900
2017-07-24,12.7397559,12.85583558,12.66720576,12.71799183,391300
2017-07-25,12.7107364,13.00093558,12.7107364,12.73975563,696000
2017-07-26,12.84132279,12.98642164,12.79779188,12.80504704,951300
2017-07-27,12.96466347,13.13152785,12.84132862,12.84132862,1009400
2017-07-28,12.91387387,13.00818946,12.72524546,12.76877499,900700
2017-07-31,12.93749994,13.18076912,12.93749994,12.9448719,783600
2017-08-01,13.09967913,13.10705109,12.81955015,12.86378193,798200
2017-08-02,12.89326932,12.996474,12.82692305,12.97435951,685200
2017-08-03,12.97436,12.98910393,12.73846278,12.7532053,245000
2017-08-04,12.86378296,12.89326941,12.576282,12.74583435,483000
2017-08-07,12.74583259,12.92275548,12.53204989,12.782691,1380300
2017-08-08,12.7089757,12.90064256,12.7089757,12.82692432,442300
2017-08-09,12.70897361,12.84166613,12.57628108,12.79743576,351500
2017-08-10,12.75320471,12.75320471,12.20769205,12.27403831,915800
2017-08-11,12.32564115,12.70897484,12.11923178,12.70897484,662800
2017-08-14,12.64262867,12.67948849,12.36987303,12.64262867,649300
2017-08-15,12.90064058,12.95224292,12.56890926,12.83429432,608700
2017-08-16,12.93012973,12.95224421,12.43621938,12.52468014,839100
2017-08-17,12.47307572,12.59839627,12.34775516,12.43621731,428400
2017-08-18,12.45833313,12.49519294,12.11923124,12.28141022,1285100
2017-08-21,12.310898,12.37724426,11.96442274,12.12660313,1144500
2017-08-22,12.1708346,12.45096221,12.15609067,12.16346264,993300
2017-08-23,12.20769277,12.41410355,12.18557829,12.35512924,526000
2017-08-24,12.67211822,12.67949019,12.48782331,12.56154156,533700
2017-08-25,12.5762824,12.84166748,12.5762824,12.64262867,580200
2017-08-28,12.60576918,12.78269209,12.57628133,12.65737152,832100
2017-08-29,12.59840023,12.71634886,12.44359177,12.53205395,632600
2017-08-30,12.46570469,12.69422993,12.4435888,12.65737152,541200
2017-08-31,12.62788332,12.88589641,12.54679454,12.86378193,1000800
2017-09-01,12.79006285,13.08493432,12.79006285,12.90801144,934600
2017-09-04,13.02595994,13.23974123,12.93012724,13.19551086,808800
2017-09-05,13.34294715,13.47563967,13.23237053,13.26922894,1633000
2017-09-06,13.27660409,13.28397606,12.98910451,13.12179565,1186700
2017-09-07,13.12179565,13.12179565,13.12179565,13.12179565,0
2017-09-08,13.0480769,13.1070512,12.94487082,13.07019138,404200
2017-09-11,13.09967989,13.14391026,12.95224343,13.10705185,868900
2017-09-12,13.08493796,13.21025855,13.04807954,13.20288658,552600
2017-09-13,13.12916619,13.34294891,13.11442367,13.34294891,663800
2017-09-14,13.32820338,13.51987019,13.12179264,13.19551086,608300
2017-09-15,13.12916446,13.2766009,13.01858783,13.26922894,845900
2017-09-18,13.40929513,13.55673018,13.28397456,13.51249981,1071000
2017-09-19,13.55672932,13.59358913,13.3650625,13.55672932,1165100
2017-09-20,13.55672705,13.67467563,13.19550936,13.60095882,1002900
2017-09-21,13.49038092,13.67467575,13.40192019,13.58621502,825800
2017-09-22,13.66730423,13.67467479,13.335573,13.41666317,713200
2017-09-25,13.42403785,13.60096216,13.26923083,13.37980747,831600
2017-09-26,13.3208332,13.32820516,13.01858972,13.15865421,691200
2017-09-27,13.11442317,13.13653765,12.62051288,12.95961475,2066700
2017-09-28,12.9596149,13.02596117,12.6647434,12.99647331,1304300
2017-09-29,13.01121956,13.26186073,12.93013076,13.11442566,898100
2017-10-02,13.26922675,13.46826549,13.1291623,13.41666317,543700
2017-10-03,13.39455417,13.65993929,13.3871822,13.49775887,1635400
2017-10-04,13.45352648,13.60096295,13.3282059,13.56410313,947900
2017-10-05,13.58622183,13.74840086,13.46827319,13.62308025,826000
2017-10-06,13.56410216,13.70416666,13.48301337,13.6746788,867100
2017-10-09,13.72628403,13.88846302,13.608334,13.72628403,1201000
2017-10-10,13.83685895,14.02852578,13.8073711,13.97692204,1092700
2017-10-11,14.03589769,14.04326825,13.63044814,13.87371731,795900
2017-10-12,13.87371731,13.87371731,13.87371731,13.87371731,0
2017-10-13,13.96955025,14.11698529,13.82211381,13.95480633,505500
2017-10-16,13.9548076,14.04326835,13.65256413,13.80737114,597200
2017-10-17,13.7999972,13.7999972,13.51986966,13.59358788,428100
2017-10-18,13.60096261,13.82948786,13.5419883,13.8221159,260500
2017-10-19,13.8147428,13.99903766,13.6967942,13.84423065,809400
2017-10-20,13.86634446,14.0137809,13.57147297,13.64519119,602600
2017-10-23,13.65993617,13.72628244,13.37980718,13.57884598,620500
2017-10-24,13.5935938,13.62308025,13.2987222,13.62308025,863600
2017-10-25,13.78525783,13.81474428,13.37980824,13.56410313,1135000
2017-10-26,13.56410012,13.6820487,13.49775386,13.63781834,428100
2017-10-27,13.71153976,13.71153976,13.38718037,13.49038506,540300
2017-10-30,13.44615368,13.55673032,13.18076861,13.38717937,626900
2017-10-31,13.49038483,13.60096289,13.30608995,13.57147503,533700
2017-11-01,13.63782027,13.74839691,13.49775578,13.68942261,570700
2017-11-02,13.68942261,13.68942261,13.68942261,13.68942261,0
2017-11-03,13.69679617,13.74839851,13.3060905,13.72628403,750200
2017-11-06,13.74839617,13.8589728,13.5272429,13.60833168,888200
2017-11-07,13.67467915,13.70416701,13.06282022,13.3060894,766300
2017-11-08,13.31345811,13.5051249,13.15127917,13.29871559,992800
2017-11-09,13.35769123,13.38717768,13.17339638,13.19551086,1134900
2017-11-10,13.1660236,13.21762593,12.88589466,13.01121521,882200
2017-11-13,13.06281754,13.18076612,12.75320216,13.01121521,736400
2017-11-14,13.09230461,13.16602283,12.59839442,12.81954765,929400
2017-11-15,12.81954765,12.81954765,12.81954765,12.81954765,0
2017-11-16,12.82692219,13.16602547,12.67948715,13.01858902,1176600
2017-11-17,13.04070462,13.32820415,12.79743547,13.32820415,926200
2017-11-20,13.32820415,13.32820415,13.32820415,13.32820415,0
2017-11-21,13.53461606,13.53461606,13.14391042,13.3060894,636900
2017-11-22,13.37243541,13.44615364,13.15865409,13.44615364,477300
2017-11-23,13.43878194,13.43878194,13.20288472,13.3060894,332000
2017-11-24,13.30608846,13.30608846,13.07756323,13.08493519,483400
2017-11-27,13.05544859,13.06282055,12.8342953,12.88589764,543100
2017-11-28,12.95961398,13.01121632,12.71634483,12.71634483,971400
2017-11-29,12.71634517,12.77531947,12.42884564,12.50993443,915700
2017-11-30,12.56153783,12.6057682,12.16346028,12.6057682,1380000
2017-12-01,12.60577185,12.79006675,12.39198908,12.67949009,744200
2017-12-04,12.64262753,12.8269224,12.56153875,12.66474342,200700
2017-12-05,12.64262867,12.7163469,12.46570575,12.64262867,263100
2017-12-06,12.63525304,12.63525304,12.24454891,12.39935589,956700
2017-12-07,12.34038347,12.48044795,12.20769094,12.45833206,281300
2017-12-08,12.52467829,12.52467829,12.39198577,12.4067297,243700
2017-12-11,12.37724395,12.56153882,12.30352572,12.54679489,384000
2017-12-12,12.40672797,12.56890691,12.3624976,12.38461208,2116300
2017-12-13,12.75320693,12.90801538,12.45833536,12.67949009,3007200
2017-12-14,12.65737136,12.84166623,12.53942276,12.73108959,898300
2017-12-15,12.83429607,13.18814193,12.64262922,13.12179565,854200
2017-12-18,13.15128035,13.37980556,13.01858783,13.26922894,880600
2017-12-19,13.26922675,13.51249586,13.1291623,13.41666317,742400
2017-12-20,13.35032083,13.71153861,13.35032083,13.51249981,729400
2017-12-21,13.68205064,13.83685906,13.44615344,13.68942261,561200
2017-12-22,13.63781728,13.85897051,13.63044532,13.76313782,505100
2017-12-25,13.76313782,13.76313782,13.76313782,13.76313782,0
2017-12-26,13.8663432,13.94743338,13.64518996,13.90320301,244900
2017-12-27,13.85897225,14.00640869,13.79999795,14.00640869,428100
2017-12-28,14.00640963,14.35288347,13.95480729,14.2275629,654800
2017-12-29,14.2275629,14.2275629,14.2275629,14.2275629,0
2018-01-02,14.27179345,14.32339578,14.06538272,14.09487057,464700
2018-01-03,14.0948709,14.17595968,13.86634427,14.10961342,425400
2018-01-04,14.20544629,14.27916451,14.00640753,14.08749771,584800
2018-01-05,14.14647333,14.14647333,13.77051166,13.93269062,890700
2018-01-08,13.96955155,13.96955155,13.8589735,13.8589735,327700
2018-01-09,13.9253195,13.95480735,13.71891015,13.83685875,405000
2018-01-10,13.72628536,13.78525967,13.5714769,13.68205357,524700
2018-01-11,13.63044637,13.69679263,13.42403564,13.63781834,843100
2018-01-12,13.51987239,13.82211588,13.48301397,13.77051353,562500
2018-01-15,13.77788472,13.93269173,13.63782022,13.8589735,302300
2018-01-16,13.78525783,13.88846251,13.54198864,13.56410313,813400
2018-01-17,13.57147321,13.63044751,13.31346013,13.61570358,879400
2018-01-18,13.61570325,13.71153736,13.45352429,13.71153736,494700
2018-01-19,13.7041645,13.7999972,13.56410003,13.59358788,524700
2018-01-22,13.62307743,13.62307743,13.35769376,13.56410313,477400
2018-01-23,13.57147199,13.68942057,13.39454911,13.59358788,428800
2018-01-24,13.71890852,13.91794588,13.57147208,13.63781834,695200
2018-01-25,13.63781834,13.63781834,13.63781834,13.63781834,0
2018-01-26,13.64519222,13.85160298,13.64519222,13.79999924,498900
2018-01-29,13.72628099,13.96955013,13.6451908,13.96955013,996100
2018-01-30,13.92532058,13.96955236,13.71153925,13.8221159,834200
2018-01-31,13.86634707,13.92532137,13.72628396,13.89583492,1137700
2018-02-01,13.93269047,14.11698532,13.83685777,14.00640869,634300
2018-02-02,13.93269334,13.96955316,13.80000079,13.89583492,443500
2018-02-05,13.89583323,14.00640987,13.60833229,13.81474304,434300
2018-02-06,13.82948595,13.82948595,13.44615232,13.71153736,660700
2018-02-07,13.77788356,13.90320412,13.54198637,13.71890926,477200
2018-02-08,13.71891135,13.77788566,13.53461647,13.53461647,567600
2018-02-09,13.6820487,13.77788281,13.35031883,13.63781834,1222500
2018-02-14,13.67468021,14.00641158,13.67468021,13.89583492,478200
2018-02-15,13.93269062,13.93269062,13.71153736,13.71153736,543900
2018-02-16,13.71890852,13.83685711,13.60833049,13.74839497,25491200
2018-02-19,13.74839677,13.98429397,13.74839677,13.92531967,708200
2018-02-20,13.9769198,14.05063801,13.82948477,13.96217728,638700
2018-02-21,14.00640764,14.25704874,13.94006139,13.96217728,913900
2018-02-22,14.08012993,14.08012993,13.91057897,14.04327011,768300
2018-02-23,13.98429378,14.17596061,13.7262821,14.05801201,782100
2018-02-26,14.08749821,14.30127949,13.741023,13.74839497,1127100
2018-02-27,13.75576997,13.86634662,13.56410313,13.56410313,764500
2018-02-28,13.56410394,13.62307825,13.3282067,13.52724552,1370000
2018-03-01,13.57147014,13.58621406,13.20288051,13.41666317,691900
2018-03-02,13.43878261,13.43878261,13.09230873,13.23237324,748100
2018-03-05,13.26185969,13.27660362,13.10705266,13.23237324,663600
2018-03-06,13.26185979,13.26923176,13.05544901,13.16602707,711200
2018-03-07,13.16602908,13.2028875,12.96699023,13.04808044,571000
2018-03-08,13.11442422,13.12179478,12.93012934,13.00384617,360900
2018-03-09,13.04807492,13.25448424,13.02595903,13.24711227,386100
2018-03-12,13.31346215,13.35769394,13.11442475,13.21762943,401900
2018-03-13,13.26922814,13.26922814,12.87852258,13.02595901,530700
2018-03-14,13.0185902,13.09230843,12.91538551,12.9375,338900
2018-03-15,12.99646981,13.62307246,12.8490348,13.41666317,2197000
2018-03-16,13.49038544,13.49038544,13.03333489,13.12179565,1351400
2018-03-19,13.04807502,13.17339557,12.91538251,13.01121521,543800
2018-03-20,13.01121641,13.13653696,12.68685707,12.87115192,986600
2018-03-21,12.87115162,13.00384414,12.71634462,12.90801144,922900
2018-03-22,12.93749875,12.98173053,12.75320389,12.86378193,429700
2018-03-23,12.91538448,12.97435878,12.79006391,12.89326859,428000
2018-03-26,12.93012732,12.93012732,12.73846051,12.90801144,478300
2018-03-27,12.90063861,12.90063861,12.69422788,12.84166431,544400
2018-03-28,12.80480698,12.88589576,12.59839624,12.71634483,546400
2018-03-29,12.8416679,13.0038469,12.70897536,12.9227581,1275000
2018-04-02,12.93749998,13.04807803,12.70160276,12.88589764,344000
2018-04-03,12.90064168,12.93012954,12.70897484,12.70897484,340300
2018-04-04,12.65000099,12.98173235,12.6278851,12.93013,358900
2018-04-05,13.0554496,13.07756549,12.81955236,12.82692432,435600
2018-04-06,12.87115165,12.93749791,12.64262643,12.73846054,224000
2018-04-09,12.84166939,12.84166939,12.40673329,12.53942585,362300
2018-04-10,12.70897683,12.70897683,12.4878235,12.53942585,399000
2018-04-11,12.53942225,12.67211477,12.42147365,12.45833206,645900
2018-04-12,12.4951923,12.79743576,12.42147407,12.79743576,434000
2018-04-13,12.80480967,13.02596298,12.67211712,12.9006424,813000
2018-04-16,12.90064077,12.93012862,12.62051319,12.81217861,501500
2018-04-17,12.85640913,12.85640913,12.62788251,12.73846054,243100
2018-04-18,12.73108984,12.86378237,12.6794875,12.70160198,871600
2018-04-19,12.73109085,12.77532123,12.53205204,12.69423103,508800
2018-04-20,12.75320414,12.75320414,12.57628123,12.72371769,382300
2018-04-23,12.71634591,12.87852489,12.68685806,12.70160198,274200
2018-04-24,12.69423261,12.92275931,12.65737419,12.67949009,334700
2018-04-25,12.6794867,12.69422922,12.39198577,12.51730633,435300
2018-04-26,12.53204998,12.70897287,12.4509598,12.6057682,435200
2018-04-27,12.62788668,12.76057924,12.53205395,12.53205395,377800
2018-04-30,12.50993436,12.75320352,12.49519184,12.51730633,415400
2018-05-02,12.56153636,12.56153636,12.36986957,12.38461208,435900
2018-05-03,12.40673093,12.52467953,12.13397389,12.15608978,475100
2018-05-04,12.16345992,12.16345992,11.86858845,11.86858845,851500
2018-05-07,11.90544608,12.0160227,11.80224142,11.84647179,368300
2018-05-08,11.86121571,11.91281804,11.80224142,11.84647179,400300
2018-05-09,11.83910178,12.14871721,11.80961534,11.94967842,1331600
2018-05-10,11.98653808,12.18557687,11.90544789,12.02339649,340400
2018-05-11,12.11185856,12.11185856,11.89070388,11.97916603,728500
2018-05-14,12.04551314,12.04551314,11.78750004,11.88333416,707500
2018-05-15,11.87596003,11.87596003,11.61057501,11.77275467,1281900
2018-05-16,11.83910075,12.24455026,11.69903697,12.01602364,1735900
2018-05-17,12.06762722,12.18557581,11.69903682,11.86858845,2316800
2018-05-18,11.86121806,12.26666622,11.76538464,12.12660313,3317400
2018-05-21,12.14871665,12.49519188,12.04551198,12.34775543,1319500
2018-05-22,12.50256142,12.56890767,12.28878013,12.46570301,946300
2018-05-23,12.36987263,12.94487175,12.31089833,12.74583435,1284900
2018-05-24,12.89326754,12.89326754,12.38461336,12.73846054,1141600
2018-05-25,12.73846259,12.81217941,12.51730789,12.61314201,810500
2018-05-28,12.48044963,12.53942394,12.30352672,12.37724495,538900
2018-05-29,12.28878013,12.53942123,12.25192172,12.46570301,1120500
2018-05-30,12.4288478,12.9153862,12.42147584,12.9153862,1868100
2018-06-01,12.96698755,13.21025673,12.83429501,12.97435951,1850500
2018-06-04,13.08493886,13.25448985,12.93750237,13.04808044,958400
2018-06-05,13.1217925,13.49038219,12.97435746,13.26922894,942800
2018-06-06,13.25448365,13.64518919,13.151279,13.60095882,729700
2018-06-07,13.52724203,13.62307473,12.39935706,13.21025467,2780900
2018-06-08,13.14391116,13.51987289,13.14391116,13.43878269,851600
2018-06-11,13.34294689,13.64519032,13.34294689,13.35769081,1039800
2018-06-12,13.51987182,13.61570453,13.21025638,13.34294891,445200
2018-06-13,13.42403809,13.49775632,13.07019226,13.18814087,1263900
2018-06-14,13.09967991,13.25448693,13.03333364,13.15865421,317400
2018-06-15,12.95224263,13.25448609,12.94487067,13.14390945,714700
2018-06-18,12.98910073,13.09967735,12.86378018,13.01121521,434500
2018-06-19,13.00384725,13.02596315,12.76057805,12.82692432,425700
2018-06-20,12.85641189,13.07019323,12.85641189,12.9153862,622200
2018-06-21,12.82692221,13.07019137,12.70160164,12.79743576,474900
2018-06-22,12.84166722,12.99647424,12.62788449,12.9448719,686500
2018-06-25,13.0112197,13.1955146,12.98173325,13.15128422,871700
2018-06-26,13.2766038,13.57147534,13.14391126,13.37243652,964700
2018-06-27,13.37243646,13.38718039,13.12916727,13.21762943,539600
2018-06-28,13.32820503,13.42403775,13.17339802,13.17339802,758100
2018-06-29,13.37243553,13.37243553,13.04070561,13.15865421,1271900
2018-07-02,13.239744,13.25448793,13.04807856,13.0996809,494800
2018-07-03,13.07019136,13.42403716,13.01121706,13.01858902,816400
2018-07-04,13.01858786,13.24711308,13.01858786,13.21025467,757600
2018-07-05,13.18076996,13.26923213,12.99647507,13.12179565,511800
2018-07-06,13.18814244,13.49038596,13.09968167,13.33557892,733500
2018-07-10,13.33557691,13.64519235,13.33557691,13.40192318,1467500
2018-07-11,13.36506337,13.77051293,13.12916616,13.29134655,908500
2018-07-12,13.26185724,13.37243387,13.04807595,13.18076706,1133300
2018-07-13,13.24711649,13.65256611,13.18814218,13.52724552,1807800
2018-07-16,13.69679326,14.00640866,13.69679326,13.95480633,1287200
2018-07-17,14.00641129,14.2054501,13.99903932,14.14647579,1439500
2018-07-18,14.14647385,14.50769161,14.13910189,14.20544815,1326000
2018-07-19,14.16121651,14.36762727,14.09487166,14.35288334,784000
2018-07-20,14.44134772,14.74359123,14.38237341,14.69936085,1469500
2018-07-23,14.86154126,14.96474596,14.32340046,14.43397713,1438300
2018-07-24,14.47820587,14.69936058,14.27916846,14.29391098,842500
2018-07-25,14.38974272,14.89102496,14.38974272,14.73621655,1833500
2018-07-26,14.80993552,14.87628178,14.66987103,14.70673084,753200
2018-07-27,14.74359112,15.11955286,14.65512895,14.92788601,1008800
2018-07-30,14.97553684,15.08898904,14.76376249,14.77132607,311700
2018-07-31,14.78644886,14.94528104,14.58223812,14.74863243,1224500
2018-08-01,14.76375733,14.96796947,14.46878374,14.61248875,1188100
2018-08-02,14.47634891,15.08142185,14.46878534,14.88477325,1467400
2018-08-03,14.86964736,15.24025386,14.84695664,15.01335239,1179100
2018-08-06,15.04360525,15.18731028,14.88477451,15.01335239,903000
2018-08-07,15.19487386,15.19487386,14.85452021,15.01335239,630500
2018-08-08,15.11167402,15.11167402,14.63518041,14.80157471,504700
2018-08-09,14.80157579,14.80913936,14.4612236,14.4612236,400500
2018-08-10,14.44609324,14.48390966,13.73513329,14.14355755,944900
2018-08-13,14.17381186,14.34776972,13.92421971,14.15112114,866700
2018-08-14,14.26457589,14.62005525,14.10574371,14.23432159,912900
2018-08-15,14.18894219,14.96040954,14.11330789,14.49904156,1442300
2018-08-16,14.51416519,14.83182806,14.37046019,14.43096733,391100
2018-08-17,14.39315158,14.46878443,13.99229083,14.12843227,386500
2018-08-20,14.15868504,14.29482648,13.91665646,14.09061432,677200
2018-08-21,14.07548929,14.43853218,14.05279857,14.17381287,712900
2018-08-22,14.12843543,14.40071836,13.92422322,14.04523754,5574000
2018-08-23,13.92422388,14.24188685,13.7427024,13.91666031,1117500
2018-08-24,14.04523255,14.43852967,14.02254327,14.14355755,430200
2018-08-27,14.06792608,14.574674,14.06792608,14.52173042,390300
2018-08-28,14.52172717,14.63517787,14.24944433,14.3704586,528800
2018-08-29,14.4158436,14.83939515,14.30239286,14.67299938,927500
2018-08-30,14.67299941,14.67299941,14.26457645,14.47635078,778200
2018-08-31,14.47634996,14.47634996,14.22675777,14.33264637,597700
2018-09-03,14.33264561,14.47634919,14.21919344,14.40827847,257600
2018-09-04,14.40827657,14.97553158,14.27213658,14.97553158,925000
2018-09-05,14.94528104,14.94528104,14.69568885,14.74863243,695500
2018-09-06,14.80914228,14.831833,14.40828142,14.45366287,733200
2018-09-10,14.30995243,14.71837527,14.30995243,14.55954456,611000
2018-09-11,14.48391185,14.68812401,14.16624897,14.62005329,602000
2018-09-12,14.66543517,14.94528166,14.55954801,14.80914021,379900
2018-09-13,14.80157893,14.96797471,14.61249386,14.77132607,527800
2018-09-14,14.72594204,14.86964707,14.43853342,14.48391342,566600
2018-09-17,14.49904025,14.77132315,14.30239164,14.74863243,539700
2018-09-18,14.68812528,14.86208316,14.5141674,14.74863243,354100
2018-09-19,14.80157446,14.83939232,14.5519823,14.70325089,540900
2018-09-20,14.71837691,14.75619478,14.44609547,14.44609547,1791400
2018-09-21,14.55198099,14.58979885,14.43096671,14.55954456,673700
2018-09-24,14.46122255,14.50660255,14.15868538,14.2267561,460500
2018-09-25,14.14355901,14.14355901,13.7351347,13.77295113,1051800
2018-09-26,13.87884466,13.93935182,13.53849095,13.62168884,988500
2018-09-27,13.59899531,13.75782749,13.49310815,13.64437675,463600
2018-09-28,13.598993,13.88640301,13.46285157,13.85614872,1138000
2018-10-01,13.86371389,13.91665746,13.61412172,13.72757244,619000
2018-10-02,14.07548972,14.07548972,13.62168537,13.7653904,920300
2018-10-03,13.946916,13.9998596,13.54605511,13.67463303,1313500
2018-10-04,13.6746286,13.70488289,13.12250069,13.42503643,917300
2018-10-05,13.47041678,13.55361465,13.1754446,13.3720932,635800
2018-10-08,13.53848745,13.90153035,13.40990958,13.54605103,1335000
2018-10-09,13.5157969,13.58386617,13.31158474,13.41747189,729200
2018-10-10,13.37209356,13.42503713,13.00905064,13.12250137,694000
2018-10-11,13.10737548,13.25108052,12.91829043,13.04686832,473000
2018-10-15,13.0922455,13.0922455,12.91828764,13.06199265,365500
2018-10-16,13.09224614,13.20569686,12.94854257,13.13006401,781000
2018-10-17,13.16031585,13.87127587,13.06199229,13.85614872,741400
2018-10-18,13.83345886,14.02254385,13.81833171,13.99985313,733500
2018-10-19,13.83345836,14.937714,13.81833122,14.89989758,1749400
2018-10-22,15.24025188,15.60329476,15.09654686,15.37639332,2415800
2018-10-23,15.31588554,15.60329412,15.22512411,15.50497055,1269600
2018-10-24,15.50497403,15.74700266,15.42933972,15.56548119,1071100
2018-10-25,15.8377664,15.8377664,15.38396192,15.49741268,2021900
2018-10-26,15.47471655,15.53522514,15.11923725,15.24025154,659000
2018-10-29,15.1116746,15.24781605,14.97553316,15.03604031,1454500
2018-10-30,14.97553264,15.26294267,14.51416618,14.63518047,814800
2018-10-31,14.78645012,14.78645012,14.45366148,14.67299938,1408600
2018-11-01,14.68056175,15.28563327,14.59736387,14.9679718,1110000
2018-11-05,15.27050843,15.33101559,15.01335266,15.1268034,639300
2018-11-06,15.12680111,15.54278756,14.97553252,15.35370255,698700
2018-11-07,15.21756073,15.28563,14.65786789,15.02091217,1295800
2018-11-08,15.11923921,15.11923921,14.68812557,14.86964703,852400
2018-11-09,14.72594083,14.8091387,14.30995437,14.39315224,555400
2018-11-12,14.37046215,14.69568863,14.37046215,14.4612236,404500
2018-11-13,14.37802696,14.60492844,14.2418855,14.37802696,788700
2018-11-14,14.3402059,14.74106662,14.30238947,14.43096733,581100
2018-11-16,14.66543586,14.66543586,14.44609796,14.49147797,494600
2018-11-19,14.45365681,14.62761465,13.99228898,14.14355755,433900
2018-11-21,14.14356466,14.14356466,13.67463303,13.67463303,481400
2018-11-22,13.70488284,14.21163075,13.70488284,13.98472786,435600
2018-11-23,13.98472633,14.05279704,13.54604919,13.57630348,409600
2018-11-26,13.57630569,13.84858715,13.44772781,13.50067139,536600
2018-11-27,13.50823467,13.81833399,13.37965679,13.37965679,626500
2018-11-28,13.31914925,13.90909359,13.31914925,13.80320644,1576600
2018-11-29,13.81077154,13.85615155,13.55361577,13.8410244,1189200
2018-11-30,13.84858704,13.84858704,13.61412201,13.65193844,548600
2018-12-03,13.85614934,14.1057415,13.63681148,14.1057415,440900
2018-12-04,14.10574244,14.43096891,13.98472814,14.29482746,1926100
2018-12-05,14.2948268,14.38558824,14.12086893,14.2191925,1141300
2018-12-06,14.21163231,14.39315378,13.87127866,14.23432159,717100
2018-12-07,14.33264469,14.6578697,14.15868538,14.2267561,585000
2018-12-10,14.07548903,14.29482689,13.91665686,14.06792545,378000
2018-12-11,14.0981818,14.15868896,13.78808241,13.91666031,643700
2018-12-12,14.06036179,14.2191925,13.75026248,14.2191925,620900
2018-12-13,14.28726323,14.35533395,14.09061464,14.2191925,487700
2018-12-14,14.25701387,14.28726673,14.06792881,14.28726673,434300
2018-12-17,14.36289892,14.36289892,14.15868674,14.20406818,499200
2018-12-18,14.18894197,14.51416848,13.99229335,14.19650555,865400
2018-12-19,14.3402082,14.35533534,14.15868674,14.20406818,1211900
2018-12-20,14.37802547,14.38558905,13.62168537,13.7653904,1241900
2018-12-21,13.86371427,13.86371427,13.50067136,13.68975639,1950200
2018-12-26,13.67463118,13.67463118,13.38722253,13.4931097,618100
2018-12-27,13.42503702,13.61412205,13.42503702,13.47041702,241800
2018-12-28,13.59142823,13.83345823,13.47797753,13.75782394,899200
2019-01-02,13.35696658,14.21919387,13.25107942,13.9922924,1182100
2019-01-03,13.9922898,14.09061336,13.55361266,13.72000694,418300
2019-01-04,13.58386651,13.75782582,13.46285222,13.55361366,564700
2019-01-07,13.65950117,13.76538976,13.17544399,13.50823402,742000
2019-01-08,13.50067132,13.72757278,13.35696629,13.47041702,576300
2019-01-09,13.48554538,13.87884263,13.4023475,13.78808117,497900
2019-01-10,13.77295113,14.00741757,13.62924756,13.77295113,433500
2019-01-11,13.77295125,13.96959983,13.68975483,13.82589626,903000
2019-01-14,13.81833659,14.29483031,13.81077301,14.28726673,1023700
2019-01-15,14.29482713,14.4536593,14.22675641,14.35533428,547000
2019-01-16,14.35533397,15.1192376,14.17381253,14.9982233,1188300
2019-01-17,15.01335042,15.49740759,14.88477255,15.36882973,1272000
2019-01-18,15.12680434,15.3612694,14.99822644,15.11924076,809600
2019-01-21,15.11923974,15.30076121,15.05873258,15.29319763,338100
2019-01-22,15.29319807,15.43690311,14.84695725,15.07386017,545500
2019-01-23,15.24781444,15.24781444,14.83939159,14.97553158,418900
2019-01-24,14.97553546,15.08898764,14.86208471,15.00578976,596000
2019-01-28,14.92258552,15.12679764,14.79400769,15.11167049,1467500
2019-01-29,15.11167534,15.33101467,14.74863243,14.74863243,512600
2019-01-30,14.82426643,14.90746286,14.44609638,14.82426643,819800
2019-01-31,14.88477292,15.10411079,14.55198288,14.55198288,983500
2019-02-01,14.55198361,14.71837791,14.24188428,14.4612236,658900
2019-02-04,14.49904031,14.59736389,14.39315315,14.57467461,4703800
2019-02-05,14.57467359,14.95284363,14.51416645,14.93771648,491500
2019-02-06,14.86208426,14.86964784,14.31751985,14.40071774,736500
2019-02-07,14.55954814,14.55954814,14.03767303,14.25701237,501000
2019-02-08,14.18894006,14.34020721,13.78051572,13.80320644,760200
2019-02-11,13.77295186,13.93934759,13.64437543,13.87884045,363500
2019-02-12,13.90153257,14.0830555,13.61412393,14.0830555,724000
2019-02-13,14.08305446,14.08305446,13.81077154,13.8410244,288400
2019-02-14,13.841026,14.03767463,13.841026,13.91666031,545800
2019-02-15,13.91665686,14.06792545,13.72757185,14.06792545,355500
2019-02-18,14.06792477,14.41584049,13.82589619,14.36289692,347200
2019-02-19,14.39315091,14.44609448,14.22675518,14.43096733,3216300
2019-02-20,14.43096734,14.48391091,14.06036091,14.06036091,791800
2019-02-21,14.15112258,14.18137687,13.50823465,13.7653904,849800
2019-02-22,13.80320644,13.90909359,13.5460507,13.80320644,711200
2019-02-25,13.833462,14.18137778,13.78051698,14.13599777,940500
2019-02-26,14.0149815,14.21919222,13.94691078,14.1057415,676900
2019-02-27,14.14355755,14.1738104,14.02254327,14.14355755,482100
2019-02-28,14.18137746,14.25701176,13.93178528,14.20406818,821900
2019-03-01,14.37046281,14.49147712,14.13599777,14.13599777,958000
2019-03-06,14.03010828,14.18894045,13.6897561,13.7653904,527000
2019-03-07,13.87127451,13.87127451,13.4779774,13.52335739,732200
2019-03-08,13.52336158,13.93934954,13.38722157,13.89396954,653300
2019-03-11,13.91665528,14.10574027,13.87127528,13.99985313,407700
2019-03-12,13.99985473,14.09817831,13.92422044,14.06792545,283500
2019-03-13,13.99985377,14.11330448,13.96959947,14.06036091,755100
2019-03-14,14.10574537,14.10574537,13.7427024,13.91666031,782800
2019-03-15,13.91665686,14.0830526,13.88640401,14.06792545,626200
2019-03-18,13.95447504,14.03010789,13.75026287,13.80320644,1451800
2019-03-19,13.84102283,14.20406716,13.81076998,14.17381287,1089100
2019-03-20,14.18137968,14.19650684,13.82590029,13.91666031,1686700
2019-03-21,13.878841,14.06036245,13.7578267,13.90909386,327600
2019-03-22,13.75026123,13.8032048,13.61411981,13.72000694,895200
2019-03-25,13.63681375,13.88640594,13.56874302,13.88640594,926700
2019-03-26,13.8939685,13.8939685,13.5763056,13.65950203,1149400
2019-03-27,13.65193759,13.65193759,13.31158543,13.31158543,571800
2019-03-28,13.29645788,13.53848646,13.18300716,13.53092289,811300
2019-03-29,13.56874205,13.87127781,13.44016417,13.87127781,726500
2019-04-01,13.90909386,14.03767173,13.80320671,13.90909386,353300
2019-04-02,14.01498599,14.21163464,13.87128093,14.21163464,933100
2019-04-03,14.2872611,14.40827538,13.90909113,14.14355755,1214200
2019-04-04,14.09817922,14.52173072,14.00741922,14.24944782,1136900
2019-04-05,14.39315123,14.48391123,14.14355908,14.1813755,743600
2019-04-08,14.30995304,14.46878375,14.2494459,14.43096733,1024200
2019-04-09,14.40071413,14.74862984,14.40071413,14.66543198,1754200
2019-04-10,14.75619226,14.79400868,14.61248727,14.77888298,380700
2019-04-11,14.7486327,14.92259059,14.6276184,14.86208344,641500
2019-04-12,14.71081471,14.74863113,14.4158411,14.4158411,2871600
2019-04-15,14.56710907,14.58979979,14.26457335,14.36289692,528000
2019-04-16,14.31751825,14.60492685,14.29482753,14.52173042,526400
2019-04-17,14.61249172,14.61249172,14.23432164,14.25701237,398900
2019-04-18,14.26457245,14.56710815,14.26457245,14.56710815,383400
2019-04-22,14.52172972,14.69568759,14.43853185,14.62005329,247800
2019-04-23,14.67299875,14.86964736,14.67299875,14.80914021,335000
2019-04-24,14.83183001,14.91502644,14.69568856,14.82426643,358900
2019-04-25,14.81670343,14.81670343,14.55954766,14.65787125,411700
2019-04-26,14.55954618,14.80157477,14.53685546,14.63518047,197900
2019-04-29,14.56710814,14.71081314,14.54441742,14.55954456,304200
2019-04-30,14.56710974,14.66543332,14.3855883,14.43853188,396500
2019-05-02,14.29482929,14.75619726,14.29482929,14.67299938,394900
2019-05-03,14.80157693,14.80157693,14.62761904,14.7335062,235900
2019-05-06,14.56711066,14.81670284,14.55198352,14.81670284,335200
2019-05-07,14.85451992,14.85451992,14.48391342,14.48391342,296000
2019-05-08,14.4612223,14.70325089,14.4612223,14.70325089,393600
2019-05-09,14.56710904,14.71081405,14.48391117,14.53685474,905200
2019-05-10,14.58980048,15.00578694,14.55954619,14.83182907,611500
2019-05-13,14.98309774,14.98309774,14.55954766,14.65787125,283700
2019-05-14,14.68812494,14.70325209,14.15868629,14.40827847,364600
2019-05-15,14.19650364,14.39315224,14.09817862,14.39315224,304500
2019-05-16,14.34020914,14.56711206,14.16625124,14.40071774,235400
2019-05-17,14.37802573,14.48391289,14.20406785,14.264575,247000
2019-05-20,14.16624998,14.49904003,14.16624998,14.4612236,419100
2019-05-21,14.52173068,14.82426643,14.50660353,14.82426643,447100
2019-05-22,14.84695601,14.96797176,14.65787098,14.74863243,773800
2019-05-23,14.74863243,14.82426673,14.62005455,14.74863243,857000
2019-05-24,14.76375958,14.85451959,14.59736383,14.74863243,335900
2019-05-27,14.91502543,14.91502543,14.68812399,14.80157471,161700
2019-05-28,14.82426742,14.93771816,14.72594239,14.83939457,1530000
2019-05-29,14.80914054,15.09654917,14.7713241,14.95284557,861700
2019-05-30,14.95284557,14.98309843,14.81670411,14.95284557,494900
2019-05-31,14.9301535,14.98309708,14.70325205,14.78644848,373000
2019-06-03,14.88477679,14.96797468,14.71081887,14.75619888,497200
2019-06-04,14.75619601,14.85451959,14.74863243,14.74863243,508800
2019-06-05,14.72594239,14.93015458,14.72594239,14.83939457,519800
2019-06-06,14.71837784,14.89990073,14.71081571,14.82426643,439700
2019-06-07,14.86208379,14.86208379,14.7335059,14.80914021,242300
2019-06-10,14.81670341,14.9452813,14.77132341,14.85451984,227600
2019-06-11,14.87721093,14.87721093,14.64274589,14.80914021,255400
2019-06-12,14.77132315,14.80913958,14.6049274,14.74863243,335400
2019-06-13,14.82426701,14.86208344,14.73350555,14.86208344,731200
2019-06-14,14.86207971,15.01334828,14.794009,14.89989758,360600
2019-06-17,14.98309399,14.98309399,14.80157257,14.89989758,869400
2019-06-18,15.08898413,15.08898413,14.83182841,14.94527912,709100
2019-06-19,15.00578902,15.30076122,14.88477471,15.30076122,963500
2019-06-21,15.30075897,15.51253471,15.30075897,15.35370255,882500
2019-06-24,15.44446503,15.49740861,15.28563286,15.39152145,489600
2019-06-25,15.42177567,15.42177567,14.74863338,14.95284557,783300
2019-06-26,15.05116587,15.10410944,14.83939159,14.97553158,448800
2019-06-27,14.99822425,15.39152145,14.89990067,15.39152145,713400
2019-06-28,15.52766155,15.55035082,15.09654651,15.23268795,736200
2019-07-01,15.40664966,15.40664966,14.85452024,15.02847958,468400
2019-07-02,15.02091504,15.07385861,14.71837784,14.82426643,937600
2019-07-03,14.86964417,14.86964417,14.5292906,14.68812275,412300
2019-07-04,14.86964444,14.97553158,14.68055944,14.97553158,523300
2019-07-05,15.04360582,15.08898727,14.8469572,15.0511694,556600
2019-07-08,15.09654437,15.12679866,14.72593797,14.77888298,884300
2019-07-10,14.81670192,14.89233622,14.63518048,14.83182907,691600
2019-07-11,14.82426735,15.01335239,14.71837875,15.01335239,288000
2019-07-12,15.10411143,15.20243645,14.90746282,15.20243645,677400
2019-07-15,15.27807045,15.27807045,15.03604041,15.27807045,1145400
2019-07-16,15.27807106,15.53522682,15.13436604,15.13436604,758600
2019-07-17,15.12680217,15.18730932,14.81670284,14.81670284,372700
2019-07-18,14.80157471,14.93771615,14.75619471,14.80157471,310400
2019-07-19,14.8696455,14.92258907,14.68812406,14.83182907,399800
2019-07-22,14.89989841,14.89989841,14.56710841,14.66543198,306400
2019-07-23,14.71081352,14.72593923,14.55198137,14.71081352,344400
2019-07-24,14.71081727,14.82426801,14.54442151,14.68056297,565800
2019-07-25,14.7486286,14.84695215,14.58979791,14.74106503,320900
2019-07-26,14.73350682,15.00578976,14.5671125,15.00578976,438600
2019-07-29,15.07769753,15.33129787,14.80872711,15.33129787,461700
2019-07-30,15.33129299,15.63100199,15.21601894,15.56183815,259600
2019-07-31,15.61563611,15.61563611,15.20065441,15.53110218,703800
2019-08-01,15.50804348,15.7770138,15.40813951,15.44656467,682900
2019-08-02,15.38508671,15.45425055,15.16991015,15.36971664,1063000
2019-08-05,15.28517864,15.48498508,15.0700036,15.35434246,682400
2019-08-06,15.49267429,15.49267429,15.0776927,15.34666157,532000
2019-08-07,15.35434598,15.69248014,15.23138837,15.57720757,591800
2019-08-08,15.64637178,15.85386184,15.53878277,15.76164436,474900
2019-08-09,15.7923853,15.94608307,15.66942766,15.94608307,314600
2019-08-12,15.71553229,15.9460774,15.53109444,15.80774975,562700
2019-08-13,15.75395599,15.84617491,15.39276826,15.80774975,481000
2019-08-14,15.66173929,15.66173929,15.2621278,15.46961784,442900
2019-08-15,15.47730096,15.47730096,14.60122776,14.60122776,735100
2019-08-16,14.75493213,14.76261571,13.86348847,14.14014244,1315300
2019-08-19,13.88653947,14.38605499,13.87885443,14.38605499,923400
2019-08-20,14.4321656,14.4321656,14.14782517,14.26309776,845900
2019-08-21,14.26309841,14.37068744,13.87117041,13.98644447,1079500
2019-08-22,14.04792007,14.04792007,13.69441586,13.75589466,945400
2019-08-23,13.68673275,13.70210282,13.42544744,13.44850254,757000
2019-08-26,13.50998211,13.50998211,13.13342419,13.29480553,1578400
2019-08-27,13.4408194,13.4408194,12.92593374,13.25638294,920700
2019-08-28,13.27175114,13.51766639,12.96435709,13.44850254,1025900
2019-08-29,13.57914253,13.79431906,13.37933607,13.69441509,938400
2019-08-30,13.82506187,13.87885566,13.37934009,13.70978928,1759800
2019-09-02,13.66367924,13.69441791,13.47924281,13.50229645,518500
2019-09-03,13.50229695,13.70210346,13.44081814,13.67136478,466800
2019-09-04,13.76358278,14.04792322,13.47155878,13.88654041,1153700
2019-09-05,13.98644172,14.14782303,13.92496292,14.13245296,1148400
2019-09-06,14.20161828,14.26309709,13.95570305,14.0632906,699800
2019-09-09,14.17087961,14.18624822,13.84811549,14.0632906,614700
2019-09-10,14.05560594,14.16319348,13.88653812,14.00949574,604900
2019-09-11,14.01718258,14.36300182,13.97875887,14.36300182,1575500
2019-09-12,14.36300038,14.47058792,14.14013879,14.40910912,773900
2019-09-13,14.4091106,14.70113459,14.38605549,14.55512333,2936900
2019-09-16,14.83177845,14.8855737,14.65502703,14.68576717,1441000
2019-09-17,14.73955825,14.73955825,14.40910912,14.40910912,469100
2019-09-18,14.51669687,15.0238974,14.39373925,14.87020111,3226000
2019-09-19,15.00084226,15.17759363,14.88556969,15.03158092,1159800
2019-09-20,15.13148641,15.13148641,14.72418839,14.87020111,797400
2019-09-23,14.91631024,14.91631024,14.73187381,14.74724388,241800
2019-09-24,15.01621232,15.03158092,14.76261062,15.03158092,577300
2019-09-25,15.02389739,15.17759514,14.90093977,15.17759514,392200
2019-09-26,15.1852788,15.19296384,14.84714466,15.01621246,741900
2019-09-27,15.01621383,15.08537621,14.80103727,14.87020111,416400
2019-09-30,14.87019917,14.88556924,14.50132638,14.56280518,1061500
2019-10-01,14.60123315,14.68576708,14.4167967,14.60891819,1044200
2019-10-02,14.60891383,14.60891383,14.11708344,14.37068367,1551000
2019-10-03,14.48596174,14.48596174,13.97107604,14.14014244,643300
2019-10-04,14.1478225,14.2707801,14.07097363,14.22467136,512900
2019-10-07,13.98644127,14.00180987,13.67904579,13.75589466,1611000
2019-10-08,13.78663559,13.84042936,13.59451414,13.72515678,446500
2019-10-09,13.74052735,13.76358246,13.50998217,13.67904854,1377100
2019-10-10,13.68673135,14.06328921,13.67136275,13.924963,564600
2019-10-11,14.05560635,14.2016176,13.94801734,14.10171509,318700
2019-10-14,14.10171583,14.17856471,13.88653926,13.94801807,1095300
2019-10-15,14.00949511,14.00949511,13.77894996,14.00181007,808800
2019-10-16,14.02486497,14.02486497,13.75589466,13.75589466,446200
2019-10-17,13.7712686,13.82506238,13.60988578,13.66368103,411700
2019-10-18,13.60219993,13.70978748,13.45618721,13.54840469,1076200
2019-10-21,13.65599268,13.924963,13.56377374,13.924963,610000
2019-10-22,13.97107302,14.02486679,13.84043037,13.91727924,479900
2019-10-23,13.89422233,13.89422233,13.67136222,13.75589466,908400
2019-10-24,13.78663816,13.90191076,13.59451668,13.70978928,819200
2019-10-25,13.71747303,13.79432191,13.63293912,13.71747303,602400
2019-10-28,13.74052467,13.74052467,13.59451343,13.61756706,524600
2019-10-29,13.64062328,13.69441706,13.43313176,13.57914448,852300
2019-10-30,13.61756706,13.6483072,13.45618576,13.61756706,675700
2019-10-31,13.64830661,13.64830661,13.37165128,13.49460888,638800
2019-11-01,13.75589663,13.75589663,13.55609013,13.64062405,629900
2019-11-04,13.6867336,14.00181271,13.671365,13.87117004,1056700
2019-11-05,13.94802094,14.20162126,13.91728226,14.14014244,765800
2019-11-06,14.21698896,14.30920792,14.12477001,14.30920792,907700
2019-11-07,14.36300303,14.59354823,14.24773042,14.47059059,1155700
2019-11-08,14.44753371,14.5858614,14.30152245,14.52438259,1147600
2019-11-11,14.53975203,14.78566726,14.3322605,14.75492859,751100
2019-11-12,14.79335229,14.83946103,14.5935458,14.75492859,1186500
2019-11-13,14.75493086,15.35434896,14.72419072,15.1314888,1448500
2019-11-14,15.15454381,15.27750146,14.9470537,15.00853252,682600
2019-11-18,15.01621742,15.22370753,14.9701072,15.02390099,612000
2019-11-19,15.00852871,15.10843122,14.72418831,14.77029705,925500
2019-11-21,14.74724524,15.18528198,14.74724524,15.10074806,833800
2019-11-22,15.15453797,15.29286564,15.02389534,15.21601677,398400
2019-11-25,15.23138978,15.3543474,15.13148726,15.31592369,636700
2019-11-26,15.27749841,15.58489393,15.23138967,15.23907471,1610900
2019-11-27,15.32360798,16.13820256,15.23138904,16.06135368,1834400
2019-11-28,16.0613512,16.3533766,15.86922977,16.2688427,714200
2019-11-29,16.19199633,16.36106416,15.97682124,16.06135368,411800
2019-12-02,16.06135776,16.11515155,15.78470379,15.90766144,1319100
2019-12-03,15.90765831,16.20736734,15.75396055,16.08440971,958100
2019-12-04,16.21505067,16.30726814,16.05366789,16.30726814,656400
2019-12-05,16.32264126,16.72993934,16.18431355,16.67614555,1011600
2019-12-06,16.74530972,16.83752721,16.4686543,16.47633934,877700
2019-12-09,16.46865147,16.61466419,16.21505121,16.4532814,1144900
2019-12-10,16.46096894,16.75299296,16.43791384,16.48402405,767500
2019-12-11,16.56855591,17.30630315,16.56855591,17.14492035,2144900
2019-12-12,17.31398478,17.36009352,17.0065893,17.21408081,592300
2019-12-13,17.24892696,17.54551419,17.17087722,17.46746445,1265700
2019-12-16,17.42844037,17.68600347,17.21770652,17.373806,1092700
2019-12-17,17.30356336,17.53771111,17.2567341,17.52210236,815000
2019-12-18,17.56112409,17.82649231,17.33478,17.82649231,904800
2019-12-19,17.91234717,17.91234717,17.63917383,17.82649231,706600
2019-12-20,17.81868603,18.01380962,17.6079522,17.80307579,815000
2019-12-23,17.81088243,18.34161887,17.81088243,18.25576401,632500
2019-12-26,18.24795568,18.84113151,18.21673668,18.69283867,1027700
2019-12-27,18.70064239,18.93479156,18.45088445,18.93479156,888800
2019-12-30,18.96601138,19.04406111,18.51332474,18.51332474,1029800
2020-01-02,18.5133222,18.89576418,18.5133222,18.73186111,599100
2020-01-03,18.57576478,19.03625656,18.35722731,18.99723244,899900
2020-01-06,19.00503942,19.77772871,18.7396712,19.59041023,1022000
2020-01-07,19.71528938,19.72309451,19.39528679,19.43431091,701400
2020-01-08,19.45772687,19.51236124,19.02065039,19.2782135,869400
2020-01-09,19.42650367,19.48113804,19.09869599,19.34845543,870100
2020-01-10,19.49674531,19.83235807,19.33284224,19.52016068,1255400
2020-01-13,19.59821316,19.95723984,19.52796855,19.69187164,1038300
2020-01-14,19.71529185,20.4099315,19.71529185,20.30846786,1537900
2020-01-15,20.20700098,20.33187997,19.91041374,19.91041374,995300
2020-01-16,20.08211863,20.34748682,19.94162941,19.94162941,543400
2020-01-17,20.00407403,20.50359154,20.00407403,20.50359154,1095900
2020-01-20,20.44114786,20.59724584,20.13675404,20.40992737,628400
2020-01-21,20.4021204,20.95627213,20.28504655,20.95627213,1551100
2020-01-22,21.07334875,21.16700873,20.58944157,21.08115387,1196200
2020-01-23,21.05773621,21.05773621,20.72212342,20.98749161,592500
2020-01-24,21.0733487,21.0733487,20.73773587,20.83920097,397600
2020-01-27,20.84700254,20.87041791,20.14455795,20.14455795,794100
2020-01-28,20.14455869,20.49578174,20.14455869,20.37870789,831900
2020-01-29,20.39431452,20.54260885,19.98845863,19.98845863,892900
2020-01-30,19.82455907,19.83236419,19.46553233,19.7074852,694000
2020-01-31,19.69967782,19.86358241,19.38748036,19.56699371,1009500
2020-02-03,19.55919167,19.8791943,19.54358292,19.54358292,1080800
2020-02-04,19.76211933,20.1991958,19.76211933,20.00407219,905700
2020-02-05,20.06651256,20.56603004,20.05870892,20.0821228,1055000
2020-02-06,20.13675617,20.70651825,20.13675617,20.4021244,1550700
2020-02-07,20.27724344,20.67529575,19.97285111,20.20699883,1446000
2020-02-10,20.31626804,20.47236601,20.0665086,20.23821831,1421500
2020-02-11,20.58163892,21.44798673,20.5426133,21.04993439,3019500
2020-02-12,21.2294469,22.24408896,20.77676023,21.85384178,2297300
2020-02-13,21.60408475,22.23628478,21.51042477,21.62749863,1134400
2020-02-14,21.67433259,22.56409584,21.67433259,22.47824097,1958400
2020-02-17,22.61092215,23.05580521,22.38457955,23.05580521,1363000
2020-02-18,23.01677704,23.01677704,22.22067249,22.3299427,828800
2020-02-19,22.36116338,23.21970749,22.36116338,23.21970749,2055600
2020-02-20,23.1572688,23.41483189,22.98556057,23.10263443,1523400
2020-02-21,23.04019441,23.28995238,22.82946057,23.16507339,775400
2020-02-26,22.43921254,22.69677562,21.75237817,21.85384178,1771200
2020-02-27,21.46359438,21.92408616,20.58163643,20.58163643,2009700
2020-02-28,20.40992856,20.85481014,19.871387,20.67529678,1870500
2020-03-02,20.5270025,21.97091746,20.50358862,21.70554924,1321600
2020-03-03,22.09579773,22.4392157,21.08896065,21.08896065,972300
2020-03-04,21.4089604,22.36116298,21.34652092,22.24408913,1882600
2020-03-05,22.22067382,22.65775174,20.70651584,21.89286613,2694100
2020-03-06,21.40896278,21.68994126,20.69090783,21.34652328,2500400
2020-03-09,15.60208558,17.7016163,14.39231965,14.4391489,4476000
2020-03-10,16.00013657,16.00013657,14.04890041,15.2820816,6527100
2020-03-11,14.83719586,15.07134354,13.02644944,13.78352833,3141600
2020-03-12,12.67522882,12.86254729,10.47423486,11.55131721,2536500
2020-03-13,12.4801053,13.16694121,10.84887188,12.60498428,4018700
2020-03-16,11.23911876,12.20693236,10.87228694,11.55912209,1512800
2020-03-17,11.79326942,12.35522556,11.40302224,12.35522556,1662000
2020-03-18,11.19229113,11.37180451,9.07715103,9.6000824,2479400
2020-03-19,9.36593364,12.05863942,8.86641691,11.66839218,2534700
2020-03-20,12.20693166,13.58060112,12.09766219,12.71425343,2680700
2020-03-23,12.70644902,12.71425414,11.04399516,11.5825367,1590100
2020-03-24,12.48791042,13.01864685,12.33961681,12.60498428,1570900
2020-03-25,12.55034914,13.86938502,12.18351659,13.26840401,1802900
2020-03-26,13.42450395,14.40792556,12.95620702,12.96401215,1542800
2020-03-27,12.68303276,13.26059838,12.26156585,12.64400864,1535500
2020-03-30,12.64401047,12.98742695,12.0586389,12.22254276,668000
2020-03-31,12.22254165,12.29278626,11.24692369,11.53570652,1686000
2020-04-01,11.09082428,11.49668093,10.87228608,10.9113102,1209800
2020-04-02,11.04399481,12.06644274,10.59130814,11.46546173,3187500
2020-04-03,11.55131713,12.02741844,11.16887505,11.65278149,2789300
2020-04-06,12.16010117,12.25376039,11.58253556,11.85570812,1518300
2020-04-07,12.33181013,13.26840315,12.33181013,12.77669239,1498500
2020-04-08,12.78449764,13.10450171,12.43327605,12.60498428,941700
2020-04-09,12.7454734,13.65865191,12.7454734,13.27620983,1448700
2020-04-13,13.26059946,13.41669893,12.83913326,12.83913326,1042700
2020-04-14,12.97961964,13.38547704,12.85474067,13.11230373,1289100
2020-04-15,12.9015722,13.31523325,12.65961788,13.26840401,1258800
2020-04-16,13.43230748,13.96304389,12.40986026,12.54254436,2124600
2020-04-17,12.93278987,13.06547395,12.19912558,12.85474014,2213200
2020-04-20,12.52693358,13.77572483,12.36303049,13.564991,1547600
2020-04-22,13.54938302,14.58744049,13.33864918,14.58744049,2482700
2020-04-23,14.82939229,15.14158973,14.32207127,14.98549175,2638800
2020-04-24,14.98549057,14.98549057,13.22157335,13.97084713,1973100
2020-04-27,14.16597351,14.42353662,13.47133395,13.4869442,1687600
2020-04-28,13.76011718,14.68890603,13.69767768,14.36109829,1859700
2020-04-29,14.68890112,15.44598147,14.32987449,15.15719795,1657200
2020-04-30,15.45378921,15.73476768,14.37670755,14.907444,2652000
2020-05-04,14.501583,15.03231932,13.98645691,15.0245142,2109600
2020-05-05,15.60208094,16.85867724,14.93866049,15.09475994,3058400
2020-05-06,15.1962218,15.57086016,14.70451111,15.21183205,1097500
2020-05-07,15.60208402,15.60208402,14.9932978,15.25866604,1805500
2020-05-08,15.45379039,15.45379039,14.76695589,15.21964264,1658700
2020-05-11,14.99329665,16.0547695,14.93866228,14.9464674,1647400
2020-05-12,15.18061806,16.04696591,15.0323237,15.20403194,2121100
2020-05-13,15.22744829,15.64111092,14.84500615,14.91525078,1654100
2020-05-14,14.74354037,15.12598249,14.1269505,14.86061573,1749900
2020-05-15,14.54841478,15.47720351,14.53280602,14.71231937,2073500
2020-05-18,15.11036917,15.53183529,14.845001,14.86841488,1292200
2020-05-19,14.86841764,15.17281147,14.72012478,14.99329662,1110700
2020-05-20,15.11037166,16.50745583,14.87622245,16.50745583,2605000
2020-05-21,16.60111633,16.67136094,15.258665,15.60988808,2870000
2020-05-22,15.44598497,15.88306142,14.98549315,15.60988808,2306000
2020-05-25,15.89086319,16.42159951,15.19622231,15.19622231,1639300
2020-05-26,15.43037082,15.83622816,15.22744215,15.46158981,3297800
2020-05-27,15.67232647,15.67232647,15.08695571,15.44598389,2804300
2020-05-28,15.5006182,15.5006182,14.82939258,15.266469,1595800
2020-05-29,15.14159317,15.3367168,14.75915104,15.16500854,1306800
2020-06-01,15.18061452,15.6489099,15.04793043,15.51622581,1033100
2020-06-02,15.69574296,15.94550093,15.49281424,15.56305885,1333800
2020-06-03,15.79720731,16.10940479,15.24305697,15.29769135,1812800
2020-06-04,15.29768985,15.85964525,15.21183499,15.40695858,1571300
2020-06-05,16.02355036,16.53867654,15.61769292,15.9376955,3034600
2020-06-08,16.27330883,16.40599294,15.88306163,16.19525909,1500600
2020-06-09,15.96891541,15.96891541,15.40695996,15.46939945,1694700
2020-06-10,15.68013451,15.72696376,15.00110364,15.21964264,1837500
2020-06-12,14.75134373,15.00110169,14.31426728,14.75134373,1137200
2020-06-15,14.28304826,15.00890836,14.23621901,14.93085861,996400
2020-06-16,15.1025616,15.33670925,14.85280372,14.88402271,850700
2020-06-17,14.97768946,15.44598644,14.82939509,15.32110596,1106400
2020-06-18,15.32891035,15.8284278,15.07134724,15.29769135,2499800
2020-06-19,15.5162263,15.719155,15.26646836,15.43817806,1752500
2020-06-22,15.4381785,15.54744723,14.87622162,15.18061543,1508500
2020-06-23,15.19622531,15.29769042,14.82158836,14.97768784,1845200
2020-06-24,14.97768485,14.98548997,14.540607,14.82939053,905900
2020-06-25,14.82939468,15.32891066,14.78256543,15.25866604,920300
2020-06-26,15.2430561,15.32890948,14.81378329,14.9464674,3045400
2020-06-29,14.94646253,15.64890697,14.93085229,15.59427261,1514100
2020-06-30,15.68793911,16.78063107,15.27427651,16.55428696,5299600
2020-07-01,16.63233787,17.45966313,16.63233787,16.81965637,2953800
2020-07-02,17.21770376,17.48307194,16.28891662,16.30452538,2156100
2020-07-03,16.48404377,16.57770227,16.17964991,16.35916328,1076400
2020-07-06,16.51526368,16.70258218,16.2733108,16.39038467,1470400
2020-07-07,16.32013661,16.70257866,15.84403458,16.53087044,1821400
2020-07-08,16.78063107,17.06941468,16.46062845,16.55428696,1107000
2020-07-09,16.59330542,16.59330542,15.76598206,16.0001297,2233300
2020-07-10,15.99232776,16.12501185,15.79720419,15.91427803,1177900
2020-07-13,16.02354973,16.28111281,15.69574204,15.85184002,1612900
2020-07-14,15.89086768,16.06257593,15.53964458,15.96891594,1592300
2020-07-15,16.10940412,16.59331131,16.00013538,16.59331131,1473100
2020-07-16,16.50745631,16.7650194,16.20306396,16.20306396,1017600
2020-07-17,16.33574946,16.71819157,16.28111508,16.55428696,885600
2020-07-20,16.58550384,17.25672941,16.58550384,16.89770126,1608000
2020-07-21,17.21770562,17.45965995,16.70257945,17.00697327,1291400
2020-07-22,17.01477875,17.15526799,16.48404377,16.8118515,910000
2020-07-23,16.81965084,17.13965337,16.33574523,16.47623444,810300
2020-07-24,16.39038378,16.42160427,16.00794167,16.35916328,754900
2020-07-27,16.23428284,16.73380026,16.23428284,16.6479454,711400
2020-07-28,16.64794308,16.90550613,16.43720926,16.90550613,751200
2020-07-29,16.9133121,17.02258083,16.43721008,16.43721008,1090600
2020-07-30,16.234286,16.89770666,16.05477261,16.75721741,1128100
2020-07-31,16.78062898,16.94453208,16.28111306,16.71038437,946400
2020-08-03,16.85612325,16.88763074,16.46228858,16.65132904,825500
2020-08-04,16.5489347,16.84037154,16.08420962,16.29688072,1593400
2020-08-05,16.43866093,16.89550912,16.38352281,16.74585152,1088800
2020-08-06,16.90338048,17.13180527,16.63557433,17.02153206,779100
2020-08-07,17.02153529,18.46297015,16.77735671,17.85646439,3937900
2020-08-10,18.00611814,18.73077385,17.60440667,18.27392578,3066900
2020-08-11,18.69139666,19.12461578,18.36057541,18.62050629,3386900
2020-08-12,18.62050121,19.28214352,18.62050121,19.22700691,2628700
2020-08-13,19.22700508,19.91227794,19.01433403,19.71536064,3084900
2020-08-14,19.61296917,20.345502,18.92769758,19.37666893,2961700
2020-08-17,19.33728319,19.90440612,18.95132536,19.4554348,1342200
2020-08-18,19.45543324,19.94378738,19.28214502,19.32152939,2165800
2020-08-19,19.29789598,19.56570364,19.12460929,19.34515572,7811600
2020-08-20,18.99070821,19.48693923,18.46296969,19.2900219,2111800
2020-08-21,19.29002237,19.42392622,18.82529733,19.29789925,2106900
2020-08-24,19.36878961,19.72324142,19.14036477,19.29789925,1139300
2020-08-25,19.29790206,19.51057318,19.01434057,19.21125793,968200
2020-08-26,19.29002156,19.29789843,18.76228305,18.96707726,855100
2020-08-27,18.9670763,19.26638997,18.80166647,18.98283005,751200
2020-08-28,18.98283019,19.14824002,18.7465285,19.09310341,1397500
2020-08-31,19.14036595,19.14036595,18.90406573,19.03796959,1233600
2020-09-01,19.16399479,19.37666587,18.85680423,19.17974854,4120100
2020-09-02,19.29789712,19.37666435,18.92769311,19.08522606,1025600
2020-09-03,19.08522798,19.22700871,18.32118926,18.62837982,1345000
2020-09-04,18.62837914,18.69139262,17.8170807,18.47084618,1358700
2020-09-08,18.69927192,18.69927192,18.21879309,18.41571045,1371100
2020-09-09,18.4944771,18.82529831,18.43934048,18.82529831,958500
2020-09-10,18.86468201,19.25851669,18.64413404,18.66776466,1317600
2020-09-11,18.72289901,18.8095416,18.2345434,18.34481812,670900
2020-09-14,18.3369422,18.46296917,17.92735379,18.32906532,913200
2020-09-15,18.40783484,19.32940812,18.10064275,19.21913338,1928600
2020-09-16,19.32940811,19.4554351,18.69139481,18.69139481,982600
2020-09-17,18.66776092,18.71502065,18.33693979,18.67563629,707500
2020-09-18,18.62837729,18.89618495,18.26605016,18.47871971,854900
2020-09-21,18.36844709,18.36844709,17.83283174,18.17152977,928600
2020-09-22,18.19516415,18.29756052,17.95098705,18.10064316,537200
2020-09-23,18.10852146,18.20304246,17.32872885,17.49413872,812000
2020-09-24,17.49413503,18.19516176,17.34447894,17.66742325,792300
2020-09-25,17.77769731,17.77769731,17.28934314,17.5098896,544700
2020-09-28,17.65166916,17.76981925,16.48591893,16.85612297,950800
2020-09-29,16.90338197,17.47838168,16.8955066,17.08454704,811500
2020-09-30,17.17119162,17.34447984,17.02153552,17.15543938,684000
2020-10-01,17.24207995,17.55714886,16.99002602,17.43899727,747600
2020-10-02,17.40749051,17.50200997,17.10817535,17.2105732,653500
2020-10-05,17.21057872,17.62804259,17.08455172,17.49413872,922300
2020-10-06,17.65954865,17.69893152,16.86400235,16.97427559,1470500
2020-10-07,16.99790182,17.3444767,16.82461513,17.3444767,807100
2020-10-08,17.4074923,17.64379249,17.07667112,17.5256424,984200
2020-10-09,17.51776545,17.5335192,17.01365757,17.02941132,747800
2020-10-13,17.07666787,17.51776218,16.91125656,17.50200844,1563700
2020-10-14,17.39961575,17.99036775,17.39961575,17.88009453,1193000
2020-10-15,17.69892917,17.85646364,17.4862596,17.59653282,795500
2020-10-16,17.64379296,18.13214861,17.62803921,17.9588604,649600
2020-10-19,18.08488451,18.116392,17.51776322,17.62016106,1052600
2020-10-20,17.62016364,17.88009446,17.52564266,17.8092041,670100
2020-10-21,17.82495743,18.0139994,17.70680732,17.93523216,654700
2020-10-22,18.01399531,18.62837633,17.81707801,18.52598,1088900
2020-10-23,18.52598313,18.52598313,18.22666794,18.33694267,628800
2020-10-26,18.29755811,18.62050241,17.95886006,18.0927639,693200
2020-10-27,18.19516468,18.39995892,17.99824732,18.17941093,830800
2020-10-28,18.02187605,18.02187605,17.04516613,17.18694687,2008300
2020-10-29,17.18694394,17.3444784,16.6434517,17.16331482,896100
2020-10-30,17.17906945,17.27359045,16.58044052,16.58044052,972800
2020-11-03,16.85612074,17.16331275,16.60406684,16.99002457,769000
2020-11-04,17.10817691,17.26571137,16.80098636,16.85612297,683600
2020-11-05,17.02153384,17.45475135,16.85612251,17.33660126,699800
2020-11-06,17.29721583,17.67529821,17.12392914,17.63591385,577300
2020-11-09,18.30543492,18.30543492,17.56502533,17.56502533,1364100
2020-11-10,17.95885904,18.99858375,17.33660109,18.06913376,3513200
2020-11-11,18.084886,18.54173563,18.05338001,18.06913376,1082600
2020-11-12,18.14002723,18.65201205,18.05338311,18.30543709,1286300
2020-11-13,18.59044399,18.79034124,18.23862441,18.7503624,881300
2020-11-16,18.87030331,19.19013865,18.61443504,19.11817551,756200
2020-11-17,18.95026026,20.13365164,18.95026026,19.54195595,2552800
2020-11-18,19.5499528,19.79782498,19.23811204,19.46999359,1059200
2020-11-19,19.58193207,19.69387403,19.33405993,19.58193207,590800
2020-11-23,20.10166753,20.54943848,19.98172948,20.54943848,1324200
2020-11-24,20.46948085,20.87727146,20.23759928,20.78931618,1386100
2020-11-25,20.78931458,21.12514203,20.58941732,20.72534752,1429500
2020-11-26,20.52545088,20.86127834,20.37352853,20.59741402,464400
2020-11-27,20.64538919,21.69285043,20.56542998,21.62888336,1560700
2020-11-30,21.62888297,21.87675667,20.92524529,20.92524529,2028000
2020-12-01,21.03718529,21.35702057,20.71735001,20.71735001,1184200
2020-12-02,20.67737058,21.03718469,20.1976169,20.30955887,919400
2020-12-03,20.30956093,20.34154522,19.75784407,20.18962288,1317700
2020-12-04,20.33355168,20.66138309,19.63790847,19.64590454,1141300
2020-12-07,19.66989074,20.20561546,19.47798955,19.9737339,660000
2020-12-08,19.96573584,20.15763701,19.50997038,19.58992958,947800
2020-12-09,19.67788634,19.94175066,19.50997186,19.80582047,688200
2020-12-10,19.94974627,20.0456961,19.39802943,19.98972511,736100
2020-12-11,19.91776391,20.29357023,19.70187449,20.19762039,1128500
2020-12-14,20.34954421,20.54144542,19.95774419,20.41351128,1365700
2020-12-15,20.41350875,20.72534798,20.23759818,20.54144287,742500
2020-12-16,20.54944273,20.71735573,20.29357291,20.50946236,954300
2020-12-17,20.54944004,20.68537024,20.2535914,20.58142281,886300
2020-12-18,20.55743569,21.21310005,20.55743569,20.82929611,1474900
2020-12-21,20.72534814,20.94923362,20.07768144,20.59741402,660900
2020-12-22,20.78931528,21.46896627,20.56542979,21.1891098,827000
2020-12-23,21.18910992,21.45297425,20.8932613,21.03718758,701200
2020-12-28,21.26107044,21.54092687,20.97321792,21.49295044,510700
2020-12-29,21.58090739,21.72483366,21.16512074,21.62088776,596100
2020-12-30,21.63687904,21.90873944,21.46896607,21.87675667,922200
2021-01-04,22.09264629,22.2285765,21.58890582,21.7888031,868400
2021-01-05,21.82878113,21.94072464,21.32504068,21.82878113,898700
2021-01-06,21.82078387,23.33200654,21.65286939,23.00417519,2068700
2021-01-07,23.18808341,24.61135253,23.13211242,24.05163956,3608800
2021-01-08,24.16358301,25.30699571,24.14759239,24.85922623,2634300
2021-01-11,24.64333321,25.73077476,24.59535829,24.94717789,2369000
2021-01-12,25.06711867,26.22652196,24.8352371,25.46691322,2459300
2021-01-13,25.42692992,25.76275889,24.76327111,25.06711578,1324600
2021-01-14,25.15507241,25.4908999,24.87521745,25.25901985,883200
2021-01-15,25.25901739,25.25901739,24.39546131,24.85122681,1314700
2021-01-18,24.85122984,25.58685189,24.73928785,25.30699539,663200
2021-01-19,25.85870968,26.10658338,25.21104298,25.65081787,1900900
2021-01-20,25.71478325,26.01063034,24.90719815,24.99515343,1039900
2021-01-21,24.97915992,25.51488461,24.27552228,24.4834156,1173400
2021-01-22,24.15558119,24.29950744,23.69981574,24.23554039,1233500
2021-01-26,24.18756711,24.97916004,24.059633,24.33149338,1414600
2021-01-27,24.30750684,24.48341741,23.80376641,24.03564644,1008900
2021-01-28,23.97167722,24.73928343,23.74779328,24.30750465,1479200
2021-01-29,24.30750572,24.30750572,23.58787592,23.81975746,853000
2021-02-01,23.40396836,24.77926077,23.35599193,24.65932274,1138800
2021-02-02,24.97916116,25.17106234,24.17957213,24.37147331,1251700
2021-02-03,24.38746386,24.54738226,24.17957054,24.30750465,814400
2021-02-04,24.33149682,24.57137295,23.94769442,24.15558624,1902900
2021-02-05,24.4114496,24.69930057,24.19556023,24.46742058,2860300
2021-02-08,24.5233931,26.97813245,24.47541819,26.6742878,2554300
2021-02-09,26.39443323,27.13005674,25.90668647,26.14656258,2615800
2021-02-10,26.5303662,27.33794984,26.34646107,27.05010033,2193900
2021-02-11,27.0500975,28.18551242,27.0500975,28.16152573,1593000
2021-02-12,28.09755855,28.37741655,27.34594595,27.53784561,1182300
2021-02-17,27.15404526,27.60181625,26.77824045,27.21001625,1060300
2021-02-18,27.37793281,28.62528988,27.33795091,28.20950317,1983100
2021-02-19,28.18551495,28.61729378,27.71375727,28.38541222,1539000
2021-02-22,27.85768018,28.12154296,26.46639401,26.6822834,2315900
2021-02-23,26.74625202,26.97813356,25.97064973,26.71426773,2416200
2021-02-24,26.98613023,27.63379845,26.338462,26.80222511,1676700
2021-02-25,26.80222351,26.97813407,25.1790573,25.25102043,1290400
2021-02-26,25.53087811,25.53087811,24.74728122,24.9631691,1240700
2021-03-01,24.97916005,25.02713496,23.90771067,24.50740242,1823100
2021-03-02,24.4994098,24.4994098,23.37998536,24.15558624,1456000
2021-03-03,23.85174124,24.64333421,23.48393101,24.21955299,1633800
2021-03-04,24.55537977,25.38695314,24.16358131,24.91519547,2185600
2021-03-05,24.70729958,25.97864772,24.01965408,25.5788517,2439400
2021-03-08,25.01914144,25.34697282,23.85174067,23.95568657,1059000
2021-03-09,24.0836221,24.29950998,23.71581036,24.1076088,888000
2021-03-10,24.17157565,24.25953093,23.48393013,23.84374428,978100
2021-03-11,24.29151291,24.29151291,23.71580939,23.91570663,1029700
2021-03-12,23.91570772,24.08362221,23.42795793,23.77977753,1104300
2021-03-15,23.77977807,24.17157652,23.55589258,24.01165962,1364900
2021-03-16,24.14759073,24.28352093,23.56388954,23.96368408,1629400
2021-03-17,23.91570742,25.94666426,23.90771135,25.71478271,2066400
2021-03-18,25.56286074,25.57885289,24.16357994,24.16357994,998400
2021-03-19,24.3075041,24.64333153,24.09161472,24.64333153,1708100
2021-03-22,24.64333562,24.83523682,23.70781632,23.98767281,1222500
2021-03-23,23.78777503,24.71529824,23.66783698,23.96368408,1003200
2021-03-24,24.11560517,24.29151421,22.91622162,23.09213066,1082200
2021-03-25,23.08413724,23.10812394,22.15661251,22.98818588,2662300
2021-03-26,23.05215422,23.41196994,22.61238082,23.11612129,1758100
2021-03-29,23.00417823,23.78777517,22.89223472,23.63585281,1856200
2021-03-30,23.64384626,24.81924305,23.5798792,23.91570663,1854900
2021-03-31,23.91570996,24.22754922,23.45194834,23.71581268,1631800
2021-04-01,23.87573029,24.07562756,23.42795931,23.75579071,1447200
2021-04-05,24.01165719,24.163578,23.7957678,23.81175995,697300
2021-04-06,24.03564448,25.10709384,23.96368134,24.39546013,1001700
2021-04-07,24.29951018,24.66732193,24.051638,24.37147331,1011400
2021-04-08,24.50740374,24.88321157,24.34748685,24.66732216,840700
2021-04-09,24.6673203,24.92318853,24.02764821,24.30750465,1364200
2021-04-12,24.42744546,24.68331524,24.18756935,24.65133095,886900
2021-04-13,24.73928621,24.77126898,24.1955654,24.26752853,760400
2021-04-14,24.26752844,24.94717945,24.08362332,24.80325317,967100
2021-04-15,25.04312807,25.31498846,24.72329277,25.26701355,1085800
2021-04-16,25.30699147,25.31498754,24.69130757,24.71529579,1109600
2021-04-19,24.71529685,25.44292275,24.41145369,25.3229847,865700
2021-04-20,25.17905787,26.60232687,25.1470751,26.01062965,2052000
2021-04-22,26.21852001,27.04209558,25.67479933,26.46639061,1622500
2021-04-23,26.76224476,27.00212085,26.13856327,26.23451614,775500
2021-04-26,26.51437312,26.51437312,26.0825943,26.25850487,1061300
2021-04-27,26.37044274,26.94614775,26.18653766,26.89017677,1173900
2021-04-28,26.89018186,27.17003682,25.80274022,25.82672691,908600
2021-04-29,25.90668546,25.90668546,25.18705412,25.74676704,1031700
2021-04-30,25.7547629,25.94666562,24.53938869,24.92319107,1713200
2021-05-03,24.93118513,25.26701257,24.69930359,25.07511139,991800
2021-05-04,25.23502722,25.24302329,24.60335273,24.67531586,879200
2021-05-05,24.79525572,25.51488553,24.5553781,25.35496712,920100
2021-05-06,25.538872,25.538872,24.59535678,24.69930267,927400
2021-05-07,24.8512267,25.17905807,24.47542041,25.17905807,559200
2021-05-10,24.84323317,25.46691322,24.57137276,25.46691322,1559800
2021-05-11,25.16306637,26.32246955,24.90719812,26.26649857,1278200
2021-05-12,26.17055146,26.17055146,25.23503213,25.28300858,1502700
2021-05-13,25.35496695,25.81073245,24.98715674,25.12308693,866400
2021-05-14,25.43493188,25.95466456,25.28301103,25.68280411,655600
2021-05-17,25.53887502,26.1145786,25.34697383,25.90668678,832600
2021-05-18,25.98664583,25.98664583,25.26701595,25.46691322,940700
2021-05-19,25.73077758,27.08208206,25.51488815,26.41042709,2057400
2021-05-20,26.40243193,26.97813705,26.2984845,26.92216301,1073000
2021-05-21,26.84220628,26.93016157,26.1705513,26.1705513,690600
2021-05-24,26.17854583,26.63431132,26.01862741,26.49038506,670500
2021-05-25,26.54635652,27.40991109,26.54635652,26.65829849,997200
2021-05-26,26.69827906,26.95414732,26.29848451,26.57034492,654500
2021-05-27,26.6503043,27.22600633,26.55435141,27.1540432,775500
2021-05-28,27.17802938,28.04158385,26.92215811,27.59381294,639200
2021-05-31,27.61780154,28.22548777,27.34594119,27.52184868,1015400
2021-06-01,27.80170814,28.48135753,27.6337952,28.12953949,1352400
2021-06-02,28.04958749,28.96111859,27.93764246,28.4813633,1379700
2021-06-04,28.36142062,28.85716491,28.16152339,28.66526222,687700
2021-06-07,28.67326703,28.80919572,28.16952502,28.52934074,719900
2021-06-08,28.52933627,29.18499902,28.27346803,28.6252861,936600
2021-06-09,28.57731434,30.8081655,28.57731434,30.40837097,2392800
2021-06-10,30.45635217,30.68023617,29.96860228,30.39238358,1416400
2021-06-11,30.62426322,31.23195267,30.2164741,31.23195267,1603300
2021-06-14,32.28740935,32.35137489,30.3204178,30.52831268,1970300
2021-06-15,30.48032925,31.49580756,30.22446103,31.11200523,1535800
2021-06-16,30.91211525,31.27193096,30.36039985,30.58428383,996000
2021-06-17,30.45634811,30.96009008,30.08054027,30.34440613,1539400
2021-06-18,30.38438247,30.39237702,29.80867741,30.0805378,994000
2021-06-21,30.09653304,30.31242246,29.6407675,30.21647263,1002100
2021-06-22,29.99257936,31.00006311,29.74470874,29.98458481,1285700
2021-06-23,30.03256647,30.30442688,29.5847955,29.78469276,1309600
2021-06-24,29.78469312,30.07254567,29.12103272,29.5768013,1777200
2021-06-25,29.57679613,29.87264318,28.56131781,28.70524406,1368400
2021-06-28,28.03359099,29.00908748,28.03359099,28.60929298,1371800
2021-06-29,28.68126072,28.68126072,27.76173507,28.15353203,916000
2021-06-30,28.02559594,28.89714813,27.79371438,28.89714813,1609800
2021-07-01,29.01708555,29.28094833,28.6332832,28.84917259,1706800
2021-07-02,28.88115626,30.01657433,28.80919313,29.78469276,1049800
2021-07-05,30.01657248,30.31241956,29.52882269,29.84865952,744600
2021-07-06,29.86464558,29.86464558,28.68125432,28.70524406,1047400
2021-07-07,28.84917476,28.89714816,27.11406492,28.12154579,3114500
2021-07-08,27.6657819,27.6657819,26.17055112,27.30596924,1822400
2021-07-12,27.40191609,27.96962357,26.78623218,27.96962357,1966700
2021-07-13,27.90565999,28.38541222,27.70576272,28.38541222,924200
2021-07-14,28.51334182,28.52933396,28.12953949,28.12953949,2025800
2021-07-15,28.13753416,28.19350514,27.56183218,27.83369255,708700
2021-07-16,27.90566089,27.90566089,27.32195816,27.60181618,805700
2021-07-19,27.24999741,27.49786807,26.89817626,26.96214485,828700
2021-07-20,27.02610576,27.71375275,26.99412148,27.71375275,974500
2021-07-21,27.68977162,28.16152931,27.31396376,27.65778732,714500
2021-07-22,27.44989071,27.85767974,27.33794569,27.60980606,1169400
2021-07-23,27.72975193,27.98562021,27.40991505,27.48987579,806900
2021-07-26,27.45788514,27.56982711,26.97813298,27.19401932,1155700
2021-07-27,27.10607075,27.24999703,26.61832093,26.7862339,789100
2021-07-28,26.94615028,27.21801067,26.6662923,26.76224518,769800
2021-07-29,26.66629007,26.83420607,26.49837713,26.65030098,684700
2021-07-30,26.57034748,26.58633963,25.5228861,25.64282417,1008800
2021-08-02,25.90259518,26.42031924,25.73001997,25.87794113,1672900
2021-08-03,25.74645465,26.4285343,25.43417788,26.08338547,1197800
2021-08-04,26.0833865,26.09160451,25.60675252,25.85328674,1173500
2021-08-05,26.04229876,26.26417894,25.34378303,25.48348618,1270500
2021-08-06,25.45882787,25.67249157,25.13833312,25.17120361,926200
2021-08-09,25.12190014,25.68893072,25.11368213,25.49170303,1044300
2021-08-10,25.86150315,26.85586111,25.75467208,26.65041542,1837100
2021-08-11,26.60932691,26.97912978,26.26417652,26.65041542,1527700
2021-08-12,26.63397979,26.65863227,25.95190015,26.25596046,979200
2021-08-13,26.25596249,26.71615888,26.06695125,26.47784424,651700
2021-08-16,26.51071111,26.51071111,25.82863304,25.90259361,1129800
2021-08-17,25.84506822,25.91902879,24.76031367,25.22873116,1512900
2021-08-18,25.25338767,25.9025969,24.90002078,25.72180367,1157000
2021-08-19,25.30269218,26.82298905,25.09724649,26.65041542,1231700
2021-08-20,26.43674962,26.89694908,26.13269088,26.84764099,1211400
2021-08-23,27.11883245,27.34893063,26.62576403,27.03665543,983300
2021-08-24,27.17635754,27.54616043,27.06952489,27.29140663,858000
2021-08-25,27.30783944,28.03922556,27.22566243,27.87486839,1017300
2021-08-26,27.9077395,27.9077395,26.77368164,26.77368164,904700
2021-08-27,26.86407717,27.14348343,26.70793957,27.06952286,590600
2021-08-30,27.1434852,27.52972413,26.83120999,27.17635727,1095900
2021-08-31,26.90516948,26.97913005,26.23130628,26.41209793,1168900
2021-09-01,26.46962449,27.25031881,26.23130828,26.98734856,1564800
2021-09-02,26.95447611,27.10239727,26.13269328,26.29705048,1224800
2021-09-03,26.5353663,26.5353663,25.56566239,25.59031487,1163900
2021-09-06,25.53279074,26.28061294,25.32734504,26.25596046,716300
2021-09-08,26.20665621,26.20665621,24.94111136,24.97398186,1647400
2021-09-09,25.07259282,26.00942468,24.5630868,25.90259361,1436300
2021-09-10,26.20665187,26.40388111,25.28625605,25.63140488,1072000
2021-09-13,26.17378433,26.20665483,25.49170462,26.13269424,1248500
2021-09-14,26.2066509,26.77368299,26.13269033,26.64219475,974800
2021-09-15,26.64219693,26.8147737,25.82863371,26.73259354,1359100
2021-09-16,26.57645769,27.07774573,26.36279552,26.81477547,1292600
2021-09-17,26.70794233,26.81477497,25.63962526,25.927248,1335400
2021-09-20,25.44239338,25.64783906,24.93288894,25.541008,644700
2021-09-21,25.68893071,26.35457435,25.55744559,25.86972237,1158600
2021-09-22,26.34635909,27.0530897,25.75467444,26.85586357,1575500
2021-09-23,26.65041543,27.20922797,26.65041543,27.02843475,852600
2021-09-24,26.87230062,27.69408349,26.79012045,27.62012291,1073200
2021-09-27,27.69408035,28.11318819,27.23388087,27.69408035,1264000
2021-09-28,27.55437828,27.93240077,26.79833955,27.06130981,1268700
2021-09-29,27.13526471,27.65298868,27.04486811,27.41467094,869700
2021-09-30,27.66942554,28.87744727,27.4968519,28.74596214,2544700
2021-10-01,29.00892854,29.87179975,28.22001791,28.77061081,2636700
2021-10-04,29.26369194,29.74854401,28.69665968,29.09933472,2006300
2021-10-05,29.214377,29.79784201,28.99249527,29.37051773,1805400
2021-10-06,29.00071363,29.2719003,28.60625829,29.09111023,1317000
2021-10-07,29.29656014,29.65814347,28.70487548,29.47735023,1481200
2021-10-08,29.91289875,30.14299696,29.60883682,29.8718071,1050600
2021-10-11,30.10190432,30.63606125,29.85537012,30.08546829,1065300
2021-10-13,30.08547689,30.90725991,30.08547689,30.54567337,1028400
2021-10-14,30.58675523,31.21130875,30.33200145,31.11269569,990500
2021-10-15,31.12092102,31.26884221,30.57854437,31.01409149,934400
2021-10-18,31.06338613,31.68794275,30.89902896,31.42497253,1112700
2021-10-19,31.39210541,31.58111509,30.61141108,30.80042076,1543500
2021-10-20,30.75111382,31.49071966,30.5456681,31.43319511,1858900
2021-10-21,31.1619999,31.20309154,29.35408038,30.00328636,2880200
2021-10-22,29.69101508,30.52923395,28.76239958,30.17586708,2072100
2021-10-25,30.43883781,31.60576797,30.40596575,31.13735199,1687700
2021-10-26,31.18666174,31.22775026,30.57032456,31.04695702,1158900
2021-10-27,31.17844087,31.44963072,30.14299583,30.14299583,1250700
2021-10-28,30.04438285,31.21131302,29.86358962,30.71824455,1932200
2021-10-29,30.81685568,32.13170694,30.4717084,31.47428131,2046500
2021-11-01,32.16457641,33.01101164,31.44962629,32.4604187,2173500
2021-11-03,32.46863706,33.31507548,31.89339161,32.13170624,2190000
2021-11-04,32.04131597,32.83022679,32.04131597,32.60834503,1098000
2021-11-05,32.80556923,33.54517504,32.65765121,32.9370575,1020200
2021-11-08,32.92883314,34.38338892,32.92883314,34.34230042,1464000
2021-11-09,34.67101649,34.90933426,32.76448057,33.11784744,2174900
2021-11-10,33.1753783,33.99716129,33.0356767,33.54518127,1567100
2021-11-11,34.07111469,34.35052097,33.42190552,33.42190552,1324100
2021-11-12,33.79304887,33.88682425,32.82120084,33.71632385,1481400
2021-11-16,33.90387215,33.93797288,32.00280053,32.96612167,1861100
2021-11-17,33.27302434,33.32417543,31.50835223,31.89197731,1858800
2021-11-18,32.16478208,32.48873256,31.81525767,32.3779068,1008300
2021-11-19,32.32674924,32.57397465,31.80672776,32.19034958,673100
2021-11-22,32.0880528,32.53135254,31.78115273,31.78115273,792300
2021-11-23,31.95165332,32.34380197,31.31227925,31.75557899,1079200
2021-11-24,31.15882321,31.74704932,31.09914857,31.44014931,868900
2021-11-25,31.312277,31.96017784,31.28670308,31.59360313,722500
2021-11-26,30.80930791,30.97128477,30.03353409,30.61323357,1180600
2021-11-29,30.89455768,31.46573031,30.66438262,31.30375671,857000
2021-11-30,31.03095467,31.1247268,29.80335444,29.93123055,1838500
2021-12-01,29.85450502,30.85192695,29.12987917,29.25775528,2163800
2021-12-02,29.42825598,29.99942856,29.27480596,29.95680428,901500
2021-12-03,29.37710642,30.66438137,29.37710642,29.71810722,1031100
2021-12-06,29.79483101,30.75815548,29.77778065,30.50240326,1137700
2021-12-07,30.84340249,31.19292682,30.13582703,30.6047039,1370900
2021-12-08,30.68995319,31.34637758,30.49387888,31.15882683,1310700
2021-12-09,31.03096033,31.03096033,29.931236,30.18698502,826600
2021-12-10,30.20403035,30.77520294,30.07615424,30.75815582,876600
2021-12-13,31.13325617,31.57655593,30.91160467,31.02243042,1297600
2021-12-14,31.19292283,32.39494568,31.19292283,31.84082031,1676800
2021-12-15,31.99427786,32.95760238,31.08210443,31.42310524,1716500
2021-12-16,31.3378473,31.71294877,30.35747586,30.57060051,1265700
2021-12-17,30.42568065,30.5365064,29.70958154,29.83745766,3132800
2021-12-20,28.72067946,29.12987844,27.56128398,28.91675377,2631300
2021-12-21,29.01905671,29.36005424,28.45640769,29.02758026,1461700
2021-12-22,28.79740087,29.30890197,28.69510195,29.12135124,1207600
2021-12-23,29.12135219,29.51350076,28.82297898,28.89970398,774100
2021-12-27,29.3771046,29.3771046,28.90823096,29.02758026,578900
2021-12-28,29.2066059,29.36005594,28.95085692,29.28333092,631200
2021-12-29,29.27480756,29.43678116,28.99348141,29.18103218,654900
2021-12-30,29.25775698,29.62433171,29.09578339,29.36005592,794100
2022-01-03,29.37710875,29.55613272,28.61838531,28.61838531,684000
2022-01-04,28.74625904,29.53908315,28.43083216,29.28333092,1205900
2022-01-05,29.16398329,29.79483384,28.4308338,28.50755882,1131100
2022-01-06,28.75478406,28.83150909,28.2006618,28.47346115,1229600
2022-01-07,28.47346,28.84855828,28.16655992,28.56723213,906800
2022-01-10,28.61838364,28.70363222,28.23475854,28.36263466,741100
2022-01-11,28.36263198,28.70362951,28.1409805,28.48198128,1395500
2022-01-12,28.62691204,30.05910707,28.54166021,29.80335808,1106900
2022-01-13,29.66695946,30.68143518,29.58171088,30.07615852,1385700
2022-01-14,30.18698306,31.09063297,30.18698306,30.41715813,1417500
2022-01-17,30.4171577,30.50240628,29.41120885,29.74368286,788400
2022-01-18,29.99090712,30.05058177,29.47088235,29.85450745,853700
2022-01-19,30.1699323,31.58508019,30.03353262,31.36343193,1934300
2022-01-20,31.55097574,32.68480058,31.4486768,32.16477585,1982900
2022-01-21,32.01985252,32.31822576,31.26965275,31.28670311,1338300
2022-01-24,31.23555147,31.63622689,30.75815428,30.99685287,1324400
2022-01-25,30.77520512,31.57655607,30.77520512,31.30375671,1455800
2022-01-26,31.61917689,31.85787549,31.09915217,31.31227684,1550300
2022-01-27,31.63623017,31.73000555,30.20403196,31.16735649,1509900
2022-01-28,31.22703091,31.64475349,30.97128193,31.42310524,1132300
2022-01-31,31.42310545,32.0283788,31.08210463,31.3208065,1265600
2022-02-01,32.39495576,32.48873115,31.54245693,31.86640739,1698300
2022-02-02,32.11362483,32.26707485,31.08210217,31.47425079,947800
2022-02-03,31.49130545,31.77263163,30.92865636,31.03948212,628100
2022-02-04,31.0480039,31.36343079,30.45978092,31.3208065,767400
2022-02-07,31.36342563,31.84082279,31.09914989,31.380476,768700
2022-02-08,31.44867866,31.61917906,30.97980499,30.97980499,860200
2022-02-09,31.33785204,31.99427646,31.15882809,31.71295357,1004200
2022-02-10,31.80672928,32.20740148,31.73000426,32.10510254,1127700
2022-02-11,32.28412649,32.83825198,32.02837752,32.10510254,1350000
2022-02-14,32.20739971,32.94054911,32.20739971,32.75299835,1159600
2022-02-15,33.13662757,33.29860442,32.41200489,33.16220474,1504200
2022-02-16,33.3071224,34.67964576,32.95759808,33.88682175,2552700
2022-02-17,33.7248535,34.07437788,32.59102854,33.80157852,2236400
2022-02-18,33.98912089,34.14257091,33.40089798,33.40089798,892600
2022-02-21,33.46057913,33.50320342,32.61660385,32.61660385,925400
2022-02-22,32.92349982,33.5458235,32.87235198,33.33269882,2492600
2022-02-23,33.47763106,33.75043043,32.07100662,32.60808182,1913000
2022-02-24,31.67885384,33.93797686,30.47683072,33.78452682,2407700
2022-02-25,33.80157922,34.5688262,33.36680301,34.12552643,2674900
2022-03-02,34.40685525,37.20305053,34.40685525,36.19710159,3296500
2022-03-03,36.37612031,37.24566943,36.09479741,36.79384613,2477800
2022-03-04,36.79384749,37.10927113,36.16299696,36.65744781,1909200
2022-03-07,36.50400183,37.29682605,35.81347656,35.81347656,3134800
2022-03-08,36.08627185,36.60629333,35.41279709,36.1459465,1833800
2022-03-09,36.13742382,38.36244622,36.13742382,37.41617203,3596700
2022-03-10,37.17746733,38.14931529,36.99844339,37.48436737,2380100
2022-03-11,37.56961902,38.89099141,37.56961902,38.78869247,3004000
2022-03-14,38.88247015,39.76906967,37.79127275,39.76906967,3022900
2022-03-15,39.56446348,39.56446348,38.37949084,38.67786407,2348400
2022-03-16,38.96771979,39.00182053,36.90467424,37.3905983,2376700
2022-03-17,37.45879353,38.2260437,37.39911888,38.2260437,1299000
2022-03-18,38.23457111,40.49369431,37.87652317,40.49369431,3535000
2022-03-21,40.70681292,40.7494372,39.85431422,40.02481461,1628200
2022-03-22,40.1185958,40.21236794,38.33687313,38.83984756,3563900
2022-03-23,38.91657187,39.60709383,38.43917137,39.5303688,960900
2022-03-24,39.61562065,40.05039361,39.15527052,39.4536438,1559600
2022-03-25,39.48773826,39.92251441,38.77163925,38.93361282,1341300
2022-03-28,38.942136,39.73495995,38.76311208,38.83131027,1171200
2022-03-29,38.56704324,38.56704324,37.19451979,37.44174194,1630800
2022-03-30,37.10926954,37.6804454,36.75974519,36.97286987,1661400
2022-03-31,36.77679172,37.85946541,36.58924097,37.81684113,2919200
2022-04-01,37.92766953,38.4221171,37.41616835,37.85094452,1851400
2022-04-04,38.26866799,38.35391981,37.60372001,38.2260437,1178600
2022-04-05,38.24309249,39.35986371,37.72306776,38.77164078,1548500
2022-04-06,38.94214472,40.13564432,38.63524464,39.25756836,1934400
2022-04-07,39.14673901,39.75201556,38.72048965,39.0785408,1315800
2022-04-08,39.04444733,39.81169761,39.04444733,39.71792221,1471200
2022-04-11,39.5644711,39.99924408,39.12117131,39.36839676,1263800
2022-04-12,39.9225134,40.30613519,39.18083723,39.55593872,974300
2022-04-13,39.81169111,39.91399005,39.1467399,39.683815,891900
2022-04-14,39.74348869,39.78611298,38.97624181,39.69234085,537100
2022-04-18,39.66676368,39.939563,39.23199077,39.69234085,722400
2022-04-19,39.59856926,39.82874433,39.04444375,39.76906967,1083000
2022-04-20,39.76906701,40.61303893,39.41954266,39.73496628,1062700
2022-04-22,39.31724301,39.81169387,38.98476901,39.25756836,777100
2022-04-25,38.87394012,39.06149088,38.11521678,38.4903183,1487100
2022-04-26,38.52441655,38.83984342,38.02144216,38.50736618,1262400
2022-04-27,38.89952246,40.26351929,38.47327305,40.26351929,1558200
2022-04-28,40.50221158,40.53631231,39.09559068,40.35728836,1840600
2022-04-29,40.49368828,40.74091369,39.24904096,39.56446457,4182800
2022-05-02,39.82021708,40.25499328,37.61224512,37.91062164,1615600
2022-05-03,37.91915241,38.66935239,37.46732901,38.03850174,2048300
2022-05-04,38.00439991,39.39397068,37.73159729,39.36839676,2291500
2022-05-05,39.12117053,39.34282204,37.80832156,37.86799622,1579300
2022-05-06,37.93619544,37.95324581,36.94729699,37.55257034,1428200
2022-05-09,37.4758429,37.54404436,36.77679421,37.10926819,1065400
2022-05-10,37.24566649,37.58666727,36.99844434,37.39911652,1092800
2022-05-11,37.46732192,38.01292061,37.15189828,37.75717163,1954300
2022-05-12,37.45027437,39.39397068,37.45027437,39.36839676,1616300
2022-05-13,39.47921351,40.459585,39.25756204,40.11858749,1158200
2022-05-16,40.08448899,41.2609381,39.88841468,40.97108841,1687900
2022-05-17,41.38880749,42.70165615,41.16715928,42.49705505,2245500
2022-05-18,42.49705847,42.71870995,39.83726346,40.22941208,1633300
2022-05-19,40.25499342,40.3487688,38.7034459,39.3598671,1595900
2022-05-20,39.34281503,39.60708753,38.7375385,39.31723785,892900
2022-05-23,39.41101852,39.76054289,39.04444378,39.61561966,1759500
2022-05-24,39.48774151,40.83469109,39.10411643,40.59598923,1656900
2022-05-25,40.37434381,40.86879142,39.9395676,40.6812439,1144500
2022-05-26,40.4851708,40.67271833,39.87989416,40.26351929,910100
2022-05-27,40.30613809,41.77243692,40.22088952,41.65308762,1558200
2022-05-30,41.94294073,42.25836437,41.58488955,41.8576889,773400
2022-05-31,42.002615,43.86958615,41.99408819,42.95741272,3742800
2022-06-01,42.72723614,44.7391337,41.90883813,44.32141113,3420700
2022-06-02,44.9863612,45.09718695,43.87811343,44.58568573,2229000
2022-06-03,44.45780834,44.65388265,43.95483398,44.03155899,852500
2022-06-06,44.32141513,44.32141513,43.55416489,43.55416489,1165600
2022-06-07,42.95740985,43.31546101,41.16716385,41.16716385,2652400
2022-06-08,40.79206288,40.88583826,39.22346509,39.73496628,2994700
2022-06-09,39.42806759,39.98219308,38.89951927,39.44511795,1734300
2022-06-10,39.01034209,39.3513429,38.43916948,38.57556915,1559000
2022-06-13,37.80832014,38.49884533,37.79127302,38.31129456,1395000
2022-06-14,38.14932253,38.34539687,37.63782453,38.0725975,907800
2022-06-15,38.34539283,38.66081646,37.59519303,38.09816742,1284000
2022-06-17,37.65487065,37.67192102,36.68302254,37.41617203,1767900
2022-06-20,37.39911623,37.43321696,35.79642105,35.79642105,1125300
2022-06-21,35.80494329,36.0095444,33.8527206,35.16556931,2574400
2022-06-22,34.89277975,34.89277975,33.00875799,33.59698105,2375400
2022-06-23,33.4690964,34.09994685,32.67627563,32.83824921,1521600
2022-06-24,32.97756101,34.0094541,32.7453881,33.98365784,1367900
2022-06-27,34.11264302,34.81777254,33.55370324,34.02665329,1596100
2022-06-28,34.45661115,34.45661115,33.58810305,33.9406662,1661600
2022-06-29,33.96646249,34.10404803,33.00336371,33.14094925,1064700
2022-06-30,32.51321421,32.59920394,30.92237796,31.24054718,7600000
2022-07-01,31.24913893,31.76508377,30.34623381,30.93097305,1864900
2022-07-04,30.66440638,31.93707345,30.66440638,31.50711823,1241200
2022-07-05,31.31793335,31.55871048,30.87078285,30.87078285,1839000
2022-07-06,30.84498791,30.84498791,30.15706019,30.40643501,1185200
2022-07-07,30.61281207,31.12876033,29.75290158,29.83029366,1685800
2022-07-08,29.63251155,30.93097809,29.63251155,30.56121635,1488700
2022-07-11,30.20865195,30.5182202,29.53791963,29.77009583,1110500
2022-07-12,29.70990822,29.71850916,28.9015935,28.95318604,815600
2022-07-13,28.73820341,29.89048346,28.73820341,29.32294273,1059800
2022-07-14,29.09937128,30.01947525,29.09937128,29.66691208,1991100
2022-07-15,29.78730051,29.78730051,28.6608198,28.80700302,827200
2022-07-18,28.76400295,29.54652127,28.74680435,29.32294273,936300
2022-07-19,29.40893668,29.66690915,29.21975534,29.51212502,870300
2022-07-20,29.34874199,31.15455246,29.34874199,31.15455246,1475100
2022-07-21,30.98256968,31.07716035,29.92488032,30.73319817,1395500
2022-07-22,30.79339887,30.88798628,30.2688529,30.27745056,949100
2022-07-25,30.44082587,31.22334411,30.37203147,30.83638382,910400
2022-07-26,30.66440505,31.03416678,29.96787643,29.96787643,861300
2022-07-27,30.07106683,30.48382342,29.95927756,30.33763695,1139700
2022-07-28,30.39783388,30.99117421,29.94208238,30.13126373,645600
2022-07-29,30.29464242,30.33763728,29.62391337,30.12265968,803800
2022-08-01,30.3460057,30.3460057,29.1544323,29.1544323,774500
2022-08-02,29.38056592,30.10247013,28.38903755,29.18052101,1813100
2022-08-03,29.26749927,29.95460888,29.04135924,29.62410164,1071600
2022-08-04,29.63279338,30.31990621,29.17182054,29.58060646,1087600
2022-08-05,29.44144553,30.19814094,29.31967937,29.36316681,1186800
2022-08-08,29.65889208,30.45037561,29.44145151,29.94591522,1099200
2022-08-09,30.29381985,30.89395459,29.2240094,29.40666199,1745800
2022-08-10,29.5806118,30.15465474,29.24140506,29.73716927,1319400
2022-08-11,29.71107395,30.51995299,29.50232958,29.92851448,1408100
2022-08-12,29.94591338,31.13748669,29.94591338,31.11139488,1464000
2022-08-15,30.85916294,31.2244648,30.20684128,30.67651367,1316600
2022-08-16,31.02441657,31.12879042,30.48516492,30.67651367,1028200
2022-08-17,30.8069747,31.21576398,30.19814383,30.99832344,1091900
2022-08-18,31.29403725,31.51147776,29.5284214,29.5284214,1312700
2022-08-19,29.16312192,29.48493628,28.59777855,29.02396011,1490600
2022-08-22,28.91959264,28.91959264,28.10201738,28.21508408,820900
2022-08-23,28.28466724,28.72824451,27.98894796,28.25857544,865200
2022-08-24,28.35424583,28.9717795,28.11071348,28.22378349,922300
2022-08-25,28.23247918,29.0326621,28.23247918,28.33685303,754100
2022-08-26,28.44991974,28.83261722,28.06722558,28.27596664,907200
2022-08-29,28.18899229,28.81522212,27.80629646,28.60647774,1221000
2022-08-30,28.58908202,28.91959258,28.19768837,28.22378349,842400
2022-08-31,28.37164057,28.5890811,27.51927405,27.71062279,1120400
2022-09-01,27.4931825,27.74541266,26.04937744,26.04937744,2400700
2022-09-02,26.49295594,27.27574325,24.70124626,24.70124626,7429300
2022-09-05,24.87519968,25.96240245,24.60557386,24.69254875,3904000
2022-09-06,24.61427202,25.38836158,24.60557586,25.17961884,2372600
2022-09-08,25.26658983,25.44924075,24.38813152,24.59687424,2616800
2022-09-09,25.21440403,25.22310185,24.17938663,24.9969635,1499200
2022-09-12,25.15352269,25.38835888,24.60557324,24.70994377,1219300
2022-09-13,24.50989949,24.61427002,23.6749269,23.77060127,1302400
2022-09-14,23.82278548,24.16199386,23.40530003,24.09241295,1659400
2022-09-15,24.07501634,24.52729305,23.70971618,23.72711182,1274500
2022-09-16,23.57055509,23.95325091,23.31832326,23.75320435,1561200
2022-09-19,23.6227405,23.90976195,23.13567414,23.84887886,777100
2022-09-20,23.83148495,24.33594698,23.5531613,23.95325279,1129500
2022-09-21,23.9619495,24.26636662,23.50097656,23.50097656,1438600
2022-09-22,23.74450704,23.86627488,23.16176631,23.69232178,1765100
2022-09-23,23.23134756,23.46618375,22.83125774,23.34441757,1401800
2022-09-26,23.17915979,23.37050851,22.88344054,23.16176414,965400
2022-09-27,22.86605064,22.8747468,22.43116951,22.43116951,1509900
2022-09-28,22.44856373,22.76167868,22.28331009,22.57033157,1535400
2022-09-29,22.34419,22.45725835,21.66577493,21.82233238,1349600
2022-09-30,21.78754174,22.23112065,21.5440094,22.19633102,1352800
2022-10-03,22.64860837,22.95302381,22.25721472,22.90953636,1167700
2022-10-04,23.24004523,23.41399833,22.62251487,22.71818924,1542800
2022-10-05,22.80516514,23.08349044,22.57033059,22.9356308,1693800
2022-10-06,22.9965129,23.30962617,22.45725961,22.5181427,1407900
2022-10-07,22.45726167,22.92693409,22.08326362,22.80516624,1784900
2022-10-10,22.98781366,24.2402716,22.7616753,24.06631851,2429300
2022-10-11,24.30985308,24.43161926,23.03999947,23.12697601,2827200
2022-10-13,23.04000116,23.69232282,22.83125842,23.17916298,2705300
2022-10-14,23.19655907,23.21395471,22.13544973,22.29200554,1625100
2022-10-17,22.62251457,23.30092967,22.42246967,23.25744057,888300
2022-10-18,23.31832548,23.97934499,23.15307184,23.79669571,1931500
2022-10-19,23.93585584,24.33594565,23.76190274,24.27506256,1786700
2022-10-20,24.3359453,24.51859622,23.74450675,24.09241295,1614500
2022-10-21,23.99673771,24.24027171,23.49227573,24.10980606,1262200
2022-10-24,23.74450579,24.25766559,23.47487999,24.06631851,1101600
2022-10-25,24.23157574,24.23157574,22.82256022,23.33572006,1778200
2022-10-26,23.13567375,23.28353339,21.77014743,21.81363487,1955800
2022-10-27,22.01367913,22.87474345,21.81363424,22.50944328,1880700
2022-10-28,22.2746083,22.56162973,22.14414266,22.28330612,1425000
2022-10-31,21.7614535,23.50967595,21.65708129,23.45748901,2300700
2022-11-01,24.13589859,25.44923958,23.74450498,25.01435852,3757200
2022-11-03,24.78822306,24.78822306,23.75320556,23.91846085,3007100
2022-11-04,24.22287795,25.82324056,24.12720358,25.23180199,2499800
2022-11-07,25.3100805,25.54491669,23.92715846,23.9706459,1361500
2022-11-08,23.81408794,24.77082668,23.39660249,24.42292213,2194500
2022-11-09,24.30115579,25.53621816,24.04892396,24.52729416,1454100
2022-11-10,23.83148426,23.97064608,22.83995587,23.33572006,2001900
2022-11-11,23.31832223,25.18831048,23.02260297,24.75342941,2865900
2022-11-14,25.03175743,25.04045525,24.08371647,24.49250412,1891000
2022-11-16,24.49250296,24.70124568,22.6225146,22.91823387,2375000
2022-11-17,22.61381489,22.81385978,21.40484609,22.03977203,2438600
2022-11-18,22.35288982,24.49250409,22.0049836,24.301157,4054300
2022-11-21,24.43162079,24.69254879,24.0054375,24.35334206,2219300
2022-11-22,24.38813413,25.02306017,24.19678537,24.62296867,1730400
2022-11-23,24.61426849,24.64905977,23.50097398,24.53598976,1782800
2022-11-24,24.69254855,25.2144062,24.50989928,25.13612747,816900
2022-11-25,25.11873002,25.77105162,24.00543553,24.10980606,1589600
2022-11-28,24.10980693,24.38813222,23.90106421,24.09241295,786800
2022-11-29,24.11850582,24.77952531,23.33572016,24.69254875,1764300
2022-11-30,24.70124317,25.1274264,24.2576643,24.92738152,1234500
2022-12-01,24.67515495,24.87519986,23.66622925,23.66622925,1389200
2022-12-02,23.69232098,24.98826639,23.57925263,24.15329552,1152300
2022-12-05,23.79669174,24.40552422,23.24874068,23.36181068,805100
2022-12-06,23.57055361,23.70971541,23.12697473,23.44878578,1161900
2022-12-07,23.33571832,23.79669285,22.70949017,23.23134613,1387700
2022-12-08,23.4053014,23.55316104,22.61381791,22.83995628,1625200
2022-12-09,22.81386091,22.81386091,21.67447296,21.77014732,1664800
2022-12-12,21.7701498,22.26591402,21.51791795,22.09196091,2408900
2022-12-13,22.29200547,22.51814385,21.31787269,21.32657051,1979500
2022-12-14,20.85689853,20.96996856,19.78709135,20.24806595,3884500
2022-12-15,20.17848426,20.99605956,20.10020553,20.70034027,3805400
2022-12-16,20.70404403,21.06680707,20.57132614,20.6598053,1651500
2022-12-19,20.66865407,21.20837376,20.50054383,20.95178604,2708000
2022-12-20,20.88985164,22.76560184,20.7217414,22.07546806,3284100
2022-12-21,22.19049031,22.23472905,21.518051,21.70385742,1301000
2022-12-22,21.73039414,21.96928732,21.13758608,21.50034904,1743900
2022-12-23,21.59768098,22.23472791,21.44726691,22.00468445,1218400
2022-12-26,21.71270115,22.33205182,21.36763264,22.06661606,752400
2022-12-27,22.13740051,22.30550904,21.74809324,22.24357414,1525900
2022-12-28,22.37629614,23.38495423,21.95159649,22.93371201,6242600
2022-12-29,23.13721196,23.46458435,22.74790467,23.46458435,4021800
2023-01-02,22.84522866,22.84522866,20.3943652,20.79252052,3196600
2023-01-03,20.8456067,21.22606584,19.93427605,20.08469009,3699400
2023-01-04,20.73058845,20.73943654,19.46534102,20.26165009,3141500
2023-01-05,20.39436794,20.50939136,19.5184278,19.82810402,3670800
2023-01-06,19.82810505,20.24395493,19.57151733,19.95197487,2546400
2023-01-09,19.73077826,19.97851959,19.21760112,19.34147263,3206300
2023-01-10,19.28838367,19.9342804,18.91677253,19.9342804,5554400
2023-01-11,20.00506236,21.11104764,20.00506236,21.10219955,3891400
2023-01-12,21.01371843,21.16413248,20.25280009,20.45630264,2621300
2023-01-13,20.26164994,20.43860826,19.58921069,19.81925583,2097000
2023-01-16,19.61575107,19.87233872,19.314923,19.79270935,1319000
2023-01-17,19.90773345,20.57132457,19.47418746,20.4916935,1617600
2023-01-18,20.78367422,21.09335042,20.35012821,20.99602318,1853800
2023-01-19,20.73943592,20.87215381,20.28819373,20.83676147,2884800
2023-01-20,20.81021891,21.04911213,20.58017377,20.83676147,1268200
2023-01-23,20.84560842,21.15528461,20.45630285,20.4916935,1079200
2023-01-24,20.44745801,21.11989732,20.44745801,21.07565689,1331400
2023-01-25,21.01372077,22.06661925,21.01372077,21.99583626,2655600
2023-01-26,21.97813953,22.56209962,21.62422458,22.16394424,1778400
2023-01-27,21.91620377,22.15509698,21.28800328,21.41187477,1011600
2023-01-30,21.76579,22.0843126,21.30569973,21.66846275,1236600
2023-01-31,21.6773112,22.51786068,21.65076695,22.12855339,2284100
2023-02-01,22.28781357,23.34071023,22.12855143,23.1726017,4275300
2023-02-02,22.96025533,23.55306351,22.62403485,22.81868935,1790900
2023-02-03,22.68596882,23.0133412,22.26127089,22.72136116,2389800
2023-02-06,22.7567545,23.10182308,22.32320843,23.022192,2566800
2023-02-07,23.11951403,23.96891155,22.96025358,23.27877617,3430300
2023-02-08,23.88928053,25.19876661,23.57960433,25.17222404,3775700
2023-02-09,25.18991747,25.55268047,24.70328467,25.06604767,3718300
2023-02-10,24.86254911,25.77387988,24.64135205,25.11913681,2223000
2023-02-13,25.14568145,25.33148617,24.63250435,24.72098351,2279700
2023-02-14,24.59711297,24.67674405,23.50882382,23.54421616,2975200
2023-02-15,23.52651865,24.62365582,23.44688757,24.03969574,4575300
2023-02-16,24.37591425,24.75637344,23.61499754,24.44669724,3315300
2023-02-17,24.37591304,24.72982965,23.48227849,23.66808319,3991500
2023-02-22,23.51766947,23.90697673,23.33186476,23.4999733,3049400
2023-02-23,23.57075573,24.72982942,23.26992763,23.84504128,4976900
2023-02-24,23.88928348,23.89813156,22.85408113,22.96910286,1644900
2023-02-27,23.14606045,24.34937301,22.8540804,24.14587212,2590500
2023-02-28,24.27858736,24.88024357,24.03969415,24.0662384,4103800
2023-03-01,24.11047942,24.95102892,24.11047942,24.33167648,4123200
2023-03-02,24.32282697,25.08374535,24.08393376,24.8006134,2654800
2023-03-03,24.98641958,24.98641958,24.20780667,24.33167648,1784800
2023-03-06,24.34937222,25.2518566,24.15471773,25.13683319,2899300
2023-03-07,25.163378,25.26070356,24.34052467,24.98641968,3045400
2023-03-08,25.08374767,25.64116354,24.76522336,25.49959755,2571900
2023-03-09,25.27839994,25.56153191,24.34937296,24.37591553,2579900
2023-03-10,24.21665246,24.60595803,23.78310478,24.0662384,1722100
2023-03-13,23.79195363,23.79195363,22.46477136,22.66827393,2121300
2023-03-14,22.64172975,23.12836257,22.49131569,22.90716553,2683200
2023-03-15,22.47361975,23.00449301,22.3851406,22.71251297,1830100
2023-03-16,22.81868973,23.27877834,22.43823051,22.43823051,1645500
2023-03-17,22.39398728,22.42937962,21.50919914,21.50919914,2953600
2023-03-20,21.49150686,22.60633854,21.45611452,22.37629509,2387100
2023-03-21,22.38514225,22.79214572,22.11970644,22.26127243,1665200
2023-03-22,22.31435816,22.43822966,21.650767,21.72154999,1503800
2023-03-23,21.73039939,21.89850963,20.62441405,21.00487328,1720500
2023-03-24,20.97832761,21.45611405,20.86330588,21.27915573,1891600
2023-03-27,21.35878512,21.64191705,20.765977,21.08450127,2415100
2023-03-28,21.08450152,22.00468201,20.96947981,21.96044159,1079000
2023-03-29,22.16394476,22.96910193,21.73039873,22.8540802,2454500
2023-03-30,23.16375671,24.27859011,22.92486348,24.17241478,3104600
2023-03-31,23.94236926,24.49093871,23.81849945,23.90697861,1817400
2023-04-03,24.42015308,24.65904629,23.73001772,24.4732399,1511900
2023-04-04,24.76522359,25.2253139,24.52633035,24.87139893,1786400
2023-04-05,24.77407022,25.08374644,24.36706845,24.71213531,1908000
2023-04-06,24.86254732,25.33148396,24.5705673,25.12798309,1316700
2023-04-10,25.39342229,26.35784157,25.18991972,25.73848915,2961000
2023-04-11,26.36668839,26.94180209,25.53498868,25.79157639,3591700
2023-04-12,25.85350905,26.40207845,25.82696649,25.95968437,1779700
2023-04-13,25.95083812,26.41092839,25.73848915,25.73848915,2210100
2023-04-14,25.52614304,25.65886095,25.11029146,25.20761871,2213100
2023-04-17,24.86255084,25.31379306,24.49978778,24.87139893,2336200
2023-04-18,25.03950746,25.04835554,24.08393619,24.45554733,1650100
2023-04-19,24.27859188,24.70328986,23.95121946,24.35822296,1533300
2023-04-20,24.44669818,24.70328757,24.12817556,24.54402542,952900
2023-04-24,24.29628348,25.54383641,24.22550049,25.31379128,2938700
2023-04-25,25.25185658,26.57903891,25.16337742,25.99507713,4180400
2023-04-26,25.88005309,26.49940546,25.66770413,26.13664246,1999900
2023-04-27,25.90660015,27.41073914,25.90660015,26.89756203,3035500
2023-04-28,26.96834344,28.39285295,26.6763634,27.78234863,4585600
2023-05-02,27.78234938,27.95045961,26.86217052,27.0037365,3429900
2023-05-03,26.86216916,27.52576028,26.67636277,26.85332108,3016200
2023-05-04,26.86217141,27.86198137,26.72060542,27.33110809,2971200
2023-05-05,27.47267357,28.81755207,27.47267357,28.56096268,2633600
2023-05-08,28.59635697,30.25091011,28.53442206,29.84390831,3707200
2023-05-09,29.58731601,29.77312409,28.9591172,29.48999214,2851000
2023-05-10,29.48999129,29.90583944,29.30418321,29.41920662,1689400
2023-05-11,29.14492344,30.45440963,29.10953448,30.32169342,1984000
2023-05-12,29.96777687,30.91450002,29.60501382,30.34823608,2036800
2023-05-15,30.52519799,30.52519799,29.09184182,30.10934639,3245700
2023-05-16,30.11819322,30.50749884,29.69349526,29.98547363,1984200
2023-05-17,30.10049348,30.96758547,29.84390411,30.84371567,2657900
2023-05-18,30.69330112,31.40998077,30.40132278,31.40998077,2814200
2023-05-19,31.53384696,32.34785376,31.40113077,31.65771675,2144900
2023-05-22,31.64001806,32.44517502,31.40997466,31.76389122,2053500
2023-05-23,32.02933515,32.62214165,31.68426827,31.86122322,1266600
2023-05-24,31.69311279,32.26822646,31.28611103,31.82583237,1552600
2023-05-25,32.4451857,32.79025598,31.98509875,32.31246948,2223800
2023-05-26,32.64869029,32.64869029,31.59579003,31.94085693,1791600
2023-05-29,32.00278636,32.13550594,31.51615355,31.53384972,1028500
2023-05-30,31.97624852,32.18859919,31.06491765,31.60463905,1557600
2023-05-31,31.45421704,32.4894209,31.43652087,32.00278473,1727400
2023-06-01,32.07357105,32.75485834,31.77274293,32.6044426,1802400
2023-06-02,33.00259948,33.55116723,32.80794837,33.1795578,1407900
2023-06-05,33.09107465,34.14397122,33.02913976,33.79890442,1263400
2023-06-06,34.07319085,34.10858319,32.70176987,33.44499207,2131000
2023-06-07,33.57771025,34.00240815,33.24148981,33.70158005,1552300
2023-06-09,33.86968932,34.06434379,33.50692631,33.78121185,1610000
2023-06-12,33.81660489,33.81660489,32.71061968,33.02029419,1809100
2023-06-13,33.17956162,33.46269361,32.11781497,32.31246948,2038700
2023-06-14,32.44518467,33.04684097,31.88777048,32.18859863,3490800
2023-06-15,32.21513703,32.90527072,31.95854765,32.56905365,1369200
2023-06-16,32.52481587,33.07338703,31.99394424,32.63099289,4562200
2023-06-19,32.43634323,33.356524,32.22399253,33.19726181,1034800
2023-06-20,33.44499496,33.81660778,32.68407653,33.31227875,2227200
2023-06-21,33.34766508,33.61310423,32.39209561,33.03799057,1872400
2023-06-22,32.86988527,32.95836275,32.09127066,32.10896683,3338100
2023-06-23,32.26797163,32.84130539,31.55130443,32.29484558,2335900
2023-06-26,32.30380466,32.76963917,32.16942807,32.2410965,983700
2023-06-27,32.33963281,32.59046886,31.10338332,31.44379807,1249000
2023-06-28,31.21088738,31.58713639,30.9421376,31.19297028,2022200
2023-06-29,31.39005068,31.7752599,31.09442357,31.31838226,1558400
2023-06-30,31.30942335,31.54233886,30.55692206,30.59275627,2791900
2023-07-03,30.34191936,30.7898367,29.88504518,30.0642128,2517100
2023-07-04,29.6342169,30.12692536,29.42817189,29.80442429,1264200
2023-07-05,29.42816877,30.51213136,29.42816877,30.26129532,2224700
2023-07-06,30.35983958,30.58379827,29.74171482,29.97463036,1791800
2023-07-07,30.05525799,31.33630207,30.01046693,30.98692703,1334500
2023-07-10,30.88837975,31.02275633,30.58379582,30.66442108,740400
2023-07-11,30.46734073,30.60171732,29.89400699,30.40463257,915000
2023-07-12,30.51213321,31.08546691,30.01046451,30.10900688,1022100
2023-07-13,30.08213371,30.62859006,29.72379843,29.92088318,1229100
2023-07-14,29.85817427,30.10900691,29.36546241,29.54463005,730600
2023-07-17,29.41921244,29.85817296,29.10567165,29.71483612,1285200
2023-07-18,29.87608816,29.98359079,29.16838129,29.61629868,796600
2023-07-19,29.63421821,30.15380064,29.40129924,29.77755165,1325800
2023-07-20,29.69692213,29.93879449,28.87275241,29.34754372,2421900
2023-07-21,29.44608906,30.07317411,29.29379879,29.8133812,962800
2023-07-24,29.80442183,30.30609051,29.73275341,30.20754814,1103200
2023-07-25,30.61066938,30.66442069,29.83129416,29.86712837,1314100
2023-07-26,29.84025876,29.90296692,29.44608926,29.74171638,737000
2023-07-27,30.04629878,30.04629878,28.91754507,29.12358665,697600
2023-07-28,29.45504719,30.10004587,29.04296061,29.87608719,1749500
2023-07-31,30.11829992,30.99927312,30.0907706,30.71479416,2067400
2023-08-01,30.71479135,30.76067471,30.10912189,30.30183411,1265600
2023-08-02,30.08159089,30.21924448,29.44839208,29.83381653,1683500
2023-08-03,29.91640811,30.2559527,29.55851298,29.87970352,1137800
2023-08-04,29.76958016,30.80656101,29.76958016,30.31101227,1210600
2023-08-07,30.36607171,30.65972942,30.03570591,30.47619247,957400
2023-08-08,29.89805583,30.57713797,29.87052301,30.47619247,986800
2023-08-09,30.29265341,31.46728767,30.09076594,31.4581089,1533700
2023-08-10,31.56823601,32.2381429,31.35716625,31.66917801,1915200
2023-08-11,31.70588396,32.16472455,31.22868933,31.80682945,1173900
2023-08-14,31.80683271,31.93530753,31.41222948,31.50399971,1115000
2023-08-15,31.47646739,32.63274777,31.47646739,32.22896576,2276900
2023-08-16,32.56851009,32.85298905,31.11857199,31.25622559,1888300
2023-08-17,31.25622549,31.35716749,29.35662378,29.5676918,3372200
2023-08-18,29.18226165,29.6227482,28.98037241,29.45756531,1480700
2023-08-21,29.46674478,30.14582693,29.3290912,29.80628586,1388600
2023-08-22,30.09994606,30.10912484,29.36580172,29.66863823,1641500
2023-08-23,29.66863803,32.12802069,29.45756825,31.93530846,4826400
2023-08-24,31.93530669,32.56850899,31.61411965,32.20143509,2097800
2023-08-25,33.09159043,33.87161817,32.49509616,33.49536896,2820000
2023-08-28,33.83490729,34.1010357,33.15582512,33.97256088,1347200
2023-08-29,34.06432544,34.70670299,33.77066774,34.53234482,1722600
2023-08-30,34.8718857,35.12883532,34.44975319,34.578228,2767700
2023-08-31,34.66082335,34.7801229,32.95393556,33.15582657,2873200
2023-09-01,33.48619094,34.37633938,33.48619094,34.19280243,1558100
2023-09-04,34.19280293,35.21142971,34.05515284,34.58740616,1340300
2023-09-05,34.87188772,35.82627706,34.57822999,35.26649094,3403000
2023-09-06,35.47755627,35.95475093,35.14719047,35.27566528,1849700
2023-09-08,35.39496385,35.74368369,35.28484308,35.3766098,1174900
2023-09-11,35.45920162,35.78956741,35.05542314,35.28484344,2420500
2023-09-12,35.16554649,36.14746518,35.03707167,35.96392822,1559800
2023-09-13,36.00063379,36.56041989,35.67944676,35.8629837,2209200
2023-09-14,35.9455762,36.66137002,35.65191846,36.1199379,1555100
2023-09-15,36.07404947,37.20279694,36.05569543,37.20279694,2424900
2023-09-18,37.18444309,37.79928782,36.89996065,37.3771553,1509100
2023-09-19,37.41386684,37.44139616,36.32182736,37.24868393,2458000
2023-09-20,37.3588037,37.8635277,36.29429356,36.45947647,2106200
2023-09-21,36.20252366,36.25758229,35.11048081,35.38578796,2438300
2023-09-22,35.78956954,36.00981458,34.86271299,35.34908295,1480400
2023-09-25,35.06460122,35.68862478,34.99118854,35.60603333,869800
2023-09-26,35.59685918,35.71615523,34.82600673,34.88106537,1192600
2023-09-27,34.89024089,35.2848441,34.4222215,34.96365356,1699900
2023-09-28,35.09213271,35.77121488,34.89024171,35.57850266,1883200
2023-09-29,35.97310147,36.61547897,35.68861905,36.0281601,2012600
2023-10-02,36.04651296,36.34017063,35.06459445,35.64273453,1373000
2023-10-03,35.2573148,36.43194928,35.22061021,35.41332245,1640100
2023-10-04,35.62438464,35.62438464,34.12856327,34.56904984,1873600
2023-10-05,34.63328786,34.66999245,33.02734587,33.93584824,1994500
2023-10-06,33.66972871,34.52317267,33.39442499,34.05515671,1461900
2023-10-09,34.05515411,34.706707,33.73396355,34.706707,907800
2023-10-10,34.78929476,35.9639256,34.78011949,35.50508499,1421200
2023-10-11,35.50508578,35.80792226,34.95447843,35.2297821,1272500
2023-10-13,35.37661251,35.5142661,34.91777187,35.2114296,1730600
2023-10-16,35.42249447,36.11993417,35.2114282,35.49591064,1058800
2023-10-17,35.3123736,35.44084841,34.74341221,34.91777039,956300
2023-10-18,34.89942144,35.23896607,34.03680222,34.23869324,1642200
2023-10-19,34.25704236,34.77094161,33.99091396,34.29374695,987000
2023-10-20,33.95420456,34.55987401,33.73395953,33.95420456,926900
2023-10-23,33.93585274,34.51399292,33.93585274,34.2845726,919200
2023-10-24,34.881062,34.89024077,33.56878106,34.16527176,1387200
2023-10-25,34.16527156,34.3855166,33.55042682,33.99091339,1054500
2023-10-26,34.09185926,34.67917469,34.00008904,34.11938858,1231200
2023-10-27,34.40387072,34.53234553,32.99064079,33.36688995,1007900
2023-10-30,33.60548585,33.67890203,32.32073422,32.60521317,1471000
2023-10-31,32.90805233,32.90805233,32.07296248,32.53180313,1076300
2023-11-01,32.80710682,32.96311097,32.40332831,32.53180313,1117200
2023-11-03,33.49536424,33.78902194,32.30237936,32.97228622,1800400
2023-11-06,33.26594548,33.36689098,32.69698408,32.95393372,942000
2023-11-07,32.98146014,33.34853401,32.63274381,32.94475555,1609000
2023-11-08,33.22005867,33.32100415,32.14636989,32.23814011,2584700
2023-11-09,32.47674361,32.59604317,31.28375851,31.52235413,2082000
2023-11-10,31.66918049,31.79765882,30.53125763,30.53125763,2639300
2023-11-13,30.53125615,30.97174274,30.27430651,30.45783997,2049000
2023-11-14,30.4670189,32.06378235,30.4670189,31.83436203,3122100
2023-11-16,31.96283907,32.32073419,30.78820471,31.18280792,2702900
2023-11-17,31.40305537,32.11884567,31.39387659,31.68753433,1530300
2023-11-20,32.11884843,32.20143989,31.48564953,31.52235413,1074400
2023-11-21,31.54988508,31.54988508,30.52207947,30.52207947,1479700
2023-11-22,30.51290464,31.23787374,30.22842216,30.22842216,1177000
2023-11-23,30.42113612,30.72396912,30.08159152,30.38442802,664500
2023-11-24,30.38443064,30.4670221,29.95311928,29.95311928,1000900
2023-11-27,30.28348321,30.28348321,29.62275154,29.8429966,843300
2023-11-28,29.91640988,30.86162402,29.9072346,30.50372887,1655300
2023-11-29,30.74232439,31.86189672,30.50372878,31.03598213,2718000
2023-11-30,31.03597801,31.46728929,30.22841757,30.39360046,2680500
2023-12-01,30.56796424,30.92585937,30.37524851,30.45783997,1629500
2023-12-04,30.41195809,30.8524447,29.65028442,29.75122643,1249800
2023-12-05,29.77875745,29.87970295,28.74177665,28.75095367,2954200
2023-12-06,28.92531439,29.0904973,27.42949292,27.47537804,3264100
2023-12-07,27.54879277,27.71397569,26.06214831,26.91559219,4393700
2023-12-08,25.91531917,26.79629411,25.81437367,26.4292202,4422800
2023-12-11,26.4016915,26.60358075,26.06214865,26.19980049,1785200
2023-12-12,26.29156817,26.4016907,25.66754463,26.3649826,1836700
2023-12-13,26.52098742,27.31019385,26.31909818,27.08995056,1733600
2023-12-14,27.31937083,27.97092367,27.29183977,27.51208305,2374800
2023-12-15,27.42949194,27.52126042,26.26403809,26.26403809,3262000
2023-12-18,26.30074452,27.34690059,26.30074452,27.06241989,2457500
2023-12-19,27.11748187,27.73232842,27.11748187,27.62220764,1491600
2023-12-20,27.71397446,27.91586371,26.93394505,27.10830498,1637200
2023-12-21,27.26430878,27.26430878,26.51181044,26.77793884,2722700
2023-12-22,26.89723454,27.06241743,26.456748,26.82382011,1109800
2023-12-26,26.94312212,26.95229914,26.65863967,26.79629326,924200
2023-12-27,26.98900397,27.08077244,26.5393404,26.61275482,1026600
2023-12-28,26.61275707,27.05324367,26.53934264,26.89723778,1102300
2024-01-02,26.8972383,26.97982976,25.93367364,26.1355629,2062700
2024-01-03,26.16309144,27.07159562,26.00708556,26.41086578,1335800
2024-01-04,26.43839655,26.82382275,25.72260629,25.81437302,1462500
2024-01-05,25.71342904,26.38333593,25.67672095,26.06214714,1711700
2024-01-08,25.99790865,26.01626269,25.57577613,25.5849514,2907400
2024-01-09,25.51154016,25.51154016,24.79574985,24.85998726,4332200
2024-01-10,24.86916127,25.08940455,24.50208913,24.53879547,1455600
2024-01-11,24.52962017,24.75904049,24.27267053,24.47455978,1071000
2024-01-12,24.5846817,25.14446608,24.20843077,24.70397949,2214400
2024-01-15,24.53879505,24.97010458,24.42867428,24.87833786,671300
2024-01-16,24.73151021,24.78657059,24.15337004,24.41949844,1723900
2024-01-17,24.32773132,24.78657196,24.2818462,24.33690834,1190400
2024-01-18,24.4653814,24.9609301,24.37361293,24.82327652,1099700
2024-01-19,24.85080893,26.01626457,24.43785166,25.78684425,1926700
2024-01-22,25.70425261,25.961204,25.48400932,25.83272743,2127500
2024-01-23,25.92449617,26.6402882,25.92449617,26.47510529,1899200
2024-01-24,26.5301661,27.05324416,25.99791102,26.29156876,2958700
2024-01-25,26.28239265,26.60358147,26.13556378,26.39251518,1546300
2024-01-26,26.54851747,26.58522381,25.81437146,25.87861061,2595600
2024-01-29,25.74095906,26.71370247,25.69507569,26.25486183,2279400
2024-01-30,26.26403891,26.41086777,25.8786127,25.94285011,1377100
2024-01-31,26.07132552,26.32827691,25.73178442,25.86943626,1761800
2024-02-01,25.87861222,26.02544108,25.30047205,25.39224052,1623100
2024-02-02,25.40141957,25.48401103,24.74068789,24.92422485,1264600
2024-02-05,24.93340169,25.26376753,24.55715249,24.85998726,2771800
2024-02-06,24.85998634,25.8051987,24.79574893,25.64919281,2073800
2024-02-07,25.78684213,26.53016341,25.63083625,26.03461647,2251900
2024-02-08,26.03461915,26.03461915,25.11693785,25.13529015,1849400
2024-02-09,24.86916342,26.01626504,23.91477403,24.44702911,7442600
2024-02-14,24.37361515,24.50209173,23.68535417,23.88724518,5119500
2024-02-15,23.90559803,24.65809819,23.80465427,23.96983719,5646200
2024-02-16,23.98819148,24.18090548,23.59358819,23.76794815,2557400
2024-02-19,23.72206118,23.82300493,23.33663498,23.67617607,1513800
2024-02-20,23.56605465,24.10748672,23.46510915,24.10748672,1736000
2024-02-21,23.99736543,24.9058697,23.99736543,24.75904083,2295100
2024-02-22,24.85081009,24.96093262,24.42867752,24.6397438,1839900
2024-02-23,24.84163307,24.88751818,24.50209196,24.6397438,1456800
2024-02-26,24.68562388,25.64001317,24.5663261,25.03434372,1703200
2024-02-27,25.55742281,26.19979862,25.55742281,25.77766609,2007800
2024-02-28,26.19062233,26.43839492,25.97955432,26.19062233,2235200
2024-02-29,26.02544292,26.18144882,25.66754602,25.97038078,1335200
2024-03-01,25.86943569,25.98873349,24.7865715,24.7865715,4669000
2024-03-04,24.74068413,25.03434358,24.36443498,24.61220932,1797100
2024-03-05,24.6856272,24.81410378,24.4103235,24.59385872,1336800
2024-03-06,24.6856272,24.89669348,24.38279243,24.59385872,1237000
2024-03-07,24.60303706,25.10776286,24.5020933,24.66727448,926600
2024-03-08,24.36443674,25.6675442,24.3277304,25.39224052,1912200
2024-03-11,25.30965064,25.84190574,25.0159929,25.10776138,1145900
2024-03-12,25.20870173,25.31882425,24.64891739,24.76821518,1625400
2024-03-13,24.71315734,24.74986368,24.14419418,24.27267075,1561900
2024-03-14,24.25431612,25.5023632,24.25431612,25.5023632,1717300
2024-03-15,25.4656561,25.6858994,25.03434652,25.40141869,1354400
2024-03-18,25.41059443,25.43812375,24.92422274,25.12611198,593800
2024-03-19,25.2821185,26.08967901,24.97928375,25.89696503,1437300
2024-03-20,25.89696708,26.00708961,25.03434787,26.00708961,1261400
2024-03-21,26.00708632,26.5118103,25.50236235,26.5118103,1836300
2024-03-22,26.48428143,26.51181074,25.69507499,26.06214714,2087600
2024-03-25,26.2456839,26.2456839,25.69507481,25.99790955,906800
2024-03-26,26.29156861,27.39278685,26.06214828,27.07159805,4470400
2024-03-27,27.39278775,27.97092621,27.23678185,27.43867111,2489300
2024-03-28,27.49373035,28.57659454,26.97982932,28.47565079,2233500
2024-04-01,28.44811632,28.67753661,27.75985544,27.86997795,1224300
2024-04-02,27.70479848,27.85162735,27.02571454,27.85162735,1320800
2024-04-03,27.79656803,28.50318132,27.57632297,28.17281723,1559100
2024-04-04,28.07186906,28.9895503,27.96174655,28.29211235,2541500
2024-04-05,28.15446213,28.31964504,27.36525567,27.69562149,1599900
2024-04-08,27.79656537,28.68671554,27.74150324,28.44811821,2471100
2024-04-09,28.53071257,29.31991907,28.42976706,29.08132172,2693300
2024-04-10,28.90695996,28.91613698,28.27375939,28.723423,1809700
2024-04-11,28.80601318,29.4300367,27.99845447,28.18198967,5768100
2024-04-12,28.08104428,28.0902213,26.37415674,26.62193108,2878000
2024-04-15,26.62193465,26.860532,25.47483303,25.86943626,1999400
2024-04-16,25.65836727,26.46592776,25.59412986,26.08050156,3153700
2024-04-17,26.07132418,26.3007445,25.71342906,25.79602051,1977400
2024-04-18,25.7134291,25.86943498,25.20870336,25.48400879,2182000
2024-04-19,25.44730125,25.87861257,25.28211835,25.67672157,2537300
2024-04-22,25.70425329,26.43839763,25.49318701,26.18144798,2029200
2024-04-23,25.86025942,25.9703802,25.62166208,25.93367386,1360900
2024-04-24,25.93367233,26.08050119,25.63083758,26.06214714,1036300
2024-04-25,25.92449386,25.93367088,25.06187304,25.14446449,2243800
2024-04-26,25.34635712,25.93367256,25.1995265,25.81437302,2623900
2024-04-29,25.81437364,26.54851972,25.4931866,26.47510529,1674800
2024-04-30,26.45675071,26.47510475,25.81437313,26.23650742,1237700
2024-05-02,26.38333671,26.74123184,25.96120416,26.05297089,1547000
2024-05-03,26.21815337,26.50263407,26.06214749,26.23650742,1242500
2024-05-06,26.60357997,26.60357997,25.5849532,26.20897675,1359000
2024-05-07,26.20897567,27.25513347,26.10803192,27.20007133,2773000
2024-05-08,27.02571512,27.3377269,26.60358081,26.88806152,1114600
2024-05-09,26.33745227,27.2092484,26.33745227,26.77793884,1333700
2024-05-10,26.6127574,26.7320552,25.69507611,25.96120453,2006700
2024-05-13,25.68589897,26.31909954,25.60330751,25.69507599,950300
2024-05-14,25.74095845,25.88778731,25.35553225,25.4381237,1046200
2024-05-15,25.42894788,25.66754523,25.13529015,25.13529015,1407900
2024-05-16,25.44730174,25.5298932,24.69480336,24.96093178,1459700
2024-05-17,24.98846113,25.13528999,24.67644935,24.80492592,948600
2024-05-20,24.80492396,25.32800197,24.70397846,25.27294159,880400
2024-05-21,25.30047318,25.76849085,25.12611324,25.51153946,1162000
2024-05-22,25.51153742,25.51153742,24.91504497,24.97928238,1141800
2024-05-23,24.97010742,25.13529033,24.76821816,25.08940697,991900
2024-05-24,25.22705636,25.22705636,24.69480133,24.69480133,677100
2024-05-27,24.68562469,25.04352155,24.41949804,24.82327652,566300
2024-05-28,25.08023068,25.40141949,24.87834141,25.23623657,1192900
2024-05-29,25.23623549,25.26376656,24.56632857,24.91504669,1653400
2024-05-31,25.08023038,25.08023038,24.66727308,24.90587044,1846900
2024-06-03,25.09858191,25.19952566,24.39196695,24.86916161,2844000
2024-06-04,24.87834122,24.94257864,24.21760955,24.43785286,1557500
2024-06-05,24.33690734,25.30047196,24.24513886,24.70397949,3694000
2024-06-06,24.73151329,25.56660319,24.70398222,25.22706032,2100300
2024-06-07,24.87833962,25.9244957,24.87833962,25.9244957,1682900
2024-06-10,25.97037865,27.53043747,25.64001459,27.53043747,2450200
2024-06-11,27.40196252,28.46647263,26.75040793,28.46647263,2615000
2024-06-12,28.44812086,28.48482895,27.53961656,28.48482895,2343700
2024-06-13,28.28293494,28.75095257,27.98927723,28.42976379,2693300
2024-06-14,28.27376157,28.76013331,27.47537978,28.20952415,2825700
2024-06-17,28.06269351,28.58577156,27.9984561,28.58577156,1849000
2024-06-18,28.63165478,29.55851127,28.31964302,28.31964302,2300800
2024-06-19,28.41140948,29.26485328,28.12692879,29.1455555,1407200
2024-06-20,29.28320888,30.42113518,29.10884895,30.17336082,2580400
2024-06-21,30.23451212,30.47638665,29.87169854,30.11357307,1398900
2024-06-24,30.28102329,31.13689432,30.23450937,30.83920097,1559600
2024-06-25,30.83920217,30.95083629,30.29963074,30.65314293,1447900
2024-06-26,30.65314557,31.41598531,30.36475355,30.94153404,2456000
2024-06-27,31.02525882,31.11829022,30.28102541,30.6252327,2201800
2024-06-28,30.34614594,30.72756579,30.15078533,30.4484787,980400
2024-07-01,30.07636412,32.00206969,29.96472644,31.68577003,2578800
2024-07-02,31.30434785,31.52761609,29.59260752,30.16938972,4938200
2024-07-03,29.95542396,30.78338385,29.95542396,30.43917656,1747500
2024-07-04,30.39265859,31.20201574,30.12287643,30.37405586,1287800
2024-07-05,30.51359772,30.88571619,30.25311692,30.35544968,944200
2024-07-08,30.28102316,30.9136224,29.79727058,30.69965553,2444800
2024-07-09,30.65314304,30.78338344,30.1135716,30.35544968,1034100
2024-07-10,30.44847901,30.57871941,30.05775778,30.11357307,983900
2024-07-11,30.38335845,30.38335845,29.89030447,29.90891075,520500
2024-07-12,29.88099841,30.29963081,29.67633467,30.19729805,1778200
2024-07-15,30.32753809,31.09037776,29.88099806,30.98804855,1937400
2024-07-16,31.06247225,31.21131894,30.16008721,30.23451233,1332000
2024-07-17,30.54150806,30.57871707,29.98333036,30.02984428,1030400
2024-07-18,29.79727366,30.16939215,29.69494267,29.95542526,1923800
2024-07-19,29.95542374,30.41126515,29.2204917,29.60191154,1698300
2024-07-22,29.38794437,29.64842694,29.17397749,29.22049141,888900
2024-07-23,29.02513194,29.24840197,28.33671381,28.63440895,1702500
2024-07-24,28.40183498,28.46695518,27.70411549,27.89017296,1313700
2024-07-25,27.89017235,28.46695456,27.66690234,28.26228905,1360600
2024-07-26,28.30880415,28.55998358,28.1413512,28.35531807,634600
2024-07-29,28.60130776,28.61074866,27.81757923,28.07252693,999600
2024-07-30,28.01587124,28.32747337,26.2501246,26.83555984,3565900
2024-07-31,26.63726822,27.77036794,26.6183846,27.43988037,1562000
2024-08-01,28.09141225,28.42189981,27.57207593,27.59095955,1964800
2024-08-02,27.66650005,27.90256234,26.74113629,26.86388969,1627100
2024-08-05,25.67413569,26.57117133,25.67413569,26.25956917,1230500
2024-08-06,26.3162247,26.42009088,25.90075457,26.02350616,968000
2024-08-07,26.08960382,26.45786222,25.87242694,26.12737465,1122200
2024-08-08,26.42009177,27.47765165,26.23124301,27.22270393,1623300
2024-08-09,27.22270296,28.09141225,27.11883497,27.59095955,1385500
2024-08-12,28.04420048,28.37468624,27.30768549,27.43043709,752100
2024-08-13,27.47765126,28.09141286,26.56172841,27.76092529,1655100
2024-08-14,27.42099523,28.52576496,27.42099523,28.21416283,1422100
2024-08-15,28.4596677,28.4596677,27.6664983,28.14806557,1198100
2024-08-16,28.28026173,28.43134144,27.43987879,27.57207489,945800
2024-08-19,27.90256263,27.90256263,27.30768643,27.89312172,877800
2024-08-20,27.94977501,28.02531487,27.4304369,27.87423515,1152200
2024-08-21,27.95921801,28.22360662,27.79869558,27.91200447,1086000
2024-08-22,28.02531546,28.02531546,27.05273818,27.46820831,929100
2024-08-23,27.55319027,27.81757887,27.23214541,27.71371269,1032200
2024-08-26,27.66649908,29.33782049,27.5626329,28.70517349,2283400
2024-08-27,28.82792637,28.82792637,27.43987901,27.70426941,2755100
2024-08-28,27.57207681,27.73259924,26.38232263,26.58061409,2083700
2024-08-29,26.58061279,26.70336619,26.01406295,26.3351078,2218100
2024-08-30,26.20291346,26.83556046,25.9951793,26.17458534,1670400
2024-09-02,25.86298417,25.99518028,25.36253327,25.80632973,1384700
2024-09-03,25.66469215,26.17458575,25.38141632,25.38141632,1202300
2024-09-04,25.47584055,25.77799997,25.36253166,25.36253166,791900
2024-09-05,25.49472864,26.01406498,25.26810905,25.34364891,1589300
2024-09-06,25.34364868,25.4852857,24.89040949,25.05093193,1187300
2024-09-09,25.25866474,25.25866474,24.41828357,24.48438072,1580600
2024-09-10,24.41828335,24.58824849,24.18222107,24.3521862,1546100
2024-09-11,24.53159224,24.53159224,24.2199901,24.3521862,700200
2024-09-12,24.35218592,24.44660939,23.99337024,24.38051224,939600
2024-09-13,24.65434582,25.06981415,24.47493797,24.73932838,1729000
2024-09-16,24.6921131,25.09814049,24.58824693,24.9659462,960400
2024-09-17,23.98392694,24.85263619,23.18131484,24.62601662,4454600
2024-09-18,24.61657351,25.7024596,24.38995394,25.25866318,3594900
2024-09-19,26.39176535,26.66559668,25.46639978,25.52305603,2736000
2024-09-20,25.53249751,25.85354056,25.20200996,25.59859467,2251700
2024-09-23,25.59859365,25.87242495,25.11702639,25.3908577,1112100
2024-09-24,25.46640017,25.96685289,25.46640017,25.62692261,1409000
2024-09-25,25.56082337,26.04239064,25.42862907,25.65524864,1631000
2024-09-26,25.69301774,25.88186828,24.96594728,25.14535332,1088300
2024-09-27,25.11702736,25.39085867,24.89040778,25.02260208,769700
2024-09-30,24.73932885,24.97539114,24.63546087,24.74876976,985600
2024-10-01,24.88096417,25.52305385,24.81486702,24.81486702,898900
2024-10-02,24.81486665,25.92907906,24.81486665,25.92907906,1106100
2024-10-03,25.28699336,26.06127739,25.05093107,26.06127739,1548800
2024-10-04,25.84410065,26.38232239,25.72134725,26.28789711,1137000
2024-10-07,26.34455033,26.75057774,25.96685104,26.36343575,974700
2024-10-08,26.44841952,26.80723342,26.4200914,26.70336723,1094700
2024-10-09,26.6467089,26.6467089,25.4286285,25.64580536,1455400
2024-10-10,25.55138285,25.64580813,24.96594936,25.05093193,1907500
2024-10-11,25.18312382,25.18312382,24.6354594,24.94706154,1114300
2024-10-14,24.80542482,25.48528354,24.80542482,24.98483086,859400
2024-10-15,24.98483207,25.34364776,24.80542602,25.32476234,1213300
2024-10-16,25.30587628,25.55138128,24.99427414,24.99427414,1232600
2024-10-17,25.02260116,25.06981289,24.3993969,24.3993969,1373000
2024-10-18,24.40884007,24.80542477,24.28608668,24.34274292,881600
2024-10-21,24.5127065,24.91873392,24.3805122,24.6354599,851600
2024-10-22,24.3710706,24.83375248,24.26720442,24.49382401,1072700
2024-10-23,24.36162776,24.60713276,23.90838859,24.26720428,1020500
2024-10-24,24.27664415,24.54103455,24.0877954,24.31441498,941500
2024-10-25,24.33330006,24.58824776,24.03114064,24.1161232,612600
2024-10-28,24.05946692,24.41828259,23.95560074,23.95560074,659000
2024-10-29,24.00281352,24.17277866,23.68176866,23.9744854,1238900
2024-10-30,23.97448578,24.65434633,23.96504307,24.42772675,912000
2024-10-31,24.42772625,24.60713229,23.90838814,23.90838814,978200
2024-11-01,24.7676546,25.73078915,24.21999016,25.1547966,3667000
2024-11-04,25.28699426,25.55138288,24.99427571,25.21145439,1710800
2024-11-05,25.23033681,25.49472723,24.73932862,25.44751549,1627500
2024-11-06,24.82431084,25.664692,24.71100015,25.57026672,900400
2024-11-07,25.66469259,25.66469259,24.10668182,24.10668182,1364200
2024-11-08,24.01225518,24.0311406,23.60622778,23.95560074,1256100
2024-11-11,24.50326552,24.50326552,23.68176799,23.89894485,1079600
2024-11-12,23.75730869,23.75730869,22.42591752,22.8885994,4361700
2024-11-13,22.89804188,23.60622874,22.89804188,23.171875,1889300
2024-11-14,23.17187382,23.74786455,22.94525245,23.4079361,1044400
2024-11-18,23.60622896,23.78563681,23.18131612,23.30406952,854400
2024-11-19,23.43626328,24.38995512,23.41737787,23.87061882,1785400
2024-11-21,23.6062289,23.77619403,22.93581286,22.9830246,956300
2024-11-22,23.13410423,23.9744854,23.13410423,23.9744854,1486200
2024-11-25,24.07835313,24.35218624,23.58734314,23.68176842,1222200
2024-11-26,23.7289788,24.35218485,23.60622721,23.94615746,1030100
2024-11-27,24.00281451,24.00281451,23.28518491,23.60622978,906100
2024-11-28,23.60622834,23.79507889,23.2946262,23.5495739,1033800
2024-11-29,23.55901763,24.17277924,23.20020194,23.98392868,1146500
2024-12-02,24.07835276,24.22943248,23.64399903,23.80451965,1142100
2024-12-03,23.81396348,24.24831904,23.28518445,23.66288376,1360400
2024-12-04,23.71953885,24.36162675,23.54013102,24.05946732,1035900
2024-12-05,24.07835191,24.49382201,24.07835191,24.17277718,1068800
2024-12-06,24.17277921,24.38995608,23.33239622,23.82340622,1516500
2024-12-09,24.21054758,24.21054758,23.61567141,23.90838814,769000
2024-12-10,24.17277876,24.60713251,23.63455703,24.04058266,1757000
2024-12-11,24.11612493,25.36253356,23.93671708,24.78654099,1845100
2024-12-12,24.77709724,24.77709724,23.48347693,23.52124596,1030100
2024-12-13,23.67671036,24.03253316,23.37858638,23.74402809,1494000
2024-12-16,23.91713043,24.50375761,23.74402666,23.87866211,796000
2024-12-17,24.00368242,24.60954565,23.80172923,24.26333809,1132700
2024-12-18,23.88827986,24.24410265,23.49398876,23.77287674,1968500
2024-12-19,23.93636247,24.13831748,23.3785847,23.5805397,974700
2024-12-20,23.38820416,24.17678642,23.36897,24.17678642,2005900
2024-12-23,24.45567595,24.45567595,23.18625069,23.18625069,1243000
2024-12-26,23.09969824,23.65747605,22.79195901,22.89774323,1895100
2024-12-27,23.06122943,23.31126801,22.5996206,22.68617249,1392300
2024-12-30,22.85927645,22.85927645,22.15724612,22.36881638,1456400
2025-01-02,22.36881658,22.48421787,22.09954384,22.12839508,903000
2025-01-03,22.21494737,23.27280235,22.21494737,23.27280235,2568200
2025-01-06,23.46513791,23.50360623,22.73425634,23.21509933,1232100
2025-01-07,23.27280218,23.89789772,23.00352944,23.89789772,1519400
2025-01-08,23.89789797,24.11908531,23.06123032,24.11908531,2187800
2025-01-09,24.14793551,24.21525323,23.42667102,23.69594193,1094500
2025-01-10,23.79211014,24.11908351,23.14778048,23.34011841,1120500
2025-01-13,23.27280282,23.61900854,23.16701676,23.33050346,798900
2025-01-14,23.25356766,23.44590376,23.02276324,23.29203415,812500
2025-01-15,23.45552099,24.0613842,23.30165138,24.0613842,1069400
2025-01-16,24.07100149,24.07100149,22.11877823,22.11877823,2644700
2025-01-17,22.25341391,22.29188223,21.81103922,22.10916138,1816900
2025-01-20,22.16686113,22.734256,21.7821871,22.30149841,730800
2025-01-21,22.1283953,22.40728329,21.99375985,22.04184341,627400
2025-01-22,22.15724747,22.31111709,21.94567536,22.08031082,741100
2025-01-23,22.022609,22.22456402,21.71486978,21.82065582,943200
2025-01-24,21.69563562,22.06107732,21.24364386,21.82065582,1816200
2025-01-27,21.8302723,22.60923742,21.72448626,22.46498489,1245800
2025-01-28,22.64770432,22.64770432,21.91682458,21.9841423,607200
2025-01-29,21.98414366,22.27264874,21.61870193,21.61870193,758200
2025-01-30,21.6187011,22.5034523,21.6187011,22.5034523,1604700
2025-01-31,22.503452,22.64770453,21.57061724,21.82065582,1603800
2025-02-03,21.7437212,21.77257061,21.2147928,21.34943008,1414600
2025-02-04,21.34942994,21.34942994,20.58969712,20.65701485,1753800
2025-02-05,20.82050137,21.4936823,20.57046279,21.2051754,1568400
2025-02-06,21.35904584,22.06107803,21.30134519,22.02260971,1116200
2025-02-07,22.11877692,22.21494589,21.31096058,21.55138206,945000
2025-02-10,21.57061742,22.4938351,21.23402695,21.27249527,2044800
2025-02-11,21.20517573,21.66678641,20.95513898,21.50329971,852600
2025-02-12,21.16670757,21.17632465,20.35889124,20.48390961,1934600
2025-02-13,20.48391163,21.02245712,20.29157552,21.02245712,2018500
2025-02-14,20.91667092,21.99376007,20.91667092,21.95529175,1718100
2025-02-17,22.09954474,22.41690105,21.78218842,21.78218842,731100
2025-02-18,21.84950483,22.58038639,21.7533377,22.30149841,1613200
2025-02-19,22.03222611,22.26303053,21.80142169,22.05146027,587800
2025-02-20,22.07069316,22.25341217,21.79180336,21.79180336,881200
2025-02-21,21.88797401,22.01299238,21.57061769,21.80142212,1035800
2025-02-24,21.97452596,21.97452596,20.63778114,20.63778114,1851700
2025-02-25,20.62816505,21.34942954,20.62816505,21.21479225,1614500
2025-02-26,21.46483181,21.46483181,20.69548373,21.02245712,820200
2025-02-27,21.03207277,21.522531,20.88781841,21.15709114,1128000
2025-02-28,20.77241771,21.08977401,20.29157472,20.35889244,1270400
2025-03-05,20.35889458,20.79165405,20.1473243,20.3492775,1016200
2025-03-06,20.66663119,20.66663119,20.11847048,20.30119133,1462600
2025-03-07,20.26272538,20.58969879,19.90690256,20.58969879,2403700
2025-03-10,20.31080839,20.63777993,20.10885338,20.1473217,1388600
2025-03-11,20.1954062,20.33965874,19.80111509,20.33965874,1499700
2025-03-12,20.37812729,20.49352859,20.10885455,20.4069767,1068800
2025-03-13,20.4069768,21.06092359,20.11847172,20.71471786,1663900
2025-03-14,20.53199661,21.48406554,20.53199661,21.34943008,933600
2025-03-17,21.44559883,21.77257224,21.28211212,21.28211212,926000
2025-03-18,21.39751369,21.83988837,21.30134472,21.73410416,773000
2025-03-19,21.7341037,21.91682455,21.45521388,21.75333786,1034900
2025-03-20,21.61870293,21.85912445,21.40713265,21.65717125,863000
2025-03-21,21.73410291,21.78218647,21.43598078,21.55138206,1179500
2025-03-24,21.58023389,21.6090833,20.59931375,20.75318336,1421600
2025-03-25,20.71471777,20.79165258,20.14732287,20.4069767,2451900
2025-03-26,20.47429725,20.68586753,20.01268655,20.29157639,2078400
2025-03-27,20.32042481,20.65701529,20.06077098,20.4069767,1714400
2025-03-28,20.45506277,20.48391218,19.7818818,19.91651726,1078600
2025-03-31,19.88766625,20.08000234,19.62801059,19.90690041,1411600
2025-04-01,19.89728447,20.2434902,19.67609529,19.93575096,1070800
2025-04-02,19.91651572,20.6858656,19.87804923,20.44544411,1299000
2025-04-03,20.4358276,20.4358276,19.14716821,19.26257133,2637900
2025-04-04,19.07023298,19.2241026,18.22395013,18.27203369,2183800
2025-04-07,17.92582758,18.39705352,17.62770541,18.36820412,3106800
2025-04-08,18.37782098,19.00291655,18.3682039,18.60862541,2561700
2025-04-09,18.56053798,19.4549062,18.09892917,19.23371887,1971300
2025-04-10,19.1087026,19.2721893,18.50283936,18.68556023,1239200
2025-04-11,18.68555817,19.2625701,18.59900628,19.15678406,3128800
2025-04-14,19.31065414,19.52222439,19.11831622,19.29141998,1240900
2025-04-15,19.09908493,19.25295454,18.08931351,18.08931351,2258600
2025-04-16,17.98352814,18.44513696,17.85850794,17.98352814,1972600
2025-04-17,18.03161182,18.89712882,18.03161182,18.8298111,2159400
2025-04-22,18.70479363,18.94521513,18.47398737,18.71440887,1404900
2025-04-23,18.9259805,19.07985011,18.6086242,18.65670776,1815800
2025-04-24,18.65670753,19.82996559,18.59900688,19.82996559,2347900
2025-04-25,19.85881587,20.03191965,19.24333741,19.3298893,2083400
2025-04-28,19.32989045,19.82996765,19.28180504,19.43567467,1012300
2025-04-29,19.26257205,20.04153723,19.26257205,19.69532967,1436100
2025-04-30,19.52222607,19.82035006,18.71440964,18.76249504,1310800
2025-05-02,18.69517634,18.95483016,18.41628652,18.87789536,1353200
2025-05-05,18.8778963,18.93559879,17.91621026,18.07008171,1504800
2025-05-06,18.06046276,18.57015514,18.06046276,18.30088425,806500
2025-05-07,18.32011793,18.38743749,17.86812616,18.01237869,1142000
2025-05-08,18.19509966,18.82981229,18.1758655,18.5509243,1104100
2025-05-09,18.56053875,18.60862415,18.11816408,18.27203369,771600
2025-05-12,18.62785832,18.79134501,18.1950989,18.34896851,1360600
2025-05-13,18.38743744,19.41644119,18.36820328,19.3298893,1773100
2025-05-14,19.2529547,19.2529547,18.82981233,19.089468,1558200
2025-05-15,19.11831788,19.3202729,19.01253366,19.30103874,1125200
2025-05-16,19.32988932,19.64724563,18.91636404,19.56069374,1735400
2025-05-19,19.54145959,20.12808865,19.41644122,19.71456337,1751100
2025-05-20,19.72417959,20.22425673,19.65686186,20.13770485,2097300
2025-05-21,20.08961922,20.77241721,20.00306734,20.1473217,2274700
2025-05-22,20.40697642,20.40697642,19.7722638,19.87804985,1580400
2025-05-23,19.70494469,20.50314394,19.3875884,20.1665535,2169500
2025-05-26,20.19540687,20.29157584,19.88766763,20.08000374,960200
2025-05-27,20.19540741,20.6473992,20.17617325,20.29157639,1043500
2025-05-28,20.32042433,20.54161351,20.08000283,20.19540596,645500
2025-05-29,20.11847163,20.52237983,19.97421909,20.4069767,1064100
2025-05-30,20.58008194,20.58008194,19.85881737,20.3492775,1928500
2025-06-02,20.56084518,20.56084518,19.3683548,19.3683548,1967200
2025-06-03,19.32988916,20.3588929,19.23372019,20.33965874,1806900
2025-06-04,20.29157555,20.47429641,19.24333763,19.24333763,1476600
2025-06-05,19.34912321,19.52222515,19.00291566,19.10870171,876400
2025-06-06,19.19525177,19.42605802,19.03176691,19.18563652,704400
2025-06-09,19.09908343,19.3779714,18.82019362,19.23371887,1144100
2025-06-10,19.62801144,19.8107323,19.09908487,19.25295448,880000
2025-06-11,19.13755114,19.41644096,18.93559796,19.41644096,1884200
2025-06-12,19.31065537,19.52222564,18.96444781,19.39720726,1479400
2025-06-13,18.99329883,19.66647978,18.61824187,19.40682411,3089100
2025-06-16,19.49337576,19.65686246,18.95483028,19.33950615,2490800
2025-06-17,19.3395051,19.43567222,18.83942796,18.91636276,1287100
2025-06-18,18.9163642,19.08946797,18.67594269,18.70479393,1339100
2025-06-20,18.70479272,19.17601862,18.56053836,18.75287628,2169100
2025-06-23,18.93559856,18.93559856,18.25280052,18.31050301,2256900
2025-06-24,18.18548246,18.55092417,17.73349069,17.85850906,3709900
2025-06-25,17.88735977,18.17586483,17.06030923,17.18532944,2608600
2025-06-26,17.32958218,17.33919926,16.91605691,17.02184296,2117700
2025-06-27,16.96413926,17.05069114,16.74295193,16.99299049,1915600
2025-06-30,17.12762832,17.12762832,16.81027199,16.89682388,1674600
2025-07-01,16.92567488,17.04107618,16.53138375,16.59870148,2299400
2025-07-02,16.58908296,17.21417847,16.44483043,16.65640068,2416600
2025-07-03,16.67563609,17.3295829,16.64678485,17.22379684,1932000
2025-07-04,17.29111411,17.34881659,17.00260904,17.16609573,768200
2025-07-07,17.16609538,17.29111376,16.61793466,16.71410179,1346900
2025-07-08,16.77180482,17.23341367,16.72371942,16.92567444,1351300
2025-07-09,16.85835808,16.98337647,16.61793656,16.63716888,1593900
2025-07-10,16.55061438,16.57946562,16.31019289,16.43521309,1372300
2025-07-11,16.42559693,16.60831778,16.29096148,16.4736805,1446100
2025-07-14,16.55061485,16.69486921,16.31981043,16.4929142,1142500
2025-07-15,16.59870061,17.1949449,16.59870061,17.09877777,1999700
2025-07-16,17.12762718,17.23341323,16.64678418,17.17571259,2262300
2025-07-17,17.17571349,17.38728376,16.75257112,16.98337555,1942600
2025-07-18,16.85835627,17.22379614,16.79103671,17.09877777,1875500
2025-07-21,17.18532911,17.35843104,16.96413994,16.96413994,1292500
2025-07-22,16.98337555,17.2045629,16.89682366,17.06031036,843200
2025-07-23,17.05069329,17.41613502,17.03145913,17.21417999,901000
2025-07-24,17.15647886,17.22379659,16.79103715,16.92567444,1716700
2025-07-25,16.84873866,17.09877723,16.8295045,17.04107475,1638400
2025-07-28,17.43536623,17.88735982,17.32958202,17.64693832,3619900
2025-07-29,17.7911904,18.01237773,17.27187909,17.66617203,4040400
2025-07-30,17.58923837,17.86812637,17.3295827,17.7719574,1994500
2025-07-31,17.60089195,17.60089195,16.9994043,17.09800911,3857000
2025-08-01,17.15717149,17.42340392,16.76275412,16.81205559,2324300
2025-08-04,16.89093905,16.99940453,16.5951265,16.69373131,1074300
2025-08-05,16.65428803,16.87121898,16.50638175,16.79233551,1049500
2025-08-06,16.94024208,17.07828768,16.71345233,16.74303246,1559100
2025-08-07,16.75289312,16.95996341,16.49652136,16.68387032,1319000
2025-08-08,16.54582567,16.90080038,16.54582567,16.77261543,1306800
2025-08-11,16.77261503,16.87121984,16.29931418,16.34861565,1744300
2025-08-12,16.51624204,17.12759034,16.34861444,16.54582405,2563800
2025-08-13,16.57540478,17.30507737,16.44721985,16.44721985,2996300
2025-08-14,16.37819678,16.80219614,16.02322022,16.67400932,2232800
2025-08-15,16.6740105,16.6740105,16.06266403,16.06266403,2385600
2025-08-18,16.02321986,16.51624201,16.02321986,16.48666,1584700
2025-08-19,16.42749812,16.44721946,16.0232201,16.14154625,1293300
2025-08-20,16.14154723,16.4669418,16.10210456,16.40777779,1157500
2025-08-21,16.3979158,16.3979158,15.89503487,16.25000954,1826200
2025-08-22,16.25987186,16.67401058,16.18098838,16.59512711,1111800
2025-08-25,16.73317243,17.08814901,16.68387097,16.76275444,1242200
2025-08-26,16.73317269,16.92052165,16.42749945,16.47680092,1667300
2025-08-27,17.06842775,17.57131062,16.92052147,17.23605537,4946100
2025-08-28,17.43326476,17.80796079,17.26563714,17.58117104,2636500
2025-08-29,17.62061411,17.94600868,17.27549819,17.94600868,6129600
2025-09-01,17.88684337,18.3207034,17.82768124,17.90656471,1626000
2025-09-02,17.74879803,17.99530912,17.61075243,17.6206131,1151800
2025-09-03,17.60089111,17.77837939,17.4036815,17.60089111,1233700
2025-09-04,17.66005422,17.7685197,17.45298581,17.68963623,1199200
2025-09-05,17.74879744,17.91642505,17.48256503,17.83754158,2000400
2025-09-08,17.83754246,17.8967046,17.5121479,17.5121479,1318000
2025-09-09,17.59103083,17.90656471,17.54172937,17.90656471,1965800
2025-09-10,17.87698331,18.21223855,17.68963624,17.80796051,1960700
2025-09-11,17.88684365,18.06433193,17.60089177,17.67977524,1622100
2025-09-12,17.64033279,17.86712442,17.21633342,17.27549744,1316700
2025-09-15,17.34452085,17.39382232,17.09800976,17.17689323,1390100
2025-09-16,17.30507659,17.38396006,17.10786886,17.24591446,2033000
2025-09-17,17.35438125,17.77838063,17.24591576,17.46284485,3389600
2025-09-18,17.33465957,17.44312505,17.03884702,17.27549744,1988100
2025-09-19,17.25577578,17.43326406,17.05856616,17.32479858,2775400
2025-09-22,17.24591507,17.27549707,16.69373077,17.14731026,2204200
2025-09-23,17.15717102,17.56144905,17.00926475,17.56144905,1840200
2025-09-24,17.41354286,17.97558783,17.41354286,17.85726357,1699800
2025-09-25,17.86712481,17.86712481,17.41354342,17.58117104,1748500
2025-09-26,17.66991518,17.69949719,17.50228756,17.58117104,651500
2025-09-29,17.72907627,17.81782041,17.25577545,17.25577545,999700
2025-09-30,17.26563738,17.36424219,16.95996414,17.11773109,1879200
2025-10-01,17.00926431,17.27549672,16.81205469,16.95996284,2146200
2025-10-02,16.95010278,17.03884692,16.4965214,16.8021965,1687200
2025-10-03,16.84163661,17.22619328,16.65428766,16.66414833,1761400
2025-10-06,16.71345193,16.81205486,16.30917391,16.37819672,1097400
2025-10-07,16.40777675,16.40777675,16.07252153,16.0823822,1618700
2025-10-08,16.08238191,16.19084739,15.97391832,16.13168526,1175900
2025-10-09,16.08238236,16.2401493,15.13578071,15.38229179,6302200
2025-10-10,15.34285036,15.56964011,15.13578101,15.33298969,2645600
2025-10-13,15.36257041,15.45131455,15.10619866,15.23438454,1544500
2025-10-14,15.18508213,15.39215148,15.08647827,15.23438454,1761200
2025-10-15,15.22452449,15.29354824,15.05689782,15.16536236,2070700
2025-10-16,15.13578129,15.54991999,14.99773474,15.13578129,2607600
2025-10-17,15.08647917,15.372432,14.96815396,14.99773502,1692400
2025-10-20,14.9977347,15.12592057,14.89912988,14.92871189,1637100
2025-10-21,14.997735,15.12592088,14.79066564,14.84982872,1455500
2025-10-22,14.7808049,14.94843251,14.41596859,14.49485207,3126900
2025-10-23,14.58359623,14.70192144,14.46527102,14.6131773,1935600
2025-10-24,14.55401449,14.68220036,14.36666554,14.41596794,1586500
2025-10-27,14.40610722,14.55401443,14.14973641,14.20889854,2508000
2025-10-28,14.1990385,14.34694572,14.04127155,14.13987637,2855700
2025-10-29,14.11029498,14.24834058,13.9821091,14.13001537,2357300
2025-10-30,14.03141018,14.12015432,13.82434177,13.82434177,2278800
2025-10-31,13.84406281,13.94266762,13.68629586,13.84406281,3025500
2025-11-03,13.96238759,14.00182933,13.42006302,13.42006302,2536700
2025-11-04,13.37076153,13.49894646,13.20313392,13.30173779,2154400
2025-11-05,13.30173756,13.78489905,13.21299343,13.67643452,2332000
2025-11-06,13.70601609,13.8046209,13.07494831,13.07494831,2374000
2025-11-07,13.06508734,13.24257562,12.99606454,13.15383148,1394400
2025-11-10,13.20313422,13.4200633,13.15383181,13.25243568,1326000
2025-11-11,13.25243545,13.97224831,13.25243545,13.59755135,4571900
2025-11-12,13.65671477,13.79476038,13.39048234,13.78489971,2102500
2025-11-13,13.83420236,13.83420236,13.35104084,13.35104084,2587500
2025-11-14,13.36090093,13.88350417,13.33131987,13.62713242,2026600
2025-11-17,13.65671505,13.65671505,13.4496457,13.58769131,1723500
2025-11-18,13.57783158,13.79476066,13.49894716,13.58769131,1313200
2025-11-19,13.60741196,13.93280651,13.29187713,13.33131981,2024800
2025-11-21,13.30173809,13.38062156,13.06508767,13.25243568,2757500
2025-11-24,13.21299392,13.36090114,13.10452938,13.10452938,2504600
2025-11-25,13.09466867,13.22285455,12.90732066,12.92704105,2317700
2025-11-26,12.93690215,13.6369937,12.92704148,13.49894714,2831600
2025-11-27,13.47922611,13.54824891,13.32145917,13.44964504,1721200
2025-11-28,13.59755169,13.95252733,13.42006341,13.75531864,3250100
2025-12-01,13.46936534,13.68629536,13.04536598,13.06508732,7146900
2025-12-02,13.10452964,13.25243592,12.72983267,12.81857681,4539700
2025-12-03,12.85801861,13.17355251,12.8087162,13.0848093,3917400
2025-12-04,13.11439005,13.29187739,13.06508764,13.10452938,3775100
2025-12-05,13.11439003,13.72573741,12.95662308,12.98620415,5708600
2025-12-08,13.05522698,13.38062154,13.05522698,13.13411045,3677600
2025-12-09,13.13411079,13.31159908,12.8678793,13.26229668,3242200
2025-12-10,13.2820175,15.18508244,13.2820175,15.18508244,6644100
2025-12-11,15.08647875,15.14564088,14.40610762,14.54415417,4316200
2025-12-12,15.08647884,15.14564097,14.40610771,14.92871189,2621400
2025-12-15,15.03717646,15.145641,14.85968817,15.04703712,1743100
2025-12-16,14.99773476,15.55977975,14.91885129,15.28368759,3276400
2025-12-17,15.28368733,15.54005909,14.7610841,15.54005909,3375800
2025-12-18,15.57950039,15.65838386,14.84982782,15.08647823,3502100
2025-12-19,15.00759509,15.40201245,15.00759509,15.15550137,2684200
2025-12-22,15.175223,15.1949434,14.87940951,15.04703712,2120800
2025-12-23,15.04703689,15.48089599,15.02731555,15.42173386,1718500
2025-12-26,15.40201278,15.40201278,14.91885127,15.13578129,1433800
2025-12-29,15.11606023,15.15550197,14.87940981,14.96815395,1101900
2025-12-30,14.98787433,15.13578156,14.90899086,14.90899086,1113700
2026-01-02,15.12592017,15.12592017,14.42582866,14.59345627,2046800
2026-01-05,14.69206071,14.71178205,14.28778267,14.28778267,2248400
2026-01-06,14.34694572,14.67234028,14.1102953,14.1102953,2813500
2026-01-07,14.19903815,14.25820123,13.89336493,14.01169014,3099200
2026-01-08,14.05113185,14.15959639,13.88350424,13.89336491,2725300
2026-01-09,13.99196925,14.86954908,13.96238818,14.70192146,3589800
2026-01-12,14.72164222,16.26973152,14.68220048,16.26973152,5861300
2026-01-13,16.17112727,16.32889421,15.72740749,15.81615257,3467000
2026-01-14,15.94433757,16.46694176,15.81615262,16.17112732,4432100
2026-01-15,16.17112692,16.28945307,15.60908194,15.77670956,2632900
2026-01-16,15.78657002,16.62470808,15.6386628,16.21056938,5147500
2026-01-19,16.30917412,16.30917412,15.72740688,15.94433689,2085900
2026-01-20,15.92461563,16.57540474,15.84573216,16.26973152,2260100
2026-01-21,16.31903299,16.46694114,16.0725219,16.26973152,2808100
2026-01-22,16.23028871,16.45708034,15.70768642,15.70768642,3300300
2026-01-23,15.77670924,16.05280233,15.56963989,15.8260107,3027800
2026-01-26,15.90489443,16.02322058,15.44145426,15.51047707,3069900
2026-01-27,15.58936176,15.87531458,15.28368759,15.28368759,3571300
2026-01-28,15.34285069,15.54992004,15.02731585,15.37243176,2655700
2026-01-29,15.38229179,15.67810434,15.23438458,15.38229179,2840800
2026-01-30,15.38229171,15.51047665,14.92871129,15.05689716,2385000
2026-02-02,14.83996807,15.04703743,14.780805,14.99773502,2228900
2026-02-03,15.61894259,15.87531434,15.48089604,15.65838432,3844500
2026-02-04,15.65838445,15.65838445,14.78080463,14.78080463,3539700
2026-02-05,14.78080489,14.84982864,14.43568993,14.43568993,3091500
2026-02-06,14.39624766,14.94843196,14.14973658,14.88926983,4299800
2026-02-09,14.96815337,15.35271006,14.73150202,15.21466446,2992200
2026-02-10,15.60908174,16.06266311,14.78080435,14.88926983,6194800
2026-02-11,14.93857189,16.39791711,14.91885149,16.34861565,5588700
2026-02-12,16.13168603,16.22043017,15.39215183,15.39215183,3059600
2026-02-13,15.33298934,15.40201214,14.93857105,15.20480347,2718100
2026-02-18,15.20480414,15.71754672,15.20480414,15.37243176,1651000
2026-02-19,15.38229182,15.80629118,15.35270982,15.5301981,1749300
2026-02-20,15.41187328,15.91475519,15.29354807,15.86545372,1979500
2026-02-23,15.92461654,16.20070965,15.64852438,16.18098831,3339200
2026-02-24,16.2500101,17.25577577,16.17112663,17.2064743,3628700
2026-02-25,17.23605505,17.43326468,17.01912597,17.22619438,2258500
2026-02-26,17.31493892,17.73893831,17.15717197,17.59103203,2855400
2026-02-27,17.6008927,17.74879899,17.20647533,17.70935631,2597800
2026-03-02,17.79809992,18.50805306,17.40368255,18.10377502,5138900
2026-03-03,17.86712514,18.2023785,17.50228789,17.70935631,3913200
2026-03-04,17.78824005,18.04460991,17.28535723,17.54172897,2911200
2026-03-05,17.40368314,18.1234951,17.36424234,18.00517082,3519000
2026-03-06,18.19251863,19.15884162,17.85726341,18.61651611,4280900
2026-03-09,18.64609771,18.95177092,18.14321489,18.19251823,3937400
2026-03-10,18.04460989,18.87288725,17.91642496,18.71512032,4514700
2026-03-11,18.54749362,19.03065513,18.30098254,18.50805283,3472500
2026-03-12,18.51791285,18.57707498,17.25577545,17.25577545,3419600
2026-03-13,17.27549831,17.82768264,16.66414995,16.89093971,3908700
2026-03-16,17.25577611,17.70935561,17.10786983,17.39382172,2343100
2026-03-17,17.54172996,18.23195988,17.43326448,17.80796051,2538200
2026-03-18,17.82768189,18.32070406,17.75865908,17.9262867,1619400
2026-03-19,17.84740278,19.16870233,17.74879797,18.7348423,3072600
2026-03-20,18.7348429,19.00107533,18.21223871,18.51791382,2089700
2026-03-23,18.52777486,19.11939998,17.97558865,18.88274956,2718400
2026-03-24,18.88274849,19.82935202,18.66581942,19.67158508,2470400
2026-03-25,19.592702,20.09558296,19.12925995,20.09558296,1869000
2026-03-26,20.11530502,20.62804855,19.95753807,20.41111946,2181500
2026-03-27,20.41111843,20.60832617,19.91809627,20.08572388,2227800
2026-03-30,20.10544447,21.28869848,20.10544447,21.12107086,3068000
2026-03-31,21.31827916,21.39716264,20.41111831,20.90414047,4046900
2026-04-01,20.49000171,20.78581426,19.42507392,19.43493271,4242500
2026-04-02,20.21390816,20.28293096,19.5532584,20.06600189,3280200
2026-04-06,20.01670034,20.19418863,19.41521454,19.41521454,1916700
2026-04-07,18.97149333,19.21800442,18.06433244,18.6362381,4253700
2026-04-08,18.5869372,18.72498282,17.40368318,18.24182129,5184800
2026-04-09,18.42916989,18.53763349,17.74879874,18.05447197,4193000
2026-04-10,18.06433299,18.3404261,17.8474039,18.18265915,1972600
2026-04-13,18.40944821,18.43903022,17.8572639,17.98544884,1665100
2026-04-14,17.94600776,18.20237763,17.59103119,18.09391403,2030100
2026-04-15,18.13335424,18.18265759,17.019125,17.13744926,3306800
2026-04-16,17.13744924,17.13744924,16.73317122,16.95996284,3102100
2026-04-17,16.9303816,17.05856654,16.04294206,16.16126633,6274300
2026-04-20,16.2007084,16.50638161,15.90489397,16.25987053,4510000
2026-04-22,16.25987015,16.39791575,15.78656934,16.07252121,2254800
2026-04-23,16.10210447,16.3683369,15.90489484,15.93447685,3074000
2026-04-24,15.97391962,16.86135918,15.82601145,16.40777779,3214200
2026-04-27,16.45708068,16.82191604,15.77670956,15.77670956,2224000
2026-04-28,15.6682447,15.90489418,15.45131469,15.8260107,1630300
2026-04-29,15.96405854,16.26973176,15.85559306,15.92461586,2474500
2026-04-30,15.98377769,16.0429417,15.63866274,15.94433689,2171800
2026-05-04,16.1711274,16.59512678,16.00349978,16.58526611,2877700
2026-05-05,16.6247078,16.6937306,16.33875405,16.43735886,1883600
2026-05-06,16.27959165,16.89093807,16.07252137,16.66414833,3899500
2026-05-07,16.54582494,16.70359188,16.19084837,16.22043037,3471200
2026-05-08,16.41763785,16.66414894,16.1612661,16.56554413,2315400
2026-05-11,16.51624302,17.0388472,16.50638235,16.63456917,2660200
2026-05-12,16.57540434,17.51214719,16.57540434,17.19661331,2232800
2026-05-13,17.15717193,17.95586735,17.01912632,17.29521942,4095300
2026-05-14,17.3839606,18.53763253,17.22619366,18.14321518,4525800
2026-05-15,18.03475251,18.36014708,17.76852008,17.99530983,2212100
2026-05-18,17.96572658,18.18265753,17.7192155,18.13335419,1673200
2026-05-19,18.08405336,18.39958725,17.73893747,18.09391403,2992300
2026-05-20,18.1333554,18.30098302,17.8178215,17.8178215,1546500
2026-05-21,17.74879828,17.90656523,17.25577611,17.39382172,2755500
2026-05-22,17.40368303,17.44312571,17.05856712,17.35438156,1604500
2026-05-25,17.35438182,17.77838121,17.05856737,17.06842804,1265800
2026-05-26,17.36424116,17.4529853,16.51624244,16.91065979,2725400
2026-05-27,16.89093813,17.59103056,16.84163667,16.9007988,2161900
2026-05-28,16.90079944,17.14731053,16.66414903,16.92052078,1675600
2026-05-29,17.07828768,17.25577596,16.51624271,16.74303246,3199200
2026-06-01,16.76275384,17.15717121,16.66414903,16.97968292,2622000
2026-06-02,16.8613581,17.43326373,16.7923353,17.25577545,2221400
2026-06-03,17.15717186,17.4234043,16.93038211,17.05856705,2429000
2026-06-05,16.92052136,17.05856697,16.58526612,16.64442825,1723000
2026-06-08,16.68387005,17.09800875,16.37819684,16.96982193,2467100
2026-06-09,17.00926431,17.25577538,16.89093816,16.95996284,1716300
2026-06-10,16.95010208,16.95996275,16.64442699,16.66414833,1075800
2026-06-11,16.41763772,16.62470801,15.5795006,15.94433689,5753300
2026-06-12,15.77670984,15.97391946,15.41187353,15.57950115,2471500
2026-06-15,15.56964024,16.25001043,15.49075677,15.89503574,3575700
2026-06-16,15.78657022,16.05280265,15.72740715,15.74712849,1307800
2026-06-17,15.81615245,15.90489471,15.29354826,15.31326866,1253200
2026-06-18,15.28368781,15.29354848,14.30750411,14.76108456,2965500
2026-06-19,14.67234009,14.76108423,14.4455494,14.72164249,1619200
2026-06-22,14.69206042,14.75122349,14.22862025,14.39624786,1416900
2026-06-23,14.20889864,14.67233974,14.20889864,14.5638752,1039000
2026-06-24,14.5145731,14.73150218,14.39624789,14.5145731,1035500
2026-06-25,14.46527037,14.76108386,14.4061073,14.5047121,1034300
2026-06-26,14.49485151,15.01745474,14.47513111,14.83010674,1621400
2026-06-29,14.958293,15.17522302,14.87940953,15.13578129,1103700
2026-06-30,15.05689757,15.65838428,15.03717623,15.480896,1848700
2026-07-01,15.35270986,16.08238244,15.29354773,15.70768642,2022200
2026-07-02,15.71754639,15.8358716,15.31326836,15.39215183,1139700
2026-07-03,15.43159356,15.48089596,15.21466448,15.30340862,551000
2026-07-06,15.14000034,15.28999996,14.96000004,14.96000004,685000
2026-07-07,14.96000004,15.47999954,14.89999962,15.31999969,1379100
2026-07-08,15.28999996,15.60000038,15.17000008,15.25,1175300
2026-07-09,15.31999969,16.04999924,15.11999989,16.04999924,1498500
2026-07-10,16.25,16.37999916,15.89000034,16.37000084,878200
2026-07-13,16.40999985,16.85000038,16.26000023,16.37000084,1047700
2026-07-14,16.43000031,16.53000069,16.02000046,16.12000084,1177200
2026-07-15,16.15999985,16.18000031,15.40999985,15.52999973,1993900
2026-07-16,15.46000004,15.85999966,15.46000004,15.72000027,1740900
2026-07-17,15.77000046,15.81999969,15.38000011,15.44999981,1829100
2026-07-20,15.46000004,15.81000042,15.35000038,15.40999985,1075100
2026-07-21,15.40999985,15.63000011,15.26000023,15.57999992,1359700
2026-07-22,15.68000031,16.12999916,15.64000034,16.04999924,712000
2026-07-23,16.04999924,16.26000023,15.65999985,15.71000004,963800
2026-07-24,15.63000011,15.63000011,15.03999996,15.05000019,1016100
2026-07-27,14.89999962,15.23999977,14.64000034,14.67000008,2071100
2026-07-28,14.77999973,14.85999966,14.15999985,14.30000019,2825600
2026-07-29,14.34000015,14.5,14.17000008,14.27000046,1436200
2026-07-30,14.27999973,14.39999962,14.05000019,14.39999962,1646600
2026-07-31,14.47999954,14.64999962,14.25,14.52000046,1737500
2026-08-03,14.51000023,14.68999958,14.14999962,14.38000011,2012600
2026-08-04,14.52999973,14.52999973,13.75,13.93999958,2316000
2026-08-05,14.02999973,14.47999954,13.97999954,14.30000019,1738300
2026-08-06,14.22999954,14.80000019,14.07999992,14.68999958,1239900
2026-08-07,14.72000027,14.89999962,14.52999973,14.77000046,1298700
2026-08-10,14.78999996,15.31999969,14.69999981,14.94999981,1944300
2026-08-11,14.81999969,15.92000008,14.69999981,15.01000023,3171600
2026-08-12,15.05000019,15.22999954,14.44999981,14.77999973,3577100
2026-08-13,14.80000019,15.25,14.69999981,14.80000019,1541100
2026-08-14,14.76000023,14.82999992,14.35000038,14.60999966,1658500
2026-08-17,14.60999966,15.14000034,14.5,15.10999966,1331800
2026-08-18,15.39999962,16.01000023,15.39999962,15.89999962,2106700
2026-08-19,15.96000004,16.61000061,15.80000019,16.61000061,1661200
2026-08-20,16.61000061,18.11000061,16.59000015,17.79999924,3725700
2026-08-21,17.86000061,18.53000069,17.04999924,18.40999985,3706200
2026-08-24,18.64999962,19.29999924,18.44000053,19.27000046,4964100
2026-08-25,19.17000008,19.5,18.12000084,18.45999908,4501000
2026-08-26,18.37999916,18.95000076,17.90999985,18.62999916,2382000
2026-08-27,18.65999985,19.12999916,18.61000061,18.87000084,1355700
2026-08-28,18.98999977,18.98999977,18.40999985,18.57999992,1434800
2026-08-31,18.78000069,19.87999916,18.67000008,19.75,3506800
2026-09-01,19.75,21.20999908,19.42000008,21.20999908,4204400
2026-09-02,21.01000023,21.37999916,20.57999992,21.19000053,2474000
2026-09-03,20.69000053,20.69000053,19.78000069,20.23999977,2033300
2026-09-04,20.23999977,20.87000084,19.85000038,20.60000038,1231800
2026-09-08,20.60000038,20.92000008,20.36000061,20.57999992,856000
2026-09-09,20.39999962,20.68000031,19.94000053,20.25,1229700
2026-09-10,20.05999947,21.12000084,20.05999947,21.03000069,1531600
