date,open,high,low,close,volume
2004-08-05,6.07298183,6.07298183,6.07298183,6.07298183,0
2004-08-06,6.07298183,6.07298183,6.07298183,6.07298183,0
2004-08-09,6.07298183,6.07298183,6.07298183,6.07298183,0
2004-08-10,6.07298183,6.07298183,6.07298183,6.07298183,0
2004-08-11,6.07298183,6.07298183,6.07298183,6.07298183,0
2004-08-12,6.07298183,6.07298183,6.07298183,6.07298183,0
2004-08-13,6.07298183,6.07298183,6.07298183,6.07298183,0
2004-08-16,6.07298183,6.07298183,6.07298183,6.07298183,0
2004-08-17,6.07298183,6.07298183,6.07298183,6.07298183,0
2004-08-18,6.07298183,6.07298183,6.07298183,6.07298183,0
2004-08-19,6.07298183,6.07298183,6.07298183,6.07298183,0
2004-08-20,6.07298183,6.07298183,6.07298183,6.07298183,0
2004-08-23,6.07298183,6.07298183,6.07298183,6.07298183,0
2004-08-24,6.07298183,6.07298183,6.07298183,6.07298183,0
2004-08-25,6.07298183,6.07298183,6.07298183,6.07298183,0
2004-08-26,6.07298183,6.07298183,6.07298183,6.07298183,0
2004-08-27,3.64378834,3.64378834,3.64378834,3.64378834,0
2004-08-30,3.64378834,3.64378834,3.64378834,3.64378834,0
2004-08-31,3.64378834,3.64378834,3.64378834,3.64378834,0
2004-09-01,3.64378834,3.64378834,3.64378834,3.64378834,0
2004-09-02,3.64378834,3.64378834,3.64378834,3.64378834,0
2004-09-03,3.64378834,3.64378834,3.64378834,3.64378834,0
2004-09-06,3.64378834,3.64378834,3.64378834,3.64378834,0
2004-09-07,3.64378834,3.64378834,3.64378834,3.64378834,0
2004-09-08,3.64378834,3.64378834,3.64378834,3.64378834,0
2004-09-09,3.64378834,3.64378834,3.64378834,3.64378834,0
2004-09-10,3.64378834,3.64378834,3.64378834,3.64378834,0
2004-09-13,3.64378834,3.64378834,3.64378834,3.64378834,0
2004-09-14,3.64378834,3.64378834,3.64378834,3.64378834,0
2004-09-15,3.64378834,3.64378834,3.64378834,3.64378834,0
2004-09-16,3.64378834,3.64378834,3.64378834,3.64378834,0
2004-09-17,3.64378834,3.64378834,3.64378834,3.64378834,0
2004-09-20,3.64378834,3.64378834,3.64378834,3.64378834,0
2004-09-21,3.64378834,3.64378834,3.64378834,3.64378834,0
2004-09-22,3.64378834,3.64378834,3.64378834,3.64378834,0
2004-09-23,3.64378834,3.64378834,3.64378834,3.64378834,0
2004-09-24,3.64378834,3.64378834,3.64378834,3.64378834,0
2004-09-27,3.64378834,3.64378834,3.64378834,3.64378834,0
2004-09-28,3.64378834,3.64378834,3.64378834,3.64378834,0
2004-09-29,3.64378834,3.64378834,3.64378834,3.64378834,0
2004-09-30,3.64378834,3.64378834,3.64378834,3.64378834,0
2004-10-01,3.64378834,3.64378834,3.64378834,3.64378834,0
2004-10-04,3.64378834,3.64378834,3.64378834,3.64378834,0
2004-10-05,3.64378834,3.64378834,3.64378834,3.64378834,0
2004-10-06,3.64378834,3.64378834,3.64378834,3.64378834,0
2004-10-07,3.64378834,3.64378834,3.64378834,3.64378834,0
2004-10-08,3.64378834,3.64378834,3.64378834,3.64378834,0
2004-10-11,3.64378834,3.64378834,3.64378834,3.64378834,0
2004-10-12,3.64378834,3.64378834,3.64378834,3.64378834,0
2004-10-13,3.64378834,3.64378834,3.64378834,3.64378834,0
2004-10-14,3.64378834,3.64378834,3.64378834,3.64378834,0
2004-10-15,3.64378834,3.64378834,3.64378834,3.64378834,0
2004-10-18,3.64378834,3.64378834,3.64378834,3.64378834,0
2004-10-19,3.64378834,3.64378834,3.64378834,3.64378834,0
2004-10-20,3.64378834,3.64378834,3.64378834,3.64378834,0
2004-10-21,3.64378834,3.64378834,3.64378834,3.64378834,0
2004-10-22,3.64378834,3.64378834,3.64378834,3.64378834,0
2004-10-25,3.64378834,3.64378834,3.64378834,3.64378834,0
2004-10-26,3.64378834,3.64378834,3.64378834,3.64378834,0
2004-10-27,3.64378834,3.64378834,3.64378834,3.64378834,0
2004-10-28,3.64378834,3.64378834,3.64378834,3.64378834,0
2004-10-29,3.64378834,3.64378834,3.64378834,3.64378834,0
2004-11-01,3.64378834,3.64378834,3.64378834,3.64378834,0
2004-11-03,3.64378834,3.64378834,3.64378834,3.64378834,0
2004-11-04,3.64378834,3.64378834,3.64378834,3.64378834,0
2004-11-05,3.64378834,3.64378834,3.64378834,3.64378834,0
2004-11-08,3.64378834,3.64378834,3.64378834,3.64378834,0
2004-11-09,3.64378834,3.64378834,3.64378834,3.64378834,0
2004-11-10,3.64378834,3.64378834,3.64378834,3.64378834,0
2004-11-11,3.64378834,3.64378834,3.64378834,3.64378834,0
2004-11-12,3.64378834,3.64378834,3.64378834,3.64378834,0
2004-11-15,3.64378834,3.64378834,3.64378834,3.64378834,0
2004-11-16,3.64378834,3.64378834,3.64378834,3.64378834,0
2004-11-17,3.64378834,3.64378834,3.64378834,3.64378834,0
2004-11-18,3.64378834,3.64378834,3.64378834,3.64378834,0
2004-11-19,3.64378834,3.64378834,3.64378834,3.64378834,0
2004-11-22,4.25108624,4.25108624,4.25108624,4.25108624,0
2004-11-23,4.25108624,4.25108624,4.25108624,4.25108624,0
2004-11-24,4.25108624,4.25108624,4.25108624,4.25108624,0
2004-11-25,4.25108624,4.25108624,4.25108624,4.25108624,0
2004-11-26,4.25108624,4.25108624,4.25108624,4.25108624,0
2004-11-29,4.25108624,4.25108624,4.25108624,4.25108624,0
2004-11-30,4.25108624,4.25108624,4.25108624,4.25108624,0
2004-12-01,4.25108624,4.25108624,4.25108624,4.25108624,0
2004-12-02,4.25108624,4.25108624,4.25108624,4.25108624,0
2004-12-03,4.25108624,4.25108624,4.25108624,4.25108624,0
2004-12-06,4.25108624,4.25108624,4.25108624,4.25108624,0
2004-12-07,4.25108624,4.25108624,4.25108624,4.25108624,0
2004-12-08,4.5000782,4.5000782,4.5000782,4.5000782,0
2004-12-09,4.5000782,4.5000782,4.5000782,4.5000782,0
2004-12-10,4.50615215,4.50615215,4.50615215,4.50615215,0
2004-12-13,4.50615215,4.50615215,4.50615215,4.50615215,0
2004-12-14,4.50615215,4.50615215,4.50615215,4.50615215,0
2004-12-15,4.50615215,4.50615215,4.50615215,4.50615215,0
2004-12-16,4.50615215,4.50615215,4.50615215,4.50615215,0
2004-12-17,4.50615215,4.50615215,4.50615215,4.50615215,0
2004-12-20,4.50615215,4.50615215,4.50615215,4.50615215,0
2004-12-21,4.50615215,4.50615215,4.50615215,4.50615215,0
2004-12-22,4.50615215,4.50615215,4.50615215,4.50615215,0
2004-12-23,4.50615215,4.50615215,4.50615215,4.50615215,0
2004-12-24,4.50615215,4.50615215,4.50615215,4.50615215,0
2004-12-27,4.50615215,4.50615215,4.50615215,4.50615215,0
2004-12-28,4.50615215,4.50615215,4.50615215,4.50615215,0
2004-12-29,4.50615215,4.50615215,4.50615215,4.50615215,0
2004-12-30,4.50615215,4.50615215,4.50615215,4.50615215,0
2004-12-31,4.50615215,4.50615215,4.50615215,4.50615215,0
2005-01-03,4.50615215,4.50615215,4.50615215,4.50615215,0
2005-01-04,4.50615215,4.50615215,4.50615215,4.50615215,0
2005-01-05,4.50615215,4.50615215,4.50615215,4.50615215,0
2005-01-06,4.50615215,4.50615215,4.50615215,4.50615215,0
2005-01-07,4.50615215,4.50615215,4.50615215,4.50615215,0
2005-01-10,4.50615215,4.50615215,4.50615215,4.50615215,0
2005-01-11,4.50615215,4.50615215,4.50615215,4.50615215,0
2005-01-12,4.50615215,4.50615215,4.50615215,4.50615215,0
2005-01-13,4.50615215,4.50615215,4.50615215,4.50615215,0
2005-01-14,4.50615215,4.50615215,4.50615215,4.50615215,0
2005-01-17,4.50615215,4.50615215,4.50615215,4.50615215,0
2005-01-18,4.50615215,4.50615215,4.50615215,4.50615215,0
2005-01-19,4.50615215,4.50615215,4.50615215,4.50615215,0
2005-01-20,4.50615215,4.50615215,4.50615215,4.50615215,0
2005-01-21,4.50615215,4.50615215,4.50615215,4.50615215,0
2005-01-24,4.50615215,4.50615215,4.50615215,4.50615215,0
2005-01-26,4.50615215,4.50615215,4.50615215,4.50615215,0
2005-01-27,4.50615215,4.50615215,4.50615215,4.50615215,0
2005-01-28,4.50615215,4.50615215,4.50615215,4.50615215,0
2005-01-31,4.50615215,4.50615215,4.50615215,4.50615215,0
2005-02-01,4.50615215,4.50615215,4.50615215,4.50615215,0
2005-02-02,4.50615215,4.50615215,4.50615215,4.50615215,0
2005-02-03,4.50615215,4.50615215,4.50615215,4.50615215,0
2005-02-04,4.50615215,4.50615215,4.50615215,4.50615215,0
2005-02-09,4.50615215,4.50615215,4.50615215,4.50615215,0
2005-02-10,4.50615215,4.50615215,4.50615215,4.50615215,0
2005-02-11,4.50615215,4.50615215,4.50615215,4.50615215,0
2005-02-14,4.50615215,4.50615215,4.50615215,4.50615215,0
2005-02-15,4.50615215,4.50615215,4.50615215,4.50615215,0
2005-02-16,4.50615215,4.50615215,4.50615215,4.50615215,0
2005-02-17,4.50615215,4.50615215,4.50615215,4.50615215,0
2005-02-18,4.50615215,4.50615215,4.50615215,4.50615215,0
2005-02-21,4.50615215,4.50615215,4.50615215,4.50615215,0
2005-02-22,4.50615215,4.50615215,4.50615215,4.50615215,0
2005-02-23,4.50615215,4.50615215,4.50615215,4.50615215,0
2005-02-24,4.50615215,4.50615215,4.50615215,4.50615215,0
2005-02-25,4.50615215,4.50615215,4.50615215,4.50615215,0
2005-02-28,4.50615215,4.50615215,4.50615215,4.50615215,0
2005-03-01,4.50615215,4.50615215,4.50615215,4.50615215,0
2005-03-02,4.50615215,4.50615215,4.50615215,4.50615215,0
2005-03-03,4.50615215,4.50615215,4.50615215,4.50615215,0
2005-03-04,4.50615215,4.50615215,4.50615215,4.50615215,0
2005-03-07,4.50615215,4.50615215,4.50615215,4.50615215,0
2005-03-08,4.50615215,4.50615215,4.50615215,4.50615215,0
2005-03-09,4.50615215,4.50615215,4.50615215,4.50615215,0
2005-03-10,4.50615215,4.50615215,4.50615215,4.50615215,0
2005-03-11,4.50615215,4.50615215,4.50615215,4.50615215,0
2005-03-14,4.50615215,4.50615215,4.50615215,4.50615215,0
2005-03-15,4.50615215,4.50615215,4.50615215,4.50615215,0
2005-03-16,4.50615215,4.50615215,4.50615215,4.50615215,0
2005-03-17,4.50615215,4.50615215,4.50615215,4.50615215,0
2005-03-18,4.50615215,4.50615215,4.50615215,4.50615215,0
2005-03-21,4.50615215,4.50615215,4.50615215,4.50615215,0
2005-03-22,4.50615215,4.50615215,4.50615215,4.50615215,0
2005-03-23,4.50615215,4.50615215,4.50615215,4.50615215,0
2005-03-24,4.50615215,4.50615215,4.50615215,4.50615215,0
2005-03-28,4.50615215,4.50615215,4.50615215,4.50615215,0
2005-03-29,4.50615215,4.50615215,4.50615215,4.50615215,0
2005-03-30,4.50615215,4.50615215,4.50615215,4.50615215,0
2005-03-31,4.50615215,4.50615215,4.50615215,4.50615215,0
2005-04-01,4.50615215,4.50615215,4.50615215,4.50615215,0
2005-04-04,4.50615215,4.50615215,4.50615215,4.50615215,0
2005-04-05,4.50615215,4.50615215,4.50615215,4.50615215,0
2005-04-06,4.50615215,4.50615215,4.50615215,4.50615215,0
2005-04-07,4.50615215,4.50615215,4.50615215,4.50615215,0
2005-04-08,4.50615215,4.50615215,4.50615215,4.50615215,0
2005-04-11,4.50615215,4.50615215,4.50615215,4.50615215,0
2005-04-12,4.50615215,4.50615215,4.50615215,4.50615215,0
2005-04-13,4.50615215,4.50615215,4.50615215,4.50615215,0
2005-04-14,4.50615215,4.50615215,4.50615215,4.50615215,0
2005-04-15,4.50615215,4.50615215,4.50615215,4.50615215,0
2005-04-18,4.50615215,4.50615215,4.50615215,4.50615215,0
2005-04-19,4.50615215,4.50615215,4.50615215,4.50615215,0
2005-04-20,4.50615215,4.50615215,4.50615215,4.50615215,0
2005-04-22,4.50615215,4.50615215,4.50615215,4.50615215,0
2005-04-25,4.50615215,4.50615215,4.50615215,4.50615215,0
2005-04-26,4.50615215,4.50615215,4.50615215,4.50615215,0
2005-04-27,4.50615215,4.50615215,4.50615215,4.50615215,0
2005-04-28,4.50615215,4.50615215,4.50615215,4.50615215,0
2005-04-29,4.50615215,4.50615215,4.50615215,4.50615215,0
2005-05-02,4.50615215,4.50615215,4.50615215,4.50615215,0
2005-05-03,4.50615215,4.50615215,4.50615215,4.50615215,0
2005-05-04,4.50615215,4.50615215,4.50615215,4.50615215,0
2005-05-05,4.50615215,4.50615215,4.50615215,4.50615215,0
2005-05-06,4.50615215,4.50615215,4.50615215,4.50615215,0
2005-05-09,4.50615215,4.50615215,4.50615215,4.50615215,0
2005-05-10,4.50615215,4.50615215,4.50615215,4.50615215,0
2005-05-11,4.50615215,4.50615215,4.50615215,4.50615215,0
2005-05-12,4.50615215,4.50615215,4.50615215,4.50615215,0
2005-05-13,4.50615215,4.50615215,4.50615215,4.50615215,0
2005-05-16,4.50615215,4.50615215,4.50615215,4.50615215,0
2005-05-17,4.50615215,4.50615215,4.50615215,4.50615215,0
2005-05-18,4.50615215,4.50615215,4.50615215,4.50615215,0
2005-05-19,4.50615215,4.50615215,4.50615215,4.50615215,0
2005-05-20,4.50615215,4.50615215,4.50615215,4.50615215,0
2005-05-23,4.50615215,4.50615215,4.50615215,4.50615215,0
2005-05-24,4.50615215,4.50615215,4.50615215,4.50615215,0
2005-05-25,4.50615215,4.50615215,4.50615215,4.50615215,0
2005-05-27,4.50615215,4.50615215,4.50615215,4.50615215,0
2005-05-30,4.50615215,4.50615215,4.50615215,4.50615215,0
2005-05-31,4.50615215,4.50615215,4.50615215,4.50615215,0
2005-06-01,4.50615215,4.50615215,4.50615215,4.50615215,0
2005-06-02,4.50615215,4.50615215,4.50615215,4.50615215,0
2005-06-03,4.50615215,4.50615215,4.50615215,4.50615215,0
2005-06-06,4.50615215,4.50615215,4.50615215,4.50615215,0
2005-06-07,4.50615215,4.50615215,4.50615215,4.50615215,0
2005-06-08,4.50615215,4.50615215,4.50615215,4.50615215,0
2005-06-09,4.50615215,4.50615215,4.50615215,4.50615215,0
2005-06-10,4.50615215,4.50615215,4.50615215,4.50615215,0
2005-06-13,4.50615215,4.50615215,4.50615215,4.50615215,0
2005-06-14,4.50615215,4.50615215,4.50615215,4.50615215,0
2005-06-15,4.50615215,4.50615215,4.50615215,4.50615215,0
2005-06-16,4.50615215,4.50615215,4.50615215,4.50615215,0
2005-06-17,4.50615215,4.50615215,4.50615215,4.50615215,0
2005-06-20,4.50615215,4.50615215,4.50615215,4.50615215,0
2005-06-21,4.50615215,4.50615215,4.50615215,4.50615215,0
2005-06-22,4.50615215,4.50615215,4.50615215,4.50615215,0
2005-06-23,4.50615215,4.50615215,4.50615215,4.50615215,0
2005-06-24,4.50615215,4.50615215,4.50615215,4.50615215,0
2005-06-27,4.50615215,4.50615215,4.50615215,4.50615215,0
2005-06-28,4.50615215,4.50615215,4.50615215,4.50615215,0
2005-06-29,4.50615215,4.50615215,4.50615215,4.50615215,0
2005-06-30,4.50615215,4.50615215,4.50615215,4.50615215,0
2005-07-01,4.50615215,4.50615215,4.50615215,4.50615215,0
2005-07-04,4.50615215,4.50615215,4.50615215,4.50615215,0
2005-07-05,4.50615215,4.50615215,4.50615215,4.50615215,0
2005-07-06,4.50615215,4.50615215,4.50615215,4.50615215,0
2005-07-07,4.50615215,4.50615215,4.50615215,4.50615215,0
2005-07-08,4.50615215,4.50615215,4.50615215,4.50615215,0
2005-07-11,4.50615215,4.50615215,4.50615215,4.50615215,0
2005-07-12,4.50615215,4.50615215,4.50615215,4.50615215,0
2005-07-13,4.50615215,4.50615215,4.50615215,4.50615215,0
2005-07-14,4.50615215,4.50615215,4.50615215,4.50615215,0
2005-07-15,4.50615215,4.50615215,4.50615215,4.50615215,0
2005-07-18,4.50615215,4.50615215,4.50615215,4.50615215,0
2005-07-19,4.50615215,4.50615215,4.50615215,4.50615215,0
2005-07-20,4.50615215,4.50615215,4.50615215,4.50615215,0
2005-07-21,4.50615215,4.50615215,4.50615215,4.50615215,0
2005-07-22,4.50615215,4.50615215,4.50615215,4.50615215,0
2005-07-25,4.50615215,4.50615215,4.50615215,4.50615215,0
2005-07-26,4.50615215,4.50615215,4.50615215,4.50615215,0
2005-07-27,4.50615215,4.50615215,4.50615215,4.50615215,0
2005-07-28,4.50615215,4.50615215,4.50615215,4.50615215,0
2005-07-29,4.50615215,4.50615215,4.50615215,4.50615215,0
2005-08-01,4.50615215,4.50615215,4.50615215,4.50615215,0
2005-08-02,4.50615215,4.50615215,4.50615215,4.50615215,0
2005-08-03,4.50615215,4.50615215,4.50615215,4.50615215,0
2005-08-04,4.50615215,4.50615215,4.50615215,4.50615215,0
2005-08-05,4.50615215,4.50615215,4.50615215,4.50615215,0
2005-08-08,4.50615215,4.50615215,4.50615215,4.50615215,0
2005-08-09,4.50615215,4.50615215,4.50615215,4.50615215,0
2005-08-10,4.50615215,4.50615215,4.50615215,4.50615215,0
2005-08-11,4.50615215,4.50615215,4.50615215,4.50615215,0
2005-08-12,4.50615215,4.50615215,4.50615215,4.50615215,0
2005-08-15,4.50615215,4.50615215,4.50615215,4.50615215,0
2005-08-16,4.50615215,4.50615215,4.50615215,4.50615215,0
2005-08-17,4.50615215,4.50615215,4.50615215,4.50615215,0
2005-08-18,4.50615215,4.50615215,4.50615215,4.50615215,0
2005-08-19,4.50615215,4.50615215,4.50615215,4.50615215,0
2005-08-22,4.50615215,4.50615215,4.50615215,4.50615215,0
2005-08-23,4.50615215,4.50615215,4.50615215,4.50615215,0
2005-08-24,4.50615215,4.50615215,4.50615215,4.50615215,0
2005-08-25,4.50615215,4.50615215,4.50615215,4.50615215,0
2005-08-26,4.50615215,4.50615215,4.50615215,4.50615215,0
2005-08-29,4.50615215,4.50615215,4.50615215,4.50615215,0
2005-08-30,4.50615215,4.50615215,4.50615215,4.50615215,0
2005-08-31,4.50615215,4.50615215,4.50615215,4.50615215,0
2005-09-01,4.50615215,4.50615215,4.50615215,4.50615215,0
2005-09-02,4.50615215,4.50615215,4.50615215,4.50615215,0
2005-09-05,4.50615215,4.50615215,4.50615215,4.50615215,0
2005-09-06,4.50615215,4.50615215,4.50615215,4.50615215,0
2005-09-08,4.50615215,4.50615215,4.50615215,4.50615215,0
2005-09-09,4.50615215,4.50615215,4.50615215,4.50615215,0
2005-09-12,4.50615215,4.50615215,4.50615215,4.50615215,0
2005-09-13,4.50615215,4.50615215,4.50615215,4.50615215,0
2005-09-14,4.50615215,4.50615215,4.50615215,4.50615215,0
2005-09-15,4.50615215,4.50615215,4.50615215,4.50615215,0
2005-09-16,4.50615215,4.50615215,4.50615215,4.50615215,0
2005-09-19,4.50615215,4.50615215,4.50615215,4.50615215,0
2005-09-20,4.50615215,4.50615215,4.50615215,4.50615215,0
2005-09-21,4.50615215,4.50615215,4.50615215,4.50615215,0
2005-09-22,4.50615215,4.50615215,4.50615215,4.50615215,0
2005-09-23,4.50615215,4.50615215,4.50615215,4.50615215,0
2005-09-26,4.50615215,4.50615215,4.50615215,4.50615215,0
2005-09-27,4.50615215,4.50615215,4.50615215,4.50615215,0
2005-09-28,4.50615215,4.50615215,4.50615215,4.50615215,0
2005-09-29,4.50615215,4.50615215,4.50615215,4.50615215,0
2005-09-30,4.50615215,4.50615215,4.50615215,4.50615215,0
2005-10-03,4.50615215,4.50615215,4.50615215,4.50615215,0
2005-10-04,4.50615215,4.50615215,4.50615215,4.50615215,0
2005-10-05,4.50615215,4.50615215,4.50615215,4.50615215,0
2005-10-06,4.50615215,4.50615215,4.50615215,4.50615215,0
2005-10-07,4.50615215,4.50615215,4.50615215,4.50615215,0
2005-10-10,4.50615215,4.50615215,4.50615215,4.50615215,0
2005-10-11,4.50615215,4.50615215,4.50615215,4.50615215,0
2005-10-13,4.50615215,4.50615215,4.50615215,4.50615215,0
2005-10-14,4.50615215,4.50615215,4.50615215,4.50615215,0
2005-10-17,4.50615215,4.50615215,4.50615215,4.50615215,0
2005-10-18,4.50615215,4.50615215,4.50615215,4.50615215,0
2005-10-19,4.50615215,4.50615215,4.50615215,4.50615215,0
2005-10-20,4.50615215,4.50615215,4.50615215,4.50615215,0
2005-10-21,4.50615215,4.50615215,4.50615215,4.50615215,0
2005-10-24,4.50615215,4.50615215,4.50615215,4.50615215,0
2005-10-25,4.50615215,4.50615215,4.50615215,4.50615215,0
2005-10-26,4.50615215,4.50615215,4.50615215,4.50615215,0
2005-10-27,4.50615215,4.50615215,4.50615215,4.50615215,0
2005-10-28,4.50615215,4.50615215,4.50615215,4.50615215,0
2005-10-31,4.50615215,4.50615215,4.50615215,4.50615215,0
2005-11-01,4.50615215,4.50615215,4.50615215,4.50615215,0
2005-11-03,4.50615215,4.50615215,4.50615215,4.50615215,0
2005-11-04,4.50615215,4.50615215,4.50615215,4.50615215,0
2005-11-07,4.50615215,4.50615215,4.50615215,4.50615215,0
2005-11-08,4.50615215,4.50615215,4.50615215,4.50615215,0
2005-11-09,4.50615215,4.50615215,4.50615215,4.50615215,0
2005-11-10,4.50615215,4.50615215,4.50615215,4.50615215,0
2005-11-11,4.50615215,4.50615215,4.50615215,4.50615215,0
2005-11-14,4.50615215,4.50615215,4.50615215,4.50615215,0
2005-11-16,4.50615215,4.50615215,4.50615215,4.50615215,0
2005-11-17,4.50615215,4.50615215,4.50615215,4.50615215,0
2005-11-18,4.50615215,4.50615215,4.50615215,4.50615215,0
2005-11-21,4.50615215,4.50615215,4.50615215,4.50615215,0
2005-11-22,4.50615215,4.50615215,4.50615215,4.50615215,0
2005-11-23,4.50615215,4.50615215,4.50615215,4.50615215,0
2005-11-24,4.50615215,4.50615215,4.50615215,4.50615215,0
2005-11-25,4.50615215,4.50615215,4.50615215,4.50615215,0
2005-11-28,4.50615215,4.50615215,4.50615215,4.50615215,0
2005-11-29,4.50615215,4.50615215,4.50615215,4.50615215,0
2005-11-30,4.50615215,4.50615215,4.50615215,4.50615215,0
2005-12-01,4.50615215,4.50615215,4.50615215,4.50615215,0
2005-12-02,4.50615215,4.50615215,4.50615215,4.50615215,0
2005-12-05,4.50615215,4.50615215,4.50615215,4.50615215,0
2005-12-06,4.50615215,4.50615215,4.50615215,4.50615215,0
2005-12-07,4.50615215,4.50615215,4.50615215,4.50615215,0
2005-12-08,4.50615215,4.50615215,4.50615215,4.50615215,0
2005-12-09,4.50615215,4.50615215,4.50615215,4.50615215,0
2005-12-12,4.50615215,4.50615215,4.50615215,4.50615215,0
2005-12-13,4.50615215,4.50615215,4.50615215,4.50615215,0
2005-12-14,4.50615215,4.50615215,4.50615215,4.50615215,0
2005-12-15,4.50615215,4.50615215,4.50615215,4.50615215,0
2005-12-16,4.50615215,4.50615215,4.50615215,4.50615215,0
2005-12-19,4.50615215,4.50615215,4.50615215,4.50615215,0
2005-12-20,4.50615215,4.50615215,4.50615215,4.50615215,0
2005-12-21,4.50615215,4.50615215,4.50615215,4.50615215,0
2005-12-22,4.50615215,4.50615215,4.50615215,4.50615215,0
2005-12-23,4.50615215,4.50615215,4.50615215,4.50615215,0
2005-12-26,4.50615215,4.50615215,4.50615215,4.50615215,0
2005-12-27,4.50615215,4.50615215,4.50615215,4.50615215,0
2005-12-28,4.50615215,4.50615215,4.50615215,4.50615215,0
2005-12-29,4.50615215,4.50615215,4.50615215,4.50615215,0
2006-01-02,4.50615215,4.50615215,4.50615215,4.50615215,0
2006-01-03,4.50615215,4.50615215,4.50615215,4.50615215,0
2006-01-04,4.50615215,4.50615215,4.50615215,4.50615215,0
2006-01-05,4.50615215,4.50615215,4.50615215,4.50615215,0
2006-01-06,4.50615215,4.50615215,4.50615215,4.50615215,0
2006-01-09,4.50615215,4.50615215,4.50615215,4.50615215,0
2006-01-10,4.50615215,4.50615215,4.50615215,4.50615215,0
2006-01-11,4.50615215,4.50615215,4.50615215,4.50615215,0
2006-01-12,4.50615215,4.50615215,4.50615215,4.50615215,0
2006-01-13,4.50615215,4.50615215,4.50615215,4.50615215,0
2006-01-16,4.50615215,4.50615215,4.50615215,4.50615215,0
2006-01-17,4.50615215,4.50615215,4.50615215,4.50615215,0
2006-01-18,4.50615215,4.50615215,4.50615215,4.50615215,0
2006-01-19,4.50615215,4.50615215,4.50615215,4.50615215,0
2006-01-20,4.50615215,4.50615215,4.50615215,4.50615215,0
2006-01-23,4.50615215,4.50615215,4.50615215,4.50615215,0
2006-01-24,4.50615215,4.50615215,4.50615215,4.50615215,0
2006-01-25,4.50615215,4.50615215,4.50615215,4.50615215,0
2006-01-26,4.50615215,4.50615215,4.50615215,4.50615215,0
2006-01-27,4.50615215,4.50615215,4.50615215,4.50615215,0
2006-01-30,4.50615215,4.50615215,4.50615215,4.50615215,0
2006-01-31,4.50615215,4.50615215,4.50615215,4.50615215,0
2006-02-01,4.50615215,4.50615215,4.50615215,4.50615215,0
2006-02-02,4.50615215,4.50615215,4.50615215,4.50615215,0
2006-02-03,4.50615215,4.50615215,4.50615215,4.50615215,0
2006-02-06,4.50615215,4.50615215,4.50615215,4.50615215,0
2006-02-07,4.50615215,4.50615215,4.50615215,4.50615215,0
2006-02-08,4.50615215,4.50615215,4.50615215,4.50615215,0
2006-02-09,4.50615215,4.50615215,4.50615215,4.50615215,0
2006-02-10,4.50615215,4.50615215,4.50615215,4.50615215,0
2006-02-13,4.50615215,4.50615215,4.50615215,4.50615215,0
2006-02-14,4.50615215,4.50615215,4.50615215,4.50615215,0
2006-02-15,4.50615215,4.50615215,4.50615215,4.50615215,0
2006-02-16,4.50615215,4.50615215,4.50615215,4.50615215,0
2006-02-17,4.50615215,4.50615215,4.50615215,4.50615215,0
2006-02-20,4.50615215,4.50615215,4.50615215,4.50615215,0
2006-02-21,4.50615215,4.50615215,4.50615215,4.50615215,0
2006-02-22,4.50615215,4.50615215,4.50615215,4.50615215,0
2006-02-23,4.50615215,4.50615215,4.50615215,4.50615215,0
2006-02-24,4.50615215,4.50615215,4.50615215,4.50615215,0
2006-02-27,4.50615215,4.50615215,4.50615215,4.50615215,0
2006-02-28,4.50615215,4.50615215,4.50615215,4.50615215,0
2006-03-01,4.50615215,4.50615215,4.50615215,4.50615215,0
2006-03-02,4.50615215,4.50615215,4.50615215,4.50615215,0
2006-03-03,4.50615215,4.50615215,4.50615215,4.50615215,0
2006-03-06,4.50615215,4.50615215,4.50615215,4.50615215,0
2006-03-07,4.50615215,4.50615215,4.50615215,4.50615215,0
2006-03-08,4.50615215,4.50615215,4.50615215,4.50615215,0
2006-03-09,4.50615215,4.50615215,4.50615215,4.50615215,0
2006-03-10,4.50615215,4.50615215,4.50615215,4.50615215,0
2006-03-13,4.50615215,4.50615215,4.50615215,4.50615215,0
2006-03-14,4.50615215,4.50615215,4.50615215,4.50615215,0
2006-03-15,4.50615215,4.50615215,4.50615215,4.50615215,0
2006-03-16,4.50615215,4.50615215,4.50615215,4.50615215,0
2006-03-17,4.50615215,4.50615215,4.50615215,4.50615215,0
2006-03-20,4.50615215,4.50615215,4.50615215,4.50615215,0
2006-03-21,4.50615215,4.50615215,4.50615215,4.50615215,0
2006-03-22,4.50615215,4.50615215,4.50615215,4.50615215,0
2006-03-23,4.50615215,4.50615215,4.50615215,4.50615215,0
2006-03-24,4.50615215,4.50615215,4.50615215,4.50615215,0
2006-03-27,4.50615215,4.50615215,4.50615215,4.50615215,0
2006-03-28,4.50615215,4.50615215,4.50615215,4.50615215,0
2006-03-29,4.50615215,4.50615215,4.50615215,4.50615215,0
2006-03-30,4.50615215,4.50615215,4.50615215,4.50615215,0
2006-03-31,4.50615215,4.50615215,4.50615215,4.50615215,0
2006-04-03,4.50615215,4.50615215,4.50615215,4.50615215,0
2006-04-04,4.50615215,4.50615215,4.50615215,4.50615215,0
2006-04-05,4.50615215,4.50615215,4.50615215,4.50615215,0
2006-04-06,4.50615215,4.50615215,4.50615215,4.50615215,0
2006-04-07,4.50615215,4.50615215,4.50615215,4.50615215,0
2006-04-10,4.50615215,4.50615215,4.50615215,4.50615215,0
2006-04-11,4.50615215,4.50615215,4.50615215,4.50615215,0
2006-04-12,4.50615215,4.50615215,4.50615215,4.50615215,0
2006-04-13,4.50615215,4.50615215,4.50615215,4.50615215,0
2006-04-14,4.50615215,4.50615215,4.50615215,4.50615215,0
2006-04-17,4.50615215,4.50615215,4.50615215,4.50615215,0
2006-04-18,4.50615215,4.50615215,4.50615215,4.50615215,0
2006-04-19,4.50615215,4.50615215,4.50615215,4.50615215,0
2006-04-20,4.50615215,4.50615215,4.50615215,4.50615215,0
2006-04-21,4.50615215,4.50615215,4.50615215,4.50615215,0
2006-04-24,4.50615215,4.50615215,4.50615215,4.50615215,0
2006-04-25,4.50615215,4.50615215,4.50615215,4.50615215,0
2006-04-26,4.50615215,4.50615215,4.50615215,4.50615215,0
2006-04-27,4.50615215,4.50615215,4.50615215,4.50615215,0
2006-04-28,4.50615215,4.50615215,4.50615215,4.50615215,0
2006-05-01,4.50615215,4.50615215,4.50615215,4.50615215,0
2006-05-02,4.50615215,4.50615215,4.50615215,4.50615215,0
2006-05-03,4.50615215,4.50615215,4.50615215,4.50615215,0
2006-05-04,4.50615215,4.50615215,4.50615215,4.50615215,0
2006-05-05,4.50615215,4.50615215,4.50615215,4.50615215,0
2006-05-08,4.50615215,4.50615215,4.50615215,4.50615215,0
2006-05-09,4.50615215,4.50615215,4.50615215,4.50615215,0
2006-05-10,4.50615215,4.50615215,4.50615215,4.50615215,0
2006-05-11,4.50615215,4.50615215,4.50615215,4.50615215,0
2006-05-12,4.50615215,4.50615215,4.50615215,4.50615215,0
2006-05-15,4.50615215,4.50615215,4.50615215,4.50615215,0
2006-05-16,4.50615215,4.50615215,4.50615215,4.50615215,0
2006-05-17,4.50615215,4.50615215,4.50615215,4.50615215,0
2006-05-18,4.50615215,4.50615215,4.50615215,4.50615215,0
2006-05-19,4.50615215,4.50615215,4.50615215,4.50615215,0
2006-05-22,4.50615215,4.50615215,4.50615215,4.50615215,0
2006-05-23,4.50615215,4.50615215,4.50615215,4.50615215,0
2006-05-24,4.50615215,4.50615215,4.50615215,4.50615215,0
2006-05-25,4.50615215,4.50615215,4.50615215,4.50615215,0
2006-05-26,4.50615215,4.50615215,4.50615215,4.50615215,0
2006-05-29,4.50615215,4.50615215,4.50615215,4.50615215,0
2006-05-30,4.50615215,4.50615215,4.50615215,4.50615215,0
2006-05-31,4.50615215,4.50615215,4.50615215,4.50615215,0
2006-06-01,4.50615215,4.50615215,4.50615215,4.50615215,0
2006-06-02,4.50615215,4.50615215,4.50615215,4.50615215,0
2006-06-05,4.50615215,4.50615215,4.50615215,4.50615215,0
2006-06-06,4.50615215,4.50615215,4.50615215,4.50615215,0
2006-06-07,4.50615215,4.50615215,4.50615215,4.50615215,0
2006-06-08,4.50615215,4.50615215,4.50615215,4.50615215,0
2006-06-09,4.50615215,4.50615215,4.50615215,4.50615215,0
2006-06-12,4.50615215,4.50615215,4.50615215,4.50615215,0
2006-06-13,4.50615215,4.50615215,4.50615215,4.50615215,0
2006-06-14,4.50615215,4.50615215,4.50615215,4.50615215,0
2006-06-15,4.50615215,4.50615215,4.50615215,4.50615215,0
2006-06-16,4.50615215,4.50615215,4.50615215,4.50615215,0
2006-06-19,4.50615215,4.50615215,4.50615215,4.50615215,0
2006-06-20,4.50615215,4.50615215,4.50615215,4.50615215,0
2006-06-21,4.50615215,4.50615215,4.50615215,4.50615215,0
2006-06-22,4.50615215,4.50615215,4.50615215,4.50615215,0
2006-06-23,4.50615215,4.50615215,4.50615215,4.50615215,0
2006-06-26,4.50615215,4.50615215,4.50615215,4.50615215,0
2006-06-27,4.50615215,4.50615215,4.50615215,4.50615215,0
2006-06-28,4.50615215,4.50615215,4.50615215,4.50615215,0
2006-06-29,4.50615215,4.50615215,4.50615215,4.50615215,0
2006-06-30,4.50615215,4.50615215,4.50615215,4.50615215,0
2006-07-03,4.50615215,4.50615215,4.50615215,4.50615215,0
2006-07-04,4.50615215,4.50615215,4.50615215,4.50615215,0
2006-07-05,4.50615215,4.50615215,4.50615215,4.50615215,0
2006-07-06,4.50615215,4.50615215,4.50615215,4.50615215,0
2006-07-07,4.50615215,4.50615215,4.50615215,4.50615215,0
2006-07-10,4.50615215,4.50615215,4.50615215,4.50615215,0
2006-07-11,4.50615215,4.50615215,4.50615215,4.50615215,0
2006-07-12,4.50615215,4.50615215,4.50615215,4.50615215,0
2006-07-13,4.50615215,4.50615215,4.50615215,4.50615215,0
2006-07-14,4.50615215,4.50615215,4.50615215,4.50615215,0
2006-07-17,4.50615215,4.50615215,4.50615215,4.50615215,0
2006-07-18,4.50615215,4.50615215,4.50615215,4.50615215,0
2006-07-19,4.50615215,4.50615215,4.50615215,4.50615215,0
2006-07-20,4.50615215,4.50615215,4.50615215,4.50615215,0
2006-07-21,4.50615215,4.50615215,4.50615215,4.50615215,0
2006-07-24,4.50615215,4.50615215,4.50615215,4.50615215,0
2006-07-25,4.50615215,4.50615215,4.50615215,4.50615215,0
2006-07-26,4.50615215,4.50615215,4.50615215,4.50615215,0
2006-07-27,4.50615215,4.50615215,4.50615215,4.50615215,0
2006-07-28,4.50615215,4.50615215,4.50615215,4.50615215,0
2006-07-31,4.50615215,4.50615215,4.50615215,4.50615215,0
2006-08-01,4.50615215,4.50615215,4.50615215,4.50615215,0
2006-08-02,4.50615215,4.50615215,4.50615215,4.50615215,0
2006-08-03,4.50615215,4.50615215,4.50615215,4.50615215,0
2006-08-04,4.50615215,4.50615215,4.50615215,4.50615215,0
2006-08-07,4.50615215,4.50615215,4.50615215,4.50615215,0
2006-08-08,4.50615215,4.50615215,4.50615215,4.50615215,0
2006-08-09,4.50615215,4.50615215,4.50615215,4.50615215,0
2006-08-10,4.50615215,4.50615215,4.50615215,4.50615215,0
2006-08-11,4.50615215,4.50615215,4.50615215,4.50615215,0
2006-08-14,4.50615215,4.50615215,4.50615215,4.50615215,0
2006-08-15,4.50615215,4.50615215,4.50615215,4.50615215,0
2006-08-16,4.50615215,4.50615215,4.50615215,4.50615215,0
2006-08-17,4.50615215,4.50615215,4.50615215,4.50615215,0
2006-08-18,4.50615215,4.50615215,4.50615215,4.50615215,0
2006-08-21,4.50615215,4.50615215,4.50615215,4.50615215,0
2006-08-22,4.50615215,4.50615215,4.50615215,4.50615215,0
2006-08-23,4.50615215,4.50615215,4.50615215,4.50615215,0
2006-08-24,4.50615215,4.50615215,4.50615215,4.50615215,0
2006-08-25,4.50615215,4.50615215,4.50615215,4.50615215,0
2006-08-28,4.50615215,4.50615215,4.50615215,4.50615215,0
2006-08-29,4.50615215,4.50615215,4.50615215,4.50615215,0
2006-08-30,4.50615215,4.50615215,4.50615215,4.50615215,0
2006-08-31,4.50615215,4.50615215,4.50615215,4.50615215,0
2006-09-01,4.50615215,4.50615215,4.50615215,4.50615215,0
2006-09-04,4.50615215,4.50615215,4.50615215,4.50615215,0
2006-09-05,4.50615215,4.50615215,4.50615215,4.50615215,0
2006-09-06,4.50615215,4.50615215,4.50615215,4.50615215,0
2006-09-07,4.50615215,4.50615215,4.50615215,4.50615215,0
2006-09-08,4.50615215,4.50615215,4.50615215,4.50615215,0
2006-09-11,4.50615215,4.50615215,4.50615215,4.50615215,0
2006-09-12,4.50615215,4.50615215,4.50615215,4.50615215,0
2006-09-13,4.50615215,4.50615215,4.50615215,4.50615215,0
2006-09-14,4.50615215,4.50615215,4.50615215,4.50615215,0
2006-09-15,4.50615215,4.50615215,4.50615215,4.50615215,0
2006-09-18,4.50615215,4.50615215,4.50615215,4.50615215,0
2006-09-19,4.50615215,4.50615215,4.50615215,4.50615215,0
2006-09-20,4.50615215,4.50615215,4.50615215,4.50615215,0
2006-09-21,4.50615215,4.50615215,4.50615215,4.50615215,0
2006-09-22,4.50615215,4.50615215,4.50615215,4.50615215,0
2006-09-25,4.50615215,4.50615215,4.50615215,4.50615215,0
2006-09-26,4.50615215,4.50615215,4.50615215,4.50615215,0
2006-09-27,4.50615215,4.50615215,4.50615215,4.50615215,0
2006-09-28,4.50615215,4.50615215,4.50615215,4.50615215,0
2006-09-29,4.50615215,4.50615215,4.50615215,4.50615215,0
2006-10-02,4.50615215,4.50615215,4.50615215,4.50615215,0
2006-10-03,4.50615215,4.50615215,4.50615215,4.50615215,0
2006-10-04,4.50615215,4.50615215,4.50615215,4.50615215,0
2006-10-05,4.50615215,4.50615215,4.50615215,4.50615215,0
2006-10-06,4.50615215,4.50615215,4.50615215,4.50615215,0
2006-10-09,4.50615215,4.50615215,4.50615215,4.50615215,0
2006-10-10,4.50615215,4.50615215,4.50615215,4.50615215,0
2006-10-11,4.50615215,4.50615215,4.50615215,4.50615215,0
2006-10-12,4.50615215,4.50615215,4.50615215,4.50615215,0
2006-10-13,4.50615215,4.50615215,4.50615215,4.50615215,0
2006-10-16,4.50615215,4.50615215,4.50615215,4.50615215,0
2006-10-17,4.50615215,4.50615215,4.50615215,4.50615215,0
2006-10-18,4.50615215,4.50615215,4.50615215,4.50615215,0
2006-10-19,4.50615215,4.50615215,4.50615215,4.50615215,0
2006-10-20,4.50615215,4.50615215,4.50615215,4.50615215,0
2006-10-23,4.50615215,4.50615215,4.50615215,4.50615215,0
2006-10-24,4.50615215,4.50615215,4.50615215,4.50615215,0
2006-10-25,4.50615215,4.50615215,4.50615215,4.50615215,0
2006-10-26,4.50615215,4.50615215,4.50615215,4.50615215,0
2006-10-27,4.50615215,4.50615215,4.50615215,4.50615215,0
2006-10-30,4.50615215,4.50615215,4.50615215,4.50615215,0
2006-10-31,4.50615215,4.50615215,4.50615215,4.50615215,0
2006-11-01,4.50615215,4.50615215,4.50615215,4.50615215,0
2006-11-02,4.50615215,4.50615215,4.50615215,4.50615215,0
2006-11-03,4.50615215,4.50615215,4.50615215,4.50615215,0
2006-11-06,4.50615215,4.50615215,4.50615215,4.50615215,0
2006-11-07,4.50615215,4.50615215,4.50615215,4.50615215,0
2006-11-08,4.50615215,4.50615215,4.50615215,4.50615215,0
2006-11-09,4.50615215,4.50615215,4.50615215,4.50615215,0
2006-11-10,4.50615215,4.50615215,4.50615215,4.50615215,0
2006-11-13,4.50615215,4.50615215,4.50615215,4.50615215,0
2006-11-14,4.50615215,4.50615215,4.50615215,4.50615215,0
2006-11-15,4.50615215,4.50615215,4.50615215,4.50615215,0
2006-11-16,4.50615215,4.50615215,4.50615215,4.50615215,0
2006-11-17,4.50615215,4.50615215,4.50615215,4.50615215,0
2006-11-20,4.50615215,4.50615215,4.50615215,4.50615215,0
2006-11-21,4.50615215,4.50615215,4.50615215,4.50615215,0
2006-11-22,4.50615215,4.50615215,4.50615215,4.50615215,0
2006-11-23,4.50615215,4.50615215,4.50615215,4.50615215,0
2006-11-24,4.50615215,4.50615215,4.50615215,4.50615215,0
2006-11-27,4.50615215,4.50615215,4.50615215,4.50615215,0
2006-11-28,4.50615215,4.50615215,4.50615215,4.50615215,0
2006-11-29,4.50615215,4.50615215,4.50615215,4.50615215,0
2006-11-30,4.50615215,4.50615215,4.50615215,4.50615215,0
2006-12-01,4.50615215,4.50615215,4.50615215,4.50615215,0
2006-12-04,4.50615215,4.50615215,4.50615215,4.50615215,0
2006-12-05,4.50615215,4.50615215,4.50615215,4.50615215,0
2006-12-06,4.50615215,4.50615215,4.50615215,4.50615215,0
2006-12-07,4.50615215,4.50615215,4.50615215,4.50615215,0
2006-12-08,4.50615215,4.50615215,4.50615215,4.50615215,0
2006-12-11,4.50615215,4.50615215,4.50615215,4.50615215,0
2006-12-12,4.50615215,4.50615215,4.50615215,4.50615215,0
2006-12-13,4.50615215,4.50615215,4.50615215,4.50615215,0
2006-12-14,4.50615215,4.50615215,4.50615215,4.50615215,0
2006-12-15,4.50615215,4.50615215,4.50615215,4.50615215,0
2006-12-18,4.50615215,4.50615215,4.50615215,4.50615215,0
2006-12-19,4.50615215,4.50615215,4.50615215,4.50615215,0
2006-12-20,4.50615215,4.50615215,4.50615215,4.50615215,0
2006-12-21,4.50615215,4.50615215,4.50615215,4.50615215,0
2006-12-22,4.50615215,4.50615215,4.50615215,4.50615215,0
2006-12-26,4.50615215,4.50615215,4.50615215,4.50615215,0
2006-12-27,4.50615215,4.50615215,4.50615215,4.50615215,0
2006-12-28,4.50615215,4.50615215,4.50615215,4.50615215,0
2007-01-02,4.50615215,4.50615215,4.50615215,4.50615215,0
2007-01-03,4.50615215,4.50615215,4.50615215,4.50615215,0
2007-01-04,4.50615215,4.50615215,4.50615215,4.50615215,0
2007-01-05,4.50615215,4.50615215,4.50615215,4.50615215,0
2007-01-08,4.50615215,4.50615215,4.50615215,4.50615215,0
2007-01-09,4.50615215,4.50615215,4.50615215,4.50615215,0
2007-01-10,4.50615215,4.50615215,4.50615215,4.50615215,0
2007-01-11,4.50615215,4.50615215,4.50615215,4.50615215,0
2007-01-12,4.50615215,4.50615215,4.50615215,4.50615215,0
2007-01-15,4.50615215,4.50615215,4.50615215,4.50615215,0
2007-01-16,4.50615215,4.50615215,4.50615215,4.50615215,0
2007-01-17,4.50615215,4.50615215,4.50615215,4.50615215,0
2007-01-18,0.60729802,0.60729802,0.60729802,0.60729802,0
2007-01-19,0.60729802,0.60729802,0.60729802,0.60729802,0
2007-01-22,0.60729802,0.60729802,0.60729802,0.60729802,0
2007-01-23,0.60729802,0.60729802,0.60729802,0.60729802,0
2007-01-24,0.60729802,0.60729802,0.60729802,0.60729802,0
2007-01-26,0.60729802,0.60729802,0.60729802,0.60729802,0
2007-01-29,0.60729802,0.60729802,0.60729802,0.60729802,0
2007-01-30,0.60729802,0.60729802,0.60729802,0.60729802,0
2007-01-31,0.60729802,0.60729802,0.60729802,0.60729802,0
2007-02-01,0.60729802,0.60729802,0.60729802,0.60729802,0
2007-02-02,0.60729802,0.60729802,0.60729802,0.60729802,0
2007-02-05,0.60729802,0.60729802,0.60729802,0.60729802,0
2007-02-06,0.60729802,0.60729802,0.60729802,0.60729802,0
2007-02-07,0.60729802,0.60729802,0.60729802,0.60729802,0
2007-02-08,0.60729802,0.60729802,0.60729802,0.60729802,0
2007-02-09,0.60729802,0.60729802,0.60729802,0.60729802,0
2007-02-12,0.60729802,0.60729802,0.60729802,0.60729802,0
2007-02-13,0.60729802,0.60729802,0.60729802,0.60729802,0
2007-02-14,0.60729802,0.60729802,0.60729802,0.60729802,0
2007-02-15,0.60729802,0.60729802,0.60729802,0.60729802,0
2007-02-16,0.60729802,0.60729802,0.60729802,0.60729802,0
2007-02-21,0.60729802,0.60729802,0.60729802,0.60729802,0
2007-02-22,0.60729802,0.60729802,0.60729802,0.60729802,0
2007-02-23,0.60729802,0.60729802,0.60729802,0.60729802,0
2007-02-26,0.60729802,0.60729802,0.60729802,0.60729802,0
2007-02-27,0.60729802,0.60729802,0.60729802,0.60729802,0
2007-02-28,0.60729802,0.60729802,0.60729802,0.60729802,0
2007-03-01,0.60729802,0.60729802,0.60729802,0.60729802,0
2007-03-02,0.60729802,0.60729802,0.60729802,0.60729802,0
2007-03-05,0.60729802,0.60729802,0.60729802,0.60729802,0
2007-03-06,0.60729802,0.60729802,0.60729802,0.60729802,0
2007-03-07,0.60729802,0.60729802,0.60729802,0.60729802,0
2007-03-08,0.60729802,0.60729802,0.60729802,0.60729802,0
2007-03-09,0.60729802,0.60729802,0.60729802,0.60729802,0
2007-03-12,0.60729802,0.60729802,0.60729802,0.60729802,0
2007-03-13,0.60729802,0.60729802,0.60729802,0.60729802,0
2007-03-14,0.60729802,0.60729802,0.60729802,0.60729802,0
2007-03-15,0.60729802,0.60729802,0.60729802,0.60729802,0
2007-03-16,0.60729802,0.60729802,0.60729802,0.60729802,0
2007-03-19,0.60729802,0.60729802,0.60729802,0.60729802,0
2007-03-20,0.60729802,0.60729802,0.60729802,0.60729802,0
2007-03-21,0.60729802,0.60729802,0.60729802,0.60729802,0
2007-03-22,0.60729802,0.60729802,0.60729802,0.60729802,0
2007-03-23,0.60729802,0.60729802,0.60729802,0.60729802,0
2007-03-26,0.60729802,0.60729802,0.60729802,0.60729802,0
2007-03-27,0.60729802,0.60729802,0.60729802,0.60729802,0
2007-03-28,0.60729802,0.60729802,0.60729802,0.60729802,0
2007-03-29,0.60729802,0.60729802,0.60729802,0.60729802,0
2007-03-30,0.60729802,0.60729802,0.60729802,0.60729802,0
2007-04-02,0.60729802,0.60729802,0.60729802,0.60729802,0
2007-04-03,0.60729802,0.60729802,0.60729802,0.60729802,0
2007-04-04,0.60729802,0.60729802,0.60729802,0.60729802,0
2007-04-05,0.60729802,0.60729802,0.60729802,0.60729802,0
2007-04-09,0.60729802,0.60729802,0.60729802,0.60729802,0
2007-04-10,0.60729802,0.60729802,0.60729802,0.60729802,0
2007-04-11,0.60729802,0.60729802,0.60729802,0.60729802,0
2007-04-12,0.60729802,0.60729802,0.60729802,0.60729802,0
2007-04-13,0.60729802,0.60729802,0.60729802,0.60729802,0
2007-04-16,0.60729802,0.60729802,0.60729802,0.60729802,0
2007-04-17,0.60729802,0.60729802,0.60729802,0.60729802,0
2007-04-18,0.60729802,0.60729802,0.60729802,0.60729802,0
2007-04-19,0.60729802,0.60729802,0.60729802,0.60729802,0
2007-04-20,0.60729802,0.60729802,0.60729802,0.60729802,0
2007-04-23,0.60729802,0.60729802,0.60729802,0.60729802,0
2007-04-24,0.60729802,0.60729802,0.60729802,0.60729802,0
2007-04-25,0.60729802,0.60729802,0.60729802,0.60729802,0
2007-04-26,0.60729802,0.60729802,0.60729802,0.60729802,0
2007-04-27,0.60729802,0.60729802,0.60729802,0.60729802,0
2007-04-30,0.60729802,0.60729802,0.60729802,0.60729802,0
2007-05-02,0.60729802,0.60729802,0.60729802,0.60729802,0
2007-05-03,0.60729802,0.60729802,0.60729802,0.60729802,0
2007-05-04,0.60729802,0.60729802,0.60729802,0.60729802,0
2007-05-07,0.60729802,0.60729802,0.60729802,0.60729802,0
2007-05-08,12.14596367,12.14596367,12.14596367,12.14596367,0
2007-05-09,12.14596367,12.14596367,12.14596367,12.14596367,0
2007-05-10,12.14596367,12.14596367,12.14596367,12.14596367,0
2007-05-11,12.14596367,12.14596367,12.14596367,12.14596367,0
2007-05-14,12.14596367,12.14596367,12.14596367,12.14596367,0
2007-05-15,12.14596367,12.14596367,12.14596367,12.14596367,0
2007-05-16,12.14596367,12.14596367,12.14596367,12.14596367,0
2007-05-17,12.14596367,12.14596367,12.14596367,12.14596367,0
2007-05-18,12.14596367,12.14596367,12.14596367,12.14596367,0
2007-05-21,12.14596367,12.14596367,12.14596367,12.14596367,0
2007-05-22,12.14596367,12.14596367,12.14596367,12.14596367,0
2007-05-23,12.14596367,12.14596367,12.14596367,12.14596367,0
2007-05-24,12.14596367,12.14596367,12.14596367,12.14596367,0
2007-05-25,12.14596367,12.14596367,12.14596367,12.14596367,0
2007-05-28,12.14596367,12.14596367,12.14596367,12.14596367,0
2007-05-29,12.14596367,12.14596367,12.14596367,12.14596367,0
2007-05-30,12.14596367,12.14596367,12.14596367,12.14596367,0
2007-05-31,12.14596367,12.14596367,12.14596367,12.14596367,0
2007-06-01,12.14596367,12.14596367,12.14596367,12.14596367,0
2007-06-04,12.14596367,12.14596367,12.14596367,12.14596367,0
2007-06-05,12.14596367,12.14596367,12.14596367,12.14596367,0
2007-06-06,12.14596367,12.14596367,12.14596367,12.14596367,0
2007-06-08,12.14596367,12.14596367,12.14596367,12.14596367,0
2007-06-11,12.14596367,12.14596367,12.14596367,12.14596367,0
2007-06-12,12.14596367,12.14596367,12.14596367,12.14596367,0
2007-06-13,12.14596367,12.14596367,12.14596367,12.14596367,0
2007-06-14,12.14596367,12.14596367,12.14596367,12.14596367,0
2007-06-15,12.14596367,12.14596367,12.14596367,12.14596367,0
2007-06-18,12.14596367,12.14596367,12.14596367,12.14596367,0
2007-06-19,12.14596367,12.14596367,12.14596367,12.14596367,0
2007-06-20,12.15203285,12.15203285,12.15203285,12.15203285,0
2007-06-21,12.15203285,12.15203285,12.15203285,12.15203285,0
2007-06-22,12.15203285,12.15203285,12.15203285,12.15203285,0
2007-06-25,12.15203285,12.15203285,12.15203285,12.15203285,0
2007-06-26,12.15203285,12.15203285,12.15203285,12.15203285,0
2007-06-27,12.15203285,12.15203285,12.15203285,12.15203285,0
2007-06-28,12.15203285,12.15203285,12.15203285,12.15203285,0
2007-06-29,12.15203285,12.15203285,12.15203285,12.15203285,0
2007-07-02,12.15203285,12.15203285,12.15203285,12.15203285,0
2007-07-03,12.15203285,12.15203285,12.15203285,12.15203285,0
2007-07-04,12.15203285,12.15203285,12.15203285,12.15203285,0
2007-07-05,12.15203285,12.15203285,12.15203285,12.15203285,0
2007-07-06,12.15203285,12.15203285,12.15203285,12.15203285,0
2007-07-10,12.15203285,12.15203285,12.15203285,12.15203285,0
2007-07-11,12.15203285,12.15203285,12.15203285,12.15203285,0
2007-07-12,12.15203285,12.15203285,12.15203285,12.15203285,0
2007-07-13,12.15203285,12.15203285,12.15203285,12.15203285,0
2007-07-16,12.15203285,12.15203285,12.15203285,12.15203285,0
2007-07-17,12.15203285,12.15203285,12.15203285,12.15203285,0
2007-07-18,12.15203285,12.15203285,12.15203285,12.15203285,0
2007-07-19,12.15203285,12.15203285,12.15203285,12.15203285,0
2007-07-20,12.15203285,12.15203285,12.15203285,12.15203285,0
2007-07-23,12.15203285,12.15203285,12.15203285,12.15203285,0
2007-07-24,12.15203285,12.15203285,12.15203285,12.15203285,0
2007-07-25,12.15203285,12.15203285,12.15203285,12.15203285,0
2007-07-26,12.15203285,12.15203285,12.15203285,12.15203285,0
2007-07-27,12.15203285,12.15203285,12.15203285,12.15203285,0
2007-07-30,12.15203285,12.15203285,12.15203285,12.15203285,0
2007-07-31,12.15203285,12.15203285,12.15203285,12.15203285,0
2007-08-01,12.15203285,12.15203285,12.15203285,12.15203285,0
2007-08-02,12.15203285,12.15203285,12.15203285,12.15203285,0
2007-08-03,12.15203285,12.15203285,12.15203285,12.15203285,0
2007-08-06,12.15203285,12.15203285,12.15203285,12.15203285,0
2007-08-07,12.15203285,12.15203285,12.15203285,12.15203285,0
2007-08-08,12.15203285,12.15203285,12.15203285,12.15203285,0
2007-08-09,12.15203285,12.15203285,12.15203285,12.15203285,0
2007-08-10,12.15203285,12.15203285,12.15203285,12.15203285,0
2007-08-13,12.15203285,12.15203285,12.15203285,12.15203285,0
2007-08-14,12.15203285,12.15203285,12.15203285,12.15203285,0
2007-08-15,12.15203285,12.15203285,12.15203285,12.15203285,0
2007-08-16,12.15203285,12.15203285,12.15203285,12.15203285,0
2007-08-17,12.15203285,12.15203285,12.15203285,12.15203285,0
2007-08-20,12.15203285,12.15203285,12.15203285,12.15203285,0
2007-08-21,12.15203285,12.15203285,12.15203285,12.15203285,0
2007-08-22,12.15203285,12.15203285,12.15203285,12.15203285,0
2007-08-23,12.15203285,12.15203285,12.15203285,12.15203285,0
2007-08-24,12.15203285,12.15203285,12.15203285,12.15203285,0
2007-08-27,12.15203285,12.15203285,12.15203285,12.15203285,0
2007-08-28,12.15203285,12.15203285,12.15203285,12.15203285,0
2007-08-29,12.15203285,12.15203285,12.15203285,12.15203285,0
2007-08-30,12.15203285,12.15203285,12.15203285,12.15203285,0
2007-08-31,12.15203285,12.15203285,12.15203285,12.15203285,0
2007-09-03,12.15203285,12.15203285,12.15203285,12.15203285,0
2007-09-04,12.15203285,12.15203285,12.15203285,12.15203285,0
2007-09-05,12.15203285,12.15203285,12.15203285,12.15203285,0
2007-09-06,12.15203285,12.15203285,12.15203285,12.15203285,0
2007-09-10,12.15203285,12.15203285,12.15203285,12.15203285,0
2007-09-11,12.15203285,12.15203285,12.15203285,12.15203285,0
2007-09-12,12.15203285,12.15203285,12.15203285,12.15203285,0
2007-09-13,12.15203285,12.15203285,12.15203285,12.15203285,0
2007-09-14,12.15203285,12.15203285,12.15203285,12.15203285,0
2007-09-17,12.15203285,12.15203285,12.15203285,12.15203285,0
2007-09-18,12.15203285,12.15203285,12.15203285,12.15203285,0
2007-09-19,12.15203285,12.15203285,12.15203285,12.15203285,0
2007-09-20,12.15203285,12.15203285,12.15203285,12.15203285,0
2007-09-21,12.15203285,12.15203285,12.15203285,12.15203285,0
2007-09-24,12.15203285,12.15203285,12.15203285,12.15203285,0
2007-09-25,12.15203285,12.15203285,12.15203285,12.15203285,0
2007-09-26,12.15203285,12.15203285,12.15203285,12.15203285,0
2007-09-27,12.15203285,12.15203285,12.15203285,12.15203285,0
2007-09-28,12.15203285,12.15203285,12.15203285,12.15203285,0
2007-10-01,12.15203285,12.15203285,12.15203285,12.15203285,0
2007-10-02,12.15203285,12.15203285,12.15203285,12.15203285,0
2007-10-03,12.15203285,12.15203285,12.15203285,12.15203285,0
2007-10-04,12.15203285,12.15203285,12.15203285,12.15203285,0
2007-10-05,12.15203285,12.15203285,12.15203285,12.15203285,0
2007-10-08,12.15203285,12.15203285,12.15203285,12.15203285,0
2007-10-09,12.15203285,12.15203285,12.15203285,12.15203285,0
2007-10-10,12.15203285,12.15203285,12.15203285,12.15203285,0
2007-10-11,12.15203285,12.15203285,12.15203285,12.15203285,0
2007-10-15,12.15203285,12.15203285,12.15203285,12.15203285,0
2007-10-16,12.15203285,12.15203285,12.15203285,12.15203285,0
2007-10-17,12.15203285,12.15203285,12.15203285,12.15203285,0
2007-10-18,12.15203285,12.15203285,12.15203285,12.15203285,0
2007-10-19,12.15203285,12.15203285,12.15203285,12.15203285,0
2007-10-22,12.15203285,12.15203285,12.15203285,12.15203285,0
2007-10-23,12.15203285,12.15203285,12.15203285,12.15203285,0
2007-10-24,12.15203285,12.15203285,12.15203285,12.15203285,0
2007-10-25,12.15203285,12.15203285,12.15203285,12.15203285,0
2007-10-26,12.15203285,12.15203285,12.15203285,12.15203285,0
2007-10-29,12.15203285,12.15203285,12.15203285,12.15203285,0
2007-10-30,12.15203285,12.15203285,12.15203285,12.15203285,0
2007-10-31,12.15203285,12.15203285,12.15203285,12.15203285,0
2007-11-01,12.15203285,12.15203285,12.15203285,12.15203285,0
2007-11-05,12.15203285,12.15203285,12.15203285,12.15203285,0
2007-11-06,12.15203285,12.15203285,12.15203285,12.15203285,0
2007-11-07,12.15203285,12.15203285,12.15203285,12.15203285,0
2007-11-08,12.15203285,12.15203285,12.15203285,12.15203285,0
2007-11-09,12.15203285,12.15203285,12.15203285,12.15203285,0
2007-11-12,12.15203285,12.15203285,12.15203285,12.15203285,0
2007-11-13,12.15203285,12.15203285,12.15203285,12.15203285,0
2007-11-14,12.15203285,12.15203285,12.15203285,12.15203285,0
2007-11-16,12.15203285,12.15203285,12.15203285,12.15203285,0
2007-11-19,12.15203285,12.15203285,12.15203285,12.15203285,0
2007-11-21,12.15203285,12.15203285,12.15203285,12.15203285,0
2007-11-22,12.15203285,12.15203285,12.15203285,12.15203285,0
2007-11-23,12.15203285,12.15203285,12.15203285,12.15203285,0
2007-11-26,12.15203285,12.15203285,12.15203285,12.15203285,0
2007-11-27,12.15203285,12.15203285,12.15203285,12.15203285,0
2007-11-28,12.15203285,12.15203285,12.15203285,12.15203285,0
2007-11-29,12.15203285,12.15203285,12.15203285,12.15203285,0
2007-11-30,12.15203285,12.15203285,12.15203285,12.15203285,0
2007-12-03,12.15203285,12.15203285,12.15203285,12.15203285,0
2007-12-04,12.15203285,12.15203285,12.15203285,12.15203285,0
2007-12-05,12.15203285,12.15203285,12.15203285,12.15203285,0
2007-12-06,12.15203285,12.15203285,12.15203285,12.15203285,0
2007-12-07,12.15203285,12.15203285,12.15203285,12.15203285,0
2007-12-10,12.15203285,12.15203285,12.15203285,12.15203285,0
2007-12-11,12.15203285,12.15203285,12.15203285,12.15203285,0
2007-12-12,12.15203285,12.15203285,12.15203285,12.15203285,0
2007-12-13,12.15203285,12.15203285,12.15203285,12.15203285,0
2007-12-14,12.15203285,12.15203285,12.15203285,12.15203285,0
2007-12-17,12.15203285,12.15203285,12.15203285,12.15203285,0
2007-12-18,12.15203285,12.15203285,12.15203285,12.15203285,0
2007-12-19,12.15203285,12.15203285,12.15203285,12.15203285,0
2007-12-20,12.15203285,12.15203285,12.15203285,12.15203285,0
2007-12-21,12.15203285,12.15203285,12.15203285,12.15203285,0
2007-12-26,12.15203285,12.15203285,12.15203285,12.15203285,0
2007-12-27,12.15203285,12.15203285,12.15203285,12.15203285,0
2007-12-28,12.15203285,12.15203285,12.15203285,12.15203285,0
2008-01-02,12.15203285,12.15203285,12.15203285,12.15203285,0
2008-01-03,12.15203285,12.15203285,12.15203285,12.15203285,0
2008-01-04,12.15203285,12.15203285,12.15203285,12.15203285,0
2008-01-07,12.15203285,12.15203285,12.15203285,12.15203285,0
2008-01-08,12.15203285,12.15203285,12.15203285,12.15203285,0
2008-01-09,12.15203285,12.15203285,12.15203285,12.15203285,0
2008-01-10,12.15203285,12.15203285,12.15203285,12.15203285,0
2008-01-11,12.15203285,12.15203285,12.15203285,12.15203285,0
2008-01-14,12.15203285,12.15203285,12.15203285,12.15203285,0
2008-01-15,12.15203285,12.15203285,12.15203285,12.15203285,0
2008-01-16,12.15203285,12.15203285,12.15203285,12.15203285,0
2008-01-17,12.15203285,12.15203285,12.15203285,12.15203285,0
2008-01-18,12.15203285,12.15203285,12.15203285,12.15203285,0
2008-01-21,12.15203285,12.15203285,12.15203285,12.15203285,0
2008-01-22,12.15203285,12.15203285,12.15203285,12.15203285,0
2008-01-23,12.15203285,12.15203285,12.15203285,12.15203285,0
2008-01-24,12.15203285,12.15203285,12.15203285,12.15203285,0
2008-01-28,12.15203285,12.15203285,12.15203285,12.15203285,0
2008-01-29,12.15203285,12.15203285,12.15203285,12.15203285,0
2008-01-30,12.15203285,12.15203285,12.15203285,12.15203285,0
2008-01-31,12.15203285,12.15203285,12.15203285,12.15203285,0
2008-02-01,12.15203285,12.15203285,12.15203285,12.15203285,0
2008-02-06,12.15203285,12.15203285,12.15203285,12.15203285,0
2008-02-07,12.15203285,12.15203285,12.15203285,12.15203285,0
2008-02-08,12.15203285,12.15203285,12.15203285,12.15203285,0
2008-02-11,12.15203285,12.15203285,12.15203285,12.15203285,0
2008-02-12,12.15203285,12.15203285,12.15203285,12.15203285,0
2008-02-13,12.15203285,12.15203285,12.15203285,12.15203285,0
2008-02-14,12.15203285,12.15203285,12.15203285,12.15203285,0
2008-02-15,12.15203285,12.15203285,12.15203285,12.15203285,0
2008-02-18,12.15203285,12.15203285,12.15203285,12.15203285,0
2008-02-19,12.15203285,12.15203285,12.15203285,12.15203285,0
2008-02-20,12.15203285,12.15203285,12.15203285,12.15203285,0
2008-02-21,12.15203285,12.15203285,12.15203285,12.15203285,0
2008-02-22,12.15203285,12.15203285,12.15203285,12.15203285,0
2008-02-25,12.15203285,12.15203285,12.15203285,12.15203285,0
2008-02-26,12.15203285,12.15203285,12.15203285,12.15203285,0
2008-02-27,12.15203285,12.15203285,12.15203285,12.15203285,0
2008-02-28,12.15203285,12.15203285,12.15203285,12.15203285,0
2008-02-29,12.15203285,12.15203285,12.15203285,12.15203285,0
2008-03-03,12.15203285,12.15203285,12.15203285,12.15203285,0
2008-03-04,12.15203285,12.15203285,12.15203285,12.15203285,0
2008-03-05,12.15203285,12.15203285,12.15203285,12.15203285,0
2008-03-06,12.15203285,12.15203285,12.15203285,12.15203285,0
2008-03-07,12.15203285,12.15203285,12.15203285,12.15203285,0
2008-03-10,12.15203285,12.15203285,12.15203285,12.15203285,0
2008-03-11,12.15203285,12.15203285,12.15203285,12.15203285,0
2008-03-12,12.15203285,12.15203285,12.15203285,12.15203285,0
2008-03-13,12.15203285,12.15203285,12.15203285,12.15203285,0
2008-03-14,12.15203285,12.15203285,12.15203285,12.15203285,0
2008-03-17,12.15203285,12.15203285,12.15203285,12.15203285,0
2008-03-18,12.15203285,12.15203285,12.15203285,12.15203285,0
2008-03-19,12.15203285,12.15203285,12.15203285,12.15203285,0
2008-03-20,12.15203285,12.15203285,12.15203285,12.15203285,0
2008-03-24,12.15203285,12.15203285,12.15203285,12.15203285,0
2008-03-25,12.15203285,12.15203285,12.15203285,12.15203285,0
2008-03-26,12.15203285,12.15203285,12.15203285,12.15203285,0
2008-03-27,12.15203285,12.15203285,12.15203285,12.15203285,0
2008-03-28,12.15203285,12.15203285,12.15203285,12.15203285,0
2008-03-31,12.15203285,12.15203285,12.15203285,12.15203285,0
2008-04-01,12.15203285,12.15203285,12.15203285,12.15203285,0
2008-04-02,12.15203285,12.15203285,12.15203285,12.15203285,0
2008-04-03,12.15203285,12.15203285,12.15203285,12.15203285,0
2008-04-04,12.15203285,12.15203285,12.15203285,12.15203285,0
2008-04-07,12.15203285,12.15203285,12.15203285,12.15203285,0
2008-04-08,12.15203285,12.15203285,12.15203285,12.15203285,0
2008-04-09,12.15203285,12.15203285,12.15203285,12.15203285,0
2008-04-10,12.15203285,12.15203285,12.15203285,12.15203285,0
2008-04-11,12.15203285,12.15203285,12.15203285,12.15203285,0
2008-04-14,12.15203285,12.15203285,12.15203285,12.15203285,0
2008-04-15,12.15203285,12.15203285,12.15203285,12.15203285,0
2008-04-16,12.15203285,12.15203285,12.15203285,12.15203285,0
2008-04-17,12.15203285,12.15203285,12.15203285,12.15203285,0
2008-04-18,12.15203285,12.15203285,12.15203285,12.15203285,0
2008-04-22,12.15203285,12.15203285,12.15203285,12.15203285,0
2008-04-23,12.15203285,12.15203285,12.15203285,12.15203285,0
2008-04-24,12.15203285,12.15203285,12.15203285,12.15203285,0
2008-04-25,12.15203285,12.15203285,12.15203285,12.15203285,0
2008-04-28,12.15203285,12.15203285,12.15203285,12.15203285,0
2008-04-29,12.15203285,12.15203285,12.15203285,12.15203285,0
2008-04-30,12.15203285,12.15203285,12.15203285,12.15203285,0
2008-05-02,12.15203285,12.15203285,12.15203285,12.15203285,0
2008-05-05,12.15203285,12.15203285,12.15203285,12.15203285,0
2008-05-06,12.15203285,12.15203285,12.15203285,12.15203285,0
2008-05-07,12.15203285,12.15203285,12.15203285,12.15203285,0
2008-05-08,12.15203285,12.15203285,12.15203285,12.15203285,0
2008-05-09,12.15203285,12.15203285,12.15203285,12.15203285,0
2008-05-12,12.15203285,12.15203285,12.15203285,12.15203285,0
2008-05-13,12.15203285,12.15203285,12.15203285,12.15203285,0
2008-05-14,12.15203285,12.15203285,12.15203285,12.15203285,0
2008-05-15,12.15203285,12.15203285,12.15203285,12.15203285,0
2008-05-16,12.15203285,12.15203285,12.15203285,12.15203285,0
2008-05-19,12.15203285,12.15203285,12.15203285,12.15203285,0
2008-05-20,12.15203285,12.15203285,12.15203285,12.15203285,0
2008-05-21,12.15203285,12.15203285,12.15203285,12.15203285,0
2008-05-23,12.15203285,12.15203285,12.15203285,12.15203285,0
2008-05-26,12.15203285,12.15203285,12.15203285,12.15203285,0
2008-05-27,12.15203285,12.15203285,12.15203285,12.15203285,0
2008-05-28,12.15203285,12.15203285,12.15203285,12.15203285,0
2008-05-29,12.15203285,12.15203285,12.15203285,12.15203285,0
2008-05-30,12.15203285,12.15203285,12.15203285,12.15203285,0
2008-06-02,12.15203285,12.15203285,12.15203285,12.15203285,0
2008-06-03,12.15203285,12.15203285,12.15203285,12.15203285,0
2008-06-04,12.15203285,12.15203285,12.15203285,12.15203285,0
2008-06-05,12.15203285,12.15203285,12.15203285,12.15203285,0
2008-06-06,12.15203285,12.15203285,12.15203285,12.15203285,0
2008-06-09,12.15203285,12.15203285,12.15203285,12.15203285,0
2008-06-10,12.15203285,12.15203285,12.15203285,12.15203285,0
2008-06-11,12.15203285,12.15203285,12.15203285,12.15203285,0
2008-06-12,12.15203285,12.15203285,12.15203285,12.15203285,0
2008-06-13,12.15203285,12.15203285,12.15203285,12.15203285,0
2008-06-16,12.15203285,12.15203285,12.15203285,12.15203285,0
2008-06-17,12.15203285,12.15203285,12.15203285,12.15203285,0
2008-06-18,12.15203285,12.15203285,12.15203285,12.15203285,0
2008-06-19,12.15203285,12.15203285,12.15203285,12.15203285,0
2008-06-20,12.15203285,12.15203285,12.15203285,12.15203285,0
2008-06-23,12.15203285,12.15203285,12.15203285,12.15203285,0
2008-06-24,12.15203285,12.15203285,12.15203285,12.15203285,0
2008-06-25,12.15203285,12.15203285,12.15203285,12.15203285,0
2008-06-26,12.15203285,12.15203285,12.15203285,12.15203285,0
2008-06-27,12.15203285,12.15203285,12.15203285,12.15203285,0
2008-06-30,12.15203285,12.15203285,12.15203285,12.15203285,0
2008-07-01,12.15203285,12.15203285,12.15203285,12.15203285,0
2008-07-02,12.15203285,12.15203285,12.15203285,12.15203285,0
2008-07-03,12.15203285,12.15203285,12.15203285,12.15203285,0
2008-07-04,12.15203285,12.15203285,12.15203285,12.15203285,0
2008-07-07,12.15203285,12.15203285,12.15203285,12.15203285,0
2008-07-08,12.15203285,12.15203285,12.15203285,12.15203285,0
2008-07-10,12.15203285,12.15203285,12.15203285,12.15203285,0
2008-07-11,12.15203285,12.15203285,12.15203285,12.15203285,0
2008-07-14,12.15203285,12.15203285,12.15203285,12.15203285,0
2008-07-15,12.15203285,12.15203285,12.15203285,12.15203285,0
2008-07-16,12.15203285,12.15203285,12.15203285,12.15203285,0
2008-07-17,12.15203285,12.15203285,12.15203285,12.15203285,0
2008-07-18,12.15203285,12.15203285,12.15203285,12.15203285,0
2008-07-21,12.15203285,12.15203285,12.15203285,12.15203285,0
2008-07-22,12.15203285,12.15203285,12.15203285,12.15203285,0
2008-07-23,12.15203285,12.15203285,12.15203285,12.15203285,0
2008-07-24,12.15203285,12.15203285,12.15203285,12.15203285,0
2008-07-25,12.15203285,12.15203285,12.15203285,12.15203285,0
2008-07-28,12.15203285,12.15203285,12.15203285,12.15203285,0
2008-07-29,12.15203285,12.15203285,12.15203285,12.15203285,0
2008-07-30,12.15203285,12.15203285,12.15203285,12.15203285,0
2008-07-31,12.15203285,12.15203285,12.15203285,12.15203285,0
2008-08-01,12.15203285,12.15203285,12.15203285,12.15203285,0
2008-08-04,12.15203285,12.15203285,12.15203285,12.15203285,0
2008-08-05,12.15203285,12.15203285,12.15203285,12.15203285,0
2008-08-06,12.15203285,12.15203285,12.15203285,12.15203285,0
2008-08-07,12.15203285,12.15203285,12.15203285,12.15203285,0
2008-08-08,12.15203285,12.15203285,12.15203285,12.15203285,0
2008-08-11,12.15203285,12.15203285,12.15203285,12.15203285,0
2008-08-12,12.15203285,12.15203285,12.15203285,12.15203285,0
2008-08-13,12.15203285,12.15203285,12.15203285,12.15203285,0
2008-08-14,12.15203285,12.15203285,12.15203285,12.15203285,0
2008-08-15,12.15203285,12.15203285,12.15203285,12.15203285,0
2008-08-18,12.15203285,12.15203285,12.15203285,12.15203285,0
2008-08-19,12.15203285,12.15203285,12.15203285,12.15203285,0
2008-08-20,12.15203285,12.15203285,12.15203285,12.15203285,0
2008-08-21,12.15203285,12.15203285,12.15203285,12.15203285,0
2008-08-22,12.15203285,12.15203285,12.15203285,12.15203285,0
2008-08-25,12.15203285,12.15203285,12.15203285,12.15203285,0
2008-08-26,12.15203285,12.15203285,12.15203285,12.15203285,0
2008-08-27,12.15203285,12.15203285,12.15203285,12.15203285,0
2008-08-28,12.15203285,12.15203285,12.15203285,12.15203285,0
2008-08-29,12.15203285,12.15203285,12.15203285,12.15203285,0
2008-09-01,12.15203285,12.15203285,12.15203285,12.15203285,0
2008-09-02,12.15203285,12.15203285,12.15203285,12.15203285,0
2008-09-03,12.15203285,12.15203285,12.15203285,12.15203285,0
2008-09-04,12.15203285,12.15203285,12.15203285,12.15203285,0
2008-09-05,12.15203285,12.15203285,12.15203285,12.15203285,0
2008-09-08,12.15203285,12.15203285,12.15203285,12.15203285,0
2008-09-09,12.15203285,12.15203285,12.15203285,12.15203285,0
2008-09-10,12.15203285,12.15203285,12.15203285,12.15203285,0
2008-09-11,12.15203285,12.15203285,12.15203285,12.15203285,0
2008-09-12,12.15203285,12.15203285,12.15203285,12.15203285,0
2008-09-15,12.15203285,12.15203285,12.15203285,12.15203285,0
2008-09-16,12.15203285,12.15203285,12.15203285,12.15203285,0
2008-09-17,12.15203285,12.15203285,12.15203285,12.15203285,0
2008-09-18,12.15203285,12.15203285,12.15203285,12.15203285,0
2008-09-19,12.15203285,12.15203285,12.15203285,12.15203285,0
2008-09-22,12.15203285,12.15203285,12.15203285,12.15203285,0
2008-09-23,12.15203285,12.15203285,12.15203285,12.15203285,0
2008-09-24,12.15203285,12.15203285,12.15203285,12.15203285,0
2008-09-25,12.15203285,12.15203285,12.15203285,12.15203285,0
2008-09-26,12.15203285,12.15203285,12.15203285,12.15203285,0
2008-09-29,12.15203285,12.15203285,12.15203285,12.15203285,0
2008-09-30,12.15203285,12.15203285,12.15203285,12.15203285,0
2008-10-01,12.15203285,12.15203285,12.15203285,12.15203285,0
2008-10-02,12.15203285,12.15203285,12.15203285,12.15203285,0
2008-10-03,12.15203285,12.15203285,12.15203285,12.15203285,0
2008-10-06,12.15203285,12.15203285,12.15203285,12.15203285,0
2008-10-07,12.15203285,12.15203285,12.15203285,12.15203285,0
2008-10-08,12.15203285,12.15203285,12.15203285,12.15203285,0
2008-10-09,12.15203285,12.15203285,12.15203285,12.15203285,0
2008-10-10,12.15203285,12.15203285,12.15203285,12.15203285,0
2008-10-13,12.15203285,12.15203285,12.15203285,12.15203285,0
2008-10-14,12.15203285,12.15203285,12.15203285,12.15203285,0
2008-10-15,12.15203285,12.15203285,12.15203285,12.15203285,0
2008-10-16,12.15203285,12.15203285,12.15203285,12.15203285,0
2008-10-17,12.15203285,12.15203285,12.15203285,12.15203285,0
2008-10-20,12.15203285,12.15203285,12.15203285,12.15203285,0
2008-10-21,12.15203285,12.15203285,12.15203285,12.15203285,0
2008-10-22,12.15203285,12.15203285,12.15203285,12.15203285,0
2008-10-23,12.15203285,12.15203285,12.15203285,12.15203285,0
2008-10-24,12.15203285,12.15203285,12.15203285,12.15203285,0
2008-10-27,12.15203285,12.15203285,12.15203285,12.15203285,0
2008-10-28,12.15203285,12.15203285,12.15203285,12.15203285,0
2008-10-29,12.15203285,12.15203285,12.15203285,12.15203285,0
2008-10-30,12.15203285,12.15203285,12.15203285,12.15203285,0
2008-10-31,12.15203285,12.15203285,12.15203285,12.15203285,0
2008-11-03,12.15203285,12.15203285,12.15203285,12.15203285,0
2008-11-04,12.15203285,12.15203285,12.15203285,12.15203285,0
2008-11-05,12.15203285,12.15203285,12.15203285,12.15203285,0
2008-11-06,12.15203285,12.15203285,12.15203285,12.15203285,0
2008-11-07,12.15203285,12.15203285,12.15203285,12.15203285,0
2008-11-10,12.15203285,12.15203285,12.15203285,12.15203285,0
2008-11-11,12.15203285,12.15203285,12.15203285,12.15203285,0
2008-11-12,12.15203285,12.15203285,12.15203285,12.15203285,0
2008-11-13,12.15203285,12.15203285,12.15203285,12.15203285,0
2008-11-14,12.15203285,12.15203285,12.15203285,12.15203285,0
2008-11-17,12.15203285,12.15203285,12.15203285,12.15203285,0
2008-11-18,12.15203285,12.15203285,12.15203285,12.15203285,0
2008-11-19,12.15203285,12.15203285,12.15203285,12.15203285,0
2008-11-21,12.15203285,12.15203285,12.15203285,12.15203285,0
2008-11-24,12.15203285,12.15203285,12.15203285,12.15203285,0
2008-11-25,12.15203285,12.15203285,12.15203285,12.15203285,0
2008-11-26,12.15203285,12.15203285,12.15203285,12.15203285,0
2008-11-27,12.15203285,12.15203285,12.15203285,12.15203285,0
2008-11-28,12.15203285,12.15203285,12.15203285,12.15203285,0
2008-12-01,12.15203285,12.15203285,12.15203285,12.15203285,0
2008-12-02,12.15203285,12.15203285,12.15203285,12.15203285,0
2008-12-03,12.15203285,12.15203285,12.15203285,12.15203285,0
2008-12-04,12.15203285,12.15203285,12.15203285,12.15203285,0
2008-12-05,12.15203285,12.15203285,12.15203285,12.15203285,0
2008-12-08,12.15203285,12.15203285,12.15203285,12.15203285,0
2008-12-09,12.15203285,12.15203285,12.15203285,12.15203285,0
2008-12-10,12.15203285,12.15203285,12.15203285,12.15203285,0
2008-12-11,12.15203285,12.15203285,12.15203285,12.15203285,0
2008-12-12,12.15203285,12.15203285,12.15203285,12.15203285,0
2008-12-15,12.15203285,12.15203285,12.15203285,12.15203285,0
2008-12-16,12.15203285,12.15203285,12.15203285,12.15203285,0
2008-12-17,12.15203285,12.15203285,12.15203285,12.15203285,0
2008-12-18,12.15203285,12.15203285,12.15203285,12.15203285,0
2008-12-19,12.15203285,12.15203285,12.15203285,12.15203285,0
2008-12-22,12.15203285,12.15203285,12.15203285,12.15203285,0
2008-12-23,12.15203285,12.15203285,12.15203285,12.15203285,0
2008-12-26,12.15203285,12.15203285,12.15203285,12.15203285,0
2008-12-29,12.15203285,12.15203285,12.15203285,12.15203285,0
2008-12-30,12.15203285,12.15203285,12.15203285,12.15203285,0
2009-01-02,12.15203285,12.15203285,12.15203285,12.15203285,0
2009-01-05,12.15203285,12.15203285,12.15203285,12.15203285,0
2009-01-06,12.15203285,12.15203285,12.15203285,12.15203285,0
2009-01-07,12.15203285,12.15203285,12.15203285,12.15203285,0
2009-01-08,12.15203285,12.15203285,12.15203285,12.15203285,0
2009-01-09,12.15203285,12.15203285,12.15203285,12.15203285,0
2009-01-12,12.15203285,12.15203285,12.15203285,12.15203285,0
2009-01-13,12.15203285,12.15203285,12.15203285,12.15203285,0
2009-01-14,12.15203285,12.15203285,12.15203285,12.15203285,0
2009-01-15,12.15203285,12.15203285,12.15203285,12.15203285,0
2009-01-16,12.15203285,12.15203285,12.15203285,12.15203285,0
2009-01-19,12.15203285,12.15203285,12.15203285,12.15203285,0
2009-01-20,12.15203285,12.15203285,12.15203285,12.15203285,0
2009-01-21,12.15203285,12.15203285,12.15203285,12.15203285,0
2009-01-22,12.15203285,12.15203285,12.15203285,12.15203285,0
2009-01-23,12.15203285,12.15203285,12.15203285,12.15203285,0
2009-01-26,12.15203285,12.15203285,12.15203285,12.15203285,0
2009-01-27,12.15203285,12.15203285,12.15203285,12.15203285,0
2009-01-28,12.15203285,12.15203285,12.15203285,12.15203285,0
2009-01-29,12.15203285,12.15203285,12.15203285,12.15203285,0
2009-01-30,12.15203285,12.15203285,12.15203285,12.15203285,0
2009-02-02,12.15203285,12.15203285,12.15203285,12.15203285,0
2009-02-03,12.15203285,12.15203285,12.15203285,12.15203285,0
2009-02-04,12.15203285,12.15203285,12.15203285,12.15203285,0
2009-02-05,12.15203285,12.15203285,12.15203285,12.15203285,0
2009-02-06,12.15203285,12.15203285,12.15203285,12.15203285,0
2009-02-09,12.15203285,12.15203285,12.15203285,12.15203285,0
2009-02-10,12.15203285,12.15203285,12.15203285,12.15203285,0
2009-02-11,12.15203285,12.15203285,12.15203285,12.15203285,0
2009-02-12,12.15203285,12.15203285,12.15203285,12.15203285,0
2009-02-13,12.15203285,12.15203285,12.15203285,12.15203285,0
2009-02-16,12.15203285,12.15203285,12.15203285,12.15203285,0
2009-02-17,12.15203285,12.15203285,12.15203285,12.15203285,0
2009-02-18,12.15203285,12.15203285,12.15203285,12.15203285,0
2009-02-19,12.15203285,12.15203285,12.15203285,12.15203285,0
2009-02-20,12.15203285,12.15203285,12.15203285,12.15203285,0
2009-02-25,12.15203285,12.15203285,12.15203285,12.15203285,0
2009-02-26,12.15203285,12.15203285,12.15203285,12.15203285,0
2009-02-27,12.15203285,12.15203285,12.15203285,12.15203285,0
2009-03-02,12.15203285,12.15203285,12.15203285,12.15203285,0
2009-03-03,12.15203285,12.15203285,12.15203285,12.15203285,0
2009-03-04,12.15203285,12.15203285,12.15203285,12.15203285,0
2009-03-05,12.15203285,12.15203285,12.15203285,12.15203285,0
2009-03-06,12.15203285,12.15203285,12.15203285,12.15203285,0
2009-03-09,12.15203285,12.15203285,12.15203285,12.15203285,0
2009-03-10,12.15203285,12.15203285,12.15203285,12.15203285,0
2009-03-11,12.15203285,12.15203285,12.15203285,12.15203285,0
2009-03-12,12.15203285,12.15203285,12.15203285,12.15203285,0
2009-03-13,12.15203285,12.15203285,12.15203285,12.15203285,0
2009-03-16,12.15203285,12.15203285,12.15203285,12.15203285,0
2009-03-17,12.15203285,12.15203285,12.15203285,12.15203285,0
2009-03-18,12.15203285,12.15203285,12.15203285,12.15203285,0
2009-03-19,12.15203285,12.15203285,12.15203285,12.15203285,0
2009-03-20,12.15203285,12.15203285,12.15203285,12.15203285,0
2009-03-23,12.15203285,12.15203285,12.15203285,12.15203285,0
2009-03-24,12.15203285,12.15203285,12.15203285,12.15203285,0
2009-03-25,12.15203285,12.15203285,12.15203285,12.15203285,0
2009-03-26,12.15203285,12.15203285,12.15203285,12.15203285,0
2009-03-27,12.15203285,12.15203285,12.15203285,12.15203285,0
2009-03-30,12.15203285,12.15203285,12.15203285,12.15203285,0
2009-03-31,12.15203285,12.15203285,12.15203285,12.15203285,0
2009-04-01,12.15203285,12.15203285,12.15203285,12.15203285,0
2009-04-02,12.15203285,12.15203285,12.15203285,12.15203285,0
2009-04-03,12.15203285,12.15203285,12.15203285,12.15203285,0
2009-04-06,12.15203285,12.15203285,12.15203285,12.15203285,0
2009-04-07,12.15203285,12.15203285,12.15203285,12.15203285,0
2009-04-08,12.15203285,12.15203285,12.15203285,12.15203285,0
2009-04-09,12.15203285,12.15203285,12.15203285,12.15203285,0
2009-04-13,12.15203285,12.15203285,12.15203285,12.15203285,0
2009-04-14,12.15203285,12.15203285,12.15203285,12.15203285,0
2009-04-15,12.15203285,12.15203285,12.15203285,12.15203285,0
2009-04-16,12.15203285,12.15203285,12.15203285,12.15203285,0
2009-04-17,12.15203285,12.15203285,12.15203285,12.15203285,0
2009-04-20,12.15203285,12.15203285,12.15203285,12.15203285,0
2009-04-22,12.15203285,12.15203285,12.15203285,12.15203285,0
2009-04-23,12.15203285,12.15203285,12.15203285,12.15203285,0
2009-04-24,12.15203285,12.15203285,12.15203285,12.15203285,0
2009-04-27,12.15203285,12.15203285,12.15203285,12.15203285,0
2009-04-28,12.15203285,12.15203285,12.15203285,12.15203285,0
2009-04-29,12.15203285,12.15203285,12.15203285,12.15203285,0
2009-04-30,12.15203285,12.15203285,12.15203285,12.15203285,0
2009-05-04,12.15203285,12.15203285,12.15203285,12.15203285,0
2009-05-05,12.15203285,12.15203285,12.15203285,12.15203285,0
2009-05-06,12.15203285,12.15203285,12.15203285,12.15203285,0
2009-05-07,12.15203285,12.15203285,12.15203285,12.15203285,0
2009-05-08,12.15203285,12.15203285,12.15203285,12.15203285,0
2009-05-11,12.15203285,12.15203285,12.15203285,12.15203285,0
2009-05-12,12.15203285,12.15203285,12.15203285,12.15203285,0
2009-05-13,12.15203285,12.15203285,12.15203285,12.15203285,0
2009-05-14,12.15203285,12.15203285,12.15203285,12.15203285,0
2009-05-15,12.15203285,12.15203285,12.15203285,12.15203285,0
2009-05-18,12.15203285,12.15203285,12.15203285,12.15203285,0
2009-05-19,12.15203285,12.15203285,12.15203285,12.15203285,0
2009-05-20,12.15203285,12.15203285,12.15203285,12.15203285,0
2009-05-21,12.15203285,12.15203285,12.15203285,12.15203285,0
2009-05-22,12.15203285,12.15203285,12.15203285,12.15203285,0
2009-05-25,12.15203285,12.15203285,12.15203285,12.15203285,0
2009-05-26,12.15203285,12.15203285,12.15203285,12.15203285,0
2009-05-27,12.15203285,12.15203285,12.15203285,12.15203285,0
2009-05-28,12.15203285,12.15203285,12.15203285,12.15203285,0
2009-05-29,12.15203285,12.15203285,12.15203285,12.15203285,0
2009-06-01,12.15203285,12.15203285,12.15203285,12.15203285,0
2009-06-02,12.15203285,12.15203285,12.15203285,12.15203285,0
2009-06-03,12.15203285,12.15203285,12.15203285,12.15203285,0
2009-06-04,12.15203285,12.15203285,12.15203285,12.15203285,0
2009-06-05,12.15203285,12.15203285,12.15203285,12.15203285,0
2009-06-08,12.15203285,12.15203285,12.15203285,12.15203285,0
2009-06-09,12.15203285,12.15203285,12.15203285,12.15203285,0
2009-06-10,12.15203285,12.15203285,12.15203285,12.15203285,0
2009-06-12,12.15203285,12.15203285,12.15203285,12.15203285,0
2009-06-15,12.15203285,12.15203285,12.15203285,12.15203285,0
2009-06-16,12.15203285,12.15203285,12.15203285,12.15203285,0
2009-06-17,12.15203285,12.15203285,12.15203285,12.15203285,0
2009-06-18,12.15203285,12.15203285,12.15203285,12.15203285,0
2009-06-19,12.15203285,12.15203285,12.15203285,12.15203285,0
2009-06-22,12.15203285,12.15203285,12.15203285,12.15203285,0
2009-06-23,12.15203285,12.15203285,12.15203285,12.15203285,0
2009-06-24,12.15203285,12.15203285,12.15203285,12.15203285,0
2009-06-25,12.15203285,12.15203285,12.15203285,12.15203285,0
2009-06-26,12.15203285,12.15203285,12.15203285,12.15203285,0
2009-06-29,12.15203285,12.15203285,12.15203285,12.15203285,0
2009-06-30,12.15203285,12.15203285,12.15203285,12.15203285,0
2009-07-01,12.15203285,12.15203285,12.15203285,12.15203285,0
2009-07-02,12.15203285,12.15203285,12.15203285,12.15203285,0
2009-07-03,12.15203285,12.15203285,12.15203285,12.15203285,0
2009-07-06,12.15203285,12.15203285,12.15203285,12.15203285,0
2009-07-07,12.15203285,12.15203285,12.15203285,12.15203285,0
2009-07-08,12.15203285,12.15203285,12.15203285,12.15203285,0
2009-07-09,12.15203285,12.15203285,12.15203285,12.15203285,0
2009-07-10,12.15203285,12.15203285,12.15203285,12.15203285,0
2009-07-13,12.15203285,12.15203285,12.15203285,12.15203285,0
2009-07-14,12.15203285,12.15203285,12.15203285,12.15203285,0
2009-07-15,12.15203285,12.15203285,12.15203285,12.15203285,0
2009-07-16,12.15203285,12.15203285,12.15203285,12.15203285,0
2009-07-17,12.15203285,12.15203285,12.15203285,12.15203285,0
2009-07-20,12.15203285,12.15203285,12.15203285,12.15203285,0
2009-07-21,12.15203285,12.15203285,12.15203285,12.15203285,0
2009-07-22,12.15203285,12.15203285,12.15203285,12.15203285,0
2009-07-23,12.15203285,12.15203285,12.15203285,12.15203285,0
2009-07-24,12.15203285,12.15203285,12.15203285,12.15203285,0
2009-07-27,12.15203285,12.15203285,12.15203285,12.15203285,0
2009-07-28,12.15203285,12.15203285,12.15203285,12.15203285,0
2009-07-29,12.15203285,12.15203285,12.15203285,12.15203285,0
2009-07-30,12.15203285,12.15203285,12.15203285,12.15203285,0
2009-07-31,12.15203285,12.15203285,12.15203285,12.15203285,0
2009-08-03,12.15203285,12.15203285,12.15203285,12.15203285,0
2009-08-04,12.15203285,12.15203285,12.15203285,12.15203285,0
2009-08-05,12.15203285,12.15203285,12.15203285,12.15203285,0
2009-08-06,12.15203285,12.15203285,12.15203285,12.15203285,0
2009-08-07,12.15203285,12.15203285,12.15203285,12.15203285,0
2009-08-10,12.15203285,12.15203285,12.15203285,12.15203285,0
2009-08-11,12.15203285,12.15203285,12.15203285,12.15203285,0
2009-08-12,12.15203285,12.15203285,12.15203285,12.15203285,0
2009-08-13,12.15203285,12.15203285,12.15203285,12.15203285,0
2009-08-14,12.15203285,12.15203285,12.15203285,12.15203285,0
2009-08-17,12.15203285,12.15203285,12.15203285,12.15203285,0
2009-08-18,12.15203285,12.15203285,12.15203285,12.15203285,0
2009-08-19,12.15203285,12.15203285,12.15203285,12.15203285,0
2009-08-20,12.15203285,12.15203285,12.15203285,12.15203285,0
2009-08-21,12.15203285,12.15203285,12.15203285,12.15203285,0
2009-08-24,12.15203285,12.15203285,12.15203285,12.15203285,0
2009-08-25,12.15203285,12.15203285,12.15203285,12.15203285,0
2009-08-26,12.15203285,12.15203285,12.15203285,12.15203285,0
2009-08-27,12.15203285,12.15203285,12.15203285,12.15203285,0
2009-08-28,12.15203285,12.15203285,12.15203285,12.15203285,0
2009-08-31,12.15203285,12.15203285,12.15203285,12.15203285,0
2009-09-01,12.15203285,12.15203285,12.15203285,12.15203285,0
2009-09-02,12.15203285,12.15203285,12.15203285,12.15203285,0
2009-09-03,12.15203285,12.15203285,12.15203285,12.15203285,0
2009-09-04,12.15203285,12.15203285,12.15203285,12.15203285,0
2009-09-08,12.15203285,12.15203285,12.15203285,12.15203285,0
2009-09-09,12.15203285,12.15203285,12.15203285,12.15203285,0
2009-09-10,12.15203285,12.15203285,12.15203285,12.15203285,0
2009-09-11,12.15203285,12.15203285,12.15203285,12.15203285,0
2009-09-14,12.15203285,12.15203285,12.15203285,12.15203285,0
2009-09-15,12.15203285,12.15203285,12.15203285,12.15203285,0
2009-09-16,12.15203285,12.15203285,12.15203285,12.15203285,0
2009-09-17,12.15203285,12.15203285,12.15203285,12.15203285,0
2009-09-18,12.15203285,12.15203285,12.15203285,12.15203285,0
2009-09-21,12.15203285,12.15203285,12.15203285,12.15203285,0
2009-09-22,12.15203285,12.15203285,12.15203285,12.15203285,0
2009-09-23,12.15203285,12.15203285,12.15203285,12.15203285,0
2009-09-24,12.15203285,12.15203285,12.15203285,12.15203285,0
2009-09-25,12.15203285,12.15203285,12.15203285,12.15203285,0
2009-09-28,12.15203285,12.15203285,12.15203285,12.15203285,0
2009-09-29,12.15203285,12.15203285,12.15203285,12.15203285,0
2009-09-30,12.15203285,12.15203285,12.15203285,12.15203285,0
2009-10-01,12.15203285,12.15203285,12.15203285,12.15203285,0
2009-10-02,12.15203285,12.15203285,12.15203285,12.15203285,0
2009-10-05,12.15203285,12.15203285,12.15203285,12.15203285,0
2009-10-06,12.15203285,12.15203285,12.15203285,12.15203285,0
2009-10-07,12.15203285,12.15203285,12.15203285,12.15203285,0
2009-10-08,12.15203285,12.15203285,12.15203285,12.15203285,0
2009-10-09,12.15203285,12.15203285,12.15203285,12.15203285,0
2009-10-13,12.15203285,12.15203285,12.15203285,12.15203285,0
2009-10-14,12.15203285,12.15203285,12.15203285,12.15203285,0
2009-10-15,12.15203285,12.15203285,12.15203285,12.15203285,0
2009-10-16,12.15203285,12.15203285,12.15203285,12.15203285,0
2009-10-19,12.15203285,12.15203285,12.15203285,12.15203285,0
2009-10-20,12.15203285,12.15203285,12.15203285,12.15203285,0
2009-10-21,12.15203285,12.15203285,12.15203285,12.15203285,0
2009-10-22,12.15203285,12.15203285,12.15203285,12.15203285,0
2009-10-23,12.15203285,12.15203285,12.15203285,12.15203285,0
2009-10-26,12.15203285,12.15203285,12.15203285,12.15203285,0
2009-10-27,12.15203285,12.15203285,12.15203285,12.15203285,0
2009-10-28,12.15203285,12.15203285,12.15203285,12.15203285,0
2009-10-29,12.15203285,12.15203285,12.15203285,12.15203285,0
2009-10-30,12.21795177,12.21795177,12.21795177,12.21795177,0
2009-11-03,12.21795177,12.21795177,12.21795177,12.21795177,0
2009-11-04,12.21795177,12.21795177,12.21795177,12.21795177,0
2009-11-05,12.21795177,12.21795177,12.21795177,12.21795177,0
2009-11-06,12.21795177,12.21795177,12.21795177,12.21795177,0
2009-11-09,12.21795177,12.21795177,12.21795177,12.21795177,0
2009-11-10,12.21795177,12.21795177,12.21795177,12.21795177,0
2009-11-11,12.21795177,12.21795177,12.21795177,12.21795177,0
2009-11-12,12.21795177,12.21795177,12.21795177,12.21795177,0
2009-11-13,12.21795177,12.21795177,12.21795177,12.21795177,0
2009-11-16,12.21795177,12.21795177,12.21795177,12.21795177,0
2009-11-17,12.21795177,12.21795177,12.21795177,12.21795177,0
2009-11-18,12.21795177,12.21795177,12.21795177,12.21795177,0
2009-11-19,12.21795177,12.21795177,12.21795177,12.21795177,0
2009-11-23,12.21795177,12.21795177,12.21795177,12.21795177,0
2009-11-24,12.21795177,12.21795177,12.21795177,12.21795177,0
2009-11-25,12.21795177,12.21795177,12.21795177,12.21795177,0
2009-11-26,12.21795177,12.21795177,12.21795177,12.21795177,0
2009-11-27,12.21795177,12.21795177,12.21795177,12.21795177,0
2009-11-30,12.21795177,12.21795177,12.21795177,12.21795177,0
2009-12-01,12.21795177,12.21795177,12.21795177,12.21795177,0
2009-12-02,12.21795177,12.21795177,12.21795177,12.21795177,0
2009-12-03,12.21795177,12.21795177,12.21795177,12.21795177,0
2009-12-04,12.21795177,12.21795177,12.21795177,12.21795177,0
2009-12-07,12.21795177,12.21795177,12.21795177,12.21795177,0
2009-12-08,12.21795177,12.21795177,12.21795177,12.21795177,0
2009-12-09,12.21795177,12.21795177,12.21795177,12.21795177,0
2009-12-10,12.21795177,12.21795177,12.21795177,12.21795177,0
2009-12-11,12.21795177,12.21795177,12.21795177,12.21795177,0
2009-12-14,12.21795177,12.21795177,12.21795177,12.21795177,0
2009-12-15,12.21795177,12.21795177,12.21795177,12.21795177,0
2009-12-16,12.21795177,12.21795177,12.21795177,12.21795177,0
2009-12-17,12.21795177,12.21795177,12.21795177,12.21795177,0
2009-12-18,12.21795177,12.21795177,12.21795177,12.21795177,0
2009-12-21,12.21795177,12.21795177,12.21795177,12.21795177,0
2009-12-22,12.21795177,12.21795177,12.21795177,12.21795177,0
2009-12-23,12.21795177,12.21795177,12.21795177,12.21795177,0
2009-12-24,12.21795177,12.21795177,12.21795177,12.21795177,0
2009-12-28,12.21795177,12.21795177,12.21795177,12.21795177,0
2009-12-29,12.21795177,12.21795177,12.21795177,12.21795177,0
2009-12-30,12.58787632,12.58787632,12.58787632,12.58787632,0
2010-01-04,12.58787632,12.58787632,12.58787632,12.58787632,0
2010-01-05,12.58787632,12.58787632,12.58787632,12.58787632,0
2010-01-06,12.58787632,12.58787632,12.58787632,12.58787632,0
2010-01-07,12.58787632,12.58787632,12.58787632,12.58787632,0
2010-01-08,12.58787632,12.58787632,12.58787632,12.58787632,0
2010-01-11,12.58787632,12.58787632,12.58787632,12.58787632,0
2010-01-12,12.58787632,12.58787632,12.58787632,12.58787632,0
2010-01-13,12.58787632,12.58787632,12.58787632,12.58787632,0
2010-01-14,12.58787632,12.58787632,12.58787632,12.58787632,0
2010-01-15,12.58787632,12.58787632,12.58787632,12.58787632,0
2010-01-18,12.58787632,12.58787632,12.58787632,12.58787632,0
2010-01-19,12.58787632,12.58787632,12.58787632,12.58787632,0
2010-01-20,12.58787632,12.58787632,12.58787632,12.58787632,0
2010-01-21,12.58787632,12.58787632,12.58787632,12.58787632,0
2010-01-22,12.58787632,12.58787632,12.58787632,12.58787632,0
2010-01-26,12.58787632,12.58787632,12.58787632,12.58787632,0
2010-01-27,12.58787632,12.58787632,12.58787632,12.58787632,0
2010-01-28,12.58787632,12.58787632,12.58787632,12.58787632,0
2010-01-29,12.58787632,12.58787632,12.58787632,12.58787632,0
2010-02-01,12.58787632,12.58787632,12.58787632,12.58787632,0
2010-02-02,12.58787632,12.58787632,12.58787632,12.58787632,0
2010-02-03,12.58787632,12.58787632,12.58787632,12.58787632,0
2010-02-04,12.58787632,12.58787632,12.58787632,12.58787632,0
2010-02-05,12.58787632,12.58787632,12.58787632,12.58787632,0
2010-02-08,12.58787632,12.58787632,12.58787632,12.58787632,0
2010-02-09,12.58787632,12.58787632,12.58787632,12.58787632,0
2010-02-10,12.58787632,12.58787632,12.58787632,12.58787632,0
2010-02-11,12.58787632,12.58787632,12.58787632,12.58787632,0
2010-02-12,12.58787632,12.58787632,12.58787632,12.58787632,0
2010-02-17,12.58787632,12.58787632,12.58787632,12.58787632,0
2010-02-18,12.58787632,12.58787632,12.58787632,12.58787632,0
2010-02-19,12.58787632,12.58787632,12.58787632,12.58787632,0
2010-02-22,12.58787632,12.58787632,12.58787632,12.58787632,0
2010-02-23,12.58787632,12.58787632,12.58787632,12.58787632,0
2010-02-24,12.58787632,12.58787632,12.58787632,12.58787632,0
2010-02-25,12.58787632,12.58787632,12.58787632,12.58787632,0
2010-02-26,12.58787632,12.58787632,12.58787632,12.58787632,0
2010-03-01,12.58787632,12.58787632,12.58787632,12.58787632,0
2010-03-02,12.58787632,12.58787632,12.58787632,12.58787632,0
2010-03-03,12.58787632,12.58787632,12.58787632,12.58787632,0
2010-03-04,12.58787632,12.58787632,12.58787632,12.58787632,0
2010-03-05,12.58787632,12.58787632,12.58787632,12.58787632,0
2010-03-08,12.58787632,12.58787632,12.58787632,12.58787632,0
2010-03-09,12.58787632,12.58787632,12.58787632,12.58787632,0
2010-03-10,12.58787632,12.58787632,12.58787632,12.58787632,0
2010-03-11,12.58787632,12.58787632,12.58787632,12.58787632,0
2010-03-12,12.58787632,12.58787632,12.58787632,12.58787632,0
2010-03-15,12.58787632,12.58787632,12.58787632,12.58787632,0
2010-03-16,12.58787632,12.58787632,12.58787632,12.58787632,0
2010-03-17,12.58787632,12.58787632,12.58787632,12.58787632,0
2010-03-18,12.58787632,12.58787632,12.58787632,12.58787632,0
2010-03-19,12.58787632,12.58787632,12.58787632,12.58787632,0
2010-03-22,12.58787632,12.58787632,12.58787632,12.58787632,0
2010-03-23,12.58787632,12.58787632,12.58787632,12.58787632,0
2010-03-24,12.58787632,12.58787632,12.58787632,12.58787632,0
2010-03-25,12.58787632,12.58787632,12.58787632,12.58787632,0
2010-03-26,12.58787632,12.58787632,12.58787632,12.58787632,0
2010-03-29,12.58787632,12.58787632,12.58787632,12.58787632,0
2010-03-30,12.58787632,12.58787632,12.58787632,12.58787632,0
2010-03-31,12.58787632,12.58787632,12.58787632,12.58787632,0
2010-04-01,12.58787632,12.58787632,12.58787632,12.58787632,0
2010-04-05,12.58787632,12.58787632,12.58787632,12.58787632,0
2010-04-06,12.58787632,12.58787632,12.58787632,12.58787632,0
2010-04-07,12.58787632,12.58787632,12.58787632,12.58787632,0
2010-04-08,12.58787632,12.58787632,12.58787632,12.58787632,0
2010-04-09,12.58787632,12.58787632,12.58787632,12.58787632,0
2010-04-12,12.58787632,12.58787632,12.58787632,12.58787632,0
2010-04-13,12.58787632,12.58787632,12.58787632,12.58787632,0
2010-04-14,12.58787632,12.58787632,12.58787632,12.58787632,0
2010-04-15,12.58787632,12.58787632,12.58787632,12.58787632,0
2010-04-16,12.58787632,12.58787632,12.58787632,12.58787632,0
2010-04-19,12.58787632,12.58787632,12.58787632,12.58787632,0
2010-04-20,12.58787632,12.58787632,12.58787632,12.58787632,0
2010-04-22,12.58787632,12.58787632,12.58787632,12.58787632,0
2010-04-23,12.58787632,12.58787632,12.58787632,12.58787632,0
2010-04-26,12.58787632,12.58787632,12.58787632,12.58787632,0
2010-04-27,12.58787632,12.58787632,12.58787632,12.58787632,0
2010-04-28,12.58787632,12.58787632,12.58787632,12.58787632,0
2010-04-29,12.58787632,12.58787632,12.58787632,12.58787632,0
2010-04-30,12.58787632,12.58787632,12.58787632,12.58787632,0
2010-05-03,12.59574509,12.59574509,12.59574509,12.59574509,0
2010-05-04,12.59574509,12.59574509,12.59574509,12.59574509,0
2010-05-05,12.59574509,12.59574509,12.59574509,12.59574509,0
2010-05-06,12.59574509,12.59574509,12.59574509,12.59574509,0
2010-05-07,12.59574509,12.59574509,12.59574509,12.59574509,0
2010-05-10,12.59574509,12.59574509,12.59574509,12.59574509,0
2010-05-11,12.59574509,12.59574509,12.59574509,12.59574509,0
2010-05-12,12.59574509,12.59574509,12.59574509,12.59574509,0
2010-05-13,12.59574509,12.59574509,12.59574509,12.59574509,0
2010-05-14,12.59574509,12.59574509,12.59574509,12.59574509,0
2010-05-17,12.59574509,12.59574509,12.59574509,12.59574509,0
2010-05-18,12.59574509,12.59574509,12.59574509,12.59574509,0
2010-05-19,12.59574509,12.59574509,12.59574509,12.59574509,0
2010-05-20,12.59574509,12.59574509,12.59574509,12.59574509,0
2010-05-21,12.59574509,12.59574509,12.59574509,12.59574509,0
2010-05-24,12.59574509,12.59574509,12.59574509,12.59574509,0
2010-05-25,12.59574509,12.59574509,12.59574509,12.59574509,0
2010-05-26,12.59574509,12.59574509,12.59574509,12.59574509,0
2010-05-27,12.59574509,12.59574509,12.59574509,12.59574509,0
2010-05-28,12.59574509,12.59574509,12.59574509,12.59574509,0
2010-05-31,12.59574509,12.59574509,12.59574509,12.59574509,0
2010-06-01,12.59574509,12.59574509,12.59574509,12.59574509,0
2010-06-02,12.59574509,12.59574509,12.59574509,12.59574509,0
2010-06-04,12.59574509,12.59574509,12.59574509,12.59574509,0
2010-06-07,12.59574509,12.59574509,12.59574509,12.59574509,0
2010-06-08,12.59574509,12.59574509,12.59574509,12.59574509,0
2010-06-09,12.59574509,12.59574509,12.59574509,12.59574509,0
2010-06-10,12.59574509,12.59574509,12.59574509,12.59574509,0
2010-06-11,12.59574509,12.59574509,12.59574509,12.59574509,0
2010-06-14,12.59574509,12.59574509,12.59574509,12.59574509,0
2010-06-15,12.59574509,12.59574509,12.59574509,12.59574509,0
2010-06-16,12.59574509,12.59574509,12.59574509,12.59574509,0
2010-06-17,12.59574509,12.59574509,12.59574509,12.59574509,0
2010-06-18,12.59574509,12.59574509,12.59574509,12.59574509,0
2010-06-21,12.59574509,12.59574509,12.59574509,12.59574509,0
2010-06-22,12.59574509,12.59574509,12.59574509,12.59574509,0
2010-06-23,12.59574509,12.59574509,12.59574509,12.59574509,0
2010-06-24,12.59574509,12.59574509,12.59574509,12.59574509,0
2010-06-25,12.59574509,12.59574509,12.59574509,12.59574509,0
2010-06-28,12.59574509,12.59574509,12.59574509,12.59574509,0
2010-06-29,12.59574509,12.59574509,12.59574509,12.59574509,0
2010-06-30,12.59574509,12.59574509,12.59574509,12.59574509,0
2010-07-01,12.59574509,12.59574509,12.59574509,12.59574509,0
2010-07-02,12.59574509,12.59574509,12.59574509,12.59574509,0
2010-07-05,12.59574509,12.59574509,12.59574509,12.59574509,0
2010-07-06,12.59574509,12.59574509,12.59574509,12.59574509,0
2010-07-07,12.59574509,12.59574509,12.59574509,12.59574509,0
2010-07-08,12.59574509,12.59574509,12.59574509,12.59574509,0
2010-07-12,12.59574509,12.59574509,12.59574509,12.59574509,0
2010-07-13,12.59574509,12.59574509,12.59574509,12.59574509,0
2010-07-14,12.59574509,12.59574509,12.59574509,12.59574509,0
2010-07-15,12.59574509,12.59574509,12.59574509,12.59574509,0
2010-07-16,12.59574509,12.59574509,12.59574509,12.59574509,0
2010-07-19,12.59574509,12.59574509,12.59574509,12.59574509,0
2010-07-20,12.59574509,12.59574509,12.59574509,12.59574509,0
2010-07-21,12.59574509,12.59574509,12.59574509,12.59574509,0
2010-07-22,12.59574509,12.59574509,12.59574509,12.59574509,0
2010-07-23,12.59574509,12.59574509,12.59574509,12.59574509,0
2010-07-26,12.59574509,12.59574509,12.59574509,12.59574509,0
2010-07-27,12.59574509,12.59574509,12.59574509,12.59574509,0
2010-07-28,12.59574509,12.59574509,12.59574509,12.59574509,0
2010-07-29,12.59574509,12.59574509,12.59574509,12.59574509,0
2010-07-30,12.59574509,12.59574509,12.59574509,12.59574509,0
2010-08-02,12.59574509,12.59574509,12.59574509,12.59574509,0
2010-08-03,12.59574509,12.59574509,12.59574509,12.59574509,0
2010-08-04,12.59574509,12.59574509,12.59574509,12.59574509,0
2010-08-05,12.59574509,12.59574509,12.59574509,12.59574509,0
2010-08-06,12.59574509,12.59574509,12.59574509,12.59574509,0
2010-08-09,12.59574509,12.59574509,12.59574509,12.59574509,0
2010-08-10,12.59574509,12.59574509,12.59574509,12.59574509,0
2010-08-11,12.69302082,12.69302082,12.69302082,12.69302082,0
2010-08-12,12.69302082,12.69302082,12.69302082,12.69302082,0
2010-08-13,12.69302082,12.69302082,12.69302082,12.69302082,0
2010-08-16,12.69302082,12.69302082,12.69302082,12.69302082,0
2010-08-17,12.69302082,12.69302082,12.69302082,12.69302082,0
2010-08-18,12.69302082,12.69302082,12.69302082,12.69302082,0
2010-08-19,12.69302082,12.69302082,12.69302082,12.69302082,0
2010-08-20,12.69302082,12.69302082,12.69302082,12.69302082,0
2010-08-23,12.69302082,12.69302082,12.69302082,12.69302082,0
2010-08-24,12.69302082,12.69302082,12.69302082,12.69302082,0
2010-08-25,12.69302082,12.69302082,12.69302082,12.69302082,0
2010-08-26,12.69302082,12.69302082,12.69302082,12.69302082,0
2010-08-27,12.69302082,12.69302082,12.69302082,12.69302082,0
2010-08-30,12.69302082,12.69302082,12.69302082,12.69302082,0
2010-08-31,12.69302082,12.69302082,12.69302082,12.69302082,0
2010-09-01,12.69302082,12.69302082,12.69302082,12.69302082,0
2010-09-02,12.69302082,12.69302082,12.69302082,12.69302082,0
2010-09-03,12.69302082,12.69302082,12.69302082,12.69302082,0
2010-09-06,12.69302082,12.69302082,12.69302082,12.69302082,0
2010-09-08,12.69302082,12.69302082,12.69302082,12.69302082,0
2010-09-09,12.69302082,12.69302082,12.69302082,12.69302082,0
2010-09-10,12.69302082,12.69302082,12.69302082,12.69302082,0
2010-09-13,12.69302082,12.69302082,12.69302082,12.69302082,0
2010-09-14,12.69302082,12.69302082,12.69302082,12.69302082,0
2010-09-15,12.69302082,12.69302082,12.69302082,12.69302082,0
2010-09-16,12.69302082,12.69302082,12.69302082,12.69302082,0
2010-09-17,12.69302082,12.69302082,12.69302082,12.69302082,0
2010-09-20,12.69302082,12.69302082,12.69302082,12.69302082,0
2010-09-21,12.69302082,12.69302082,12.69302082,12.69302082,0
2010-09-22,12.69302082,12.69302082,12.69302082,12.69302082,0
2010-09-23,12.69302082,12.69302082,12.69302082,12.69302082,0
2010-09-24,12.69302082,12.69302082,12.69302082,12.69302082,0
2010-09-27,12.69302082,12.69302082,12.69302082,12.69302082,0
2010-09-28,12.69302082,12.69302082,12.69302082,12.69302082,0
2010-09-29,12.69302082,12.69302082,12.69302082,12.69302082,0
2010-09-30,12.69302082,12.69302082,12.69302082,12.69302082,0
2010-10-01,12.69302082,12.69302082,12.69302082,12.69302082,0
2010-10-04,12.69302082,12.69302082,12.69302082,12.69302082,0
2010-10-05,12.69302082,12.69302082,12.69302082,12.69302082,0
2010-10-06,12.69302082,12.69302082,12.69302082,12.69302082,0
2010-10-07,12.69302082,12.69302082,12.69302082,12.69302082,0
2010-10-08,12.69302082,12.69302082,12.69302082,12.69302082,0
2010-10-11,12.69302082,12.69302082,12.69302082,12.69302082,0
2010-10-13,12.69302082,12.69302082,12.69302082,12.69302082,0
2010-10-14,12.69302082,12.69302082,12.69302082,12.69302082,0
2010-10-15,12.69302082,12.69302082,12.69302082,12.69302082,0
2010-10-18,12.69302082,12.69302082,12.69302082,12.69302082,0
2010-10-19,12.69302082,12.69302082,12.69302082,12.69302082,0
2010-10-20,12.69302082,12.69302082,12.69302082,12.69302082,0
2010-10-21,12.69302082,12.69302082,12.69302082,12.69302082,0
2010-10-22,12.69302082,12.69302082,12.69302082,12.69302082,0
2010-10-25,12.69302082,12.69302082,12.69302082,12.69302082,0
2010-10-26,12.69302082,12.69302082,12.69302082,12.69302082,0
2010-10-27,12.69302082,12.69302082,12.69302082,12.69302082,0
2010-10-28,12.69302082,12.69302082,12.69302082,12.69302082,0
2010-10-29,12.69302082,12.69302082,12.69302082,12.69302082,0
2010-11-01,12.69302082,12.69302082,12.69302082,12.69302082,0
2010-11-03,12.69302082,12.69302082,12.69302082,12.69302082,0
2010-11-04,12.69302082,12.69302082,12.69302082,12.69302082,0
2010-11-05,12.69302082,12.69302082,12.69302082,12.69302082,0
2010-11-08,12.69302082,12.69302082,12.69302082,12.69302082,0
2010-11-09,12.69302082,12.69302082,12.69302082,12.69302082,0
2010-11-10,12.69302082,12.69302082,12.69302082,12.69302082,0
2010-11-11,12.69302082,12.69302082,12.69302082,12.69302082,0
2010-11-12,12.69302082,12.69302082,12.69302082,12.69302082,0
2010-11-16,12.69302082,12.69302082,12.69302082,12.69302082,0
2010-11-17,12.69302082,12.69302082,12.69302082,12.69302082,0
2010-11-18,12.69302082,12.69302082,12.69302082,12.69302082,0
2010-11-19,12.69302082,12.69302082,12.69302082,12.69302082,0
2010-11-22,12.69302082,12.69302082,12.69302082,12.69302082,0
2010-11-23,12.69302082,12.69302082,12.69302082,12.69302082,0
2010-11-24,12.69302082,12.69302082,12.69302082,12.69302082,0
2010-11-25,12.69302082,12.69302082,12.69302082,12.69302082,0
2010-11-26,12.69302082,12.69302082,12.69302082,12.69302082,0
2010-11-29,12.69302082,12.69302082,12.69302082,12.69302082,0
2010-11-30,12.69302082,12.69302082,12.69302082,12.69302082,0
2010-12-01,12.69302082,12.69302082,12.69302082,12.69302082,0
2010-12-02,12.69302082,12.69302082,12.69302082,12.69302082,0
2010-12-03,12.69302082,12.69302082,12.69302082,12.69302082,0
2010-12-06,12.69302082,12.69302082,12.69302082,12.69302082,0
2010-12-07,12.69302082,12.69302082,12.69302082,12.69302082,0
2010-12-08,12.69302082,12.69302082,12.69302082,12.69302082,0
2010-12-09,12.69302082,12.69302082,12.69302082,12.69302082,0
2010-12-10,12.69302082,12.69302082,12.69302082,12.69302082,0
2010-12-13,12.69302082,12.69302082,12.69302082,12.69302082,0
2010-12-14,12.69302082,12.69302082,12.69302082,12.69302082,0
2010-12-15,12.69302082,12.69302082,12.69302082,12.69302082,0
2010-12-16,12.69302082,12.69302082,12.69302082,12.69302082,0
2010-12-17,12.69302082,12.69302082,12.69302082,12.69302082,0
2010-12-20,12.69302082,12.69302082,12.69302082,12.69302082,0
2010-12-21,12.69302082,12.69302082,12.69302082,12.69302082,0
2010-12-22,12.69302082,12.69302082,12.69302082,12.69302082,0
2010-12-23,12.69302082,12.69302082,12.69302082,12.69302082,0
2010-12-27,12.69302082,12.69302082,12.69302082,12.69302082,0
2010-12-28,12.69302082,12.69302082,12.69302082,12.69302082,0
2010-12-29,12.69302082,12.69302082,12.69302082,12.69302082,0
2010-12-30,12.9881258,12.9881258,12.9881258,12.9881258,0
2011-01-03,12.9881258,12.9881258,12.9881258,12.9881258,0
2011-01-04,12.9881258,12.9881258,12.9881258,12.9881258,0
2011-01-05,12.9881258,12.9881258,12.9881258,12.9881258,0
2011-01-06,12.9881258,12.9881258,12.9881258,12.9881258,0
2011-01-07,12.9881258,12.9881258,12.9881258,12.9881258,0
2011-01-10,12.9881258,12.9881258,12.9881258,12.9881258,0
2011-01-11,12.9881258,12.9881258,12.9881258,12.9881258,0
2011-01-12,12.9881258,12.9881258,12.9881258,12.9881258,0
2011-01-13,12.9881258,12.9881258,12.9881258,12.9881258,0
2011-01-14,12.9881258,12.9881258,12.9881258,12.9881258,0
2011-01-17,12.9881258,12.9881258,12.9881258,12.9881258,0
2011-01-18,12.9881258,12.9881258,12.9881258,12.9881258,0
2011-01-19,12.9881258,12.9881258,12.9881258,12.9881258,0
2011-01-20,12.9881258,12.9881258,12.9881258,12.9881258,0
2011-01-21,12.9881258,12.9881258,12.9881258,12.9881258,0
2011-01-24,12.9881258,12.9881258,12.9881258,12.9881258,0
2011-01-26,12.9881258,12.9881258,12.9881258,12.9881258,0
2011-01-27,12.9881258,12.9881258,12.9881258,12.9881258,0
2011-01-28,12.9881258,12.9881258,12.9881258,12.9881258,0
2011-01-31,12.9881258,12.9881258,12.9881258,12.9881258,0
2011-02-01,12.9881258,12.9881258,12.9881258,12.9881258,0
2011-02-02,12.9881258,12.9881258,12.9881258,12.9881258,0
2011-02-03,12.9881258,12.9881258,12.9881258,12.9881258,0
2011-02-04,12.9881258,12.9881258,12.9881258,12.9881258,0
2011-02-07,12.9881258,12.9881258,12.9881258,12.9881258,0
2011-02-08,12.9881258,12.9881258,12.9881258,12.9881258,0
2011-02-09,12.9881258,12.9881258,12.9881258,12.9881258,0
2011-02-10,12.9881258,12.9881258,12.9881258,12.9881258,0
2011-02-11,12.9881258,12.9881258,12.9881258,12.9881258,0
2011-02-14,12.9881258,12.9881258,12.9881258,12.9881258,0
2011-02-15,12.9881258,12.9881258,12.9881258,12.9881258,0
2011-02-16,12.9881258,12.9881258,12.9881258,12.9881258,0
2011-02-17,12.9881258,12.9881258,12.9881258,12.9881258,0
2011-02-18,12.9881258,12.9881258,12.9881258,12.9881258,0
2011-02-21,12.9881258,12.9881258,12.9881258,12.9881258,0
2011-02-22,12.9881258,12.9881258,12.9881258,12.9881258,0
2011-02-23,12.9881258,12.9881258,12.9881258,12.9881258,0
2011-02-24,12.9881258,12.9881258,12.9881258,12.9881258,0
2011-02-25,12.9881258,12.9881258,12.9881258,12.9881258,0
2011-02-28,12.9881258,12.9881258,12.9881258,12.9881258,0
2011-03-01,12.9881258,12.9881258,12.9881258,12.9881258,0
2011-03-02,12.9881258,12.9881258,12.9881258,12.9881258,0
2011-03-03,12.9881258,12.9881258,12.9881258,12.9881258,0
2011-03-04,12.9881258,12.9881258,12.9881258,12.9881258,0
2011-03-09,12.9881258,12.9881258,12.9881258,12.9881258,0
2011-03-10,12.9881258,12.9881258,12.9881258,12.9881258,0
2011-03-11,12.9881258,12.9881258,12.9881258,12.9881258,0
2011-03-14,12.9881258,12.9881258,12.9881258,12.9881258,0
2011-03-15,12.9881258,12.9881258,12.9881258,12.9881258,0
2011-03-16,12.9881258,12.9881258,12.9881258,12.9881258,0
2011-03-17,12.9881258,12.9881258,12.9881258,12.9881258,0
2011-03-18,12.9881258,12.9881258,12.9881258,12.9881258,0
2011-03-21,12.9881258,12.9881258,12.9881258,12.9881258,0
2011-03-22,12.9881258,12.9881258,12.9881258,12.9881258,0
2011-03-23,12.9881258,12.9881258,12.9881258,12.9881258,0
2011-03-24,12.9881258,12.9881258,12.9881258,12.9881258,0
2011-03-25,12.9881258,12.9881258,12.9881258,12.9881258,0
2011-03-28,12.9881258,12.9881258,12.9881258,12.9881258,0
2011-03-29,12.9881258,12.9881258,12.9881258,12.9881258,0
2011-03-30,12.9881258,12.9881258,12.9881258,12.9881258,0
2011-03-31,12.9881258,12.9881258,12.9881258,12.9881258,0
2011-04-01,12.9881258,12.9881258,12.9881258,12.9881258,0
2011-04-04,12.9881258,12.9881258,12.9881258,12.9881258,0
2011-04-05,12.9881258,12.9881258,12.9881258,12.9881258,0
2011-04-06,12.9881258,12.9881258,12.9881258,12.9881258,0
2011-04-07,12.9881258,12.9881258,12.9881258,12.9881258,0
2011-04-08,12.9881258,12.9881258,12.9881258,12.9881258,0
2011-04-11,12.9881258,12.9881258,12.9881258,12.9881258,0
2011-04-12,12.9881258,12.9881258,12.9881258,12.9881258,0
2011-04-13,12.9881258,12.9881258,12.9881258,12.9881258,0
2011-04-14,12.9881258,12.9881258,12.9881258,12.9881258,0
2011-04-15,12.9881258,12.9881258,12.9881258,12.9881258,0
2011-04-18,12.9881258,12.9881258,12.9881258,12.9881258,0
2011-04-19,12.9881258,12.9881258,12.9881258,12.9881258,0
2011-04-20,12.9881258,12.9881258,12.9881258,12.9881258,0
2011-04-25,12.9881258,12.9881258,12.9881258,12.9881258,0
2011-04-26,12.9881258,12.9881258,12.9881258,12.9881258,0
2011-04-27,12.9881258,12.9881258,12.9881258,12.9881258,0
2011-04-28,12.9881258,12.9881258,12.9881258,12.9881258,0
2011-04-29,12.9881258,12.9881258,12.9881258,12.9881258,0
2011-05-02,13.01379871,13.01379871,13.01379871,13.01379871,0
2011-05-03,13.01379871,13.01379871,13.01379871,13.01379871,0
2011-05-04,13.01379871,13.01379871,13.01379871,13.01379871,0
2011-05-05,13.01379871,13.01379871,13.01379871,13.01379871,0
2011-05-06,13.01379871,13.01379871,13.01379871,13.01379871,0
2011-05-09,13.01379871,13.01379871,13.01379871,13.01379871,0
2011-05-10,13.01379871,13.01379871,13.01379871,13.01379871,0
2011-05-11,13.01379871,13.01379871,13.01379871,13.01379871,0
2011-05-12,13.01379871,13.01379871,13.01379871,13.01379871,0
2011-05-13,13.01379871,13.01379871,13.01379871,13.01379871,0
2011-05-16,13.01379871,13.01379871,13.01379871,13.01379871,0
2011-05-17,13.01379871,13.01379871,13.01379871,13.01379871,0
2011-05-18,13.01379871,13.01379871,13.01379871,13.01379871,0
2011-05-19,13.01379871,13.01379871,13.01379871,13.01379871,0
2011-05-20,13.01379871,13.01379871,13.01379871,13.01379871,0
2011-05-23,13.01379871,13.01379871,13.01379871,13.01379871,0
2011-05-24,13.01379871,13.01379871,13.01379871,13.01379871,0
2011-05-25,13.01379871,13.01379871,13.01379871,13.01379871,0
2011-05-26,13.01379871,13.01379871,13.01379871,13.01379871,0
2011-05-27,13.01379871,13.01379871,13.01379871,13.01379871,0
2011-05-30,13.01379871,13.01379871,13.01379871,13.01379871,0
2011-05-31,13.01379871,13.01379871,13.01379871,13.01379871,0
2011-06-01,13.01379871,13.01379871,13.01379871,13.01379871,0
2011-06-02,13.01379871,13.01379871,13.01379871,13.01379871,0
2011-06-03,13.01379871,13.01379871,13.01379871,13.01379871,0
2011-06-06,13.01379871,13.01379871,13.01379871,13.01379871,0
2011-06-07,13.01379871,13.01379871,13.01379871,13.01379871,0
2011-06-08,13.01379871,13.01379871,13.01379871,13.01379871,0
2011-06-09,13.01379871,13.01379871,13.01379871,13.01379871,0
2011-06-10,13.01379871,13.01379871,13.01379871,13.01379871,0
2011-06-13,13.01379871,13.01379871,13.01379871,13.01379871,0
2011-06-14,13.01379871,13.01379871,13.01379871,13.01379871,0
2011-06-15,13.01379871,13.01379871,13.01379871,13.01379871,0
2011-06-16,13.01379871,13.01379871,13.01379871,13.01379871,0
2011-06-17,13.01379871,13.01379871,13.01379871,13.01379871,0
2011-06-20,13.01379871,13.01379871,13.01379871,13.01379871,0
2011-06-21,13.01379871,13.01379871,13.01379871,13.01379871,0
2011-06-22,13.01379871,13.01379871,13.01379871,13.01379871,0
2011-06-24,13.01379871,13.01379871,13.01379871,13.01379871,0
2011-06-27,13.01379871,13.01379871,13.01379871,13.01379871,0
2011-06-28,13.01379871,13.01379871,13.01379871,13.01379871,0
2011-06-29,13.01379871,13.01379871,13.01379871,13.01379871,0
2011-06-30,13.01379871,13.01379871,13.01379871,13.01379871,0
2011-07-01,13.01379871,13.01379871,13.01379871,13.01379871,0
2011-07-04,13.01379871,13.01379871,13.01379871,13.01379871,0
2011-07-05,13.01379871,13.01379871,13.01379871,13.01379871,0
2011-07-06,13.01379871,13.01379871,13.01379871,13.01379871,0
2011-07-07,13.01379871,13.01379871,13.01379871,13.01379871,0
2011-07-08,13.01379871,13.01379871,13.01379871,13.01379871,0
2011-07-11,13.01379871,13.01379871,13.01379871,13.01379871,0
2011-07-12,13.01379871,13.01379871,13.01379871,13.01379871,0
2011-07-13,13.01379871,13.01379871,13.01379871,13.01379871,0
2011-07-14,13.01379871,13.01379871,13.01379871,13.01379871,0
2011-07-15,13.01379871,13.01379871,13.01379871,13.01379871,0
2011-07-18,13.01379871,13.01379871,13.01379871,13.01379871,0
2011-07-19,13.01379871,13.01379871,13.01379871,13.01379871,0
2011-07-20,13.01379871,13.01379871,13.01379871,13.01379871,0
2011-07-21,13.01379871,13.01379871,13.01379871,13.01379871,0
2011-07-22,13.01379871,13.01379871,13.01379871,13.01379871,0
2011-07-25,13.01379871,13.01379871,13.01379871,13.01379871,0
2011-07-26,13.01379871,13.01379871,13.01379871,13.01379871,0
2011-07-27,13.01379871,13.01379871,13.01379871,13.01379871,0
2011-07-28,13.01379871,13.01379871,13.01379871,13.01379871,0
2011-07-29,13.01379871,13.01379871,13.01379871,13.01379871,0
2011-08-01,13.01379871,13.01379871,13.01379871,13.01379871,0
2011-08-02,13.01379871,13.01379871,13.01379871,13.01379871,0
2011-08-03,13.01379871,13.01379871,13.01379871,13.01379871,0
2011-08-04,13.01379871,13.01379871,13.01379871,13.01379871,0
2011-08-05,13.01379871,13.01379871,13.01379871,13.01379871,0
2011-08-08,13.01379871,13.01379871,13.01379871,13.01379871,0
2011-08-09,13.01379871,13.01379871,13.01379871,13.01379871,0
2011-08-10,13.01379871,13.01379871,13.01379871,13.01379871,0
2011-08-11,13.01379871,13.01379871,13.01379871,13.01379871,0
2011-08-12,13.01379871,13.01379871,13.01379871,13.01379871,0
2011-08-15,13.01379871,13.01379871,13.01379871,13.01379871,0
2011-08-16,13.01379871,13.01379871,13.01379871,13.01379871,0
2011-08-17,13.01379871,13.01379871,13.01379871,13.01379871,0
2011-08-18,13.01379871,13.01379871,13.01379871,13.01379871,0
2011-08-19,13.01379871,13.01379871,13.01379871,13.01379871,0
2011-08-22,13.01379871,13.01379871,13.01379871,13.01379871,0
2011-08-23,13.01379871,13.01379871,13.01379871,13.01379871,0
2011-08-24,13.01379871,13.01379871,13.01379871,13.01379871,0
2011-08-25,13.01379871,13.01379871,13.01379871,13.01379871,0
2011-08-26,13.01379871,13.01379871,13.01379871,13.01379871,0
2011-08-29,13.01379871,13.01379871,13.01379871,13.01379871,0
2011-08-30,13.01379871,13.01379871,13.01379871,13.01379871,0
2011-08-31,13.01379871,13.01379871,13.01379871,13.01379871,0
2011-09-01,13.01379871,13.01379871,13.01379871,13.01379871,0
2011-09-02,13.01379871,13.01379871,13.01379871,13.01379871,0
2011-09-05,13.01379871,13.01379871,13.01379871,13.01379871,0
2011-09-06,13.01379871,13.01379871,13.01379871,13.01379871,0
2011-09-08,13.01379871,13.01379871,13.01379871,13.01379871,0
2011-09-09,13.01379871,13.01379871,13.01379871,13.01379871,0
2011-09-12,13.01379871,13.01379871,13.01379871,13.01379871,0
2011-09-13,13.01379871,13.01379871,13.01379871,13.01379871,0
2011-09-14,13.01379871,13.01379871,13.01379871,13.01379871,0
2011-09-15,13.01379871,13.01379871,13.01379871,13.01379871,0
2011-09-16,13.01379871,13.01379871,13.01379871,13.01379871,0
2011-09-19,13.01379871,13.01379871,13.01379871,13.01379871,0
2011-09-20,13.01379871,13.01379871,13.01379871,13.01379871,0
2011-09-21,13.01379871,13.01379871,13.01379871,13.01379871,0
2011-09-22,13.01379871,13.01379871,13.01379871,13.01379871,0
2011-09-23,13.01379871,13.01379871,13.01379871,13.01379871,0
2011-09-26,13.01379871,13.01379871,13.01379871,13.01379871,0
2011-09-27,13.01379871,13.01379871,13.01379871,13.01379871,0
2011-09-28,13.01379871,13.01379871,13.01379871,13.01379871,0
2011-09-29,13.01379871,13.01379871,13.01379871,13.01379871,0
2011-09-30,13.01379871,13.01379871,13.01379871,13.01379871,0
2011-10-03,13.01379871,13.01379871,13.01379871,13.01379871,0
2011-10-04,13.01379871,13.01379871,13.01379871,13.01379871,0
2011-10-05,13.01379871,13.01379871,13.01379871,13.01379871,0
2011-10-06,13.01379871,13.01379871,13.01379871,13.01379871,0
2011-10-07,13.01379871,13.01379871,13.01379871,13.01379871,0
2011-10-10,13.01379871,13.01379871,13.01379871,13.01379871,0
2011-10-11,13.01379871,13.01379871,13.01379871,13.01379871,0
2011-10-13,13.01379871,13.01379871,13.01379871,13.01379871,0
2011-10-14,13.01379871,13.01379871,13.01379871,13.01379871,0
2011-10-17,13.01379871,13.01379871,13.01379871,13.01379871,0
2011-10-18,13.01379871,13.01379871,13.01379871,13.01379871,0
2011-10-19,13.01379871,13.01379871,13.01379871,13.01379871,0
2011-10-20,13.01379871,13.01379871,13.01379871,13.01379871,0
2011-10-21,13.01379871,13.01379871,13.01379871,13.01379871,0
2011-10-24,13.01379871,13.01379871,13.01379871,13.01379871,0
2011-10-25,13.01379871,13.01379871,13.01379871,13.01379871,0
2011-10-26,13.01379871,13.01379871,13.01379871,13.01379871,0
2011-10-27,13.01379871,13.01379871,13.01379871,13.01379871,0
2011-10-28,13.01379871,13.01379871,13.01379871,13.01379871,0
2011-10-31,13.01379871,13.01379871,13.01379871,13.01379871,0
2011-11-01,13.01379871,13.01379871,13.01379871,13.01379871,0
2011-11-03,13.01379871,13.01379871,13.01379871,13.01379871,0
2011-11-04,13.01379871,13.01379871,13.01379871,13.01379871,0
2011-11-07,13.01379871,13.01379871,13.01379871,13.01379871,0
2011-11-08,13.01379871,13.01379871,13.01379871,13.01379871,0
2011-11-09,13.01379871,13.01379871,13.01379871,13.01379871,0
2011-11-10,13.01379871,13.01379871,13.01379871,13.01379871,0
2011-11-11,13.01379871,13.01379871,13.01379871,13.01379871,0
2011-11-14,13.01379871,13.01379871,13.01379871,13.01379871,0
2011-11-16,13.01379871,13.01379871,13.01379871,13.01379871,0
2011-11-17,16.26724815,16.26724815,16.26724815,16.26724815,0
2011-11-18,16.26724815,16.26724815,16.26724815,16.26724815,0
2011-11-21,16.26724815,16.26724815,16.26724815,16.26724815,0
2011-11-22,16.26724815,16.26724815,16.26724815,16.26724815,0
2011-11-23,16.26724815,16.26724815,16.26724815,16.26724815,0
2011-11-24,16.26724815,16.26724815,16.26724815,16.26724815,0
2011-11-25,16.26724815,16.26724815,16.26724815,16.26724815,0
2011-11-28,16.26724815,16.26724815,16.26724815,16.26724815,0
2011-11-29,16.26724815,16.26724815,16.26724815,16.26724815,0
2011-11-30,16.26724815,16.26724815,16.26724815,16.26724815,0
2011-12-01,16.26724815,16.26724815,16.26724815,16.26724815,0
2011-12-02,16.26724815,16.26724815,16.26724815,16.26724815,0
2011-12-05,16.26724815,16.26724815,16.26724815,16.26724815,0
2011-12-06,16.26724815,16.26724815,16.26724815,16.26724815,0
2011-12-07,16.26724815,16.26724815,16.26724815,16.26724815,0
2011-12-08,16.26724815,16.26724815,16.26724815,16.26724815,0
2011-12-09,16.26724815,16.26724815,16.26724815,16.26724815,0
2011-12-12,16.26724815,16.26724815,16.26724815,16.26724815,0
2011-12-13,16.26724815,16.26724815,16.26724815,16.26724815,0
2011-12-14,16.26724815,16.26724815,16.26724815,16.26724815,0
2011-12-15,16.26724815,16.26724815,16.26724815,16.26724815,0
2011-12-16,16.26724815,16.26724815,16.26724815,16.26724815,0
2011-12-19,16.26724815,16.26724815,16.26724815,16.26724815,0
2011-12-20,16.26724815,16.26724815,16.26724815,16.26724815,0
2011-12-21,16.26724815,16.26724815,16.26724815,16.26724815,0
2011-12-22,16.26724815,16.26724815,16.26724815,16.26724815,0
2011-12-23,16.45323372,16.45323372,16.45323372,16.45323372,0
2011-12-26,16.45323372,16.45323372,16.45323372,16.45323372,0
2011-12-27,16.45323372,16.45323372,16.45323372,16.45323372,0
2011-12-28,16.45323372,16.45323372,16.45323372,16.45323372,0
2011-12-29,16.45323372,16.45323372,16.45323372,16.45323372,0
2012-01-02,16.45323372,16.45323372,16.45323372,16.45323372,0
2012-01-03,16.45323372,16.45323372,16.45323372,16.45323372,0
2012-01-04,16.45323372,16.45323372,16.45323372,16.45323372,0
2012-01-05,16.45323372,16.45323372,16.45323372,16.45323372,0
2012-01-06,16.45323372,16.45323372,16.45323372,16.45323372,0
2012-01-09,16.45323372,16.45323372,16.45323372,16.45323372,0
2012-01-10,16.45323372,16.45323372,16.45323372,16.45323372,0
2012-01-11,16.45323372,16.45323372,16.45323372,16.45323372,0
2012-01-12,16.45323372,16.45323372,16.45323372,16.45323372,0
2012-01-13,16.45323372,16.45323372,16.45323372,16.45323372,0
2012-01-16,16.45323372,16.45323372,16.45323372,16.45323372,0
2012-01-17,16.45323372,16.45323372,16.45323372,16.45323372,0
2012-01-18,16.45323372,16.45323372,16.45323372,16.45323372,0
2012-01-19,16.45323372,16.45323372,16.45323372,16.45323372,0
2012-01-20,16.45323372,16.45323372,16.45323372,16.45323372,0
2012-01-23,16.45323372,16.45323372,16.45323372,16.45323372,0
2012-01-24,16.45323372,16.45323372,16.45323372,16.45323372,0
2012-01-26,16.45323372,16.45323372,16.45323372,16.45323372,0
2012-01-27,16.45323372,16.45323372,16.45323372,16.45323372,0
2012-01-30,16.45323372,16.45323372,16.45323372,16.45323372,0
2012-01-31,16.45323372,16.45323372,16.45323372,16.45323372,0
2012-02-01,16.45323372,16.45323372,16.45323372,16.45323372,0
2012-02-02,16.45323372,16.45323372,16.45323372,16.45323372,0
2012-02-03,16.45323372,16.45323372,16.45323372,16.45323372,0
2012-02-06,16.45323372,16.45323372,16.45323372,16.45323372,0
2012-02-07,16.45323372,16.45323372,16.45323372,16.45323372,0
2012-02-08,16.45323372,16.45323372,16.45323372,16.45323372,0
2012-02-09,16.45323372,16.45323372,16.45323372,16.45323372,0
2012-02-10,16.45323372,16.45323372,16.45323372,16.45323372,0
2012-02-13,16.45323372,16.45323372,16.45323372,16.45323372,0
2012-02-14,16.45323372,16.45323372,16.45323372,16.45323372,0
2012-02-15,16.45323372,16.45323372,16.45323372,16.45323372,0
2012-02-16,16.45323372,16.45323372,16.45323372,16.45323372,0
2012-02-17,16.45323372,16.45323372,16.45323372,16.45323372,0
2012-02-23,16.45323372,16.45323372,16.45323372,16.45323372,0
2012-02-24,16.45323372,16.45323372,16.45323372,16.45323372,0
2012-02-27,16.45323372,16.45323372,16.45323372,16.45323372,0
2012-02-28,16.45323372,16.45323372,16.45323372,16.45323372,0
2012-02-29,16.45323372,16.45323372,16.45323372,16.45323372,0
2012-03-01,16.45323372,16.45323372,16.45323372,16.45323372,0
2012-03-02,16.45323372,16.45323372,16.45323372,16.45323372,0
2012-03-05,16.45323372,16.45323372,16.45323372,16.45323372,0
2012-03-06,16.45323372,16.45323372,16.45323372,16.45323372,0
2012-03-07,16.45323372,16.45323372,16.45323372,16.45323372,0
2012-03-08,16.45323372,16.45323372,16.45323372,16.45323372,0
2012-03-09,16.45323372,16.45323372,16.45323372,16.45323372,0
2012-03-12,16.45323372,16.45323372,16.45323372,16.45323372,0
2012-03-13,16.45323372,16.45323372,16.45323372,16.45323372,0
2012-03-14,16.45323372,16.45323372,16.45323372,16.45323372,0
2012-03-15,16.45323372,16.45323372,16.45323372,16.45323372,0
2012-03-16,16.45323372,16.45323372,16.45323372,16.45323372,0
2012-03-19,16.45323372,16.45323372,16.45323372,16.45323372,0
2012-03-20,16.45323372,16.45323372,16.45323372,16.45323372,0
2012-03-21,16.45323372,16.45323372,16.45323372,16.45323372,0
2012-03-22,16.45323372,16.45323372,16.45323372,16.45323372,0
2012-03-23,16.45323372,16.45323372,16.45323372,16.45323372,0
2012-03-26,16.45323372,16.45323372,16.45323372,16.45323372,0
2012-03-27,16.45323372,16.45323372,16.45323372,16.45323372,0
2012-03-28,16.45323372,16.45323372,16.45323372,16.45323372,0
2012-03-29,16.45323372,16.45323372,16.45323372,16.45323372,0
2012-03-30,16.45323372,16.45323372,16.45323372,16.45323372,0
2012-04-02,16.45323372,16.45323372,16.45323372,16.45323372,0
2012-04-03,16.45323372,16.45323372,16.45323372,16.45323372,0
2012-04-04,16.45323372,16.45323372,16.45323372,16.45323372,0
2012-04-05,16.45323372,16.45323372,16.45323372,16.45323372,0
2012-04-09,16.45323372,16.45323372,16.45323372,16.45323372,0
2012-04-10,16.45323372,16.45323372,16.45323372,16.45323372,0
2012-04-11,16.45323372,16.45323372,16.45323372,16.45323372,0
2012-04-12,16.45323372,16.45323372,16.45323372,16.45323372,0
2012-04-13,16.45323372,16.45323372,16.45323372,16.45323372,0
2012-04-16,16.45323372,16.45323372,16.45323372,16.45323372,0
2012-04-17,16.45323372,16.45323372,16.45323372,16.45323372,0
2012-04-18,16.45323372,16.45323372,16.45323372,16.45323372,0
2012-04-19,16.45323372,16.45323372,16.45323372,16.45323372,0
2012-04-20,16.45323372,16.45323372,16.45323372,16.45323372,0
2012-04-23,16.45323372,16.45323372,16.45323372,16.45323372,0
2012-04-24,16.45323372,16.45323372,16.45323372,16.45323372,0
2012-04-25,16.45323372,16.45323372,16.45323372,16.45323372,0
2012-04-26,16.45323372,16.45323372,16.45323372,16.45323372,0
2012-04-27,16.45323372,16.45323372,16.45323372,16.45323372,0
2012-04-30,16.45323372,16.45323372,16.45323372,16.45323372,0
2012-05-02,16.45323372,16.45323372,16.45323372,16.45323372,0
2012-05-03,16.45323372,16.45323372,16.45323372,16.45323372,0
2012-05-04,16.45323372,16.45323372,16.45323372,16.45323372,0
2012-05-07,16.45323372,16.45323372,16.45323372,16.45323372,0
2012-05-08,16.45323372,16.45323372,16.45323372,16.45323372,0
2012-05-09,16.45323372,16.45323372,16.45323372,16.45323372,0
2012-05-10,16.45323372,16.45323372,16.45323372,16.45323372,0
2012-05-11,16.45323372,16.45323372,16.45323372,16.45323372,0
2012-05-14,16.45323372,16.45323372,16.45323372,16.45323372,0
2012-05-15,16.45323372,16.45323372,16.45323372,16.45323372,0
2012-05-16,16.45323372,16.45323372,16.45323372,16.45323372,0
2012-05-17,16.45323372,16.45323372,16.45323372,16.45323372,0
2012-05-18,16.45323372,16.45323372,16.45323372,16.45323372,0
2012-05-21,16.45323372,16.45323372,16.45323372,16.45323372,0
2012-05-22,16.45323372,16.45323372,16.45323372,16.45323372,0
2012-05-23,16.45323372,16.45323372,16.45323372,16.45323372,0
2012-05-24,16.45323372,16.45323372,16.45323372,16.45323372,0
2012-05-25,16.45323372,16.45323372,16.45323372,16.45323372,0
2012-05-28,16.45323372,16.45323372,16.45323372,16.45323372,0
2012-05-29,16.45323372,16.45323372,16.45323372,16.45323372,0
2012-05-30,16.45323372,16.45323372,16.45323372,16.45323372,0
2012-05-31,16.45323372,16.45323372,16.45323372,16.45323372,0
2012-06-01,16.45323372,16.45323372,16.45323372,16.45323372,0
2012-06-04,16.45323372,16.45323372,16.45323372,16.45323372,0
2012-06-05,16.45323372,16.45323372,16.45323372,16.45323372,0
2012-06-06,16.45323372,16.45323372,16.45323372,16.45323372,0
2012-06-08,16.45323372,16.45323372,16.45323372,16.45323372,0
2012-06-11,16.45323372,16.45323372,16.45323372,16.45323372,0
2012-06-12,16.45323372,16.45323372,16.45323372,16.45323372,0
2012-06-13,16.45323372,16.45323372,16.45323372,16.45323372,0
2012-06-14,16.45323372,16.45323372,16.45323372,16.45323372,0
2012-06-15,16.45323372,16.45323372,16.45323372,16.45323372,0
2012-06-18,16.45323372,16.45323372,16.45323372,16.45323372,0
2012-06-19,16.45323372,16.45323372,16.45323372,16.45323372,0
2012-06-20,16.45323372,16.45323372,16.45323372,16.45323372,0
2012-06-21,16.45323372,16.45323372,16.45323372,16.45323372,0
2012-06-22,16.45323372,16.45323372,16.45323372,16.45323372,0
2012-06-25,16.45323372,16.45323372,16.45323372,16.45323372,0
2012-06-26,16.45323372,16.45323372,16.45323372,16.45323372,0
2012-06-27,16.45323372,16.45323372,16.45323372,16.45323372,0
2012-06-28,16.45323372,16.45323372,16.45323372,16.45323372,0
2012-06-29,16.45323372,16.45323372,16.45323372,16.45323372,0
2012-07-02,16.45323372,16.45323372,16.45323372,16.45323372,0
2012-07-03,16.45323372,16.45323372,16.45323372,16.45323372,0
2012-07-04,16.45323372,16.45323372,16.45323372,16.45323372,0
2012-07-05,16.45323372,16.45323372,16.45323372,16.45323372,0
2012-07-06,16.45323372,16.45323372,16.45323372,16.45323372,0
2012-07-10,16.45323372,16.45323372,16.45323372,16.45323372,0
2012-07-11,16.45323372,16.45323372,16.45323372,16.45323372,0
2012-07-12,16.45323372,16.45323372,16.45323372,16.45323372,0
2012-07-13,16.45323372,16.45323372,16.45323372,16.45323372,0
2012-07-16,16.45323372,16.45323372,16.45323372,16.45323372,0
2012-07-17,16.45323372,16.45323372,16.45323372,16.45323372,0
2012-07-18,16.45323372,16.45323372,16.45323372,16.45323372,0
2012-07-19,16.45323372,16.45323372,16.45323372,16.45323372,0
2012-07-20,16.45323372,16.45323372,16.45323372,16.45323372,0
2012-07-23,16.45323372,16.45323372,16.45323372,16.45323372,0
2012-07-24,16.45323372,16.45323372,16.45323372,16.45323372,0
2012-07-25,16.45323372,16.45323372,16.45323372,16.45323372,0
2012-07-26,16.45323372,16.45323372,16.45323372,16.45323372,0
2012-07-27,16.45323372,16.45323372,16.45323372,16.45323372,0
2012-07-30,16.45323372,16.45323372,16.45323372,16.45323372,0
2012-07-31,16.45323372,16.45323372,16.45323372,16.45323372,0
2012-08-01,16.45323372,16.45323372,16.45323372,16.45323372,0
2012-08-02,16.45323372,16.45323372,16.45323372,16.45323372,0
2012-08-03,16.45323372,16.45323372,16.45323372,16.45323372,0
2012-08-06,16.45323372,16.45323372,16.45323372,16.45323372,0
2012-08-07,16.45323372,16.45323372,16.45323372,16.45323372,0
2012-08-08,16.45323372,16.45323372,16.45323372,16.45323372,0
2012-08-09,16.45323372,16.45323372,16.45323372,16.45323372,0
2012-08-10,16.45323372,16.45323372,16.45323372,16.45323372,0
2012-08-13,16.45323372,16.45323372,16.45323372,16.45323372,0
2012-08-14,16.45323372,16.45323372,16.45323372,16.45323372,0
2012-08-15,16.45323372,16.45323372,16.45323372,16.45323372,0
2012-08-16,16.45323372,16.45323372,16.45323372,16.45323372,0
2012-08-17,16.45323372,16.45323372,16.45323372,16.45323372,0
2012-08-20,16.45323372,16.45323372,16.45323372,16.45323372,0
2012-08-21,16.45323372,16.45323372,16.45323372,16.45323372,0
2012-08-22,16.45323372,16.45323372,16.45323372,16.45323372,0
2012-08-23,16.45323372,16.45323372,16.45323372,16.45323372,0
2012-08-24,16.45323372,16.45323372,16.45323372,16.45323372,0
2012-08-27,16.45323372,16.45323372,16.45323372,16.45323372,0
2012-08-28,16.45323372,16.45323372,16.45323372,16.45323372,0
2012-08-29,16.45323372,16.45323372,16.45323372,16.45323372,0
2012-08-30,16.45323372,16.45323372,16.45323372,16.45323372,0
2012-08-31,16.45323372,16.45323372,16.45323372,16.45323372,0
2012-09-03,16.45323372,16.45323372,16.45323372,16.45323372,0
2012-09-04,16.45323372,16.45323372,16.45323372,16.45323372,0
2012-09-05,16.45323372,16.45323372,16.45323372,16.45323372,0
2012-09-06,16.45323372,16.45323372,16.45323372,16.45323372,0
2012-09-10,16.45323372,16.45323372,16.45323372,16.45323372,0
2012-09-11,16.45323372,16.45323372,16.45323372,16.45323372,0
2012-09-12,16.45323372,16.45323372,16.45323372,16.45323372,0
2012-09-13,16.45323372,16.45323372,16.45323372,16.45323372,0
2012-09-14,16.45323372,16.45323372,16.45323372,16.45323372,0
2012-09-17,16.45323372,16.45323372,16.45323372,16.45323372,0
2012-09-18,16.45323372,16.45323372,16.45323372,16.45323372,0
2012-09-19,16.45323372,16.45323372,16.45323372,16.45323372,0
2012-09-20,16.45323372,16.45323372,16.45323372,16.45323372,0
2012-09-21,16.45323372,16.45323372,16.45323372,16.45323372,0
2012-09-24,16.45323372,16.45323372,16.45323372,16.45323372,0
2012-09-25,16.45323372,16.45323372,16.45323372,16.45323372,0
2012-09-26,16.45323372,16.45323372,16.45323372,16.45323372,0
2012-09-27,16.45323372,16.45323372,16.45323372,16.45323372,0
2012-09-28,16.45323372,16.45323372,16.45323372,16.45323372,0
2012-10-01,16.45323372,16.45323372,16.45323372,16.45323372,0
2012-10-02,16.45323372,16.45323372,16.45323372,16.45323372,0
2012-10-03,16.45323372,16.45323372,16.45323372,16.45323372,0
2012-10-04,16.45323372,16.45323372,16.45323372,16.45323372,0
2012-10-05,16.45323372,16.45323372,16.45323372,16.45323372,0
2012-10-08,16.45323372,16.45323372,16.45323372,16.45323372,0
2012-10-09,16.45323372,16.45323372,16.45323372,16.45323372,0
2012-10-10,16.45323372,16.45323372,16.45323372,16.45323372,0
2012-10-11,16.45323372,16.45323372,16.45323372,16.45323372,0
2012-10-15,16.45323372,16.45323372,16.45323372,16.45323372,0
2012-10-16,16.45323372,16.45323372,16.45323372,16.45323372,0
2012-10-17,16.45323372,16.45323372,16.45323372,16.45323372,0
2012-10-18,16.45323372,16.45323372,16.45323372,16.45323372,0
2012-10-19,16.45323372,16.45323372,16.45323372,16.45323372,0
2012-10-22,16.45323372,16.45323372,16.45323372,16.45323372,0
2012-10-23,16.45323372,16.45323372,16.45323372,16.45323372,0
2012-10-24,16.45323372,16.45323372,16.45323372,16.45323372,0
2012-10-25,16.45323372,16.45323372,16.45323372,16.45323372,0
2012-10-26,16.45323372,16.45323372,16.45323372,16.45323372,0
2012-10-29,16.45323372,16.45323372,16.45323372,16.45323372,0
2012-10-30,16.45323372,16.45323372,16.45323372,16.45323372,0
2012-10-31,16.45323372,16.45323372,16.45323372,16.45323372,0
2012-11-01,16.45323372,16.45323372,16.45323372,16.45323372,0
2012-11-05,16.45323372,16.45323372,16.45323372,16.45323372,0
2012-11-06,16.45323372,16.45323372,16.45323372,16.45323372,0
2012-11-07,16.45323372,16.45323372,16.45323372,16.45323372,0
2012-11-08,16.45323372,16.45323372,16.45323372,16.45323372,0
2012-11-09,16.45323372,16.45323372,16.45323372,16.45323372,0
2012-11-12,16.45323372,16.45323372,16.45323372,16.45323372,0
2012-11-13,16.45323372,16.45323372,16.45323372,16.45323372,0
2012-11-14,16.45323372,16.45323372,16.45323372,16.45323372,0
2012-11-16,16.45323372,16.45323372,16.45323372,16.45323372,0
2012-11-19,16.45323372,16.45323372,16.45323372,16.45323372,0
2012-11-21,16.45323372,16.45323372,16.45323372,16.45323372,0
2012-11-22,16.45323372,16.45323372,16.45323372,16.45323372,0
2012-11-23,16.45323372,16.45323372,16.45323372,16.45323372,0
2012-11-26,16.45323372,16.45323372,16.45323372,16.45323372,0
2012-11-27,16.45323372,16.45323372,16.45323372,16.45323372,0
2012-11-28,16.45323372,16.45323372,16.45323372,16.45323372,0
2012-11-29,16.45323372,16.45323372,16.45323372,16.45323372,0
2012-11-30,16.45323372,16.45323372,16.45323372,16.45323372,0
2012-12-03,16.45323372,16.45323372,16.45323372,16.45323372,0
2012-12-04,16.45323372,16.45323372,16.45323372,16.45323372,0
2012-12-05,16.45323372,16.45323372,16.45323372,16.45323372,0
2012-12-06,16.45323372,16.45323372,16.45323372,16.45323372,0
2012-12-07,16.45323372,16.45323372,16.45323372,16.45323372,0
2012-12-10,16.45323372,16.45323372,16.45323372,16.45323372,0
2012-12-11,16.45323372,16.45323372,16.45323372,16.45323372,0
2012-12-12,16.45323372,16.45323372,16.45323372,16.45323372,0
2012-12-13,16.45323372,16.45323372,16.45323372,16.45323372,0
2012-12-14,16.45323372,16.45323372,16.45323372,16.45323372,0
2012-12-17,16.45323372,16.45323372,16.45323372,16.45323372,0
2012-12-18,16.45323372,16.45323372,16.45323372,16.45323372,0
2012-12-19,16.45323372,16.45323372,16.45323372,16.45323372,0
2012-12-20,16.45323372,16.45323372,16.45323372,16.45323372,0
2012-12-21,16.45323372,16.45323372,16.45323372,16.45323372,0
2012-12-26,16.45323372,16.45323372,16.45323372,16.45323372,0
2012-12-27,16.45323372,16.45323372,16.45323372,16.45323372,0
2012-12-28,16.45323372,16.45323372,16.45323372,16.45323372,0
2013-01-02,16.45323372,16.45323372,16.45323372,16.45323372,0
2013-01-03,16.45323372,16.45323372,16.45323372,16.45323372,0
2013-01-04,16.45323372,16.45323372,16.45323372,16.45323372,0
2013-01-07,16.45323372,16.45323372,16.45323372,16.45323372,0
2013-01-08,16.45323372,16.45323372,16.45323372,16.45323372,0
2013-01-09,16.45323372,16.45323372,16.45323372,16.45323372,0
2013-01-10,16.45323372,16.45323372,16.45323372,16.45323372,0
2013-01-11,16.45323372,16.45323372,16.45323372,16.45323372,0
2013-01-14,16.45323372,16.45323372,16.45323372,16.45323372,0
2013-01-15,16.45323372,16.45323372,16.45323372,16.45323372,0
2013-01-16,16.45323372,16.45323372,16.45323372,16.45323372,0
2013-01-17,16.45323372,16.45323372,16.45323372,16.45323372,0
2013-01-18,16.45323372,16.45323372,16.45323372,16.45323372,0
2013-01-21,16.45323372,16.45323372,16.45323372,16.45323372,0
2013-01-22,16.45323372,16.45323372,16.45323372,16.45323372,0
2013-01-23,16.45323372,16.45323372,16.45323372,16.45323372,0
2013-01-24,16.45323372,16.45323372,16.45323372,16.45323372,0
2013-01-28,16.45323372,16.45323372,16.45323372,16.45323372,0
2013-01-29,16.45323372,16.45323372,16.45323372,16.45323372,0
2013-01-30,16.45323372,16.45323372,16.45323372,16.45323372,0
2013-01-31,16.45323372,16.45323372,16.45323372,16.45323372,0
2013-02-01,16.45323372,16.45323372,16.45323372,16.45323372,0
2013-02-04,16.45323372,16.45323372,16.45323372,16.45323372,0
2013-02-05,16.45323372,16.45323372,16.45323372,16.45323372,0
2013-02-06,16.45323372,16.45323372,16.45323372,16.45323372,0
2013-02-07,16.45323372,16.45323372,16.45323372,16.45323372,0
2013-02-08,16.45323372,16.45323372,16.45323372,16.45323372,0
2013-02-13,16.45323372,16.45323372,16.45323372,16.45323372,0
2013-02-14,16.45323372,16.45323372,16.45323372,16.45323372,0
2013-02-15,16.45323372,16.45323372,16.45323372,16.45323372,0
2013-02-18,16.45323372,16.45323372,16.45323372,16.45323372,0
2013-02-19,16.45323372,16.45323372,16.45323372,16.45323372,0
2013-02-20,16.45323372,16.45323372,16.45323372,16.45323372,0
2013-02-21,16.45323372,16.45323372,16.45323372,16.45323372,0
2013-02-22,16.45323372,16.45323372,16.45323372,16.45323372,0
2013-02-25,16.45323372,16.45323372,16.45323372,16.45323372,0
2013-02-26,16.45323372,16.45323372,16.45323372,16.45323372,0
2013-02-27,16.45323372,16.45323372,16.45323372,16.45323372,0
2013-02-28,16.45323372,16.45323372,16.45323372,16.45323372,0
2013-03-01,16.45323372,16.45323372,16.45323372,16.45323372,0
2013-03-04,16.45323372,16.45323372,16.45323372,16.45323372,0
2013-03-05,16.45323372,16.45323372,16.45323372,16.45323372,0
2013-03-06,16.45323372,16.45323372,16.45323372,16.45323372,0
2013-03-07,16.45323372,16.45323372,16.45323372,16.45323372,0
2013-03-08,16.45323372,16.45323372,16.45323372,16.45323372,0
2013-03-11,16.45323372,16.45323372,16.45323372,16.45323372,0
2013-03-12,16.45323372,16.45323372,16.45323372,16.45323372,0
2013-03-13,16.45323372,16.45323372,16.45323372,16.45323372,0
2013-03-14,16.45323372,16.45323372,16.45323372,16.45323372,0
2013-03-15,16.45323372,16.45323372,16.45323372,16.45323372,0
2013-03-18,16.45323372,16.45323372,16.45323372,16.45323372,0
2013-03-19,16.45323372,16.45323372,16.45323372,16.45323372,0
2013-03-20,16.45323372,16.45323372,16.45323372,16.45323372,0
2013-03-21,16.45323372,16.45323372,16.45323372,16.45323372,0
2013-03-22,16.45323372,16.45323372,16.45323372,16.45323372,0
2013-03-25,16.45323372,16.45323372,16.45323372,16.45323372,0
2013-03-26,16.45323372,16.45323372,16.45323372,16.45323372,0
2013-03-27,16.45323372,16.45323372,16.45323372,16.45323372,0
2013-03-28,16.45323372,16.45323372,16.45323372,16.45323372,0
2013-04-01,16.45323372,16.45323372,16.45323372,16.45323372,0
2013-04-02,16.45323372,16.45323372,16.45323372,16.45323372,0
2013-04-03,16.45323372,16.45323372,16.45323372,16.45323372,0
2013-04-04,16.45323372,16.45323372,16.45323372,16.45323372,0
2013-04-05,16.45323372,16.45323372,16.45323372,16.45323372,0
2013-04-08,16.45323372,16.45323372,16.45323372,16.45323372,0
2013-04-09,16.45323372,16.45323372,16.45323372,16.45323372,0
2013-04-10,16.45323372,16.45323372,16.45323372,16.45323372,0
2013-04-11,16.45323372,16.45323372,16.45323372,16.45323372,0
2013-04-12,16.45323372,16.45323372,16.45323372,16.45323372,0
2013-04-15,16.45323372,16.45323372,16.45323372,16.45323372,0
2013-04-16,16.45323372,16.45323372,16.45323372,16.45323372,0
2013-04-17,16.45323372,16.45323372,16.45323372,16.45323372,0
2013-04-18,16.45323372,16.45323372,16.45323372,16.45323372,0
2013-04-19,16.45323372,16.45323372,16.45323372,16.45323372,0
2013-04-22,16.45323372,16.45323372,16.45323372,16.45323372,0
2013-04-23,16.45323372,16.45323372,16.45323372,16.45323372,0
2013-04-24,16.45323372,16.45323372,16.45323372,16.45323372,0
2013-04-25,16.45323372,16.45323372,16.45323372,16.45323372,0
2013-04-26,16.45323372,16.45323372,16.45323372,16.45323372,0
2013-04-29,16.45323372,16.45323372,16.45323372,16.45323372,0
2013-04-30,16.45323372,16.45323372,16.45323372,16.45323372,0
2013-05-02,16.52471161,16.52471161,16.52471161,16.52471161,0
2013-05-03,16.52471161,16.52471161,16.52471161,16.52471161,0
2013-05-06,16.52471161,16.52471161,16.52471161,16.52471161,0
2013-05-07,16.52471161,16.52471161,16.52471161,16.52471161,0
2013-05-08,16.52471161,16.52471161,16.52471161,16.52471161,0
2013-05-09,16.52471161,16.52471161,16.52471161,16.52471161,0
2013-05-10,16.52471161,16.52471161,16.52471161,16.52471161,0
2013-05-13,16.52471161,16.52471161,16.52471161,16.52471161,0
2013-05-14,16.52471161,16.52471161,16.52471161,16.52471161,0
2013-05-15,16.52471161,16.52471161,16.52471161,16.52471161,0
2013-05-16,16.52471161,16.52471161,16.52471161,16.52471161,0
2013-05-17,16.52471161,16.52471161,16.52471161,16.52471161,0
2013-05-20,16.52471161,16.52471161,16.52471161,16.52471161,0
2013-05-21,16.52471161,16.52471161,16.52471161,16.52471161,0
2013-05-22,16.52471161,16.52471161,16.52471161,16.52471161,0
2013-05-23,16.52471161,16.52471161,16.52471161,16.52471161,0
2013-05-24,16.52471161,16.52471161,16.52471161,16.52471161,0
2013-05-27,16.52471161,16.52471161,16.52471161,16.52471161,0
2013-05-28,16.52471161,16.52471161,16.52471161,16.52471161,0
2013-05-29,16.52471161,16.52471161,16.52471161,16.52471161,0
2013-05-31,16.52471161,16.52471161,16.52471161,16.52471161,0
2013-06-03,16.52471161,16.52471161,16.52471161,16.52471161,0
2013-06-04,16.52471161,16.52471161,16.52471161,16.52471161,0
2013-06-05,16.52471161,16.52471161,16.52471161,16.52471161,0
2013-06-06,16.52471161,16.52471161,16.52471161,16.52471161,0
2013-06-07,16.52471161,16.52471161,16.52471161,16.52471161,0
2013-06-10,16.52471161,16.52471161,16.52471161,16.52471161,0
2013-06-11,16.52471161,16.52471161,16.52471161,16.52471161,0
2013-06-12,16.52471161,16.52471161,16.52471161,16.52471161,0
2013-06-13,16.52471161,16.52471161,16.52471161,16.52471161,0
2013-06-14,16.52471161,16.52471161,16.52471161,16.52471161,0
2013-06-17,16.52471161,16.52471161,16.52471161,16.52471161,0
2013-06-18,16.52471161,16.52471161,16.52471161,16.52471161,0
2013-06-19,16.52471161,16.52471161,16.52471161,16.52471161,0
2013-06-20,16.52471161,16.52471161,16.52471161,16.52471161,0
2013-06-21,16.52471161,16.52471161,16.52471161,16.52471161,0
2013-06-24,16.52471161,16.52471161,16.52471161,16.52471161,0
2013-06-25,16.52471161,16.52471161,16.52471161,16.52471161,0
2013-06-26,16.52471161,16.52471161,16.52471161,16.52471161,0
2013-06-27,16.52471161,16.52471161,16.52471161,16.52471161,0
2013-06-28,16.52471161,16.52471161,16.52471161,16.52471161,0
2013-07-01,16.52471161,16.52471161,16.52471161,16.52471161,0
2013-07-02,16.52471161,16.52471161,16.52471161,16.52471161,0
2013-07-03,16.52471161,16.52471161,16.52471161,16.52471161,0
2013-07-04,16.52471161,16.52471161,16.52471161,16.52471161,0
2013-07-05,16.52471161,16.52471161,16.52471161,16.52471161,0
2013-07-08,16.52471161,16.52471161,16.52471161,16.52471161,0
2013-07-10,16.52471161,16.52471161,16.52471161,16.52471161,0
2013-07-11,16.52471161,16.52471161,16.52471161,16.52471161,0
2013-07-12,16.52471161,16.52471161,16.52471161,16.52471161,0
2013-07-15,16.52471161,16.52471161,16.52471161,16.52471161,0
2013-07-16,16.52471161,16.52471161,16.52471161,16.52471161,0
2013-07-17,16.52471161,16.52471161,16.52471161,16.52471161,0
2013-07-18,16.52471161,16.52471161,16.52471161,16.52471161,0
2013-07-19,16.52471161,16.52471161,16.52471161,16.52471161,0
2013-07-22,16.52471161,16.52471161,16.52471161,16.52471161,0
2013-07-23,16.52471161,16.52471161,16.52471161,16.52471161,0
2013-07-24,16.52471161,16.52471161,16.52471161,16.52471161,0
2013-07-25,16.52471161,16.52471161,16.52471161,16.52471161,0
2013-07-26,16.52471161,16.52471161,16.52471161,16.52471161,0
2013-07-29,16.52471161,16.52471161,16.52471161,16.52471161,0
2013-07-30,16.52471161,16.52471161,16.52471161,16.52471161,0
2013-07-31,16.52471161,16.52471161,16.52471161,16.52471161,0
2013-08-01,16.52471161,16.52471161,16.52471161,16.52471161,0
2013-08-02,16.52471161,16.52471161,16.52471161,16.52471161,0
2013-08-05,16.52471161,16.52471161,16.52471161,16.52471161,0
2013-08-06,16.52471161,16.52471161,16.52471161,16.52471161,0
2013-08-07,16.52471161,16.52471161,16.52471161,16.52471161,0
2013-08-08,16.52471161,16.52471161,16.52471161,16.52471161,0
2013-08-09,16.52471161,16.52471161,16.52471161,16.52471161,0
2013-08-12,16.52471161,16.52471161,16.52471161,16.52471161,0
2013-08-13,16.52471161,16.52471161,16.52471161,16.52471161,0
2013-08-14,16.52471161,16.52471161,16.52471161,16.52471161,0
2013-08-15,16.52471161,16.52471161,16.52471161,16.52471161,0
2013-08-16,16.52471161,16.52471161,16.52471161,16.52471161,0
2013-08-19,16.52471161,16.52471161,16.52471161,16.52471161,0
2013-08-20,16.52471161,16.52471161,16.52471161,16.52471161,0
2013-08-21,16.52471161,16.52471161,16.52471161,16.52471161,0
2013-08-22,16.52471161,16.52471161,16.52471161,16.52471161,0
2013-08-23,16.52471161,16.52471161,16.52471161,16.52471161,0
2013-08-26,16.52471161,16.52471161,16.52471161,16.52471161,0
2013-08-27,16.52471161,16.52471161,16.52471161,16.52471161,0
2013-08-28,16.52471161,16.52471161,16.52471161,16.52471161,0
2013-08-29,16.52471161,16.52471161,16.52471161,16.52471161,0
2013-08-30,16.52471161,16.52471161,16.52471161,16.52471161,0
2013-09-02,16.52471161,16.52471161,16.52471161,16.52471161,0
2013-09-03,16.52471161,16.52471161,16.52471161,16.52471161,0
2013-09-04,16.52471161,16.52471161,16.52471161,16.52471161,0
2013-09-05,16.52471161,16.52471161,16.52471161,16.52471161,0
2013-09-06,16.52471161,16.52471161,16.52471161,16.52471161,0
2013-09-09,16.52471161,16.52471161,16.52471161,16.52471161,0
2013-09-10,16.52471161,16.52471161,16.52471161,16.52471161,0
2013-09-11,16.52471161,16.52471161,16.52471161,16.52471161,0
2013-09-12,16.52471161,16.52471161,16.52471161,16.52471161,0
2013-09-13,16.52471161,16.52471161,16.52471161,16.52471161,0
2013-09-16,16.52471161,16.52471161,16.52471161,16.52471161,0
2013-09-17,16.52471161,16.52471161,16.52471161,16.52471161,0
2013-09-18,16.52471161,16.52471161,16.52471161,16.52471161,0
2013-09-19,16.52471161,16.52471161,16.52471161,16.52471161,0
2013-09-20,16.52471161,16.52471161,16.52471161,16.52471161,0
2013-09-23,16.52471161,16.52471161,16.52471161,16.52471161,0
2013-09-24,16.52471161,16.52471161,16.52471161,16.52471161,0
2013-09-25,16.52471161,16.52471161,16.52471161,16.52471161,0
2013-09-26,16.52471161,16.52471161,16.52471161,16.52471161,0
2013-09-27,16.52471161,16.52471161,16.52471161,16.52471161,0
2013-09-30,16.52471161,16.52471161,16.52471161,16.52471161,0
2013-10-01,16.52471161,16.52471161,16.52471161,16.52471161,0
2013-10-02,16.52471161,16.52471161,16.52471161,16.52471161,0
2013-10-03,16.52471161,16.52471161,16.52471161,16.52471161,0
2013-10-04,16.52471161,16.52471161,16.52471161,16.52471161,0
2013-10-07,16.52471161,16.52471161,16.52471161,16.52471161,0
2013-10-08,16.52471161,16.52471161,16.52471161,16.52471161,0
2013-10-09,16.52471161,16.52471161,16.52471161,16.52471161,0
2013-10-10,16.52471161,16.52471161,16.52471161,16.52471161,0
2013-10-11,16.52471161,16.52471161,16.52471161,16.52471161,0
2013-10-14,16.52471161,16.52471161,16.52471161,16.52471161,0
2013-10-15,16.52471161,16.52471161,16.52471161,16.52471161,0
2013-10-16,16.52471161,16.52471161,16.52471161,16.52471161,0
2013-10-17,16.52471161,16.52471161,16.52471161,16.52471161,0
2013-10-18,16.52471161,16.52471161,16.52471161,16.52471161,0
2013-10-21,16.52471161,16.52471161,16.52471161,16.52471161,0
2013-10-22,16.52471161,16.52471161,16.52471161,16.52471161,0
2013-10-23,16.52471161,16.52471161,16.52471161,16.52471161,0
2013-10-24,16.52471161,16.52471161,16.52471161,16.52471161,0
2013-10-25,16.52471161,16.52471161,16.52471161,16.52471161,0
2013-10-28,16.52471161,16.52471161,16.52471161,16.52471161,0
2013-10-29,16.52471161,16.52471161,16.52471161,16.52471161,0
2013-10-30,16.52471161,16.52471161,16.52471161,16.52471161,0
2013-10-31,16.52471161,16.52471161,16.52471161,16.52471161,0
2013-11-01,16.52471161,16.52471161,16.52471161,16.52471161,0
2013-11-04,16.52471161,16.52471161,16.52471161,16.52471161,0
2013-11-05,16.52471161,16.52471161,16.52471161,16.52471161,0
2013-11-06,16.52471161,16.52471161,16.52471161,16.52471161,0
2013-11-07,16.52471161,16.52471161,16.52471161,16.52471161,0
2013-11-08,16.52471161,16.52471161,16.52471161,16.52471161,0
2013-11-11,16.52471161,16.52471161,16.52471161,16.52471161,0
2013-11-12,16.52471161,16.52471161,16.52471161,16.52471161,0
2013-11-13,16.52471161,16.52471161,16.52471161,16.52471161,0
2013-11-14,16.52471161,16.52471161,16.52471161,16.52471161,0
2013-11-18,16.52471161,16.52471161,16.52471161,16.52471161,0
2013-11-19,16.52471161,16.52471161,16.52471161,16.52471161,0
2013-11-21,16.52471161,16.52471161,16.52471161,16.52471161,0
2013-11-22,16.52471161,16.52471161,16.52471161,16.52471161,0
2013-11-25,16.52471161,16.52471161,16.52471161,16.52471161,0
2013-11-26,16.52471161,16.52471161,16.52471161,16.52471161,0
2013-11-27,16.52471161,16.52471161,16.52471161,16.52471161,0
2013-11-28,16.52471161,16.52471161,16.52471161,16.52471161,0
2013-11-29,16.52471161,16.52471161,16.52471161,16.52471161,0
2013-12-02,16.52471161,16.52471161,16.52471161,16.52471161,0
2013-12-03,16.52471161,16.52471161,16.52471161,16.52471161,0
2013-12-04,16.52471161,16.52471161,16.52471161,16.52471161,0
2013-12-05,16.52471161,16.52471161,16.52471161,16.52471161,0
2013-12-06,16.52471161,16.52471161,16.52471161,16.52471161,0
2013-12-09,16.52471161,16.52471161,16.52471161,16.52471161,0
2013-12-10,16.52471161,16.52471161,16.52471161,16.52471161,0
2013-12-11,16.52471161,16.52471161,16.52471161,16.52471161,0
2013-12-12,16.52471161,16.52471161,16.52471161,16.52471161,0
2013-12-13,16.52471161,16.52471161,16.52471161,16.52471161,0
2013-12-16,16.52471161,16.52471161,16.52471161,16.52471161,0
2013-12-17,16.52471161,16.52471161,16.52471161,16.52471161,0
2013-12-18,16.52471161,16.52471161,16.52471161,16.52471161,0
2013-12-19,16.52471161,16.52471161,16.52471161,16.52471161,0
2013-12-20,16.52471161,16.52471161,16.52471161,16.52471161,0
2013-12-23,16.52471161,16.52471161,16.52471161,16.52471161,0
2013-12-26,16.52471161,16.52471161,16.52471161,16.52471161,0
2013-12-27,16.52471161,16.52471161,16.52471161,16.52471161,0
2013-12-30,16.52471161,16.52471161,16.52471161,16.52471161,0
2014-01-02,16.52471161,16.52471161,16.52471161,16.52471161,0
2014-01-03,16.52471161,16.52471161,16.52471161,16.52471161,0
2014-01-06,16.52471161,16.52471161,16.52471161,16.52471161,0
2014-01-07,16.52471161,16.52471161,16.52471161,16.52471161,0
2014-01-08,16.52471161,16.52471161,16.52471161,16.52471161,0
2014-01-09,16.52471161,16.52471161,16.52471161,16.52471161,0
2014-01-10,16.52471161,16.52471161,16.52471161,16.52471161,0
2014-01-13,16.52471161,16.52471161,16.52471161,16.52471161,0
2014-01-14,16.52471161,16.52471161,16.52471161,16.52471161,0
2014-01-15,16.52471161,16.52471161,16.52471161,16.52471161,0
2014-01-16,16.52471161,16.52471161,16.52471161,16.52471161,0
2014-01-17,16.52471161,16.52471161,16.52471161,16.52471161,0
2014-01-20,16.52471161,16.52471161,16.52471161,16.52471161,0
2014-01-21,16.52471161,16.52471161,16.52471161,16.52471161,0
2014-01-22,16.52471161,16.52471161,16.52471161,16.52471161,0
2014-01-23,16.52471161,16.52471161,16.52471161,16.52471161,0
2014-01-24,16.52471161,16.52471161,16.52471161,16.52471161,0
2014-01-27,16.52471161,16.52471161,16.52471161,16.52471161,0
2014-01-28,16.52471161,16.52471161,16.52471161,16.52471161,0
2014-01-29,16.52471161,16.52471161,16.52471161,16.52471161,0
2014-01-30,16.52471161,16.52471161,16.52471161,16.52471161,0
2014-01-31,16.52471161,16.52471161,16.52471161,16.52471161,0
2014-02-03,16.52471161,16.52471161,16.52471161,16.52471161,0
2014-02-04,16.52471161,16.52471161,16.52471161,16.52471161,0
2014-02-05,16.52471161,16.52471161,16.52471161,16.52471161,0
2014-02-06,16.52471161,16.52471161,16.52471161,16.52471161,0
2014-02-07,16.52471161,16.52471161,16.52471161,16.52471161,0
2014-02-10,16.52471161,16.52471161,16.52471161,16.52471161,0
2014-02-11,16.52471161,16.52471161,16.52471161,16.52471161,0
2014-02-12,16.52471161,16.52471161,16.52471161,16.52471161,0
2014-02-13,16.52471161,16.52471161,16.52471161,16.52471161,0
2014-02-14,16.52471161,16.52471161,16.52471161,16.52471161,0
2014-02-17,16.52471161,16.52471161,16.52471161,16.52471161,0
2014-02-18,16.52471161,16.52471161,16.52471161,16.52471161,0
2014-02-19,16.52471161,16.52471161,16.52471161,16.52471161,0
2014-02-20,16.52471161,16.52471161,16.52471161,16.52471161,0
2014-02-21,16.52471161,16.52471161,16.52471161,16.52471161,0
2014-02-24,16.52471161,16.52471161,16.52471161,16.52471161,0
2014-02-25,16.52471161,16.52471161,16.52471161,16.52471161,0
2014-02-26,16.52471161,16.52471161,16.52471161,16.52471161,0
2014-02-27,16.52471161,16.52471161,16.52471161,16.52471161,0
2014-02-28,16.52471161,16.52471161,16.52471161,16.52471161,0
2014-03-05,16.52471161,16.52471161,16.52471161,16.52471161,0
2014-03-06,16.52471161,16.52471161,16.52471161,16.52471161,0
2014-03-07,16.52471161,16.52471161,16.52471161,16.52471161,0
2014-03-10,16.52471161,16.52471161,16.52471161,16.52471161,0
2014-03-11,16.52471161,16.52471161,16.52471161,16.52471161,0
2014-03-12,16.52471161,16.52471161,16.52471161,16.52471161,0
2014-03-13,16.52471161,16.52471161,16.52471161,16.52471161,0
2014-03-14,16.52471161,16.52471161,16.52471161,16.52471161,0
2014-03-17,16.52471161,16.52471161,16.52471161,16.52471161,0
2014-03-18,16.52471161,16.52471161,16.52471161,16.52471161,0
2014-03-19,16.52471161,16.52471161,16.52471161,16.52471161,0
2014-03-20,16.52471161,16.52471161,16.52471161,16.52471161,0
2014-03-21,16.52471161,16.52471161,16.52471161,16.52471161,0
2014-03-24,16.52471161,16.52471161,16.52471161,16.52471161,0
2014-03-25,16.52471161,16.52471161,16.52471161,16.52471161,0
2014-03-26,16.52471161,16.52471161,16.52471161,16.52471161,0
2014-03-27,16.52471161,16.52471161,16.52471161,16.52471161,0
2014-03-28,16.52471161,16.52471161,16.52471161,16.52471161,0
2014-03-31,16.52471161,16.52471161,16.52471161,16.52471161,0
2014-04-01,16.52471161,16.52471161,16.52471161,16.52471161,0
2014-04-02,16.52471161,16.52471161,16.52471161,16.52471161,0
2014-04-03,16.52471161,16.52471161,16.52471161,16.52471161,0
2014-04-04,16.52471161,16.52471161,16.52471161,16.52471161,0
2014-04-07,16.52471161,16.52471161,16.52471161,16.52471161,0
2014-04-08,16.52471161,16.52471161,16.52471161,16.52471161,0
2014-04-09,16.52471161,16.52471161,16.52471161,16.52471161,0
2014-04-10,16.52471161,16.52471161,16.52471161,16.52471161,0
2014-04-11,16.52471161,16.52471161,16.52471161,16.52471161,0
2014-04-14,16.52471161,16.52471161,16.52471161,16.52471161,0
2014-04-15,16.52471161,16.52471161,16.52471161,16.52471161,0
2014-04-16,16.52471161,16.52471161,16.52471161,16.52471161,0
2014-04-17,16.52471161,16.52471161,16.52471161,16.52471161,0
2014-04-22,16.52471161,16.52471161,16.52471161,16.52471161,0
2014-04-23,16.52471161,16.52471161,16.52471161,16.52471161,0
2014-04-24,16.52471161,16.52471161,16.52471161,16.52471161,0
2014-04-25,16.52471161,16.52471161,16.52471161,16.52471161,0
2014-04-28,16.52471161,16.52471161,16.52471161,16.52471161,0
2014-04-29,16.52471161,16.52471161,16.52471161,16.52471161,0
2014-04-30,16.52471161,16.52471161,16.52471161,16.52471161,0
2014-05-02,16.61225319,16.61225319,16.61225319,16.61225319,0
2014-05-05,16.61225319,16.61225319,16.61225319,16.61225319,0
2014-05-06,16.61225319,16.61225319,16.61225319,16.61225319,0
2014-05-07,16.61225319,16.61225319,16.61225319,16.61225319,0
2014-05-08,16.61225319,16.61225319,16.61225319,16.61225319,0
2014-05-09,16.61225319,16.61225319,16.61225319,16.61225319,0
2014-05-12,16.61225319,16.61225319,16.61225319,16.61225319,0
2014-05-13,16.61225319,16.61225319,16.61225319,16.61225319,0
2014-05-14,16.61225319,16.61225319,16.61225319,16.61225319,0
2014-05-15,16.61225319,16.61225319,16.61225319,16.61225319,0
2014-05-16,16.61225319,16.61225319,16.61225319,16.61225319,0
2014-05-19,16.61225319,16.61225319,16.61225319,16.61225319,0
2014-05-20,16.61225319,16.61225319,16.61225319,16.61225319,0
2014-05-21,16.61225319,16.61225319,16.61225319,16.61225319,0
2014-05-22,16.61225319,16.61225319,16.61225319,16.61225319,0
2014-05-23,16.61225319,16.61225319,16.61225319,16.61225319,0
2014-05-26,16.61225319,16.61225319,16.61225319,16.61225319,0
2014-05-27,16.61225319,16.61225319,16.61225319,16.61225319,0
2014-05-28,16.61225319,16.61225319,16.61225319,16.61225319,0
2014-05-29,16.61225319,16.61225319,16.61225319,16.61225319,0
2014-05-30,16.61225319,16.61225319,16.61225319,16.61225319,0
2014-06-02,16.61225319,16.61225319,16.61225319,16.61225319,0
2014-06-03,16.61225319,16.61225319,16.61225319,16.61225319,0
2014-06-04,16.61225319,16.61225319,16.61225319,16.61225319,0
2014-06-05,16.61225319,16.61225319,16.61225319,16.61225319,0
2014-06-06,16.61225319,16.61225319,16.61225319,16.61225319,0
2014-06-09,16.61225319,16.61225319,16.61225319,16.61225319,0
2014-06-10,16.61225319,16.61225319,16.61225319,16.61225319,0
2014-06-11,16.61225319,16.61225319,16.61225319,16.61225319,0
2014-06-13,16.61225319,16.61225319,16.61225319,16.61225319,0
2014-06-16,16.61225319,16.61225319,16.61225319,16.61225319,0
2014-06-17,16.61225319,16.61225319,16.61225319,16.61225319,0
2014-06-18,16.61225319,16.61225319,16.61225319,16.61225319,0
2014-06-20,16.61225319,16.61225319,16.61225319,16.61225319,0
2014-06-23,16.61225319,16.61225319,16.61225319,16.61225319,0
2014-06-24,16.61225319,16.61225319,16.61225319,16.61225319,0
2014-06-25,16.61225319,16.61225319,16.61225319,16.61225319,0
2014-06-26,16.61225319,16.61225319,16.61225319,16.61225319,0
2014-06-27,16.61225319,16.61225319,16.61225319,16.61225319,0
2014-06-30,16.61225319,16.61225319,16.61225319,16.61225319,0
2014-07-01,16.61225319,16.61225319,16.61225319,16.61225319,0
2014-07-02,16.61225319,16.61225319,16.61225319,16.61225319,0
2014-07-03,16.61225319,16.61225319,16.61225319,16.61225319,0
2014-07-04,16.61225319,16.61225319,16.61225319,16.61225319,0
2014-07-07,16.61225319,16.61225319,16.61225319,16.61225319,0
2014-07-08,16.61225319,16.61225319,16.61225319,16.61225319,0
2014-07-10,16.61225319,16.61225319,16.61225319,16.61225319,0
2014-07-11,16.61225319,16.61225319,16.61225319,16.61225319,0
2014-07-14,16.61225319,16.61225319,16.61225319,16.61225319,0
2014-07-15,16.61225319,16.61225319,16.61225319,16.61225319,0
2014-07-16,16.61225319,16.61225319,16.61225319,16.61225319,0
2014-07-17,16.61225319,16.61225319,16.61225319,16.61225319,0
2014-07-18,16.61225319,16.61225319,16.61225319,16.61225319,0
2014-07-21,16.61225319,16.61225319,16.61225319,16.61225319,0
2014-07-22,16.61225319,16.61225319,16.61225319,16.61225319,0
2014-07-23,16.61225319,16.61225319,16.61225319,16.61225319,0
2014-07-24,16.61225319,16.61225319,16.61225319,16.61225319,0
2014-07-25,16.61225319,16.61225319,16.61225319,16.61225319,0
2014-07-28,16.61225319,16.61225319,16.61225319,16.61225319,0
2014-07-29,16.61225319,16.61225319,16.61225319,16.61225319,0
2014-07-30,16.61225319,16.61225319,16.61225319,16.61225319,0
2014-07-31,16.61225319,16.61225319,16.61225319,16.61225319,0
2014-08-01,16.61225319,16.61225319,16.61225319,16.61225319,0
2014-08-04,16.61225319,16.61225319,16.61225319,16.61225319,0
2014-08-05,16.61225319,16.61225319,16.61225319,16.61225319,0
2014-08-06,16.61225319,16.61225319,16.61225319,16.61225319,0
2014-08-07,16.61225319,16.61225319,16.61225319,16.61225319,0
2014-08-08,16.61225319,16.61225319,16.61225319,16.61225319,0
2014-08-11,16.61225319,16.61225319,16.61225319,16.61225319,0
2014-08-12,16.61225319,16.61225319,16.61225319,16.61225319,0
2014-08-13,16.61225319,16.61225319,16.61225319,16.61225319,0
2014-08-14,16.61225319,16.61225319,16.61225319,16.61225319,0
2014-08-15,16.61225319,16.61225319,16.61225319,16.61225319,0
2014-08-18,16.61225319,16.61225319,16.61225319,16.61225319,0
2014-08-19,16.61225319,16.61225319,16.61225319,16.61225319,0
2014-08-20,16.61225319,16.61225319,16.61225319,16.61225319,0
2014-08-21,16.61225319,16.61225319,16.61225319,16.61225319,0
2014-08-22,16.61225319,16.61225319,16.61225319,16.61225319,0
2014-08-25,16.61225319,16.61225319,16.61225319,16.61225319,0
2014-08-26,16.61225319,16.61225319,16.61225319,16.61225319,0
2014-08-27,16.61225319,16.61225319,16.61225319,16.61225319,0
2014-08-28,16.61225319,16.61225319,16.61225319,16.61225319,0
2014-08-29,16.61225319,16.61225319,16.61225319,16.61225319,0
2014-09-01,16.61225319,16.61225319,16.61225319,16.61225319,0
2014-09-02,16.61225319,16.61225319,16.61225319,16.61225319,0
2014-09-03,16.61225319,16.61225319,16.61225319,16.61225319,0
2014-09-04,16.61225319,16.61225319,16.61225319,16.61225319,0
2014-09-05,16.61225319,16.61225319,16.61225319,16.61225319,0
2014-09-08,16.61225319,16.61225319,16.61225319,16.61225319,0
2014-09-09,16.61225319,16.61225319,16.61225319,16.61225319,0
2014-09-10,16.61225319,16.61225319,16.61225319,16.61225319,0
2014-09-11,16.61225319,16.61225319,16.61225319,16.61225319,0
2014-09-12,16.61225319,16.61225319,16.61225319,16.61225319,0
2014-09-15,16.61225319,16.61225319,16.61225319,16.61225319,0
2014-09-16,16.61225319,16.61225319,16.61225319,16.61225319,0
2014-09-17,16.61225319,16.61225319,16.61225319,16.61225319,0
2014-09-18,16.61225319,16.61225319,16.61225319,16.61225319,0
2014-09-19,16.61225319,16.61225319,16.61225319,16.61225319,0
2014-09-22,16.61225319,16.61225319,16.61225319,16.61225319,0
2014-09-23,16.61225319,16.61225319,16.61225319,16.61225319,0
2014-09-24,16.61225319,16.61225319,16.61225319,16.61225319,0
2014-09-25,16.61225319,16.61225319,16.61225319,16.61225319,0
2014-09-26,16.61225319,16.61225319,16.61225319,16.61225319,0
2014-09-29,16.61225319,16.61225319,16.61225319,16.61225319,0
2014-09-30,16.61225319,16.61225319,16.61225319,16.61225319,0
2014-10-01,16.61225319,16.61225319,16.61225319,16.61225319,0
2014-10-02,16.61225319,16.61225319,16.61225319,16.61225319,0
2014-10-03,16.61225319,16.61225319,16.61225319,16.61225319,0
2014-10-06,16.61225319,16.61225319,16.61225319,16.61225319,0
2014-10-07,16.61225319,16.61225319,16.61225319,16.61225319,0
2014-10-08,16.61225319,16.61225319,16.61225319,16.61225319,0
2014-10-09,16.61225319,16.61225319,16.61225319,16.61225319,0
2014-10-10,16.61225319,16.61225319,16.61225319,16.61225319,0
2014-10-13,16.61225319,16.61225319,16.61225319,16.61225319,0
2014-10-14,16.61225319,16.61225319,16.61225319,16.61225319,0
2014-10-15,16.61225319,16.61225319,16.61225319,16.61225319,0
2014-10-16,16.61225319,16.61225319,16.61225319,16.61225319,0
2014-10-17,16.61225319,16.61225319,16.61225319,16.61225319,0
2014-10-20,16.61225319,16.61225319,16.61225319,16.61225319,0
2014-10-21,16.61225319,16.61225319,16.61225319,16.61225319,0
2014-10-22,16.61225319,16.61225319,16.61225319,16.61225319,0
2014-10-23,16.61225319,16.61225319,16.61225319,16.61225319,0
2014-10-24,16.61225319,16.61225319,16.61225319,16.61225319,0
2014-10-27,16.61225319,16.61225319,16.61225319,16.61225319,0
2014-10-28,16.61225319,16.61225319,16.61225319,16.61225319,0
2014-10-29,16.61225319,16.61225319,16.61225319,16.61225319,0
2014-10-30,16.61225319,16.61225319,16.61225319,16.61225319,0
2014-10-31,16.61225319,16.61225319,16.61225319,16.61225319,0
2014-11-03,16.61225319,16.61225319,16.61225319,16.61225319,0
2014-11-04,16.61225319,16.61225319,16.61225319,16.61225319,0
2014-11-05,16.61225319,16.61225319,16.61225319,16.61225319,0
2014-11-06,16.61225319,16.61225319,16.61225319,16.61225319,0
2014-11-07,16.61225319,16.61225319,16.61225319,16.61225319,0
2014-11-10,16.61225319,16.61225319,16.61225319,16.61225319,0
2014-11-11,16.61225319,16.61225319,16.61225319,16.61225319,0
2014-11-12,16.61225319,16.61225319,16.61225319,16.61225319,0
2014-11-13,16.61225319,16.61225319,16.61225319,16.61225319,0
2014-11-14,16.61225319,16.61225319,16.61225319,16.61225319,0
2014-11-17,16.61225319,16.61225319,16.61225319,16.61225319,0
2014-11-18,16.61225319,16.61225319,16.61225319,16.61225319,0
2014-11-19,16.61225319,16.61225319,16.61225319,16.61225319,0
2014-11-21,16.61225319,16.61225319,16.61225319,16.61225319,0
2014-11-24,16.61225319,16.61225319,16.61225319,16.61225319,0
2014-11-25,16.61225319,16.61225319,16.61225319,16.61225319,0
2014-11-26,16.61225319,16.61225319,16.61225319,16.61225319,0
2014-11-27,16.61225319,16.61225319,16.61225319,16.61225319,0
2014-11-28,16.61225319,16.61225319,16.61225319,16.61225319,0
2014-12-01,16.61225319,16.61225319,16.61225319,16.61225319,0
2014-12-02,16.61225319,16.61225319,16.61225319,16.61225319,0
2014-12-03,16.61225319,16.61225319,16.61225319,16.61225319,0
2014-12-04,16.61225319,16.61225319,16.61225319,16.61225319,0
2014-12-05,16.61225319,16.61225319,16.61225319,16.61225319,0
2014-12-08,16.61225319,16.61225319,16.61225319,16.61225319,0
2014-12-09,16.61225319,16.61225319,16.61225319,16.61225319,0
2014-12-10,16.61225319,16.61225319,16.61225319,16.61225319,0
2014-12-11,16.61225319,16.61225319,16.61225319,16.61225319,0
2014-12-12,16.61225319,16.61225319,16.61225319,16.61225319,0
2014-12-15,16.61225319,16.61225319,16.61225319,16.61225319,0
2014-12-16,16.61225319,16.61225319,16.61225319,16.61225319,0
2014-12-17,16.61225319,16.61225319,16.61225319,16.61225319,0
2014-12-18,16.61225319,16.61225319,16.61225319,16.61225319,0
2014-12-19,16.61225319,16.61225319,16.61225319,16.61225319,0
2014-12-22,16.61225319,16.61225319,16.61225319,16.61225319,0
2014-12-23,16.61225319,16.61225319,16.61225319,16.61225319,0
2014-12-26,16.61225319,16.61225319,16.61225319,16.61225319,0
2014-12-29,16.61225319,16.61225319,16.61225319,16.61225319,0
2014-12-30,16.61225319,16.61225319,16.61225319,16.61225319,0
2015-01-02,16.61225319,16.61225319,16.61225319,16.61225319,0
2015-01-05,16.61225319,16.61225319,16.61225319,16.61225319,0
2015-01-06,16.61225319,16.61225319,16.61225319,16.61225319,0
2015-01-07,16.61225319,16.61225319,16.61225319,16.61225319,0
2015-01-08,16.61225319,16.61225319,16.61225319,16.61225319,0
2015-01-09,16.61225319,16.61225319,16.61225319,16.61225319,0
2015-01-12,16.61225319,16.61225319,16.61225319,16.61225319,0
2015-01-13,16.61225319,16.61225319,16.61225319,16.61225319,0
2015-01-14,16.61225319,16.61225319,16.61225319,16.61225319,0
2015-01-15,16.61225319,16.61225319,16.61225319,16.61225319,0
2015-01-16,16.61225319,16.61225319,16.61225319,16.61225319,0
2015-01-19,16.61225319,16.61225319,16.61225319,16.61225319,0
2015-01-20,16.61225319,16.61225319,16.61225319,16.61225319,0
2015-01-21,16.61225319,16.61225319,16.61225319,16.61225319,0
2015-01-22,16.61225319,16.61225319,16.61225319,16.61225319,0
2015-01-23,16.61225319,16.61225319,16.61225319,16.61225319,0
2015-01-26,16.61225319,16.61225319,16.61225319,16.61225319,0
2015-01-27,16.61225319,16.61225319,16.61225319,16.61225319,0
2015-01-28,16.61225319,16.61225319,16.61225319,16.61225319,0
2015-01-29,16.61225319,16.61225319,16.61225319,16.61225319,0
2015-01-30,16.61225319,16.61225319,16.61225319,16.61225319,0
2015-02-02,16.61225319,16.61225319,16.61225319,16.61225319,0
2015-02-03,16.61225319,16.61225319,16.61225319,16.61225319,0
2015-02-04,16.61225319,16.61225319,16.61225319,16.61225319,0
2015-02-05,16.61225319,16.61225319,16.61225319,16.61225319,0
2015-02-06,16.61225319,16.61225319,16.61225319,16.61225319,0
2015-02-09,16.61225319,16.61225319,16.61225319,16.61225319,0
2015-02-10,16.61225319,16.61225319,16.61225319,16.61225319,0
2015-02-11,16.61225319,16.61225319,16.61225319,16.61225319,0
2015-02-12,16.61225319,16.61225319,16.61225319,16.61225319,0
2015-02-13,16.61225319,16.61225319,16.61225319,16.61225319,0
2015-02-18,16.61225319,16.61225319,16.61225319,16.61225319,0
2015-02-19,16.61225319,16.61225319,16.61225319,16.61225319,0
2015-02-20,16.61225319,16.61225319,16.61225319,16.61225319,0
2015-02-23,16.61225319,16.61225319,16.61225319,16.61225319,0
2015-02-24,16.61225319,16.61225319,16.61225319,16.61225319,0
2015-02-25,16.61225319,16.61225319,16.61225319,16.61225319,0
2015-02-26,16.61225319,16.61225319,16.61225319,16.61225319,0
2015-02-27,16.61225319,16.61225319,16.61225319,16.61225319,0
2015-03-02,16.61225319,16.61225319,16.61225319,16.61225319,0
2015-03-03,16.61225319,16.61225319,16.61225319,16.61225319,0
2015-03-04,16.61225319,16.61225319,16.61225319,16.61225319,0
2015-03-05,16.61225319,16.61225319,16.61225319,16.61225319,0
2015-03-06,16.61225319,16.61225319,16.61225319,16.61225319,0
2015-03-09,16.61225319,16.61225319,16.61225319,16.61225319,0
2015-03-10,16.61225319,16.61225319,16.61225319,16.61225319,0
2015-03-11,16.61225319,16.61225319,16.61225319,16.61225319,0
2015-03-12,16.61225319,16.61225319,16.61225319,16.61225319,0
2015-03-13,16.61225319,16.61225319,16.61225319,16.61225319,0
2015-03-16,16.61225319,16.61225319,16.61225319,16.61225319,0
2015-03-17,16.61225319,16.61225319,16.61225319,16.61225319,0
2015-03-18,16.61225319,16.61225319,16.61225319,16.61225319,0
2015-03-19,16.61225319,16.61225319,16.61225319,16.61225319,0
2015-03-20,16.61225319,16.61225319,16.61225319,16.61225319,0
2015-03-23,16.61225319,16.61225319,16.61225319,16.61225319,0
2015-03-24,16.61225319,16.61225319,16.61225319,16.61225319,0
2015-03-25,16.61225319,16.61225319,16.61225319,16.61225319,0
2015-03-26,16.61225319,16.61225319,16.61225319,16.61225319,0
2015-03-27,16.61225319,16.61225319,16.61225319,16.61225319,0
2015-03-30,16.61225319,16.61225319,16.61225319,16.61225319,0
2015-03-31,16.61225319,16.61225319,16.61225319,16.61225319,0
2015-04-01,16.61225319,16.61225319,16.61225319,16.61225319,0
2015-04-02,16.61225319,16.61225319,16.61225319,16.61225319,0
2015-04-06,16.61225319,16.61225319,16.61225319,16.61225319,0
2015-04-07,16.61225319,16.61225319,16.61225319,16.61225319,0
2015-04-08,16.61225319,16.61225319,16.61225319,16.61225319,0
2015-04-09,16.61225319,16.61225319,16.61225319,16.61225319,0
2015-04-10,16.61225319,16.61225319,16.61225319,16.61225319,0
2015-04-13,16.61225319,16.61225319,16.61225319,16.61225319,0
2015-04-14,16.61225319,16.61225319,16.61225319,16.61225319,0
2015-04-15,16.61225319,16.61225319,16.61225319,16.61225319,0
2015-04-16,16.61225319,16.61225319,16.61225319,16.61225319,0
2015-04-17,16.61225319,16.61225319,16.61225319,16.61225319,0
2015-04-20,16.61225319,16.61225319,16.61225319,16.61225319,0
2015-04-22,16.61225319,16.61225319,16.61225319,16.61225319,0
2015-04-23,16.61225319,16.61225319,16.61225319,16.61225319,0
2015-04-24,16.61225319,16.61225319,16.61225319,16.61225319,0
2015-04-27,16.61225319,16.61225319,16.61225319,16.61225319,0
2015-04-28,16.61225319,16.61225319,16.61225319,16.61225319,0
2015-04-29,16.61225319,16.61225319,16.61225319,16.61225319,0
2015-04-30,16.61225319,16.61225319,16.61225319,16.61225319,0
2015-05-04,16.7202282,16.7202282,16.7202282,16.7202282,0
2015-05-05,16.7202282,16.7202282,16.7202282,16.7202282,0
2015-05-06,16.7202282,16.7202282,16.7202282,16.7202282,0
2015-05-07,16.7202282,16.7202282,16.7202282,16.7202282,0
2015-05-08,16.7202282,16.7202282,16.7202282,16.7202282,0
2015-05-11,16.7202282,16.7202282,16.7202282,16.7202282,0
2015-05-12,16.7202282,16.7202282,16.7202282,16.7202282,0
2015-05-13,16.7202282,16.7202282,16.7202282,16.7202282,0
2015-05-14,16.7202282,16.7202282,16.7202282,16.7202282,0
2015-05-15,16.7202282,16.7202282,16.7202282,16.7202282,0
2015-05-18,16.7202282,16.7202282,16.7202282,16.7202282,0
2015-05-19,16.7202282,16.7202282,16.7202282,16.7202282,0
2015-05-20,16.7202282,16.7202282,16.7202282,16.7202282,0
2015-05-21,16.7202282,16.7202282,16.7202282,16.7202282,0
2015-05-22,16.7202282,16.7202282,16.7202282,16.7202282,0
2015-05-25,16.7202282,16.7202282,16.7202282,16.7202282,0
2015-05-26,16.7202282,16.7202282,16.7202282,16.7202282,0
2015-05-27,16.7202282,16.7202282,16.7202282,16.7202282,0
2015-05-28,16.7202282,16.7202282,16.7202282,16.7202282,0
2015-05-29,16.7202282,16.7202282,16.7202282,16.7202282,0
2015-06-01,16.7202282,16.7202282,16.7202282,16.7202282,0
2015-06-02,16.7202282,16.7202282,16.7202282,16.7202282,0
2015-06-03,16.7202282,16.7202282,16.7202282,16.7202282,0
2015-06-05,16.7202282,16.7202282,16.7202282,16.7202282,0
2015-06-08,16.7202282,16.7202282,16.7202282,16.7202282,0
2015-06-09,16.7202282,16.7202282,16.7202282,16.7202282,0
2015-06-10,16.7202282,16.7202282,16.7202282,16.7202282,0
2015-06-11,16.7202282,16.7202282,16.7202282,16.7202282,0
2015-06-12,16.7202282,16.7202282,16.7202282,16.7202282,0
2015-06-15,16.7202282,16.7202282,16.7202282,16.7202282,0
2015-06-16,16.7202282,16.7202282,16.7202282,16.7202282,0
2015-06-17,16.7202282,16.7202282,16.7202282,16.7202282,0
2015-06-18,16.7202282,16.7202282,16.7202282,16.7202282,0
2015-06-19,16.7202282,16.7202282,16.7202282,16.7202282,0
2015-06-22,16.7202282,16.7202282,16.7202282,16.7202282,0
2015-06-23,16.7202282,16.7202282,16.7202282,16.7202282,0
2015-06-24,16.7202282,16.7202282,16.7202282,16.7202282,0
2015-06-25,16.7202282,16.7202282,16.7202282,16.7202282,0
2015-06-26,16.7202282,16.7202282,16.7202282,16.7202282,0
2015-06-29,16.7202282,16.7202282,16.7202282,16.7202282,0
2015-06-30,16.7202282,16.7202282,16.7202282,16.7202282,0
2015-07-01,16.7202282,16.7202282,16.7202282,16.7202282,0
2015-07-02,16.7202282,16.7202282,16.7202282,16.7202282,0
2015-07-03,16.7202282,16.7202282,16.7202282,16.7202282,0
2015-07-06,16.7202282,16.7202282,16.7202282,16.7202282,0
2015-07-07,16.7202282,16.7202282,16.7202282,16.7202282,0
2015-07-08,16.7202282,16.7202282,16.7202282,16.7202282,0
2015-07-10,16.7202282,16.7202282,16.7202282,16.7202282,0
2015-07-13,16.7202282,16.7202282,16.7202282,16.7202282,0
2015-07-14,16.7202282,16.7202282,16.7202282,16.7202282,0
2015-07-15,16.7202282,16.7202282,16.7202282,16.7202282,0
2015-07-16,16.7202282,16.7202282,16.7202282,16.7202282,0
2015-07-17,16.7202282,16.7202282,16.7202282,16.7202282,0
2015-07-20,16.7202282,16.7202282,16.7202282,16.7202282,0
2015-07-21,16.7202282,16.7202282,16.7202282,16.7202282,0
2015-07-22,16.7202282,16.7202282,16.7202282,16.7202282,0
2015-07-23,16.7202282,16.7202282,16.7202282,16.7202282,0
2015-07-24,16.7202282,16.7202282,16.7202282,16.7202282,0
2015-07-27,16.7202282,16.7202282,16.7202282,16.7202282,0
2015-07-28,16.7202282,16.7202282,16.7202282,16.7202282,0
2015-07-29,16.7202282,16.7202282,16.7202282,16.7202282,0
2015-07-30,16.7202282,16.7202282,16.7202282,16.7202282,0
2015-07-31,16.7202282,16.7202282,16.7202282,16.7202282,0
2015-08-03,16.7202282,16.7202282,16.7202282,16.7202282,0
2015-08-04,16.7202282,16.7202282,16.7202282,16.7202282,0
2015-08-05,16.7202282,16.7202282,16.7202282,16.7202282,0
2015-08-06,16.7202282,16.7202282,16.7202282,16.7202282,0
2015-08-07,16.7202282,16.7202282,16.7202282,16.7202282,0
2015-08-10,16.7202282,16.7202282,16.7202282,16.7202282,0
2015-08-11,16.7202282,16.7202282,16.7202282,16.7202282,0
2015-08-12,16.7202282,16.7202282,16.7202282,16.7202282,0
2015-08-13,16.7202282,16.7202282,16.7202282,16.7202282,0
2015-08-14,16.7202282,16.7202282,16.7202282,16.7202282,0
2015-08-17,16.7202282,16.7202282,16.7202282,16.7202282,0
2015-08-18,16.7202282,16.7202282,16.7202282,16.7202282,0
2015-08-19,16.7202282,16.7202282,16.7202282,16.7202282,0
2015-08-20,16.7202282,16.7202282,16.7202282,16.7202282,0
2015-08-21,16.7202282,16.7202282,16.7202282,16.7202282,0
2015-08-24,16.7202282,16.7202282,16.7202282,16.7202282,0
2015-08-25,16.7202282,16.7202282,16.7202282,16.7202282,0
2015-08-26,16.7202282,16.7202282,16.7202282,16.7202282,0
2015-08-27,16.7202282,16.7202282,16.7202282,16.7202282,0
2015-08-28,16.7202282,16.7202282,16.7202282,16.7202282,0
2015-08-31,16.7202282,16.7202282,16.7202282,16.7202282,0
2015-09-01,16.7202282,16.7202282,16.7202282,16.7202282,0
2015-09-02,16.7202282,16.7202282,16.7202282,16.7202282,0
2015-09-03,16.7202282,16.7202282,16.7202282,16.7202282,0
2015-09-04,16.7202282,16.7202282,16.7202282,16.7202282,0
2015-09-08,16.7202282,16.7202282,16.7202282,16.7202282,0
2015-09-09,16.7202282,16.7202282,16.7202282,16.7202282,0
2015-09-10,16.7202282,16.7202282,16.7202282,16.7202282,0
2015-09-11,16.7202282,16.7202282,16.7202282,16.7202282,0
2015-09-14,16.7202282,16.7202282,16.7202282,16.7202282,0
2015-09-15,16.7202282,16.7202282,16.7202282,16.7202282,0
2015-09-16,16.7202282,16.7202282,16.7202282,16.7202282,0
2015-09-17,16.7202282,16.7202282,16.7202282,16.7202282,0
2015-09-18,16.7202282,16.7202282,16.7202282,16.7202282,0
2015-09-21,16.7202282,16.7202282,16.7202282,16.7202282,0
2015-09-22,16.7202282,16.7202282,16.7202282,16.7202282,0
2015-09-23,16.7202282,16.7202282,16.7202282,16.7202282,0
2015-09-24,16.7202282,16.7202282,16.7202282,16.7202282,0
2015-09-25,16.7202282,16.7202282,16.7202282,16.7202282,0
2015-09-28,16.7202282,16.7202282,16.7202282,16.7202282,0
2015-09-29,16.7202282,16.7202282,16.7202282,16.7202282,0
2015-09-30,16.7202282,16.7202282,16.7202282,16.7202282,0
2015-10-01,16.7202282,16.7202282,16.7202282,16.7202282,0
2015-10-02,16.7202282,16.7202282,16.7202282,16.7202282,0
2015-10-05,16.7202282,16.7202282,16.7202282,16.7202282,0
2015-10-06,16.7202282,16.7202282,16.7202282,16.7202282,0
2015-10-07,16.7202282,16.7202282,16.7202282,16.7202282,0
2015-10-08,16.7202282,16.7202282,16.7202282,16.7202282,0
2015-10-09,16.7202282,16.7202282,16.7202282,16.7202282,0
2015-10-13,16.7202282,16.7202282,16.7202282,16.7202282,0
2015-10-14,16.7202282,16.7202282,16.7202282,16.7202282,0
2015-10-15,16.7202282,16.7202282,16.7202282,16.7202282,0
2015-10-16,16.7202282,16.7202282,16.7202282,16.7202282,0
2015-10-19,16.7202282,16.7202282,16.7202282,16.7202282,0
2015-10-20,16.7202282,16.7202282,16.7202282,16.7202282,0
2015-10-21,16.7202282,16.7202282,16.7202282,16.7202282,0
2015-10-22,16.7202282,16.7202282,16.7202282,16.7202282,0
2015-10-23,16.7202282,16.7202282,16.7202282,16.7202282,0
2015-10-26,16.7202282,16.7202282,16.7202282,16.7202282,0
2015-10-27,16.7202282,16.7202282,16.7202282,16.7202282,0
2015-10-28,16.7202282,16.7202282,16.7202282,16.7202282,0
2015-10-29,16.7202282,16.7202282,16.7202282,16.7202282,0
2015-10-30,16.7202282,16.7202282,16.7202282,16.7202282,0
2015-11-03,16.7202282,16.7202282,16.7202282,16.7202282,0
2015-11-04,16.7202282,16.7202282,16.7202282,16.7202282,0
2015-11-05,16.7202282,16.7202282,16.7202282,16.7202282,0
2015-11-06,16.7202282,16.7202282,16.7202282,16.7202282,0
2015-11-09,16.7202282,16.7202282,16.7202282,16.7202282,0
2015-11-10,16.7202282,16.7202282,16.7202282,16.7202282,0
2015-11-11,16.7202282,16.7202282,16.7202282,16.7202282,0
2015-11-12,16.7202282,16.7202282,16.7202282,16.7202282,0
2015-11-13,16.80705452,16.80705452,16.80705452,16.80705452,0
2015-11-16,16.80705452,16.80705452,16.80705452,16.80705452,0
2015-11-17,16.80705452,16.80705452,16.80705452,16.80705452,0
2015-11-18,16.80705452,16.80705452,16.80705452,16.80705452,0
2015-11-19,16.80705452,16.80705452,16.80705452,16.80705452,0
2015-11-23,16.80705452,16.80705452,16.80705452,16.80705452,0
2015-11-24,16.80705452,16.80705452,16.80705452,16.80705452,0
2015-11-25,16.80705452,16.80705452,16.80705452,16.80705452,0
2015-11-26,16.80705452,16.80705452,16.80705452,16.80705452,0
2015-11-27,16.80705452,16.80705452,16.80705452,16.80705452,0
2015-11-30,16.80705452,16.80705452,16.80705452,16.80705452,0
2015-12-01,16.80705452,16.80705452,16.80705452,16.80705452,0
2015-12-02,16.80705452,16.80705452,16.80705452,16.80705452,0
2015-12-03,16.80705452,16.80705452,16.80705452,16.80705452,0
2015-12-04,16.80705452,16.80705452,16.80705452,16.80705452,0
2015-12-07,16.80705452,16.80705452,16.80705452,16.80705452,0
2015-12-08,16.80705452,16.80705452,16.80705452,16.80705452,0
2015-12-09,16.80705452,16.80705452,16.80705452,16.80705452,0
2015-12-10,16.80705452,16.80705452,16.80705452,16.80705452,0
2015-12-11,16.80705452,16.80705452,16.80705452,16.80705452,0
2015-12-14,16.80705452,16.80705452,16.80705452,16.80705452,0
2015-12-15,16.80705452,16.80705452,16.80705452,16.80705452,0
2015-12-16,16.80705452,16.80705452,16.80705452,16.80705452,0
2015-12-17,16.80705452,16.80705452,16.80705452,16.80705452,0
2015-12-18,16.80705452,16.80705452,16.80705452,16.80705452,0
2015-12-21,16.80705452,16.80705452,16.80705452,16.80705452,0
2015-12-22,16.80705452,16.80705452,16.80705452,16.80705452,0
2015-12-23,16.80705452,16.80705452,16.80705452,16.80705452,0
2015-12-28,16.80705452,16.80705452,16.80705452,16.80705452,0
2015-12-29,16.80705452,16.80705452,16.80705452,16.80705452,0
2015-12-30,16.80705452,16.80705452,16.80705452,16.80705452,0
2016-01-04,16.80705452,16.80705452,16.80705452,16.80705452,0
2016-01-05,16.80705452,16.80705452,16.80705452,16.80705452,0
2016-01-06,16.80705452,16.80705452,16.80705452,16.80705452,0
2016-01-07,16.80705452,16.80705452,16.80705452,16.80705452,0
2016-01-08,16.80705452,16.80705452,16.80705452,16.80705452,0
2016-01-11,16.80705452,16.80705452,16.80705452,16.80705452,0
2016-01-12,16.80705452,16.80705452,16.80705452,16.80705452,0
2016-01-13,16.80705452,16.80705452,16.80705452,16.80705452,0
2016-01-14,16.80705452,16.80705452,16.80705452,16.80705452,0
2016-01-15,16.80705452,16.80705452,16.80705452,16.80705452,0
2016-01-18,16.80705452,16.80705452,16.80705452,16.80705452,0
2016-01-19,16.80705452,16.80705452,16.80705452,16.80705452,0
2016-01-20,16.80705452,16.80705452,16.80705452,16.80705452,0
2016-01-21,16.80705452,16.80705452,16.80705452,16.80705452,0
2016-01-22,16.80705452,16.80705452,16.80705452,16.80705452,0
2016-01-26,16.80705452,16.80705452,16.80705452,16.80705452,0
2016-01-27,16.80705452,16.80705452,16.80705452,16.80705452,0
2016-01-28,16.80705452,16.80705452,16.80705452,16.80705452,0
2016-01-29,16.80705452,16.80705452,16.80705452,16.80705452,0
2016-02-01,16.80705452,16.80705452,16.80705452,16.80705452,0
2016-02-02,16.80705452,16.80705452,16.80705452,16.80705452,0
2016-02-03,16.80705452,16.80705452,16.80705452,16.80705452,0
2016-02-04,16.80705452,16.80705452,16.80705452,16.80705452,0
2016-02-05,16.80705452,16.80705452,16.80705452,16.80705452,0
2016-02-10,16.80705452,16.80705452,16.80705452,16.80705452,0
2016-02-11,16.80705452,16.80705452,16.80705452,16.80705452,0
2016-02-12,16.80705452,16.80705452,16.80705452,16.80705452,0
2016-02-15,16.80705452,16.80705452,16.80705452,16.80705452,0
2016-02-16,16.80705452,16.80705452,16.80705452,16.80705452,0
2016-02-17,16.80705452,16.80705452,16.80705452,16.80705452,0
2016-02-18,16.80705452,16.80705452,16.80705452,16.80705452,0
2016-02-19,16.80705452,16.80705452,16.80705452,16.80705452,0
2016-02-22,16.80705452,16.80705452,16.80705452,16.80705452,0
2016-02-23,16.80705452,16.80705452,16.80705452,16.80705452,0
2016-02-24,16.80705452,16.80705452,16.80705452,16.80705452,0
2016-02-25,16.80705452,16.80705452,16.80705452,16.80705452,0
2016-02-26,16.80705452,16.80705452,16.80705452,16.80705452,0
2016-02-29,16.80705452,16.80705452,16.80705452,16.80705452,0
2016-03-01,16.80705452,16.80705452,16.80705452,16.80705452,0
2016-03-02,16.80705452,16.80705452,16.80705452,16.80705452,0
2016-03-03,16.80705452,16.80705452,16.80705452,16.80705452,0
2016-03-04,16.80705452,16.80705452,16.80705452,16.80705452,0
2016-03-07,16.80705452,16.80705452,16.80705452,16.80705452,0
2016-03-08,16.80705452,16.80705452,16.80705452,16.80705452,0
2016-03-09,16.80705452,16.80705452,16.80705452,16.80705452,0
2016-03-10,16.80705452,16.80705452,16.80705452,16.80705452,0
2016-03-11,16.80705452,16.80705452,16.80705452,16.80705452,0
2016-03-14,16.80705452,16.80705452,16.80705452,16.80705452,0
2016-03-15,16.80705452,16.80705452,16.80705452,16.80705452,0
2016-03-16,16.80705452,16.80705452,16.80705452,16.80705452,0
2016-03-17,16.80705452,16.80705452,16.80705452,16.80705452,0
2016-03-18,16.80705452,16.80705452,16.80705452,16.80705452,0
2016-03-21,16.80705452,16.80705452,16.80705452,16.80705452,0
2016-03-22,16.80705452,16.80705452,16.80705452,16.80705452,0
2016-03-23,16.80705452,16.80705452,16.80705452,16.80705452,0
2016-03-24,16.80705452,16.80705452,16.80705452,16.80705452,0
2016-03-28,16.80705452,16.80705452,16.80705452,16.80705452,0
2016-03-29,16.80705452,16.80705452,16.80705452,16.80705452,0
2016-03-30,16.80705452,16.80705452,16.80705452,16.80705452,0
2016-03-31,16.80705452,16.80705452,16.80705452,16.80705452,0
2016-04-01,16.80705452,16.80705452,16.80705452,16.80705452,0
2016-04-04,16.80705452,16.80705452,16.80705452,16.80705452,0
2016-04-05,16.80705452,16.80705452,16.80705452,16.80705452,0
2016-04-06,16.80705452,16.80705452,16.80705452,16.80705452,0
2016-04-07,16.80705452,16.80705452,16.80705452,16.80705452,0
2016-04-08,16.80705452,16.80705452,16.80705452,16.80705452,0
2016-04-11,16.80705452,16.80705452,16.80705452,16.80705452,0
2016-04-12,16.80705452,16.80705452,16.80705452,16.80705452,0
2016-04-13,16.80705452,16.80705452,16.80705452,16.80705452,0
2016-04-14,16.80705452,16.80705452,16.80705452,16.80705452,0
2016-04-15,16.80705452,16.80705452,16.80705452,16.80705452,0
2016-04-18,16.80705452,16.80705452,16.80705452,16.80705452,0
2016-04-19,16.80705452,16.80705452,16.80705452,16.80705452,0
2016-04-20,16.80705452,16.80705452,16.80705452,16.80705452,0
2016-04-22,16.80705452,16.80705452,16.80705452,16.80705452,0
2016-04-25,16.80705452,16.80705452,16.80705452,16.80705452,0
2016-04-26,17.02658653,17.02658653,17.02658653,17.02658653,0
2016-04-27,17.02658653,17.02658653,17.02658653,17.02658653,0
2016-04-28,17.02658653,17.02658653,17.02658653,17.02658653,0
2016-04-29,17.02658653,17.02658653,17.02658653,17.02658653,0
2016-05-02,17.02658653,17.02658653,17.02658653,17.02658653,0
2016-05-03,17.02658653,17.02658653,17.02658653,17.02658653,0
2016-05-04,17.02658653,17.02658653,17.02658653,17.02658653,0
2016-05-05,17.02658653,17.02658653,17.02658653,17.02658653,0
2016-05-06,17.02658653,17.02658653,17.02658653,17.02658653,0
2016-05-09,17.02658653,17.02658653,17.02658653,17.02658653,0
2016-05-10,17.02658653,17.02658653,17.02658653,17.02658653,0
2016-05-11,17.02658653,17.02658653,17.02658653,17.02658653,0
2016-05-12,17.02658653,17.02658653,17.02658653,17.02658653,0
2016-05-13,17.02658653,17.02658653,17.02658653,17.02658653,0
2016-05-16,17.02658653,17.02658653,17.02658653,17.02658653,0
2016-05-17,17.02658653,17.02658653,17.02658653,17.02658653,0
2016-05-18,17.02658653,17.02658653,17.02658653,17.02658653,0
2016-05-19,17.02658653,17.02658653,17.02658653,17.02658653,0
2016-05-20,17.02658653,17.02658653,17.02658653,17.02658653,0
2016-05-23,17.02658653,17.02658653,17.02658653,17.02658653,0
2016-05-24,17.02658653,17.02658653,17.02658653,17.02658653,0
2016-05-25,17.02658653,17.02658653,17.02658653,17.02658653,0
2016-05-27,17.02658653,17.02658653,17.02658653,17.02658653,0
2016-05-30,17.02658653,17.02658653,17.02658653,17.02658653,0
2016-05-31,17.02658653,17.02658653,17.02658653,17.02658653,0
2016-06-01,17.02658653,17.02658653,17.02658653,17.02658653,0
2016-06-02,17.02658653,17.02658653,17.02658653,17.02658653,0
2016-06-03,17.02658653,17.02658653,17.02658653,17.02658653,0
2016-06-06,17.02658653,17.02658653,17.02658653,17.02658653,0
2016-06-07,17.02658653,17.02658653,17.02658653,17.02658653,0
2016-06-08,17.02658653,17.02658653,17.02658653,17.02658653,0
2016-06-09,17.02658653,17.02658653,17.02658653,17.02658653,0
2016-06-10,17.02658653,17.02658653,17.02658653,17.02658653,0
2016-06-13,17.02658653,17.02658653,17.02658653,17.02658653,0
2016-06-14,17.02658653,17.02658653,17.02658653,17.02658653,0
2016-06-15,17.02658653,17.02658653,17.02658653,17.02658653,0
2016-06-16,17.02658653,17.02658653,17.02658653,17.02658653,0
2016-06-17,17.02658653,17.02658653,17.02658653,17.02658653,0
2016-06-20,17.02658653,17.02658653,17.02658653,17.02658653,0
2016-06-21,17.02658653,17.02658653,17.02658653,17.02658653,0
2016-06-22,17.02658653,17.02658653,17.02658653,17.02658653,0
2016-06-23,17.02658653,17.02658653,17.02658653,17.02658653,0
2016-06-24,17.02658653,17.02658653,17.02658653,17.02658653,0
2016-06-27,17.02658653,17.02658653,17.02658653,17.02658653,0
2016-06-28,17.02658653,17.02658653,17.02658653,17.02658653,0
2016-06-29,17.02658653,17.02658653,17.02658653,17.02658653,0
2016-06-30,17.02658653,17.02658653,17.02658653,17.02658653,0
2016-07-01,17.02658653,17.02658653,17.02658653,17.02658653,0
2016-07-04,17.02658653,17.02658653,17.02658653,17.02658653,0
2016-07-05,17.02658653,17.02658653,17.02658653,17.02658653,0
2016-07-06,17.02658653,17.02658653,17.02658653,17.02658653,0
2016-07-07,17.02658653,17.02658653,17.02658653,17.02658653,0
2016-07-08,17.02658653,17.02658653,17.02658653,17.02658653,0
2016-07-11,17.02658653,17.02658653,17.02658653,17.02658653,0
2016-07-12,17.02658653,17.02658653,17.02658653,17.02658653,0
2016-07-13,17.02658653,17.02658653,17.02658653,17.02658653,0
2016-07-14,17.02658653,17.02658653,17.02658653,17.02658653,0
2016-07-15,17.02658653,17.02658653,17.02658653,17.02658653,0
2016-07-18,17.02658653,17.02658653,17.02658653,17.02658653,0
2016-07-19,17.02658653,17.02658653,17.02658653,17.02658653,0
2016-07-20,17.02658653,17.02658653,17.02658653,17.02658653,0
2016-07-21,17.02658653,17.02658653,17.02658653,17.02658653,0
2016-07-22,17.02658653,17.02658653,17.02658653,17.02658653,0
2016-07-25,17.02658653,17.02658653,17.02658653,17.02658653,0
2016-07-26,17.02658653,17.02658653,17.02658653,17.02658653,0
2016-07-27,17.02658653,17.02658653,17.02658653,17.02658653,0
2016-07-28,17.02658653,17.02658653,17.02658653,17.02658653,0
2016-07-29,17.02658653,17.02658653,17.02658653,17.02658653,0
2016-08-01,17.02658653,17.02658653,17.02658653,17.02658653,0
2016-08-02,17.02658653,17.02658653,17.02658653,17.02658653,0
2016-08-03,17.02658653,17.02658653,17.02658653,17.02658653,0
2016-08-04,17.02658653,17.02658653,17.02658653,17.02658653,0
2016-08-05,17.02658653,17.02658653,17.02658653,17.02658653,0
2016-08-08,17.02658653,17.02658653,17.02658653,17.02658653,0
2016-08-09,17.02658653,17.02658653,17.02658653,17.02658653,0
2016-08-10,17.02658653,17.02658653,17.02658653,17.02658653,0
2016-08-11,17.02658653,17.02658653,17.02658653,17.02658653,0
2016-08-12,17.02658653,17.02658653,17.02658653,17.02658653,0
2016-08-15,17.02658653,17.02658653,17.02658653,17.02658653,0
2016-08-16,17.02658653,17.02658653,17.02658653,17.02658653,0
2016-08-17,17.02658653,17.02658653,17.02658653,17.02658653,0
2016-08-18,17.02658653,17.02658653,17.02658653,17.02658653,0
2016-08-19,17.02658653,17.02658653,17.02658653,17.02658653,0
2016-08-22,17.02658653,17.02658653,17.02658653,17.02658653,0
2016-08-23,17.02658653,17.02658653,17.02658653,17.02658653,0
2016-08-24,17.02658653,17.02658653,17.02658653,17.02658653,0
2016-08-25,17.02658653,17.02658653,17.02658653,17.02658653,0
2016-08-26,17.02658653,17.02658653,17.02658653,17.02658653,0
2016-08-29,17.02658653,17.02658653,17.02658653,17.02658653,0
2016-08-30,17.02658653,17.02658653,17.02658653,17.02658653,0
2016-08-31,17.02658653,17.02658653,17.02658653,17.02658653,0
2016-09-01,17.02658653,17.02658653,17.02658653,17.02658653,0
2016-09-02,17.02658653,17.02658653,17.02658653,17.02658653,0
2016-09-05,17.02658653,17.02658653,17.02658653,17.02658653,0
2016-09-06,17.02658653,17.02658653,17.02658653,17.02658653,0
2016-09-08,17.02658653,17.02658653,17.02658653,17.02658653,0
2016-09-09,17.02658653,17.02658653,17.02658653,17.02658653,0
2016-09-12,17.02658653,17.02658653,17.02658653,17.02658653,0
2016-09-13,17.02658653,17.02658653,17.02658653,17.02658653,0
2016-09-14,17.02658653,17.02658653,17.02658653,17.02658653,0
2016-09-15,17.02658653,17.02658653,17.02658653,17.02658653,0
2016-09-16,17.02658653,17.02658653,17.02658653,17.02658653,0
2016-09-19,17.02658653,17.02658653,17.02658653,17.02658653,0
2016-09-20,17.02658653,17.02658653,17.02658653,17.02658653,0
2016-09-21,17.02658653,17.02658653,17.02658653,17.02658653,0
2016-09-22,17.02658653,17.02658653,17.02658653,17.02658653,0
2016-09-23,17.02658653,17.02658653,17.02658653,17.02658653,0
2016-09-26,17.02658653,17.02658653,17.02658653,17.02658653,0
2016-09-27,17.02658653,17.02658653,17.02658653,17.02658653,0
2016-09-28,17.02658653,17.02658653,17.02658653,17.02658653,0
2016-09-29,17.02658653,17.02658653,17.02658653,17.02658653,0
2016-09-30,17.02658653,17.02658653,17.02658653,17.02658653,0
2016-10-03,17.02658653,17.02658653,17.02658653,17.02658653,0
2016-10-04,17.02658653,17.02658653,17.02658653,17.02658653,0
2016-10-05,17.02658653,17.02658653,17.02658653,17.02658653,0
2016-10-06,17.02658653,17.02658653,17.02658653,17.02658653,0
2016-10-07,17.02658653,17.02658653,17.02658653,17.02658653,0
2016-10-10,17.02658653,17.02658653,17.02658653,17.02658653,0
2016-10-11,17.02658653,17.02658653,17.02658653,17.02658653,0
2016-10-13,17.02658653,17.02658653,17.02658653,17.02658653,0
2016-10-14,17.02658653,17.02658653,17.02658653,17.02658653,0
2016-10-17,17.02658653,17.02658653,17.02658653,17.02658653,0
2016-10-18,17.02658653,17.02658653,17.02658653,17.02658653,0
2016-10-19,17.02658653,17.02658653,17.02658653,17.02658653,0
2016-10-20,17.02658653,17.02658653,17.02658653,17.02658653,0
2016-10-21,17.02658653,17.02658653,17.02658653,17.02658653,0
2016-10-24,17.02658653,17.02658653,17.02658653,17.02658653,0
2016-10-25,17.02658653,17.02658653,17.02658653,17.02658653,0
2016-10-26,17.02658653,17.02658653,17.02658653,17.02658653,0
2016-10-27,17.02658653,17.02658653,17.02658653,17.02658653,0
2016-10-28,17.02658653,17.02658653,17.02658653,17.02658653,0
2016-10-31,17.02658653,17.02658653,17.02658653,17.02658653,0
2016-11-01,17.02658653,17.02658653,17.02658653,17.02658653,0
2016-11-03,17.02658653,17.02658653,17.02658653,17.02658653,0
2016-11-04,17.02658653,17.02658653,17.02658653,17.02658653,0
2016-11-07,17.02658653,17.02658653,17.02658653,17.02658653,0
2016-11-08,17.02658653,17.02658653,17.02658653,17.02658653,0
2016-11-09,17.02658653,17.02658653,17.02658653,17.02658653,0
2016-11-10,17.02658653,17.02658653,17.02658653,17.02658653,0
2016-11-11,17.02658653,17.02658653,17.02658653,17.02658653,0
2016-11-14,17.02658653,17.02658653,17.02658653,17.02658653,0
2016-11-16,17.02658653,17.02658653,17.02658653,17.02658653,0
2016-11-17,17.02658653,17.02658653,17.02658653,17.02658653,0
2016-11-18,17.02658653,17.02658653,17.02658653,17.02658653,0
2016-11-21,17.02658653,17.02658653,17.02658653,17.02658653,0
2016-11-22,17.02658653,17.02658653,17.02658653,17.02658653,0
2016-11-23,17.02658653,17.02658653,17.02658653,17.02658653,0
2016-11-24,17.02658653,17.02658653,17.02658653,17.02658653,0
2016-11-25,17.02658653,17.02658653,17.02658653,17.02658653,0
2016-11-28,17.02658653,17.02658653,17.02658653,17.02658653,0
2016-11-29,17.02658653,17.02658653,17.02658653,17.02658653,0
2016-11-30,17.02658653,17.02658653,17.02658653,17.02658653,0
2016-12-01,17.02658653,17.02658653,17.02658653,17.02658653,0
2016-12-02,17.02658653,17.02658653,17.02658653,17.02658653,0
2016-12-05,17.02658653,17.02658653,17.02658653,17.02658653,0
2016-12-06,17.02658653,17.02658653,17.02658653,17.02658653,0
2016-12-07,17.02658653,17.02658653,17.02658653,17.02658653,0
2016-12-08,17.02658653,17.02658653,17.02658653,17.02658653,0
2016-12-09,17.02658653,17.02658653,17.02658653,17.02658653,0
2016-12-12,17.02658653,17.02658653,17.02658653,17.02658653,0
2016-12-13,17.02658653,17.02658653,17.02658653,17.02658653,0
2016-12-14,17.02658653,17.02658653,17.02658653,17.02658653,0
2016-12-15,17.02658653,17.02658653,17.02658653,17.02658653,0
2016-12-16,17.02658653,17.02658653,17.02658653,17.02658653,0
2016-12-19,17.02658653,17.02658653,17.02658653,17.02658653,0
2016-12-20,17.02658653,17.02658653,17.02658653,17.02658653,0
2016-12-21,17.02658653,17.02658653,17.02658653,17.02658653,0
2016-12-22,17.02658653,17.02658653,17.02658653,17.02658653,0
2016-12-23,17.02658653,17.02658653,17.02658653,17.02658653,0
2016-12-26,17.02658653,17.02658653,17.02658653,17.02658653,0
2016-12-27,17.02658653,17.02658653,17.02658653,17.02658653,0
2016-12-28,17.02658653,17.02658653,17.02658653,17.02658653,0
2016-12-29,17.02658653,17.02658653,17.02658653,17.02658653,0
2017-01-02,17.02658653,17.02658653,17.02658653,17.02658653,0
2017-01-03,17.02658653,17.02658653,17.02658653,17.02658653,0
2017-01-04,17.02658653,17.02658653,17.02658653,17.02658653,0
2017-01-05,17.02658653,17.02658653,17.02658653,17.02658653,0
2017-01-06,17.02658653,17.02658653,17.02658653,17.02658653,0
2017-01-09,17.02658653,17.02658653,17.02658653,17.02658653,0
2017-01-10,17.02658653,17.02658653,17.02658653,17.02658653,0
2017-01-11,17.02658653,17.02658653,17.02658653,17.02658653,0
2017-01-12,17.02658653,17.02658653,17.02658653,17.02658653,0
2017-01-13,17.02658653,17.02658653,17.02658653,17.02658653,0
2017-01-16,17.02658653,17.02658653,17.02658653,17.02658653,0
2017-01-17,17.02658653,17.02658653,17.02658653,17.02658653,0
2017-01-18,17.02658653,17.02658653,17.02658653,17.02658653,0
2017-01-19,17.02658653,17.02658653,17.02658653,17.02658653,0
2017-01-20,17.02658653,17.02658653,17.02658653,17.02658653,0
2017-01-23,17.02658653,17.02658653,17.02658653,17.02658653,0
2017-01-24,17.02658653,17.02658653,17.02658653,17.02658653,0
2017-01-26,17.02658653,17.02658653,17.02658653,17.02658653,0
2017-01-27,17.02658653,17.02658653,17.02658653,17.02658653,0
2017-01-30,17.02658653,17.02658653,17.02658653,17.02658653,0
2017-01-31,17.02658653,17.02658653,17.02658653,17.02658653,0
2017-02-01,17.02658653,17.02658653,17.02658653,17.02658653,0
2017-02-02,17.02658653,17.02658653,17.02658653,17.02658653,0
2017-02-03,17.02658653,17.02658653,17.02658653,17.02658653,0
2017-02-06,17.02658653,17.02658653,17.02658653,17.02658653,0
2017-02-07,17.02658653,17.02658653,17.02658653,17.02658653,0
2017-02-08,17.02658653,17.02658653,17.02658653,17.02658653,0
2017-02-09,17.02658653,17.02658653,17.02658653,17.02658653,0
2017-02-10,17.02658653,17.02658653,17.02658653,17.02658653,0
2017-02-13,17.02658653,17.02658653,17.02658653,17.02658653,0
2017-02-14,17.02658653,17.02658653,17.02658653,17.02658653,0
2017-02-15,17.02658653,17.02658653,17.02658653,17.02658653,0
2017-02-16,17.02658653,17.02658653,17.02658653,17.02658653,0
2017-02-17,17.02658653,17.02658653,17.02658653,17.02658653,0
2017-02-20,17.02658653,17.02658653,17.02658653,17.02658653,0
2017-02-21,17.02658653,17.02658653,17.02658653,17.02658653,0
2017-02-22,17.02658653,17.02658653,17.02658653,17.02658653,0
2017-02-23,17.02658653,17.02658653,17.02658653,17.02658653,0
2017-02-24,17.02658653,17.02658653,17.02658653,17.02658653,0
2017-03-01,17.02658653,17.02658653,17.02658653,17.02658653,0
2017-03-02,17.02658653,17.02658653,17.02658653,17.02658653,0
2017-03-03,17.02658653,17.02658653,17.02658653,17.02658653,0
2017-03-06,17.02658653,17.02658653,17.02658653,17.02658653,0
2017-03-07,17.02658653,17.02658653,17.02658653,17.02658653,0
2017-03-08,17.02658653,17.02658653,17.02658653,17.02658653,0
2017-03-09,17.02658653,17.02658653,17.02658653,17.02658653,0
2017-03-10,17.02658653,17.02658653,17.02658653,17.02658653,0
2017-03-13,17.02658653,17.02658653,17.02658653,17.02658653,0
2017-03-14,17.02658653,17.02658653,17.02658653,17.02658653,0
2017-03-15,17.02658653,17.02658653,17.02658653,17.02658653,0
2017-03-16,17.02658653,17.02658653,17.02658653,17.02658653,0
2017-03-17,17.02658653,17.02658653,17.02658653,17.02658653,0
2017-03-20,17.02658653,17.02658653,17.02658653,17.02658653,0
2017-03-21,17.02658653,17.02658653,17.02658653,17.02658653,0
2017-03-22,17.02658653,17.02658653,17.02658653,17.02658653,0
2017-03-23,17.02658653,17.02658653,17.02658653,17.02658653,0
2017-03-24,17.02658653,17.02658653,17.02658653,17.02658653,0
2017-03-27,17.02658653,17.02658653,17.02658653,17.02658653,0
2017-03-28,17.02658653,17.02658653,17.02658653,17.02658653,0
2017-03-29,17.02658653,17.02658653,17.02658653,17.02658653,0
2017-03-30,17.02658653,17.02658653,17.02658653,17.02658653,0
2017-03-31,17.02658653,17.02658653,17.02658653,17.02658653,0
2017-04-03,17.02658653,17.02658653,17.02658653,17.02658653,0
2017-04-04,17.02658653,17.02658653,17.02658653,17.02658653,0
2017-04-05,17.02658653,17.02658653,17.02658653,17.02658653,0
2017-04-06,17.02658653,17.02658653,17.02658653,17.02658653,0
2017-04-07,17.02658653,17.02658653,17.02658653,17.02658653,0
2017-04-10,17.02658653,17.02658653,17.02658653,17.02658653,0
2017-04-11,17.02658653,17.02658653,17.02658653,17.02658653,0
2017-04-12,17.02658653,17.02658653,17.02658653,17.02658653,0
2017-04-13,17.02658653,17.02658653,17.02658653,17.02658653,0
2017-04-17,17.02658653,17.02658653,17.02658653,17.02658653,0
2017-04-18,17.02658653,17.02658653,17.02658653,17.02658653,0
2017-04-19,17.02658653,17.02658653,17.02658653,17.02658653,0
2017-04-20,17.02658653,17.02658653,17.02658653,17.02658653,0
2017-04-24,17.02658653,17.02658653,17.02658653,17.02658653,0
2017-04-25,17.02658653,17.02658653,17.02658653,17.02658653,0
2017-04-26,17.02658653,17.02658653,17.02658653,17.02658653,0
2017-04-27,17.02658653,17.02658653,17.02658653,17.02658653,0
2017-04-28,17.02658653,17.02658653,17.02658653,17.02658653,0
2017-05-02,17.02658653,17.02658653,17.02658653,17.02658653,0
2017-05-03,17.02658653,17.02658653,17.02658653,17.02658653,0
2017-05-04,17.02658653,17.02658653,17.02658653,17.02658653,0
2017-05-05,17.02658653,17.02658653,17.02658653,17.02658653,0
2017-05-08,17.02658653,17.02658653,17.02658653,17.02658653,0
2017-05-09,17.02658653,17.02658653,17.02658653,17.02658653,0
2017-05-10,17.02658653,17.02658653,17.02658653,17.02658653,0
2017-05-11,17.02658653,17.02658653,17.02658653,17.02658653,0
2017-05-12,17.02658653,17.02658653,17.02658653,17.02658653,0
2017-05-15,17.02658653,17.02658653,17.02658653,17.02658653,0
2017-05-16,17.02658653,17.02658653,17.02658653,17.02658653,0
2017-05-17,17.02658653,17.02658653,17.02658653,17.02658653,0
2017-05-18,17.02658653,17.02658653,17.02658653,17.02658653,0
2017-05-19,17.02658653,17.02658653,17.02658653,17.02658653,0
2017-05-22,17.02658653,17.02658653,17.02658653,17.02658653,0
2017-05-23,17.02658653,17.02658653,17.02658653,17.02658653,0
2017-05-24,17.02658653,17.02658653,17.02658653,17.02658653,0
2017-05-25,17.02658653,17.02658653,17.02658653,17.02658653,0
2017-05-26,17.02658653,17.02658653,17.02658653,17.02658653,0
2017-05-29,17.02658653,17.02658653,17.02658653,17.02658653,0
2017-05-30,17.02658653,17.02658653,17.02658653,17.02658653,0
2017-05-31,17.02658653,17.02658653,17.02658653,17.02658653,0
2017-06-01,17.02658653,17.02658653,17.02658653,17.02658653,0
2017-06-02,17.02658653,17.02658653,17.02658653,17.02658653,0
2017-06-05,17.02658653,17.02658653,17.02658653,17.02658653,0
2017-06-06,17.02658653,17.02658653,17.02658653,17.02658653,0
2017-06-07,17.02658653,17.02658653,17.02658653,17.02658653,0
2017-06-08,17.02658653,17.02658653,17.02658653,17.02658653,0
2017-06-09,17.02658653,17.02658653,17.02658653,17.02658653,0
2017-06-12,17.02658653,17.02658653,17.02658653,17.02658653,0
2017-06-13,17.02658653,17.02658653,17.02658653,17.02658653,0
2017-06-14,17.02658653,17.02658653,17.02658653,17.02658653,0
2017-06-15,17.02658653,17.02658653,17.02658653,17.02658653,0
2017-06-16,17.02658653,17.02658653,17.02658653,17.02658653,0
2017-06-19,17.02658653,17.02658653,17.02658653,17.02658653,0
2017-06-20,17.02658653,17.02658653,17.02658653,17.02658653,0
2017-06-21,17.02658653,17.02658653,17.02658653,17.02658653,0
2017-06-22,17.02658653,17.02658653,17.02658653,17.02658653,0
2017-06-23,17.02658653,17.02658653,17.02658653,17.02658653,0
2017-06-26,17.02658653,17.02658653,17.02658653,17.02658653,0
2017-06-27,17.02658653,17.02658653,17.02658653,17.02658653,0
2017-06-28,17.02658653,17.02658653,17.02658653,17.02658653,0
2017-06-29,17.02658653,17.02658653,17.02658653,17.02658653,0
2017-06-30,17.02658653,17.02658653,17.02658653,17.02658653,0
2017-07-03,17.02658653,17.02658653,17.02658653,17.02658653,0
2017-07-04,17.02658653,17.02658653,17.02658653,17.02658653,0
2017-07-05,17.02658653,17.02658653,17.02658653,17.02658653,0
2017-07-06,17.02658653,17.02658653,17.02658653,17.02658653,0
2017-07-07,17.02658653,17.02658653,17.02658653,17.02658653,0
2017-07-10,17.02658653,17.02658653,17.02658653,17.02658653,0
2017-07-11,17.02658653,17.02658653,17.02658653,17.02658653,0
2017-07-12,17.02658653,17.02658653,17.02658653,17.02658653,0
2017-07-13,17.02658653,17.02658653,17.02658653,17.02658653,0
2017-07-14,17.02658653,17.02658653,17.02658653,17.02658653,0
2017-07-17,17.02658653,17.02658653,17.02658653,17.02658653,0
2017-07-18,17.02658653,17.02658653,17.02658653,17.02658653,0
2017-07-19,17.02658653,17.02658653,17.02658653,17.02658653,0
2017-07-20,17.02658653,17.02658653,17.02658653,17.02658653,0
2017-07-21,17.02658653,17.02658653,17.02658653,17.02658653,0
2017-07-24,17.02658653,17.02658653,17.02658653,17.02658653,0
2017-07-25,17.02658653,17.02658653,17.02658653,17.02658653,0
2017-07-26,17.02658653,17.02658653,17.02658653,17.02658653,0
2017-07-27,17.02658653,17.02658653,17.02658653,17.02658653,0
2017-07-28,17.02658653,17.02658653,17.02658653,17.02658653,0
2017-07-31,17.02658653,17.02658653,17.02658653,17.02658653,0
2017-08-01,17.02658653,17.02658653,17.02658653,17.02658653,0
2017-08-02,17.02658653,17.02658653,17.02658653,17.02658653,0
2017-08-03,17.02658653,17.02658653,17.02658653,17.02658653,0
2017-08-04,17.02658653,17.02658653,17.02658653,17.02658653,0
2017-08-07,17.02658653,17.02658653,17.02658653,17.02658653,0
2017-08-08,17.02658653,17.02658653,17.02658653,17.02658653,0
2017-08-09,17.02658653,17.02658653,17.02658653,17.02658653,0
2017-08-10,17.02658653,17.02658653,17.02658653,17.02658653,0
2017-08-11,17.02658653,17.02658653,17.02658653,17.02658653,0
2017-08-14,17.02658653,17.02658653,17.02658653,17.02658653,0
2017-08-15,17.02658653,17.02658653,17.02658653,17.02658653,0
2017-08-16,17.02658653,17.02658653,17.02658653,17.02658653,0
2017-08-17,17.02658653,17.02658653,17.02658653,17.02658653,0
2017-08-18,17.02658653,17.02658653,17.02658653,17.02658653,0
2017-08-21,17.02658653,17.02658653,17.02658653,17.02658653,0
2017-08-22,17.02658653,17.02658653,17.02658653,17.02658653,0
2017-08-23,17.02658653,17.02658653,17.02658653,17.02658653,0
2017-08-24,17.02658653,17.02658653,17.02658653,17.02658653,0
2017-08-25,17.02658653,17.02658653,17.02658653,17.02658653,0
2017-08-28,17.02658653,17.02658653,17.02658653,17.02658653,0
2017-08-29,17.02658653,17.02658653,17.02658653,17.02658653,0
2017-08-30,17.02658653,17.02658653,17.02658653,17.02658653,0
2017-08-31,17.02658653,17.02658653,17.02658653,17.02658653,0
2017-09-01,17.02658653,17.02658653,17.02658653,17.02658653,0
2017-09-04,17.02658653,17.02658653,17.02658653,17.02658653,0
2017-09-05,17.02658653,17.02658653,17.02658653,17.02658653,0
2017-09-06,17.02658653,17.02658653,17.02658653,17.02658653,0
2017-09-07,17.02658653,17.02658653,17.02658653,17.02658653,0
2017-09-08,17.02658653,17.02658653,17.02658653,17.02658653,0
2017-09-11,17.02658653,17.02658653,17.02658653,17.02658653,0
2017-09-12,17.02658653,17.02658653,17.02658653,17.02658653,0
2017-09-13,17.02658653,17.02658653,17.02658653,17.02658653,0
2017-09-14,17.02658653,17.02658653,17.02658653,17.02658653,0
2017-09-15,17.02658653,17.02658653,17.02658653,17.02658653,0
2017-09-18,17.02658653,17.02658653,17.02658653,17.02658653,0
2017-09-19,17.02658653,17.02658653,17.02658653,17.02658653,0
2017-09-20,17.02658653,17.02658653,17.02658653,17.02658653,0
2017-09-21,17.02658653,17.02658653,17.02658653,17.02658653,0
2017-09-22,17.02658653,17.02658653,17.02658653,17.02658653,0
2017-09-25,17.02658653,17.02658653,17.02658653,17.02658653,0
2017-09-26,17.02658653,17.02658653,17.02658653,17.02658653,0
2017-09-27,17.02658653,17.02658653,17.02658653,17.02658653,0
2017-09-28,17.02658653,17.02658653,17.02658653,17.02658653,0
2017-09-29,17.02658653,17.02658653,17.02658653,17.02658653,0
2017-10-02,17.02658653,17.02658653,17.02658653,17.02658653,0
2017-10-03,17.02658653,17.02658653,17.02658653,17.02658653,0
2017-10-04,17.02658653,17.02658653,17.02658653,17.02658653,0
2017-10-05,17.02658653,17.02658653,17.02658653,17.02658653,0
2017-10-06,17.02658653,17.02658653,17.02658653,17.02658653,0
2017-10-09,17.02658653,17.02658653,17.02658653,17.02658653,0
2017-10-10,17.02658653,17.02658653,17.02658653,17.02658653,0
2017-10-11,17.02658653,17.02658653,17.02658653,17.02658653,0
2017-10-12,17.02658653,17.02658653,17.02658653,17.02658653,0
2017-10-13,17.02658653,17.02658653,17.02658653,17.02658653,0
2017-10-16,17.02658653,17.02658653,17.02658653,17.02658653,0
2017-10-17,17.02658653,17.02658653,17.02658653,17.02658653,0
2017-10-18,17.02658653,17.02658653,17.02658653,17.02658653,0
2017-10-19,17.02658653,17.02658653,17.02658653,17.02658653,0
2017-10-20,17.02658653,17.02658653,17.02658653,17.02658653,0
2017-10-23,17.02658653,17.02658653,17.02658653,17.02658653,0
2017-10-24,17.02658653,17.02658653,17.02658653,17.02658653,0
2017-10-25,17.02658653,17.02658653,17.02658653,17.02658653,0
2017-10-26,17.02658653,17.02658653,17.02658653,17.02658653,0
2017-10-27,17.02658653,17.02658653,17.02658653,17.02658653,0
2017-10-30,17.02658653,17.02658653,17.02658653,17.02658653,0
2017-10-31,17.02658653,17.02658653,17.02658653,17.02658653,0
2017-11-01,17.02658653,17.02658653,17.02658653,17.02658653,0
2017-11-02,17.02658653,17.02658653,17.02658653,17.02658653,0
2017-11-03,17.02658653,17.02658653,17.02658653,17.02658653,0
2017-11-06,17.02658653,17.02658653,17.02658653,17.02658653,0
2017-11-07,17.02658653,17.02658653,17.02658653,17.02658653,0
2017-11-08,17.02658653,17.02658653,17.02658653,17.02658653,0
2017-11-09,17.02658653,17.02658653,17.02658653,17.02658653,0
2017-11-10,17.97109047,18.14127027,16.84789599,17.49458313,2195500
2017-11-13,17.39247535,17.39247535,16.73727899,17.13720322,2407300
2017-11-14,17.24782086,17.24782086,16.17568185,16.76280594,3743900
2017-11-15,16.76280594,16.76280594,16.76280594,16.76280594,0
2017-11-16,16.71175006,17.17123889,16.66069628,17.01807594,2806800
2017-11-17,17.17974812,17.4009833,16.98403901,17.3499279,1772000
2017-11-20,17.3499279,17.3499279,17.3499279,17.3499279,0
2017-11-21,17.34142177,17.80941991,17.16273272,17.52862167,2763400
2017-11-22,17.49458373,17.52862067,16.81386126,16.84789658,3061300
2017-11-23,16.89895138,16.97553286,16.59262547,16.60964394,3539600
2017-11-24,16.52455363,16.68622582,16.23524618,16.46499062,2033300
2017-11-27,16.32884547,16.45648072,16.09059181,16.27779007,1613600
2017-11-28,16.44797254,16.55008172,15.75874083,15.76725006,3947900
2017-11-29,15.75023371,15.96295971,15.11205569,15.44390774,7707800
2017-11-30,15.55822944,15.55822944,14.69865877,15.05108261,8617500
2017-12-01,14.87057064,15.25737806,14.63848782,15.24878216,4295500
2017-12-04,15.29176291,15.40350637,14.79321035,15.03389072,3472500
2017-12-05,15.17142073,15.52384454,14.99091169,15.3175478,3826100
2017-12-06,15.34333859,16.36622826,15.34333859,16.23729134,5214800
2017-12-07,16.20290823,16.5725239,15.83329256,16.08256721,3483900
2017-12-08,16.1599266,16.1599266,15.66137572,16.14273643,2279700
2017-12-11,16.14273795,16.14273795,15.75593049,15.88486576,2213500
2017-12-12,15.88486734,15.95363294,15.40350817,15.85908127,3595900
2017-12-13,15.85907951,16.04818447,15.46367615,15.55822945,3989200
2017-12-14,15.5496317,15.83328992,15.48086612,15.62699318,3043000
2017-12-15,15.60120605,15.91065199,15.46367488,15.70435524,3211700
2017-12-18,15.63558963,15.75592899,15.53244044,15.75592899,1424900
2017-12-19,15.77312384,15.77312384,15.31755075,15.45508194,2452500
2017-12-20,15.63559119,15.94503553,15.47227231,15.90205765,1726400
2017-12-21,15.94503719,16.30605698,15.73014449,16.30605698,1422800
2017-12-22,16.31464829,16.31464829,15.83328925,16.02239418,1680400
2017-12-25,16.02239418,16.02239418,16.02239418,16.02239418,0
2017-12-26,16.02239694,16.02239694,15.75593049,15.88486576,889700
2017-12-27,15.91924858,15.91924858,15.60120672,15.91924858,2117400
2017-12-28,15.83328993,16.06537437,15.73014074,16.06537437,2253200
2017-12-29,16.06537437,16.06537437,16.06537437,16.06537437,0
2018-01-02,16.00520956,16.42639907,15.88486853,16.15133667,2119900
2018-01-03,16.07397202,16.34043847,15.88486543,16.03099251,2652600
2018-01-04,16.09116287,16.21150388,15.82469641,16.0739727,3251400
2018-01-05,15.97941873,16.23728927,15.94503511,16.03099251,3058200
2018-01-08,16.15992683,16.70145723,16.13414076,16.417799,4200500
2018-01-09,16.71005506,16.76162885,16.41780089,16.58971405,4160800
2018-01-10,16.62409166,16.83038836,16.54673019,16.68426132,2131300
2018-01-11,16.76162901,16.8389905,16.26307806,16.62409782,3305800
2018-01-12,16.46077939,16.89056476,16.46077939,16.5639286,3293200
2018-01-15,16.67567016,16.80460543,16.59830867,16.73583984,1400700
2018-01-16,16.78741589,16.96792494,16.69286259,16.7100544,2256100
2018-01-17,16.71005868,16.89916369,16.58112337,16.89056778,2714200
2018-01-18,16.91635045,18.05098343,16.90775454,18.05098343,5795000
2018-01-19,18.05098181,18.7386376,17.87906704,18.22289658,4869700
2018-01-22,18.36042908,18.50655616,17.83609048,18.31744957,3648200
2018-01-23,18.29166718,18.48077217,17.94783755,18.11115646,2366900
2018-01-24,18.36042969,18.39481167,17.50085904,17.95643044,3539300
2018-01-25,17.95643044,17.95643044,17.95643044,17.95643044,0
2018-01-26,17.62979512,17.81890009,17.45788033,17.69856071,3580600
2018-01-29,18.31745279,18.61830289,17.47507382,17.59541321,7831200
2018-01-30,17.70715641,18.19711144,17.52664571,18.10255814,2315700
2018-01-31,18.22289888,18.22289888,17.73294222,17.75872993,2567000
2018-02-01,17.77592074,18.17991834,17.77592074,18.07677078,2052300
2018-02-02,18.13693919,18.54093677,17.92204655,18.22289658,2872000
2018-02-05,18.36043032,18.60110907,18.05958026,18.10255814,3226700
2018-02-06,18.076773,18.076773,17.52664662,17.9822197,3288700
2018-02-07,18.05098233,18.43778975,17.88766346,17.96502495,3980300
2018-02-08,18.23149341,18.25728112,17.08826447,17.08826447,5040900
2018-02-09,17.02809494,17.27737123,16.58971369,17.12264824,6071200
2018-02-14,17.29456517,17.60400954,17.18282005,17.46647835,4901200
2018-02-15,17.56962628,17.74153944,17.32894588,17.44069099,1838400
2018-02-16,17.79311596,18.36043255,17.71575446,18.34324074,4736700
2018-02-19,18.41200636,19.03089674,18.40341046,18.98791885,3597300
2018-02-20,19.12544721,20.17412282,19.1082554,19.61540222,5119900
2018-02-21,19.24578556,19.74433645,18.92774535,19.59820938,7238700
2018-02-22,19.59821231,19.93344601,18.85898258,19.03949165,3980700
2018-02-23,19.12544906,19.21140646,18.7300473,19.03949165,2863200
2018-02-26,19.03948936,19.15983037,18.53234255,18.55813026,3742100
2018-02-27,18.6011074,18.7300443,18.1885139,18.44638443,3580500
2018-02-28,18.60970415,18.69566154,18.14553686,18.69566154,7029800
2018-03-01,18.87617169,18.91055531,18.26587729,18.27447319,3135400
2018-03-02,18.4549797,18.84178711,18.31744854,18.73863792,4116600
2018-03-05,18.85038572,19.0652784,18.41200447,18.41200447,2266000
2018-03-06,18.56672709,18.72145008,18.41200411,18.60970497,1904000
2018-03-07,18.50655897,18.87617302,18.34324007,18.87617302,2495300
2018-03-08,18.87617188,19.8646795,18.87617188,19.56382942,7212100
2018-03-09,19.81310329,20.15693287,19.16842529,19.89046478,4288700
2018-03-12,19.55523062,19.88186671,18.74723382,19.00510597,8773100
2018-03-13,18.90195909,19.61540269,18.70425822,19.555233,4693600
2018-03-14,19.42629729,20.86178036,19.3489358,20.62969589,5725000
2018-03-15,20.75862865,20.84458603,19.64118758,20.11395073,5974300
2018-03-16,25.03929145,26.30286131,22.64968617,24.49776268,44499500
2018-03-19,25.11665558,27.63519966,24.97052849,26.30286407,24043800
2018-03-20,27.07647585,27.07647585,25.14244186,26.17392731,13440900
2018-03-21,25.7871208,27.62660156,25.72695112,27.30856133,10866800
2018-03-22,27.50626127,27.9360466,26.90456115,27.9360466,7470900
2018-03-23,27.76413076,29.39731628,27.55783565,28.5291481,9164400
2018-03-26,28.80421039,29.67237857,28.76983006,29.40591049,5003300
2018-03-27,29.6723785,29.87867362,28.39161682,28.39161682,6549600
2018-03-28,28.36582855,28.94173925,27.85008752,28.75263596,5328200
2018-03-29,28.70966132,29.06208516,28.2025145,28.67527771,5825600
2018-04-02,28.70965978,29.21680657,28.16812937,28.8214016,4748400
2018-04-03,28.79561801,29.77552807,28.7612344,29.56923294,5960100
2018-04-04,29.6637769,30.87577119,29.32854492,30.84998512,4594700
2018-04-05,30.94454517,31.88147736,30.83280006,31.37433052,8201400
2018-04-06,31.17663141,32.65509415,30.97893053,32.65509415,5259200
2018-04-09,32.70666254,33.33414872,31.58062709,31.77832794,5526200
2018-04-10,32.2339049,32.39722217,31.12505778,31.60641861,4085400
2018-04-11,31.33134824,31.59781302,30.49756373,30.6866703,5681500
2018-04-12,30.81560464,31.27977355,30.46318083,31.24538994,3626500
2018-04-13,31.37432985,31.52045529,30.8156076,31.15943718,2424700
2018-04-16,30.8585879,31.82990039,30.70386492,31.68377495,3073700
2018-04-17,31.74394294,32.56912994,31.7353454,32.56912994,4595200
2018-04-18,32.62070961,32.66368749,31.76113889,32.10496521,5098900
2018-04-19,32.14794205,32.26828141,31.52045262,32.08777237,2994700
2018-04-20,32.14794504,32.38862378,31.67517854,32.3456459,2585300
2018-04-23,32.39722119,33.22241162,32.39722119,32.878582,3452300
2018-04-24,32.95593983,33.21381038,32.40581512,32.40581512,2472000
2018-04-25,32.81840515,33.78112329,32.40581167,33.69516754,4934700
2018-04-26,33.83269929,35.12205518,33.03329837,34.38282394,5328400
2018-04-27,35.41257681,36.44904313,34.36747472,34.76478577,4904000
2018-04-30,34.98071985,35.46440506,34.37611415,35.46440506,2698400
2018-05-02,35.88762363,37.0536495,35.46440199,36.66497421,4857800
2018-05-03,36.95863897,37.13138391,34.69568656,35.25710678,6965600
2018-05-04,35.14482626,35.59396183,34.12563464,34.41930008,4057000
2018-05-07,34.40202368,34.92025518,33.76286842,34.05653381,2632800
2018-05-08,34.07381058,35.758068,33.90106564,34.53158188,4963500
2018-05-09,34.98071597,37.09683402,34.76478562,37.0104599,5045300
2018-05-10,36.7513466,37.44232309,35.94808539,36.29357529,4827600
2018-05-11,36.08628256,37.87418577,35.58532581,37.22639465,3836300
2018-05-14,37.14001996,39.10930368,37.09683455,39.0833931,4926200
2018-05-15,40.77628733,41.32043274,39.42888402,39.72254944,6523300
2018-05-16,40.06803635,40.50853612,37.93464338,38.42696762,4258800
2018-05-17,38.12466372,39.10066987,37.52869712,38.36650467,5265700
2018-05-18,39.00565838,40.37897555,39.00565838,39.89529037,4657600
2018-05-21,39.38570421,40.81084619,38.69472758,39.48935318,5966500
2018-05-22,39.25613843,39.99030031,36.27629893,37.12274551,7733400
2018-05-23,37.83099812,38.24558401,36.50086632,36.88954163,3768200
2018-05-24,36.70815817,39.73118296,36.01718173,39.10930252,5666900
2018-05-25,38.86746311,39.27341322,38.00374171,38.28013229,4844700
2018-05-28,38.97111545,40.17168788,37.57188746,38.86746979,3766100
2018-05-29,38.15921286,38.78109334,36.27629988,37.26958084,8246900
2018-05-30,37.48551373,38.0987552,36.41449764,37.22639465,6865300
2018-06-01,37.48551366,39.00566202,36.79453384,38.41833115,4748800
2018-06-04,38.00374056,40.68127551,37.66688975,40.62081528,5392100
2018-06-05,41.02677021,41.88185592,40.68991936,41.71774673,5085400
2018-06-06,41.68319715,44.99988777,41.68319715,44.87896729,6316500
2018-06-07,46.46821213,47.2541985,41.15632733,42.71102524,11309100
2018-06-08,40.94040019,42.14960831,38.17649075,38.63426208,10337800
2018-06-11,38.80701203,40.10259444,37.26958862,38.08148575,5563300
2018-06-12,37.65825849,40.1198669,37.61507308,39.67936707,4159400
2018-06-13,40.07667652,41.09586809,39.21295507,39.73982239,3935100
2018-06-14,39.73118671,41.45862961,38.91928973,41.45862961,5153000
2018-06-15,41.35498685,42.5382844,40.62082159,40.85402679,8243500
2018-06-18,40.60354764,41.26861361,39.54980962,39.98167038,3772200
2018-06-19,39.78300653,40.28396319,37.6582495,37.87417984,8103500
2018-06-20,37.4941469,37.52005748,36.53541559,37.23503113,6919600
2018-06-21,37.22639437,38.75518178,36.91545741,37.64098358,4293400
2018-06-22,38.00374254,38.0814776,37.04501124,37.90009689,2140900
2018-06-25,37.68416615,38.31468239,37.1486565,37.9691925,2286700
2018-06-26,37.96919373,38.4356041,37.00182664,38.4356041,2323400
2018-06-27,38.85019496,39.05748958,37.77918208,38.86746979,5160300
2018-06-28,38.47878495,38.8242748,38.02101369,38.15056992,2763700
2018-06-29,38.1764906,38.84155655,37.62370938,38.84155655,2663000
2018-07-02,38.84155892,38.99702906,38.0901188,38.51334381,1419100
2018-07-03,38.86746979,39.28205574,38.62562881,38.86746979,2430600
2018-07-04,39.08339798,39.65345404,38.98838808,39.48070908,1301600
2018-07-05,39.72255192,40.46534962,39.35978719,40.41352844,2376600
2018-07-06,40.59490781,41.58818879,39.38569648,39.42024612,2256000
2018-07-10,39.38569543,39.38569543,37.18320646,37.40777588,4831700
2018-07-11,37.72735051,39.12657824,37.66689027,38.76381683,3514100
2018-07-12,38.43560267,38.64289725,37.98646714,38.14193726,3195300
2018-07-13,38.4356028,39.24749974,38.21103668,38.21103668,2866500
2018-07-16,38.52197252,38.94519745,38.09011182,38.27149582,2766300
2018-07-17,38.56516371,38.75518018,37.51142249,37.73598862,3863600
2018-07-18,37.96919698,38.15057771,35.30893643,36.50086975,11865700
2018-07-19,36.83771875,37.5977912,36.24174888,36.27629852,5335200
2018-07-20,34.54885625,35.41257765,34.22928025,34.38475037,7493600
2018-07-23,34.56613097,35.70624296,34.56613097,35.50758743,4477400
2018-07-24,35.06708579,36.08627726,34.73023499,35.94808197,4215500
2018-07-25,36.10355926,36.95864502,34.50567575,36.7513504,4523200
2018-07-26,36.7772654,37.23503677,36.43177546,36.69089127,3621700
2018-07-27,36.55269104,37.48551178,36.55269104,37.48551178,2690500
2018-07-30,37.57188011,38.34923067,37.57188011,38.16784668,2551600
2018-07-31,38.34923404,38.69472065,38.00374414,38.47879028,2623700
2018-08-01,38.5737947,38.92792032,37.36458352,37.6582489,3550800
2018-08-02,37.57188425,38.40969514,37.31276847,38.09875488,2275400
2018-08-03,37.57188327,38.03829364,36.37131097,37.00182724,4710300
2018-08-06,37.06228876,37.41641443,37.01910334,37.22639465,2511500
2018-08-07,37.14002222,37.399138,35.99991018,36.64770126,6205300
2018-08-08,36.79453022,37.73598668,36.79453022,37.71871185,3314200
2018-08-09,36.79453092,38.43560293,36.15537892,38.00374222,4683100
2018-08-10,38.26285932,39.63617655,38.25422356,39.45479584,5730900
2018-08-13,39.81755527,41.02676655,39.12657881,40.59490585,6516400
2018-08-14,40.0766777,40.75901516,39.7052772,39.71391296,4398900
2018-08-15,40.16305051,40.31852064,37.85691564,38.2887764,6070000
2018-08-16,37.9260084,38.15921358,37.05365119,37.27821732,4965800
2018-08-17,37.65825791,39.07476401,37.39914211,37.95192337,3897200
2018-08-20,38.04692973,39.72255147,37.65825441,39.04021072,5572900
2018-08-21,39.47207402,40.75038147,39.15249798,40.75038147,5695900
2018-08-22,41.00086001,42.82331287,40.7244694,41.64865112,6149500
2018-08-23,41.15632322,43.62656349,40.90584324,43.4451828,6981000
2018-08-24,42.73693727,44.42119477,42.46918243,43.95478439,4678600
2018-08-27,43.87704604,43.87704604,42.34825879,42.52100372,3988200
2018-08-28,42.7542095,43.87704666,42.49509373,43.19470596,3680100
2018-08-29,43.17744072,43.17744072,41.80412336,41.95095444,3286500
2018-08-30,42.84058068,42.91831574,40.74173739,41.93367386,5116500
2018-08-31,41.92504026,42.62465254,40.59490843,40.86266327,7348600
2018-09-03,41.6400089,42.65056468,41.58818772,42.35689926,3131900
2018-09-04,42.69374699,44.1534349,42.6678364,43.5229187,5541000
2018-09-05,47.15918424,47.5046741,45.86360222,46.74459839,8134800
2018-09-06,46.33866048,47.67742816,45.62177004,47.00372314,5616800
2018-09-10,46.64095635,47.24556199,45.34537423,45.72541046,4163700
2018-09-11,46.73596884,46.87416414,44.74941013,45.04307556,4520200
2018-09-12,44.82714566,44.91351649,43.1515239,44.73213577,5926000
2018-09-13,44.64575848,45.07761919,43.95478202,44.70621872,5285100
2018-09-14,45.33673812,45.34537389,44.2484473,44.91351318,5213200
2018-09-17,45.20717582,45.41447039,44.3348187,44.39527893,4587800
2018-09-18,44.3952841,44.47301916,42.0200501,42.51237106,6089300
2018-09-19,42.76284979,43.56611104,41.31180071,41.79548264,5731300
2018-09-20,41.27724541,41.88185104,40.75037485,41.35498047,4685900
2018-09-21,41.37225722,41.37225722,40.34442663,40.63809204,4881900
2018-09-24,40.94039952,41.38953179,40.35306864,40.56035995,3047300
2018-09-25,41.11313971,42.04596046,40.89720935,41.45862961,5465400
2018-09-26,41.29452746,41.78684846,40.75901774,41.42408371,4615800
2018-09-27,41.71774652,42.01141195,40.71582974,40.94039917,5728200
2018-09-28,41.44135491,41.58818927,41.02676901,41.52772903,4052100
2018-10-01,41.6918348,41.6918348,40.87993782,41.45862961,2043500
2018-10-02,40.49126537,40.82811623,39.3856996,39.90393448,6090200
2018-10-03,38.00374383,39.11794529,37.14865814,38.12466431,9990700
2018-10-04,38.85882623,39.04020693,35.861712,36.02581787,5683900
2018-10-05,35.65442214,37.20912346,35.429856,36.17265701,6461300
2018-10-08,34.46249091,36.01718903,34.03063013,36.01718903,12876900
2018-10-09,36.01718424,36.03445907,35.16209858,35.41257858,8016000
2018-10-10,36.06036733,37.20047928,35.93944687,36.19856262,6836000
2018-10-11,35.92217559,36.88090693,35.67169557,35.87899017,3656600
2018-10-15,36.36267084,36.39722048,35.37802893,35.41257858,5370000
2018-10-16,35.74079693,36.01718755,34.99799591,35.19665146,5061800
2018-10-17,35.51622238,35.64578191,34.55749112,34.73023605,4347100
2018-10-18,34.85116125,35.19665117,33.97016822,34.84252548,6062400
2018-10-19,34.9375346,35.30029604,34.53158445,34.79933929,3651600
2018-10-22,34.91161793,35.41257793,34.38475064,35.16209793,3640800
2018-10-23,35.67169364,36.05173317,35.18801176,35.40394211,4423200
2018-10-24,35.79261336,36.27629852,35.51622277,36.27629852,3100000
2018-10-25,36.05173485,36.83772124,35.61123506,36.47495651,3321400
2018-10-26,36.48359903,36.48359903,33.94425561,34.11700058,9110600
2018-10-29,33.11508024,33.55557673,32.01815361,32.75231552,7628700
2018-10-30,32.86460284,32.90778826,31.28399419,31.59493446,6674300
2018-10-31,31.39627418,33.73696187,31.00760215,32.69185638,6638400
2018-11-01,32.69185507,33.03734496,31.72448798,31.99224281,4642300
2018-11-05,32.16498651,33.15826415,31.87995687,32.70049286,5294400
2018-11-06,33.05461803,33.63330978,31.836771,32.27726746,5534000
2018-11-07,31.95769088,32.25999205,31.39627067,31.62084007,3540800
2018-11-08,31.70721465,31.87132383,30.63620186,30.63620186,5495900
2018-11-09,30.74848009,30.84348997,29.36652719,29.71201706,7290800
2018-11-12,29.82429865,30.43754335,29.10741161,29.53927231,4360000
2018-11-13,29.54791155,31.48264915,29.4183553,31.36172867,6929200
2018-11-14,31.61220486,33.81469727,31.56038368,33.81469727,10554800
2018-11-16,33.46920109,33.63330695,32.63139035,33.33964157,5160200
2018-11-19,33.59876276,34.05653403,32.1217967,32.30318069,5111100
2018-11-21,32.73504226,32.89914814,31.09397029,31.22352982,5193600
2018-11-22,31.30126653,32.75231552,30.70529662,32.75231552,3131500
2018-11-23,32.73504467,32.7523162,31.68130343,32.08725357,4631100
2018-11-26,32.39819101,32.94233647,31.52583378,32.7264061,3795500
2018-11-27,32.30318371,32.57093525,31.53446885,31.96632957,3682400
2018-11-28,32.06133552,32.13043481,31.30126311,31.73312378,4717400
2018-11-29,31.75039852,33.62467575,31.58629264,33.62467575,6457300
2018-11-30,34.09972261,36.27630107,34.09108685,35.31756973,12375400
2018-12-03,35.8444382,36.11219302,35.11891209,35.93080902,5766900
2018-12-04,35.58533079,36.07765184,33.81470216,34.24656296,7600500
2018-12-05,34.35020259,34.89434803,33.92697763,34.36747742,3089500
2018-12-06,34.54886006,34.64386995,33.09780767,33.89243317,3965200
2018-12-07,34.07380675,34.07380675,32.64866526,32.9509697,9554200
2018-12-10,32.95097662,33.4001089,31.99224522,32.17362595,4602600
2018-12-11,31.23216224,31.69857254,30.83485123,30.94713593,8241700
2018-12-12,31.1371611,31.69858142,30.98169096,31.34445572,3592600
2018-12-13,31.42218864,32.47592661,31.26671851,32.45001602,4992000
2018-12-14,32.20817658,32.86460349,31.86268665,32.04406738,4263300
2018-12-17,32.06134207,32.25999763,31.28399467,31.28399467,3941400
2018-12-18,31.28399365,32.64003614,31.21489435,32.3463707,4678300
2018-12-19,32.34636752,33.16690352,31.86268234,31.86268234,5303400
2018-12-20,32.15634605,32.35500156,31.22352868,31.70721054,4226800
2018-12-21,31.8108612,33.51239014,31.75903672,33.51239014,6722000
2018-12-26,33.33964442,33.89242888,32.95097243,33.46920395,2756900
2018-12-27,33.46920764,33.47784341,31.95769504,31.97496986,3410400
2018-12-28,32.13907061,32.89051056,31.62947489,32.89051056,3976300
2019-01-02,32.77822469,34.10835631,32.4413739,33.33964157,4900000
2019-01-03,33.26190822,33.26190822,30.76575401,31.914505,24428600
2019-01-04,32.06997975,32.78686687,31.88859574,32.45001602,5789200
2019-01-07,32.40682923,32.40682923,30.96441269,30.96441269,7126100
2019-01-08,31.09397106,31.4740073,30.90395129,31.266716,5272300
2019-01-09,31.16307159,33.14099121,31.16307159,33.14099121,6623400
2019-01-10,32.86460104,34.46248773,32.32909466,33.56421661,6902900
2019-01-11,34.33292819,34.33292819,33.40874649,33.56421661,5485900
2019-01-14,33.11507889,34.2292803,33.11507889,33.68513489,5932000
2019-01-15,34.24655585,36.53541565,34.05653608,36.53541565,11259800
2019-01-16,36.70815985,38.73790384,36.70815985,38.14193726,11537300
2019-01-17,38.31468124,38.73790287,36.82044364,37.11410904,10277200
2019-01-18,37.57188551,38.48743149,36.30221384,38.3233223,7909400
2019-01-21,38.34923332,39.45479571,36.96727703,39.38569641,5046400
2019-01-22,39.42888699,39.64481736,38.14194054,38.41833115,8144300
2019-01-23,38.56516355,40.16304689,38.50470331,39.59299088,6808600
2019-01-24,39.73118597,41.41544342,39.64481514,41.41544342,7327900
2019-01-28,40.94039672,42.70238592,40.44807578,42.39144897,8294600
2019-01-29,42.63329204,43.00469253,41.30316019,41.46726608,7093600
2019-01-30,41.63137258,42.32234905,40.11122106,40.24941635,6752000
2019-01-31,39.97302686,41.38952948,39.20431531,39.73118591,10110900
2019-02-01,39.92120581,40.70719218,39.71391121,40.25805664,5208200
2019-02-04,40.02485432,41.45863187,40.0075795,40.60354614,4034600
2019-02-05,40.63808812,41.71773979,40.63808812,40.84538269,4456000
2019-02-06,41.15632559,41.84730204,40.87129595,41.32906723,4345500
2019-02-07,41.66592503,42.70238815,41.37225959,41.99413681,5061000
2019-02-08,42.40872572,43.18607642,41.20815333,41.42408371,6593600
2019-02-11,41.45862459,42.02868054,40.05075787,40.32714844,4654700
2019-02-12,40.59490715,40.88857257,39.09203041,39.16976547,7544600
2019-02-13,39.45479442,40.30124101,38.841553,39.6189003,5721200
2019-02-14,39.79164457,40.15440927,38.61698294,38.91064835,6929200
2019-02-15,38.67744522,39.81755726,38.66880945,39.45479584,4190100
2019-02-18,39.73118436,40.05076035,39.43751895,39.64481354,1974900
2019-02-19,39.73982359,40.24078363,39.50662169,40.20623398,3422100
2019-02-20,40.3357881,40.95766523,40.30123845,40.54307938,4785600
2019-02-21,40.77629311,41.14769363,40.47399189,41.14769363,4120100
2019-02-22,40.50853619,41.52772774,39.9816656,41.02676773,6264600
2019-02-25,40.89720935,41.99413598,40.82811334,41.45862961,4067600
2019-02-26,41.97685586,43.61792773,41.95094528,43.4451828,8764800
2019-02-27,43.44519193,43.47110582,41.47590791,41.56227875,6185500
2019-02-28,41.89048889,42.18415431,41.16496277,41.16496277,5014300
2019-03-01,41.35498331,42.62465158,41.33770848,41.94231415,4583000
2019-03-06,42.48645938,42.90968437,41.58819153,41.62273788,3753800
2019-03-07,41.91640297,42.29644254,40.55172473,42.0027771,6030900
2019-03-08,41.8041172,41.84730261,40.44807486,40.62945557,7371500
2019-03-11,40.72446751,41.28588448,40.62945763,40.89720917,2496800
2019-03-12,41.17359699,41.18223605,39.92120361,39.92120361,3527200
2019-03-13,40.09395658,40.37035053,39.64482423,39.81756592,3193500
2019-03-14,39.8952918,40.16304663,39.47207014,39.73118591,3334500
2019-03-15,39.98166688,40.90584857,39.28205131,40.33579254,6894700
2019-03-18,40.51717579,41.19087751,40.1630501,41.06132126,3498500
2019-03-19,41.11314601,41.11314601,39.19568634,39.19568634,8073300
2019-03-20,39.38569422,39.76573374,37.8914566,37.8914566,6753100
2019-03-21,38.43560205,39.33387309,37.83099642,39.0833931,7235000
2019-03-22,39.73118923,40.29260952,39.0833981,39.5498085,8908700
2019-03-25,39.69663454,40.48262088,39.16976396,40.27532959,5659000
2019-03-26,40.24941635,40.81083659,39.48070482,40.24941635,8010900
2019-03-27,40.60354016,41.29451989,40.16304371,41.00085449,7406400
2019-03-28,40.77628766,40.96630743,39.48934458,40.07667542,6659400
2019-03-29,39.73982359,40.21487304,39.60162829,40.20623398,4264500
2019-04-01,39.95574828,41.41543947,39.88665228,41.34634018,4280600
2019-04-02,41.63137151,41.78684162,40.91448117,41.50181198,2962200
2019-04-03,41.39816933,41.5450004,40.42216317,40.50853729,3035800
2019-04-04,40.16304729,40.16304729,39.04021007,39.24750137,5110800
2019-04-05,39.43752181,39.51525687,38.87610154,39.04021072,2682000
2019-04-08,39.23022196,39.489341,38.86746057,39.20431137,2257700
2019-04-09,39.12657652,39.38569227,38.10738507,38.60834503,3267600
2019-04-10,38.52198016,38.53061922,36.85499729,37.25231171,5571200
2019-04-11,37.39914295,37.91737786,36.75999084,37.04501724,3347200
2019-04-12,37.571885,37.71871607,36.1726571,36.69952774,5261600
2019-04-15,36.85499068,37.21775538,36.13810363,36.66497421,4065100
2019-04-16,36.60451053,36.93272226,35.80124944,35.89625931,3833300
2019-04-17,36.18128763,36.18128763,35.28301662,35.67169189,11393600
2019-04-18,35.74079632,35.91354128,35.08436614,35.43849182,4912400
2019-04-22,35.34654804,36.25466174,35.14571578,35.4949913,2635000
2019-04-23,35.64342597,36.05382415,35.25922561,35.80932999,4689600
2019-04-24,35.98396669,36.41182896,35.18936817,36.40309525,6043100
2019-04-25,36.6737845,37.843853,35.87045558,37.843853,7136300
2019-04-26,37.84385768,37.85258807,36.92701362,37.32867813,5780300
2019-04-29,37.46838175,37.54696856,36.97066639,37.11910629,4011500
2019-04-30,37.11037686,37.11910724,35.56483841,35.56483841,6059000
2019-05-02,35.75693969,36.83095724,35.48625104,36.6213913,5301800
2019-05-03,36.19353343,36.66505432,35.75694076,36.66505432,9627800
2019-05-06,36.84842308,36.89208168,35.9403095,36.08875275,2991800
2019-05-07,36.01889685,36.17607048,35.20683418,35.79187012,3580400
2019-05-08,35.905384,36.19353679,35.46879128,36.04509354,2947800
2019-05-09,36.3419761,38.55986786,36.24592517,38.55986786,9189400
2019-05-10,37.32867605,37.32867605,35.19810486,35.19810486,12132100
2019-05-13,35.23303279,35.28542512,32.7531859,33.29456329,8981400
2019-05-14,33.32948156,33.57397571,32.52615268,32.70079041,7898100
2019-05-15,32.38644138,32.4999564,31.75774693,32.13321686,7139500
2019-05-16,31.90619275,32.22054,31.27749825,31.27749825,8161100
2019-05-17,31.08539565,33.26835892,30.80597661,33.18104172,12450500
2019-05-20,32.9016231,33.24216484,32.22053961,32.54361725,8445600
2019-05-21,32.61347148,32.77064511,32.11575609,32.29039383,10998500
2019-05-22,32.43883758,33.26836101,32.16814892,32.61347198,5250300
2019-05-23,32.52615671,33.2334381,32.08083362,32.14195633,4779800
2019-05-24,32.31658927,32.32532299,29.70576686,29.76688957,19416500
2019-05-27,30.03757622,30.77105202,29.81927989,30.04630661,6029200
2019-05-28,29.99391448,30.6750013,29.26043868,30.1074295,9998300
2019-05-29,30.04630781,30.38684956,28.94609573,29.03341293,8679500
2019-05-30,29.08580395,29.41761198,28.29993584,29.07707024,7013400
2019-05-31,28.98975407,29.39141853,27.81095352,28.01178741,9529300
2019-06-03,28.18642248,28.46584153,26.99015946,27.28704262,10070900
2019-06-04,27.01635258,27.34816225,26.50117314,26.84171486,12960600
2019-06-05,26.93776907,27.20845607,26.37019891,26.58849525,8552400
2019-06-06,26.78932809,26.78932809,25.9336068,26.15190315,8060000
2019-06-07,25.95106703,26.98142597,25.47081577,26.50990677,7029000
2019-06-10,26.63215186,26.98142565,26.40512348,26.86791229,4401100
2019-06-11,27.06001627,27.1560672,26.47498197,26.93777084,7343900
2019-06-12,27.04255109,27.05128314,26.4138582,26.42259026,7579400
2019-06-13,26.56229964,28.22135155,26.30034469,27.88080978,10711600
2019-06-14,27.90700388,28.37852478,27.43548464,28.37852478,7441900
2019-06-17,28.51823252,29.38268745,28.24754387,28.72779846,8656900
2019-06-18,28.71906461,29.14692688,28.49203789,29.14692688,6836000
2019-06-19,29.29536623,29.51366255,28.71033367,28.81511497,8175200
2019-06-21,28.90243466,29.47873688,28.47457569,29.47873688,6217900
2019-06-24,29.43507931,30.56148928,29.26044156,30.14236069,9109800
2019-06-25,30.21220886,30.54402019,29.2080478,29.33902359,6722700
2019-06-26,29.33902685,29.86294006,29.00721881,29.15565872,5849300
2019-06-27,29.1731248,29.5660589,29.05087937,29.49620247,6662500
2019-06-28,29.42634493,29.51366213,28.09036917,28.68413544,10510100
2019-07-01,28.55316393,28.68413974,27.55773142,27.56646347,9595900
2019-07-02,27.66251094,27.87207521,26.83298423,27.06874466,11365300
2019-07-03,26.98142869,27.6013912,26.5186415,27.24338531,6328300
2019-07-04,27.06874757,27.74983279,27.05128347,27.72363663,6465200
2019-07-05,27.9506616,29.0770715,27.9506616,28.55316162,10389800
2019-07-08,28.46583877,28.7452578,27.94192894,28.42218018,5806600
2019-07-10,28.24754489,28.42218262,27.50533867,27.50533867,9821100
2019-07-11,27.40928702,27.47914178,27.11240387,27.11240387,5531100
2019-07-12,27.1997229,28.27374213,27.17352841,27.94193077,6186000
2019-07-15,28.20388527,28.81511566,28.01178676,28.72779846,6963300
2019-07-16,28.72780235,29.81928415,28.72780235,29.40015221,13276300
2019-07-17,29.59224935,30.44797054,29.18185119,30.34318924,13689300
2019-07-18,30.25587274,30.70119579,29.60098375,30.1074295,10498300
2019-07-19,30.03757398,30.03757398,28.7277961,28.88496971,10644400
2019-07-22,28.69287303,28.85004667,28.24754661,28.54442978,4942800
2019-07-23,28.45711044,28.54442764,27.9157348,28.00305367,5887800
2019-07-24,27.89827468,28.4221846,27.8109558,27.98559189,5257200
2019-07-25,28.11656943,28.34359616,27.33943333,27.69743919,5812200
2019-07-26,27.84588205,27.89827437,26.98142869,27.24338531,7620500
2019-07-29,27.3132394,27.41802071,26.58849559,26.78059578,6263000
2019-07-30,26.93776886,27.50533901,26.54483478,27.14733315,4489400
2019-07-31,27.4005566,27.4005566,26.64088625,26.78059578,6537300
2019-08-01,26.78059239,27.28703978,26.32653564,26.76312828,9869600
2019-08-02,26.63215177,28.09036963,26.1606309,26.37892723,14090200
2019-08-05,26.33526823,26.67580996,25.57559796,26.32653618,6608000
2019-08-06,26.29161067,26.50117495,25.97726342,26.43132019,5424500
2019-08-07,26.54483414,26.77186253,26.02965465,26.54483414,4968700
2019-08-08,26.71947043,27.44421416,26.51863821,27.15606308,5722700
2019-08-09,28.12529755,28.45710889,26.33526836,26.59722328,16501500
2019-08-12,26.63215393,27.23465231,26.36146693,26.92903709,5805900
2019-08-13,26.85044895,28.55316101,26.85044895,28.50950241,15689700
2019-08-14,28.42218075,29.07706973,27.83714654,27.99432182,10902300
2019-08-15,27.94193274,28.32613311,27.18226071,27.80222321,5520000
2019-08-16,27.98559043,28.27374321,27.37436167,27.97686005,5841100
2019-08-19,27.94193249,28.18642334,27.64504933,27.88080978,4899300
2019-08-20,27.81095268,28.16895686,27.02508623,27.19972229,8911200
2019-08-21,27.37436088,27.48787424,26.50117554,26.54483414,8989400
2019-08-22,26.63215419,26.86791464,25.67164993,25.67164993,8541300
2019-08-23,25.54940589,25.64545682,24.05625794,24.44919205,16766100
2019-08-26,24.66748563,24.90324607,24.09118344,24.48411751,7289800
2019-08-27,24.44918728,25.06041763,24.37933253,24.90324402,8525400
2019-08-28,24.78973167,25.13900714,24.48411813,25.07788277,4873200
2019-08-29,25.23505358,25.94233317,25.10407612,25.32237244,6566800
2019-08-30,25.49701397,25.75896892,24.99056651,25.39223099,7322900
2019-09-02,25.36603332,25.65418441,25.20886136,25.44462013,3276800
2019-09-03,25.49701371,25.55813642,24.80719646,24.99056625,4233100
2019-09-04,25.3136445,25.44462197,24.88578385,25.1040802,5701800
2019-09-05,25.33110645,26.24795037,25.27871579,25.80262566,10932100
2019-09-06,26.04711727,26.27414565,25.73277004,25.90740776,3948100
2019-09-09,25.93360488,27.61012077,25.65418418,27.61012077,11578700
2019-09-10,27.85461191,28.49203847,27.19972291,27.32196999,8563300
2019-09-11,27.26084678,27.8546131,26.77186343,26.99889183,6760700
2019-09-12,27.24338138,28.53569519,27.10367187,28.42218018,8373400
2019-09-13,28.50950178,29.35648927,28.50950178,29.07707024,11374900
2019-09-16,28.42218241,29.93279266,27.90700292,29.93279266,8313100
2019-09-17,29.6446437,29.95899096,29.25170962,29.77561951,5200500
2019-09-18,29.53986062,29.80181554,28.99848333,29.5049324,6153000
2019-09-19,29.68830271,29.76688953,28.80638695,28.80638695,5402200
2019-09-20,28.78892405,28.78892405,27.54899903,27.85461426,18068600
2019-09-23,27.85461309,28.98975508,27.85461309,28.80638695,8164400
2019-09-24,28.70160268,29.05960855,28.27374371,28.2999382,4344700
2019-09-25,28.20388657,29.42634741,28.03798255,29.16439247,5238500
2019-09-26,29.25170903,29.29536763,28.67540684,29.11199951,6793000
2019-09-27,28.98975377,29.76688818,28.86750835,29.47000504,4820900
2019-09-30,29.51366433,29.59225114,28.81511671,29.38268852,5135600
2019-10-01,29.38268852,29.64464346,28.95482623,29.38268852,4872600
2019-10-02,29.18185059,29.24297663,28.37852173,28.62301254,3826900
2019-10-03,28.47457622,28.58809125,27.88954194,28.23008537,4376200
2019-10-04,28.23008479,28.89370421,27.97686023,28.66667747,5753700
2019-10-07,28.55316089,28.55316089,27.94193049,28.16022682,3881900
2019-10-08,28.18642061,28.34359423,27.592656,27.62758255,3856100
2019-10-09,27.62758365,28.30866715,27.56646095,28.14276314,2518400
2019-10-10,28.03798258,29.7668892,27.99432398,29.64464378,9402600
2019-10-11,29.81054927,30.99808196,29.77562106,30.77105522,10614800
2019-10-14,30.5527592,31.32989369,30.2296782,30.40431595,5824200
2019-10-15,30.21221108,30.8496393,29.82801073,30.65753746,4052400
2019-10-16,30.92822188,31.20764424,29.95898899,30.06377029,5539400
2019-10-17,30.29079946,30.3344614,29.53986284,29.76688957,4626100
2019-10-18,29.68830393,30.08123803,29.36522626,29.5223999,3915800
2019-10-21,29.55732009,30.46543357,29.53985932,30.45670319,4701200
2019-10-22,30.70119458,31.18144582,30.35191913,30.49162865,8056100
2019-10-23,30.6051425,30.68372931,30.05503486,30.12489128,5064600
2019-10-24,29.89786313,29.9153239,28.78018379,28.78018379,8180200
2019-10-25,28.75399385,29.12946382,28.43964659,28.55316162,4646600
2019-10-28,28.71033376,28.94609419,28.53569603,28.53569603,2625700
2019-10-29,28.64921403,28.80638767,28.39598947,28.57062721,2412100
2019-10-30,28.54442585,28.75399179,28.01178563,28.20388412,3415100
2019-10-31,28.1165702,28.85004606,27.81968703,28.50077057,6564600
2019-11-01,28.81511787,30.99808135,28.81511787,30.57021904,21927200
2019-11-04,30.47417322,31.81887627,30.1336281,31.81887627,9880400
2019-11-05,31.8712648,32.81430656,31.17271719,32.44756699,10436800
2019-11-06,32.43009848,32.74444569,31.77520957,32.26419449,8259600
2019-11-07,32.35151615,33.95817731,32.23800112,33.40806961,12168700
2019-11-08,33.18104172,33.7922721,32.74444906,33.18104172,6803300
2019-11-11,33.09372658,33.53904965,32.56981337,33.39060974,5858000
2019-11-12,33.39934013,34.28125588,33.11118736,33.39060974,7446400
2019-11-13,33.39061248,33.70495644,32.70079519,32.86669922,6706200
2019-11-14,33.00640022,33.13737933,31.6180356,32.00223923,5431300
2019-11-18,32.22927005,33.11118576,31.74028507,33.02386856,8213400
2019-11-19,33.18104341,33.66129469,32.84923204,33.11118698,3907000
2019-11-21,33.09372466,33.46919461,32.65713201,33.38187408,3714900
2019-11-22,33.38187621,33.78354068,33.06752894,33.45173264,5907400
2019-11-25,33.72241568,33.72241568,33.06752669,33.18104172,3909700
2019-11-26,33.28581751,33.87085331,33.00639853,33.25089264,8815900
2019-11-27,33.35567956,34.42096338,33.22470043,34.14154434,5978500
2019-11-28,34.17647594,34.49082322,33.54778139,33.67876053,4109100
2019-11-29,33.53031916,33.91451952,33.10245687,33.67002869,4842400
2019-12-02,33.67002647,34.18520594,33.51285285,33.87958908,3020600
2019-12-03,33.66129505,34.01057053,33.40807049,34.01057053,3905200
2019-12-04,34.01056475,34.01056475,32.86669092,33.10245132,5002600
2019-12-05,33.09372452,33.7922721,32.86669447,33.18104172,4066400
2019-12-06,33.26836184,33.74861646,33.12865231,33.35568237,3729300
2019-12-09,33.26836024,33.76607561,32.9190881,32.98894119,3140900
2019-12-10,33.00640376,33.57397554,32.95401477,33.2596283,3480200
2019-12-11,32.97147427,34.35110859,32.93654939,34.21139908,5541000
2019-12-12,34.35984323,34.73531321,34.05422968,34.19393921,3063200
2019-12-13,34.49082162,34.82263299,33.73988168,33.94944763,3845800
2019-12-16,34.05422504,34.7440422,33.99310234,34.22886276,3799800
2019-12-17,34.22887107,35.22430198,34.22887107,34.95361328,6007400
2019-12-18,35.14571105,35.14571105,34.05422934,34.55194473,7939100
2019-12-19,34.56067966,34.80517051,34.06296092,34.63926315,3837200
2019-12-20,34.66545854,35.36400614,34.23759625,35.0845871,5484300
2019-12-23,35.14570943,35.41639808,34.46462594,34.96234131,3002900
2019-12-26,34.96233654,35.61722545,34.53447433,35.55610275,2794700
2019-12-27,35.55610846,35.75694069,34.61306668,34.92741394,3387700
2019-12-30,34.92741789,35.41640294,34.64799881,34.64799881,2382500
2020-01-02,34.97107461,35.64342777,34.75277826,35.61723328,3978400
2020-01-03,35.11952128,36.1149522,35.10205717,35.4949913,4467100
2020-01-06,35.24176654,35.97524247,35.02347017,35.43386841,4304900
2020-01-07,35.468788,36.08875213,34.99727044,35.88791656,3623900
2020-01-08,36.06255315,37.73033699,35.80932861,37.677948,9727800
2020-01-09,37.66921494,38.05341862,37.19769406,37.58189774,8249400
2020-01-10,37.63428691,37.98356238,37.50331111,37.64302063,4514300
2020-01-13,37.98356049,39.21475163,37.77399455,39.03138351,8944500
2020-01-14,39.07504328,39.33699822,38.59479202,38.63845062,5938500
2020-01-15,38.50746817,39.52909664,38.28044147,39.24094391,5810000
2020-01-16,39.38066132,39.51164047,38.25425465,38.68211365,5225400
2020-01-17,38.44635039,38.85674857,37.9224405,38.22805405,6924400
2020-01-20,38.24551737,38.35903239,37.02305988,37.50331116,5251400
2020-01-21,37.5469662,37.6954061,36.94446957,37.28501129,5295700
2020-01-22,37.54697326,39.16236496,37.45092233,39.16236496,4579000
2020-01-23,38.76943267,39.16236344,37.98356449,38.81309128,4179800
2020-01-24,38.81308973,38.96152964,37.83512306,38.30664062,3682000
2020-01-27,37.06672129,37.22389493,35.70455085,35.73947906,8418200
2020-01-28,36.06255482,36.84842298,35.92284529,36.36817169,5065600
2020-01-29,36.76110023,36.85715115,35.73947502,35.81806183,4185800
2020-01-30,34.92741481,35.3814716,34.63053165,35.37273788,6891200
2020-01-31,34.91868555,35.32035003,34.43843091,34.63926315,4972900
2020-02-03,34.02803466,34.92741452,33.53031927,34.49082184,7195900
2020-02-04,34.77023825,35.18936679,33.75734344,33.95817566,5048000
2020-02-05,34.75278068,34.90995432,33.0937303,33.53032303,7074600
2020-02-06,33.98436827,34.24632651,33.37314127,33.9669075,4900300
2020-02-07,33.96691473,34.01930373,32.86669922,32.86669922,3376300
2020-02-10,32.9103542,33.28582416,31.78394764,32.30785751,6614600
2020-02-11,32.43884096,33.65256821,32.22927499,33.60890961,4951400
2020-02-12,33.65256413,35.29415019,33.61763592,34.92741394,8683200
2020-02-13,34.49082048,36.73490651,34.09788642,36.06255341,14330100
2020-02-14,36.32450814,36.49914587,34.54321261,34.76150894,8251400
2020-02-17,34.92741394,36.09748244,34.665459,34.92741394,3452400
2020-02-18,34.97106995,35.52117761,34.05422607,35.01472855,4439500
2020-02-19,34.7527776,35.66089119,34.49082265,35.07585526,3507800
2020-02-20,35.04965653,35.7569378,34.6654562,35.09331512,4305700
2020-02-21,35.02346484,36.16733551,34.78770439,36.16733551,5933400
2020-02-26,34.49082037,34.97980535,33.51285373,33.70495224,8645300
2020-02-27,33.51285966,34.12409017,33.01514421,33.29456329,7934000
2020-02-28,33.01513808,33.30328751,32.03716813,33.30328751,8395900
2020-03-02,33.79227647,34.89248863,33.29456104,34.62180328,4635800
2020-03-03,34.31618853,36.49915222,34.10662588,34.8750267,7188300
2020-03-04,36.06255686,38.20186179,35.45132641,38.01849365,12584800
2020-03-05,37.33740579,38.66464798,36.63012776,37.21516037,9592400
2020-03-06,36.52534979,36.75237655,34.95361328,34.95361328,9728900
2020-03-09,34.05423032,34.05423032,32.45629945,33.13738632,8623700
2020-03-10,33.79227442,34.67419018,32.17687949,33.93198395,9528900
2020-03-11,33.37314127,33.85339249,29.00721503,30.96314812,10461700
2020-03-12,27.94192964,29.42634531,25.34856989,25.96853065,19236100
2020-03-13,28.11656906,29.05087712,24.99929595,27.57519341,17037700
2020-03-16,25.1826648,27.57519238,24.05625493,24.7722683,12457000
2020-03-17,25.06042251,27.19972582,23.97767112,24.44919205,13534800
2020-03-18,23.8379569,25.32237251,20.31028932,21.49782181,9446000
2020-03-19,20.78181169,24.09991718,19.80384498,23.86415672,13819400
2020-03-20,24.62382523,25.32237278,22.17017342,23.91654396,12199200
2020-03-23,24.38806903,25.57560173,22.03919978,25.14773941,12110200
2020-03-24,26.23921873,26.59722458,24.78099915,25.23505592,7904100
2020-03-25,24.99056581,27.28704258,24.88578283,25.62799072,6275000
2020-03-26,26.09950856,26.32653694,24.02132824,24.49284744,9962300
2020-03-27,23.57600404,30.26460358,23.46249068,28.70160103,15402800
2020-03-30,29.70576374,31.42593981,29.27790148,29.67956924,10422100
2020-03-31,30.49163097,32.64839986,29.70576615,31.25130463,9876700
2020-04-01,30.12489291,32.65713162,29.66210577,32.63966751,10785000
2020-04-02,33.61763474,35.30288267,32.55234759,34.84009552,14377500
2020-04-03,35.27668645,35.66088677,32.5261515,34.75277328,14609500
2020-04-06,35.47752121,36.1236765,34.31618312,34.94487762,9361600
2020-04-07,35.72200894,36.14987118,32.15068108,32.4737587,12130300
2020-04-08,32.61347452,33.39934274,30.77978645,33.14611816,8814000
2020-04-09,33.30328879,33.56524372,30.73612505,30.91076279,10603800
2020-04-13,30.91076019,32.30785531,30.39558075,31.75774765,6103500
2020-04-14,32.07209598,33.51285307,31.85379965,33.18104172,4579100
2020-04-15,32.83177138,33.80100775,31.74028957,32.5086937,7960400
2020-04-16,32.74444889,32.94528111,30.99807829,31.59184456,6948100
2020-04-17,32.08083005,32.30785676,30.85836927,31.29496193,4435700
2020-04-20,30.84090409,31.25130225,30.29953015,30.49162865,5974000
2020-04-22,30.91076515,31.60931282,30.47417244,30.74485779,6946500
2020-04-23,30.77977882,32.49122104,30.39557852,31.92365265,8806800
2020-04-24,32.13322381,34.35111564,31.12032882,34.1677475,18632100
2020-04-27,34.49081871,35.57356993,34.19393558,35.01472855,7616700
2020-04-28,35.51244273,35.51244273,33.39933602,33.74861145,8406300
2020-04-29,33.96690796,34.35983866,33.4866534,33.80973434,6535500
2020-04-30,34.14155038,35.09332267,33.91452363,34.41223907,7620300
2020-05-04,33.81847125,35.36400986,33.52158807,35.36400986,6603500
2020-05-05,35.46878744,36.58646693,34.60433582,36.32450867,8171000
2020-05-06,36.48167778,37.10164183,35.46878305,36.56026459,6586200
2020-05-07,38.00103002,41.73826256,37.5469732,39.30207443,22747000
2020-05-08,41.03098532,42.08753891,39.69500933,41.34532928,10080300
2020-05-11,41.03971164,43.39731276,41.03971164,41.56362152,11411700
2020-05-12,42.08753677,43.20521301,40.69917186,42.39315033,8104600
2020-05-13,42.85594512,44.70709741,42.49793588,44.17445374,11670500
2020-05-14,44.53245494,44.66343408,40.64677928,41.51123428,12031000
2020-05-15,40.51580453,42.64637574,38.4463527,39.31953812,19162600
2020-05-18,39.11870534,39.48544494,35.95777512,35.95777512,18094900
2020-05-19,35.58230614,37.18896746,35.25922846,36.46422195,13550700
2020-05-20,36.83968436,37.06671439,34.75277215,35.14570618,10568100
2020-05-21,35.13697814,35.28541804,33.44299651,33.60017014,12789300
2020-05-22,33.84465988,34.81389607,33.18104053,33.71368408,8643400
2020-05-25,34.04550024,34.22886837,32.74445252,32.91909027,8586900
2020-05-26,32.85796329,33.60890317,32.32531973,33.07625961,11446600
2020-05-27,33.30328681,34.07169081,32.64839784,33.53904724,10303200
2020-05-28,34.35984351,34.37730762,33.25963139,33.49539185,9203500
2020-05-29,33.72241529,34.10661895,31.93238609,33.05879593,14915400
2020-06-01,33.451733,34.05422972,32.74445165,33.57397842,8218400
2020-06-02,33.18977323,33.78353952,33.09372564,33.54777908,7999400
2020-06-03,33.49539555,33.57398238,32.66586868,33.29456329,9467800
2020-06-04,33.35568242,34.92741545,33.08499375,34.79643631,11986800
2020-06-05,34.26379722,34.37730892,33.32948576,33.44300079,13046900
2020-06-08,33.31202462,34.01057228,32.80557548,33.320755,11150700
2020-06-09,33.98437204,34.2288662,33.1286508,33.32948303,9234400
2020-06-10,33.50412594,34.0018414,33.10246142,33.29456329,7899100
2020-06-12,33.10245753,33.74861617,31.60931133,32.31658936,11200800
2020-06-15,31.97605041,33.94071768,31.79268226,33.60890961,13839900
2020-06-16,33.31201825,34.13281118,33.11118271,33.26835632,7414400
2020-06-17,33.53031488,33.9669075,33.24216215,33.9669075,4664700
2020-06-18,34.22886372,34.74404317,33.74861248,34.53447723,8109600
2020-06-19,34.53448044,35.05839366,33.96691195,34.49082184,17643200
2020-06-22,34.586868,34.73530789,33.64382634,34.04549408,5353100
2020-06-23,33.60890699,34.22886782,33.02387105,33.2159729,5522100
2020-06-24,33.35568011,33.87958997,33.06752735,33.70495224,4758500
2020-06-25,33.7224101,33.87958369,33.09371904,33.25089264,4517300
2020-06-26,33.48665443,33.84466027,32.75317866,33.07625961,5755800
2020-06-29,33.02386497,33.32074808,32.56980825,32.94527817,4028400
2020-06-30,32.91035753,33.12865389,31.82760947,32.12449265,9773000
2020-07-01,32.12448598,32.5261504,31.55691424,32.43009949,7546200
2020-07-02,32.48249958,32.72699044,32.02844274,32.15068817,7805900
2020-07-03,32.19434179,32.54361725,31.80140773,32.54361725,3860900
2020-07-06,32.54361672,32.54361672,32.08955996,32.22053909,4914800
2020-07-07,31.45213649,32.53488445,31.34735518,31.6005764,9665600
2020-07-08,31.56565475,32.07210057,31.56565475,31.56565475,6632800
2020-07-09,31.58311162,32.13321931,31.3560849,31.84506989,5261800
2020-07-10,31.84507045,32.21180669,31.67043271,32.02843857,4828700
2020-07-13,32.09829338,32.32532344,31.43467395,31.48706627,5427900
2020-07-14,31.52198989,32.32532214,31.18144813,32.01097488,6874300
2020-07-15,32.31659444,34.26380107,32.05463945,33.92325592,15040600
2020-07-16,33.72241907,34.13281728,33.22470367,33.81847,7292000
2020-07-17,33.83593372,34.84009824,33.48665823,34.79643631,7262600
2020-07-20,34.53448191,35.25049367,34.35984416,35.13698196,6042800
2020-07-21,35.10205489,35.45132707,34.84009993,35.36400986,7915800
2020-07-22,35.14571086,35.62596214,33.98437273,34.49082184,9693300
2020-07-23,34.68292085,35.97523469,34.36857362,35.57357025,7543400
2020-07-24,35.38147249,37.60809458,35.09331971,36.93574142,11928200
2020-07-27,36.4118332,36.7960336,35.72201591,36.38563538,4641500
2020-07-28,36.3245069,36.77856365,35.71327986,36.67378235,2960800
2020-07-29,36.68251568,36.68251568,35.78313582,36.22846222,4439700
2020-07-30,36.08875599,37.51204587,36.08002227,36.8658905,4638400
2020-07-31,37.0230578,37.24135412,36.24592009,36.67378235,4579700
2020-08-03,37.02306025,38.14946682,36.51661115,37.62555695,6427400
2020-08-04,37.89624922,37.90497961,36.16733913,36.74364471,5187000
2020-08-05,37.11037622,40.13159664,36.97939709,39.53783035,11751000
2020-08-06,40.38482303,41.03098166,39.81725121,40.44594574,6273600
2020-08-07,40.0006223,41.42391203,40.0006223,40.32369995,6742900
2020-08-10,40.16652845,41.47630655,40.16652845,41.35406113,4018700
2020-08-11,41.30166471,41.72952697,40.65550944,40.95239258,5106900
2020-08-12,41.2929395,41.49377175,40.26258044,41.24054718,6583100
2020-08-13,41.10956825,42.42807668,40.89127191,41.62474442,8452900
2020-08-14,42.58525157,45.58027771,42.11373067,44.0871315,19204500
2020-08-17,43.65927046,45.27466213,43.65927046,44.51499176,8033900
2020-08-18,44.51499016,45.76364552,44.18317879,45.40563965,5378000
2020-08-19,45.65886097,46.93371073,44.20937347,44.20937347,7816800
2020-08-20,44.96905043,46.78527776,44.74202368,45.62393951,9826700
2020-08-21,45.34451544,45.75491362,44.45386598,45.53661728,6438300
2020-08-24,45.58027588,45.73744951,44.71582092,45.53661728,5463900
2020-08-25,45.56281183,45.70252135,44.13951877,44.61977005,5292000
2020-08-26,44.26176732,45.3881773,43.50209694,45.19607544,8361100
2020-08-27,45.05636262,45.17861137,44.11332418,44.899189,3136800
2020-08-28,44.96904282,44.96904282,43.88629159,44.52371979,4409600
2020-08-31,44.13951396,44.34907989,43.77277775,43.83390045,5226100
2020-09-01,43.74658802,44.93412072,43.37985175,44.63723755,3433100
2020-09-02,44.53245151,45.23973282,42.56778453,42.79481125,6473700
2020-09-03,42.27090105,43.04803545,41.03970989,41.9128952,8188600
2020-09-04,41.58108738,42.30583286,41.04844376,41.51123428,6825600
2020-09-08,41.33659548,41.83431087,40.55072732,40.84761047,4245200
2020-09-09,40.96985518,41.6422083,40.62931343,41.08337021,3184100
2020-09-10,41.0397131,41.22308123,40.34116546,40.47214127,4720500
2020-09-11,40.30623428,40.66424013,39.13616581,39.8172493,4093000
2020-09-14,39.73866152,40.4284787,39.62514983,40.27130508,2135500
2020-09-15,40.20145594,42.70749707,40.0006237,42.69003296,7081300
2020-09-16,42.55905655,42.62890965,41.05717664,41.54616165,4656300
2020-09-17,41.03971207,43.33619051,40.5769249,42.80354691,5835000
2020-09-18,42.75988071,45.14367593,42.4891921,43.70291901,12539100
2020-09-21,43.21394717,43.63307576,41.70333348,42.37568665,5650500
2020-09-22,42.17485569,42.36695755,40.99605669,41.36279297,4924300
2020-09-23,41.23181618,41.37152572,40.19272341,40.71663666,5237800
2020-09-24,40.62931397,41.10083487,39.6251528,40.16652679,4358100
2020-09-25,40.96112344,42.12246152,40.23638135,42.03514099,6333400
2020-09-28,41.98275342,42.98691458,40.45467905,41.56362152,8342800
2020-09-29,41.12702839,42.71622545,41.05717529,41.10083389,6887000
2020-09-30,41.06590788,41.65094383,39.61642027,39.7735939,7466000
2020-10-01,39.81725075,41.03971157,39.35446358,40.6031189,8995900
2020-10-02,40.85633818,41.91289152,40.26257195,40.45467377,16816700
2020-10-05,40.21018623,41.82558119,40.20145584,41.38898849,14025600
2020-10-06,41.63347743,43.01310854,41.23181297,41.86050415,12499500
2020-10-07,42.03514451,43.16155447,41.56362359,42.25344086,33049600
2020-10-08,42.13119723,43.30126584,41.57235908,43.02184677,9725900
2020-10-09,43.12662437,43.22267529,42.1748522,42.74242401,7295100
2020-10-13,43.10916026,43.22267529,41.86923865,42.74242401,4650800
2020-10-14,42.7424268,43.21394772,41.87797177,42.07880402,8335300
2020-10-15,41.95655667,42.38441897,41.17069182,42.22724533,5663000
2020-10-16,42.78608868,45.04763922,42.61145092,44.17445374,12866100
2020-10-19,45.13494879,45.59773928,43.50209314,43.75531769,7455600
2020-10-20,43.60687175,44.49752114,43.51955455,44.26176071,5512200
2020-10-21,44.08713314,44.66343538,43.67673492,43.67673492,4582400
2020-10-22,43.79897646,45.10875447,43.72912337,45.05636215,6567500
2020-10-23,44.75074853,44.97777525,44.20064083,44.71582031,4107900
2020-10-26,44.75948218,45.12622178,43.88629678,44.53245544,4861300
2020-10-27,44.36654612,44.75074645,43.35365131,43.74658203,4592000
2020-10-28,43.32745348,43.73785164,42.15738505,42.36695099,6024000
2020-10-29,41.92162846,43.9910802,41.91289807,43.80770874,7438700
2020-10-30,44.0434607,46.25262155,43.21393742,43.70291901,16475100
2020-11-03,44.53244955,46.17403882,43.85136609,45.99940109,10874400
2020-11-04,45.94700925,46.07798838,44.4102046,45.08255768,5983900
2020-11-05,45.14367851,45.32704662,43.79897241,44.79440308,7419800
2020-11-06,44.70708926,45.45802917,43.15281712,43.57194901,9054000
2020-11-09,42.2185115,43.30126283,41.30166753,42.50666428,11789700
2020-11-10,42.54159252,42.69876616,41.66840715,41.88670349,10673000
2020-11-11,42.08753768,42.96945348,41.92163031,42.21851349,5886100
2020-11-12,42.3494913,42.69003307,42.08753635,42.41061401,4923600
2020-11-13,42.96071885,45.52788251,42.87339831,45.35324478,14717100
2020-11-16,45.49295547,46.57570677,44.81187196,46.35741043,9868000
2020-11-17,46.06052237,47.14327355,44.75947487,44.79440308,8923200
2020-11-18,44.5237239,44.77694512,43.50209527,44.30542755,7692800
2020-11-19,44.27050225,44.95158583,43.66800217,43.84263992,4432400
2020-11-23,44.95158157,44.95158157,43.84263577,44.20064163,4613100
2020-11-24,43.97361207,44.401471,43.30998938,43.74658203,6762700
2020-11-25,43.85137352,44.27050212,43.13536173,44.12205887,7508800
2020-11-26,44.2268379,46.62809753,44.00854157,46.62809753,7897800
2020-11-27,47.53621523,49.32624809,46.94244885,48.48798752,10445700
2020-11-30,48.98569312,49.33496857,47.77196611,49.33496857,10968800
2020-12-01,48.81106221,50.70587281,48.7935981,50.17322922,14567600
2020-12-02,48.64515577,49.09048217,47.45762315,47.65845871,38161100
2020-12-03,48.01646988,48.20856841,44.61977564,45.38817978,21786900
2020-12-04,45.42310349,46.99483649,44.76821446,46.10418701,9102900
2020-12-07,45.9994089,46.43600162,45.40564254,46.06053162,4453900
2020-12-08,46.71541511,46.83766052,45.31831992,46.13038254,4937200
2020-12-09,46.08671918,46.16530599,45.3881716,45.82476425,4429100
2020-12-10,45.74618387,45.87716301,44.02600751,44.13952255,11728000
2020-12-11,44.35781501,44.92538682,43.24013883,44.899189,5733500
2020-12-14,44.62850572,45.10875702,43.86883537,45.10875702,6148700
2020-12-15,45.10875479,47.23059544,45.10875479,46.71541595,8894500
2020-12-16,46.7154159,47.63225984,46.56697599,47.47508621,7064100
2020-12-17,47.30045144,48.3133497,47.19567013,47.99026871,6961400
2020-12-18,47.92915067,50.28675214,47.83309974,49.27385712,13246500
2020-12-21,48.8197933,49.33497279,48.09505118,48.2172966,8072700
2020-12-22,48.34826678,50.51376582,48.32207229,50.36532593,13295700
2020-12-23,50.62728742,50.78446105,49.08174891,49.22145844,4062500
2020-12-28,49.32624138,50.04225309,49.16033403,49.91127396,2768100
2020-12-29,50.4089861,50.55742933,49.59692352,49.95492935,3435400
2020-12-30,50.47011334,51.60525364,50.14703569,51.11627197,4938900
2021-01-04,52.16409172,52.36492394,50.51376869,51.43934631,4829100
2021-01-05,51.27344682,51.94579997,50.06845006,51.20359039,5361400
2021-01-06,52.04184464,52.26014098,50.12956996,50.26927948,9016800
2021-01-07,50.24308529,54.82730833,50.24308529,54.56535339,12899600
2021-01-08,54.57408597,55.1678523,53.00235296,54.81857681,9090100
2021-01-11,54.41691567,55.97991838,53.10713752,53.53499985,8085300
2021-01-12,53.34289587,55.25517069,52.70547094,53.4651413,8070400
2021-01-13,53.37782129,53.64850661,51.43934875,52.39112091,6567500
2021-01-14,52.44351376,53.15952548,51.51793608,52.09423828,4655000
2021-01-15,53.04601108,54.65267229,52.39985244,53.39528656,11635600
2021-01-18,53.39528467,56.13708609,53.39528467,55.26390076,7411100
2021-01-19,55.77908341,57.5167238,54.75745478,56.94041824,11401600
2021-01-20,58.08428599,59.20196883,57.38574172,57.54291534,9641300
2021-01-21,56.40777332,57.88345872,56.40777332,57.13251877,35970400
2021-01-22,55.88386061,57.19363859,55.8663965,56.19820786,6508400
2021-01-26,56.23314089,58.1541461,56.23314089,57.80487061,9213700
2021-01-27,57.82233616,58.02316507,54.06763641,54.35578918,8965800
2021-01-28,54.713794,55.35121891,54.35578814,54.94955444,4741900
2021-01-29,55.53459293,56.32046116,53.85807848,54.18115616,8230300
2021-02-01,54.7749201,56.13709053,54.50423142,56.08470154,6689400
2021-02-02,57.05392612,57.19363897,53.88426578,55.08053207,8207300
2021-02-03,55.44727037,55.85766855,54.61774361,55.75288391,6078700
2021-02-04,55.95372162,56.46017075,55.28136847,56.46017075,4495100
2021-02-05,57.64769397,58.43356212,56.53001778,58.06682587,7408100
2021-02-08,58.19780454,59.1932353,57.01027194,57.60403824,4627100
2021-02-09,56.98408028,58.35498107,56.98408028,58.24146271,4802400
2021-02-10,58.50341924,59.81319729,58.26766213,59.55123901,7385600
2021-02-11,61.94377445,62.34543893,60.30218163,61.6992836,12606300
2021-02-12,61.13171002,62.43275436,61.13171002,61.75167084,6315600
2021-02-17,62.86933531,63.2971942,62.64230529,63.20987701,9005800
2021-02-18,63.73380266,65.14836545,63.17496452,64.65065002,15955200
2021-02-19,64.74669029,65.90802832,63.92589399,65.51509094,10028000
2021-02-22,65.92549218,68.85066169,64.78162154,67.13048553,16165600
2021-02-23,67.06062931,67.68059004,65.43650423,66.89472198,9856100
2021-02-24,66.62404008,67.84649415,65.37538485,66.15251923,11060400
2021-02-25,66.70261498,67.32257565,63.96081406,64.71175385,7278500
2021-02-26,65.84691217,66.67643561,63.63774758,63.89097214,8112200
2021-03-01,64.76416004,66.58038728,64.34503477,65.0435791,8311900
2021-03-02,64.46727289,65.68973366,63.30593483,64.20531464,9817100
2021-03-03,64.20532505,65.40159152,62.65105602,64.17913055,9844700
2021-03-04,64.47599631,65.92548704,63.18368586,64.26643372,9466500
2021-03-05,64.93879497,67.3924436,64.65937594,66.44940186,9197800
2021-03-08,65.93422662,66.44940277,64.75542774,65.8119812,9559200
2021-03-09,66.36208713,69.13881683,64.31010288,69.13881683,11687600
2021-03-10,68.99909285,69.68890997,64.87766422,65.36664581,11116400
2021-03-11,65.49763838,65.65481202,62.45021656,64.75543213,15377400
2021-03-12,64.61572615,66.17872897,63.61156151,64.83402252,8841300
2021-03-15,64.61571383,65.40158195,62.73836406,63.61154938,6923100
2021-03-16,63.21862212,66.2922317,63.21862212,65.7071991,8534600
2021-03-17,65.70720249,66.97331867,64.94752878,66.84234619,7425700
2021-03-18,65.48890384,66.84234385,64.64191295,65.75086212,9750200
2021-03-19,65.29679852,66.50179856,63.92589781,64.61571503,7756100
2021-03-22,63.91716268,64.790348,62.10094228,63.22735214,5230200
2021-03-23,63.00032897,63.83858617,62.34543991,62.66851425,5040500
2021-03-24,63.96081564,66.51924853,63.33212123,64.31882477,9830500
2021-03-25,65.06104505,65.48890402,63.0265215,63.91716766,8424900
2021-03-26,63.9695636,64.16166546,62.7645635,63.37579727,6195900
2021-03-29,62.52880289,64.56332633,62.52880289,63.77745819,5579400
2021-03-30,64.64191103,64.64191103,61.57702855,61.66435242,7672800
2021-03-31,61.95248888,62.13586363,59.85684967,59.85684967,15945400
2021-04-01,60.06641799,61.02692049,59.39406157,60.46808243,8678700
2021-04-05,60.65145054,60.65145054,59.05351983,60.46808243,7819100
2021-04-06,60.25852623,61.68181603,60.10135259,61.34127426,5199400
2021-04-07,61.14917805,61.43733085,60.47682816,60.99200439,5140900
2021-04-08,61.16663937,61.77786648,60.63399575,61.49844742,3969800
2021-04-09,62.6161252,63.18369705,62.02235885,62.32797241,5927700
2021-04-12,62.12714793,63.62029429,62.10095343,62.86935425,8248400
2021-04-13,63.65521297,64.02194922,62.79076135,63.2186203,5416800
2021-04-14,63.46310729,63.65520912,62.00488945,62.30176926,6834400
2021-04-15,62.38909321,63.43691967,62.08347965,62.95666504,4473000
2021-04-16,63.46311153,64.44108152,61.77786354,62.10094452,6405100
2021-04-19,62.86934783,63.94336879,62.38036615,62.95666504,5437100
2021-04-20,62.98284957,63.55042131,62.6947035,63.12256241,3792800
2021-04-22,63.73379046,63.73379046,60.70383654,60.73003769,6935800
2021-04-23,61.07931355,61.46351725,59.66475753,61.16663742,7460500
2021-04-26,61.12298615,61.5595789,59.99657603,60.56414795,4945700
2021-04-27,60.89594851,61.88265228,60.39823309,61.88265228,5584700
2021-04-28,61.84772195,61.84772195,58.73045041,58.97494125,12626100
2021-04-29,59.31548041,60.37203387,58.85269324,59.06225586,8390500
2021-04-30,59.52504292,61.01818905,58.98367227,59.96163559,9083800
2021-05-03,59.62109603,59.94417701,58.32878541,59.11464691,5621400
2021-05-04,59.11464763,60.35457594,58.7304506,59.03606415,4630400
2021-05-05,59.20196592,59.98782736,58.63439415,59.08844757,4336800
2021-05-06,58.80030187,59.08845465,57.78741027,58.90508652,7708200
2021-05-07,58.57327551,59.24562531,57.63023372,58.87015533,6289300
2021-05-10,58.79157179,60.564137,58.5208798,59.78700256,5227200
2021-05-11,59.96163082,59.96163082,58.70424856,59.6560173,5186300
2021-05-12,59.1146488,60.55540604,58.73045176,59.74334335,8155400
2021-05-13,59.7870039,61.77786549,58.33751297,58.33751297,11995000
2021-05-14,58.86143191,58.87889268,56.41651008,56.88803101,7919800
2021-05-17,57.37700021,58.48594917,56.80070142,58.08427811,5536900
2021-05-18,58.08429131,58.57327967,57.70009425,58.03190231,4159100
2021-05-19,57.6302317,58.24145877,56.84436357,57.57784271,4200000
2021-05-20,57.63023689,57.63023689,55.16785431,55.16785431,7911200
2021-05-21,55.19405212,57.05393475,55.01068398,56.62607574,10483900
2021-05-24,56.48636621,57.01027612,55.77035111,56.14582443,4704700
2021-05-25,56.10216154,57.03646964,55.48220071,56.46017075,6320000
2021-05-26,56.49509357,56.82690829,54.32959747,54.32959747,9724200
2021-05-27,54.60901466,55.38614912,53.7707575,54.66140366,11460600
2021-05-28,54.69632709,54.92335714,53.61357917,53.73582458,5327100
2021-05-31,53.74455709,54.06763474,52.76659044,53.02854538,7388100
2021-06-01,52.92376557,53.60484909,51.52666699,51.79735565,15679000
2021-06-02,52.10297005,52.62688328,51.35203342,51.76242828,7574500
2021-06-04,52.07677664,52.16409718,51.002759,51.16866302,5529900
2021-06-07,51.26471534,52.55702937,50.76699992,51.95453262,8974100
2021-06-08,52.12043287,52.35619332,50.37406215,50.71460724,8116400
2021-06-09,51.08134257,53.12459641,50.95909716,52.12916565,9787400
2021-06-10,52.46097818,52.46097818,51.04641549,51.25598145,6574000
2021-06-11,51.50046963,51.81481688,50.71460484,51.48300552,6132100
2021-06-14,51.43062094,51.83228542,50.74953407,51.04641724,4560000
2021-06-15,51.23851255,51.56159017,50.73206348,50.79318619,3563600
2021-06-16,50.99402629,51.04641528,49.71917313,50.71460724,8984100
2021-06-17,50.75826112,50.75826112,49.10794148,49.21272278,7308200
2021-06-18,49.07302064,50.09464597,48.24349383,49.7715683,12372500
2021-06-21,49.50961159,51.62271861,49.24765664,51.0813446,7667200
2021-06-22,51.18612502,51.91087047,50.44391879,51.25598145,8517900
2021-06-23,51.31710498,51.60525442,50.50504231,50.74080276,5556800
2021-06-24,50.9503615,52.48716951,50.64474797,52.26013947,6503000
2021-06-25,52.56576066,53.16825737,50.52250673,51.00275803,6478900
2021-06-28,51.41315602,52.3561945,51.09880875,52.04184723,4191600
2021-06-29,52.21649191,53.64851558,52.12917469,52.61815643,7090500
2021-06-30,53.23811076,53.23811076,51.6663745,52.22521591,6688500
2021-07-01,52.22521493,53.09840025,51.81481677,52.6792717,5042500
2021-07-02,52.65307222,52.71419492,50.92416575,51.69256973,7968500
2021-07-05,51.58779634,52.30380812,51.4306227,51.95453262,2981100
2021-07-06,52.13789419,52.58322056,51.31710119,51.84101105,7351100
2021-07-07,52.13789464,53.58738214,51.70130198,53.2206459,6829200
2021-07-08,52.88883558,53.90173043,52.48717112,53.24684143,6991600
2021-07-12,53.07220323,53.70089773,52.52209887,52.7840538,7820900
2021-07-13,52.75785669,53.18571897,51.70130323,51.92833328,4481500
2021-07-14,52.19029118,52.54829706,50.71460907,51.32583618,6689800
2021-07-15,51.41315724,51.55286677,49.70171133,50.06845093,6524000
2021-07-16,50.11211223,50.88924674,48.95077732,49.20399857,10080800
2021-07-19,49.03808943,49.06428393,48.12124547,48.77613449,8837900
2021-07-20,49.13414136,49.98986263,48.61022814,49.4222908,4584100
2021-07-21,49.87634693,49.96366746,49.26511651,49.51834106,3733500
2021-07-22,49.48341551,50.1645024,49.48341551,49.7715683,3426400
2021-07-23,49.37862678,49.67550991,48.74993565,49.21272278,4621000
2021-07-26,49.28258423,49.8414257,48.95077617,49.45722198,3289700
2021-07-27,49.16033498,49.37863132,48.12124561,48.97696686,5520000
2021-07-28,49.18652844,49.40482476,48.30460944,48.65388489,4518700
2021-07-29,48.70627872,48.94203917,48.40066518,48.68008423,3692200
2021-07-30,48.54910737,48.74120923,47.16947616,47.21313477,8043500
2021-08-02,47.62352795,48.54037186,47.248058,47.60606384,7065400
2021-08-03,47.41396127,48.13870667,47.06468915,47.98153305,6445100
2021-08-04,47.68465173,49.30004327,47.68465173,48.11251068,6536700
2021-08-05,48.24348548,48.24348548,47.00356401,47.64971924,6001500
2021-08-06,47.45762192,48.24349006,47.21313109,47.41396332,3335300
2021-08-09,47.90294999,49.61439252,47.58860272,49.22145844,8589300
2021-08-10,49.02062694,50.26055191,48.89838152,49.62312698,6153300
2021-08-11,49.64058208,49.84141763,48.7673968,49.33496857,6159800
2021-08-12,49.47468364,49.84142323,48.02519604,48.64515686,10070100
2021-08-13,48.46178924,50.45265086,48.21729839,49.6056633,7119500
2021-08-16,49.50960579,50.68840458,49.28257575,50.39152145,8486500
2021-08-17,50.18196299,51.21232196,49.53580436,50.03351974,7176900
2021-08-18,50.02478909,50.50504036,48.9856964,49.01189423,7916000
2021-08-19,49.33497307,49.37863167,47.58860234,48.61896133,9409000
2021-08-20,48.98569406,49.963664,48.46178421,49.64058304,12823200
2021-08-23,48.93331093,50.84558577,48.93331093,50.19069672,7276300
2021-08-24,50.64475194,51.8672128,50.55743473,51.56159592,7618300
2021-08-25,51.36075727,54.48676213,51.15119467,54.3645134,11919800
2021-08-26,54.19862125,54.93209717,53.62231898,53.86680984,7756600
2021-08-27,53.58738799,54.43437891,52.7927894,54.05017853,5954000
2021-08-30,53.78821781,54.10256508,53.39528706,53.71836472,3909100
2021-08-31,53.58738275,53.84933769,52.68800293,53.26430511,6482500
2021-09-01,53.52626298,54.05890659,52.56576039,53.43894577,4756700
2021-09-02,53.69217007,54.67013675,52.68800555,53.03728104,7669700
2021-09-03,53.17699168,54.39944923,52.75785976,53.88426971,7717900
2021-09-06,54.37324688,54.37324688,53.08966347,53.68342972,2260000
2021-09-08,53.74456199,55.18531927,53.29050517,54.65267563,11299700
2021-09-09,54.80111226,55.82274087,54.35578918,54.35578918,10273100
2021-09-10,54.89715733,54.89715733,52.62687695,52.96741867,8502400
2021-09-13,53.07220613,53.22064938,51.70130536,52.32126617,6230100
2021-09-14,52.40858563,53.3166992,51.92833434,52.43478012,5212100
2021-09-15,51.9894557,52.20775204,50.32167184,50.74953079,11753300
2021-09-16,50.81064955,50.81064955,47.76323483,47.83308792,12888900
2021-09-17,48.01646409,48.02519448,45.84223109,45.93828201,18829400
2021-09-20,44.53245828,45.30086241,43.92996151,44.84680557,10339600
2021-09-21,45.48422203,45.77237145,44.12205178,45.36197662,8141900
2021-09-22,46.82893046,47.76323851,46.13038286,47.01229858,9946400
2021-09-23,47.16074228,49.06428673,46.68922469,48.74994278,8512000
2021-09-24,47.9902635,49.18652976,47.9902635,48.46178436,6816700
2021-09-27,48.34827227,48.5491045,47.51874552,48.01646423,3434200
2021-09-28,48.17363451,48.17363451,46.4447279,46.75907516,17678900
2021-09-29,47.3179159,47.70211961,46.67176056,47.15201187,4429500
2021-09-30,46.84639355,48.75866819,46.83765983,47.60606384,6618600
2021-10-01,46.86385598,46.87258969,45.49295525,45.81603622,8591400
2021-10-04,45.69379351,45.71125428,44.66343447,44.81187439,5986900
2021-10-05,44.85553137,45.08256143,43.8513702,43.9648819,7305500
2021-10-06,43.70292375,44.21810321,43.3099897,43.38857651,9063300
2021-10-07,43.44969802,43.83390168,42.51539004,43.16154861,14061400
2021-10-08,43.48462928,43.76404832,42.9607194,43.05677032,7108400
2021-10-11,43.13535291,44.60230441,42.62890387,43.83390045,6474500
2021-10-13,44.52371979,45.30085417,43.8339026,44.52371979,6959900
2021-10-14,44.69835249,44.82060123,43.02183838,43.53701782,7462000
2021-10-15,44.06093477,45.83350341,43.6941985,44.45386887,11372700
2021-10-18,43.83390991,44.16572131,43.17902083,43.4846344,5658900
2021-10-19,42.88213487,43.9474221,42.03514398,42.55032349,7958900
2021-10-20,42.51539277,43.15281767,41.91289609,42.35821915,4589500
2021-10-21,41.81684234,43.17027885,41.15322299,42.96071625,15841200
2021-10-22,43.48463089,47.15201013,43.4147778,46.10418701,27965900
2021-10-25,46.26136046,46.26136046,44.3752802,44.94285202,7603800
2021-10-26,44.68089536,45.44929944,43.92995871,44.05220413,10917600
2021-10-27,44.51498964,44.51498964,41.87796943,42.24470901,13984900
2021-10-28,42.87340067,43.17901755,42.26217357,42.70749664,4698200
2021-10-29,42.62890594,44.44513295,42.62890594,42.98691177,18184600
2021-11-01,43.4584366,43.4584366,41.82558088,42.70749664,6362700
2021-11-03,42.95198596,43.6505369,42.71622552,43.45843506,6800600
2021-11-04,43.45843668,44.02600517,42.48046999,43.04803848,5394100
2021-11-05,42.61144639,43.77278456,42.20105153,43.09169769,4996000
2021-11-08,42.78608343,44.19191242,42.66383801,43.32745743,5246300
2021-11-09,43.34491746,43.7465819,42.38441497,42.78607941,5354600
2021-11-10,42.77735313,43.135359,41.95655674,42.56778717,5593800
2021-11-11,43.37984504,44.93411378,42.85593521,44.26176071,7665500
2021-11-12,43.83390454,45.87715836,43.83390454,44.85552979,6028900
2021-11-16,45.26592662,46.59316869,44.99523798,46.42726135,8356700
2021-11-17,46.56697356,46.87258709,45.43183001,45.76364136,6950700
2021-11-18,46.18277123,46.23516354,45.31831962,45.57154083,6957400
2021-11-19,45.92081202,48.02518832,45.6501234,46.78526688,8963100
2021-11-22,46.78527441,46.89005572,45.47549634,45.80730438,3438400
2021-11-23,45.96448032,46.88132435,45.56281582,46.41853714,6744200
2021-11-24,46.30501626,47.9815338,46.09545365,47.60606384,5218600
2021-11-25,47.78070214,48.46178563,47.10834904,47.78943253,5926400
2021-11-26,47.58860241,49.12540719,47.36157568,47.85929108,8301500
2021-11-29,48.37446857,49.77156376,47.74577407,48.61022568,7664300
2021-11-30,48.7586745,50.18196768,47.58860589,49.03809357,11290600
2021-12-01,49.67551305,51.94579691,49.16033357,50.6884079,10871500
2021-12-02,51.60524732,51.68383413,48.51417405,50.64474487,10328600
2021-12-03,50.64475106,51.8934064,48.99443126,49.8588829,8983600
2021-12-06,49.99859492,51.67511264,49.91127772,50.53123856,6317600
2021-12-07,51.15992807,51.23851488,50.26927864,50.92416763,6024700
2021-12-08,51.28217151,51.64891106,50.66221076,51.21231842,4342800
2021-12-09,50.81065677,51.06388133,49.85015417,50.56616592,5160500
2021-12-10,50.85431787,51.76242813,50.47011417,51.0813446,4271300
2021-12-13,51.18612576,51.60525434,50.3740631,50.40026093,4933000
2021-12-14,50.915435,51.91959608,50.27801015,50.51376724,5352800
2021-12-15,50.81938703,51.60525183,50.47011156,51.30836868,5151000
2021-12-16,51.50047367,52.76659314,51.08134508,52.66181183,6738500
2021-12-17,53.14206058,54.09383274,52.6705397,53.70962906,12160200
2021-12-20,53.19444662,53.56991657,51.97198921,52.29506683,5947400
2021-12-21,52.29507235,52.83644635,52.076776,52.38239288,3534000
2021-12-22,52.47843376,52.47843376,51.26470675,52.06803894,3114600
2021-12-23,52.04184263,53.50006382,52.04184263,52.55702209,3214100
2021-12-27,52.73165832,53.24683777,52.32126018,52.68799973,2710800
2021-12-28,52.89757054,52.89757054,51.88467233,52.09423828,1782600
2021-12-29,52.19901937,52.29507029,51.46554354,51.55286407,2623900
2021-12-30,52.17282392,52.74039572,51.54412941,52.48717117,4580300
2022-01-03,52.68800827,53.02855005,51.52667006,52.0331192,5293500
2022-01-04,52.39112043,53.38655119,51.81481824,53.16825485,5301300
2022-01-05,53.26430535,53.58738299,52.26014089,52.56575775,5773300
2022-01-06,52.67053535,53.04600528,51.9108651,52.14662552,4225400
2022-01-07,52.22521795,52.29507104,51.36949669,51.79735565,3766200
2022-01-10,51.85847799,53.51753151,50.81938861,51.67510986,5913300
2022-01-11,51.67510699,52.77531902,50.55743086,51.98072052,7213600
2022-01-12,51.98071816,54.03270554,51.66637092,53.80567551,11212400
2022-01-13,54.04143888,54.73998646,53.70962752,54.60027695,6081300
2022-01-14,54.40818051,55.37741345,54.26847098,54.80984497,4917500
2022-01-17,54.46057183,54.57408686,53.98032053,54.16368866,2291700
2022-01-18,54.38198431,54.87969971,53.68343667,54.87969971,5041400
2022-01-19,55.26951781,55.63179589,54.35056737,54.65099335,7763800
2022-01-20,54.86306165,55.19883266,53.02516073,53.29024506,8875200
2022-01-21,53.27256955,53.67902722,52.49499587,52.6540451,6178000
2022-01-24,52.5303463,52.66288509,50.93985711,51.44351196,4938200
2022-01-25,51.11657016,51.31980236,49.34935939,50.10926056,9856100
2022-01-26,50.11809853,50.57757374,48.9517397,49.1638031,8945300
2022-01-27,49.2610064,51.85880535,49.19915429,51.68208694,12534400
2022-01-28,51.12540986,52.73357145,50.38318118,52.39780045,7168200
2022-01-31,52.60986275,53.42277804,51.71741947,52.3094368,6702200
2022-02-01,51.92065697,53.458132,51.9118224,52.69823074,5350300
2022-02-02,52.69822517,53.2990771,52.37129211,52.37129211,3205500
2022-02-03,52.58335378,53.06050149,51.97366729,52.19456863,4204800
2022-02-04,52.17689768,53.79389717,51.36398234,53.52881622,5315500
2022-02-07,53.37860367,54.02363523,53.1842094,53.50230789,2669800
2022-02-08,52.98981813,54.00596234,52.47732537,53.4227829,3422900
2022-02-09,53.97945403,54.615651,53.19304576,53.5464859,5571600
2022-02-10,53.89992486,53.89992486,50.99286253,51.56720734,14072000
2022-02-11,51.69975088,52.00017685,50.63058915,51.00170517,7320300
2022-02-14,50.71894703,51.89414036,50.6040774,51.56720734,4581700
2022-02-15,51.75276651,52.12388252,50.57757312,50.6040802,5350400
2022-02-16,50.61291504,51.32863661,50.54222836,50.61291504,5240100
2022-02-17,50.7454598,51.4611814,50.35667462,51.16959,4502200
2022-02-18,51.61138674,52.54800959,50.20645414,50.40084839,5807100
2022-02-21,50.26831251,51.31980513,49.99439698,50.30365753,3820800
2022-02-22,50.58640842,51.17842241,50.07391568,50.33016205,3680700
2022-02-23,50.39201307,50.40968559,46.82224995,47.25521469,18659300
2022-02-24,46.03583647,48.02394847,46.03583647,47.65283585,6712200
2022-02-25,47.71469112,48.80152535,46.99896954,48.66014862,8165300
2022-03-02,48.72200134,49.28750825,48.30670572,48.59829712,4584400
2022-03-03,48.35972544,48.77502107,46.57484204,47.47612,9257400
2022-03-04,47.70585842,50.65710068,47.64400294,50.65710068,10052000
2022-03-07,50.54223142,52.19457264,50.02090408,51.31980515,9349500
2022-03-08,51.15191111,52.39779447,50.61291133,51.1960907,7807100
2022-03-09,51.13424222,52.86611132,49.72047496,52.20340729,7254500
2022-03-10,51.24910919,53.89109062,51.24910919,53.7497139,6825500
2022-03-11,53.7232074,55.28718935,53.2814047,53.9706192,7109200
2022-03-14,53.86458269,54.07664946,52.54801257,52.8572731,6088300
2022-03-15,52.9368006,52.94563517,50.68360745,51.74393463,7135200
2022-03-16,52.13271559,54.14733471,51.92948676,53.55532074,7755900
2022-03-17,53.89109512,54.87189429,53.68786292,54.42125702,7321400
2022-03-18,54.68634274,57.04556776,54.39475469,56.77165222,12029300
2022-03-21,56.70095865,56.70095865,54.61565267,54.66866684,9093500
2022-03-22,55.17232463,55.44624354,53.58183545,54.13850784,6451000
2022-03-23,54.20036122,54.31523088,52.6540516,52.84844589,7550700
2022-03-24,53.28140579,54.1473387,52.77775098,53.3432579,7625100
2022-03-25,53.35209616,53.35209616,50.14460754,50.14460754,13470900
2022-03-28,50.61291774,50.94868875,50.03857623,50.80731201,5190000
2022-03-29,50.86916146,51.16075285,49.93253854,50.10042572,6750900
2022-03-30,50.26831193,50.86916388,49.57910078,50.51572037,5188000
2022-03-31,50.85149766,50.85149766,48.73084641,48.73084641,7851400
2022-04-01,49.03126282,49.15496703,47.5821472,47.90024567,10746000
2022-04-04,48.05929836,48.43924896,47.54680896,47.82072449,5450100
2022-04-05,48.41274027,49.00475426,47.64400115,47.8649025,6634800
2022-04-06,47.88257603,49.26983626,47.88257603,48.8987236,7346500
2022-04-07,48.8810529,48.93407044,47.97094037,48.12998962,5138700
2022-04-08,47.91792407,48.99592382,47.290565,48.15649796,4374700
2022-04-11,48.17416739,48.58946301,47.84723433,47.88257599,3551700
2022-04-12,47.87374398,48.13882494,47.16686029,47.272892,3956800
2022-04-13,47.56447787,47.71468916,47.06081971,47.52913284,4338400
2022-04-14,47.61749894,47.88257991,46.90178066,47.37009048,4314000
2022-04-18,47.14034972,47.14034972,45.72658233,46.0358429,6699300
2022-04-19,46.00050059,46.44230331,45.62054998,46.3804512,4035700
2022-04-20,46.16838415,46.65436647,45.84145109,45.93864822,3794800
2022-04-22,45.71774626,46.00049973,45.13456681,45.56753159,7114800
2022-04-25,45.70007068,46.08002125,44.57789146,45.72657776,5304300
2022-04-26,45.72658267,46.7869099,44.79879761,44.79879761,9022600
2022-04-27,45.47033518,45.9121379,44.45419094,44.71043396,7816000
2022-04-28,44.86065108,45.2671088,44.00355268,45.04620743,5384100
2022-04-29,45.77959931,46.01817318,43.83566666,43.83566666,9776800
2022-05-02,43.89751761,45.12572861,43.52640158,45.12572861,7950100
2022-05-03,45.12573341,46.37161706,44.94017706,45.29361725,6934000
2022-05-04,45.32896041,46.12420669,45.09038653,45.91213989,7085700
2022-05-05,46.02190796,47.50562048,45.83420678,47.14809799,8642900
2022-05-06,47.2642854,47.9346374,46.02190026,46.2989769,6975600
2022-05-09,46.07553102,46.1827864,44.94934106,45.02084351,4927200
2022-05-10,45.17279004,45.36942432,43.65332474,43.84102249,5088800
2022-05-11,43.65332275,44.79738908,43.04553666,44.01084518,4409500
2022-05-12,44.20748273,44.20748273,43.26899054,43.57288361,4629100
2022-05-13,44.15385437,46.45986354,44.11810144,46.10234451,12326700
2022-05-16,46.38835955,46.88888685,45.50349341,45.88782883,3664600
2022-05-17,46.20960034,47.13021603,46.2006604,47.02296066,5431200
2022-05-18,47.19277818,47.32684994,45.36048347,45.51242828,4600100
2022-05-19,45.48562073,45.72694788,45.07447229,45.36048889,3303100
2022-05-20,46.29897471,47.28215963,45.22641089,45.89676285,8006600
2022-05-23,46.2811017,46.72800304,45.76269792,46.55818176,4836500
2022-05-24,46.43305216,46.87101358,45.90570841,46.59393692,4445400
2022-05-25,46.30792145,46.8084488,45.75376129,45.75376129,3905800
2022-05-26,45.84313643,47.66649456,45.67331175,47.65755463,5284700
2022-05-27,47.66649913,48.51560895,47.59499327,47.8899498,3981400
2022-05-30,48.71224688,48.89994463,47.70224888,47.96145248,2301900
2022-05-31,48.5156083,48.52454823,47.28216306,47.8184433,8894000
2022-06-01,47.81844286,48.61392669,47.4519839,48.06870651,4073500
2022-06-02,48.62287202,48.62287202,47.68437638,48.28322601,3369700
2022-06-03,48.29215344,48.29215344,47.1480872,47.21959305,2511800
2022-06-06,47.47879538,47.97932608,47.33578709,47.73799896,2040100
2022-06-07,47.90782532,48.88207044,47.90782532,48.52455139,3976000
2022-06-08,48.51560723,48.52454717,46.61181003,46.98720551,3833500
2022-06-09,46.96932861,47.05871092,46.04871297,46.34366608,3749800
2022-06-10,46.41517486,46.41517486,45.36048739,46.20066071,4504200
2022-06-13,45.89676784,46.72800463,45.33367459,46.52243042,6256300
2022-06-14,46.40623674,46.40623674,44.63650772,45.31579971,7759200
2022-06-15,45.71800774,45.99508438,44.69013331,44.78845215,8162000
2022-06-17,44.25216932,45.13703548,42.95615816,43.87677383,19818800
2022-06-20,43.96615209,44.43092988,43.358366,43.80526733,2415400
2022-06-21,43.77845534,44.46668382,43.45668583,43.46562576,4604000
2022-06-22,43.07234677,43.13491268,41.45456622,42.11597824,6648400
2022-06-23,42.10704541,42.54500682,40.1406788,40.78421783,10660300
2022-06-24,42.14280014,43.03660287,41.76740122,42.76845932,12651600
2022-06-27,43.04553646,44.68119698,42.90252817,43.68907547,5033000
2022-06-28,44.27898672,45.05659412,43.98403019,44.18066788,5703600
2022-06-29,44.33261014,44.60969019,43.26004968,43.66225815,4590200
2022-06-30,42.89359354,45.37836398,42.85784061,44.41305542,8993300
2022-07-01,44.4309307,45.40517577,44.02871881,45.09234619,5992400
2022-07-04,44.95827759,45.20854467,44.52925268,45.02084351,2372900
2022-07-05,44.84207751,45.00296226,43.64438523,43.70695114,5289700
2022-07-06,43.3851808,44.45774465,43.1170407,44.09128571,4737600
2022-07-07,44.53818988,45.09234659,43.74270261,43.78739548,4169600
2022-07-08,43.67120165,44.19854539,42.50031885,42.53607178,4178100
2022-07-11,42.03553997,43.00084852,41.82996576,42.59863663,4184000
2022-07-12,42.51819281,42.94721768,42.05341501,42.5450058,4802600
2022-07-13,42.41986906,42.41986906,41.14173112,41.3473053,4147000
2022-07-14,41.01660662,41.24005731,39.95298261,40.22112274,7292300
2022-07-15,40.30156765,40.35519704,39.15750118,39.27369308,7749600
2022-07-18,39.41669747,40.03342351,38.96979612,39.11280441,6714500
2022-07-19,39.11280241,41.2489936,38.88935175,41.07023239,5364800
2022-07-20,40.84678533,40.93616424,39.95298261,40.22112274,5924900
2022-07-21,40.04236125,40.91828751,38.9697973,40.79315567,6169000
2022-07-22,40.57864314,42.05341552,40.57864314,41.92828369,4704000
2022-07-25,41.82996472,42.17854722,41.17748917,41.24005508,3251600
2022-07-26,41.24899446,41.47244513,40.57864246,40.68589783,2175100
2022-07-27,40.82890912,41.94616253,40.82890912,41.87465668,5454300
2022-07-28,42.28580838,42.56288504,41.32943973,41.96403885,7782300
2022-07-29,41.88359363,43.77845433,41.51713467,43.16173172,7372600
2022-08-01,43.22429777,43.22429777,41.96403614,42.42881393,7127600
2022-08-02,42.58969941,43.42987271,42.37518526,42.77739716,4379000
2022-08-03,42.55394407,42.947216,41.89252862,42.30368042,4451900
2022-08-04,42.61651425,42.61651425,41.73164805,42.16961288,4318300
2022-08-05,42.4556287,43.58181862,42.4556287,42.71483231,4252100
2022-08-08,43.2242989,43.75164263,42.67014218,43.42093658,4052900
2022-08-09,43.52819212,44.64544549,43.49243919,43.85889816,4046400
2022-08-10,44.11810204,44.58287986,43.10810403,43.81420898,4541700
2022-08-11,44.31473885,44.7616402,43.9840294,44.19854355,3614400
2022-08-12,44.76164019,45.12809916,44.22535654,44.84207916,3781200
2022-08-15,44.49349797,44.65438273,43.30474213,43.68013763,6463300
2022-08-16,43.70694868,44.83313846,43.65331929,44.60968781,3761900
2022-08-17,44.50243813,45.94146105,44.28792398,45.5839386,7136500
2022-08-18,45.71801018,45.94146086,45.07447113,45.26216888,3253200
2022-08-19,45.16385364,45.26217249,44.44881209,44.66332626,4335600
2022-08-22,44.75270377,44.75270377,43.46562902,43.55500793,5876000
2022-08-23,43.53712908,44.94039906,43.03660174,44.25217056,4834400
2022-08-24,43.30473674,43.68907213,42.32155184,42.82208252,14335900
2022-08-25,43.19748131,43.43880501,41.99978568,42.29473877,8220500
2022-08-26,42.33943266,42.62544925,40.45350843,40.53395081,12994100
2022-08-29,40.75740044,41.29368409,40.32837556,40.48032379,5609200
2022-08-30,40.81996625,41.24899453,40.31943893,40.31943893,5003400
2022-08-31,40.74846299,40.79315244,39.55970383,39.55970383,6978400
2022-09-01,39.75634114,40.01554473,38.95192081,39.32731628,7728200
2022-09-02,39.52395509,39.86359765,38.66590194,38.89829254,7427100
2022-09-05,39.20218617,40.19430769,38.88041666,39.97979355,4036300
2022-09-06,39.50607827,40.65908452,39.50607827,40.20324326,6240500
2022-09-08,40.39094101,40.39094101,39.30944061,39.30944061,4745600
2022-09-09,39.58652102,40.51607661,39.33625395,40.31943893,3109800
2022-09-12,40.33731745,41.02554595,40.31944099,40.56076813,2290500
2022-09-13,40.65014563,41.03448106,39.59545819,39.61333466,5489100
2022-09-14,39.82785221,40.30156658,39.44351675,39.74740982,3581700
2022-09-15,39.86359426,39.96191309,39.17536926,39.17536926,3130900
2022-09-16,39.30944293,39.87253959,38.7552862,38.97873688,8641600
2022-09-19,39.14856054,39.63121485,38.46927193,39.45245361,3659500
2022-09-20,39.64014637,39.74740514,38.9161684,39.35412979,3909800
2022-09-21,39.50608322,39.7831599,38.70165936,38.71953583,5975300
2022-09-22,39.23793579,39.67589716,38.56758383,39.47925949,4797500
2022-09-23,39.05917651,39.24687425,37.67378308,38.02236557,5775300
2022-09-26,37.93298642,38.30838534,37.45033554,37.95086288,5381500
2022-09-27,38.62121108,40.01554442,38.23687567,38.72846985,7517600
2022-09-28,38.9161698,39.41669712,38.54077089,38.88041687,3725200
2022-09-29,38.59440204,39.02342694,38.35307489,38.63909149,4812100
2022-09-30,38.72846829,39.9529769,38.39775888,39.7742157,7160600
2022-10-03,39.93510605,40.88253817,39.52395762,40.58758163,4401800
2022-10-04,41.29368294,41.77633719,40.71270986,40.90934753,6815600
2022-10-05,40.87359304,42.09810167,40.87359304,41.95509338,5396100
2022-10-06,42.0712924,42.24111369,41.70483344,41.79421234,2619400
2022-10-07,41.79421467,42.25005597,41.41881915,41.46350861,2403400
2022-10-10,41.69589373,43.3136743,41.40093723,43.12597656,4648400
2022-10-11,43.24217901,43.53713215,42.25005739,42.57182693,3754200
2022-10-13,42.598637,43.05447488,41.72271075,42.71483231,4136000
2022-10-14,42.82208768,43.88571167,42.53607108,42.71483231,4254300
2022-10-17,42.77739791,44.45774794,42.75058492,44.18066788,4629400
2022-10-18,44.49349728,45.11915985,43.86783812,44.38624191,4854200
2022-10-19,44.60969601,44.75270432,43.7605827,43.99297333,3351200
2022-10-20,44.24323218,44.46668285,43.53712725,44.33261108,5175000
2022-10-21,44.27898706,44.6365061,43.36730789,44.41305542,4510700
2022-10-24,44.62756745,46.54924455,44.62756745,45.95933151,7534800
2022-10-25,46.46880904,46.9067705,46.17385248,46.50455856,7085500
2022-10-26,46.1202194,47.60393179,46.07552995,47.19278336,14058400
2022-10-27,47.63967884,47.80056359,46.37048076,47.4787941,7576800
2022-10-28,49.11445707,49.41835011,47.809506,49.25746536,13843500
2022-10-31,49.28428043,49.51667104,47.21065843,47.55030441,9200600
2022-11-01,47.24640786,47.99720222,47.03189373,47.25534439,7011300
2022-11-03,47.37153943,48.26534206,46.22747315,48.19383621,4294300
2022-11-04,49.15914808,49.66861534,48.17596648,48.69437027,4114500
2022-11-07,48.70331207,49.44516656,47.92570124,49.1412735,6964400
2022-11-08,49.26640288,50.39259617,49.06976861,49.56135941,5420400
2022-11-09,49.40940767,50.28533382,48.92675684,49.26639938,3970000
2022-11-10,48.98932723,50.75905617,48.98932723,50.3925972,11591100
2022-11-11,50.49985579,52.92206045,50.28534163,52.06401062,10440100
2022-11-14,52.716483,52.716483,50.91100113,51.60816956,5699500
2022-11-16,51.5992275,52.94887144,51.40258983,52.37683487,12822400
2022-11-17,52.25170023,53.52090172,51.42046352,51.78692245,8463800
2022-11-18,51.13445301,51.88524743,50.25852675,51.45622253,10485000
2022-11-21,51.68861174,51.68861174,49.47197805,49.98144531,11439600
2022-11-22,50.01719572,50.92887484,49.6864897,50.1244545,6942400
2022-11-23,50.33897099,50.69649346,49.34684938,49.79375076,5571100
2022-11-24,49.89206352,50.33002832,49.1502091,50.00825882,2441100
2022-11-25,49.96357151,50.63392353,48.69436992,49.10551834,5962200
2022-11-28,49.24852663,49.46304078,48.35472395,49.10551834,3685700
2022-11-29,49.24852476,49.7848084,47.45198293,47.64862061,9078800
2022-11-30,47.76481543,48.1312744,46.74588089,47.50561523,12138600
2022-12-01,47.2017172,47.89888215,46.79950534,47.52348328,4314500
2022-12-02,46.03084318,46.82632711,44.78845786,45.9235878,10509500
2022-12-05,46.17385131,47.11234354,45.8610217,46.93358231,6677400
2022-12-06,47.09446258,48.22065588,46.60287178,47.63968277,6055200
2022-12-07,47.98826625,48.08658509,46.7101281,47.41623306,4844200
2022-12-08,47.75587493,48.5424222,46.98720412,47.46091843,6093100
2022-12-09,47.85419675,49.24852677,47.1749048,49.15021133,4385300
2022-12-12,49.21277739,49.57029642,48.39941708,49.06082916,4564600
2022-12-13,49.11446022,49.22171559,45.69119416,45.90570831,12246200
2022-12-14,46.09340389,47.75587742,46.03083798,46.92464066,11648800
2022-12-15,45.65544456,47.04083809,45.5839387,46.27216721,5470200
2022-12-16,46.38836537,46.67438199,45.72694982,45.96827698,6340500
2022-12-19,46.21349603,46.6209885,44.75948456,45.22254562,5789900
2022-12-20,44.92618579,45.91713979,44.32420849,44.95397186,10860200
2022-12-21,45.38924426,45.49111826,44.34272879,44.83357239,13828800
2022-12-22,44.91691967,44.99101113,44.30567926,44.58351517,4631000
2022-12-23,44.19454699,44.38903178,43.06467691,43.37955856,7148400
2022-12-26,43.36103188,43.39807761,42.60161212,42.76831436,2785400
2022-12-27,42.98132574,44.13897834,42.87945174,43.99079895,4618000
2022-12-28,44.36125304,45.19476087,44.30568444,44.57426071,4013000
2022-12-29,44.79652553,44.98175066,44.11119715,44.6761322,4351800
2023-01-02,44.67613324,45.52816391,44.09267531,45.36146164,2981100
2023-01-03,45.00953408,46.16718674,44.84283181,46.16718674,6224500
2023-01-04,46.30610154,46.9821702,46.02826563,46.25979614,4347400
2023-01-05,46.26905816,46.92660398,46.03752764,46.54689407,4531200
2023-01-06,46.82473227,46.9543888,45.93565242,46.25053406,6782000
2023-01-09,46.07457477,47.22296773,46.03752904,46.87104034,3115600
2023-01-10,46.77842598,46.94512824,46.10235727,46.2875824,2988900
2023-01-11,46.35241204,46.35241204,44.89840058,45.61151505,6017500
2023-01-12,45.61151233,46.86177572,45.43555041,46.54689407,6502800
2023-01-13,46.62098314,47.28779213,46.21349071,46.70433426,4533300
2023-01-16,46.77842601,47.20444487,46.0560519,46.87104034,2662100
2023-01-17,46.95439022,47.86198943,46.54689424,47.43597412,8397000
2023-01-18,47.81568143,47.88050968,45.73190686,46.17644501,8008300
2023-01-19,46.17644626,46.89882033,45.50037758,45.69486237,4982800
2023-01-20,45.56520319,45.56520319,43.65739059,43.65739059,10725900
2023-01-23,43.61109031,44.29642222,43.24990325,43.50921631,7027000
2023-01-24,43.6296143,44.59278217,43.3239923,44.00006104,4969900
2023-01-25,43.69444152,43.88892632,42.89797594,43.3147316,5200800
2023-01-26,42.37934135,42.84240236,41.50878794,42.0459404,8842000
2023-01-27,41.86071786,42.19412236,40.8882904,41.7495842,9519200
2023-01-30,41.87924046,43.10172129,41.28652291,42.86092758,5977000
2023-01-31,43.17581063,43.83336,42.58309307,42.93502045,6352900
2023-02-01,42.78684099,43.65739448,42.62013873,43.29620743,4120200
2023-02-02,42.925756,43.29620624,41.40691639,41.6940155,8506500
2023-02-03,41.40692011,44.74096193,41.1198245,42.88871765,13947900
2023-02-06,43.18507503,43.1943347,42.41639198,42.56457138,5216600
2023-02-07,42.6942268,43.2776847,42.15707783,42.6571846,4399300
2023-02-08,42.73127505,42.80536651,42.34230544,42.55531311,3594400
2023-02-09,42.55531044,43.61108905,42.50900504,42.87945175,4547700
2023-02-10,42.69422932,43.15729039,42.58309565,42.97206879,2832200
2023-02-13,42.96280032,43.66665504,42.82388414,43.25915909,3844900
2023-02-14,43.26842241,44.00931933,42.97206364,43.48143005,6925400
2023-02-15,43.58330773,44.62056351,43.17581174,44.62056351,6688500
2023-02-16,44.62055954,45.23179994,43.89818549,44.23158646,5488500
2023-02-17,44.2408523,44.66686761,43.15728762,43.49069214,3877300
2023-02-22,43.21285512,43.21285512,42.34230165,42.63866043,3791400
2023-02-23,42.54604741,43.23137931,42.34230296,42.74053574,1821800
2023-02-24,42.74053574,43.05541739,42.26821149,42.74053574,3122400
2023-02-27,42.74053816,43.34251543,42.62014129,42.91650009,1891700
2023-02-28,42.73127246,44.40755471,42.73127246,44.21306992,5470300
2023-03-01,44.5372125,44.85209416,42.37934629,43.3147316,7406800
2023-03-02,43.35177863,44.23159184,43.1202481,43.24990463,4397500
2023-03-03,43.33325561,44.80578994,43.24990447,44.63908768,9987500
2023-03-06,44.80578984,45.08362577,43.91670991,44.25011444,5421300
2023-03-07,44.37977107,44.6761334,43.80557633,44.222332,3577300
2023-03-08,44.37050876,44.53721102,43.52773781,43.93523026,4883200
2023-03-09,43.82409425,44.10193015,42.84240363,43.03689194,5103500
2023-03-10,42.95354332,43.2035967,41.68475352,41.74032211,5318900
2023-03-13,41.58288452,42.18486178,41.1013006,41.28652573,3928600
2023-03-14,41.40691898,41.95333117,41.28652565,41.64771271,3000100
2023-03-15,41.22169391,41.42544191,40.67528172,40.95312119,4386500
2023-03-16,41.02721173,41.6569751,40.60119638,40.74011612,3508700
2023-03-17,40.68454106,40.87902583,40.11960605,40.36965942,7159900
2023-03-20,40.49931976,40.61045342,39.72137704,40.0362587,2246700
2023-03-21,39.95290896,40.30483636,39.64729049,39.77694702,3103800
2023-03-22,39.66580703,40.17517343,39.52688732,39.71211243,2754200
2023-03-23,39.77694588,40.53636574,38.82303769,39.11940002,5575800
2023-03-24,39.21200695,39.67506797,38.7582056,39.48058319,4105500
2023-03-27,39.4805884,39.71211894,38.82303899,38.88787079,4360200
2023-03-28,38.98973848,39.63802464,38.84155908,39.15644073,2977900
2023-03-29,39.36018749,40.18443556,39.36018749,39.88807678,3955700
2023-03-30,40.47153722,40.74937314,39.6843313,39.86955643,5943600
2023-03-31,40.07330185,40.38818349,38.52667618,38.52667618,14261800
2023-04-03,38.7119015,39.69359215,38.35071446,39.5824585,6884200
2023-04-04,39.73063766,40.15665296,39.2212677,39.2212677,4745000
2023-04-05,39.29536191,39.47132385,37.3782894,37.95248413,11084000
2023-04-06,37.9617423,38.35071185,37.28567013,37.37828445,6208300
2023-04-10,37.27641414,38.48963535,36.95227282,38.10066223,4491400
2023-04-11,38.221059,39.50836814,38.221059,39.40649414,7859000
2023-04-12,39.41575619,39.82324863,38.86008084,39.08235168,6321400
2023-04-13,39.16570549,39.32314456,38.10992683,38.25810623,7988400
2023-04-14,37.97100463,38.17475261,37.42459247,37.49868393,6878700
2023-04-17,37.51720689,37.71169523,37.10045475,37.47090149,5217800
2023-04-18,37.60055913,38.35997903,37.47090259,38.12844849,4333100
2023-04-19,38.15622823,38.70264036,37.93395738,38.14696503,4932800
2023-04-20,37.97100186,38.23031489,37.24862784,37.32271576,4829200
2023-04-24,37.04488361,37.2393684,36.12802119,36.73926163,9412300
2023-04-25,36.81335323,36.85965862,35.78535714,35.93353653,6623200
2023-04-26,36.1372806,36.34102857,35.42416624,35.4334259,10993300
2023-04-27,35.52604291,35.89648961,35.01667648,35.1926384,7234200
2023-04-28,34.77588265,36.93374875,34.40543595,36.85965729,22999700
2023-05-02,37.36902629,38.43406814,37.13749576,37.67464828,15230400
2023-05-03,37.94322187,38.55446229,37.09118774,37.13749313,10632800
2023-05-04,37.15601859,37.85987338,36.6096064,36.67443466,8844700
2023-05-05,37.0448849,38.87860627,36.82261403,38.53594208,11447900
2023-05-08,38.66559593,39.31388207,38.57298513,38.77672958,9030600
2023-05-09,38.48963155,38.86934143,38.29514324,38.43406296,4728300
2023-05-10,38.61929051,38.86934389,38.16548915,38.61002731,6433400
2023-05-11,38.67485949,38.84156176,37.84135167,38.49889755,10242800
2023-05-12,38.32293172,39.64728654,38.05435547,39.30461884,10181600
2023-05-15,39.61024596,40.58267354,39.45280335,39.7399025,5975200
2023-05-16,39.74915949,40.61045334,39.6565487,40.48079681,7694300
2023-05-17,40.88829412,41.22169513,40.41596985,40.49932098,5387300
2023-05-18,40.93459926,42.1107748,40.87903066,41.9996376,9660700
2023-05-19,42.23116683,42.58309422,41.75884611,42.06446457,7789600
2023-05-22,42.24968988,42.50900647,41.73106375,41.84219742,3412000
2023-05-23,43.38882092,44.04637032,42.47196198,42.47196198,11779200
2023-05-24,42.13855495,42.13855495,41.17538714,41.295784,5916400
2023-05-25,41.5180535,41.76810334,40.83272162,40.86050415,5183100
2023-05-26,41.33283207,42.32378247,41.32356887,41.9996376,3857200
2023-05-29,42.2959966,42.43491633,41.82367586,42.02742386,1394400
2023-05-30,42.53678891,42.69422797,41.518056,41.78662872,4525700
2023-05-31,42.03668342,42.36082829,41.47174835,41.47174835,7379200
2023-06-01,41.69401801,41.84219741,41.22169376,41.67549515,11094200
2023-06-02,41.96258906,43.43512318,41.88849761,42.99058151,8920100
2023-06-05,43.57404345,43.92597083,42.85166935,43.35177612,4688600
2023-06-06,43.29620605,43.72222135,42.99984728,43.47216797,5521700
2023-06-07,43.80557668,43.81483988,42.3978706,42.44417953,8261400
2023-06-09,42.81462503,42.81462503,41.75884638,41.89776611,8779200
2023-06-12,42.16633989,43.38882083,41.88850396,43.24990463,4914600
2023-06-13,43.36103562,43.90744779,43.01837144,43.57404327,5613000
2023-06-14,43.99079652,44.67612838,42.95354084,43.20359421,12879100
2023-06-15,43.20359288,45.19475307,42.60161216,44.76873779,13590400
2023-06-16,44.49090689,44.93544508,44.14823917,44.73169708,12730200
2023-06-19,44.59278105,44.85209411,43.8704034,44.17602539,3519600
2023-06-20,44.10193251,44.14823791,43.39808129,43.93523026,4584800
2023-06-21,43.94449357,44.00005864,42.79610064,43.04615402,6656500
2023-06-22,42.80536651,43.00911098,42.14781711,42.47196198,4521700
2023-06-23,42.55531041,42.68496694,41.78662739,42.54604721,5267200
2023-06-26,42.62013884,42.92575729,42.17560066,42.24042892,5413900
2023-06-27,42.41638956,42.53678642,41.29578272,41.52731323,4887600
2023-06-28,41.55509693,42.28673422,40.89755109,40.90681076,5745000
2023-06-29,40.92533371,41.14760457,40.34187934,40.79567719,4579600
2023-06-30,41.02720912,41.31430825,40.37892293,40.95312119,6388400
2023-07-03,41.03647232,42.1292967,40.74937319,40.95312119,11751000
2023-07-04,40.93459438,41.55509445,40.73084641,41.42543793,3589300
2023-07-05,41.30504627,41.82367594,40.88829413,41.16613007,4421400
2023-07-06,40.92533763,41.35135652,40.60119628,40.85124969,3641000
2023-07-07,40.84198123,41.79588935,40.8234619,41.22169113,3963800
2023-07-10,41.0920385,41.1939125,40.67528283,40.77715683,2351300
2023-07-11,40.74937179,40.99016198,40.453013,40.79567719,7098300
2023-07-12,41.11056146,41.21243546,40.66602326,40.91607666,2535400
2023-07-13,41.04572799,41.63844552,40.92533114,41.09203339,3682600
2023-07-14,41.1383388,41.36060965,40.88828897,41.25873566,2817500
2023-07-17,41.42544192,41.75884645,40.95312119,41.11982346,3658900
2023-07-18,41.21243537,41.49027131,40.8975537,41.27726364,2873700
2023-07-19,41.36987338,41.36987338,40.0825642,40.25852966,4265800
2023-07-20,40.3326138,40.72158689,40.2863084,40.42522812,2331800
2023-07-21,40.37892044,40.85124467,40.09182486,40.80493927,3117200
2023-07-24,40.67527912,41.73106123,40.37892034,41.6940155,6572700
2023-07-25,41.82367576,42.4534391,41.49953442,41.88850403,3793300
2023-07-26,41.50878917,43.20359419,41.50878917,43.03689194,6172200
2023-07-27,43.09245947,43.90744789,42.87945181,43.7129631,3697200
2023-07-28,43.76853059,43.81483952,42.99058785,43.72222519,3185200
2023-07-31,43.8889249,45.01879497,43.84261951,44.5186882,4602700
2023-08-01,44.55573275,45.26884716,44.3890305,44.80578613,3313900
2023-08-02,44.79652411,44.79652411,44.14823794,44.35198593,3593800
2023-08-03,44.82430884,46.74138121,44.51868687,45.97269821,9066500
2023-08-04,45.79674386,47.69529368,45.61151871,46.55616379,7809700
2023-08-07,46.90808607,47.2322274,46.47280755,46.78768921,3423500
2023-08-08,46.75990541,46.75990541,45.76895153,46.07457352,3685900
2023-08-09,46.02826809,46.12087888,44.88913835,45.65781784,4228500
2023-08-10,45.83378451,46.23201377,45.55594506,45.70412445,2944100
2023-08-11,45.79673744,46.67655413,45.66708092,46.46354294,6156500
2023-08-14,46.74137857,47.2785275,46.03752387,47.15813065,4093400
2023-08-15,47.60267772,47.60267772,46.1486663,46.34315109,2642800
2023-08-16,46.30610657,47.09330896,45.7874769,46.22275543,7729200
2023-08-17,46.51911304,47.09330776,46.13940312,46.67655563,6934400
2023-08-18,46.86177585,47.69528713,46.4542834,46.93586731,6488800
2023-08-21,46.87103919,47.08404685,46.1486651,46.38019562,2604300
2023-08-22,46.57468274,46.65803387,45.8430454,46.16718674,2747500
2023-08-23,46.14866496,46.23201255,45.50963846,45.82452011,3725900
2023-08-24,45.97270071,45.97270071,45.2040212,45.70412445,2701500
2023-08-25,45.49111197,46.42649717,45.49111197,46.21348953,2537500
2023-08-28,46.17644617,46.64876686,45.89861026,46.5839386,3118600
2023-08-29,46.58393749,47.40818554,46.58393749,47.37114334,2057400
2023-08-30,47.37114592,48.04721462,46.93586741,47.07478714,3203000
2023-08-31,47.05626686,47.41745393,46.4450264,46.4450264,4716300
2023-09-01,46.60245888,47.57488628,46.60245888,47.32483292,4230000
2023-09-04,47.16739534,47.66750209,46.9080823,47.20444107,1782800
2023-09-05,47.27853261,47.59341427,46.71359757,46.92660522,2868800
2023-09-06,47.06552131,47.21370069,46.09309388,46.17644501,3110200
2023-09-08,45.04657997,45.4355531,43.97227844,45.19475937,6714800
2023-09-11,45.26885459,46.63025184,44.87988143,46.27832794,5473700
2023-09-12,46.26906463,46.76917147,46.12088522,46.55616379,2366000
2023-09-13,46.35240688,46.84325395,46.00047952,46.53763199,3821000
2023-09-14,46.50985441,47.65824387,46.38945755,47.44523621,6339200
2023-09-15,47.59341045,48.77884551,47.30631488,48.649189,11768300
2023-09-18,48.61214683,48.8992424,47.97312037,48.20465088,3344100
2023-09-19,48.20465335,48.88998525,47.77863805,48.88072205,4105100
2023-09-20,48.88072444,50.86262522,48.86220157,50.83484268,12351000
2023-09-21,50.566265,52.37220379,50.38104341,51.87209702,24229700
2023-09-22,52.11289486,52.69635282,51.14046729,51.2886467,5176900
2023-09-25,51.44608053,51.8998819,50.9367141,51.13119888,5081500
2023-09-26,51.17750573,51.20529179,50.01059343,50.34399796,7515800
2023-09-27,50.70518367,50.74222941,49.75127907,50.07542038,5864400
2023-09-28,50.07542055,50.40882506,49.21412673,49.85315323,5702100
2023-09-29,50.93671411,51.02932491,49.99206917,50.26990509,5343100
2023-10-02,50.10319921,50.55700055,49.89945477,50.2143364,2162100
2023-10-03,51.46460593,52.00175845,50.881148,51.19602966,6852900
2023-10-04,51.09415706,51.8257944,50.61257665,50.93671799,5216600
2023-10-05,50.97376103,51.37199382,50.51069999,51.17750549,3314100
2023-10-06,50.94597384,52.20550043,50.84410338,52.04806137,7272700
2023-10-09,51.89062001,52.56668872,51.58500156,52.51112366,5389700
2023-10-10,52.28885409,52.68708688,52.14067469,52.27959442,5551500
2023-10-11,52.29811859,52.548172,51.98323692,52.46482086,3654000
2023-10-13,53.11310082,54.68750909,53.11310082,54.23371124,14322900
2023-10-16,54.23371374,54.28001914,52.96492386,53.13162613,8275800
2023-10-17,53.06679675,54.178144,52.1128921,53.22423935,11036800
2023-10-18,52.95566067,53.15940865,51.52017215,51.9369278,5957500
2023-10-19,51.97397493,52.39999381,51.57574211,51.84431839,3437000
2023-10-20,51.52943314,51.76096367,50.42734911,50.84410477,7551600
2023-10-23,50.51069901,51.00154258,49.9828097,50.38104248,4812300
2023-10-24,49.67719147,49.68645467,48.04721805,48.63067245,11999400
2023-10-25,48.42692799,49.34378693,48.39914192,48.71402359,5051500
2023-10-26,49.23265073,49.33452473,47.97312411,48.81589508,5220900
2023-10-27,48.99186182,49.58457942,47.46375891,48.08425903,23690900
2023-10-30,48.21391937,48.51027817,47.59341571,47.83420944,4805400
2023-10-31,47.88051344,48.84368127,47.69528831,47.76011658,7381900
2023-11-01,47.63045632,48.05647161,47.51005947,47.64897919,4350500
2023-11-03,47.51006195,47.8249436,46.68581387,47.38040543,13549200
2023-11-06,47.63046126,48.41766366,47.58415586,48.05647659,4439600
2023-11-07,47.68602748,48.95481374,47.66750461,48.21391678,7443800
2023-11-08,48.32505163,49.90871958,48.2417005,49.53827286,5547800
2023-11-09,49.6401394,49.81610484,48.97333394,49.48270035,4390300
2023-11-10,49.64014183,50.83484015,49.4641799,50.60330963,4294700
2023-11-13,50.47365306,51.04784776,49.63088212,50.10320282,4251600
2023-11-14,50.08468499,50.40882631,48.62141037,48.62141037,11044300
2023-11-16,48.92703241,49.61236078,48.64919295,49.45492172,7903100
2023-11-17,49.5290069,50.21433878,49.02890015,49.02890015,9329200
2023-11-20,49.6308824,49.74201606,48.58436346,48.99185944,4382700
2023-11-21,48.76032624,49.52900569,48.68623478,49.06594467,3226300
2023-11-22,49.08446759,49.48270035,48.85293708,49.48270035,2958600
2023-11-23,49.34378685,50.12172959,49.27895858,49.82537079,1322500
2023-11-24,49.78832141,50.12172592,49.08447018,49.51974869,2387300
2023-11-27,49.70497652,50.10320935,49.45492664,49.77906799,2840500
2023-11-28,49.76054252,50.05690132,48.98259977,49.40861511,2929200
2023-11-29,49.64014566,50.24212646,48.93629438,50.24212646,4271000
2023-11-30,50.25138096,50.51069754,48.55657945,49.8068428,8846800
2023-12-01,49.45492029,49.89019526,47.57489007,47.93607712,18398600
2023-12-04,47.97312685,48.57510767,47.93608112,47.96386719,6169600
2023-12-05,48.06573481,48.19539133,47.46375407,47.64897919,16349300
2023-12-06,47.60267627,48.01016872,47.25074889,47.29705429,16752800
2023-12-07,47.24148699,47.7786395,46.92660533,47.14887619,9633600
2023-12-08,47.42692953,48.36523005,47.13311632,48.11880875,4421900
2023-12-11,48.1377615,49.07606196,48.1377615,48.71590805,3377700
2023-12-12,48.4220978,48.68747514,47.86290726,48.29888535,2162800
2023-12-13,48.5642673,49.3414469,48.28941012,49.14241028,4444500
2023-12-14,49.42675068,49.85324898,48.96233668,49.673172,5219600
2023-12-15,49.67317051,50.6683392,49.57839391,49.88168335,7856900
2023-12-18,49.91011503,50.09019201,49.34144825,49.80585861,4034800
2023-12-19,49.86272837,50.63990803,49.81534007,50.2039299,3756000
2023-12-20,49.94802809,51.73933247,49.94802809,51.0853653,4724500
2023-12-21,51.2843944,51.91940549,51.0853614,51.60663986,2668100
2023-12-22,51.64455049,52.54493889,51.51185821,52.07104874,3262400
2023-12-26,51.95731981,53.09465699,51.9478436,52.33643341,2092500
2023-12-27,52.32695496,52.73450082,52.09000986,52.64920044,2579700
2023-12-28,52.52598854,53.01883479,52.52598854,52.72502518,2560700
2024-01-02,52.79137083,53.35056143,51.86254644,52.26061249,2961200
2024-01-03,51.93836558,52.88614598,51.90045349,52.55442429,3343500
2024-01-04,52.55442503,52.78189031,51.71090104,51.75828934,1914500
2024-01-05,51.45500033,51.70142165,50.95267424,51.22753143,2229700
2024-01-08,50.90527974,51.89097214,50.56407825,51.89097214,2529400
2024-01-09,51.62559612,51.9573178,51.16118217,51.25596237,2987300
2024-01-10,51.4076085,51.4549968,50.92423849,50.96215057,2025300
2024-01-11,51.03797009,51.5308163,50.43139124,51.33178329,3879800
2024-01-12,51.63507414,52.34590942,50.6967736,50.78207397,3194900
2024-01-15,50.81050593,51.22752799,50.63042534,51.04745102,1117900
2024-01-16,50.89580726,51.03797215,50.10914781,50.1565361,3500000
2024-01-17,49.95750478,50.35557443,49.85324835,49.94802856,2590700
2024-01-18,49.96698376,50.2228849,48.83912277,48.83912277,3416400
2024-01-19,48.85807901,49.20875674,48.31784447,49.09502411,6574400
2024-01-22,49.20875448,49.35092298,48.7348643,48.97180939,1977100
2024-01-23,49.25614754,49.51204867,48.78225735,49.37935638,2831000
2024-01-24,49.76794435,50.03332531,49.0097208,49.16136551,2154600
2024-01-25,49.14241028,49.75846896,49.10450181,49.14241028,1893900
2024-01-26,49.20875622,50.39348171,49.18032396,50.14706039,3083300
2024-01-29,49.30353284,49.51204566,47.68282935,48.14723969,12405500
2024-01-30,47.89134148,49.5310011,47.88186526,49.37935638,4891900
2024-01-31,49.56891418,49.94802778,48.87703492,48.92442322,4140500
2024-02-01,48.92441815,49.3983083,48.34627159,48.43157196,3185500
2024-02-02,48.51687386,48.98128782,48.06193974,48.65904236,4085700
2024-02-05,48.33679885,49.25614696,48.33679885,49.04763412,2717700
2024-02-06,48.92442368,50.93372075,48.92442368,50.90528488,4805100
2024-02-07,50.97162973,51.25596674,50.45035122,50.89580917,6156300
2024-02-08,50.99058476,51.35074233,50.26079342,50.65886307,5681200
2024-02-09,50.70625217,50.96215332,49.68264759,49.94802856,4039700
2024-02-14,50.0238488,50.17549352,49.3604054,49.52152634,1912000
2024-02-15,49.52152259,49.70159956,49.06658846,49.60682297,2141800
2024-02-16,49.69212797,50.6872967,49.38883853,50.27975082,3225500
2024-02-19,50.13758643,50.50722022,49.50257166,50.27027512,1747600
2024-02-20,50.04280578,51.31283169,49.77742841,51.05693054,2995100
2024-02-21,50.76311607,52.46911995,50.25131383,52.38381958,4560400
2024-02-22,52.43121121,53.53063632,52.2416544,52.82928085,4826800
2024-02-23,53.07569879,53.38846804,51.97627375,52.38381958,3137200
2024-02-26,52.51651085,53.21786992,52.0615767,53.18943405,3560300
2024-02-27,53.45481635,54.64901807,52.94301406,53.85288239,6101800
2024-02-28,53.79601007,55.00917135,53.59697706,54.38363647,5853500
2024-02-29,54.38364121,54.78170725,53.30317212,53.40742493,8696600
2024-03-01,53.5022035,54.62058464,53.4548152,54.48789597,7527400
2024-03-04,54.39311757,55.49254271,54.39311757,55.39776611,5250900
2024-03-05,55.39776486,55.90008732,54.88596258,55.5114975,3826500
2024-03-06,55.49253793,55.86217169,54.89543531,55.24611664,4607700
2024-03-07,54.90491961,55.88113228,54.58267413,55.7484436,4313700
2024-03-08,55.6157527,56.17494326,54.93334967,56.06121063,8208900
2024-03-11,55.653666,56.43084564,55.25559636,55.5114975,5215800
2024-03-12,55.51149789,56.52562263,55.05656373,56.02330017,3892300
2024-03-13,55.97590995,56.64883315,55.72000882,56.32658768,3579200
2024-03-14,56.26024422,56.58248969,55.79583024,56.39293289,6073900
2024-03-15,56.37397598,57.81460257,56.26971956,57.62504578,9306200
2024-03-18,57.74825925,58.3453619,57.22698076,57.86199188,4163000
2024-03-19,58.05154978,59.99449888,58.05154978,59.56799698,7713100
2024-03-20,59.71016427,59.71016427,58.58230692,58.81925201,7167000
2024-03-21,59.2836632,59.7101651,58.35483884,58.80029678,6286700
2024-03-22,59.04671352,59.25522635,58.2979662,58.90454865,4652600
2024-03-25,58.90455155,59.04671644,58.20319248,58.40222549,4278700
2024-03-26,58.34535825,59.84284928,58.19371354,59.68172836,8470600
2024-03-27,59.75755232,60.61055611,59.64381968,60.4683876,5490100
2024-03-28,60.45891152,60.7337687,59.9755415,60.63898849,4550100
2024-04-01,60.65794093,61.89005825,60.65794093,61.50146484,5495900
2024-04-02,61.2455724,62.08909638,60.94228296,61.82371902,6264500
2024-04-03,61.45407353,62.0606596,60.74323828,61.22660828,4869600
2024-04-04,61.17922323,61.53937715,60.16509495,60.54420853,5533000
2024-04-05,60.23144197,60.43047498,58.97089595,59.53008652,4333900
2024-04-08,59.52060767,59.63434031,59.09410578,59.33105087,3183900
2024-04-09,59.3310525,59.9850233,58.44961643,59.03724289,6085100
2024-04-10,59.03724199,59.50165237,58.02311726,58.53491592,6957500
2024-04-11,58.02311737,58.43066323,57.83356057,58.01363754,6224200
2024-04-12,58.01363805,58.61074072,57.55870388,58.00416183,5587400
2024-04-15,58.00416039,58.57282717,57.2459368,57.86199188,7938000
2024-04-16,57.31228004,58.95193964,57.0563789,58.14632416,8783300
2024-04-17,58.05154736,58.54439358,57.47340076,57.6345253,4961700
2024-04-18,57.63452773,57.84303696,57.08481336,57.57765961,3993700
2024-04-19,57.57765943,58.38327132,57.25541394,58.01363754,5928700
2024-04-22,58.22215126,58.62969713,57.38810349,57.38810349,4774700
2024-04-23,57.20802537,57.42601443,56.80047951,56.98055649,4703600
2024-04-24,57.14168186,57.39758301,56.78152429,57.39758301,4435600
2024-04-25,57.03742248,57.74825775,56.65830889,56.77204514,5035900
2024-04-26,56.96160025,57.50183479,56.35502138,56.46875763,3972000
2024-04-29,56.46875546,56.54457601,55.49253923,55.82426453,5769400
2024-04-30,55.84321994,56.11807713,55.0660403,55.40724182,7417800
2024-05-02,55.95695607,56.2981576,55.44515379,55.9285202,4071800
2024-05-03,56.11807795,56.12755778,55.54941114,56.08016586,3740200
2024-05-06,56.1559848,56.68674309,55.80530709,56.37397385,2909600
2024-05-07,56.32658896,56.8194352,48.86755829,49.45518112,54329100
2024-05-08,50.44087538,51.39813202,49.47413891,49.58787155,31990400
2024-05-09,49.7300395,50.23236197,49.00024815,49.94802856,18830400
2024-05-10,48.38418548,50.56407953,47.43640514,49.00024414,18100800
2024-05-13,49.05711226,49.13293643,47.50275297,48.05246735,16968300
2024-05-14,48.32732139,48.80121156,47.19946046,47.25632858,13127500
2024-05-15,47.22789472,48.42209632,47.11415848,47.90081787,16447400
2024-05-16,48.17568031,49.07606881,47.90082312,48.99076843,13118600
2024-05-17,48.68747387,49.01919915,48.29888409,48.76329803,10579800
2024-05-20,49.07606888,49.84377232,48.38418961,48.38418961,12534400
2024-05-21,47.85343032,47.96716295,46.34645946,46.58340454,17993400
2024-05-22,46.46019226,46.64974904,45.58823247,45.7967453,10540100
2024-05-23,46.0526484,48.24202236,45.24703653,47.48379517,22801000
2024-05-24,47.00042757,47.61648624,46.25168023,46.3843689,11280200
2024-05-27,46.8961687,46.8961687,46.10951293,46.44123459,2937600
2024-05-28,46.91512917,47.0762501,46.35593859,46.51706314,5988800
2024-05-29,46.37489376,47.10468508,45.97682413,46.70661545,5110500
2024-05-31,46.72556906,47.00990243,46.09055798,46.15690231,10491800
2024-06-03,46.15690771,46.2516843,44.42246778,44.64993668,11366300
2024-06-04,44.49828551,44.64045038,43.76849425,44.45089722,9333300
2024-06-05,44.40350841,44.47933257,43.9580541,44.2044754,7038900
2024-06-06,44.26134828,46.01474068,44.02440316,45.82518387,11158700
2024-06-07,46.14742843,47.50275475,45.60719387,46.10951996,10518800
2024-06-10,46.07160625,47.33215232,45.64510435,47.09520721,7443400
2024-06-11,47.19946528,47.19946528,46.31802918,46.36541748,5385500
2024-06-12,46.64974741,47.0478134,45.73039937,46.44123459,9232700
2024-06-13,46.53601316,46.81087033,46.20429149,46.22324753,4792700
2024-06-14,46.15690632,46.61184048,45.56928348,46.41280746,5535200
2024-06-17,46.34645926,46.42227981,45.82517719,45.9768219,3995800
2024-06-18,46.10003937,46.55497354,45.6451052,45.77779388,6186800
2024-06-19,45.69249461,46.18534088,45.35129307,46.18534088,4297300
2024-06-20,46.42227972,46.66870463,45.53136752,45.63562393,5243700
2024-06-21,45.6356251,46.56444941,45.41763244,46.29906845,13715200
2024-06-24,46.20429377,47.29424266,46.20429377,47.03834152,6228500
2024-06-25,47.15207503,47.63544145,46.91512993,47.10468674,4690200
2024-06-26,47.00042979,48.75382207,46.94356166,48.15672302,9525300
2024-06-27,56.00434447,56.00434447,53.55906929,54.02348328,35970500
2024-06-28,54.49737297,54.5542411,53.29369143,54.03295898,14976500
2024-07-01,54.18460385,54.91439519,54.08982726,54.63954163,7509200
2024-07-02,54.49737124,55.0565618,54.08034918,54.59214783,7265800
2024-07-03,54.61110336,55.08499354,53.42637791,54.34572601,9695100
2024-07-04,54.71536254,54.71536254,53.07570287,54.02348328,9528500
2024-07-05,53.91922143,53.91922143,51.71089518,51.89097214,17055700
2024-07-08,51.76776253,51.83410687,50.36504803,50.44087219,13585700
2024-07-09,50.45034561,50.80102332,49.853243,50.07123566,7561400
2024-07-10,50.18497266,50.30818512,49.33196885,49.71108246,8742400
2024-07-11,49.80585844,50.58303806,49.5499573,50.24183655,4254200
2024-07-12,50.27974778,50.76311779,49.3224912,49.56891251,6791700
2024-07-15,49.83429436,51.94784418,49.83429436,51.36969757,14250100
2024-07-16,51.65402876,52.30799589,51.22752688,51.33178329,5570200
2024-07-17,51.0948415,52.05209812,51.04745321,51.34126282,5182800
2024-07-18,51.4834283,51.80567377,50.87684946,51.06640625,5815100
2024-07-19,51.28439539,51.31282765,50.63990447,50.80102539,6235300
2024-07-22,50.84841923,51.1232728,49.96698318,50.49773788,7288300
2024-07-23,50.36504877,51.07588405,50.14705972,50.33661652,5380000
2024-07-24,50.44087619,50.6778213,49.97646218,50.26079559,5710100
2024-07-25,50.43139315,51.33178523,49.66369335,49.73003769,6972800
2024-07-26,49.75847163,49.84377201,48.97181215,49.0855484,8078500
2024-07-29,49.01920082,50.47877981,48.76329969,50.02384567,5174400
2024-07-30,50.04280547,50.92424155,49.45518262,50.63042831,7154700
2024-07-31,50.63990517,51.21805177,49.95750215,51.04745102,5640200
2024-08-01,50.93372082,51.81515327,50.55460721,50.99058533,5096700
2024-08-02,50.23236084,51.23700936,50.12810442,50.23236084,8273400
2024-08-05,49.41727158,50.38400806,49.0097257,50.26079559,5982900
2024-08-06,50.0996727,50.17549325,48.98129154,49.18032455,10699100
2024-08-07,49.08554654,50.01437088,48.64956844,49.47413635,6144300
2024-08-08,49.18980169,51.25596314,49.01920093,50.80102539,7362100
2024-08-09,52.34590908,52.78188718,51.18961588,51.65402985,17574400
2024-08-12,51.65403059,52.06157644,51.00006343,51.54977417,6660000
2024-08-13,51.72985621,52.38382338,51.43604298,51.69194412,7419700
2024-08-14,51.66350539,52.12791935,51.5213405,51.84358597,6591400
2024-08-15,52.09948811,52.11844415,50.49773697,50.78207397,7691600
2024-08-16,50.71572563,51.65402978,50.70624942,51.5687294,7231900
2024-08-19,51.63507799,52.41225766,51.56873364,52.16583633,4617700
2024-08-20,52.22269663,53.19891286,52.01418741,52.95248795,5086000
2024-08-21,53.14204682,53.94765872,53.09465853,53.5116806,4709300
2024-08-22,53.49272287,54.10878156,53.08517702,53.46429062,4154500
2024-08-23,53.46428922,53.57802185,52.74397775,53.15152359,5096400
2024-08-26,53.26525551,53.43585626,52.18478651,52.29851913,6137000
2024-08-27,52.41225621,52.88614642,51.938366,52.71554565,4179300
2024-08-28,52.60180925,53.32212073,52.50703266,53.15152359,4843700
2024-08-29,53.1515248,53.45481423,52.31747707,52.60181046,4555200
2024-08-30,52.45016754,52.99040208,51.87202092,52.12792206,11325400
2024-09-02,51.87202098,53.05674648,51.87202098,52.2132225,3703900
2024-09-03,51.99523526,52.23218037,51.28439993,51.73933411,4997200
2024-09-04,52.04262491,53.06622954,51.74881167,52.48808289,4691300
2024-09-05,52.22269834,52.57337969,51.66350776,52.3932991,4787200
2024-09-06,52.25113406,52.52598763,51.40761009,51.53081894,3791100
2024-09-09,51.52134171,51.79619889,51.18961641,51.29387283,2960100
2024-09-10,51.28439741,52.6586797,51.22752929,52.31747818,5435600
2024-09-11,52.28903792,52.55441887,51.72985101,52.24164963,6959100
2024-09-12,51.89097568,52.421734,51.3696972,51.54977417,3523800
2024-09-13,51.54977843,52.10896904,51.33178936,51.45500183,2673700
2024-09-16,51.49290576,51.58768234,50.0712353,50.25131226,4498900
2024-09-17,50.0712393,50.7441625,49.78690229,50.50721741,3894100
2024-09-18,50.25131825,50.71572863,49.69212766,49.8532486,3951900
2024-09-19,49.76794572,50.1375831,49.65421309,49.82481384,5174600
2024-09-20,49.77742372,49.9195886,49.30353355,49.60682297,7148400
2024-09-23,49.3319718,49.3793601,48.49792399,48.95286179,7444900
2024-09-24,49.34144808,50.48826147,49.15189128,50.24183655,5524300
2024-09-25,50.09966903,50.29870204,49.43622208,49.43622208,3133800
2024-09-26,49.55943929,51.50238844,49.55943929,51.40761185,6674600
2024-09-27,51.19909694,52.06157695,51.12327278,51.54029846,4778500
2024-09-30,51.2370102,52.10896644,51.20857433,51.59716415,4823200
2024-10-01,51.66350881,52.30799978,51.61612051,52.02366638,5015400
2024-10-02,52.36486672,52.85771296,51.94784465,52.22269821,4127600
2024-10-03,51.59716608,52.07105631,51.31283267,51.98575592,3641300
2024-10-04,51.65403108,52.83875656,51.65403108,52.83875656,4004700
2024-10-07,52.88614705,53.43586143,52.51651326,52.87667084,3328500
2024-10-08,52.22269619,52.89562299,52.20374377,52.79136658,6838000
2024-10-09,52.43121072,52.79136828,51.49291017,51.54029846,6277700
2024-10-10,51.54029745,51.59716196,50.90528272,51.30335236,3863800
2024-10-11,51.30335323,52.36486625,51.0474521,51.36969757,5491800
2024-10-14,51.27491589,52.25113212,50.89580592,51.83410645,3669100
2024-10-15,51.71090029,51.99523369,51.26544234,51.86254501,4039000
2024-10-16,51.91940498,52.00470536,51.3317822,51.61611557,3973300
2024-10-17,51.36969796,52.45016703,50.99058436,52.13739777,4569200
2024-10-18,52.31747727,53.01883272,51.97627576,52.85771179,5181000
2024-10-21,52.67763682,53.98557118,52.64920095,53.331604,6468700
2024-10-22,53.10413392,55.15133941,52.94301299,54.57319641,9250300
2024-10-23,54.5163294,55.17029658,54.26042826,54.54476166,4728500
2024-10-24,54.40259552,54.94283005,54.19408268,54.40259552,5484200
2024-10-25,55.25559371,56.79099687,55.14186108,55.91904068,11847600
2024-10-28,56.17494289,57.50183324,55.94747402,56.24128723,7574300
2024-10-29,56.38345425,56.76256422,55.98538462,56.44979858,5425200
2024-10-30,56.22232934,57.23645401,56.22232934,57.23645401,5863100
2024-10-31,57.0658563,57.70087104,56.46875726,56.64883423,7265200
2024-11-01,56.677265,57.04689876,56.34554332,56.85734558,5955100
2024-11-04,56.8668226,57.00899111,56.40240863,56.83839035,4600300
2024-11-05,57.02794424,57.46392596,56.77204671,57.3407135,3881200
2024-11-06,56.86682308,58.20319328,56.1085995,56.39293289,7906400
2024-11-07,56.02329784,56.36449935,55.34089482,55.814785,8987700
2024-11-08,55.94747517,55.94747517,54.63954084,55.35037613,5585800
2024-11-11,55.87165257,55.96642916,54.83857184,55.13238144,3401900
2024-11-12,55.13238073,56.30762995,55.0660364,56.27919769,5850600
2024-11-13,56.27920126,56.8194358,55.90956748,56.629879,5120600
2024-11-14,57.70087276,57.71034897,56.36450252,57.38810349,9744300
2024-11-18,57.15115522,57.89042636,56.84786579,57.54922485,4396300
2024-11-19,57.44497036,57.7956481,57.12272488,57.24593735,2570600
2024-11-21,57.08481175,57.99468005,57.0563795,57.61557007,5655400
2024-11-22,57.61557,58.13684849,57.16063585,57.53026962,3972300
2024-11-25,57.22697928,57.79564605,56.74360927,56.77204514,17136500
2024-11-26,56.93316811,57.03742453,55.65366602,56.20337677,8100500
2024-11-27,56.21285364,57.26488678,55.99486459,56.62039948,9004300
2024-11-28,56.47823243,58.74342694,56.29815546,58.31692505,9420500
2024-11-29,58.66760836,59.99449876,58.44013948,59.14149857,12601500
2024-12-02,58.81925401,59.64382196,58.31692793,58.85716248,7499400
2024-12-03,58.76238143,60.08927536,58.57282464,60.08927536,7581500
2024-12-04,60.84749901,61.93744792,60.78115467,61.65311813,9603900
2024-12-05,61.62467632,62.05118183,60.33569806,61.70050049,15465600
2024-12-06,61.70050207,62.231264,61.22661187,62.01327133,6608800
2024-12-09,62.05118216,63.32120439,61.79527741,63.16956329,5458700
2024-12-10,63.30225315,63.33068541,61.14131502,61.23609161,7524400
2024-12-11,60.98018897,61.52043075,60.08928029,60.75272369,10275100
2024-12-12,59.56799842,60.45891434,59.10358804,59.71016693,9932300
2024-12-13,59.99449773,60.03240982,59.01828509,59.16044998,6271400
2024-12-16,59.61538454,60.85697446,59.16044679,60.534729,9269100
2024-12-17,61.20745274,61.95125767,60.72789159,60.8355484,11330400
2024-12-18,60.75725475,61.27596078,59.91557829,60.29726791,10247500
2024-12-19,60.62023525,60.63980955,59.03475384,59.40665817,7667600
2024-12-20,58.72157092,58.77050482,57.90925407,58.3496666,14103300
2024-12-23,58.408388,60.09174085,57.87010769,59.93515015,7450600
2024-12-26,60.18961192,60.84533436,59.85685619,60.62023544,4414200
2024-12-27,60.77682258,60.9921362,59.74919587,60.27769089,4316400
2024-12-30,60.58108795,60.92362895,60.38534863,60.46364212,4737600
2025-01-02,60.05259312,61.67722308,60.0428041,61.07043457,5787400
2025-01-03,61.17808744,62.1861436,61.07043436,61.34446716,8122000
2025-01-06,60.9823493,61.34446459,60.54193679,61.11936569,3577500
2025-01-07,61.10958132,61.16830423,60.00366106,60.6985321,5330800
2025-01-08,61.0312885,61.50106064,59.7394142,60.48321915,8023000
2025-01-09,60.15045878,60.9627756,59.8960003,60.1602478,3003700
2025-01-10,60.25811719,60.5712986,59.25006477,60.13088608,5157300
2025-01-13,60.08195131,61.36404024,59.98408352,60.75725174,3958400
2025-01-14,60.76703939,61.10958039,59.52409902,59.63175583,4942700
2025-01-15,60.49300537,60.49300537,58.6530618,59.78834534,5333700
2025-01-16,59.78834748,60.1700371,58.4671136,59.07390213,5717600
2025-01-17,59.40665496,61.0704335,58.95645715,60.95298767,7500200
2025-01-20,60.67895847,60.97256559,60.03302132,60.48321915,3212200
2025-01-21,60.70831553,61.26617015,60.33641494,61.07043457,3732500
2025-01-22,61.28574234,61.80445206,59.91557465,60.09173965,5029100
2025-01-23,59.98408467,61.71637143,59.98408467,61.41297531,5849200
2025-01-24,61.48148292,61.66743322,60.68874039,61.42276001,2748800
2025-01-27,61.42276092,62.04912748,61.02149701,61.74573135,4296900
2025-01-28,61.37382612,62.03933753,60.98235123,61.42276001,2937100
2025-01-29,61.72615654,61.97082975,60.78661232,60.87469482,4256300
2025-01-30,61.22702747,61.6282914,60.54194171,61.03128815,4598900
2025-01-31,61.23680834,61.48148154,60.51257775,61.04106903,4468900
2025-02-03,61.21723348,62.15677766,60.70831278,61.11936569,4002600
2025-02-04,61.11937177,61.37383028,58.61391662,58.64327621,6826300
2025-02-05,58.93688449,59.710049,58.23222445,58.41817474,5385800
2025-02-06,58.42796462,58.93688535,58.33009309,58.80965424,2647400
2025-02-07,58.74114313,58.81943661,57.88968143,58.25179672,4356300
2025-02-10,58.73135583,58.81943833,57.57650171,58.0854187,3097900
2025-02-11,58.41817473,58.41817473,57.21438298,57.67436981,5277700
2025-02-12,57.44927046,57.51777866,56.17697051,56.73482513,6929700
2025-02-13,56.78375819,58.27137174,56.31398609,57.96797562,8209400
2025-02-14,58.07563429,58.33009279,56.42164471,57.59607315,7934600
2025-02-17,57.7330935,57.90925478,56.25526519,56.57823563,5918200
2025-02-18,56.78375865,56.97949796,56.11824722,56.47057724,7408000
2025-02-19,56.30419996,57.32204145,56.11824966,56.83269501,5830900
2025-02-20,56.83269415,56.89141707,56.24547993,56.44121552,4897100
2025-02-21,56.68588669,57.02843142,55.8637883,56.27483749,10051400
2025-02-24,56.32377441,56.61738153,55.67783726,55.81485367,3222800
2025-02-25,56.41185598,56.421645,55.46252271,55.62890244,5713200
2025-02-26,55.98122907,56.12803075,55.53103127,55.82463837,4719000
2025-02-27,55.84421688,56.60759613,55.62890326,55.95186996,5154300
2025-02-28,55.74634327,56.05952468,54.85573293,55.11019516,7300300
2025-03-05,54.99275156,55.40380451,53.95533949,54.19022369,4952200
2025-03-06,54.45446754,54.65999213,53.52470862,53.98469543,5269600
2025-03-07,53.65194124,54.46425809,53.28982594,54.16086197,5896900
2025-03-10,53.837893,54.50340444,53.51492629,54.40553665,4789500
2025-03-11,54.49361784,54.90466704,53.57364791,53.95533752,4690700
2025-03-12,53.97490986,54.17064544,53.31918374,53.58343124,4171200
2025-03-13,53.53449875,53.69108945,52.99621844,53.15280914,4006700
2025-03-14,53.38769505,53.51492617,52.82005513,52.98643112,6516300
2025-03-17,53.07451114,53.85746465,52.86898654,53.43662643,5510800
2025-03-18,53.43662672,53.83789062,53.04515183,53.83789062,5857400
2025-03-19,54.02384585,54.97317538,53.63236722,53.68130112,5521900
2025-03-20,53.74980818,55.07104573,53.59321748,54.65020752,8531700
2025-03-21,54.84594889,54.96339099,53.10387306,53.19195557,9136700
2025-03-24,53.29961313,53.58343496,52.85920059,52.97664642,3802700
2025-03-25,53.11366053,53.24089165,51.91965408,52.2719841,5594300
2025-03-26,52.30134527,52.6732496,51.97837856,52.37964249,4800600
2025-03-27,52.65367343,52.92770996,51.8805052,52.75154495,7066000
2025-03-28,53.09408639,53.52470989,52.06645966,52.06645966,4908800
2025-03-31,52.12517786,52.31113189,51.81199646,51.81199646,4144800
2025-04-01,52.11539398,52.49708359,51.70434478,52.2621994,3579600
2025-04-02,52.26219714,52.52644091,51.89029283,52.30134201,2564200
2025-04-03,51.72391407,51.87071948,49.89375954,49.98184204,9521200
2025-04-04,49.4239892,50.21673176,48.96400236,49.81546783,7573200
2025-04-07,49.60015335,50.32438396,49.05208402,49.42398834,8045600
2025-04-08,49.49249639,50.99968425,49.3261204,49.62951279,10377100
2025-04-09,49.78610312,51.96858767,49.51207032,51.12691498,13225400
2025-04-10,51.35201388,51.39115876,50.06013965,51.12691498,4926000
2025-04-11,51.17584755,51.23456673,49.93290725,50.53969574,6029100
2025-04-14,50.84309518,51.61626344,50.50055043,51.293293,4573200
2025-04-15,51.2835064,51.2835064,50.50054914,50.84309387,3495400
2025-04-16,50.80394259,51.36179718,50.62777759,50.7550087,3890300
2025-04-17,50.86267042,51.12691795,50.56905957,50.7354393,3815100
2025-04-22,50.68650218,51.10734039,50.64735357,50.72565079,4754200
2025-04-23,51.01925852,51.66519564,50.40268099,51.32265091,6264600
2025-04-24,51.34222427,51.56732317,50.39289478,51.13669968,4642600
2025-04-25,50.34396101,50.39289864,49.53164785,50.1873703,11836900
2025-04-28,50.37332133,50.37332133,49.18910016,49.76652908,7957200
2025-04-29,49.95248348,49.95248348,49.10101802,49.28697205,5033900
2025-04-30,49.38484005,49.45334825,48.83677444,49.01293945,6310300
2025-05-02,48.97378993,49.70780955,48.25934462,49.57079315,4444300
2025-05-05,49.62951294,49.98184296,48.96400151,49.42398834,3093100
2025-05-06,49.18909988,49.74695823,49.05208349,49.36526489,3089200
2025-05-07,49.61972884,50.5299135,49.37505562,50.14822388,4587600
2025-05-08,50.31459862,50.80394504,49.92311999,50.37332153,5293300
2025-05-09,48.21040731,49.89376018,48.21040731,49.02272415,10694300
2025-05-12,50.40268006,51.6162608,50.21672977,51.13669968,8634700
2025-05-13,50.95075102,52.26219958,50.42225598,51.91965485,6548800
2025-05-14,52.11539636,52.99622145,51.61626463,51.88050842,5922900
2025-05-15,52.06645978,52.93749581,51.81199755,52.67324829,4339800
2025-05-16,52.7417571,52.84941391,51.89029537,52.52644348,5857100
2025-05-19,52.38942686,52.44814977,51.77285305,52.05667114,2988200
2025-05-20,52.05666911,52.08603243,51.59668603,51.89029312,2585200
2025-05-21,51.61626126,52.28176895,51.48903015,52.07624435,9223100
2025-05-22,51.99795196,52.70260827,51.62604763,52.05667114,5871800
2025-05-23,52.15454393,52.54601883,51.32265275,51.83157349,3253300
2025-05-26,51.96858562,51.96858562,50.95074796,51.63582993,2931100
2025-05-27,51.39116047,51.47924298,49.8154681,50.21673203,14854900
2025-05-28,50.10907757,50.93117976,49.97206116,49.97206116,4793300
2025-05-29,49.90354891,50.32438339,49.18909986,49.502285,8144300
2025-05-30,49.5316463,49.6001545,48.29849121,48.59210205,10637600
2025-06-02,48.88570922,49.18910161,48.38657377,48.5235939,7892100
2025-06-03,48.45507874,49.95248126,48.44529346,49.32611847,7827500
2025-06-04,49.33590463,49.42398713,48.59209973,48.69975281,7379100
2025-06-05,51.59668884,52.01752707,49.6295141,51.77285385,21243900
2025-06-06,52.01752882,53.28003981,51.87072339,52.28177261,10829500
2025-06-09,52.25241241,52.73197356,52.0468878,52.42857742,3440700
2025-06-10,52.5264416,52.66346173,52.04688421,52.15454102,4026600
2025-06-11,52.36006358,52.77111275,51.5966844,51.85114288,4268000
2025-06-12,51.39115775,52.06645818,51.01925717,51.82178497,4865700
2025-06-13,53.28003609,54.23915461,52.820053,52.9570694,10362600
2025-06-16,53.18217202,53.46599385,52.66346598,53.09408951,6625900
2025-06-17,52.77111239,53.06472321,51.38137045,51.51838684,5758300
2025-06-18,51.57711187,52.06645828,51.38137256,51.68476868,3637000
2025-06-20,51.39116004,51.84136159,50.76479721,50.76479721,5138900
2025-06-23,50.59842023,50.97032455,50.30481313,50.64735413,4809100
2025-06-24,50.9605338,51.0486163,50.60820379,50.74522018,5673000
2025-06-25,50.52991114,51.03883185,50.31459753,50.39289474,3992800
2025-06-26,50.37332143,51.00946953,50.34395811,50.51033783,7744900
2025-06-27,50.27544858,50.422254,49.73716828,50.0601387,4123800
2025-06-30,49.95248615,50.29502717,49.64909001,50.11886215,6046600
2025-07-01,50.53969791,50.55927222,49.43377395,49.75674438,3815800
2025-07-02,49.65887441,50.63756721,49.6393001,50.60820389,7066900
2025-07-03,50.60820751,51.19542548,50.30481511,50.95075226,3505400
2025-07-04,50.95075068,51.14648626,50.59842066,50.84309387,1260600
2025-07-07,50.8039475,50.8039475,49.92312241,49.92312241,2836800
2025-07-08,50.08949895,50.08949895,49.60993782,49.84482574,2400900
2025-07-09,49.68823674,49.79589355,48.74869249,48.93464279,3631300
2025-07-10,48.12232653,49.63930347,48.10275596,48.78783798,8351700
2025-07-11,48.78783529,49.03250849,48.49422819,48.83677292,3331300
2025-07-14,48.77805105,49.31633136,48.37678713,48.88570786,3608500
2025-07-15,49.03250971,49.63930196,48.68996871,49.42398834,4601200
2025-07-16,49.37505336,49.57079267,48.94442613,49.44356155,4952100
2025-07-17,49.52185613,49.88397517,49.07165832,49.42398834,3191600
2025-07-18,49.16953141,49.66866313,49.10101948,49.53164673,7229900
2025-07-21,49.64908638,50.35374641,49.4827104,49.91333389,3868300
2025-07-22,50.25587578,50.4222555,49.91333478,50.16779327,4187500
2025-07-23,49.8937602,50.98989512,49.8937602,50.64735413,2640500
2025-07-24,50.55927397,50.7745876,50.29502644,50.40268326,2364100
2025-07-25,50.27545035,51.6358328,50.27545035,51.44988251,4313800
2025-07-28,51.46945713,51.60647353,50.86266861,51.03883362,3433200
2025-07-29,51.0486163,51.11712449,50.5984185,50.74522018,2336400
2025-07-30,50.84309643,51.95880572,49.86440354,51.06819534,8802400
2025-07-31,51.27371781,51.69455604,50.49076428,51.03883362,5256000
2025-08-01,51.16605687,51.47923826,50.37331812,50.63756561,6867800
2025-08-04,51.068193,51.068193,49.2086751,49.68823624,5618100
2025-08-05,49.89376127,50.060141,49.27718372,49.88397598,2033300
2025-08-06,50.1677963,50.59842357,49.68823887,50.52012634,3581100
2025-08-07,51.83157324,53.63236826,51.54775142,52.98643112,10788500
2025-08-08,53.02557841,54.10213904,52.39921559,53.41705704,5482500
2025-08-11,53.19195527,53.29961208,52.32091923,52.92771149,3457600
2025-08-12,52.89834758,53.387694,52.45793505,52.93749619,3852700
2025-08-13,52.96685703,53.05493954,52.4775106,52.71239853,3160200
2025-08-14,52.56559414,52.91792418,52.33070994,52.76133347,1838100
2025-08-15,52.67324866,53.50513608,52.09581973,52.19369125,5954500
2025-08-18,51.93923108,52.33070973,51.32265352,51.47924423,6656100
2025-08-19,51.21500069,51.93923134,51.08776957,51.88050842,5430200
2025-08-20,51.78263502,52.08603113,51.27371433,51.37158585,2604900
2025-08-21,51.37158864,51.41073352,50.90181279,51.18563461,1905800
2025-08-22,52.35028106,52.74175595,51.89029424,52.61452484,5248500
2025-08-25,52.67324801,52.82983872,52.15454201,52.2719841,2604200
2025-08-26,52.07624312,52.40899882,51.48902893,51.48902893,3907200
2025-08-27,51.4890276,51.9294401,51.4009451,51.85114288,2707100
2025-08-28,52.16432496,52.16432496,51.57711078,51.70434189,3254300
2025-08-29,51.72391816,52.0958225,51.31286893,51.33244324,4318500
2025-09-01,51.46945791,51.60647431,50.74522354,51.4303093,1853600
2025-09-02,51.38137612,51.86093728,51.1171286,51.14648819,2160200
2025-09-03,51.33243919,52.52644189,50.60820486,50.86266708,4176100
2025-09-04,50.9605361,51.08776721,50.31459897,50.56905746,3848400
2025-09-05,50.83330648,51.06819441,49.7861054,50.88224411,4145500
2025-09-08,50.99968476,51.08776726,50.22651651,50.50054932,5668300
2025-09-09,50.72565015,51.28350475,50.31459723,50.80394363,4768100
2025-09-10,50.82351807,50.82351807,49.71759415,49.71759415,5697800
2025-09-11,50.03077617,50.45161438,49.75674337,50.45161438,4438400
2025-09-12,50.35374734,50.44182984,49.35548019,49.35548019,4190400
2025-09-15,49.60015335,49.60993864,49.14016652,49.42398834,3698800
2025-09-16,49.61972918,50.06014172,49.31633305,49.60015488,3768300
2025-09-17,49.66866241,50.12864925,49.25761321,49.81546783,4711400
2025-09-18,49.93290781,49.9426931,49.10101668,49.649086,3944000
2025-09-19,49.82525226,50.06992547,49.39462875,49.42398834,6515100
2025-09-22,49.47291902,49.66865832,49.17931193,49.27717972,6973500
2025-09-23,49.48270877,49.98184045,49.06187057,49.06187057,3438200
2025-09-24,49.18910024,49.26739746,48.46486964,48.88570786,6218100
2025-09-25,48.95421535,49.60015246,48.63124492,49.16952896,7714900
2025-09-26,49.22824586,49.28696877,48.35720988,48.39635849,3803300
2025-09-29,48.69975483,48.69975483,47.66234279,48.1223259,4990200
2025-09-30,48.39636041,48.83677292,47.8580801,48.83677292,7034700
2025-10-01,48.68996801,49.32611984,48.61167079,48.82698441,2888900
2025-10-02,48.80740995,49.18909955,48.46486896,49.03250885,5306000
2025-10-03,49.04229916,50.0503516,48.79762595,49.61972809,5529000
2025-10-06,49.56100262,49.70780803,48.25934314,48.44529343,4504200
2025-10-07,48.37678449,48.93463907,47.82871519,47.84828949,7097600
2025-10-08,47.84829464,47.98531105,46.79130826,46.81088257,9745300
2025-10-09,46.95768045,47.28065087,46.50748266,46.67385864,3182900
2025-10-10,46.78151839,47.75042597,46.78151839,47.16320801,5447200
2025-10-13,47.31000851,47.51553309,47.04576101,47.1827774,3707800
2025-10-14,47.07512133,47.38830272,46.92831965,46.96746826,3933100
2025-10-15,46.96747286,47.13384885,46.22366418,46.61514282,8159100
2025-10-16,46.39982742,46.90874814,46.24323671,46.78151703,3663700
2025-10-17,47.02619204,47.03598106,46.4879117,46.61514282,4198600
2025-10-20,46.58577886,46.9772575,46.44876245,46.69343567,3992100
2025-10-21,46.75215601,46.83044949,46.2628096,46.4683342,3010100
2025-10-22,46.42918678,47.31001183,46.42918678,47.19256973,3648800
2025-10-23,47.31000985,47.70148846,47.18277874,47.63297653,2825900
2025-10-24,47.81893355,48.39636249,47.65255383,48.05381775,4135300
2025-10-27,48.15168495,48.37678383,47.64276426,48.06360245,3245700
2025-10-28,48.17126231,48.66060872,47.82871758,48.41593552,3496900
2025-10-29,48.47465598,48.47465598,47.76999966,48.05381775,4542100
2025-10-30,47.80914427,48.36699889,47.65255356,47.65255356,3990900
2025-10-31,47.8385042,48.04402879,47.1827781,47.84828949,4902400
2025-11-03,47.94616066,47.94616066,47.33936845,47.51553345,3806500
2025-11-04,47.51553564,48.62145958,47.43724216,48.35721207,4515200
2025-11-05,48.35721353,48.69975453,47.7797846,47.85808182,4568500
2025-11-06,47.87765475,48.1516913,47.21214701,47.61341095,5485600
2025-11-07,46.98704009,47.44702691,46.34110299,46.60535049,7965500
2025-11-10,46.88917349,46.9283221,45.48964244,45.70495605,10687100
2025-11-11,45.70495667,45.98877849,45.49943206,45.55815125,6817600
2025-11-12,45.56794036,47.19257034,45.47985786,47.04576492,10555800
2025-11-13,47.12406187,47.33937175,46.29217071,46.64450073,6230700
2025-11-14,46.67386163,46.89896055,46.14537032,46.35089493,5721700
2025-11-17,46.35089309,47.46660233,46.13557948,47.46660233,10502800
2025-11-18,47.33937334,47.53511266,47.07512582,47.49596405,4257100
2025-11-19,47.31979487,47.96573197,47.27086098,47.3002243,5621100
2025-11-21,47.30022921,47.66234454,47.07512656,47.28065491,7107700
2025-11-24,47.34916221,47.36873651,46.76194424,46.95768356,5621600
2025-11-25,47.12406176,47.12406176,46.42918701,46.78151703,3589100
2025-11-26,46.78151756,47.447029,46.68364977,46.84024048,6595400
2025-11-27,46.75215829,47.17299652,46.75215829,47.17299652,2157700
2025-11-28,47.16320739,47.16320739,46.52705928,46.56620789,4286300
2025-12-01,46.575991,46.6934331,46.3117435,46.4683342,3695500
2025-12-02,46.55641897,47.36873584,46.52705938,47.17299652,4973900
2025-12-03,47.3589474,47.99509926,47.2415053,47.90701675,5420400
2025-12-04,48.05381643,48.53337756,47.87765142,48.48444366,6693600
2025-12-05,48.72911732,50.41246647,48.45508079,49.42398834,13131800
2025-12-08,49.42398676,49.76652775,48.84655786,49.31632996,5010700
2025-12-09,49.32611951,50.61799373,49.05208298,49.37505341,8909400
2025-12-10,49.47292252,50.56905746,48.95421651,50.56905746,6366100
2025-12-11,50.18736715,50.59842008,47.86786619,48.41593552,21574100
2025-12-12,50.18736686,50.59841979,47.64276701,48.01467133,5822700
2025-12-15,48.19083651,48.19083651,47.07512355,47.67212677,5696600
2025-12-16,47.67213042,48.31806758,47.4666058,47.87765503,5795200
2025-12-17,47.79935564,48.77804842,47.79935564,48.72911453,9610900
2025-12-18,49.07165807,51.88050545,48.80741055,51.52817917,15098200
2025-12-19,51.28479309,52.50466662,51.28479309,51.31478882,13244300
2025-12-22,51.19480133,52.05471461,50.98482357,51.19480133,9456900
2025-12-23,50.99482083,51.74474466,49.9349271,51.49477005,12965900
2025-12-26,51.52476499,51.84473218,51.23479734,51.67475128,2858800
2025-12-29,51.60475693,51.84473041,51.35478234,51.54476166,3315700
2025-12-30,51.43477351,51.66474969,51.23479687,51.44477463,4309500
2026-01-02,51.40477847,52.10470814,51.28479173,51.86473083,5570600
2026-01-05,51.93472209,52.23469466,50.42487717,50.42487717,4947400
2026-01-06,50.55486762,50.99482157,49.93492782,50.22489929,5153600
2026-01-07,50.15490395,50.62485742,49.87493362,49.93492508,8357300
2026-01-08,49.83493733,49.87493418,49.02501823,49.56496429,5838000
2026-01-09,49.8149382,51.19479907,49.54496518,50.98482132,5611100
2026-01-12,50.94482756,52.21469907,50.80484238,52.10470963,3415500
2026-01-13,51.66475197,52.12470817,51.1248097,51.50476837,3687900
2026-01-14,51.57476314,52.16469955,51.43477415,52.16469955,3105400
2026-01-15,52.17469989,52.64465336,51.73474595,52.34468079,2979700
2026-01-16,52.30468786,52.43467191,51.01481798,51.59475708,9115800
2026-01-19,51.07481197,51.92472408,50.94482411,51.84473038,6916100
2026-01-20,52.25469122,52.25469122,50.74484624,51.34478378,2497900
2026-01-21,51.53476553,52.29468665,51.2747898,52.19469833,4956800
2026-01-22,52.32468518,53.53456133,51.94472272,52.1846962,7235500
2026-01-23,52.1946996,52.6846477,51.14480699,52.24469376,9275500
2026-01-26,52.12470531,52.4446725,51.59475656,51.66474915,5078400
2026-01-27,52.03471668,52.4446749,50.90483036,51.27479172,6546700
2026-01-28,51.44477559,52.08470999,50.9648248,51.75474167,5163100
2026-01-29,51.79473894,51.79473894,49.23500135,49.3549881,9287200
2026-01-30,49.3849846,50.7248487,48.9150311,49.32499313,12105400
2026-02-02,49.41497942,49.61495987,48.54506884,48.71505356,5900300
2026-02-03,48.97502491,49.60496199,48.76504715,49.08501434,7575300
2026-02-04,49.06501433,49.72494712,48.34508626,49.59495926,8209700
2026-02-05,49.97492212,50.89483064,49.63495651,50.42487717,8133900
2026-02-06,50.5148677,51.0148169,50.00491738,50.19490051,6225900
2026-02-09,50.1449077,51.33478546,50.13490658,51.33478546,5552500
2026-02-10,51.39478129,52.07471253,51.04481454,51.11480713,3513400
2026-02-11,52.99461833,57.93411535,52.89463001,57.92411804,27708000
2026-02-12,58.09409711,58.67404003,56.82422947,58.2440834,11352900
2026-02-13,58.19409075,58.80402942,57.31417905,58.33407593,12831100
2026-02-18,58.4340629,58.4340629,56.76423435,57.19419098,5734300
2026-02-19,57.13419622,57.82412858,56.88422161,57.12419891,3902400
2026-02-20,57.12419819,57.12419819,56.03430875,56.85422516,5820100
2026-02-23,56.85422412,56.99420929,56.21428975,56.99420929,4529000
2026-02-24,57.27417991,58.84402012,56.99420958,58.5740509,8659900
2026-02-25,58.71403805,59.3139756,58.06410254,58.89402008,11432400
2026-02-26,58.90401788,59.64394442,58.3640718,58.97401047,6986000
2026-02-27,58.77402968,59.1139953,57.90411909,57.99411011,5319700
2026-03-02,58.29407734,58.67403981,57.40416835,58.05410385,5090800
2026-03-03,57.51415765,58.41406394,56.45426395,57.26418304,9151000
2026-03-04,57.20418968,57.39417283,55.58435525,56.4942627,5629100
2026-03-05,56.63424542,57.13419462,55.53435869,55.7943306,4996300
2026-03-06,55.73434132,56.07430695,54.50446287,54.91442108,5010600
2026-03-09,54.53446168,55.24438865,53.89452729,54.79443359,5612500
2026-03-10,54.99441517,56.02430936,54.71444483,55.59435272,4071000
2026-03-11,55.16439365,55.16439365,54.54445771,54.89442444,2350800
2026-03-12,54.00451133,54.55445851,53.10460505,53.46456909,4895800
2026-03-13,53.41457164,53.76453837,53.08460714,53.39457703,3469600
2026-03-16,53.31458463,53.98451857,52.91462373,53.14460373,3456200
2026-03-17,53.19459764,54.09450395,52.85463202,53.10460663,6523600
2026-03-18,52.86463069,53.6545514,52.34468304,52.55466461,8819400
2026-03-19,52.10470826,52.49466804,50.96482465,51.11480713,8891500
2026-03-20,51.01481871,51.11480703,49.56496521,50.17490387,12549400
2026-03-23,50.50486963,51.78474226,50.09491142,51.61475754,5039000
2026-03-24,51.61475762,51.61475762,50.31489038,51.16480255,3422300
2026-03-25,51.96472099,52.0647093,51.0648109,51.39477921,5053700
2026-03-26,51.39477928,51.54476175,50.52486493,50.79483795,2985400
2026-03-27,50.51486919,51.17480201,50.31488874,50.43487549,5543500
2026-03-30,50.74484612,50.91482703,50.10491173,50.55486679,2994100
2026-03-31,50.81483749,52.07471164,50.63485547,51.89472961,6309900
2026-04-01,51.99471816,52.32468647,51.72474512,52.08470917,4289500
2026-04-02,51.37478213,51.69474932,50.49487045,50.84483337,4370400
2026-04-06,50.90482754,50.98482124,49.36498308,49.59495926,5941000
2026-04-07,49.38498384,49.38498384,46.35529275,46.42528534,46567200
2026-04-08,47.01522643,47.57517094,46.44528461,47.33519363,11557300
2026-04-09,47.19520816,48.09511448,47.09521602,47.59516525,7089200
2026-04-10,47.88513396,48.27509373,46.97522657,47.15520859,5970000
2026-04-13,47.19520561,47.79514313,46.91523146,47.79514313,6951400
2026-04-14,47.86513537,48.64505871,47.50517133,48.50506973,11894900
2026-04-15,48.73505318,48.73505318,47.49517739,47.82514572,11085200
2026-04-16,47.96513096,48.14511299,47.4551806,47.52517319,8122800
2026-04-17,48.05512062,48.65505816,47.13521206,47.92513275,8265700
2026-04-20,47.92513099,48.09511189,47.49517437,47.79514313,4213700
2026-04-22,48.02511936,48.57506654,47.32519353,47.34518814,4628200
2026-04-23,47.44518191,47.46518034,46.50527493,46.68525696,7248700
2026-04-24,46.75524973,46.8052477,45.34539307,45.63536453,7909400
2026-04-27,45.69535962,45.82534748,45.25540186,45.29539871,3909400
2026-04-28,45.29539869,45.48538183,44.67546272,45.44538498,6072700
2026-04-29,45.49538002,45.60536946,44.62546943,44.81544876,8755800
2026-04-30,43.63000107,44.5,43.06000137,43.84000015,13209000
2026-05-04,44.02000046,44.09000015,42.45000076,42.58000183,7528500
2026-05-05,42.41999817,43.00999832,42.31000137,42.40000153,7255100
2026-05-06,42.72999954,43.22000122,42.31000137,43.00999832,4354400
2026-05-07,42.97000122,43.56999969,42.81000137,43.29999924,5074000
2026-05-08,43.65999985,43.86000061,43.24000168,43.70000076,3491500
2026-05-11,43.72000122,44.22000122,42.91999817,43.13000107,5046800
2026-05-12,43.0,43.47000122,42.68000031,42.68000031,4526600
2026-05-13,42.70999908,43.34999847,42.15000153,43.0,7129900
2026-05-14,43.29999924,43.45999908,42.59999847,42.61999893,5157300
2026-05-15,42.27000046,43.0,41.70000076,41.70000076,15739400
2026-05-18,41.75999832,42.31999969,41.11999893,41.97000122,5678900
2026-05-19,41.72999954,42.00999832,40.97000122,41.04999924,5073700
2026-05-20,41.40000153,42.61999893,41.20000076,42.20000076,5755500
2026-05-21,42.22000122,42.58000183,41.70000076,42.25999832,3962400
2026-05-22,41.83000183,42.08000183,41.45000076,41.70000076,3386900
2026-05-25,42.09999847,42.09999847,41.38000107,41.40999985,2687700
2026-05-26,41.45000076,41.93000031,40.97000122,41.68000031,14152400
2026-05-27,42.18000031,42.86000061,41.93999863,42.09000015,7296600
2026-05-28,42.31999969,42.49000168,41.61999893,41.68999863,4893500
2026-05-29,41.65000153,41.90999985,41.02999878,41.90999985,13175600
2026-06-01,41.77000046,41.93000031,40.63999939,40.65000153,8283900
2026-06-02,40.81000137,40.90000153,40.16999817,40.43000031,5562100
2026-06-03,40.18000031,41.25,40.18000031,41.22000122,6506600
2026-06-05,41.00999832,42.22000122,41.00999832,41.74000168,7282100
2026-06-08,41.70999908,42.15999985,41.40999985,41.97000122,4563900
2026-06-09,42.09999847,42.38000107,41.88999939,42.04999924,4639400
2026-06-10,42.20000076,42.20000076,41.29000092,41.45000076,4552700
2026-06-11,41.43999863,41.58000183,40.70000076,41.29000092,5413600
2026-06-12,41.0,41.86999893,41.0,41.52000046,3071200
2026-06-15,42.06999969,43.15000153,41.74000168,42.59000015,6046700
2026-06-16,42.49000168,43.04000092,42.36000061,42.93000031,5531400
2026-06-17,42.79999924,43.49000168,42.09999847,42.22999954,6059500
2026-06-18,42.31000137,43.95999908,42.20000076,43.58000183,7443500
2026-06-19,43.81000137,44.36999893,42.99000168,43.22999954,7692900
2026-06-22,43.04000092,43.34999847,42.04000092,42.04000092,4954300
2026-06-23,41.84999847,41.95000076,41.31000137,41.95000076,6635300
2026-06-24,41.90999985,42.20000076,41.31999969,42.20000076,8547200
2026-06-25,42.41999817,42.66999817,41.88999939,42.0,4812000
2026-06-26,41.70999908,41.84999847,39.75,40.11000061,11649400
2026-06-29,40.20000076,40.24000168,39.45999908,39.68000031,5001700
2026-06-30,39.34999847,39.95000076,39.16999817,39.75,8105100
2026-07-01,39.58000183,40.75,39.43000031,40.59000015,6295600
2026-07-02,40.74000168,41.20999908,40.40999985,40.77999878,5759900
2026-07-03,40.56000137,40.99000168,40.56000137,40.79999924,2486300
2026-07-06,40.50999832,40.79000092,40.43999863,40.72000122,3794000
2026-07-07,40.74000168,41.40999985,40.61999893,40.91999817,4913900
2026-07-08,40.72999954,40.97999954,40.09999847,40.83000183,5643200
2026-07-09,40.91999817,41.29000092,40.56000137,41.02999878,4835300
2026-07-10,41.45000076,41.86999893,41.20000076,41.54999924,8082400
2026-07-13,41.70999908,42.04000092,41.33000183,41.49000168,2479300
2026-07-14,41.5,41.65000153,40.84000015,41.11000061,3274800
2026-07-15,41.18999863,41.93000031,40.77000046,41.47999954,4101000
2026-07-16,41.43999863,42.18000031,41.38000107,41.70000076,4338400
2026-07-17,41.58000183,42.61999893,41.40000153,41.93000031,8243300
2026-07-20,41.93000031,42.02999878,41.11000061,41.88999939,4465000
2026-07-21,41.88000107,42.00999832,41.43999863,41.63000107,2360900
2026-07-22,41.86999893,42.68999863,41.65000153,42.65999985,4979400
2026-07-23,42.40999985,42.81999969,41.77999878,42.43000031,2364400
2026-07-24,42.0,42.25,41.63000107,41.84000015,3640600
2026-07-27,41.97999954,42.09999847,41.38000107,41.86999893,4786000
2026-07-28,42.5,43.5,42.29999924,43.09999847,6706000
2026-07-29,43.09000015,43.31000137,42.22999954,42.29999924,11324800
2026-07-30,42.63999939,43.0,42.15000153,42.72999954,3591100
2026-07-31,42.74000168,43.40000153,42.72999954,43.31999969,3411300
2026-08-03,43.54000092,43.68999863,43.0,43.09999847,4829200
2026-08-04,43.52999878,43.70999908,42.41999817,43.02000046,3304700
2026-08-05,43.04000092,43.18000031,42.63999939,42.84000015,5867200
2026-08-06,42.70000076,42.84999847,41.97000122,41.97000122,4341400
2026-08-07,41.93000031,42.04000092,41.13999939,41.70000076,4162900
2026-08-10,41.56999969,41.91999817,41.22000122,41.29000092,2954300
2026-08-11,41.31000137,41.5,40.08000183,40.38000107,6370000
2026-08-12,40.40000153,41.5,40.34999847,41.45000076,7757200
2026-08-13,40.93999863,41.63000107,40.65000153,41.5,7883800
2026-08-14,41.58000183,42.72000122,41.52999878,42.02999878,8240000
2026-08-17,41.99000168,42.13999939,40.45000076,40.58000183,5871700
2026-08-18,40.70000076,41.75999832,40.54000092,41.15999985,9567300
2026-08-19,41.34999847,43.09000015,40.52000046,43.06999969,9315700
2026-08-20,42.70999908,44.65999985,42.70999908,44.15999985,12171300
2026-08-21,44.11999893,45.33000183,44.11999893,44.97000122,13545800
2026-08-24,45.29999924,46.97999954,45.13999939,46.31999969,12157400
2026-08-25,46.45000076,46.56000137,45.99000168,46.34000015,10453800
2026-08-26,46.15999985,46.40999985,45.90999985,46.15000153,7919000
2026-08-27,45.90000153,46.83000183,45.52999878,46.40000153,9329500
2026-08-28,46.88000107,47.18000031,45.99000168,45.99000168,6482600
2026-08-31,46.16999817,46.22999954,45.24000168,45.29999924,6039300
2026-09-01,45.43000031,46.0,45.22000122,45.75999832,4834800
2026-09-02,46.00999832,47.27000046,45.93999863,46.75,7750200
2026-09-03,47.02999878,47.06999969,45.90999985,46.79000092,4246700
2026-09-04,46.86000061,46.97999954,46.36999893,46.88999939,3811100
2026-09-08,47.15000153,47.54000092,46.38999939,47.02999878,7596500
2026-09-09,46.90999985,47.72999954,46.70000076,47.22999954,5344700
2026-09-10,47.27000046,47.66999817,47.27000046,47.65000153,2242000
