date,open,high,low,close,volume
2006-03-09,1.52725255,1.57353294,1.50642632,1.57353294,38459017
2006-03-10,1.56705261,1.71237281,1.56427551,1.61981225,12077951
2006-03-13,1.6429521,1.67766246,1.61981225,1.6383245,3449982
2006-03-14,1.62906818,1.67673743,1.62444074,1.64295232,4530173
2006-03-15,1.64248964,1.67072055,1.62027504,1.66609228,3983298
2006-03-16,1.64295205,1.65683669,1.60361409,1.60361409,1919335
2006-03-17,1.60407766,1.66516711,1.56427606,1.66146493,4224345
2006-03-20,1.64249016,1.68969563,1.60176332,1.67581165,2677126
2006-03-21,1.66609322,1.72162998,1.65220924,1.70311773,6461560
2006-03-22,1.67997723,1.71237347,1.67997723,1.70774519,1813877
2006-03-23,1.70311773,1.71052243,1.64295286,1.70311773,765323
2006-03-24,1.70265432,1.70404254,1.64295243,1.6892333,2874483
2006-03-27,1.68877023,1.68923319,1.64295232,1.64295232,3064307
2006-03-28,1.6424898,1.6424898,1.52725169,1.61981225,10851625
2006-03-29,1.61981225,1.66146435,1.60130001,1.6383245,5064995
2006-03-30,1.63832463,1.66562963,1.61981238,1.66562963,1750602
2006-03-31,1.62444035,1.67534815,1.62444035,1.66609228,4260502
2006-04-03,1.666093,1.73412485,1.65452315,1.71237338,3219481
2006-04-04,1.71237257,1.71237257,1.66609221,1.69848859,1101282
2006-04-05,1.67349691,1.707282,1.66609221,1.69848859,3242079
2006-04-06,1.6980265,1.70589416,1.67997737,1.70311773,195850
2006-04-07,1.70265374,1.7031167,1.68506741,1.69848859,280216
2006-04-10,1.67997659,1.72209148,1.67766246,1.71931505,1821409
2006-04-11,1.71237238,1.72347992,1.70311651,1.71468651,2469223
2006-04-12,1.69432408,1.73088563,1.67534887,1.71237338,5126764
2006-04-13,1.80493321,1.94608877,1.78179352,1.89749444,4156550
2006-04-14,1.89749444,1.89749444,1.89749444,1.89749444,0
2006-04-17,1.8979568,1.9437747,1.89656858,1.9437747,2818741
2006-04-18,1.94423766,1.96691455,1.92526245,1.9437747,1226325
2006-04-19,1.92109724,1.94146066,1.89749444,1.89749444,1764161
2006-04-20,1.86139536,1.89749392,1.83038736,1.87435341,816546
2006-04-21,1.87435341,1.87435341,1.87435341,1.87435341,0
2006-04-24,1.8743539,1.8743539,1.80493319,1.84890008,1411630
2006-04-25,1.81881799,1.85306539,1.81881799,1.84890008,272684
2006-04-26,1.84612359,1.86047053,1.80539674,1.86047053,3281249
2006-04-27,1.84612365,1.86509887,1.81187625,1.85121489,1491477
2006-04-28,1.86463525,1.89749444,1.85121424,1.89749444,1203727
2006-05-01,1.89749444,1.89749444,1.89749444,1.89749444,0
2006-05-02,1.84195771,1.99051797,1.84195771,1.99051797,6229553
2006-05-03,1.9553446,1.9553446,1.87435388,1.93451822,495652
2006-05-04,1.92479929,1.94331154,1.90582492,1.92063415,787921
2006-05-05,1.91600657,1.94377452,1.87898208,1.91600657,634254
2006-05-08,1.89749471,1.90675058,1.88685012,1.88685012,338972
2006-05-09,1.87018905,1.9349815,1.8512145,1.88685012,35612555
2006-05-10,1.90675144,1.99005618,1.90675144,1.90952837,588682808
2006-05-11,1.98079894,1.99005481,1.90675013,1.9669143,148048609
2006-05-12,1.88037048,1.93405604,1.85584175,1.93405604,29475473
2006-05-15,1.85584166,1.90212202,1.8280737,1.90212202,50873409
2006-05-16,1.89286627,1.89286627,1.78179362,1.86741245,49968263
2006-05-17,1.87435411,1.87435411,1.80493339,1.86278427,167715904
2006-05-18,1.85028897,1.8604706,1.81974391,1.85121489,3362602
2006-05-19,1.80493287,1.85584133,1.80493287,1.82807338,1892217
2006-05-22,1.80308179,1.80308179,1.71237258,1.77947915,931043
2006-05-23,1.78225624,1.78225624,1.75217333,1.77947915,16650759
2006-05-24,1.71237293,1.75356257,1.62027532,1.75356257,77568754
2006-05-25,1.66609278,1.74939766,1.66146468,1.6892333,46283094
2006-05-26,1.71237257,1.74939705,1.69848859,1.69848859,110700622
2006-05-29,1.7535619,1.7535619,1.72162865,1.72625625,134082
2006-05-30,1.75865246,1.75865246,1.68923244,1.72625625,62167175
2006-05-31,1.7257944,1.79567809,1.71237338,1.71237338,146091038
2006-06-01,1.79567742,1.8507512,1.79104915,1.79567742,33024285
2006-06-02,1.78179377,1.79151244,1.75865325,1.79104948,27699335
2006-06-05,1.71237261,1.75865281,1.68923277,1.75865281,34949782
2006-06-06,1.666093,1.72162975,1.61981278,1.71237338,17625748
2006-06-07,1.67581182,1.72162974,1.66609298,1.72162974,1899780
2006-06-08,1.66609228,1.66609228,1.57353189,1.66609228,73626283
2006-06-09,1.61981225,1.64063863,1.55964808,1.61981225,6139477
2006-06-12,1.59667231,1.60824299,1.48282253,1.60824299,17114714
2006-06-13,1.50364856,1.50364856,1.41155095,1.48282218,36277935
2006-06-14,1.53187915,1.53187915,1.48097069,1.49254119,8901783
2006-06-15,1.49254119,1.49254119,1.49254119,1.49254119,0
2006-06-16,1.4624584,1.50781333,1.45320269,1.50781333,13439368
2006-06-19,1.49948329,1.49948329,1.38609641,1.45320308,47641860
2006-06-20,1.41802983,1.43422794,1.31204815,1.38609648,53550339
2006-06-21,1.33889037,1.34213042,1.30047765,1.32361817,84329982
2006-06-22,1.31898963,1.34444429,1.27409757,1.31898963,11735709
2006-06-23,1.28659329,1.38794734,1.27270931,1.27409744,111919189
2006-06-26,1.34213028,1.47171535,1.34213028,1.38841057,693009
2006-06-27,1.36989832,1.4046086,1.31898976,1.38841057,18489750
2006-06-28,1.33703907,1.36527007,1.31436226,1.3421303,2282411
2006-06-29,1.3421303,1.45783123,1.3421303,1.3421303,162983914
2006-06-30,1.48097099,1.5267889,1.42080665,1.42080665,46551862
2006-07-03,1.48097125,1.57630877,1.46708727,1.46708727,30063718
2006-07-04,1.5712178,1.6295308,1.55733383,1.55733383,4125832
2006-07-05,1.5966713,1.61934885,1.50411093,1.61472058,17624633
2006-07-06,1.61934924,1.63138204,1.59667169,1.61934924,22355343
2006-07-07,1.61981225,1.6383245,1.59667174,1.61981225,31642785
2006-07-10,1.61934947,1.66146453,1.58278793,1.61055589,18172684
2006-07-11,1.61981257,1.63091946,1.5689041,1.63091946,16985980
2006-07-12,1.61934929,1.66331535,1.55039154,1.61981225,41462023
2006-07-13,1.55039146,1.5957464,1.55039146,1.5957464,5018986
2006-07-14,1.53928454,1.57353194,1.53882158,1.57306898,3737445
2006-07-17,1.48097063,1.56381235,1.48097063,1.51799512,179278
2006-07-18,1.55039169,1.56381271,1.49485495,1.52725184,5262804
2006-07-19,1.54021001,1.55039164,1.52725179,1.54021001,94480266
2006-07-20,1.52771348,1.55039103,1.52725119,1.54992807,189824
2006-07-21,1.5286394,1.54992807,1.48050804,1.54992807,110924193
2006-07-24,1.52678904,1.527252,1.50411165,1.5226239,10697822
2006-07-25,1.52262339,1.52262339,1.50873925,1.51799512,983772
2006-07-26,1.5041115,1.51799547,1.48097098,1.48097098,843663
2006-07-27,1.57121787,1.57121787,1.48791318,1.50411129,2606318
2006-07-28,1.50411129,1.50411129,1.49902006,1.50411129,956654
2006-07-31,1.48883827,1.50411129,1.46245853,1.50411129,5525500
2006-08-01,1.46477347,1.51568196,1.46477347,1.47125292,115442465
2006-08-02,1.52725196,1.56566467,1.48097109,1.49022746,59093722
2006-08-03,1.54576329,1.62027523,1.54576329,1.55039155,8824346
2006-08-04,1.59667264,1.61518489,1.55779695,1.57353294,33495893
2006-08-07,1.59667158,1.61981209,1.59204414,1.59667158,16330935
2006-08-08,1.59667174,1.64989434,1.57353205,1.61981225,11338148
2006-08-09,1.63832466,1.63832466,1.56844098,1.63323343,1562450
2006-08-10,1.55039186,1.62490316,1.55039186,1.56844115,36218622
2006-08-11,1.62490282,1.65683674,1.61981225,1.6383245,1110321
2006-08-14,1.61981225,1.6383245,1.61055572,1.6383245,26584509
2006-08-15,1.62906751,1.67534786,1.59250615,1.62490237,44179931
2006-08-16,1.66192738,1.6753484,1.65683682,1.6753484,2220854
2006-08-17,1.66609233,1.75356232,1.66609233,1.66655529,63306467
2006-08-18,1.71191042,1.73551373,1.68923352,1.71237338,10702613
2006-08-21,1.73551381,1.74476968,1.66609307,1.73551381,6634346
2006-08-22,1.62906779,1.75865283,1.62906779,1.66609228,12669480
2006-08-23,1.72625625,1.72625625,1.61934879,1.72625625,27213596
2006-08-24,1.65267126,1.67534815,1.62490265,1.66609228,1935907
2006-08-25,1.67766228,1.71190968,1.59667157,1.66609228,125183693
2006-08-28,1.66609295,1.73551368,1.64804366,1.71191037,58297786
2006-08-29,1.71237345,1.75865366,1.71237345,1.73551381,3575326
2006-08-30,1.73088522,1.7817937,1.71468711,1.73597562,11444465
2006-08-31,1.76790905,1.85121372,1.76790905,1.76790905,87147834
2006-09-01,1.83686696,1.85121389,1.77716492,1.82807338,35690730
2006-09-04,1.85075175,1.8743544,1.82344592,1.82344592,25108579
2006-09-05,1.85121405,1.85121405,1.79567732,1.84843695,25104798
2006-09-06,1.76790947,1.8165038,1.74476896,1.79567742,23006003
2006-09-07,1.79567742,1.79567742,1.79567742,1.79567742,0
2006-09-08,1.84658573,1.89749419,1.81650364,1.81650364,12550779
2006-09-11,1.82807367,1.83964351,1.82807367,1.82853663,170239
2006-09-12,1.82807379,1.82807379,1.78179359,1.78179359,369102
2006-09-13,1.80493352,1.80539648,1.71237311,1.80030608,227487
2006-09-14,1.75911577,1.77114857,1.7493971,1.75865281,510717
2006-09-15,1.75865308,1.78179359,1.75865308,1.78179359,435390
2006-09-18,1.77253757,1.78179411,1.71237338,1.71237338,313360
2006-09-19,1.73181057,1.74476862,1.73181057,1.74476862,299801
2006-09-20,1.73597587,1.84658641,1.71237322,1.7632817,949121
2006-09-21,1.73597587,1.84658641,1.71237322,1.7632817,949121
2006-09-22,1.72162982,1.75865366,1.71931569,1.73551381,109977
2006-09-25,1.71237249,1.82807338,1.71237249,1.82807338,301308
2006-09-26,1.71237249,1.82807338,1.71237249,1.82807338,301308
2006-09-27,1.82576023,1.87435458,1.82576023,1.85121489,605630
2006-09-28,1.8049334,1.85954422,1.8049334,1.85584188,548381
2006-09-29,1.86093338,1.91970952,1.86093338,1.9067508,815039
2006-10-02,1.89518037,1.97987327,1.89518037,1.9437747,522770
2006-10-03,1.90212289,1.9391474,1.90212289,1.93683326,570979
2006-10-04,1.89749517,1.9854275,1.89749517,1.9854275,1464359
2006-10-05,1.98542645,2.0826151,1.98542645,2.05947542,1893723
2006-10-06,2.03679787,2.07659879,2.03633491,2.05947542,213929
2006-10-09,2.05947662,2.05947662,1.99144409,1.99514711,150654
2006-10-10,2.01319578,2.03633547,2.01319578,2.03633547,3489152
2006-10-11,2.05901303,2.05901303,2.00393924,2.03633547,293775
2006-10-12,2.03633547,2.03633547,2.03633547,2.03633547,0
2006-10-13,2.03633547,2.0386496,2.0317072,2.03633547,1059099
2006-10-16,2.08169055,2.08169055,1.98079936,2.01319575,1072658
2006-10-17,1.99005545,2.07752547,1.96691493,2.0354104,1780733
2006-10-18,2.03541021,2.07752527,2.00625338,2.03633547,813532
2006-10-19,2.03864957,2.04096371,2.01319575,2.01319575,144628
2006-10-20,2.03540996,2.03540996,1.98079914,1.99051797,126549
2006-10-23,1.99005514,2.10344192,1.99005514,2.09603739,262138
2006-10-24,2.0965003,2.14972292,2.096038,2.11362433,599603
2006-10-25,2.12889581,2.17286254,2.10621892,2.12935877,492639
2006-10-26,2.1293587,2.15203609,2.06919436,2.08261538,1554751
2006-10-27,2.08261514,2.12935846,2.02476511,2.04188848,161200
2006-10-30,2.01319578,2.12843375,1.99005526,2.03633547,1060605
2006-10-31,2.04142679,2.12426853,2.04142679,2.12426853,390194
2006-11-01,2.12797074,2.17517686,2.12380543,2.17517686,1128400
2006-11-02,2.17517686,2.17517686,2.17517686,2.17517686,0
2006-11-03,2.17054855,2.26773739,2.17054855,2.23348999,442923
2006-11-06,2.26033293,2.26773763,2.17471409,2.17471409,751764
2006-11-07,2.17563996,2.19831753,2.16823543,2.19831753,564953
2006-11-08,2.1983169,2.1983169,2.12889618,2.17471409,558927
2006-11-09,2.19137459,2.19831633,2.17980409,2.17980409,399233
2006-11-10,2.12889574,2.12889574,2.05993865,2.08261538,786415
2006-11-13,2.08724263,2.11454844,1.99699624,2.01273155,2833806
2006-11-14,2.01319523,2.05947542,2.01319523,2.05947542,1349862
2006-11-15,2.05947542,2.05947542,2.05947542,2.05947542,0
2006-11-16,2.11964026,2.11964026,2.06873178,2.06873178,3311380
2006-11-17,2.11501183,2.11501183,2.08261544,2.09187198,1303159
2006-11-20,2.09187198,2.09187198,2.09187198,2.09187198,0
2006-11-21,2.09187226,2.16823472,2.09187226,2.16129231,257618
2006-11-22,2.16129194,2.2122004,2.16129194,2.2122004,381155
2006-11-23,2.21220045,2.21220045,2.19785351,2.20988631,144628
2006-11-24,2.20525861,2.20525861,2.1427803,2.1427803,1238377
2006-11-27,2.15203615,2.15203615,2.09187198,2.09187198,123536
2006-11-28,2.12889545,2.12889545,2.0363349,2.03818607,1663222
2006-11-29,2.08030184,2.17841644,2.08030184,2.17795348,272684
2006-11-30,2.19831729,2.33669581,2.13352483,2.33576989,937069
2006-12-01,2.227937,2.28162191,2.17563963,2.21868062,1782239
2006-12-04,2.22145661,2.22145661,2.17425034,2.21682835,396220
2006-12-05,2.22145722,2.23996947,2.11964011,2.11964011,683970
2006-12-06,2.11269812,2.17517711,2.10112811,2.12843394,357050
2006-12-07,2.19368896,2.19368896,2.07012035,2.08169103,30612943
2006-12-08,2.09140872,2.09140872,1.99005476,2.03864908,2995006
2006-12-11,2.0826154,2.20988631,2.06410315,2.12889576,1696366
2006-12-12,2.13815251,2.19831686,2.10575628,2.12426853,742725
2006-12-13,2.15203615,2.15203615,2.09187198,2.09187198,1093749
2006-12-14,2.12889526,2.12889526,2.05993819,2.05993819,180785
2006-12-15,2.06873169,2.14278069,1.99005526,2.03633547,628228
2006-12-18,2.05947556,2.08261524,2.05947556,2.0710454,271177
2006-12-19,2.05484749,2.06873147,2.03587228,2.04512882,575499
2006-12-20,2.05484749,2.06873147,2.03587228,2.04512882,577005
2006-12-21,2.01782322,2.06410342,1.96691475,2.03633547,1610493
2006-12-22,2.04605365,2.08122696,1.99051759,2.0613265,682463
2006-12-26,2.06132702,2.1288959,2.06132702,2.10575604,408273
2006-12-27,2.10575589,2.12889574,2.08261538,2.08261538,1425189
2006-12-28,2.14833373,2.19831627,2.11038399,2.18859744,1789772
2007-01-02,2.18443346,2.18443346,2.13861604,2.18443346,934056
2007-01-03,2.1821181,2.3140171,2.1821181,2.26773691,1792785
2007-01-04,2.26773691,2.26773691,2.24413411,2.26773691,1735536
2007-01-05,2.2677368,2.2677368,2.1983161,2.21682835,260631
2007-01-08,2.22145723,2.26773743,2.12889599,2.17517686,488119
2007-01-09,2.11501174,2.11963984,2.08261535,2.1126976,2702737
2007-01-10,2.05021902,2.15203595,2.05021902,2.15203595,84366
2007-01-11,2.15157299,2.17517646,2.1288956,2.15203595,1093749
2007-01-12,2.12889576,2.15203611,2.11501178,2.12889576,358557
2007-01-15,2.12426816,2.12982168,2.0826154,2.12889576,549888
2007-01-16,2.12843346,2.12889576,2.11963989,2.12889576,427858
2007-01-17,2.12889548,2.19368792,2.12889548,2.19368792,944602
2007-01-18,2.17980442,2.28624964,2.17980442,2.28624964,212422
2007-01-19,2.28578649,2.28624945,2.221457,2.221457,1200714
2007-01-22,2.24691105,2.24691105,2.12935895,2.17517686,815039
2007-01-23,2.22099404,2.221457,2.15203613,2.221457,1306172
2007-01-24,2.21636578,2.2677372,2.21636578,2.221457,2270359
2007-01-26,2.20988665,2.22145733,2.16129231,2.16129231,165719
2007-01-29,2.16592049,2.21729192,2.16129222,2.17517686,2451144
2007-01-30,2.16592049,2.21729192,2.16129222,2.17517686,2451144
2007-01-31,2.19831722,2.28856434,2.19831722,2.26310968,1132919
2007-02-01,2.31401729,2.31401729,2.26727413,2.2769928,293775
2007-02-02,2.26773733,2.26773733,2.24135742,2.25801849,126549
2007-02-05,2.29087775,2.30013346,2.23580397,2.24459672,894886
2007-02-06,2.24459672,2.2584807,2.24459672,2.24459672,1566804
2007-02-07,2.2445965,2.33576884,2.2445965,2.33438063,925017
2007-02-08,2.31401717,2.45609797,2.31401717,2.38343787,1502022
2007-02-09,2.45285858,2.49913894,2.36029753,2.38343787,1372460
2007-02-12,2.3834383,2.3834383,2.26820034,2.31170344,373622
2007-02-13,2.40657772,2.40657772,2.31401717,2.38343787,272684
2007-02-14,2.40657772,2.40657772,2.31401717,2.38343787,272684
2007-02-15,2.4343465,2.5916995,2.4343465,2.54079103,1724991
2007-02-16,2.54541885,2.73053977,2.50839436,2.56855869,1687327
2007-02-21,2.56855955,2.56855955,2.54541969,2.54541969,143121
2007-02-22,2.53153595,2.58244443,2.45285935,2.58244443,212422
2007-02-23,2.536163,2.54403132,2.46442898,2.50376678,414299
2007-02-26,2.49589924,2.54079122,2.4621148,2.52181602,1706912
2007-02-27,2.49589958,2.54079158,2.46211514,2.49775076,1708419
2007-02-28,2.3602972,2.45285824,2.3602972,2.3602972,1114841
2007-03-01,2.35983493,2.40611596,2.26820044,2.3371582,992811
2007-03-02,2.29087861,2.33253055,2.26773808,2.31448126,1485450
2007-03-05,2.27051537,2.36029888,2.19831753,2.19831753,1414643
2007-03-06,2.26310912,2.31401759,2.26310912,2.28624964,1373966
2007-03-07,2.35566978,2.35566978,2.29087734,2.29087734,225981
2007-03-08,2.31309224,2.45285892,2.31309224,2.45285892,1703899
2007-03-09,2.31309224,2.45285892,2.31309224,2.45285892,1703899
2007-03-12,2.64260851,2.64260851,2.59170003,2.61252642,143121
2007-03-13,2.53616315,2.61484041,2.4713707,2.54541969,464015
2007-03-14,2.53061029,2.59123744,2.53061029,2.58707213,125043
2007-03-15,2.59169961,2.59169961,2.53616287,2.58198094,12052
2007-03-16,2.59169907,2.59169907,2.50608026,2.54449296,67794
2007-03-19,2.5338497,2.54541954,2.49451107,2.50376678,317880
2007-03-20,2.50376627,2.56578244,2.45239551,2.49913883,518250
2007-03-21,2.54079136,2.54079136,2.47599891,2.53616309,1322744
2007-03-22,2.5916999,2.5916999,2.54541969,2.54541969,592071
2007-03-23,2.5912372,2.66112089,2.57781618,2.66112089,1004863
2007-03-26,2.68426043,2.68426043,2.59169985,2.63798022,96418
2007-03-27,2.68426076,2.68426076,2.59170018,2.61437774,429364
2007-03-28,2.63566665,2.63566665,2.53153621,2.58707213,372115
2007-03-29,2.59169999,2.63798036,2.56069198,2.5810554,471547
2007-03-30,2.54541969,2.54541969,2.52459331,2.54541969,1242897
2007-04-02,2.65186434,2.65186434,2.52227926,2.52227926,275697
2007-04-03,2.56531948,2.56531948,2.49913883,2.49913883,721633
2007-04-04,2.59169984,2.61484035,2.54541963,2.57318759,2152849
2007-04-05,2.63288893,2.63288893,2.55097247,2.60095501,620695
2007-04-09,2.63751769,2.63798065,2.62641064,2.63751769,899405
2007-04-10,2.63798027,2.72961542,2.54541969,2.56393194,1384512
2007-04-11,2.53153515,2.63751672,2.5088576,2.53153515,1643637
2007-04-12,2.53153452,2.53616196,2.50839401,2.52690625,153667
2007-04-13,2.53384985,2.58198123,2.52922158,2.54541969,483600
2007-04-16,2.54541978,2.55930376,2.49913958,2.52227926,925017
2007-04-17,2.52227917,2.52227917,2.49913949,2.5083952,473054
2007-04-18,2.50839455,2.50839455,2.42971814,2.45100665,224474
2007-04-19,2.40657825,2.41675988,2.38806667,2.405653,3695548
2007-04-20,2.4537841,2.47599869,2.44128833,2.44545364,1651170
2007-04-23,2.44545441,2.45285961,2.4412891,2.44591737,2282411
2007-04-24,2.44360264,2.49404815,2.44360264,2.46720529,1021435
2007-04-25,2.46766867,2.559304,2.46766867,2.559304,149147
2007-04-26,2.56809721,2.63798022,2.55930363,2.63798022,896392
2007-04-27,2.63612955,2.6819468,2.63612955,2.67917037,656852
2007-04-30,2.63751734,2.73239255,2.63751734,2.73239255,769843
2007-05-02,2.73054,2.77682102,2.63797961,2.68888807,2547563
2007-05-03,2.73054,2.77682102,2.63797961,2.68888807,2651514
2007-05-04,2.68888888,2.69583112,2.66112075,2.68426061,670411
2007-05-07,2.64168188,2.68425989,2.62131863,2.6837976,491132
2007-05-08,2.679633,2.70693817,2.67083959,2.68426061,1300146
2007-05-09,2.679633,2.70693817,2.67083959,2.68426061,1300146
2007-05-10,2.77682155,2.82310175,2.73054051,2.73054051,766830
2007-05-11,2.78144935,2.91288544,2.78144935,2.82356524,433884
2007-05-14,2.81847319,2.82078749,2.81384492,2.81384492,284736
2007-05-15,2.79996107,2.79996107,2.73054019,2.75368071,1102789
2007-05-16,2.75368136,2.84577964,2.75368136,2.76293707,364583
2007-05-17,2.73285433,2.75368071,2.73146611,2.75368071,238033
2007-05-18,2.7536811,2.86706788,2.7536811,2.77682161,548381
2007-05-21,2.78607756,2.78607756,2.68426061,2.68426061,281723
2007-05-22,2.68472357,2.68472357,2.67037663,2.68426061,250086
2007-05-23,2.68426069,2.77219367,2.68426069,2.77219367,2802169
2007-05-24,2.76756501,2.76756501,2.73054051,2.73054051,307334
2007-05-25,2.70740089,2.77682161,2.70740089,2.77682161,106964
2007-05-28,2.77682166,2.84577942,2.77682166,2.84577942,224474
2007-05-29,2.83605978,2.84624124,2.80458947,2.84624124,364583
2007-05-30,2.84531611,2.96194245,2.84161409,2.95222378,283229
2007-05-31,2.94343189,3.14706588,2.91566359,3.14706588,287749
2007-06-01,3.1239239,3.12438702,3.00822314,3.03136349,2035338
2007-06-04,3.00868634,3.00868634,2.89483641,2.89622545,867768
2007-06-05,2.87169642,2.87169642,2.79996172,2.80921793,26112901
2007-06-06,2.86614189,2.86614189,2.72128481,2.73054051,2288438
2007-06-08,2.73007828,2.77682161,2.72591314,2.77682161,275697
2007-06-11,2.85966215,2.87354629,2.79579498,2.83004236,894886
2007-06-12,2.85966215,2.87354629,2.79579498,2.83004236,894886
2007-06-13,2.8596635,3.00822329,2.84624181,2.98369455,2503873
2007-06-14,2.96194336,3.14660208,2.96194336,3.08273554,802987
2007-06-15,3.02210685,3.44788638,3.02210685,3.17020416,1095256
2007-06-18,3.16094819,3.19334441,3.12392369,3.16557646,2398415
2007-06-19,3.21648486,3.2623021,3.10633731,3.13780761,403753
2007-06-20,3.1702035,3.19334384,2.97119858,2.98508239,1482437
2007-06-21,2.98971039,3.0545035,2.96194243,2.96194243,1474905
2007-06-22,2.98045472,2.98045472,2.88558035,2.93880296,238033
2007-06-25,2.93972839,2.93972839,2.85549826,2.8925221,2621383
2007-06-26,2.91334825,3.02673503,2.86984497,2.96657085,1526127
2007-06-27,2.96194243,3.03136315,2.8740103,2.96194243,631241
2007-06-28,2.96194231,2.96194231,2.87632348,2.9064064,801480
2007-06-29,2.90640661,2.93833971,2.86938212,2.93833971,411286
2007-07-02,2.92491807,2.98508292,2.86521669,2.88326597,902418
2007-07-03,2.88326569,2.88789396,2.86938188,2.86984468,539342
2007-07-04,2.88326524,2.88326524,2.86521595,2.86938143,314867
2007-07-05,2.8652164,2.86984467,2.86058813,2.86706758,1875645
2007-07-06,2.92815826,2.92815826,2.82310176,2.82310176,899405
2007-07-10,2.82772947,2.86938223,2.81384532,2.84577942,1034994
2007-07-11,2.84577895,2.86475348,2.82310139,2.86475348,2005208
2007-07-12,2.81430825,2.81430825,2.76756493,2.79070544,1399577
2007-07-13,2.78885484,2.84624194,2.78607775,2.83235812,1131413
2007-07-16,2.86891878,2.86938191,2.7999612,2.82263875,2901600
2007-07-17,2.82310127,2.82310127,2.78607678,2.78607678,182291
2007-07-18,2.77728392,2.81384529,2.77682163,2.80458975,1047047
2007-07-19,2.84485345,2.84485345,2.75830937,2.77682161,227487
2007-07-20,2.77682179,2.77682179,2.66204595,2.69305396,915977
2007-07-23,2.68472415,2.77682245,2.68472415,2.69120359,1654183
2007-07-24,2.71202898,2.76756505,2.69351673,2.69351673,513730
2007-07-25,2.69351664,2.75136685,2.66112042,2.75136685,771349
2007-07-26,2.69582973,2.71896957,2.56855835,2.68472219,997331
2007-07-27,2.63798081,2.68379873,2.54588318,2.54588318,1776213
2007-07-30,2.58244445,2.66112089,2.55930393,2.66112089,341985
2007-07-31,2.68426085,2.73007876,2.65649289,2.6657486,790934
2007-08-01,2.59169925,2.67037582,2.59169925,2.67037582,97925
2007-08-02,2.73054009,2.73054009,2.67269005,2.6837976,900912
2007-08-03,2.68379803,2.68426032,2.61484027,2.61484027,510717
2007-08-06,2.63797997,2.66065735,2.54634466,2.5916996,185304
2007-08-07,2.66112017,2.67037604,2.59169946,2.62409568,946108
2007-08-08,2.6703758,2.76293619,2.6703758,2.76247406,302815
2007-08-09,2.66806226,2.73979711,2.66806226,2.66852522,314867
2007-08-10,2.70740083,2.73054051,2.56855939,2.73054051,670411
2007-08-13,2.73007772,2.77682104,2.73007772,2.76015997,442923
2007-08-14,2.77635898,2.77635898,2.7305409,2.77219367,409779
2007-08-15,2.6615825,2.77589536,2.63797986,2.77589536,137095
2007-08-16,2.54588204,2.66111998,2.32327366,2.32327366,1602961
2007-08-17,2.68426043,2.68426043,2.24459692,2.63798022,2500860
2007-08-20,2.66112023,2.77682131,2.49913912,2.73007798,206396
2007-08-21,2.64862439,2.7305402,2.64862439,2.7254498,652332
2007-08-22,2.72591239,2.72591239,2.58753395,2.58753395,495652
2007-08-23,2.70693784,2.7758956,2.66158273,2.7074008,564953
2007-08-24,2.71202923,2.73054081,2.68287239,2.68426061,259125
2007-08-27,2.68426079,2.730541,2.63844354,2.67778134,275697
2007-08-28,2.66112089,2.68426075,2.63798054,2.66112089,567966
2007-08-29,2.68426031,2.75229282,2.63844307,2.73054051,361570
2007-08-30,2.76247458,2.79996137,2.7074008,2.7074008,201876
2007-08-31,2.7305403,2.84624121,2.7305403,2.77635837,1056086
2007-09-03,2.77635865,2.78191201,2.77635865,2.77682161,253099
2007-09-04,2.77635865,2.78191201,2.77635865,2.77682161,253099
2007-09-05,2.71665688,2.81801105,2.68426066,2.81801105,27117
2007-09-06,2.77682161,2.77682161,2.75830937,2.77682161,283229
2007-09-10,2.69351637,2.75368071,2.68888827,2.7254498,325413
2007-09-11,2.73054066,2.73054066,2.71202907,2.72915244,1051566
2007-09-12,2.73054066,2.73054066,2.71202907,2.72915244,1051566
2007-09-13,2.77404442,2.77450738,2.68426028,2.7074008,239540
2007-09-14,2.73007847,2.73054076,2.63798035,2.70230985,367596
2007-09-17,2.6518637,2.67916936,2.61021161,2.61021161,498665
2007-09-18,2.68657474,2.68657474,2.5963283,2.68426061,403753
2007-09-19,2.68657474,2.68657474,2.5963283,2.68426061,403753
2007-09-20,2.70740113,2.7513672,2.66112075,2.68426061,839144
2007-09-21,2.68426075,2.68426075,2.59170016,2.66112089,424844
2007-09-24,2.74997931,2.77682218,2.74997931,2.75044227,1420669
2007-09-25,2.77589569,2.77682161,2.73100354,2.77682161,239540
2007-09-26,2.77589569,2.77682161,2.73100354,2.77682161,239540
2007-09-27,2.77635865,2.77682161,2.77173038,2.77682161,275697
2007-09-28,2.77682112,2.77682112,2.70693745,2.76525044,1367940
2007-10-01,2.75368143,2.77219368,2.72174816,2.72221112,191330
2007-10-02,2.77173003,2.81384492,2.71526804,2.81384492,2809701
2007-10-03,2.77173048,2.81523442,2.71526848,2.81523442,2818741
2007-10-04,2.73563125,2.8693816,2.73563125,2.86012506,1226325
2007-10-05,2.84624092,2.86475333,2.83698538,2.86012506,158186
2007-10-08,2.86012518,2.8689186,2.78237452,2.84346461,212422
2007-10-09,2.86012518,2.8689186,2.78237452,2.84346461,212422
2007-10-10,2.86938229,2.86938229,2.78885452,2.83698606,36157
2007-10-11,2.86938213,2.86938213,2.78885436,2.82310176,40676
2007-10-15,2.85966265,2.86012511,2.79070507,2.84485292,254605
2007-10-16,2.85966265,2.86012511,2.79070507,2.84485292,254605
2007-10-17,2.84577899,2.84624112,2.75599486,2.79996109,402246
2007-10-18,2.84577899,2.84624112,2.75599486,2.79996109,402246
2007-10-19,2.75368073,2.80412623,2.73100317,2.79996109,703555
2007-10-22,2.83652241,2.86475348,2.83652241,2.86475348,52728
2007-10-23,2.83652241,2.86475348,2.83652241,2.86475348,52728
2007-10-24,2.86197802,2.91566277,2.86012618,2.91566277,1328770
2007-10-25,2.91242277,3.00822272,2.90871975,3.00359511,296788
2007-10-26,2.98508239,2.98785882,2.93833923,2.98508239,445936
2007-10-29,3.18409039,3.18871766,3.14660275,3.14706588,69300
2007-10-30,3.18409039,3.18871766,3.14660275,3.14706588,69300
2007-10-31,3.14567531,3.14613844,3.08921348,3.09939528,242553
2007-11-01,3.0082224,3.09337809,2.88604256,2.98508239,1587895
2007-11-05,2.96194182,3.12022055,2.93880214,3.05357695,1212766
2007-11-06,2.96194276,3.12022155,2.93880308,3.03136349,1218792
2007-11-07,3.1118911,3.11235389,3.05450368,3.05450368,397727
2007-11-08,3.08180884,3.08227197,2.98554609,3.05450368,1765667
2007-11-09,3.10032119,3.10078398,3.00822291,3.07764363,81353
2007-11-12,3.03090023,3.03090023,2.86984471,2.96147919,109977
2007-11-13,3.01238816,3.04478438,2.91566227,2.93880296,100938
2007-11-14,2.89252144,2.9610169,2.87910043,2.90177798,644800
2007-11-16,2.90177778,2.90177778,2.70740031,2.71434188,1191675
2007-11-19,2.70832576,2.77682121,2.7074005,2.71665621,96418
2007-11-21,2.78144784,2.78700202,2.51024519,2.52690625,498665
2007-11-22,2.5315353,2.67963243,2.47599856,2.67963243,272684
2007-11-23,2.73054051,2.73054051,2.57133632,2.73054051,757790
2007-11-26,2.73470602,2.76941638,2.71295438,2.76710224,177772
2007-11-27,2.75321814,2.79487073,2.67407858,2.77682161,338972
2007-11-28,2.82263876,2.84624124,2.73516859,2.84624124,1194688
2007-11-29,2.86891903,2.86891903,2.70740087,2.79301953,2449638
2007-11-30,2.82263897,2.82310176,2.77682156,2.82310176,617682
2007-12-03,2.77682156,2.82310176,2.754144,2.82310176,257618
2007-12-04,2.77682156,2.82310176,2.754144,2.82310176,257618
2007-12-05,2.82217591,2.82263904,2.76756509,2.80458975,1250430
2007-12-06,2.82310182,2.82310182,2.77682161,2.77682161,980759
2007-12-07,2.82310182,2.82310182,2.77682161,2.77682161,980759
2007-12-10,2.82263864,2.82263864,2.56902207,2.79996109,1080190
2007-12-11,2.82263887,2.82263887,2.68935146,2.82217574,783402
2007-12-12,2.82263872,2.86706758,2.77728361,2.86706758,128056
2007-12-13,2.76293654,2.83189429,2.71480517,2.82263875,52728
2007-12-14,2.810606,2.82310176,2.7078638,2.82310176,539342
2007-12-17,2.82310152,2.82310152,2.69814408,2.77635837,661372
2007-12-18,2.82263858,2.82263858,2.58059185,2.8184731,937069
2007-12-19,2.81893623,2.81893623,2.73979669,2.8184731,319387
2007-12-20,2.81801031,2.81801031,2.75830894,2.77450705,441416
2007-12-21,2.80644058,2.80644058,2.73054058,2.77682161,222968
2007-12-26,2.77682194,2.81384561,2.73979744,2.77219367,177772
2007-12-27,2.77682151,2.77682151,2.73054048,2.7698791,125043
2007-12-28,2.75599516,2.75923455,2.73054051,2.73054051,516744
2008-01-02,2.77682118,2.77682118,2.77450705,2.77450705,9039
2008-01-03,2.76987921,2.80227543,2.76987921,2.77682161,433884
2008-01-04,2.77682152,2.77682152,2.57318747,2.7074008,147641
2008-01-07,2.70231029,2.70231029,2.58013056,2.58707213,332945
2008-01-08,2.65140122,2.65140122,2.53986546,2.55143547,228994
2008-01-09,2.50839475,2.50839475,2.38343798,2.45332098,488119
2008-01-10,2.4547099,2.45563516,2.33947195,2.40102434,2039858
2008-01-11,2.3515048,2.40333853,2.23626619,2.40148735,2210097
2008-01-14,2.33067861,2.38112412,2.31401753,2.31401753,570979
2008-01-15,2.31448013,2.42879231,2.24691059,2.38343787,928030
2008-01-16,2.31401768,2.405653,2.24922523,2.405653,2832299
2008-01-17,2.33715762,2.36029746,2.26773691,2.26773691,560433
2008-01-18,2.33484372,2.33484372,2.08307832,2.16823435,1131413
2008-01-21,2.22099439,2.22145735,2.00856757,2.00856757,409779
2008-01-22,2.06641726,2.08261538,1.80493319,2.08261538,2493327
2008-01-23,2.08261538,2.08261538,1.92109723,2.08261538,1321237
2008-01-24,2.14231744,2.17517662,2.03911229,2.12889576,1866606
2008-01-28,2.08261543,2.15157318,2.03633523,2.15157318,2380337
2008-01-29,2.21682911,2.24413477,2.1631442,2.19877982,1642131
2008-01-30,2.18998615,2.3089273,2.17517692,2.22192025,317880
2008-01-31,2.22145805,2.28578757,2.15203714,2.19831753,1167570
2008-02-01,2.26310878,2.28115807,2.17471354,2.23534083,482093
2008-02-06,2.23487838,2.27884445,2.23487838,2.25848103,473054
2008-02-07,2.26773767,2.31401788,2.2260849,2.24691129,122029
2008-02-08,2.31401743,2.33715795,2.2311757,2.24459672,2433066
2008-02-11,2.30938858,2.30938858,2.24228202,2.27467823,66287
2008-02-12,2.29087756,2.35798347,2.22145685,2.29457974,967200
2008-02-13,2.34132302,2.34132302,2.267737,2.29735613,52728
2008-02-14,2.31448081,2.36029823,2.10807047,2.18674707,2333634
2008-02-15,2.20340809,2.24413477,2.19831686,2.19877982,369102
2008-02-18,2.19877949,2.28948888,2.19877949,2.24737382,16571
2008-02-19,2.24691085,2.35798366,2.24459672,2.24459672,524276
2008-02-20,2.26773709,2.30846393,2.2455225,2.2455225,52728
2008-02-21,2.30938995,2.30938995,2.24506044,2.24506044,280216
2008-02-22,2.30892724,2.33715815,2.24459692,2.33669519,610149
2008-02-25,2.31401754,2.36955428,2.29133998,2.36955428,298295
2008-02-26,2.36909096,2.49312248,2.36816504,2.42971826,275697
2008-02-27,2.42971891,2.47599912,2.3839015,2.47599912,191330
2008-02-28,2.42971881,2.48942003,2.42971881,2.48756886,308841
2008-02-29,2.49728833,2.49728833,2.43018174,2.48294139,2463196
2008-03-03,2.44406551,2.50700679,2.44360255,2.50608087,1105802
2008-03-04,2.43295837,2.497751,2.43295837,2.4972887,42183
2008-03-05,2.49404841,2.63566629,2.42971891,2.47599912,564953
2008-03-06,2.43434687,2.54541969,2.43434687,2.54541969,140108
2008-03-07,2.54542029,2.54542029,2.41028183,2.44128919,3698561
2008-03-10,2.45822954,2.50503082,2.43459305,2.45822954,1922348
2008-03-11,2.46295826,2.50266815,2.43459415,2.4724133,3493672
2008-03-12,2.47193929,2.47713911,2.44404758,2.45822954,3314393
2008-03-13,2.41142989,2.59863389,2.41142989,2.4591763,1477918
2008-03-14,2.49935842,2.54332232,2.42372015,2.54332232,586045
2008-03-17,2.4676852,2.50408566,2.45539414,2.47619462,61768
2008-03-18,2.54805093,2.55277854,2.41804838,2.41804838,925017
2008-03-19,2.45823049,2.52914119,2.43128439,2.49604964,1500516
2008-03-20,2.45823037,2.47713994,2.41095686,2.41095686,1075671
2008-03-24,2.48186735,2.48186735,2.42324773,2.43459368,733686
2008-03-25,2.43459343,2.50644922,2.43459343,2.44121194,1373966
2008-03-26,2.44121286,2.51259578,2.43979417,2.46059465,1533660
2008-03-27,2.45822982,2.48659443,2.43459332,2.46721196,293775
2008-03-28,2.49794035,2.50503159,2.45728519,2.48659492,601110
2008-03-31,2.48186744,2.59532403,2.48186744,2.54285002,1327263
2008-04-01,2.54284931,2.55324946,2.50550375,2.5409584,831611
2008-04-02,2.52914121,2.52914121,2.50550471,2.5281961,420325
2008-04-03,2.54474114,2.57405019,2.51543142,2.57405019,73820
2008-04-04,2.55277824,2.57546945,2.55277824,2.55466914,195850
2008-04-07,2.55466867,2.55466867,2.55277777,2.55277777,27117
2008-04-08,2.55466867,2.55466867,2.47288478,2.55277777,96418
2008-04-09,2.4785578,2.50550372,2.43175635,2.45822954,1015409
2008-04-10,2.48139381,2.51448534,2.44641137,2.44641137,982265
2008-04-11,2.51732255,2.52914071,2.50314041,2.52914071,39170
2008-04-14,2.5149586,2.5149586,2.42750216,2.42750216,1027461
2008-04-15,2.42797534,2.49935892,2.41095667,2.43459368,661372
2008-04-16,2.46768518,2.50077689,2.45775792,2.47713971,376635
2008-04-17,2.47713952,2.50550413,2.43459345,2.50550413,1497503
2008-04-18,2.4449934,2.5409584,2.4449934,2.5409584,351024
2008-04-22,2.55230536,2.81278316,2.54048702,2.66859865,1420669
2008-04-23,2.59390566,2.60052417,2.52961349,2.52961349,622202
2008-04-24,2.52961361,2.52961361,2.52866781,2.52914071,150654
2008-04-25,2.5565598,2.5565598,2.5565598,2.5565598,1506
2008-04-28,2.55277743,2.59532332,2.55277743,2.59532332,10545
2008-04-29,2.59910548,2.60005127,2.55277777,2.55277777,125043
2008-04-30,2.59768704,2.68514347,2.51495821,2.68514347,534822
2008-05-02,2.68230712,2.76030853,2.64732468,2.67096186,465521
2008-05-05,2.67096222,2.758418,2.67096222,2.71823573,769843
2008-05-06,2.73289016,2.91678449,2.73289016,2.83405566,988291
2008-05-07,2.88652924,2.91111136,2.86005622,2.87423801,1333290
2008-05-08,2.87423859,2.89267527,2.75369127,2.80332875,515237
2008-05-09,2.78583677,2.78772768,2.69507157,2.73241782,677944
2008-05-12,2.74187235,2.78820075,2.73714543,2.77023697,185304
2008-05-13,2.74187235,2.78820075,2.73714543,2.77023697,185304
2008-05-14,2.74187211,2.74187211,2.66292491,2.71587181,384168
2008-05-15,2.71823609,2.74187259,2.69034437,2.70405412,860235
2008-05-16,2.74187194,2.74187194,2.68561612,2.69459844,843663
2008-05-19,2.77496371,2.84303769,2.71823567,2.76645446,546874
2008-05-20,2.7711824,2.83122005,2.75038192,2.78914618,384168
2008-05-21,2.77496361,2.81230986,2.77496361,2.78441882,15065
2008-05-23,2.70452594,2.73430856,2.69459868,2.73241782,254605
2008-05-26,2.71350825,2.73241782,2.69459868,2.73241782,120523
2008-05-27,2.73241782,2.78914569,2.7210717,2.73241782,444430
2008-05-28,2.73241819,2.76598263,2.73241819,2.76598263,171745
2008-05-29,2.73241819,2.76598263,2.73241819,2.76598263,171745
2008-05-30,2.76550948,2.83547437,2.69459879,2.76503658,943095
2008-06-02,2.76550948,2.83547437,2.69459879,2.76503658,943095
2008-06-03,2.71634538,2.75321874,2.71634538,2.74187279,16571
2008-06-04,2.74234513,2.74234513,2.69507162,2.71823573,135588
2008-06-05,2.71823676,2.73950947,2.67758107,2.67758107,3939608
2008-06-06,2.73950907,2.78300095,2.69554515,2.78300095,1476411
2008-06-09,2.74990914,2.76503707,2.74187279,2.74187279,293775
2008-06-10,2.69601585,2.74139929,2.69507091,2.74139929,97925
2008-06-11,2.72768989,2.76550903,2.69837999,2.69837999,125043
2008-06-12,2.76976365,2.76976365,2.69459844,2.69459844,1099776
2008-06-13,2.67096194,2.69459844,2.67096194,2.69459844,375129
2008-06-16,2.694598,2.694598,2.65961556,2.68514347,370609
2008-06-17,2.718235,2.718235,2.6615063,2.68041587,40676
2008-06-18,2.69034412,2.69034412,2.60005164,2.60005164,634254
2008-06-19,2.60005092,2.6184876,2.60005092,2.6184876,4519
2008-06-20,2.57641398,2.66623422,2.55277765,2.59910536,534822
2008-06-23,2.60430648,2.65205288,2.57641459,2.64732528,52728
2008-06-24,2.62368798,2.62368798,2.62368798,2.62368798,1506
2008-06-25,2.76456348,2.76456348,2.62368791,2.64496112,563446
2008-06-26,2.6000513,2.6000513,2.51070395,2.54237747,168732
2008-06-27,2.51495876,2.54190469,2.51495876,2.54190469,21091
2008-06-30,2.46768505,2.48564883,2.43506641,2.47666669,164213
2008-07-01,2.51826764,2.51826764,2.43459368,2.43459368,140108
2008-07-02,2.50455832,2.50455832,2.36368275,2.41048336,1116347
2008-07-03,2.36415608,2.45775815,2.29324538,2.41095686,1322744
2008-07-04,2.47193929,2.47241218,2.45822954,2.45822954,31637
2008-07-07,2.38731969,2.41095618,2.36368251,2.38022828,619188
2008-07-08,2.3745564,2.42466661,2.34004685,2.41095686,1098269
2008-07-10,2.34004641,2.55277777,2.34004641,2.55277777,2000688
2008-07-11,2.50550485,2.50550485,2.43506705,2.4724133,143121
2008-07-14,2.50503194,2.50503194,2.38732062,2.45775843,465521
2008-07-15,2.38732052,2.41048396,2.36368334,2.38259292,165719
2008-07-16,2.36415588,2.37975586,2.28851759,2.36368299,1110321
2008-07-17,2.40575684,2.40575684,2.30459131,2.36368299,84366
2008-07-18,2.35848333,2.36368299,2.31640948,2.36368299,1604467
2008-07-21,2.4109569,2.4109569,2.32113731,2.34004688,373622
2008-07-22,2.31688237,2.45775795,2.22517121,2.36841059,8355284
2008-07-23,2.42892124,2.42892124,2.3636831,2.38732028,10657281
2008-07-24,2.38779215,2.43932104,2.38731993,2.40150189,259125
2008-07-25,2.40102862,2.45822954,2.36368238,2.45822954,2350206
2008-07-28,2.45823006,2.50503135,2.44877553,2.50503135,84366
2008-07-29,2.45823049,2.50503179,2.42513895,2.49604964,851196
2008-07-30,2.49226688,2.50408504,2.48139383,2.49132109,204889
2008-07-31,2.49132168,2.49132168,2.43459364,2.48186731,79846
2008-08-01,2.43506635,2.50550413,2.43459345,2.50550413,102444
2008-08-04,2.50550411,2.50550411,2.41048336,2.41048336,90392
2008-08-05,2.41095605,2.45822954,2.36368238,2.45822954,286243
2008-08-06,2.50030318,2.5319767,2.41568329,2.44877481,206396
2008-08-07,2.45350344,2.46484871,2.41095686,2.41095686,813532
2008-08-08,2.41048379,2.42986626,2.38732036,2.41095686,6039728
2008-08-11,2.4109569,2.42513886,2.27386295,2.34004688,1473398
2008-08-12,2.40906551,2.41095641,2.31640924,2.3258636,3323432
2008-08-13,2.31640995,2.35801091,2.29277276,2.33059192,301308
2008-08-14,2.3301189,2.3301189,2.29371844,2.31640983,724646
2008-08-15,2.33957399,2.34004688,2.29371832,2.34004688,2198045
2008-08-18,2.29371844,2.32539197,2.29371844,2.31640983,103951
2008-08-19,2.32728291,2.32728291,2.32728291,2.32728291,1506
2008-08-20,2.38731994,2.42986584,2.35848311,2.42986584,1578856
2008-08-21,2.43412091,2.49557656,2.3873203,2.48470402,1122374
2008-08-22,2.50077666,2.55277777,2.49132145,2.55277777,338972
2008-08-25,2.55277848,2.5995791,2.55277848,2.5995791,116003
2008-08-26,2.60005152,2.83358338,2.60005152,2.6189611,1383006
2008-08-27,2.64732477,2.69459844,2.54805016,2.55277777,956654
2008-08-28,2.56175915,2.69318034,2.55750444,2.67096186,15125686
2008-08-29,2.64259753,2.6931808,2.60997888,2.6931808,372115
2008-09-01,2.71870791,2.76503647,2.63928866,2.76078176,150654
2008-09-02,2.76030824,2.76030824,2.72910762,2.72910762,12052
2008-09-03,2.65205237,2.69459844,2.55277776,2.69459844,60261
2008-09-04,2.64732479,2.64732479,2.55750454,2.57641411,1235364
2008-09-05,2.5055042,2.5055042,2.45823001,2.49794006,685476
2008-09-08,2.46059408,2.52866807,2.46059408,2.51165009,5379863
2008-09-09,2.50550456,2.55277824,2.41095686,2.41095686,938575
2008-09-10,2.41142956,2.50030402,2.41095666,2.47430372,241046
2008-09-11,2.41095737,2.45823089,2.41095737,2.45586777,662878
2008-09-12,2.45964871,2.50077677,2.45823002,2.50077677,442923
2008-09-15,2.31688178,2.48659415,2.31688178,2.45822954,580018
2008-09-16,2.41095667,2.45775796,2.38448347,2.43459368,2821754
2008-09-17,2.39299335,2.39299335,2.29324565,2.35375619,1598441
2008-09-18,2.40575683,2.40575683,2.27859033,2.29277229,830104
2008-09-19,2.2932452,2.43459368,2.29277231,2.43459368,106964
2008-09-22,2.36557378,2.4166291,2.36557378,2.40197492,137095
2008-09-23,2.40197551,2.40575732,2.30128218,2.33531952,962680
2008-09-24,2.36368345,2.41095714,2.34004712,2.35375619,647813
2008-09-25,2.35470024,2.45822954,2.34902752,2.45822954,1883178
2008-09-26,2.36368275,2.38731992,2.31640925,2.38495612,1773200
2008-09-29,2.31735457,2.31735457,2.16844247,2.19349766,793947
2008-09-30,2.29230074,2.29230074,2.07153227,2.12731504,4719997
2008-10-01,2.1273142,2.12778709,2.03276719,2.07531309,2785597
2008-10-02,2.08004104,2.08004104,1.97367569,2.03276753,1661716
2008-10-03,2.06822305,2.08004121,1.91931093,1.9358567,4763687
2008-10-06,1.79639877,2.00298452,1.77039864,2.00298452,2532497
2008-10-07,1.79923524,1.84367204,1.79450763,1.84367204,432377
2008-10-08,1.79639841,1.89047335,1.70185125,1.70185125,549888
2008-10-09,1.70185209,1.89094719,1.63094139,1.64512336,504691
2008-10-10,1.64512335,1.66025129,1.58366787,1.60730505,5608857
2008-10-13,1.71177952,1.74959867,1.60730505,1.60730505,842157
2008-10-14,1.60824924,1.79639826,1.60824924,1.76803434,1453813
2008-10-15,1.67348814,1.74534396,1.62243213,1.70421588,2196538
2008-10-16,1.70657969,1.70657969,1.62148702,1.62148702,438403
2008-10-17,1.63141428,1.71272531,1.63141428,1.68294251,486613
2008-10-20,1.73021642,1.84367305,1.72548949,1.75858104,783402
2008-10-21,1.75905204,1.80632553,1.75857982,1.80585349,893379
2008-10-22,1.70137913,1.89614676,1.70137913,1.82003641,879820
2008-10-23,1.79639912,1.8200363,1.78741765,1.78741765,1044033
2008-10-24,1.6134497,1.70185125,1.6134497,1.70185125,97925
2008-10-27,1.7018518,1.74865258,1.64512308,1.69712436,720127
2008-10-28,1.66308781,1.75054359,1.65457839,1.75054359,894886
2008-10-29,1.69854261,1.79639852,1.65457786,1.79639852,528796
2008-10-30,1.8058541,1.80679905,1.71603384,1.74818027,1770187
2008-10-31,1.71177974,1.79639952,1.71177974,1.75858104,756284
2008-11-03,1.77276261,1.82003629,1.75479815,1.78458095,144628
2008-11-04,1.7883627,1.93774772,1.7883627,1.8909471,745738
2008-11-05,1.83989073,1.93774733,1.83989073,1.84036362,177772
2008-11-06,1.89094723,1.89614688,1.80159985,1.85312808,284736
2008-11-07,1.89047421,1.8909471,1.80159972,1.8909471,150654
2008-11-10,1.98549385,2.03276753,1.89047394,2.03276753,789428
2008-11-11,2.02047571,2.02047571,1.88338198,2.00912976,241046
2008-11-12,2.00865793,2.00865793,1.91458297,1.98502076,647813
2008-11-13,1.98502087,1.98502087,1.91411018,1.92403829,135588
2008-11-14,1.92356502,1.92403791,1.86730921,1.89047348,683970
2008-11-17,1.87912737,1.87912737,1.84367204,1.84367204,132575
2008-11-18,1.84367181,1.84367181,1.76330679,1.80774426,736699
2008-11-19,1.80774468,1.8394177,1.74912523,1.8394177,262138
2008-11-21,1.77276192,1.8436719,1.77276192,1.84130895,314867
2008-11-24,1.89047386,1.93822027,1.8436724,1.91458309,3070333
2008-11-25,1.91458283,1.93207439,1.79639865,1.83185399,1298639
2008-11-26,1.79734491,1.86683691,1.79734491,1.83421826,348011
2008-11-27,1.83185445,1.88858318,1.78505384,1.82476389,1309185
2008-11-28,1.84367204,1.8895277,1.82476332,1.84367204,76833
2008-12-01,1.84272739,1.88858306,1.83374525,1.88858306,82859
2008-12-02,1.84319984,1.84319984,1.8082174,1.84272695,411286
2008-12-03,1.79639822,1.89094605,1.78458006,1.84319949,1239884
2008-12-04,1.77512653,1.82759987,1.77512653,1.82003641,634254
2008-12-05,1.8195628,1.8195628,1.70185136,1.79639852,334452
2008-12-08,1.80159902,1.82003569,1.75668848,1.79639852,519757
2008-12-09,1.79356285,1.79639887,1.79356285,1.79592597,367596
2008-12-10,1.75007151,1.7680353,1.70421584,1.73257995,1928374
2008-12-11,1.77228963,1.7916721,1.75858056,1.79119921,821065
2008-12-12,1.7911987,1.79687142,1.7911987,1.79639852,195850
2008-12-15,1.81058112,1.81058112,1.76567141,1.77228975,370609
2008-12-16,1.76803535,1.76803535,1.70421588,1.70421588,360063
2008-12-17,1.72076166,1.72076166,1.65457857,1.68294251,3825111
2008-12-18,1.68010542,1.76567113,1.67821468,1.76567113,775869
2008-12-19,1.76038373,1.78532995,1.75842724,1.76038373,2571668
2008-12-22,1.76087322,1.76087322,1.73641646,1.73641646,610149
2008-12-23,1.8073404,1.8073404,1.66402495,1.66402495,414299
2008-12-26,1.71196044,1.71196044,1.66304744,1.71098185,131069
2008-12-29,1.68750312,1.74717712,1.68750312,1.69728625,2204071
2008-12-30,1.8097865,1.8097865,1.79511269,1.8092972,445936
2009-01-02,1.80978596,1.93157955,1.80978596,1.93011236,150654
2009-01-05,1.9071237,1.93206923,1.86114509,1.92717767,182291
2009-01-06,1.9076122,1.9081015,1.88462334,1.9076122,497159
2009-01-07,1.90516771,1.90761261,1.86016751,1.89783037,99431
2009-01-08,1.89783068,1.90223294,1.88804843,1.89098263,607136
2009-01-09,1.90810072,1.93206835,1.78875295,1.93206835,102444
2009-01-12,1.883156,1.88560178,1.883156,1.8836453,799974
2009-01-13,1.83424338,1.93109095,1.83424338,1.93109095,262138
2009-01-14,1.87728726,1.88315671,1.81467816,1.83424354,1351368
2009-01-15,1.83473213,1.85821048,1.80978677,1.83424354,406766
2009-01-16,1.78092768,1.80293812,1.75109076,1.75109076,1393551
2009-01-19,1.76087284,1.76087284,1.76087284,1.76087284,78340
2009-01-20,1.76087341,1.76087341,1.68994926,1.73592806,573992
2009-01-21,1.72174218,1.76087291,1.72174218,1.7315253,659865
2009-01-22,1.72272107,1.73690576,1.72272107,1.73641646,376635
2009-01-23,1.6875035,1.76038413,1.6875035,1.75598204,1319731
2009-01-26,1.75598139,1.8000035,1.75598139,1.7853297,227487
2009-01-27,1.76331892,1.90761228,1.76087314,1.90712368,973226
2009-01-28,1.90712399,1.95652645,1.89293877,1.94527614,1453813
2009-01-29,1.94283028,1.94527606,1.91788492,1.91984141,1045540
2009-01-30,1.93206854,1.95603617,1.88804713,1.94185078,1896737
2009-02-02,1.94185152,1.95163465,1.88315629,1.95163465,1950972
2009-02-03,1.9085906,1.92913386,1.9085906,1.92668808,7532
2009-02-04,1.90859097,1.95603695,1.90810168,1.90810168,8560174
2009-02-05,1.90810168,1.93206931,1.86114517,1.90810168,194343
2009-02-06,1.86456924,1.95652592,1.86456924,1.95652592,2220643
2009-02-09,1.95456873,1.95652592,1.90761206,1.95652592,210915
2009-02-10,1.95554733,2.05435188,1.90761206,1.95652592,1131413
2009-02-11,1.94478631,1.98538424,1.93549266,1.95652592,1245910
2009-02-12,1.90810142,2.00397108,1.90761213,1.97168839,891873
2009-02-13,2.05386274,2.20109116,2.01522147,2.10033011,2119705
2009-02-16,2.06657992,2.10277557,2.06657992,2.10277557,15065
2009-02-17,2.1017981,2.10326529,2.02109084,2.10326529,3224000
2009-02-18,2.07880797,2.15168858,2.07880797,2.15168858,781895
2009-02-19,2.13995029,2.13995029,2.12087422,2.12772226,465521
2009-02-20,2.12674325,2.15217807,2.07880816,2.13261271,322400
2009-02-25,2.15217923,2.15217923,2.01277667,2.03478765,381155
2009-02-26,2.07880825,2.09348276,2.05435202,2.07391739,573992
2009-02-27,2.12625329,2.12625329,2.01571004,2.09348202,900912
2009-03-02,2.15168898,2.16587419,2.09005849,2.10326529,818052
2009-03-03,2.15119983,2.19620001,2.11696066,2.14435196,592071
2009-03-04,2.1472874,2.16293999,2.14239672,2.1614728,2065469
2009-03-05,2.13995004,2.15217806,2.12527623,2.13995004,1437241
2009-03-06,2.07880835,2.12772222,2.0567979,2.10326529,191330
2009-03-09,2.10277664,2.10277664,2.05435276,2.05435276,114497
2009-03-10,2.078809,2.078809,2.05435276,2.05435276,173252
2009-03-11,2.05435192,2.05435192,2.01522136,2.01522136,393207
2009-03-12,2.00543908,2.00543908,1.97609076,1.99565613,824078
2009-03-13,1.99516756,2.0054391,1.9589712,2.00494981,3565986
2009-03-16,2.00494927,2.05386224,1.98049234,2.00543857,3704588
2009-03-17,1.96679696,2.04897068,1.9594598,1.98098147,522770
2009-03-18,1.9809809,2.03918767,1.9809809,2.01473093,1393551
2009-03-19,2.05386277,2.06364589,2.0152215,2.02989531,390194
2009-03-20,2.02989531,2.04408052,1.97706935,2.02989531,153667
2009-03-23,1.97364578,2.12772226,1.97364578,2.12772226,480587
2009-03-24,2.12772236,2.12772236,2.10326542,2.11793923,131069
2009-03-25,2.05581975,2.10277644,1.98098263,2.01228762,799974
2009-03-26,2.06382109,2.06382109,2.01179202,2.02665734,837637
2009-03-27,2.03062152,2.09107435,2.03062152,2.04152298,153667
2009-03-30,2.07620862,2.07620862,2.00931406,2.00931406,4692879
2009-03-31,2.07521773,2.10593902,2.00931384,2.01922393,5229209
2009-04-01,2.03111706,2.03111706,1.98800726,2.02665734,2782584
2009-04-02,2.02170229,2.12576043,2.02170229,2.12080574,2309529
2009-04-03,2.10593948,2.17828495,2.0826504,2.13071561,665891
2009-04-06,2.14508477,2.17977081,2.08116361,2.17531109,390194
2009-04-07,2.17035704,2.18522236,2.11981413,2.17580724,367596
2009-04-08,2.22932296,2.23972855,2.15152642,2.1901772,228994
2009-04-09,2.25459471,2.25459471,2.16044649,2.22981858,589058
2009-04-13,2.16540189,2.27887516,2.16540189,2.22981858,247072
2009-04-14,2.25459442,2.27936983,2.21495297,2.27936983,2326101
2009-04-15,2.27936939,2.30414534,2.25508967,2.30414534,3754303
2009-04-16,2.28977647,2.40324903,2.28977647,2.40324903,1087723
2009-04-17,2.33189444,2.47757603,2.3304081,2.47708035,682463
2009-04-20,2.5469481,2.5469481,2.42802466,2.47757602,468534
2009-04-22,2.40572678,2.52712813,2.40572678,2.50235271,2042871
2009-04-23,2.43050346,2.5271287,2.43050346,2.5271287,3945634
2009-04-24,2.54694856,2.6505112,2.53456094,2.55190396,3008565
2009-04-27,2.4760908,2.59600513,2.4760908,2.5271287,3662404
2009-04-28,2.45577267,2.61483337,2.45577267,2.57667828,429364
2009-04-29,2.61136568,2.72533464,2.60145576,2.72533464,619188
2009-04-30,2.71492878,2.93840624,2.68717926,2.90124249,5283444
2009-05-04,2.81551776,3.0474188,2.81551776,3.02264357,1565297
2009-05-05,3.02264362,3.04741886,2.95079382,3.02313948,1844008
2009-05-06,3.02264372,3.07219527,3.02264372,3.03403997,1337809
2009-05-07,3.02264278,3.02809298,2.97408208,2.97804594,382661
2009-05-08,3.02264368,3.11679101,3.02264368,3.11679101,1547219
2009-05-11,3.1167909,3.14354922,3.02264357,3.02264357,423338
2009-05-12,3.02363455,3.07715085,2.94583869,2.94583869,2559615
2009-05-13,2.85961894,2.92353994,2.82939243,2.82939243,1619533
2009-05-14,2.83038303,2.96268565,2.83038303,2.93394637,155173
2009-05-15,2.87547592,3.01273307,2.82939272,2.98300242,1711432
2009-05-18,3.07169896,3.17129755,2.98498386,3.17129755,1375473
2009-05-19,3.12174678,3.4190561,3.12174678,3.21490383,643293
2009-05-20,3.21490317,3.4190554,3.19607364,3.31450176,958161
2009-05-21,3.31995298,3.31995298,3.2223364,3.23571467,1012396
2009-05-22,3.2946814,3.29517726,3.21093966,3.22084975,1569817
2009-05-25,3.28724918,3.29022185,3.19161461,3.22084975,1708419
2009-05-26,3.2203546,3.26544661,3.21093966,3.22084975,2359245
2009-05-27,3.22084981,3.27040172,3.2010289,3.27040172,445936
2009-05-28,3.27040159,3.41360498,3.17724419,3.36950469,1508049
2009-05-29,3.35463949,3.43144417,3.31995344,3.43144417,2074509
2009-06-01,3.46860743,3.53797952,3.45374193,3.46860743,631241
2009-06-02,3.46860725,3.71586948,3.37545057,3.4190557,677944
2009-06-03,3.32044776,3.4190557,3.31995296,3.31995296,224474
2009-06-04,3.32490772,3.517663,3.32490772,3.517663,2211604
2009-06-05,3.55730338,3.55730338,3.43887564,3.49338222,1117854
2009-06-08,3.41905588,3.42004654,3.36950469,3.36950469,723140
2009-06-09,3.3695041,3.43392079,3.3546386,3.37445951,634254
2009-06-10,3.33134965,3.41360524,3.33134965,3.3942802,1131413
2009-06-12,3.39428048,3.44333689,3.39428048,3.41806507,442923
2009-06-15,3.31598855,3.41558787,3.29220396,3.30013275,2580707
2009-06-16,3.36900868,3.37693675,3.32094364,3.33977389,313360
2009-06-17,3.31995345,3.3546395,3.31995345,3.32986355,204889
2009-06-18,3.23670624,3.35166585,3.23670624,3.31004238,4008909
2009-06-19,3.2267963,3.43639874,3.2267963,3.43639874,385674
2009-06-22,3.4141003,3.41608232,3.31004216,3.31995296,173252
2009-06-23,3.41409984,3.41409984,3.31004172,3.31053758,497159
2009-06-24,3.31103367,3.38882971,3.31103367,3.38882971,566459
2009-06-25,3.38436935,3.38436935,3.32094332,3.33035827,610149
2009-06-26,3.33134955,3.35959404,3.3199533,3.34423304,638774
2009-06-29,3.27783399,3.3447282,3.27783399,3.31995296,869275
2009-06-30,3.33234081,3.36900888,3.30013264,3.31252027,1604467
2009-07-01,3.31251985,3.41905551,3.31004197,3.33878231,1013903
2009-07-02,3.33234081,3.34472843,3.30508769,3.31004238,1384512
2009-07-03,3.31995334,3.34324243,3.30013279,3.34225106,343491
2009-07-06,3.27040108,3.3690083,3.27040108,3.3690083,875301
2009-07-07,3.36950346,3.36950346,3.30062689,3.31301451,232007
2009-07-08,3.29517612,3.36306168,3.29517612,3.3546381,1125387
2009-07-09,3.3546381,3.3546381,3.3546381,3.3546381,0
2009-07-10,3.36355717,3.46018234,3.31995169,3.45324492,762310
2009-07-13,3.46860713,3.56770986,3.46860713,3.51815867,5009253
2009-07-14,3.51815867,3.53351968,3.51815867,3.51815867,605630
2009-07-15,3.51815764,3.62221575,3.51766178,3.62221575,702048
2009-07-16,3.62221714,3.63212795,3.56771018,3.58753109,150654
2009-07-17,3.51865335,3.61181036,3.51865335,3.60239506,238033
2009-07-20,3.54293511,3.62717271,3.52113254,3.62717271,491132
2009-07-21,3.62717149,3.64203663,3.54541179,3.59149408,581525
2009-07-22,3.58208021,3.58208021,3.45027311,3.46811128,241046
2009-07-23,3.56671934,3.56671934,3.39427976,3.42896581,896392
2009-07-24,3.50279797,3.50279797,3.44977824,3.46860743,411286
2009-07-27,3.46860644,3.61131463,3.46860644,3.60982847,1172090
2009-07-28,3.60982965,3.60982965,3.51815912,3.55334067,283229
2009-07-29,3.55333953,3.64154114,3.55333953,3.61726141,563446
2009-07-30,3.61726261,3.63311877,3.53451152,3.62717271,1883178
2009-07-31,3.61726219,3.71586943,3.56770994,3.71586943,1163050
2009-08-03,3.71636473,3.79416075,3.69158878,3.70397711,373622
2009-08-04,3.6990237,3.72627683,3.66681552,3.66681552,316373
2009-08-05,3.66136305,3.66681431,3.65690351,3.65690351,1001850
2009-08-06,3.66681421,3.66681421,3.62469487,3.62519073,45196
2009-08-07,3.62518986,3.72131991,3.62518986,3.72131991,546874
2009-08-10,3.72131981,3.90961552,3.72131981,3.90961552,2080535
2009-08-11,3.86501938,3.86501938,3.71041939,3.77384472,2079028
2009-08-12,3.78970096,3.88484002,3.7678984,3.79069233,2628916
2009-08-13,3.79069342,3.83033417,3.79069342,3.81546903,1833462
2009-08-14,3.81546796,3.86501915,3.79564706,3.82042336,2434572
2009-08-17,3.84024343,3.93439111,3.79118704,3.87294745,662878
2009-08-18,3.86501781,4.06272877,3.86501781,4.03844833,1718964
2009-08-19,4.06223293,4.06223293,3.99930242,4.00078964,470041
2009-08-20,4.02358284,4.04835914,4.0146634,4.03844833,915977
2009-08-21,4.04340543,4.21138547,4.04241477,4.15737438,396220
2009-08-24,4.17223918,4.40513105,4.17223918,4.26143217,700542
2009-08-25,4.31098372,4.31098372,4.16282423,4.26143217,602617
2009-08-26,4.22922201,4.27877426,4.22922201,4.26043987,79846
2009-08-27,4.26044037,4.26044037,4.11277676,4.11277676,346504
2009-08-28,4.11277676,4.16232794,4.06322522,4.11277676,912964
2009-08-31,3.96461703,4.06322495,3.96461703,4.05876541,447443
2009-09-01,4.01416879,4.08750489,4.01367292,4.05975628,149147
2009-09-02,4.06025046,4.11277536,4.03894341,4.10831547,6426910
2009-09-03,4.06718968,4.11277718,4.06570352,4.11228132,2041365
2009-09-04,4.13755283,4.21187961,4.11822779,4.20692492,879820
2009-09-08,4.21188008,4.21188008,4.16926596,4.188591,222968
2009-09-09,4.1623293,4.1623293,4.06322655,4.07759619,286243
2009-09-10,4.10336385,4.17769137,4.10336385,4.13259935,619188
2009-09-11,4.0964246,4.15687723,4.08800102,4.12466908,415805
2009-09-14,4.14399582,4.20494398,4.0880027,4.19602489,168732
2009-09-15,4.21138481,4.21683501,4.17719356,4.20692492,307334
2009-09-16,4.12268807,4.36053499,4.12268807,4.33080435,1178116
2009-09-17,4.29611804,4.41008627,4.26143199,4.40513086,203383
2009-09-18,4.38530984,4.45963768,4.33675002,4.40017605,812026
2009-09-21,4.36053377,4.36152443,4.3109826,4.32089233,381155
2009-09-22,4.40909581,4.40909581,4.33575967,4.36053562,260631
2009-09-23,4.36053478,4.36053478,4.32089333,4.35557938,1007876
2009-09-24,4.3610291,4.3610291,4.26688073,4.28620577,344998
2009-09-25,4.28620651,4.28620651,4.26143127,4.28521585,165719
2009-09-28,4.28323439,4.40612279,4.28323439,4.31048822,617682
2009-09-29,4.26489935,4.3109827,4.26489935,4.3109827,1065125
2009-09-30,4.32039694,4.32436169,4.21237479,4.3109827,1580363
2009-10-01,4.21485132,4.31098169,4.21485132,4.24705982,132575
2009-10-02,4.27134143,4.27183693,4.19949147,4.2113843,686983
2009-10-05,4.21138377,4.40512964,4.21138377,4.3803544,839144
2009-10-06,4.36103117,4.50918961,4.35557991,4.50918961,1220299
2009-10-07,4.43436731,4.55874116,4.36053531,4.50918961,784908
2009-10-08,4.46657524,4.65784436,4.46607973,4.54585743,753271
2009-10-09,4.42792358,4.60779568,4.42792358,4.58301973,366089
2009-10-13,4.65685404,4.70739696,4.63207879,4.682621,616175
2009-10-14,4.80649828,4.80649828,4.68212446,4.70739555,840650
2009-10-15,4.78420129,4.78420129,4.67023302,4.682621,742725
2009-10-16,4.68262085,4.68262085,4.60333864,4.64793444,390194
2009-10-19,4.65784361,4.77627173,4.58351612,4.58351612,641787
2009-10-20,4.62464431,4.62464431,4.40067119,4.48441362,343491
2009-10-21,4.50918737,4.65685094,4.4858983,4.55824375,816546
2009-10-22,4.5141448,4.67221403,4.50918939,4.67221403,219955
2009-10-23,4.60829237,4.65784356,4.60829237,4.63306761,361570
2009-10-26,4.60829342,4.60829342,4.50918961,4.50918961,846676
2009-10-27,4.50918791,4.58301988,4.4100852,4.4100852,900912
2009-10-28,4.3258472,4.3942279,4.2118783,4.28620577,1107308
2009-10-29,4.41008517,4.61820139,4.41008517,4.59639883,668904
2009-10-30,4.59838237,4.78618296,4.59838237,4.75645161,2301996
2009-11-03,4.65784478,4.87587118,4.65784478,4.87587118,592071
2009-11-04,4.88082688,5.07358255,4.88082688,4.93037844,2202565
2009-11-05,4.95515478,4.95515478,4.90609837,4.90609837,1499009
2009-11-06,4.78221774,4.87587028,4.78221774,4.85555458,1529140
2009-11-09,4.93037844,4.95019899,4.85654643,4.93037844,1389032
2009-11-10,4.95515413,4.95515413,4.90659358,4.92889166,232007
2009-11-11,4.95416132,4.95416132,4.9056015,4.9056015,605630
2009-11-12,4.90560357,5.00470633,4.88082726,4.95267725,1315211
2009-11-13,4.93037704,4.95515299,4.93037704,4.95515299,338972
2009-11-16,4.97943388,5.02948093,4.86150159,5.02948093,1056086
2009-11-17,5.00619159,5.03790425,4.94970297,5.00470543,653839
2009-11-18,5.00470519,5.35156602,5.00470519,5.10380793,1604467
2009-11-19,5.00519878,5.15335751,5.00519878,5.15335751,1120867
2009-11-23,5.25246104,5.3515641,5.20290915,5.30449009,1866606
2009-11-24,5.30696858,5.32183443,5.25246234,5.31192398,757790
2009-11-25,5.31291645,5.35156654,5.30250978,5.30250978,693009
2009-11-26,5.20340652,5.22768696,5.14344937,5.17714405,644800
2009-11-27,5.14344741,5.17813345,4.83771467,5.15335751,1461346
2009-11-30,5.08448164,5.20290974,5.08448164,5.16178179,338972
2009-12-01,5.25246357,5.38823475,5.14840542,5.36147642,1355888
2009-12-02,5.35652108,5.41102695,5.35652108,5.41102695,896392
2009-12-03,5.39120729,5.57454762,5.39120729,5.54977131,1806344
2009-12-04,5.54977029,5.74797679,5.50021911,5.58941174,2455664
2009-12-07,5.64887458,5.69842577,5.55571756,5.69842577,465521
2009-12-08,5.60972909,5.7960428,5.60923358,5.77275372,426351
2009-12-09,5.69892083,5.79604153,5.69842497,5.72320127,197357
2009-12-10,5.7479785,5.94618506,5.7479785,5.9456892,3669937
2009-12-11,6.05497586,6.05497586,5.93234138,5.98219299,965693
2009-12-14,6.07691139,6.07691139,5.88298846,6.01160574,632747
2009-12-15,5.85706595,5.95427596,5.72994383,5.78278685,1809357
2009-12-16,5.95477444,5.98219332,5.68557612,5.79973602,1211260
2009-12-17,5.6387148,5.75786082,5.49813377,5.58337927,1331783
2009-12-18,5.73243533,5.73243533,5.39494003,5.39942694,2163395
2009-12-21,5.53352785,5.68158682,5.44279808,5.53352785,1132919
2009-12-22,5.68358252,5.77580747,5.46872164,5.68308401,201876
2009-12-23,5.68856642,5.70800849,5.58337927,5.58337927,622202
2009-12-24,5.58337927,5.58337927,5.58337927,5.58337927,0
2009-12-28,5.68308228,5.757361,5.63323067,5.69255352,311854
2009-12-29,5.68308528,5.82715627,5.68308528,5.78777361,191330
2009-12-30,5.78777361,5.78777361,5.78777361,5.78777361,0
2010-01-04,5.98169381,5.98169381,5.92735565,5.95726633,2226669
2010-01-05,5.96673674,5.96723525,5.77430942,5.85756159,1044033
2010-01-06,5.92685746,5.9308455,5.8376232,5.89245987,402246
2010-01-07,5.82516013,5.96624002,5.82516013,5.8974452,1931387
2010-01-08,5.90741565,5.9737183,5.90741565,5.95477438,5179493
2010-01-11,5.96723772,5.96723772,5.8341339,5.86903,1473398
2010-01-12,5.86903083,5.92685854,5.68308433,5.87750578,1972064
2010-01-13,5.88248907,5.88248907,5.73393122,5.82017517,539342
2010-01-14,5.78278626,5.8700265,5.73492866,5.83213902,366089
2010-01-15,5.89096392,5.89644783,5.75786082,5.80771208,286243
2010-01-18,5.80771168,5.8839848,5.7827857,5.83263731,851196
2010-01-19,5.82166983,5.90342687,5.76832904,5.83263731,1315211
2010-01-20,5.85706519,5.85756369,5.73293447,5.80771208,578512
2010-01-21,5.80920606,5.86902812,5.78328342,5.85257673,787921
2010-01-22,5.80770999,5.85756159,5.74539504,5.85756159,706568
2010-01-26,5.85756275,5.85756275,5.62026919,5.63323069,976239
2010-01-27,5.65915369,5.73791933,5.58337872,5.67809725,1160037
2010-01-28,5.68308394,5.74240753,5.55994986,5.70751143,1473398
2010-01-29,5.74290446,5.83263759,5.53751594,5.77780056,381155
2010-02-01,5.78029212,5.78079062,5.55845261,5.55845261,1030475
2010-02-02,5.54848321,5.58337931,5.53851346,5.57340956,436897
2010-02-03,5.63273259,5.72695225,5.5290406,5.58288097,944602
2010-02-04,5.58288103,5.6820854,5.43133182,5.48367596,944602
2010-02-05,5.41039488,5.41039488,5.15465622,5.28377199,3132101
2010-02-08,5.16911355,5.4288403,5.16911355,5.33910751,519757
2010-02-09,5.48317664,5.6701208,5.40939642,5.63323069,1170583
2010-02-10,5.65815766,5.73243677,5.49364798,5.68308401,733686
2010-02-11,5.71748029,5.71748029,5.50910109,5.53352785,733686
2010-02-12,5.53352878,5.71249584,5.51408671,5.68308401,108471
2010-02-17,5.69056119,5.83213962,5.59883404,5.69305372,626721
2010-02-18,5.73193598,5.80222702,5.63372828,5.80222702,756284
2010-02-19,5.70800929,5.74290539,5.68308401,5.68308401,31637
2010-02-22,5.68258509,5.88248973,5.68258509,5.78278685,281723
2010-02-23,5.74440162,5.85756451,5.59883408,5.68308401,1099776
2010-02-24,5.78228838,5.78278689,5.53552279,5.62076902,352530
2010-02-25,5.62475656,5.63323115,5.43482171,5.48367596,1405604
2010-02-26,5.55845456,5.58337984,5.4348227,5.45875168,965693
2010-03-01,5.58088667,5.58836389,5.43382401,5.53302908,748751
2010-03-02,5.60830586,5.64120794,5.52854356,5.61777782,290762
2010-03-03,5.63821615,5.63821615,5.48417475,5.55296993,370609
2010-03-04,5.54848317,5.73293447,5.54848317,5.73293447,122029
2010-03-05,5.68308315,5.69405027,5.54549243,5.68258429,348011
2010-03-08,5.63074064,5.63074064,5.4976368,5.4976368,207902
2010-03-09,5.39145118,5.44230017,5.33511899,5.39892912,2311036
2010-03-10,5.45276791,5.50361653,5.33511813,5.48367596,1367940
2010-03-11,5.4487798,5.58337876,5.4487798,5.58288097,1226325
2010-03-12,5.58337909,5.60830544,5.48417473,5.48417473,560433
2010-03-15,5.53602078,5.65815712,5.4363179,5.63273335,822572
2010-03-16,5.54898113,5.63323069,5.53851252,5.63323069,495652
2010-03-17,5.61827445,5.69255354,5.58836377,5.63323069,2392389
2010-03-18,5.6805921,5.6805921,5.5724146,5.60830736,590564
2010-03-19,5.60880396,5.61079798,5.49613887,5.53352785,1372460
2010-03-22,5.53203109,5.63223281,5.42335479,5.57091522,980759
2010-03-23,5.57390891,5.57390891,5.48367726,5.51358795,620695
2010-03-24,5.55596171,5.55596171,5.43930929,5.50860262,896392
2010-03-25,5.53855014,5.61442016,5.4626794,5.51325941,1283574
2010-03-26,5.45812743,5.51325994,5.36151917,5.43991852,343491
2010-03-29,5.4424491,5.48544296,5.42221701,5.4373908,706568
2010-03-30,5.43688432,5.46268012,5.33825215,5.36202478,1700886
2010-03-31,5.36151989,5.66449642,5.26288772,5.66449642,1580363
2010-04-01,5.66297735,5.69029126,5.39743064,5.41209936,393207
2010-04-05,5.41260563,5.42828594,5.33572364,5.3362298,360063
2010-04-06,5.3362297,5.3362297,5.21483684,5.2249527,284736
2010-04-07,5.23456233,5.34128718,5.08838491,5.25732374,3062800
2010-04-08,5.22495224,5.22495224,5.19561625,5.19561625,2877
2010-04-09,5.2598523,5.4050185,5.2598523,5.31093884,4757661
2010-04-12,5.20977748,5.36050703,5.20977748,5.35140276,441416
2010-04-13,5.35140312,5.38630319,5.26440455,5.36151934,1054579
2010-04-14,5.46217395,5.58913088,5.38428002,5.58913088,1804837
2010-04-15,5.56384144,5.68017673,5.36860098,5.68017673,1651170
2010-04-16,5.70040772,5.92245592,5.61593921,5.8673234,4567836
2010-04-19,5.81522588,5.8162371,5.67005967,5.76616287,3169765
2010-04-20,5.81623635,5.88806076,5.81016684,5.81016684,1807851
2010-04-22,5.79651029,6.06458634,5.79651029,6.0064187,2762998
2010-04-23,5.90222416,6.06913948,5.85670206,6.06913948,3627754
2010-04-26,6.01704112,6.04435467,5.95381591,5.99326849,1010890
2010-04-27,5.99326774,5.99326774,5.86782892,5.89564753,4944472
2010-04-28,5.8951425,5.8951425,5.78234741,5.81674242,1062112
2010-04-29,5.74087258,6.05345955,5.73986136,6.04435492,2445118
2010-04-30,6.03171009,6.05902291,5.98264708,6.04435492,2179967
2010-05-03,6.11971953,6.11971953,5.96848415,6.04435492,2440
2010-05-04,5.98871613,5.98871613,5.66500137,5.76616287,2199552
2010-05-05,5.61998498,5.90778732,5.61998498,5.81674242,638774
2010-05-06,5.85467964,5.91689364,5.76565788,5.84203482,3938102
2010-05-07,5.84203375,6.05447116,5.782348,5.8673234,4500042
2010-05-10,6.00844309,6.32254709,5.93763061,6.23656082,3112516
2010-05-11,6.29776358,6.4641724,6.13691776,6.27196741,6582084
2010-05-12,6.32254539,6.32254539,6.07014929,6.19609499,5260846
2010-05-13,6.14551488,6.14551488,5.9841633,6.09645224,857222
2010-05-14,5.98365833,6.06964494,5.86732304,5.96848345,2940770
2010-05-17,5.96848328,6.22947788,5.87642752,6.22947788,1288093
2010-05-18,6.17030014,6.46973612,6.08127839,6.12022591,1574336
2010-05-19,5.99073943,6.1111207,5.8673234,5.8673234,1604467
2010-05-20,5.86631181,5.89261341,5.6037991,5.89261341,1224819
2010-05-21,6.06913723,6.17029797,5.99528966,6.16979218,2475249
2010-05-24,6.12022421,6.29472637,6.12022421,6.29472637,435390
2010-05-25,6.17131112,6.32254611,6.12781147,6.24667645,2240228
2010-05-26,6.26185089,6.39234838,6.24768795,6.33013439,1667742
2010-05-27,6.44899816,6.75248051,6.44899816,6.75248051,772856
2010-05-28,6.77776932,6.77776932,6.38779428,6.52486706,1547219
2010-05-31,6.52486753,6.67660904,6.52486753,6.56533241,581525
2010-06-01,6.55015959,6.57443766,6.37312768,6.47428846,1031981
2010-06-02,6.47226504,6.66447073,6.43837619,6.57544899,831611
2010-06-04,6.5754478,6.72668278,6.45051478,6.52486706,2402935
2010-06-07,6.44899651,6.47428689,6.19609499,6.19609499,845170
2010-06-08,6.29725612,6.47428727,6.22189152,6.37312651,683970
2010-06-09,6.42370844,6.47428846,6.38324354,6.47428846,271177
2010-06-10,6.52537299,6.67610216,6.47428646,6.67610216,2524965
2010-06-11,6.6766102,6.81823587,6.58657686,6.81823587,1556258
2010-06-14,6.81823598,6.81823598,6.60073989,6.81216574,851196
2010-06-15,6.74995259,6.82835197,6.67762273,6.82835197,97925
2010-06-16,6.82126896,6.82835006,6.70189965,6.77777004,1167570
2010-06-17,6.83846333,6.97958314,6.82784169,6.92950821,762310
2010-06-18,6.90422188,6.95429611,6.85364185,6.95429611,2621
2010-06-21,6.92951035,6.97806719,6.68166673,6.68672466,1146478
2010-06-22,6.72719062,6.96593,6.51576406,6.59972715,3368629
2010-06-23,6.60073902,6.62046494,6.4489975,6.4489975,1694860
2010-06-24,6.44495031,6.49957667,6.32254553,6.32254553,426351
2010-06-25,6.32305133,6.49957668,6.32254554,6.48996735,1125387
2010-06-28,6.50008396,6.94165143,6.49704993,6.8278451,3052255
2010-06-29,6.68925188,6.83340645,6.68925188,6.82328987,1431215
2010-06-30,6.80306047,6.82835084,6.68419693,6.77524185,1524621
2010-07-01,6.72719111,6.77321901,6.65131998,6.65131998,580018
2010-07-02,6.6310872,6.72870743,6.47428846,6.47428846,802987
2010-07-05,6.47428727,6.49957691,6.36301065,6.37312651,165719
2010-07-06,6.47428911,6.47428911,6.28714132,6.28714132,451962
2010-07-07,6.29776409,6.46670189,6.28714171,6.40651178,3150180
2010-07-08,6.44444454,6.52486706,6.42370703,6.52486706,1728004
2010-07-12,6.67610395,6.72719049,6.60073934,6.72719049,1681301
2010-07-13,6.72617795,6.72617795,6.62754687,6.67660952,271177
2010-07-14,6.65131874,6.71252114,6.50665906,6.65941143,1190168
2010-07-15,6.69734641,6.69734641,6.5552157,6.62552309,82859
2010-07-16,6.52537571,6.62602998,6.50564906,6.54510164,947615
2010-07-19,6.60073805,6.60073805,6.47479271,6.57494116,219955
2010-07-20,6.52486823,6.64626145,6.49957785,6.63614559,2555096
2010-07-21,6.72213184,6.72719049,6.66396419,6.72719049,394714
2010-07-22,6.72668397,6.7631018,6.70190012,6.72719049,438403
2010-07-23,6.72668434,6.77726509,6.70139396,6.75248051,1021435
2010-07-26,6.77675893,6.77675893,6.70341677,6.72719049,2036845
2010-07-27,6.72719049,6.74742221,6.72719049,6.72719049,564953
2010-07-28,6.72719038,6.81469402,6.67711543,6.80306005,906938
2010-07-29,6.78636853,6.80053146,6.60427944,6.62602854,5693224
2010-07-30,6.6766093,6.6766093,6.50716503,6.52031565,4471418
2010-08-02,6.57544958,6.65991847,6.52031669,6.55015993,2199552
2010-08-03,6.52486849,6.57544924,6.44141119,6.47428846,870781
2010-08-04,6.5501585,6.5501585,6.398417,6.398417,917484
2010-08-05,6.4489972,6.4489972,6.33013368,6.37059784,1393551
2010-08-06,6.36705647,6.36806878,6.10049851,6.13388157,2157368
2010-08-09,6.22138477,6.32254553,6.06913821,6.32254553,1194688
2010-08-10,6.32254645,6.32254645,6.27196642,6.32153559,438403
2010-08-11,6.3154649,6.31647576,6.24718068,6.2618494,750258
2010-08-12,6.29169007,6.29725452,6.20620964,6.27044678,736699
2010-08-13,6.12528323,6.27095451,6.12528323,6.24667645,1294120
2010-08-16,6.28107155,6.28107155,6.23504366,6.27146149,696022
2010-08-17,6.27854259,6.32254731,6.22189304,6.27146149,2300490
2010-08-18,6.25932044,6.26286027,6.18142616,6.22138453,462508
2010-08-19,6.22088066,6.24617103,6.17181873,6.17181873,1169076
2010-08-20,6.1207311,6.22087955,6.09999286,6.22087955,551394
2010-08-23,6.1708063,6.21936315,6.14551592,6.14551592,1357394
2010-08-24,6.15108097,6.24667804,6.09493612,6.19660234,2017260
2010-08-25,6.12578818,6.5496521,6.07014987,6.5496521,4135459
2010-08-26,6.46416987,6.52436067,6.40145083,6.49957609,387181
2010-08-27,6.47428645,6.49957609,6.4636648,6.49957609,860235
2010-08-30,6.47428952,6.47428952,6.42421528,6.42775583,3058
2010-08-31,6.44899784,6.57544899,6.42471905,6.57544899,1324250
2010-09-01,6.57545035,6.82835197,6.500085,6.82835197,5694
2010-09-02,6.75298382,7.03016482,6.72668187,6.87892914,1324250
2010-09-03,6.86628516,7.08175657,6.83593686,6.96491623,3130595
2010-09-06,6.77777017,7.03067246,6.76107827,6.87387228,329932
2010-09-08,6.87842178,7.01397788,6.77776757,6.87842178,1715951
2010-09-09,7.01398113,7.03067303,6.81368275,7.03067303,3731705
2010-09-10,6.93507597,7.13183308,6.93507597,7.03067303,1666236
2010-09-13,6.980597,7.18241274,6.980597,7.06607819,1559271
2010-09-14,7.0802429,7.12677659,6.99880803,7.08125448,1078684
2010-09-15,7.08125448,7.08125448,7.03117951,7.08125448,1150998
2010-09-16,7.0812539,7.0812539,6.95530925,6.97402287,468534
2010-09-17,6.9735175,7.16572396,6.79598122,6.82835197,1200714
2010-09-20,6.82936072,6.92900335,6.82936072,6.87892914,1214273
2010-09-21,6.92445511,6.92445511,6.71707487,6.71707487,2205578
2010-09-22,6.77777112,6.82784535,6.70746444,6.72668457,2259
2010-09-23,6.70948654,6.72719002,6.52486776,6.66649342,1312198
2010-09-24,6.67660929,6.82835008,6.58101224,6.62602854,1277548
2010-09-27,6.62603061,6.65132099,6.55521812,6.63867617,1191675
2010-09-28,6.68369113,6.68369113,6.47428846,6.47428846,2021780
2010-09-29,6.38324309,6.474288,6.30231476,6.30231476,4302685
2010-09-30,6.3088888,6.57038879,6.29927873,6.57038879,2857911
2010-10-01,6.56988558,6.79800331,6.52537507,6.77726507,3537361
2010-10-04,6.87134367,6.92445338,6.67660903,6.92394686,2308023
2010-10-05,6.81621192,7.18241405,6.81621192,7.18241405,4039040
2010-10-06,7.08125259,7.38473491,6.98009109,6.98009109,2600292
2010-10-07,6.91383149,7.05596222,6.77777028,6.98009109,1574336
2010-10-08,6.86830971,7.13183295,6.86830971,7.08074713,604123
2010-10-11,7.23248698,7.38372269,7.11615243,7.36955976,3968232
2010-10-13,7.36905387,7.56631672,7.21427762,7.56125879,1731017
2010-10-14,7.58048037,7.73323348,7.39232176,7.58705568,2698217
2010-10-15,7.58705412,7.62397845,7.48690496,7.58654833,1604467
2010-10-18,7.58654916,7.58654916,7.40446081,7.43531418,1036501
2010-10-19,7.41103491,7.45756858,7.33061167,7.33415222,2133264
2010-10-20,7.33466111,7.37512528,7.28610425,7.32403946,1232351
2010-10-21,7.28306642,7.37815765,7.25777605,7.33415222,1179622
2010-10-22,7.18342305,7.33415222,7.14396976,7.33415222,573992
2010-10-25,7.3351639,7.3351639,7.18241155,7.18746948,432377
2010-10-26,7.20770288,7.31897877,7.19657544,7.30886364,1731017
2010-10-27,7.30582859,7.33364865,7.18595276,7.28104401,4912835
2010-10-28,7.68315925,7.8146676,7.5784572,7.58705568,6660424
2010-10-29,7.46060748,7.9411211,7.34022654,7.9411211,2012740
2010-11-01,7.70338911,8.11814796,7.63763459,8.09285831,1327263
2010-11-03,8.14293479,8.3108617,7.94061397,8.21931171,2086561
2010-11-04,8.09386919,8.34525404,7.9977671,8.14343834,1028968
2010-11-05,8.28961536,8.28961536,7.95831451,8.09285831,670411
2010-11-08,7.97399477,7.97399477,7.71401215,7.71401215,16654827
2010-11-09,7.73879513,7.7640855,7.650785,7.68770933,923510
2010-11-10,7.66090188,7.73778385,7.47931862,7.47931862,1694860
2010-11-11,7.83995734,7.83995734,7.58705507,7.61234617,4112861
2010-11-12,7.60222947,7.61740399,7.41761143,7.43531418,1859073
2010-11-16,7.43531773,7.66242394,7.39333617,7.48589849,3498191
2010-11-17,7.58705486,7.81466675,7.58705486,7.81466675,1398071
2010-11-18,7.81466756,8.09286023,7.74031454,8.06706333,3492165
2010-11-19,8.06605057,8.19351254,7.89053609,8.09285831,1078684
2010-11-22,8.14394401,8.18086761,8.0473354,8.11814785,1691847
2010-11-23,7.98157925,7.9916951,7.81719298,7.83995438,1236871
2010-11-24,8.02811797,8.19351519,7.99625156,8.1636734,3073346
2010-11-25,8.16367273,8.29518108,7.99372267,8.28708839,1919335
2010-11-26,8.336151,8.336151,8.09285952,8.29518032,1114841
2010-11-29,8.29518041,8.34525536,8.00737842,8.23296642,2023286
2010-11-30,8.24409355,8.66593424,8.16974055,8.61687088,25709147
2010-12-01,8.69982458,8.69982458,8.26028034,8.34576225,4670281
2010-12-02,8.32097878,8.85156655,8.32097878,8.82577038,3427384
2010-12-03,8.80047728,8.90163803,8.73978141,8.90163803,1000344
2010-12-06,8.9021476,9.07917881,8.66694874,9.07917881,1477918
2010-12-07,8.99470778,9.1297574,8.82728668,9.04882908,4480457
2010-12-08,8.96840473,9.20461582,8.80098438,8.80098438,1440254
2010-12-09,8.85257695,9.00280108,8.82627499,8.85156536,531809
2010-12-10,8.94008154,8.96739582,8.85864742,8.90214634,1176609
2010-12-13,8.86825556,8.97750901,8.80098438,8.80098438,937069
2010-12-14,8.82627403,8.8515644,8.75546157,8.80098438,388687
2010-12-15,8.81514903,8.82121927,8.59866524,8.59866524,1114841
2010-12-16,8.70033086,8.83133415,8.59512373,8.64924431,2463196
2010-12-17,8.72511641,8.72511641,8.49750517,8.59866524,1776213
2010-12-20,8.59866332,8.84144976,8.49750328,8.49750328,2014247
2010-12-21,8.56325593,8.74332255,8.54808214,8.64013863,1691847
2010-12-22,8.66297073,8.66297073,8.30078644,8.3815546,3382187
2010-12-23,8.38155691,8.68633938,8.33075849,8.68633938,577005
2010-12-27,8.5852518,8.58626772,8.52429488,8.54918575,119016
2010-12-28,8.61471539,8.61471539,8.37241229,8.50346947,326919
2010-12-29,8.61522579,8.7000577,8.48874096,8.49686909,186811
2010-12-30,8.63503536,8.78793567,8.54106087,8.58474636,912964
2011-01-03,8.38155537,8.88952776,8.38155537,8.83873081,573992
2011-01-04,8.88902143,8.88902143,8.71732581,8.73713779,667398
2011-01-05,8.78641156,8.80317578,8.61471737,8.63554382,476067
2011-01-06,8.68633776,8.69395793,8.55934576,8.61014271,705061
2011-01-07,8.63503522,8.69091253,8.49686728,8.55934811,1413136
2011-01-10,8.6563706,8.87784656,8.61319235,8.83314514,1250430
2011-01-11,8.83314512,8.88445004,8.73713878,8.77777576,890366
2011-01-12,8.82400264,8.95759967,8.78285768,8.90477085,2502367
2011-01-13,8.83924321,8.94032919,8.83924321,8.88445187,837637
2011-01-14,8.8392373,8.94032322,8.76761246,8.76761246,628228
2011-01-17,8.80418718,8.88901905,8.76050171,8.7879324,275697
2011-01-18,8.78793619,9.11811829,8.78793619,9.11811829,861742
2011-01-19,9.12014868,9.1435164,8.97740836,9.06731987,599603
2011-01-20,9.06731984,9.1318325,8.68633938,8.68633938,1559271
2011-01-21,8.77320253,8.83873185,8.53394794,8.53394794,549888
2011-01-24,8.53394851,8.71275488,8.53394851,8.68633938,762310
2011-01-26,8.73612212,8.83873343,8.69700903,8.77777576,1816890
2011-01-27,8.77726696,8.78793417,8.53394794,8.53394794,580018
2011-01-28,8.50905596,8.53394684,7.88374067,8.0031147,1988636
2011-01-31,8.09810767,8.24084799,8.01124393,8.22916412,2101626
2011-02-01,8.33075876,8.68633965,8.12045799,8.6380825,12986
2011-02-02,8.55121973,8.74729756,8.31247234,8.31247234,1042527
2011-02-03,8.27996022,8.63452585,8.27996022,8.35564804,4775
2011-02-04,8.19055866,8.29977275,8.02597523,8.02597523,1462852
2011-02-07,7.97974927,8.05137341,7.91472864,7.91472864,281723
2011-02-08,7.87358046,8.07677041,7.84818162,7.87358046,6990
2011-02-09,7.97517502,8.22916118,7.62518183,7.82278347,1233858
2011-02-10,7.88475829,7.88475829,7.41640759,7.41640759,1907282
2011-02-11,7.4672042,7.77198812,7.21931351,7.74709797,3196883
2011-02-14,7.77198858,8.22916412,7.67344171,8.22916412,1322744
2011-02-15,8.27996019,8.38155555,8.15855504,8.33075714,1699379
2011-02-16,8.21392416,8.43235302,8.11486934,8.43235302,893379
2011-02-17,8.35869769,8.50854875,8.30078854,8.41965389,1715951
2011-02-18,8.33532821,8.38663385,8.15296615,8.31450176,858729
2011-02-21,8.32923205,8.33075593,8.12756744,8.15296555,149147
2011-02-22,8.01022913,8.32669548,7.92844427,8.02597523,1104295
2011-02-23,8.05137309,8.22713241,7.88171005,7.88171005,406766
2011-02-24,7.88171005,7.88171005,7.88171005,7.88171005,0
2011-02-25,7.88374274,7.88374274,7.67090216,7.72119188,700542
2011-02-28,7.82278634,7.97263813,7.78163993,7.97263813,3070333
2011-03-01,8.0254669,8.17836645,7.8740905,8.00057602,586045
2011-03-02,8.17278134,8.22916663,7.87510951,8.20376778,564953
2011-03-03,8.1529681,8.38155696,8.080836,8.27996159,281723
2011-03-04,8.33075496,8.52632473,8.00057306,8.01581192,1491477
2011-03-09,8.01581192,8.01581192,8.01581192,8.01581192,0
2011-03-10,8.43235316,8.83619116,8.3307578,8.45775127,2032325
2011-03-11,8.49426835,8.53023921,8.2476102,8.42746449,622202
2011-03-14,8.32469113,8.56312682,8.16076719,8.50454617,420325
2011-03-15,8.47269052,8.47269052,8.19622839,8.29900169,679450
2011-03-16,8.37608278,8.42027614,8.25018434,8.29900169,905432
2011-03-17,8.28101448,8.35552552,8.06261997,8.06775856,956654
2011-03-18,8.12222708,8.22191792,7.86426401,7.88790226,1527634
2011-03-21,7.70856336,8.47834037,7.70856336,8.19262886,8677
2011-03-22,8.19879087,8.44030963,8.18337511,8.24760818,245265
2011-03-23,8.32469324,8.42489796,8.06775856,8.06775856,745135
2011-03-24,8.17053543,8.29900169,8.07032994,8.29900169,912
2011-03-25,8.16282002,8.311842,8.10629408,8.24760818,371212
2011-03-28,8.12428285,8.22191826,8.05747971,8.18080807,863550
2011-03-29,8.1345603,8.19622485,8.07032646,8.11657524,475163
2011-03-30,8.1345603,8.19622485,8.07032646,8.11657524,475163
2011-03-31,8.19108694,8.19108694,8.01637118,8.06775856,476971
2011-04-01,8.1191428,8.1191428,7.91359557,8.05490971,2299887
2011-04-04,8.21934577,8.32468828,7.99067348,8.15768051,592071
2011-04-05,8.21934577,8.32468828,7.99067348,8.15768051,592071
2011-04-06,8.17053115,8.2733044,8.05747924,8.19365406,1264591
2011-04-07,8.26559398,8.26816401,8.12941919,8.19622231,775266
2011-04-08,8.22191988,8.22191988,8.07032778,8.13199234,627926
2011-04-11,8.17309823,8.19365258,8.09344864,8.11914158,533918
2011-04-12,8.09858845,8.20650176,7.99324443,8.05490971,398631
2011-04-13,8.17566517,8.17566517,7.83651108,7.96497869,1844309
2011-04-14,7.90331622,8.28357983,7.90074766,8.28357983,432980
2011-04-15,8.22191812,8.39663384,8.11657483,8.12171268,711690
2011-04-18,8.18594901,8.33240178,7.99581675,8.13199234,641787
2011-04-19,8.09344737,8.10629384,8.02664426,8.07032299,430268
2011-04-20,8.20907198,8.21677987,7.97269243,8.0934515,2520144
2011-04-25,8.07289629,8.15768449,8.00866318,8.00866318,461303
2011-04-26,8.03178537,8.11914285,7.96498224,8.01636887,624009
2011-04-27,8.07546611,8.09345191,7.85193302,7.93929052,520058
2011-04-28,7.94185787,7.94185787,7.70804691,7.70804691,1145273
2011-04-29,7.75686572,8.01636888,7.4562509,7.70804691,1542398
2011-05-02,7.7722828,7.93158202,7.62583004,7.8365159,953340
2011-05-03,7.83394282,8.11657175,7.83394282,8.07032299,1025352
2011-05-04,8.14226443,8.32468796,8.13455655,8.32468796,953340
2011-05-05,8.3272614,8.35038578,8.2090709,8.22191811,426954
2011-05-06,8.38635735,8.50454713,8.18080861,8.47885418,529700
2011-05-09,8.47371367,8.47628296,8.42232704,8.42232704,391
2011-05-10,8.42232704,8.42232704,8.42232704,8.42232704,0
2011-05-11,8.25017853,8.35038394,8.10629511,8.219347,882833
2011-05-12,8.14483827,8.14483827,7.96498394,7.97783041,643293
2011-05-13,7.92387508,8.09088295,7.92387508,8.06775856,2967888
2011-05-16,8.06775856,8.06775856,8.06775856,8.06775856,0
2011-05-17,8.08830992,8.08830992,7.89303916,7.91359425,377539
2011-05-18,7.93415269,7.96498423,7.79026848,7.90075111,1125387
2011-05-19,7.97012244,7.97012244,7.75686656,7.81082249,593577
2011-05-20,7.7465878,7.88790195,7.63096734,7.70804691,1194989
2011-05-23,7.6849253,7.90075049,7.60013562,7.8365159,1640323
2011-05-24,7.8365147,8.07546425,7.8365147,8.07546425,1273329
2011-05-25,8.0934495,8.17309909,7.95213536,8.09601879,2941976
2011-05-26,8.27073368,8.27587227,8.01379838,8.06004715,2673811
2011-05-27,8.0394949,8.1448382,7.86734845,8.02921772,174156
2011-05-30,8.0292166,8.08831185,7.88790245,7.89561033,228994
2011-05-31,7.87505701,8.0934515,7.87505701,8.0934515,1143465
2011-06-01,8.02151051,8.14483889,7.91873649,8.06775856,2593060
2011-06-02,8.04720149,8.09345027,7.74915743,7.7620039,1996168
2011-06-03,7.76714111,7.90588593,7.68235293,7.82366705,969309
2011-06-06,7.88789842,8.0163653,7.83651108,7.96497869,2477659
2011-06-07,7.96498095,8.05747775,7.78512669,7.78512669,281723
2011-06-08,7.76457371,7.86477915,7.70804775,7.81082249,504390
2011-06-09,7.87248193,8.0163653,7.74915364,7.96497869,386277
2011-06-10,7.98039575,8.06775395,7.89560759,8.00609016,377539
2011-06-13,7.97012387,8.09345225,7.85193334,8.06775856,382963
2011-06-14,8.08830887,8.1319876,8.00351997,8.04206085,849388
2011-06-15,8.02151051,8.08317433,7.96498454,8.06775856,1280561
2011-06-16,8.06775856,8.15768536,7.96755384,8.06775856,699337
2011-06-17,8.15768297,8.15768297,7.57957993,7.74658775,1571625
2011-06-20,7.74658609,7.77998765,7.47680434,7.55645466,782799
2011-06-21,7.61555079,7.75172635,7.57444135,7.72089481,536931
2011-06-22,7.72089465,7.7465876,7.59756484,7.63096714,387784
2011-06-24,7.58985716,7.75172639,7.48451461,7.70804691,1675275
2011-06-27,7.72603295,7.78512819,7.58214951,7.58214951,527289
2011-06-28,7.59499822,7.63353839,7.32264776,7.3740344,1498407
2011-06-29,7.37403037,7.48708151,7.31236584,7.32264376,620394
2011-06-30,7.37403487,7.41771363,7.14793171,7.39972782,1513773
2011-07-01,7.40486546,7.71575677,7.32264655,7.64381504,2978434
2011-07-04,7.64381599,7.7080491,7.45111443,7.65666246,383867
2011-07-05,7.70804632,7.72860141,7.51791486,7.6540904,1400783
2011-07-06,7.67464689,7.70290986,7.5281934,7.53590202,486010
2011-07-07,7.55645342,7.55645342,7.30465677,7.38687563,677944
2011-07-08,7.38687859,7.57701006,7.26098095,7.38430929,955750
2011-07-11,7.36889586,7.36889586,7.11709976,7.11709976,2240831
2011-07-12,7.10425179,7.19417858,6.90127235,7.19417858,1530345
2011-07-13,7.21216527,7.42285115,7.14793068,7.25841331,1939824
2011-07-14,7.2712589,7.43055886,7.19417858,7.19417858,1007876
2011-07-15,7.13765316,7.13765316,6.89099642,6.91155005,2507188
2011-07-18,6.916689,6.98863073,6.7085717,6.87044096,2521048
2011-07-19,6.93724278,7.13508289,6.88585615,6.88585615,502281
2011-07-20,6.96293778,7.07085037,6.93724336,7.07085037,3343017
2011-07-21,7.09140356,7.14279166,6.97578382,6.97578382,1136535
2011-07-22,7.03230742,7.30979707,6.97835151,7.27125692,2290547
2011-07-25,7.06571103,7.29695272,7.06571103,7.29695272,1069
2011-07-26,7.18133194,7.19160986,7.01175553,7.19160986,1144068
2011-07-27,7.16591455,7.18389961,6.96293661,7.0271697,328124
2011-07-28,6.97321275,6.97321275,6.82932932,6.87814665,1334796
2011-07-29,6.83446836,6.84731483,6.37455439,6.83446836,991
2011-08-01,7.16848371,7.57957965,6.84217596,6.84217596,907541
2011-08-02,6.82419134,7.16334485,6.82419134,7.09397316,2272468
2011-08-03,7.15306517,7.18903601,6.88071418,7.04001331,1704200
2011-08-04,7.02716957,7.06570973,6.55183981,6.84217596,543560
2011-08-05,6.86016308,6.98863076,6.3077529,6.7445426,2976325
2011-08-08,6.60836708,6.66746234,6.17414667,6.44906712,2858212
2011-08-09,6.51586824,6.92696487,6.40795568,6.59037924,2103434
2011-08-10,6.56982572,6.78308234,6.52614772,6.68030834,741218
2011-08-11,6.72912568,6.91154928,6.58267367,6.68030834,4795927
2011-08-12,6.77537332,6.80363556,6.57753325,6.57753325,994318
2011-08-15,6.71627722,6.89613148,6.65718198,6.71370792,563748
2011-08-16,6.71113906,6.93467283,6.57753355,6.93467283,971719
2011-08-17,6.98092178,7.0502942,6.68544629,6.8730092,4822141
2011-08-18,6.84731626,6.92953517,6.68287772,6.86016273,673725
2011-08-19,6.86016326,6.98606165,6.5903814,6.70857191,1224819
2011-08-22,6.68287637,6.81905191,6.5775331,6.61864328,1310691
2011-08-23,6.68030703,6.89870145,6.68030703,6.83446836,649018
2011-08-24,6.84474456,6.96293502,6.73169269,6.82932806,5078253
2011-08-25,6.79335828,6.91154802,6.71884727,6.71884727,903624
2011-08-26,6.70086247,6.79849861,6.62378216,6.62378216,1501721
2011-08-29,6.74967727,7.11709432,6.65974979,7.04001331,1417053
2011-08-30,7.08883549,7.11709847,6.90384258,6.96293783,834925
2011-08-31,7.1350832,7.34833908,7.00918481,7.34833908,5669119
2011-09-01,7.39458955,7.87505809,7.11709976,7.11709976,3638300
2011-09-02,7.11195888,7.23271868,7.05286437,7.12737465,766227
2011-09-05,6.99119804,7.10681922,6.81905165,6.97321224,278107
2011-09-06,7.04258724,7.32264703,6.87301082,7.16848564,773157
2011-09-08,7.21730132,7.66436887,7.21730132,7.62068939,1377281
2011-09-09,7.49736169,7.66180023,7.49736169,7.59756565,978951
2011-09-12,7.45111174,7.76200297,7.36889285,7.6540904,2546056
2011-09-13,7.67464601,7.72603263,7.48965239,7.54617834,1060907
2011-09-14,7.67464514,7.68235302,7.52819169,7.68235302,504691
2011-09-15,7.71318743,8.06261889,7.63353707,7.73888111,3110106
2011-09-16,7.83651297,8.09344826,7.70547603,8.07803249,987086
2011-09-19,8.06518554,8.06518554,7.81082028,7.91359425,815039
2011-09-20,7.96498086,7.97782733,7.80311166,7.91359425,497159
2011-09-21,7.91102632,8.1962239,7.85193108,8.01636887,1250128
2011-09-22,7.63096383,7.93671636,7.63096383,7.85963535,865960
2011-09-23,7.83651333,8.20906907,7.70804568,7.96755028,1273932
2011-09-26,7.96755323,8.19365561,7.71061857,7.97783041,690900
2011-09-27,7.9803967,8.04206197,7.72089358,7.9058857,1715047
2011-09-28,7.9110246,8.16795915,7.78255696,7.99324274,905432
2011-09-29,7.99324206,8.2193458,7.99324206,8.04206085,671014
2011-09-30,7.99324499,8.22191811,7.95984416,8.22191811,1255853
2011-10-03,8.09345225,8.29899955,8.00352471,8.06775856,1724991
2011-10-04,8.08831054,8.08831054,7.31750607,7.55131626,2896177
2011-10-05,7.54874565,7.63353381,7.32521193,7.33292055,6478434
2011-10-06,7.42027942,7.57957935,6.97064335,7.10681963,5055655
2011-10-07,7.10682003,7.25584131,7.05543193,7.16591454,1285382
2011-10-10,7.26611902,7.4511119,7.21730096,7.30979776,1438145
2011-10-11,7.30465806,7.42541782,7.1993148,7.32007456,674629
2011-10-13,7.39972219,7.45110953,7.02716726,7.18132782,1943741
2011-10-14,7.21986764,7.34319667,7.12480231,7.14535666,1267604
2011-10-17,7.12737661,7.39972782,7.12737661,7.39972782,1279054
2011-10-18,7.12737661,7.39972782,7.12737661,7.39972782,1279054
2011-10-19,7.65151913,7.72859942,7.49221925,7.66179705,513730
2011-10-20,7.65922851,7.70804584,7.48965142,7.52819157,433281
2011-10-21,7.60270653,7.7491593,7.58215143,7.65666246,2494834
2011-10-24,7.73117165,7.81852987,7.62839839,7.63610554,1154312
2011-10-25,7.73117165,7.81852987,7.62839839,7.63610554,1154312
2011-10-26,7.6258286,7.70547747,7.55388615,7.57957983,1278451
2011-10-27,7.70547511,7.70547511,7.42284692,7.45110989,2547563
2011-10-28,7.56929998,7.59756221,7.14278842,7.18132782,4166192
2011-10-31,7.17362064,7.22500799,7.12737187,7.21986866,2057635
2011-11-01,7.25584008,7.51534466,7.16334328,7.4254179,812930
2011-11-03,7.5153451,7.56930175,7.27382629,7.52819157,2335140
2011-11-04,7.54874756,7.6104121,7.5127767,7.57957983,650223
2011-11-07,7.5230531,7.70547667,7.5230531,7.68235302,1302556
2011-11-08,7.60527488,7.70804815,7.52819382,7.64381504,1009684
2011-11-09,7.61811993,7.65409079,7.44854356,7.63096714,1311595
2011-11-10,7.68235386,7.73887981,7.47937518,7.62839794,2175748
2011-11-11,7.62839912,7.80568414,7.56416453,7.69777155,674629
2011-11-14,7.80311325,7.99067617,7.70804714,7.7645731,1225120
2011-11-16,7.677217,7.97783041,7.677217,7.97783041,1535468
2011-11-17,8.03178737,8.22191963,7.90075111,7.90075111,1742165
2011-11-18,7.95213422,7.95213422,7.74144696,7.84935951,1392045
2011-11-21,7.84935951,7.9007476,7.74915558,7.84935951,1623751
2011-11-22,7.90588699,7.90588699,7.62582874,7.62582874,884641
2011-11-23,7.60784192,7.8776237,7.60784192,7.82366705,1825025
2011-11-24,7.82109987,7.90075022,7.81339124,7.86220932,176868
2011-11-25,7.8211002,8.09345136,7.81853091,8.00352383,3016399
2011-11-28,8.0189389,8.06004835,7.91616491,8.01636887,2191718
2011-11-29,7.96498367,8.17053242,7.89561123,8.00352383,1651170
2011-11-30,7.96754921,8.37607574,7.92643977,8.37607574,3420454
2011-12-01,8.29899836,8.50197707,8.26045894,8.47371483,934658
2011-12-02,8.47371413,8.55593304,8.16539215,8.22191811,1287189
2011-12-05,8.42746187,8.47371063,8.29642569,8.3632288,863248
2011-12-06,8.40177085,8.44544959,8.20136149,8.26302528,2967286
2011-12-07,8.29643174,8.46600819,8.27330735,8.46600819,1512869
2011-12-08,8.42746146,8.5482212,8.29899384,8.43773937,605630
2011-12-09,8.47628228,8.59190273,8.38892407,8.59190273,1908186
2011-12-12,8.60475061,8.81286789,8.49169945,8.75634193,694214
2011-12-13,8.86425477,8.86425477,8.50454617,8.50454617,1500817
2011-12-14,8.60475299,8.64329241,8.40434354,8.55593491,6655603
2011-12-15,8.68440193,8.73065072,8.35295551,8.49170113,2609934
2011-12-16,8.62530259,8.73835373,8.39920032,8.73835373,651730
2011-12-19,8.73578808,8.80259196,8.40691097,8.47885418,489325
2011-12-20,8.4274621,8.53537464,8.33239676,8.53537464,637568
2011-12-21,8.5328108,8.58419743,8.2938612,8.35552502,1293818
2011-12-22,8.4381673,8.56492116,8.09670925,8.09670925,1582773
2011-12-23,8.10964209,8.36056228,7.99323526,8.07601357,1210356
2011-12-26,8.12516366,8.24933002,8.05273309,8.21311474,56344
2011-12-27,8.2286333,8.37608113,8.1484425,8.34503937,662577
2011-12-28,8.30365199,8.43299258,8.16655188,8.42264557,327522
2011-12-29,8.45110046,8.62441734,8.39936466,8.60372257,818353
2012-01-02,8.56491965,8.8520551,8.48990235,8.67615223,261535
2012-01-03,8.7356486,8.85981568,8.61665503,8.7977314,685175
2012-01-04,8.69167282,8.71754109,8.45109893,8.61406803,1650266
2012-01-05,8.46662279,8.46920954,8.16396601,8.25191784,4469911
2012-01-06,8.27002227,8.27260902,7.86389403,8.00616837,1029269
2012-01-09,8.04238645,8.24415764,7.86907029,8.13292503,727961
2012-01-10,8.24157145,8.32176154,7.78629324,7.86389732,1486354
2012-01-11,7.86130998,8.12257723,7.68799308,7.8250947,1241391
2012-01-12,7.8432028,8.00617197,7.71386292,7.7423172,3324035
2012-01-13,7.77594256,7.88976189,7.76042131,7.79663658,2490616
2012-01-16,7.83026805,7.9415014,7.81992103,7.86389732,473656
2012-01-17,8.01910539,8.13551225,7.84061572,7.95443583,2003701
2012-01-18,8.01651762,8.24415706,8.01651762,8.12257671,2611139
2012-01-19,8.197594,8.197594,8.01910434,8.14327145,1161845
2012-01-20,8.09412208,8.14844537,7.98547623,8.11999035,821065
2012-01-23,8.11740298,8.12257649,8.0165174,8.04497242,1812069
2012-01-24,8.04497174,8.10964204,7.85096085,7.88976288,1562284
2012-01-26,7.92080465,7.97771469,7.74748852,7.88976288,1543302
2012-01-27,7.7655989,7.97771712,7.76301214,7.92598057,1706008
2012-01-30,7.84579087,7.9673705,7.76042503,7.83026886,1176308
2012-01-31,7.90528369,7.90528369,7.70868605,7.7707696,1675877
2012-02-01,7.86648241,8.09670935,7.86648241,8.03462505,2172735
2012-02-02,8.06566401,8.1484423,8.03203549,8.13550854,2499956
2012-02-03,8.03462685,8.25709284,8.03462685,8.08895016,2307420
2012-02-06,8.0346226,8.15361616,8.0346226,8.1458559,588154
2012-02-07,8.05273273,8.38125701,8.05273273,8.31658745,2235106
2012-02-08,8.4045375,8.45886079,8.25191614,8.34245396,1032584
2012-02-09,8.41747482,8.4950789,8.37091252,8.46921062,933453
2012-02-10,8.45368776,8.45627451,8.27778487,8.39160347,894283
2012-02-13,8.39160347,8.39160347,8.39160347,8.39160347,0
2012-02-14,8.33728042,8.40712496,8.31917241,8.35538769,539342
2012-02-15,8.3321074,8.40453795,8.17689853,8.30623913,690900
2012-02-16,8.20535526,8.38384492,8.12257694,8.20018101,1014204
2012-02-17,8.2777853,8.2777853,8.12257643,8.2777853,550791
2012-02-23,8.08377142,8.11998669,7.96736537,8.01910114,2235407
2012-02-24,7.97512847,8.09929633,7.94150069,7.97771597,2160381
2012-02-27,7.96736537,8.01910114,7.74748627,8.01910114,1722882
2012-02-28,8.01910452,8.26485123,7.98030248,8.14844513,1398674
2012-02-29,8.14844511,8.31658776,8.14844511,8.2467432,866864
2012-03-01,8.24674553,8.31400335,8.1769017,8.23898602,621599
2012-03-02,8.3217594,8.53129155,8.28037136,8.44075298,1340521
2012-03-05,8.40712726,8.53388039,8.14068501,8.18207455,1092845
2012-03-06,8.14585825,8.14585825,7.90269755,8.02427864,867165
2012-03-07,8.07084032,8.21570219,8.02169127,8.14844513,368500
2012-03-08,8.27519855,8.40712591,8.20276799,8.2777853,900008
2012-03-09,8.27778519,8.51059739,8.27778519,8.43040657,917484
2012-03-12,8.37091214,8.63993966,8.24933102,8.55716133,2185089
2012-03-13,8.55715759,8.74082143,8.55715759,8.62958813,475163
2012-03-14,8.62700212,8.98139457,8.56233183,8.62958813,1787362
2012-03-15,8.74082337,8.74082337,8.3941911,8.63735104,314867
2012-03-16,8.73306263,8.79514543,8.53646573,8.58820152,1557764
2012-03-19,8.58820152,8.58820152,8.58820152,8.58820152,0
2012-03-20,8.55974947,8.85723281,8.55974947,8.79256248,1022942
2012-03-21,8.59337704,8.71754491,8.54164124,8.54164124,1242596
2012-03-22,8.69995953,8.82566744,8.64758205,8.64758205,1242596
2012-03-23,8.51925623,8.55068302,8.20498909,8.32283974,682765
2012-03-26,8.40926115,8.46687704,8.25212799,8.37521553,1172090
2012-03-27,8.32807605,8.56115695,8.32807605,8.51139832,1564393
2012-03-28,8.58472952,8.70781709,8.56377808,8.64234543,2134168
2012-03-29,8.65543961,8.7549569,8.57425342,8.64234543,1564695
2012-03-30,8.7182902,8.82566547,8.55329978,8.82566547,4114668
2012-04-02,8.87018585,8.87018585,8.61353467,8.63972378,579114
2012-04-03,8.6161554,8.67900974,8.41450124,8.56377792,720729
2012-04-04,8.47735293,8.56115794,8.38045449,8.49830437,816244
2012-04-05,8.38307197,8.57686957,8.3778343,8.45640087,792140
2012-04-09,8.38045311,8.54544276,8.14475264,8.38045311,494447
2012-04-10,8.46687994,8.52973353,8.32807933,8.46164227,906637
2012-04-11,8.50354389,8.6999604,8.42497654,8.57687283,1226626
2012-04-12,8.6240143,8.76805334,8.55330344,8.75234032,1909693
2012-04-13,8.74709886,8.98279936,8.64758083,8.90423203,1565297
2012-04-16,8.82828546,9.08493669,8.65020082,8.96708679,1788265
2012-04-17,8.98279762,9.05874536,8.87804195,8.98279762,1411630
2012-04-18,8.98017905,9.45419886,8.95660878,9.37563229,2892561
2012-04-19,9.22111998,9.37301626,9.03779766,9.13993454,975034
2012-04-20,9.16088435,9.16350394,8.85185565,9.04827213,2188102
2012-04-23,8.91994504,9.15826438,8.8230466,8.90423203,704157
2012-04-24,8.90423258,9.15826495,8.87018695,9.11374474,272382
2012-04-25,9.16088215,9.22897414,9.00113017,9.00898743,1320333
2012-04-26,9.03517851,9.24992761,9.00899014,9.24468994,3124267
2012-04-27,9.29706674,9.72394606,9.24206968,9.61133385,1721978
2012-04-30,9.67942646,9.81560972,9.44372664,9.7291851,1764763
2012-05-02,9.67942646,9.81560972,9.44372664,9.7291851,1764763
2012-05-03,9.69775655,10.05654535,9.58514434,9.9517889,636062
2012-05-04,9.88893473,9.93869336,9.57204809,9.82084274,997331
2012-05-07,9.72132649,9.82084376,9.60871429,9.66371059,830104
2012-05-08,9.78679807,9.78679807,9.50919545,9.59038162,1211862
2012-05-09,9.63752606,9.79466005,9.4856305,9.68466663,1939221
2012-05-10,9.82346726,9.89941579,9.63490798,9.68466663,857523
2012-05-11,9.68466432,9.79465771,9.63752375,9.79465771,656249
2012-05-14,9.78941697,9.78941697,9.52491003,9.66371059,552599
2012-05-15,9.56419217,9.73703909,8.80995091,9.53276539,1201015
2012-05-16,9.4908631,9.61918831,9.34682413,9.61918831,541752
2012-05-17,9.4175332,9.65585174,9.07969666,9.07969666,1186251
2012-05-18,9.16612398,9.5799092,8.7628141,9.03517914,2010932
2012-05-21,9.03517914,9.03517914,9.03517914,9.03517914,0
2012-05-22,9.20540321,9.23944883,8.94089481,8.95660782,897899
2012-05-23,9.1896914,9.1896914,8.82828377,8.86756706,451058
2012-05-24,8.89375549,8.89375549,8.67114995,8.85185337,826790
2012-05-25,8.92256437,8.99327444,8.71043414,8.93042088,881628
2012-05-28,9.02470352,9.18183673,8.97756296,9.06136799,526084
2012-05-29,9.09541157,9.16612165,8.73138584,8.83876038,890667
2012-05-30,8.90423295,9.16088417,8.78900265,8.99327564,2068181
2012-05-31,8.98017965,9.55895519,8.92780218,9.55895519,2366175
2012-06-01,9.40182104,9.64799764,9.25516322,9.57204914,610752
2012-06-04,9.58514645,9.61919132,9.33635171,9.38349152,1195893
2012-06-05,9.21588088,9.4332488,9.02993975,9.10064983,422434
2012-06-06,9.23944984,9.34682437,9.1451695,9.29706573,762611
2012-06-08,9.23159823,9.29707143,9.10065411,9.21326637,500172
2012-06-11,9.21064736,9.60348046,9.04041844,9.05089378,989798
2012-06-12,9.25778192,9.34420576,9.18183418,9.28397179,971117
2012-06-13,9.23683429,9.33111467,9.19755023,9.24992847,462207
2012-06-14,9.29444767,9.29444767,9.06922324,9.16612244,1473398
2012-06-15,9.16874157,9.45420074,8.92518452,9.45420074,2301093
2012-06-18,9.32063914,9.67157078,9.26826015,9.67157078,632446
2012-06-19,9.67942579,9.86012927,9.55895705,9.63752365,2129045
2012-06-20,9.6244273,9.76322862,9.58514401,9.66371059,1393853
2012-06-21,9.60347561,9.80774931,9.60347561,9.68989944,1831955
2012-06-22,9.66371456,9.89155865,9.63752544,9.89155865,1381198
2012-06-25,9.87322443,10.02511996,9.78418173,10.00416851,714402
2012-06-26,9.87584119,10.08273374,9.70561384,9.87322235,527892
2012-06-27,10.03035728,10.08273552,9.85751031,10.04607105,951532
2012-06-28,10.04083274,10.18487251,9.61133529,9.71347141,635760
2012-06-29,9.86274758,10.40485795,9.73965927,10.13511181,968706
2012-07-02,10.0591624,10.38914322,9.95440671,10.1874876,645101
2012-07-03,10.11154474,10.44938146,10.11154474,10.179636,1385115
2012-07-04,10.21367967,10.28177017,10.15082534,10.18225288,304924
2012-07-05,10.18749035,10.43628583,10.16654041,10.29224682,1223011
2012-07-06,10.27653335,10.34462384,10.19010949,10.25296307,2239023
2012-07-10,10.25296227,10.46771135,10.22153549,10.39700127,949423
2012-07-11,10.34462235,10.55675258,10.02773643,10.14034939,1595127
2012-07-12,10.2634397,10.2634397,9.67942634,9.83394146,1700283
2012-07-13,9.8287031,9.92822114,9.74751691,9.80775166,1191675
2012-07-16,9.80775166,9.80775166,9.80775166,9.80775166,0
2012-07-17,10.05654704,10.05654704,9.81298923,9.81298923,593879
2012-07-18,9.86012924,10.03035738,9.72656633,9.96488571,2749741
2012-07-19,9.99107287,10.14296913,9.89417368,9.96750259,510416
2012-07-20,9.88369766,10.08273371,9.85489047,9.9517889,1238980
2012-07-23,9.81560815,10.31319757,9.78941828,10.26605701,1963326
2012-07-24,10.19534441,10.58294035,10.15606112,10.4912796,434486
2012-07-25,10.49128328,10.8317388,10.44938039,10.73745918,849087
2012-07-26,10.78983496,10.78983496,10.29748324,10.39700127,1826230
2012-07-27,10.44937801,10.47556713,10.17963265,10.44937801,2568052
2012-07-30,10.4729478,10.4729478,10.2843871,10.42318916,502883
2012-07-31,10.42318967,10.46247296,9.87322209,9.8994112,1958806
2012-08-01,9.98845263,10.16129956,9.74227755,9.938694,507704
2012-08-02,9.96488383,10.03821275,9.85489047,9.9517889,604726
2012-08-03,10.08273265,10.08273265,9.76060909,9.80251122,2431559
2012-08-06,9.7815629,10.05654674,9.7815629,9.85227299,1674973
2012-08-07,9.85489211,10.30010333,9.85489211,10.29224682,806904
2012-08-08,10.13511335,10.34462479,10.13511335,10.31843567,732782
2012-08-09,10.30796085,10.34462531,10.03035814,10.21368122,846074
2012-08-10,10.30796085,10.34462531,10.03035814,10.21368122,846074
2012-08-13,10.19796335,10.34462115,9.82084274,9.82084274,1848226
2012-08-14,9.79727367,10.1089219,9.79727367,10.10368347,647813
2012-08-15,10.09320793,10.42318797,9.95964431,10.37081051,1411027
2012-08-16,10.27914826,10.43104448,10.17701217,10.37081051,1202522
2012-08-17,10.2922474,10.37081476,10.08273596,10.16130257,523071
2012-08-20,10.23986821,10.23986821,9.8496526,9.99631119,779183
2012-08-21,10.05130957,10.31843617,10.05130957,10.27915287,801179
2012-08-22,10.21367922,10.33414869,9.96488452,10.04345036,328727
2012-08-23,9.97797792,10.14820602,9.97797792,10.12201691,711389
2012-08-24,10.16653892,10.19272728,9.98583472,10.01726151,625817
2012-08-27,10.06702129,10.16915817,10.02511916,10.08273506,297692
2012-08-28,10.02773941,10.09844951,10.00678796,10.05654812,644800
2012-08-29,10.05916334,10.19010815,10.05916334,10.12201691,450456
2012-08-30,10.12201512,10.39699886,10.05654348,10.37081051,1825929
2012-08-31,10.28962938,10.46771405,10.2267758,10.33153152,717114
2012-09-03,10.26605701,10.46771192,10.04083183,10.26605701,296487
2012-09-04,10.2136807,10.34200595,10.08273587,10.31843567,903322
2012-09-05,10.22153771,10.46771362,10.04083347,10.27915287,339875
2012-09-06,10.23463069,10.30534078,10.20582274,10.23986912,508307
2012-09-10,10.22153312,10.46770893,10.21367662,10.37081051,873192
2012-09-11,10.35509718,10.68245917,10.30010087,10.42318916,1123278
2012-09-12,10.58556372,10.65627381,10.25296468,10.34462547,983470
2012-09-13,10.34724519,10.71127102,10.29486695,10.48866463,781292
2012-09-14,10.52532816,10.73745918,10.37343263,10.73745918,1270919
2012-09-17,10.67198593,10.93649367,10.47033102,10.56723022,887956
2012-09-18,10.68246004,10.98887062,10.55937173,10.98887062,372115
2012-09-19,10.87364051,10.99934767,10.55151761,10.68508053,1173897
2012-09-20,10.63270378,10.82912181,10.55151909,10.71912766,1232954
2012-09-21,10.71912392,10.88935201,10.65103268,10.86840057,1834968
2012-09-24,10.81602493,10.999348,10.75579094,10.81864452,2078727
2012-09-25,10.82388306,10.98887354,10.7165085,10.7479353,1184443
2012-09-26,10.73745652,11.05172285,10.61698706,10.86840057,1364927
2012-09-27,10.84221027,10.98624922,10.79506972,10.87101746,1246513
2012-09-28,10.81602338,11.07791301,10.63531993,11.02815437,1361010
2012-10-01,11.04386753,11.37646725,11.02553568,11.33718395,2006111
2012-10-02,11.30051892,11.49431655,11.25861604,11.45765209,960872
2012-10-03,11.4209853,11.45241207,11.3555129,11.40527153,826790
2012-10-04,11.3659919,11.45241576,11.15648123,11.26123619,1662620
2012-10-05,11.23766715,11.37908809,11.1093419,11.16957664,1505638
2012-10-08,11.16957627,11.16957627,11.03863144,11.03863144,863248
2012-10-09,10.86840082,11.13290927,10.86840082,11.09624481,636062
2012-10-10,11.15648085,11.26647423,10.95220711,11.13029099,926824
2012-10-11,11.19314103,11.19314103,10.71126482,10.85530376,575800
2012-10-15,10.79507443,10.91816276,10.63794123,10.7322216,950929
2012-10-16,10.67198636,10.99934769,10.66412985,10.99934769,1771995
2012-10-17,10.92863695,11.1302911,10.91554276,10.96006298,1262482
2012-10-18,10.94958765,11.03601074,10.88935291,11.03601074,700843
2012-10-19,11.03601138,11.15386126,10.93911293,11.13029099,649621
2012-10-22,11.04910918,11.21148007,10.92078316,11.0648222,1749698
2012-10-23,11.02553449,11.02553449,10.71388625,10.86840057,755380
2012-10-24,10.93649484,10.9731593,10.63532186,10.7845993,447141
2012-10-25,10.78459621,10.78721504,10.29486337,10.63269997,863851
2012-10-26,10.48866183,10.80292892,10.48866183,10.80292892,433884
2012-10-29,10.69293561,11.11719608,10.65888999,11.11719608,387181
2012-10-30,11.11719676,11.23242856,10.74007607,10.74007607,2239927
2012-10-31,10.80030986,10.90506555,10.54365866,10.81602287,1894025
2012-11-01,10.86578518,10.89197355,10.63270271,10.73745918,5812240
2012-11-05,10.62484762,10.77674241,10.39700356,10.4284296,3010071
2012-11-06,10.43366552,10.83435571,10.39176264,10.80292892,2049500
2012-11-07,10.85530715,10.95220634,10.61175013,10.80292892,950327
2012-11-08,10.83697522,10.87887811,10.62484573,10.67722321,1370049
2012-11-09,10.67722179,10.71388624,10.37343005,10.53841972,975034
2012-11-12,10.60389488,10.774123,10.48080731,10.70865059,457084
2012-11-13,10.70603029,10.81340483,10.58818116,10.59603691,769843
2012-11-14,10.64055825,10.75055163,10.5934177,10.716506,321797
2012-11-16,10.73745828,10.90244872,10.60389462,10.73483944,2095600
2012-11-19,10.63269832,10.76102427,10.46247101,10.46247101,624913
2012-11-21,10.43628399,10.53580202,10.03035539,10.12201691,2787404
2012-11-22,10.14821039,10.63270503,10.09845098,10.62746811,423639
2012-11-23,10.56199022,10.63531913,10.41009472,10.44937801,717415
2012-11-26,10.4572374,10.50175762,10.18749048,10.19796658,979553
2012-11-27,10.19796612,10.29224648,10.00154963,10.08273506,1626161
2012-11-28,10.0827356,10.23201228,9.88631835,9.9544096,1894929
2012-11-29,10.0303583,10.420574,9.99631342,10.34462547,1402892
2012-11-30,10.39176474,10.47295094,10.13511349,10.47295094,2016356
2012-12-03,10.3681932,10.5777046,10.34724251,10.55675316,1267002
2012-12-04,10.54104005,10.80292892,10.42580901,10.80292892,1264893
2012-12-05,10.74269327,10.83173595,10.30010099,10.40485668,1002754
2012-12-06,10.37866901,10.6196072,10.37081325,10.60651302,1592415
2012-12-07,10.60389551,10.82650113,10.55413686,10.73745918,581224
2012-12-10,10.73745727,10.81340427,10.63008198,10.80292892,721332
2012-12-11,10.79245358,10.96006133,10.5724661,10.86840057,1266399
2012-12-12,10.84483261,11.10148383,10.75055225,11.05172443,1041623
2012-12-13,11.0648207,11.10148517,10.73745936,10.87887955,1049457
2012-12-14,10.91030626,11.06482139,10.77412449,10.89459324,856017
2012-12-17,10.88149735,10.88149735,10.56723022,10.56723022,2195032
2012-12-18,10.64579838,10.64579838,10.31843627,10.43628693,1650266
2012-12-19,10.45461647,11.02553474,10.36557379,10.86578274,2065168
2012-12-20,10.86316545,11.00720447,10.74007713,10.74531555,1370351
2012-12-21,10.63532243,10.92340048,10.46247619,10.51485443,4332816
2012-12-26,10.71215296,10.9150648,10.56194583,10.72005844,483600
2012-12-27,10.82547244,10.87290685,10.5672206,10.74641609,554106
2012-12-28,10.80965575,11.03364964,10.64363766,10.64363766,1260373
2013-01-02,10.82019837,11.015204,10.64363886,10.79911709,953038
2013-01-03,10.84918792,10.97040834,10.68580418,10.77803707,1179321
2013-01-04,10.75168175,10.75168175,10.44863231,10.51451206,2360149
2013-01-07,10.46707763,10.69634107,10.40119713,10.51187611,763214
2013-01-08,10.51187925,10.68053331,10.44863465,10.5803957,664385
2013-01-09,10.58039,10.64363458,10.53822594,10.61201191,934658
2013-01-10,10.61992116,10.69634155,10.580393,10.5935688,1271823
2013-01-11,10.59356992,10.6410028,10.52241908,10.60674572,593276
2013-01-14,10.75168421,10.75168421,10.51714963,10.64627552,749052
2013-01-15,10.75168123,10.77012734,10.51714671,10.69897652,1421874
2013-01-16,10.69897998,10.77803707,10.52242119,10.77803707,1232050
2013-01-17,10.75431626,11.16541026,10.74641078,11.12324619,1096160
2013-01-18,11.12061198,11.53170602,11.05736738,11.42366219,1502022
2013-01-21,11.42366224,11.73988825,11.33406529,11.68454838,871685
2013-01-22,11.72671453,11.77678333,11.46846351,11.69772625,865056
2013-01-23,11.72671352,11.77678233,11.46846252,11.52643681,1097365
2013-01-24,11.70036124,11.70036124,11.2734562,11.34987736,1187155
2013-01-28,11.51325904,11.6292091,11.25237291,11.47636604,1377582
2013-01-29,11.45265106,11.67400983,11.39204086,11.60812855,569774
2013-01-30,11.58968216,11.58968216,10.87290344,10.93351364,4171314
2013-01-31,11.00202904,11.45001614,10.9677712,11.4289341,1308884
2013-02-01,11.42102815,11.51589544,11.16804747,11.33143044,1266399
2013-02-04,11.33142864,11.64765463,11.27872469,11.59495068,1179924
2013-02-05,11.59495386,11.63184686,11.3894068,11.62130547,707472
2013-02-06,11.54488552,11.60549497,11.46846435,11.59758949,634254
2013-02-07,11.62657473,11.66610289,11.4579207,11.55278873,2922692
2013-02-08,11.59231614,11.60285678,11.29980733,11.35778236,1276342
2013-02-13,11.35514773,11.59495261,11.35514773,11.38413525,1076273
2013-02-14,11.38149979,11.50008504,11.14696598,11.14696598,2245652
2013-02-15,11.17858776,11.35778319,11.16541196,11.19703388,1194989
2013-02-18,11.2154839,11.31035196,11.10744004,11.14169788,1528839
2013-02-19,11.10216307,11.48427027,11.09162319,11.30507565,812629
2013-02-20,11.43683909,11.59495249,11.29980849,11.52643681,1573734
2013-02-21,11.55015283,11.55015283,11.36305268,11.46319103,938877
2013-02-22,11.51853176,11.5896826,11.31034955,11.51589584,1074767
2013-02-25,11.51589838,11.56069763,11.38413807,11.48954678,699939
2013-02-26,11.47636637,11.47900153,11.33933578,11.38149834,788825
2013-02-27,11.37622855,11.59495137,11.33142932,11.42366219,886750
2013-02-28,11.41312343,11.59495329,11.23919906,11.52907276,1885287
2013-03-01,11.51853212,11.66873929,11.41575859,11.52907276,1063317
2013-03-04,11.48163694,11.58704485,11.33406496,11.43156815,1605070
2013-03-05,11.40663451,11.59639418,11.40663451,11.50714139,968104
2013-03-06,11.51513599,11.72566507,11.37389497,11.45917225,875301
2013-03-07,11.56576922,11.56576922,11.3339212,11.45917225,998235
2013-03-08,11.51247112,11.6270627,11.41653361,11.45917225,655044
2013-03-11,11.45384251,11.51247112,11.38188958,11.45917225,642389
2013-03-12,11.46183675,11.50181052,11.29927605,11.30194092,1085915
2013-03-13,11.31259742,11.44850865,11.18468156,11.3925457,1292010
2013-03-14,11.43252268,11.68569038,11.36856435,11.63772202,1523415
2013-03-15,11.54711378,11.68835555,11.3179314,11.4138689,2271263
2013-03-18,11.39254932,11.80561287,11.37922422,11.56310463,1063619
2013-03-19,11.39254909,11.80561263,11.37922399,11.48582172,1317019
2013-03-20,11.43252467,11.52313245,11.33925202,11.4511795,1226626
2013-03-21,11.4218642,11.4591731,11.19534589,11.30993748,1144369
2013-03-22,11.25663643,11.25663643,10.5131226,10.53977203,2810907
2013-03-25,10.53977465,10.72898404,10.33724015,10.68368053,1572830
2013-03-26,10.7929368,11.07275383,10.75562792,10.95816231,1007876
2013-03-27,10.96082795,11.10739864,10.92618392,11.08341408,610149
2013-03-28,11.08341822,11.13938119,10.96882587,11.04344368,952436
2013-04-01,11.0008072,11.08608449,10.87555538,10.89953995,751764
2013-04-02,11.00080417,11.08608143,10.76895542,10.83824348,956353
2013-04-03,10.80360065,10.97415596,10.71832338,10.82758522,986484
2013-04-04,10.91552615,10.92352152,10.6810133,10.81958866,559529
2013-04-05,10.816925,10.816925,10.63304536,10.7396431,1655690
2013-04-08,10.71832486,10.83824618,10.61705761,10.69967079,579717
2013-04-09,10.75296623,11.15270387,10.60106578,10.81958866,860537
2013-04-10,10.69966822,11.03811317,10.69966822,10.87288761,1406809
2013-04-11,10.90753289,10.91019776,10.80626565,10.88887882,616477
2013-04-12,10.88621544,10.92618921,10.66769096,10.83025169,654743
2013-04-15,10.74230776,10.7849464,10.41985273,10.55576324,1048252
2013-04-16,10.6863447,10.69434007,10.44650206,10.67302036,446539
2013-04-17,10.65436217,10.65702704,10.3745451,10.60639381,1225421
2013-04-18,10.56375715,10.68367922,10.50246368,10.52644825,614368
2013-04-19,10.5797457,10.62504919,10.44649931,10.59307003,573691
2013-04-22,10.59307098,10.63837524,10.26262062,10.35322762,570678
2013-04-23,10.20132547,10.46248773,10.20132547,10.40385914,1639118
2013-04-24,10.3878712,10.41452063,10.2972642,10.3132534,1341726
2013-04-25,10.31858428,10.38787158,10.11338495,10.12404442,2472838
2013-04-26,10.12404442,10.12404442,10.12404442,10.12404442,0
2013-04-29,10.11871544,10.14003514,9.99612851,10.07341194,1605974
2013-04-30,10.10272624,10.12138108,10.00412387,10.07341194,1403494
2013-05-02,9.99612756,10.5184529,9.99612756,10.4891386,2595772
2013-05-03,10.47314936,10.53444282,10.02277695,10.04676151,1566502
2013-05-06,10.065419,10.09739818,9.70298862,9.70298862,1779528
2013-05-07,9.71897327,9.78826055,9.46047592,9.46047592,3005250
2013-05-08,9.51111257,9.5457566,9.36187696,9.447155,9567448
2013-05-09,9.43915738,9.74828875,9.41783768,9.6550169,2560519
2013-05-10,9.59372419,9.75894897,9.59105856,9.69232655,1597537
2013-05-13,9.59639354,9.87621077,9.5804028,9.79892731,1525524
2013-05-14,9.88686672,9.92417562,9.76694618,9.86021805,1445376
2013-05-15,9.86288173,10.25462557,9.817579,10.1746788,1619834
2013-05-16,10.18000692,10.23863551,10.05742076,10.12137985,2047993
2013-05-17,10.11605065,10.15602442,9.85488834,9.97480965,1271220
2013-05-20,10.11604946,10.30259395,9.85488717,10.13736916,640581
2013-05-21,10.27328113,10.27328113,10.0254439,10.16668415,580320
2013-05-22,10.16401692,10.34523242,10.12404316,10.33990192,649621
2013-05-23,10.23597324,10.64104225,10.18267437,10.42251778,884340
2013-05-24,10.42517936,10.55309677,10.10005953,10.55309677,1435132
2013-05-27,10.43317699,10.52644887,10.39586809,10.43317699,327823
2013-05-28,10.45716177,10.50513015,10.35056403,10.3958683,846978
2013-05-29,10.45449388,10.5211163,10.12670768,10.22797489,1572830
2013-05-31,10.19333265,10.19333265,9.82557262,10.06008625,4089358
2013-06-03,10.0600847,10.17201214,9.75361895,9.76427841,1310993
2013-06-04,9.75095539,9.87887283,9.60438465,9.8522234,1751506
2013-06-05,9.82823846,9.83090332,9.45248382,9.47380352,1948260
2013-06-06,9.52177278,9.56174578,9.27393481,9.31390858,3161027
2013-06-07,9.32456813,9.32456813,9.09804909,9.12736416,3917613
2013-06-10,9.11403625,9.14868104,8.87419369,9.04741383,5094825
2013-06-11,8.97812745,8.97812745,8.62902225,8.79424858,7097924
2013-06-12,8.89018615,8.89818152,8.63701917,8.75161076,4171314
2013-06-13,8.73028981,9.05008072,8.67432684,8.97546291,2549371
2013-06-14,9.10071317,9.13802207,8.66899559,8.71696472,2717200
2013-06-17,8.7302887,8.96480154,8.70896977,8.79957676,1783746
2013-06-18,8.71163704,8.90084645,8.56506628,8.74095058,2327306
2013-06-19,8.74894252,8.81822981,8.42915169,8.57838726,3075455
2013-06-20,8.501107,8.73828475,8.30390302,8.60770321,3510545
2013-06-21,8.54640865,8.75960255,8.30656608,8.56506348,2519541
2013-06-24,8.47445414,8.73828043,8.31988811,8.52508736,1650567
2013-06-25,8.53575031,8.78092343,8.28791309,8.63435268,1650869
2013-06-26,8.66099819,8.88751635,8.61302908,8.76759434,2405948
2013-06-27,8.80224266,9.39119125,8.72229513,9.31390858,5538351
2013-06-28,9.19398532,9.40717923,9.17000076,9.32456684,3267088
2013-07-01,9.19398289,9.51377368,9.16999834,9.50577831,2004906
2013-07-02,9.45248058,9.4844605,9.15667434,9.2739315,1560175
2013-07-03,9.24195407,9.29525216,9.06073856,9.06073856,2883221
2013-07-04,9.13535683,9.28725805,8.97013205,9.25261402,1205535
2013-07-05,9.16733909,9.32456931,9.08739077,9.15934372,2264032
2013-07-08,9.14069048,9.14069048,8.87686248,8.98345947,1295626
2013-07-10,9.01010618,9.17000124,8.97279729,9.11403751,1251635
2013-07-11,9.19132008,9.2392892,9.00744047,9.06073856,1196194
2013-07-12,8.97279864,9.05807592,8.879526,9.03942108,1140753
2013-07-15,9.10604655,9.38319812,9.06074227,9.29259109,919894
2013-07-16,9.28725848,9.59372503,9.23662525,9.4871273,1288696
2013-07-17,9.58306577,9.58306577,9.35388263,9.46847343,3677771
2013-07-18,9.44448864,9.80691816,9.43649404,9.6310339,1891614
2013-07-19,9.64169331,9.65768327,9.4018507,9.4018507,527591
2013-07-22,9.4071801,9.70565207,9.4071801,9.59905434,674629
2013-07-23,9.53509552,9.70032029,9.37253561,9.62037277,1162448
2013-07-24,9.60171819,9.60971355,9.32190109,9.60971355,742122
2013-07-25,9.5350968,9.71098183,9.460479,9.64435863,1182635
2013-07-26,9.64435863,9.64435863,9.64435863,9.64435863,0
2013-07-29,9.57773232,9.66567442,9.44715159,9.46047592,1857265
2013-07-30,9.58039642,9.58039642,9.38852301,9.46047592,1300748
2013-07-31,9.46314556,9.59372711,9.11670516,9.59372711,2362258
2013-08-01,9.75362271,10.11871719,9.75362271,9.75628757,3265882
2013-08-02,9.79445876,9.92284009,9.73561683,9.91749096,1086518
2013-08-05,9.89876789,9.94958689,9.80783121,9.93621254,1122072
2013-08-06,9.86935051,9.93621537,9.67677731,9.78376293,750258
2013-08-07,9.75166656,9.77306306,9.46815668,9.543046,1039213
2013-08-08,9.56444117,9.65270329,9.42803538,9.65270329,593879
2013-08-09,9.67944964,9.92283947,9.62863218,9.8024826,967200
2013-08-12,9.78108682,9.84527711,9.46280688,9.60456181,1477315
2013-08-13,9.62863691,9.76236743,9.53502486,9.64200974,1912706
2013-08-14,9.6206105,9.77841359,9.33710061,9.682127,1961518
2013-08-15,9.63933349,9.75701738,9.42803834,9.74899292,2038050
2013-08-16,9.70887408,9.86132652,9.67945311,9.83190632,762913
2013-08-19,9.80248495,9.94958902,9.63933197,9.94156456,2194731
2013-08-20,9.84260386,9.9897087,9.84260386,9.93889046,863248
2013-08-21,9.98970816,9.98970816,9.6286344,9.66875362,2555096
2013-08-22,9.72492301,9.78376496,9.4574612,9.53235054,1408918
2013-08-23,9.53234881,9.65538104,9.45478415,9.62863541,1715047
2013-08-26,9.66073056,9.93354222,9.60723852,9.76236629,713197
2013-08-27,9.70619797,9.77841272,9.44141005,9.4868784,2277892
2013-08-28,9.42803723,9.57514207,9.26221122,9.39059258,1091640
2013-08-29,9.39059434,9.60991397,9.35582424,9.53502464,946410
2013-08-30,9.39059171,10.00308055,9.35582162,9.98435783,2502065
2013-09-02,10.02447932,10.02447932,9.82120786,9.89609718,1032885
2013-09-03,10.03784959,10.03784959,9.53502097,9.65270329,1735536
2013-09-04,9.62863585,9.80516014,9.59921411,9.72224712,674931
2013-09-05,9.74096984,9.78643742,9.56176945,9.72224712,1233858
2013-09-06,9.81853282,9.99505709,9.682127,9.94423962,1541795
2013-09-09,9.91749377,10.1769326,9.90679551,10.12343979,2595170
2013-09-10,10.14483708,10.24647359,10.13681416,10.24379826,1650567
2013-09-11,10.23042546,10.26519556,10.10739244,10.19832993,926523
2013-09-12,10.16890538,10.19832634,10.01110308,10.09401608,768035
2013-09-13,10.11274102,10.20367772,9.96831151,10.16623306,961776
2013-09-16,10.21437337,10.23042075,10.11808681,10.16355515,462809
2013-09-17,10.17692993,10.21170002,9.86399914,9.9683094,1331180
2013-09-18,9.97900998,10.12878862,9.97900998,10.05657387,2082945
2013-09-19,10.16356015,10.16890927,9.9281939,10.00308323,950628
2013-09-20,9.97098551,10.02982667,9.67410205,9.67945194,1789169
2013-09-23,9.97098623,10.0298274,9.66875439,9.78376293,1416451
2013-09-24,9.97098694,10.02982812,9.61793683,9.72224712,1366434
2013-09-25,9.64200929,9.83458174,9.56711996,9.81585979,1293517
2013-09-26,9.77039162,9.93086932,9.69550228,9.86667824,966898
2013-09-27,9.85597595,9.98703262,9.74364199,9.92551613,1586389
2013-09-30,9.85597898,10.04855143,9.73562053,10.02715492,1936208
2013-10-01,9.98703482,10.07797152,9.85330355,9.92284298,644498
2013-10-02,10.00040536,10.04052458,9.66072816,9.75434017,1464359
2013-10-03,9.76236472,9.89609596,9.7222455,9.83457947,1472795
2013-10-04,9.79445955,9.91481796,9.63130812,9.68480015,1263085
2013-10-07,9.65003086,9.75434114,9.61793533,9.7088728,423037
2013-10-08,9.76504021,9.78911129,9.59118975,9.66875362,850593
2013-10-09,9.70619794,9.70619794,9.57514126,9.57781506,1099173
2013-10-10,9.62595746,9.70084676,9.46815516,9.62060833,770747
2013-10-11,9.64200688,9.65805426,9.51362477,9.57781506,856318
2013-10-14,9.55374754,9.75969361,9.54839841,9.75701904,568569
2013-10-15,9.77306237,9.78643519,9.591189,9.70084763,1347752
2013-10-16,9.77841129,10.10204032,9.71956937,9.85597515,2261922
2013-10-17,9.83725726,10.01913148,9.7917889,9.86667824,444430
2013-10-18,9.9094699,10.0966932,9.82923145,9.97633553,812327
2013-10-21,9.91214555,10.12343993,9.84795371,9.88272381,724044
2013-10-22,9.88272238,10.05389829,9.85597675,9.94958878,1803632
2013-10-23,9.94156663,10.069948,9.91749478,9.98703575,1208849
2013-10-24,9.96563759,10.07262245,9.86132653,9.88272381,597494
2013-10-25,9.93086728,10.05924865,9.81585873,9.89609718,599603
2013-10-28,9.90947276,10.12344253,9.83190885,10.10204601,592975
2013-10-29,10.05122368,10.09669203,9.82923031,9.82923031,968405
2013-10-30,9.86935052,10.10471673,9.85865226,10.09669304,711389
2013-10-31,10.0218051,10.15821171,9.90412198,10.15821171,1520402
2013-11-01,10.13413828,10.13413828,9.80248548,9.85330296,1482739
2013-11-04,9.85597948,9.85597948,9.55909594,9.64200974,1728908
2013-11-05,9.66875508,9.75701722,9.53234925,9.72224712,2159176
2013-11-06,9.73561903,9.74364349,9.56711845,9.63130951,2066976
2013-11-07,9.63130984,9.65805547,9.50827683,9.58851528,1602961
2013-11-08,9.65270498,9.65270498,9.32907665,9.45478344,4029699
2013-11-11,9.53502163,9.56711716,9.36117118,9.54036999,2296272
2013-11-12,9.53502319,9.61258707,9.43071213,9.48153114,1994662
2013-11-13,9.49490513,9.49490513,9.29698278,9.46815872,1220902
2013-11-14,9.49490311,9.73294387,9.46815671,9.7088728,1260674
2013-11-18,9.66072901,9.96296159,9.62863425,9.94958878,1229338
2013-11-19,9.89341967,9.90144335,9.6660772,9.7703867,1056387
2013-11-21,9.69282421,9.73829255,9.54037026,9.60188675,1767174
2013-11-22,9.58316685,9.90947056,9.57514316,9.90947056,955147
2013-11-25,9.94959222,9.95494058,9.80248811,9.8479557,894584
2013-11-26,9.7998113,10.02715461,9.71422295,10.00575733,1741864
2013-11-27,10.01110261,10.06994376,9.85062576,9.93621254,646005
2013-11-28,9.96296358,9.96563815,9.84260513,9.84527969,341985
2013-11-29,9.84527613,9.98168192,9.77573596,9.85597515,1063317
2013-12-02,9.82655719,9.92819292,9.69550049,9.83190632,1288093
2013-12-03,9.797136,10.06994688,9.62863541,9.62863541,1292010
2013-12-04,9.69015014,9.79445964,9.62863364,9.76503944,1010588
2013-12-05,9.69015193,10.09134418,9.62863543,9.89609718,2104639
2013-12-06,9.92016864,9.9228432,9.71422261,9.76236629,1438145
2013-12-09,9.81318597,10.008433,9.78643879,9.9308691,900912
2013-12-10,9.89074698,9.90679436,9.74096836,9.81050777,877711
2013-12-11,9.81585871,9.82923153,9.56979347,9.62863541,1830750
2013-12-12,9.65270665,9.67410393,9.46013497,9.50827789,1771091
2013-12-13,9.63131085,9.73294582,9.46013492,9.54839706,1207945
2013-12-16,9.54037128,9.69549982,9.5243239,9.682127,1293517
2013-12-17,9.65270638,9.81318483,9.62061161,9.77841473,1126291
2013-12-18,9.82655556,9.83992914,9.69549888,9.73294353,1385416
2013-12-19,9.73027023,9.80248576,9.53502324,9.58851528,1135330
2013-12-20,9.57514166,9.72224573,9.4842042,9.67945194,953038
2013-12-23,9.67945021,9.91749093,9.63130731,9.6607275,464015
2013-12-26,9.71772619,9.71772619,9.56211402,9.68821335,468836
2013-12-27,9.74187415,9.84651095,9.68284847,9.73919201,791838
2013-12-30,9.77675441,9.92163495,9.70431337,9.91626835,503787
2014-01-02,9.92431237,9.92431237,9.76065074,9.8196764,1588799
2014-01-03,9.81162963,9.81162963,9.63991922,9.72309113,545067
2014-01-06,9.709678,9.7499225,9.54065048,9.62382317,1110020
2014-01-07,9.58894246,9.77943328,9.58894246,9.68552971,798768
2014-01-08,9.72577597,9.72577597,9.57016301,9.60504246,1775610
2014-01-09,9.52723471,9.63991945,9.37430547,9.47089195,1405905
2014-01-10,9.54601834,9.6774843,9.40650363,9.53796959,2741606
2014-01-13,9.54870042,9.71236135,9.41991662,9.45211315,761105
2014-01-14,9.48162533,9.54870053,9.42796625,9.48430824,954846
2014-01-15,9.51382117,9.63455545,9.44943042,9.54333401,813231
2014-01-16,9.54601476,9.59162508,9.4708916,9.52186775,2137482
2014-01-17,9.52723418,9.53528293,9.39308536,9.44137859,597796
2014-01-20,9.39040338,9.53260019,9.34211014,9.45479488,767432
2014-01-21,9.47089254,9.49503878,9.32064621,9.41723347,1717458
2014-01-22,9.45211233,9.56479708,9.2347908,9.2347908,1499009
2014-01-23,9.23479191,9.28040302,9.06844807,9.06844807,1721978
2014-01-24,9.04161401,9.2589339,8.60697267,8.87795162,5980371
2014-01-27,8.85112706,9.01747167,8.67405078,8.6821003,11430137
2014-01-28,8.77331851,9.01210255,8.71965944,8.99600506,3705793
2014-01-29,8.99868726,9.03088301,8.78136656,8.88600254,839746
2014-01-30,8.88868507,8.88868507,8.58014297,8.58014297,2354123
2014-01-31,8.60160829,8.67673145,8.34940891,8.50770473,2797046
2014-02-03,8.35745851,8.5425835,8.31721401,8.31721401,3841382
2014-02-04,8.40038711,8.51575401,8.27965284,8.41916752,2267346
2014-02-05,8.47819153,8.73307461,8.44867946,8.58551121,2763601
2014-02-06,8.60965922,8.66600122,8.35209394,8.47819328,1740960
2014-02-07,8.47819393,8.64453933,8.47282887,8.60161114,1752108
2014-02-10,8.61502246,8.64185238,8.47819073,8.64185238,1704502
2014-02-11,8.57746238,8.73039239,8.5184367,8.69551373,3119446
2014-02-12,8.71697898,8.74917474,8.56673262,8.71966267,1238980
2014-02-13,8.68209882,8.78136822,8.62843821,8.77063656,1600852
2014-02-14,8.8189287,8.96917501,8.72502438,8.91283226,5339789
2014-02-17,8.93698103,8.97454262,8.81893045,8.97454262,1370953
2014-02-18,9.02552111,9.02552111,8.90210466,8.93430042,2123019
2014-02-19,9.01478987,9.01478987,8.72771094,8.73844337,1968749
2014-02-20,8.67941477,8.75722162,8.53185214,8.58551121,1873234
2014-02-21,8.56941178,8.70892564,8.56941178,8.65526581,1068138
2014-02-24,8.66868473,8.76258831,8.62843946,8.67136765,1440857
2014-02-25,8.69283175,8.741125,8.37624153,8.43795013,1430612
2014-02-26,8.44868059,8.67673302,8.32526418,8.67673302,2064867
2014-02-27,8.64453648,8.75453753,8.54526632,8.62575531,1176911
2014-02-28,8.62843967,8.68478244,8.5586831,8.6821003,1355586
2014-03-05,8.66599805,8.89673409,8.63380308,8.82697678,1742768
2014-03-06,8.89673674,8.91551714,8.75185623,8.84307766,1670153
2014-03-07,8.77063886,8.89137315,8.57478139,8.69283199,1476712
2014-03-10,8.61234036,8.7250251,8.48087444,8.58551121,886148
2014-03-11,8.63648721,8.79210012,8.5103879,8.60965729,1144369
2014-03-12,8.58551468,8.93430069,8.53722065,8.81356716,3220083
2014-03-13,8.89405337,8.9155167,8.65795222,8.71697712,2108556
2014-03-14,8.72680951,8.84223625,8.57648624,8.61950793,1627367
2014-03-17,8.63048875,8.63048875,8.45480431,8.50421524,3284262
2014-03-18,8.55362493,8.97361968,8.4959782,8.92969799,3052556
2014-03-19,8.90224885,9.4293013,8.84185711,9.33047867,3177298
2014-03-20,9.20695122,9.35518477,9.06969769,9.22342205,2888644
2014-03-21,9.16028841,9.38812804,9.10813167,9.374403,4727530
2014-03-24,9.41283041,9.52812387,9.27283188,9.37165451,1297434
2014-03-25,9.25361683,9.497928,9.25361683,9.37165451,991304
2014-03-26,9.30577413,9.67635724,9.30028411,9.65439796,3696753
2014-03-27,9.63792717,9.7285148,9.5336153,9.64616299,2028107
2014-03-28,9.67635782,9.77243545,9.40185232,9.48420334,3017303
2014-03-31,9.52263119,9.79439317,9.46773027,9.77243233,2085356
2014-04-01,9.71478815,9.81361079,9.65165219,9.79988575,1470686
2014-04-02,9.72027896,9.93988429,9.72027896,9.79988575,1118758
2014-04-03,9.89596343,9.95910018,9.78341575,9.88223839,2455664
2014-04-04,9.8822375,10.03870607,9.61322048,9.68459225,1828641
2014-04-07,9.75047292,9.84105972,9.64341528,9.67635536,1152505
2014-04-08,9.76145336,9.83557013,9.61047481,9.6900816,1553546
2014-04-09,9.63518163,9.90419787,9.60773077,9.8685112,1367940
2014-04-10,9.83008052,9.92341392,9.75321873,9.86027718,1123579
2014-04-11,9.83282825,9.83557326,9.70930053,9.79439735,576403
2014-04-14,9.87674495,9.89596079,9.72851143,9.77243233,1265495
2014-04-15,9.77517597,9.81909765,9.53086567,9.53086567,1167871
2014-04-16,9.60223954,9.68733713,9.52812356,9.55557442,981964
2014-04-17,9.53361333,9.74223782,9.48145741,9.66263103,1413136
2014-04-22,9.69008119,9.77517798,9.61047441,9.67635536,1284478
2014-04-23,9.67361091,9.72851184,9.2563604,9.37714386,1320333
2014-04-24,9.40459593,9.6406705,9.33322338,9.48145771,1271521
2014-04-25,9.50067446,9.54459538,9.2344024,9.40185261,819257
2014-04-28,9.37714498,9.55282939,9.28930317,9.49792767,1357696
2014-04-29,9.52812607,9.70380974,9.47322434,9.70380974,995824
2014-04-30,9.70930049,10.29399901,9.60498782,10.00576687,2989582
2014-05-02,10.00576315,10.2088984,9.92341216,10.11282158,2635244
2014-05-05,10.09360704,10.23634978,10.00576444,10.19791889,1530948
2014-05-06,10.20615684,10.26105779,10.02772739,10.15674591,1416752
2014-05-07,10.20890021,10.32144788,10.1649793,10.19517517,1381499
2014-05-08,10.20889895,10.42026922,10.15125301,10.40928841,2547563
2014-05-09,10.46144663,10.59595515,10.38458484,10.4861517,2149233
2014-05-12,10.4861521,10.70026743,10.42576194,10.49987793,2431258
2014-05-13,10.51360214,10.74693328,10.4147803,10.71948242,3006456
2014-05-14,10.68379807,10.86222752,10.68105306,10.78811073,3642217
2014-05-15,10.74144272,10.88693205,10.68105177,10.85673618,1366434
2014-05-16,10.81830606,10.87046358,10.7551693,10.80183601,1916623
2014-05-19,10.81281492,10.81830493,10.52458282,10.62340546,2609030
2014-05-20,10.63164229,10.70850408,10.44772203,10.58223057,2302900
2014-05-21,10.55752366,10.73046306,10.54928785,10.63164043,801480
2014-05-22,10.63438724,10.8567376,10.60968138,10.68105316,1335700
2014-05-23,10.7085027,10.88144132,10.6673268,10.78261948,1180225
2014-05-26,10.84026542,10.88418712,10.69477766,10.78261948,282928
2014-05-27,10.79085445,10.87046204,10.76340359,10.79085445,972925
2014-05-28,10.83477207,10.87045873,10.75242029,10.84300709,1117553
2014-05-29,10.8484985,10.96653616,10.75516512,10.91163445,1337508
2014-05-30,10.83477476,10.95281244,10.69477702,10.7222271,1789169
2014-06-02,10.74967846,10.90889283,10.63438578,10.71673679,1583677
2014-06-03,10.70300948,10.95830143,10.68379444,10.91712475,1198906
2014-06-04,10.95281348,10.95555849,10.7963449,10.95006847,615271
2014-06-05,10.95006749,11.13124191,10.95006749,11.04889011,868973
2014-06-06,11.15869195,11.25202456,11.05987012,11.14496613,1087121
2014-06-09,11.1339874,11.25477088,11.11477235,11.19986916,1214875
2014-06-10,11.12300627,11.51555097,11.12300627,11.44692421,1352875
2014-06-11,11.52927798,11.6198656,11.36457437,11.40575027,1860579
2014-06-13,11.55672588,11.55672588,11.17241623,11.35633564,1883178
2014-06-16,11.35084995,11.48810191,11.25477231,11.26026154,709581
2014-06-17,11.2739866,11.27673161,10.86222679,10.92536354,1204631
2014-06-18,10.96928245,11.26575033,10.96928245,11.18888855,2321581
2014-06-20,11.19987023,11.35633882,11.11751842,11.11751842,1494188
2014-06-23,11.11751663,11.21908347,10.90340133,11.03516483,717716
2014-06-24,11.06261748,11.25477196,11.06261748,11.11751842,984374
2014-06-25,11.13123962,11.13123962,10.7057549,10.70849991,1524319
2014-06-26,10.61242629,10.92261927,10.60968129,10.78811073,1188963
2014-06-27,10.89516784,10.9610496,10.52458314,10.56301403,1516184
2014-06-30,10.53007032,10.73869477,10.38732682,10.43124771,1491477
2014-07-01,10.51908945,10.56850036,10.29673841,10.43948269,1238377
2014-07-02,10.431252,10.53281965,10.29399845,10.40380192,1172090
2014-07-03,10.41752595,10.70301225,10.40380091,10.62340546,673123
2014-07-04,10.64536576,10.69477747,10.50262301,10.63713074,241348
2014-07-07,10.64262015,10.70026609,10.55203255,10.69203186,1067234
2014-07-08,10.65359929,10.80457783,10.59869836,10.80457783,707472
2014-07-10,10.78536503,10.80458008,10.46144704,10.49987793,12701961
2014-07-11,10.56301167,10.61791418,10.28301544,10.37085724,1223011
2014-07-14,10.42026792,10.44497377,10.17870181,10.2253685,1583677
2014-07-15,10.22262431,10.28027104,9.98929397,10.12929249,2126032
2014-07-16,10.10733528,10.35439153,10.02223924,10.07439518,1565598
2014-07-17,10.07988048,10.28850573,10.00301871,10.2198782,1226928
2014-07-18,10.34066379,10.41478057,10.14301853,10.21164608,1274534
2014-07-21,10.1045862,10.56850265,10.1045862,10.52458096,4017647
2014-07-22,10.57948365,10.77712731,10.45870018,10.45870018,1273028
2014-07-23,10.39007405,10.48340667,10.3241923,10.42850494,761406
2014-07-24,10.38732707,10.46693384,10.37360124,10.41203213,549888
2014-07-25,10.3379187,10.58771911,10.32693867,10.53007317,769240
2014-07-28,10.59321049,10.62889638,10.32968425,10.45046616,1311595
2014-07-29,10.4916401,10.67830372,10.44222919,10.67830372,1515581
2014-07-30,10.67830688,10.67830688,10.37635052,10.47242737,1095859
2014-07-31,10.42576138,10.75791359,10.32144795,10.75791359,1545712
2014-08-01,10.73320728,10.96653762,10.6508547,10.90889168,1804235
2014-08-04,11.0172472,11.14945451,10.89330344,11.0172472,1944042
2014-08-05,11.06957991,11.40285247,10.91809281,11.25962734,1730113
2014-08-06,11.22657762,11.24310314,10.80792236,10.80792236,1824121
2014-08-07,10.84648147,10.85198919,10.53248947,10.74181747,732782
2014-08-08,10.77486784,10.88228688,10.59583822,10.79690266,872890
2014-08-11,10.8767788,11.08059831,10.81067514,11.03102016,762611
2014-08-12,10.97317748,11.20729372,10.87677626,11.19352245,1116347
2014-08-13,11.11640281,11.62594992,11.10263076,11.52679443,2055225
2014-08-14,11.49649806,11.66726492,11.05029955,11.3202219,1981706
2014-08-15,11.36153432,11.48823232,11.18250395,11.26237965,1655690
2014-08-18,11.11640273,11.29267888,10.98694967,11.01449299,1127797
2014-08-19,11.01173937,11.18250624,10.9291094,10.95114422,2394498
2014-08-20,10.85474158,11.06957805,10.8244448,11.00347519,1630681
2014-08-21,11.02550785,11.27339612,10.99796532,11.22381878,2801867
2014-08-22,11.15496421,11.26513672,11.12466663,11.26513672,392002
2014-08-25,11.25136309,11.40009511,11.14669832,11.39183235,725852
2014-08-26,11.4854801,11.55984651,11.28992419,11.49925137,1150094
2014-08-27,11.49374409,11.62870487,11.27339908,11.37530804,1314006
2014-08-28,11.36429259,11.51853395,11.28992616,11.40836143,809013
2014-08-29,11.29267951,11.40560627,11.19076977,11.40560627,1075671
2014-09-01,11.26238083,11.50476063,11.20453993,11.42763996,547477
2014-09-02,11.45793671,11.50476059,11.35051926,11.41937637,967200
2014-09-03,11.48272602,11.55433818,11.34225596,11.4028511,1491175
2014-09-04,11.4028494,11.45793525,11.2541166,11.29267693,759297
2014-09-05,11.28166038,11.51026812,11.15496237,11.16597939,454071
2014-09-08,11.17699834,11.43590288,11.11089468,11.2375927,1857265
2014-09-09,11.31195881,11.37530742,10.85474251,11.08885956,1489367
2014-09-10,11.05580901,11.05580901,10.61787322,10.8051672,1084710
2014-09-11,10.65643214,11.07784235,10.65643214,11.0172472,1007274
2014-09-12,10.96216106,10.96216106,10.68672943,10.68672943,863550
2014-09-15,10.65918608,10.80516544,10.49668199,10.60410023,1216382
2014-09-16,10.59583697,10.79690138,10.55176813,10.64816856,1065426
2014-09-17,10.65092426,10.79690285,10.60685542,10.6894846,582730
2014-09-18,10.78863758,10.78863758,10.67020234,10.73905945,816244
2014-09-19,10.72804432,10.75007834,10.51045281,10.54901314,938274
2014-09-22,10.47464434,10.54625568,10.24052738,10.32315731,1018724
2014-09-23,10.33693011,10.47740015,10.2460382,10.34794712,647813
2014-09-24,10.32316557,10.6068593,10.303885,10.51872158,1645747
2014-09-25,10.4278257,10.55727878,10.19095516,10.19095516,1612301
2014-09-26,10.15790052,10.55727586,10.15514548,10.44434834,758694
2014-09-29,10.35345961,10.46638638,10.09179999,10.33693409,1766270
2014-09-30,10.28460039,10.45812149,10.11383275,10.25430202,1744274
2014-10-01,10.05323675,10.43057728,9.9871331,10.16340923,1522813
2014-10-02,10.0945528,10.13586659,9.97060825,10.01192284,1951273
2014-10-03,10.04773032,10.32866969,10.0312048,10.2460413,1190771
2014-10-06,10.44710548,10.65092497,10.09455471,10.19095516,1867811
2014-10-07,10.21849471,10.4829085,10.21849471,10.46638298,1455922
2014-10-08,10.46638298,10.5627834,10.42782265,10.46638298,1620135
2014-10-09,10.54075209,10.70050194,10.44435085,10.49943829,1079287
2014-10-10,10.4829085,10.59032751,10.36447405,10.46638298,2203770
2014-10-13,10.53799728,10.66469529,10.39477217,10.60960865,661974
2014-10-14,10.61236242,10.65367779,10.4636296,10.47189236,1110020
2014-10-15,10.41129996,10.57931258,10.29561816,10.38375664,1475809
2014-10-16,10.35345834,10.50494543,10.15239391,10.45261383,1971461
2014-10-17,10.52422592,10.80516688,10.43884328,10.74181747,2424026
2014-10-20,10.74457015,10.85474185,10.37273809,10.43333244,1290805
2014-10-21,10.16340923,10.16340923,10.16340923,10.16340923,2001291
2014-10-22,10.14688776,10.23777972,9.79433537,9.79433537,1627969
2014-10-23,9.81361568,9.98438257,9.75302051,9.91552544,2740702
2014-10-24,9.92378627,10.09179968,9.84666559,10.00090694,1793086
2014-10-27,9.84390914,10.20196991,9.03965071,9.77780628,5401557
2014-10-28,9.78056013,9.96509822,9.67314111,9.70894718,2265839
2014-10-29,9.69242349,10.19095439,9.69242349,10.09455395,2359245
2014-10-30,9.96234441,10.03671161,9.30681879,9.40321922,3890495
2014-10-31,9.45830674,10.01467772,9.45830674,9.94857407,2001291
2014-11-03,9.92929364,9.95959121,9.64009076,9.83289242,1279657
2014-11-04,9.94857466,10.10557105,9.6153029,9.88797951,2230586
2014-11-05,9.80534923,10.04497477,9.71170226,9.72822857,1697572
2014-11-06,9.66763455,9.78606901,9.38394016,9.41974545,2858815
2014-11-07,9.42525673,9.58776165,9.35364455,9.42525673,2140495
2014-11-10,9.41423743,9.62631965,9.41423743,9.47207832,976842
2014-11-11,9.60703872,9.60979377,9.30957309,9.3150816,1961819
2014-11-12,9.27101271,9.56021558,9.25724144,9.51063824,1454114
2014-11-13,9.41974564,9.60153109,9.36741404,9.5023756,1128400
2014-11-14,9.27652266,9.59326811,9.27652266,9.54920006,3718749
2014-11-17,9.42525421,9.49135786,9.26275012,9.38118458,3249310
2014-11-18,9.39220257,9.62356536,9.35088799,9.47483253,4067966
2014-11-19,9.48033983,9.72271961,9.46106006,9.59877586,3401772
2014-11-21,9.67590081,9.97061231,9.43902942,9.56021976,3861871
2014-11-24,9.64284591,9.83564758,9.5850058,9.83564758,2199552
2014-11-25,9.76679114,9.91552479,9.52165783,9.61254978,3392131
2014-11-26,9.6290756,9.75026512,9.59326872,9.75026512,1630380
2014-11-27,9.68415987,9.98437977,9.66763435,9.98437977,862344
2014-11-28,9.91001371,10.02018621,9.78056145,9.78056145,2442406
2014-12-01,9.74199951,9.98162423,9.7199647,9.92102909,110260603
2014-12-02,9.93204812,10.01467729,9.61530191,9.72272015,67177935
2014-12-03,9.70619741,10.03396072,9.62632247,9.91552544,1902763
2014-12-04,9.95683638,9.97887119,9.3646586,9.52991772,2067277
2014-12-05,9.52716837,9.59602551,9.36741767,9.42801285,1267906
2014-12-08,9.47208215,9.56021986,9.29305169,9.36741734,1450197
2014-12-09,9.29855659,9.39771207,8.97354683,9.18562984,1490874
2014-12-10,9.11126385,9.21317359,8.96528605,8.97905731,2314953
2014-12-11,9.0066022,9.02037346,8.84685152,8.92948151,1776213
2014-12-12,8.97354723,8.98731929,8.74493948,8.95702171,2254992
2014-12-15,8.88265208,8.88265208,8.69260473,8.7339201,2350808
2014-12-16,8.73117002,9.09749367,8.62650601,8.97079563,2057334
2014-12-17,8.91295389,9.4693241,8.90193608,9.30131149,1933195
2014-12-18,9.2765212,9.77780628,9.25999568,9.77780628,1661113
2014-12-19,9.77229727,9.96234468,9.68691464,9.83289242,1513773
2014-12-22,9.86043769,9.91552434,9.31508364,9.55746269,1154614
2014-12-23,9.40559323,9.57419145,9.39177396,9.53549671,859934
2014-12-26,9.53826192,9.58801208,9.41112228,9.44152546,473054
2014-12-29,9.47469087,10.00536262,9.43323227,10.00259876,2068482
2014-12-30,9.90033484,9.95008579,9.62118007,9.66263866,1702393
2015-01-02,9.72897356,9.98601754,9.62947243,9.89480877,1351067
2015-01-05,9.94732052,10.00259918,9.4664005,9.59077549,2289341
2015-01-06,9.58524784,9.72897059,8.98271513,8.9910059,2664169
2015-01-07,9.06839847,9.14855263,8.79477135,8.92743874,3424973
2015-01-08,8.98271617,9.25634323,8.88874197,9.13473129,1453512
2015-01-09,9.15131659,9.16513586,8.95507818,9.04076004,936768
2015-01-12,9.01311821,9.59077549,8.96889576,9.59077549,1624956
2015-01-13,9.40836258,9.51339065,9.2314719,9.25911045,1425490
2015-01-14,9.12091198,9.32267647,9.06563253,9.19000912,1577350
2015-01-15,9.010355,9.38071932,8.927437,9.010355,1643336
2015-01-16,8.97995223,9.67369461,8.96060525,9.67369461,1389333
2015-01-19,9.43876226,9.52720797,8.84452174,8.92191124,1229941
2015-01-20,8.92743534,9.28121648,8.92743534,9.17618847,2182377
2015-01-21,9.31438648,9.70133394,9.22870463,9.67369461,866563
2015-01-22,9.66816531,9.80083346,9.34202424,9.66540146,2069386
2015-01-23,9.65987328,9.84781927,9.53549671,9.53549671,2297477
2015-01-26,9.55208068,9.6681649,9.30609296,9.34202385,1476110
2015-01-27,9.30885812,9.36966449,9.09050891,9.2452879,1658401
2015-01-28,9.21764872,9.51891511,9.17895397,9.4664011,1241391
2015-01-29,9.46640262,9.61841777,9.06563425,9.10709286,1893723
2015-01-30,9.10709094,9.33926019,9.10709094,9.27845383,2054923
2015-02-02,9.35860598,9.61012218,9.26463339,9.39730072,1271521
2015-02-03,9.50786136,9.91968356,9.41665179,9.83400249,2148028
2015-02-04,9.73173481,9.83676441,9.58248435,9.74279022,1483944
2015-02-05,9.80912329,10.04958406,9.68474752,10.03300095,2166408
2015-02-06,9.92244831,10.1684377,9.82018332,10.08828354,1278753
2015-02-09,10.06063878,10.35637739,9.99983243,10.24858475,1530647
2015-02-10,10.2264773,10.33426998,10.0606421,10.17672634,1201316
2015-02-11,10.20436567,10.27069895,9.91968161,9.94732094,1528538
2015-02-12,9.95284818,10.162905,9.82294391,9.98877907,1699681
2015-02-13,9.97772327,10.21818407,9.90309764,10.11591911,1506241
2015-02-18,10.21818596,10.27622768,10.01918372,10.25411606,680655
2015-02-19,10.11315592,10.28175576,10.11315592,10.24029636,897598
2015-02-20,10.15737864,10.17672561,9.88098693,9.99983501,1312499
2015-02-23,9.94731868,10.10762612,9.88374847,9.98601341,920798
2015-02-24,9.95284801,10.1463217,9.88651395,10.10209846,1083204
2015-02-25,10.02747386,10.15184884,10.00812609,10.12973881,830707
2015-02-26,10.13526654,10.22647608,10.01641846,10.01641846,1114540
2015-02-27,9.95008517,9.95008517,9.20382807,9.59077549,2459581
2015-03-02,9.55615577,9.72008921,9.45440407,9.6268158,2153150
2015-03-03,9.71443659,9.71443659,9.49114859,9.60985851,1645144
2015-03-04,9.53072003,9.67486811,9.46853828,9.46853828,2179063
2015-03-05,9.44027566,9.66356373,9.44027566,9.66356373,1350464
2015-03-06,9.59855391,9.65790928,9.51941395,9.51941395,2911845
2015-03-09,9.60985938,9.66638757,9.51941395,9.51941395,1814479
2015-03-10,9.56463865,9.68900053,9.33852342,9.40635872,1191072
2015-03-11,9.3978788,9.57594413,9.29047433,9.40635872,1524018
2015-03-12,9.49963015,9.5985547,9.46288653,9.52506828,1994662
2015-03-13,9.51093452,9.52224,9.33286922,9.33852196,1659004
2015-03-16,9.33287102,9.61551446,9.33287102,9.42614365,1737344
2015-03-17,9.39505208,9.53072025,9.35265492,9.3554821,4125817
2015-03-18,9.45440767,9.73705112,9.40635938,9.68052292,2813317
2015-03-19,9.65791028,10.05361011,9.57311677,9.7794466,1089531
2015-03-20,9.8246685,9.9009829,9.70878493,9.74835491,1839187
2015-03-23,9.74835659,9.93207468,9.69748113,9.89250469,1831654
2015-03-24,9.92076775,9.9235933,9.70030608,9.86423874,1996771
2015-03-25,9.87554519,10.09600605,9.6946535,9.88119793,1225120
2015-03-26,9.86424018,10.03947916,9.66356388,9.89250469,2127539
2015-03-27,9.90380945,10.26841922,9.81336401,9.99990845,1296530
2015-03-30,10.05078308,10.25428653,9.89250316,9.96033764,1535769
2015-03-31,9.9716415,10.41539112,9.92641797,10.40125847,3106490
2015-04-01,10.37582269,10.49170626,10.1468811,10.1468811,1385416
2015-04-02,10.24015257,10.45778701,10.18644913,10.42952251,1646650
2015-04-06,10.45496064,10.5510588,10.37299433,10.42952251,1669851
2015-04-07,10.4973606,10.54823607,10.33060074,10.33060074,1150395
2015-04-08,10.34190446,10.51996977,10.28820264,10.3390789,1252238
2015-04-09,10.28820354,10.51431877,10.12709724,10.27407169,1923553
2015-04-10,10.22319348,10.41821779,10.11578984,10.24015331,1251334
2015-04-13,10.24015632,10.44083181,10.16384191,10.21754456,1280561
2015-04-14,10.22037149,10.45496505,10.01686799,10.34473419,1237775
2015-04-15,10.42952836,10.42952836,10.24298387,10.37300014,1617424
2015-04-16,10.36734436,10.36734436,10.05643721,10.11861897,1603262
2015-04-17,10.12144427,10.30516316,10.08752784,10.20623779,834624
2015-04-20,10.2995129,10.40974377,10.25429016,10.37300014,695721
2015-04-22,10.31646865,10.74043301,10.31646865,10.45779037,2164600
2015-04-23,10.58215275,10.72630084,10.45779006,10.4634428,2379433
2015-04-24,10.52279646,10.56519281,10.29102932,10.52845001,1173295
2015-04-27,10.55671675,10.75174032,10.16384242,10.50018692,1336303
2015-04-28,10.45779038,10.45779038,9.91794244,10.25428772,1758436
2015-04-29,10.20906148,10.29950771,9.95750979,10.23167324,1099474
2015-04-30,10.2655929,10.45779091,9.81053846,9.8359766,1322744
2015-05-04,9.8783684,10.42104168,9.8416248,10.31646442,1537577
2015-05-05,10.31646903,10.59063256,10.25711445,10.54258347,893379
2015-05-06,10.49170717,10.98067881,10.36169093,10.69803619,1986828
2015-05-07,10.70369002,10.99481178,10.52845185,10.91001987,2706051
2015-05-08,10.97785537,11.28876339,10.85066628,11.02307892,1952780
2015-05-11,11.02872534,11.09373263,10.77434731,10.77434731,2114884
2015-05-12,10.77434936,10.88740574,10.57649865,10.75173759,815642
2015-05-13,10.7771763,10.9382826,10.57650001,10.66694546,868973
2015-05-14,10.61607016,10.89588642,10.61607016,10.89588642,840650
2015-05-15,10.94675979,11.13612974,10.87044621,11.01741982,2308927
2015-05-18,11.09656073,11.12199886,10.94958711,11.04851246,1945850
2015-05-19,11.07395358,11.13048342,10.97220344,11.02307892,1313102
2015-05-20,11.02307334,11.2209232,10.64150463,10.68390179,1409219
2015-05-21,10.74043257,11.15309224,10.59911085,10.94958878,1719567
2015-05-22,10.93828137,11.34811463,10.8704477,11.30571747,3536759
2015-05-25,11.27745247,11.30571697,11.08242895,11.27745247,496857
2015-05-26,11.25766978,11.27180244,10.77717642,10.85349083,1450197
2015-05-27,10.74326012,11.14743992,10.72630191,11.08243179,1652375
2015-05-28,11.19548829,11.19548829,10.74325943,10.74325943,1736139
2015-05-29,10.74043159,11.12482591,10.457789,10.51149082,2719610
2015-06-01,10.59911191,11.11634892,10.59911191,10.91001987,1681000
2015-06-02,10.96371786,11.33963301,10.85348786,11.20961761,1756327
2015-06-03,11.32268091,11.32268091,11.04851732,11.22092915,1264290
2015-06-05,11.16439735,11.30006633,11.01459652,11.10786915,784607
2015-06-08,11.08808544,11.18701,10.96937467,10.97785378,960571
2015-06-09,10.97785038,11.06264388,10.83935506,10.92414856,1673166
2015-06-10,10.89871026,11.14743639,10.89871026,11.07677555,750258
2015-06-11,11.10504084,11.1559163,10.97785099,11.05981731,852100
2015-06-12,10.98915735,11.33115531,10.9552393,10.9552393,1777418
2015-06-15,10.95524284,11.13613457,10.48040295,10.48040295,2465908
2015-06-16,10.51431837,10.63302831,10.28820315,10.38430214,2751850
2015-06-17,10.42387337,10.4973606,10.20341167,10.33060074,1106103
2015-06-18,10.38712747,10.7771745,10.31364025,10.6273737,1579157
2015-06-19,10.62455167,10.83935986,10.60759345,10.73760891,2031723
2015-06-22,10.79978655,10.8337046,10.700862,10.78282833,655647
2015-06-23,10.8563157,11.18135548,10.7913084,11.18135548,2329114
2015-06-24,11.15592075,11.18418526,11.01177344,11.02307892,1418861
2015-06-25,11.12482888,11.229407,10.94393796,10.96654892,1021737
2015-06-26,10.9552408,11.29158688,10.89588623,11.29158688,4721805
2015-06-29,11.20961694,11.23505426,10.84783366,11.16439342,1176308
2015-06-30,11.04851706,11.16722704,10.81109629,11.02307892,3471676
2015-07-01,11.03438359,11.1417889,10.95807078,11.02307892,1530044
2015-07-02,11.00894444,11.22940532,10.94110914,11.09938908,3226712
2015-07-03,11.1248273,11.17287721,10.92132464,11.02590275,847279
2015-07-06,10.91849582,10.99480859,10.80261226,10.92414856,1710227
2015-07-07,10.85913974,10.88740424,10.78847971,10.8450079,2235407
2015-07-08,10.85066395,10.91001933,10.51431948,10.59628582,1636105
2015-07-10,10.60476191,10.7178191,10.42104387,10.61041546,1268207
2015-07-13,10.64998455,10.81109081,10.59910829,10.68390179,1041020
2015-07-14,10.64998749,10.88740739,10.6386812,10.81392097,1052470
2015-07-15,10.85066393,10.85066393,10.51431946,10.54823589,2295066
2015-07-16,10.52562506,10.59628674,10.45779137,10.53127861,714703
2015-07-17,10.47474856,10.54540861,10.3758232,10.40974045,796960
2015-07-20,10.41538975,10.47191793,10.28254719,10.31646442,766227
2015-07-21,10.26842103,10.46061743,10.26842103,10.29951191,563748
2015-07-22,10.302336,10.37865041,10.2260224,10.25428772,976540
2015-07-23,10.25428403,10.55388559,10.17231691,10.2005806,1792484
2015-07-24,10.16101584,10.16949577,9.799234,9.93490219,1975679
2015-07-27,9.92076931,10.12709836,9.82467031,9.8359766,3169162
2015-07-28,9.85010816,9.99708262,9.83597631,9.85858727,2227875
2015-07-29,9.7511821,9.94337927,9.68900035,9.7794466,3042311
2015-07-30,9.66921793,9.81901878,9.66921793,9.70878792,1960614
2015-07-31,9.68900029,10.13840357,9.67769481,10.10448551,2767518
2015-08-03,9.90946038,10.09600478,9.78792408,9.90380764,1481533
2015-08-04,9.88941641,10.03146513,9.78714123,10.02294159,824982
2015-08-05,10.06839987,10.08544615,9.82407671,9.99737549,1717759
2015-08-06,9.84396194,10.00305615,9.75021028,9.79282475,3120049
2015-08-07,9.85816587,9.85816587,9.53997747,9.54850101,2066373
2015-08-10,9.52009093,9.79566486,9.43770211,9.65929794,1907282
2015-08-11,9.52009192,9.68486795,9.50304564,9.60247993,1630380
2015-08-12,9.5456604,9.5456604,9.23599391,9.30701828,1580363
2015-08-13,9.37519904,9.37803913,9.08826074,9.12235165,2118198
2015-08-14,9.00871845,9.19053995,9.00587672,9.03428745,2690986
2015-08-17,9.0172385,9.44622563,9.00587486,9.29565334,2735881
2015-08-18,9.27008509,9.51724911,9.18201526,9.51724911,3080276
2015-08-19,9.46326994,9.46326994,9.0399655,9.2587204,2223054
2015-08-20,9.04849185,9.23031336,8.98314929,9.11951542,2077220
2015-08-21,9.06837478,9.11951196,8.78427736,8.7928009,2075111
2015-08-24,8.25301788,8.64223062,8.24733525,8.52290916,5242767
2015-08-25,8.75018704,8.82121059,8.53427305,8.72745895,1559271
2015-08-26,8.78996203,8.91212359,8.53711618,8.77007484,3716640
2015-08-27,8.8354177,9.02860364,8.69336895,8.83825779,2732566
2015-08-28,8.83541464,9.21042276,8.70188867,9.16496658,4289729
2015-08-31,9.08826346,9.08826346,8.72461889,9.00587463,4782368
2015-09-01,8.83541802,8.87519158,8.43484158,8.48029613,3585872
2015-09-02,8.5371153,8.69336776,8.4064302,8.46324921,2408660
2015-09-03,8.53995564,8.84393947,8.53995564,8.80700684,1884684
2015-09-04,8.55415991,8.70188963,8.40927029,8.40927029,1166967
2015-09-08,8.73882317,8.75302853,8.4973418,8.52290916,2088670
2015-09-09,8.56836537,8.69052692,8.53711536,8.630867,2062757
2015-09-10,8.38086215,8.45472743,8.16494812,8.32404232,3563575
2015-09-11,8.31835961,8.59393435,8.28426788,8.52290916,2608126
2015-09-14,8.55131989,8.5854108,8.45188562,8.52290916,1620135
2015-09-15,8.56552444,8.6905269,8.45188562,8.52290916,1065728
2015-09-16,8.52290979,8.96041965,8.52290979,8.96041965,1409219
2015-09-17,8.88655365,8.88655365,8.51438719,8.65927601,1949164
2015-09-18,8.61666244,8.68200417,8.45188562,8.52290916,1699681
2015-09-21,8.48029506,8.54563761,8.30699632,8.50302315,4508479
2015-09-22,8.37802141,8.49166107,8.2473371,8.49166107,2230285
2015-09-23,8.49449919,8.50302192,8.35245047,8.40927029,2643680
2015-09-24,8.32120342,8.43484309,8.21324719,8.29563522,2334538
2015-09-25,8.22460972,8.4263184,8.22460972,8.28995228,5897209
2015-09-28,8.23881205,8.31551905,8.05983069,8.19903851,2333333
2015-09-29,8.12233396,8.40358973,8.12233396,8.32972527,2368586
2015-09-30,8.30983449,8.56268024,8.29562995,8.56268024,3537663
2015-10-01,8.61097984,8.72745957,8.38086128,8.38086128,4446108
2015-10-02,8.40074948,8.85246477,8.32120237,8.71609783,1029269
2015-10-05,8.89223861,8.92348862,8.63371008,8.92348862,2427642
2015-10-06,8.89791951,8.91212487,8.63655089,8.77575874,2527677
2015-10-07,9.09110451,9.3609958,8.9831475,9.09110451,2221246
2015-10-08,9.03428533,9.34110926,8.98598823,9.11667252,966296
2015-10-09,9.34679347,9.51725134,9.2274728,9.38372612,1395962
2015-10-13,9.36099539,9.41781521,9.15360574,9.41781521,1248923
2015-10-14,9.36951682,9.36951682,9.06837397,9.16212559,1639118
2015-10-15,9.03996657,9.62804789,9.03144384,9.46043015,914471
2015-10-16,9.62520701,9.62520701,9.1450827,9.23315334,2464402
2015-10-19,9.17633212,9.77577704,9.17633212,9.75020885,1483944
2015-10-20,9.77577882,9.80134783,9.67350444,9.77293873,1356189
2015-10-21,9.80134658,9.91782632,9.44054292,9.51724911,1208548
2015-10-22,9.59963817,10.10248977,9.50020389,9.91498566,2255595
2015-10-23,10.15647051,10.33545193,9.84680557,9.84680557,2713885
2015-10-26,9.92919119,9.99169284,9.72748172,9.92066765,1467975
2015-10-27,9.86668942,10.02578362,9.86668942,9.94339561,1172692
2015-10-28,9.72180051,9.78146043,9.63373067,9.65361786,123536
2015-10-29,9.21895065,9.5286164,9.21895065,9.45759201,4637740
2015-10-30,9.36099576,9.78998288,9.36099576,9.70759487,2651213
2015-11-03,9.70475331,10.48886141,9.66213804,10.36101723,3784434
2015-11-04,10.36953741,10.83829712,9.91782316,10.06555367,3293301
2015-11-05,10.06555782,10.52579499,9.93771361,10.44056606,1122374
2015-11-06,10.43772721,10.6081859,10.22749576,10.38659,642088
2015-11-09,10.38658749,10.56840978,10.17067346,10.48318005,1303159
2015-11-10,10.45192982,10.53431701,10.23033398,10.36385918,796057
2015-11-11,10.29567571,10.48317982,10.12237696,10.22465134,2710269
2015-11-12,10.26726437,10.38090236,10.19908011,10.29851437,1254648
2015-11-13,10.23885792,10.47181826,10.204767,10.2559042,1301954
2015-11-16,10.2956777,10.35533763,10.02578553,10.02862644,1549328
2015-11-17,10.02862699,10.34965719,10.02862699,10.12806129,1053977
2015-11-18,10.22465282,10.25022182,10.02010322,10.15646935,1894025
2015-11-19,10.15646883,10.26442586,9.95760107,10.00021553,2752151
2015-11-23,10.05135226,10.48602038,9.69339032,10.26726627,2073906
2015-11-24,10.36954356,10.36954356,10.05135509,10.12806129,854510
2015-11-25,10.08828717,10.35533762,10.04851361,10.11385536,1079588
2015-11-26,10.1564681,10.2871532,10.07408009,10.22749329,331138
2015-11-27,10.11953441,10.22749223,10.04566995,10.0854435,1400180
2015-11-30,10.07975927,10.23317162,9.50872517,9.50872517,4627495
2015-12-01,9.57407096,9.79850692,9.44622675,9.77293873,2545755
2015-12-02,9.77861976,10.13090074,9.75021066,9.97180653,819257
2015-12-03,10.04282737,10.69056933,9.97180383,10.36953926,1392647
2015-12-04,10.31840406,10.3780648,9.82691687,9.83259869,1115142
2015-12-07,9.82123363,10.09964847,9.7075948,9.92919064,724044
2015-12-08,9.8382799,9.85248527,9.48315885,9.58827496,1955190
2015-12-09,9.588273,9.90362043,9.35815365,9.55986309,1759340
2015-12-10,9.43202098,9.46895361,8.92348676,8.95189667,3688919
2015-12-11,8.94621486,9.23315324,8.87234958,9.09110451,2170325
2015-12-14,9.0797411,9.31554151,9.00019399,9.00871754,957859
2015-12-15,9.09394364,9.20474072,8.87234785,8.95757675,1922950
2015-12-16,8.92348932,9.08542447,8.80700955,8.86098766,1032282
2015-12-17,8.96041885,9.27576631,8.94905521,9.07689857,1702995
2015-12-18,8.97746464,9.01439809,8.88087209,9.00303364,1793990
2015-12-21,9.09110333,9.09110333,8.56836463,8.61097908,2700326
2015-12-22,8.69435673,8.92879921,8.69149857,8.86304092,1245609
2015-12-23,9.05459686,9.29189832,8.86304079,9.14894581,1029571
2015-12-28,9.0631732,9.06603301,8.86589918,8.96310711,1096160
2015-12-29,8.87733512,9.04030133,8.87733512,8.96310711,957257
2015-12-30,8.96882635,9.08890617,8.87161922,8.87161922,870781
2016-01-04,8.84303123,9.12607655,8.77441311,8.77441311,1464660
2016-01-05,8.91736368,8.97740401,8.72866739,8.73152637,1349259
2016-01-06,8.59143205,8.97454334,8.55998157,8.94881248,1337508
2016-01-07,8.86018223,9.02028865,8.69721682,8.71437073,1196797
2016-01-08,8.768694,9.09176669,8.73438454,8.73438454,1669249
2016-01-11,8.7115114,8.86018104,8.2254734,8.2254734,2458677
2016-01-12,8.33411876,8.53139365,8.199744,8.50566196,1286285
2016-01-13,8.57713443,8.66004743,8.40845191,8.56283951,1449896
2016-01-14,8.48564651,8.57713483,8.28551269,8.49136448,1286888
2016-01-15,8.38844102,8.50566187,8.26836118,8.29123306,1027461
2016-01-18,8.29123377,8.34269714,8.13684528,8.34269714,605931
2016-01-19,8.42846782,8.52567577,8.2626434,8.52567577,1711130
2016-01-20,8.50280288,8.50280288,8.21117984,8.29123306,1578856
2016-01-21,8.39129703,8.39129703,8.08537996,8.1139698,2232695
2016-01-22,8.13398665,8.27693921,8.13398665,8.17687225,1534262
2016-01-26,8.07966407,8.35413238,8.03391866,8.29123306,992208
2016-01-27,8.29408974,8.63145809,8.22261432,8.43704224,1472193
2016-01-28,8.43704458,8.69149999,8.43704458,8.62002373,1477918
2016-01-29,8.71151285,9.4691594,8.68864015,9.26330757,3324336
2016-02-01,9.43485137,9.43485137,9.10606074,9.16038227,1103090
2016-02-02,9.1346529,9.13751189,8.81158099,9.03458595,1489367
2016-02-03,9.06603494,9.06603494,8.69435787,8.69435787,1139850
2016-02-04,8.78584681,8.99741577,8.71151239,8.80586052,1342630
2016-02-05,8.84302793,8.99169841,8.71722932,8.92022133,1088928
2016-02-10,8.90306764,8.91450358,8.68863969,8.80586052,802987
2016-02-11,8.74867891,8.79156532,8.55426386,8.66576672,1352875
2016-02-12,8.75439849,8.95739053,8.62002373,8.62002373,2077823
2016-02-15,8.7515364,8.89448723,8.31410122,8.31410122,1376979
2016-02-16,8.36271021,8.71151463,8.36271021,8.57999802,1295325
2016-02-17,8.57713604,8.82873325,8.56284112,8.57713604,1318525
2016-02-18,8.57142037,8.90592819,8.53139376,8.78013039,1598441
2016-02-19,8.89163165,9.14894601,8.75439711,8.90306759,1627969
2016-02-22,9.0202876,9.35193717,9.0202876,9.27474213,1124182
2016-02-23,9.23757864,9.62926784,9.14608947,9.43485355,1829545
2016-02-24,9.38910546,9.52919899,8.92022133,8.92022133,1570721
2016-02-25,8.83730886,8.96596644,8.7115119,8.77726936,1212465
2016-02-26,8.92879973,9.15752261,8.73724365,8.73724365,1473097
2016-02-29,8.79728304,9.12035569,8.79728304,9.00599384,2401127
2016-03-01,9.00313403,9.6578546,9.00313403,9.37766838,1136836
2016-03-02,9.31763221,9.62640921,9.23757898,9.46344376,1677083
2016-03-03,9.52920005,9.65213886,9.30619431,9.30619431,1303460
2016-03-04,9.57208401,9.78365296,9.371951,9.42913151,2995609
2016-03-07,9.43485116,9.78937181,9.32048849,9.62068844,1847322
2016-03-08,9.62068732,9.82082032,9.4605801,9.63498306,1038007
2016-03-09,9.74362929,9.79223368,9.22614229,9.31477165,2200154
2016-03-10,9.31476984,9.62354757,9.25187218,9.33478355,2407756
2016-03-11,9.2918981,9.57780147,9.18039442,9.34050083,1995867
2016-03-14,9.38910488,9.41197758,9.10319988,9.29189777,949121
2016-03-15,9.20326937,9.41198021,9.05173988,9.09176731,1386320
2016-03-16,9.02886531,9.32906441,8.97454297,9.23471546,1499612
2016-03-17,8.07680375,9.08890563,8.07680375,8.86304092,5375343
2016-03-18,8.8944899,9.0431612,8.46277501,8.57713604,4653709
2016-03-21,8.64861335,8.76869317,8.48564794,8.60000896,3101368
2016-03-22,8.57999557,8.64575385,8.35413087,8.43418407,2032024
2016-03-23,8.35127223,8.44276221,8.14542204,8.18544865,2776256
2016-03-24,8.12826673,8.16257536,7.8223488,8.13684368,2199250
2016-03-28,8.19402134,8.39129532,8.17972642,8.28837109,988894
2016-03-29,8.32840058,8.45991634,8.05964945,8.13684368,2608427
2016-03-30,8.21689372,8.2626391,8.03963346,8.05392838,1591812
2016-03-31,7.78804016,7.78804016,7.78804016,7.78804016,1205
2016-04-01,7.70512677,7.91383673,7.66224119,7.88810587,2279097
2016-04-04,7.845222,7.845222,7.845222,7.845222,2711
2016-04-05,7.74801302,7.74801302,7.74801302,7.74801302,1205
2016-04-06,7.77660608,7.77660608,7.77660608,7.77660608,1205
2016-04-07,8.05392838,8.05392838,8.05392838,8.05392838,1205
2016-04-08,8.17400985,8.27121696,8.07394294,8.10539341,5776686
2016-04-11,8.06250668,8.06250668,8.06250668,8.06250668,301
2016-04-12,8.14828396,8.14828396,8.14828396,8.14828396,301
2016-04-13,7.78804016,7.78804016,7.78804016,7.78804016,5423
2016-04-14,7.74801501,8.0024696,7.69941063,7.90526247,2482480
2016-04-15,7.94242887,8.06250869,7.81091229,8.00532818,2325800
2016-04-18,8.03391624,8.04821199,7.88524661,8.00818539,1091038
2016-04-19,8.04535484,8.04535484,8.04535484,8.04535484,301
2016-04-20,8.00532757,8.16829298,7.93956928,8.10825348,2546358
2016-04-22,8.00532604,8.1711504,7.99388929,8.05964756,1698174
2016-04-25,8.1053943,8.14827989,7.9795957,8.0653677,1245910
2016-04-26,8.09681761,8.24548811,8.056791,8.2054615,796057
2016-04-27,8.30330276,8.30330276,8.00457996,8.10898781,1386019
2016-04-28,8.15539356,8.30910397,8.10898951,8.30910397,1229941
2016-04-29,8.3149059,8.3149059,8.10029068,8.17859554,1640624
2016-05-02,8.22789937,8.5063204,8.16989555,8.44831657,555010
2016-05-03,8.44831622,8.47151658,8.17859565,8.34100819,1925662
2016-05-04,8.32070421,8.3497057,8.18729403,8.3497057,2177556
2016-05-05,8.43381305,8.60492602,8.36420864,8.46571636,2786501
2016-05-06,8.45701548,8.50631968,8.25980199,8.40771294,926824
2016-05-09,8.40771341,8.50051902,8.2627026,8.48891926,1360106
2016-05-10,8.50052029,8.84274548,8.47441894,8.74413872,1033488
2016-05-11,8.80503955,8.88914637,8.41351112,8.44541359,1557162
2016-05-12,8.56722341,8.92104912,8.49761816,8.92104912,846676
2016-05-13,8.89784812,8.89784812,8.50341948,8.5614233,1450197
2016-05-16,8.59622788,8.59622788,8.43381532,8.57012653,843965
2016-05-17,8.3236057,8.55562264,8.3236057,8.45411491,817751
2016-05-18,8.45411661,8.50342082,8.17279624,8.33230782,1669249
2016-05-19,8.26850074,8.3729086,8.15539326,8.22209835,1422778
2016-05-20,8.23079779,8.27720184,7.99298141,7.99588156,1671960
2016-05-23,7.9378779,8.05098622,7.7203617,7.81606913,813834
2016-05-24,7.83056799,8.22789669,7.80156567,8.22789669,1463154
2016-05-25,8.18149814,8.37001122,8.00458399,8.07999039,976239
2016-05-27,8.09448901,8.31490535,8.02778391,8.28010273,1969051
2016-05-30,8.34390877,8.41061305,8.25980277,8.26560307,363980
2016-05-31,8.33520652,8.75863748,8.32360592,8.59042549,4110751
2016-06-01,8.65422844,8.66292889,8.38160864,8.61362553,2063059
2016-06-02,8.61072574,8.96455055,8.61072574,8.88914585,1527031
2016-06-03,8.83404407,9.84041766,8.83404407,9.53009415,3451488
2016-06-06,9.51269156,9.71280685,9.17916775,9.17916775,1228434
2016-06-07,9.13566341,9.41698367,8.87174405,9.07765961,1323346
2016-06-08,9.00225594,9.35028139,8.92395024,8.93265152,1565297
2016-06-09,8.98485702,9.14146846,8.90075016,8.90075016,1314006
2016-06-10,8.88044697,8.97325426,8.64552986,8.79344082,879820
2016-06-13,8.71513614,8.96455317,8.625229,8.93265152,1961819
2016-06-14,8.82824102,8.89494611,8.61362585,8.70063114,1309185
2016-06-15,8.7383365,8.78184041,8.61942787,8.75863838,1211260
2016-06-16,8.73253194,8.82823849,8.41060803,8.82823849,2041666
2016-06-17,8.83984161,8.86304364,8.59912427,8.70063114,2226971
2016-06-20,8.71513405,8.89204646,8.59622461,8.61652565,1097968
2016-06-21,8.59332688,8.92395061,8.57012568,8.87754822,1399577
2016-06-22,8.83984161,8.95294991,8.64552748,8.70063114,1548424
2016-06-23,8.65713037,8.88044688,8.65713037,8.81664276,1668043
2016-06-24,8.59622648,8.7267357,8.32940689,8.63392925,1143767
2016-06-27,8.66583142,8.66583142,8.44541507,8.52082062,1418560
2016-06-28,8.59332593,8.64552945,8.39901176,8.54402256,3114324
2016-06-29,8.56432127,8.86594339,8.56432127,8.78763771,2013946
2016-06-30,8.77023741,8.99645401,8.65712827,8.85724354,3029054
2016-07-01,8.95875161,8.9703522,8.77893738,8.95295048,1129002
2016-07-04,8.96165242,9.09796277,8.94425152,9.03995895,466124
2016-07-05,8.93265183,8.9877555,8.79924161,8.87174702,3329458
2016-07-06,8.86014453,8.96455241,8.74703704,8.88334656,1939824
2016-07-07,8.8833472,9.11536416,8.8543457,8.95875359,2552685
2016-07-08,8.95875504,9.06896241,8.87174804,9.00805759,1952479
2016-07-11,9.10376155,9.10956185,8.83694286,8.95295048,1565900
2016-07-12,8.98485153,9.24297057,8.98195054,9.2168684,1964832
2016-07-13,9.27487433,9.30387749,9.06025913,9.17916775,1138042
2016-07-14,9.27487666,9.48949192,9.1762699,9.2806778,806301
2016-07-15,9.31257909,9.36188331,9.06896152,9.17336941,781594
2016-07-18,9.13566476,9.35898124,9.10086214,9.33287907,1441459
2016-07-19,9.21397163,9.64320292,9.21397163,9.61420059,1721978
2016-07-20,9.61419848,9.67510244,9.31547648,9.48658943,1844008
2016-07-21,9.48949216,9.69830795,9.44018961,9.57069969,1563791
2016-07-22,9.57359642,9.588098,9.3357792,9.49819088,1854252
2016-07-25,9.42278641,9.64320277,9.39088393,9.48369122,1228133
2016-07-26,9.48369299,9.66930676,9.41698787,9.66930676,1482136
2016-07-27,9.60550167,9.62870371,9.42568904,9.52429581,868973
2016-07-28,9.44018717,9.64900208,9.44018717,9.64900208,2315857
2016-07-29,9.46918735,9.62579955,9.4546866,9.54169273,1609590
2016-08-01,9.52139498,9.65770451,9.39958619,9.48079205,884641
2016-08-02,9.44888611,9.48078942,9.21106973,9.4401865,741520
2016-08-03,9.443089,9.49529253,9.25167496,9.35028172,1285080
2016-08-04,9.28067388,9.36767917,8.74123374,9.11246109,3053460
2016-08-05,9.13207154,9.3777773,9.06771968,9.23152351,979855
2016-08-08,9.20812355,9.38947744,9.20227269,9.30172634,1182033
2016-08-09,9.24322303,9.50940467,9.23444884,9.32220078,1061208
2016-08-10,9.33390203,9.35145209,9.14377226,9.20519829,862043
2016-08-11,9.1817983,9.59130793,9.17887329,9.51233101,1247718
2016-08-12,9.48893032,9.62933495,9.34560237,9.43920517,1248622
2016-08-15,9.42165504,9.51818286,9.2461503,9.27540207,890969
2016-08-16,9.27539913,9.29587418,9.00336665,9.06771851,863550
2016-08-17,9.12036949,9.17302132,8.81908777,9.17302132,2584925
2016-08-18,9.12914554,9.12914554,8.93608995,9.0969696,1706310
2016-08-19,9.05602005,9.11452191,8.99166902,9.04724503,920196
2016-08-22,9.06771956,9.06771956,8.72256184,8.72256184,1174199
2016-08-23,8.86004007,8.94194199,8.65528527,8.84834003,1490874
2016-08-24,8.84833953,8.88929049,8.58508205,8.58508205,1686423
2016-08-25,8.63773377,8.88929037,8.63773377,8.83371353,1282067
2016-08-26,8.90684092,8.92731682,8.72256202,8.91854095,1825628
2016-08-29,8.87759011,8.93901697,8.7459622,8.77521229,583333
2016-08-30,8.8190873,8.8190873,8.68453441,8.81031227,476670
2016-08-31,8.76351309,8.89806601,8.6494344,8.77521229,1574035
2016-09-01,8.76936156,8.7839866,8.59678188,8.69330883,1503830
2016-09-02,8.69331233,9.10282286,8.69038732,8.97704411,1290202
2016-09-05,8.9624159,9.17887154,8.86588894,8.99459267,574595
2016-09-06,8.94779234,9.14377213,8.94194232,9.14377213,816546
2016-09-08,9.11452023,9.33390004,8.9243905,9.07064342,2346891
2016-09-09,9.00044233,9.12914606,8.52365588,8.6289587,2973010
2016-09-12,8.63188435,8.86589007,8.36277768,8.77521229,2946797
2016-09-13,8.80153821,8.90684104,8.66698529,8.77521229,1425189
2016-09-14,8.76351172,9.0852685,8.73133495,8.82786274,1163050
2016-09-15,8.86296677,9.12914848,8.80739076,9.12914848,610451
2016-09-16,9.1262205,9.33975116,9.08234454,9.27247429,3199896
2016-09-19,9.17594659,9.26954853,9.11452058,9.1993475,1009383
2016-09-20,9.25784574,9.40409946,9.06771606,9.40409946,2640065
2016-09-21,9.42457744,9.42457744,9.17887089,9.25784779,912663
2016-09-22,9.34559884,9.4977026,9.24614605,9.4977026,974431
2016-09-23,9.39240077,9.49770358,9.25199786,9.36022568,1291709
2016-09-26,9.24907496,9.31635184,9.06479521,9.14377213,2777763
2016-09-27,9.10281941,9.34560013,9.00921747,9.34560013,1132016
2016-09-28,9.35437482,9.49185356,9.14084503,9.36022568,1214273
2016-09-29,9.34560225,9.47723016,8.88929163,8.95949268,835227
2016-09-30,8.9858169,9.0998939,8.88636494,8.88636494,1227832
2016-10-03,8.8951418,9.26662636,8.88636761,9.26662636,922907
2016-10-04,9.23152333,9.39240216,9.0911204,9.27247429,920196
2016-10-05,9.31049959,9.31927545,9.05601883,9.05601883,894886
2016-10-06,9.12329736,9.30757713,9.02384537,9.30757713,658961
2016-10-07,9.28417506,9.30172679,9.0647952,9.17887306,1157627
2016-10-10,9.29295236,9.31050241,9.12914848,9.12914848,1621341
2016-10-11,9.09696964,9.17594655,8.81616213,8.81908798,1326661
2016-10-13,8.85711505,8.90684104,8.75181222,8.77521229,1841898
2016-10-14,8.80153613,8.88928889,8.67868328,8.67868328,1582472
2016-10-17,8.69038625,8.88051603,8.6757612,8.7459631,3082385
2016-10-18,8.78398815,8.8746651,8.75766224,8.77521229,703254
2016-10-19,8.74596041,8.90683921,8.67283353,8.7401104,2587938
2016-10-20,8.76351353,8.79568863,8.60555886,8.79568863,870781
2016-10-21,8.7869119,8.78983775,8.52073112,8.68745995,2029614
2016-10-24,8.71086016,8.81908798,8.68746009,8.81908798,1370652
2016-10-25,8.75766169,8.80738851,8.54120687,8.55583191,2272468
2016-10-26,8.56753117,8.59678209,8.35692638,8.54998112,1216985
2016-10-27,8.6172572,8.6172572,8.39495156,8.50902939,1074767
2016-10-28,8.50902976,8.50902976,8.25454903,8.25454903,1383608
2016-10-31,8.25455061,8.50610554,8.19312374,8.47100544,1817492
2016-11-01,8.43297663,8.46807756,8.24869695,8.26332283,1232954
2016-11-03,8.24577563,8.41250534,8.13169861,8.13169861,1878055
2016-11-04,8.0146938,8.0146938,7.40920444,7.54668236,6597752
2016-11-07,7.69293714,7.69293714,7.55838338,7.56130838,1281163
2016-11-08,7.63443438,7.6432094,7.41212871,7.47355556,1943138
2016-11-09,7.36825237,7.59640803,7.22784946,7.36532736,2032325
2016-11-10,7.44430559,7.46478065,7.03772058,7.28342676,2950714
2016-11-11,7.29805187,7.35362788,6.94119368,7.08744621,1701489
2016-11-14,7.08744679,7.16349954,6.90024328,6.90024328,1423983
2016-11-16,6.8885422,6.96751911,6.52290854,6.80078983,7511620
2016-11-17,6.80078852,6.98799324,6.66623562,6.98799324,3104381
2016-11-18,6.96459218,7.06404582,6.84466475,6.87391567,1945548
2016-11-21,6.84173975,6.93826796,6.64868584,6.82126427,1861182
2016-11-22,6.87684232,7.00554523,6.70718803,6.86514187,1741864
2016-11-23,6.83296505,6.97336839,6.73351267,6.84173965,3242079
2016-11-24,6.84173906,6.94704187,6.77446303,6.84758949,1028667
2016-11-25,6.84466475,6.96166802,6.75398782,6.87391567,1508049
2016-11-28,6.78031338,6.8797666,6.69841146,6.69841146,3803718
2016-11-29,6.6954868,6.72473772,6.58433437,6.58433437,2741304
2016-11-30,6.58140884,6.78031318,6.29182673,6.29182673,51483679
2016-12-01,6.29182658,6.5287577,6.23040015,6.34740257,15482134
2016-12-02,6.36202836,6.42345479,6.24502509,6.30352736,3310777
2016-12-05,6.29475238,6.35325381,6.24795099,6.3210783,1874741
2016-12-06,6.34448007,6.72473879,6.34448007,6.68378782,5691416
2016-12-07,6.73351376,6.87976756,6.62821135,6.78616476,2978434
2016-12-08,6.81541521,6.9148676,6.64283592,6.80371475,1652677
2016-12-09,6.85636535,7.25417487,6.85344034,6.98799324,6329286
2016-12-12,6.96166949,6.96166949,6.71303829,6.88854218,3058582
2016-12-13,6.86221533,7.02894458,6.83004024,6.99091864,2667182
2016-12-14,6.93241765,6.99384409,6.663311,6.663311,1798209
2016-12-15,6.67208704,6.77446444,6.66331159,6.72766304,1825025
2016-12-16,6.80078952,6.80663995,6.68086164,6.72766304,1729510
2016-12-19,6.78031215,6.78031215,6.70426068,6.74228621,1612000
2016-12-20,6.74521317,6.84466556,6.73058813,6.77738953,748149
2016-12-21,6.84466567,6.86806616,6.67208681,6.85929155,1069343
2016-12-22,6.91506032,7.08948949,6.81158579,7.05696917,2141700
2016-12-23,7.06288234,7.16635731,6.97419041,7.05992556,1317622
2016-12-26,7.1160978,7.12792322,7.00079699,7.07470798,594782
2016-12-27,7.09540298,7.12792331,7.00375344,7.08653307,1301351
2016-12-28,7.07175252,7.18114064,7.06288303,7.13679361,1021134
2016-12-29,7.0865348,7.15748945,7.05105811,7.10722971,796057
2017-01-02,7.09540576,7.11610068,6.85889177,6.97419262,525482
2017-01-03,7.05105805,7.34670039,7.01853687,7.33191776,2191115
2017-01-04,7.34669965,7.45017378,7.24322467,7.28757,1201919
2017-01-05,7.28757019,7.36739433,7.24322486,7.32600451,2106146
2017-01-06,7.34078486,7.34078486,7.08948962,7.09835911,1419464
2017-01-09,7.13383668,7.19000827,7.09540364,7.12792397,744231
2017-01-10,7.19592242,7.2166169,7.04218812,7.13679361,519455
2017-01-11,7.18705301,7.20183563,7.08062209,7.10722971,893982
2017-01-12,7.16340055,7.32009162,7.06879592,7.2491374,1351368
2017-01-13,7.19592191,7.36443754,7.19296555,7.36148119,1675877
2017-01-16,7.3733071,7.52112826,7.36443803,7.46495581,1376979
2017-01-17,7.53295447,7.67486293,7.50339007,7.58616972,3164040
2017-01-18,7.65712236,7.67190414,7.56547282,7.6452961,6846030
2017-01-19,7.64529737,7.6866872,7.45904276,7.53886604,1380595
2017-01-20,7.53886728,7.73103464,7.51521559,7.68964481,1241089
2017-01-23,7.6216469,7.86703036,7.61277783,7.79016256,1129002
2017-01-24,7.76059598,7.93798064,7.76059598,7.86702728,1547520
2017-01-26,7.98233106,8.10058784,7.82859715,8.10058784,1976583
2017-01-27,8.07102523,8.11537143,7.79607815,8.02667904,2458978
2017-01-30,7.98232873,8.02076219,7.7044254,7.77242327,2022683
2017-01-31,7.74581585,7.87589888,7.69851416,7.71329594,1299242
2017-02-01,7.79311944,7.86407367,7.73103428,7.73103428,1368844
2017-02-02,7.71329531,7.85815926,7.50930256,7.83450842,1280862
2017-02-03,7.82268354,8.0237191,7.82268354,7.84042168,1028064
2017-02-06,7.8404209,7.961634,7.79903108,7.85520267,1838885
2017-02-07,7.94093924,7.94093924,7.76059818,7.82268333,1322744
2017-02-08,7.83450801,7.90250587,7.65712332,7.90250587,1404398
2017-02-09,7.90842018,7.99415534,7.72216469,7.79016256,1977487
2017-02-10,7.79015971,7.87885289,7.59799242,7.59799242,3523802
2017-02-13,7.67781804,7.71329515,7.22844188,7.56251764,5164427
2017-02-14,7.56251924,7.58321373,7.42356712,7.54478025,1235967
2017-02-15,7.53590861,7.80494283,7.53295226,7.78424835,920798
2017-02-16,7.77242466,7.79903271,7.56251916,7.64234161,850895
2017-02-17,7.74581458,7.74581458,7.52408372,7.65712309,805397
2017-02-20,7.63938346,7.7221631,7.5122585,7.51817036,1300146
2017-02-21,7.50930362,7.59799513,7.39400235,7.45017481,680354
2017-02-22,7.41174043,7.47086923,7.32009172,7.39104509,4358427
2017-02-23,7.31713536,7.44721754,7.11018583,7.39104509,3516571
2017-02-24,7.29348421,7.65416722,7.24322532,7.49156427,1557162
2017-03-01,7.50043207,7.72512014,7.50043207,7.6689477,1511062
2017-03-02,7.57138549,7.77242185,7.57138549,7.74285746,1803632
2017-03-03,7.74581407,7.88772249,7.71329417,7.88772249,1021737
2017-03-06,7.91432966,7.98232751,7.83746359,7.95571947,1148286
2017-03-07,7.95276303,8.30457687,7.95276303,8.30457687,1498407
2017-03-08,8.27797095,8.34892432,8.16562691,8.32231712,1360407
2017-03-09,8.24249293,8.24249293,7.79311847,7.98824215,1474302
2017-03-10,8.00302322,8.1774524,7.95571984,8.07102108,853004
2017-03-13,8.07693368,8.31640439,7.98232862,8.05328369,1385115
2017-03-14,7.98528558,8.20701645,7.95572033,8.04145718,1162146
2017-03-15,8.02667536,8.33118587,7.96754657,8.24249268,1453512
2017-03-16,8.32823023,8.32823023,8.15971373,8.28388405,1144670
2017-03-17,8.29275286,8.33414268,8.18927873,8.33414268,5369920
2017-03-20,8.35483714,8.46422482,8.35188078,8.46422482,1065426
2017-03-21,8.52631052,8.54109229,8.36075122,8.36666393,1219696
2017-03-22,8.3814481,8.3814481,8.12423919,8.20701885,1283272
2017-03-23,8.19519272,8.28092873,8.13606476,8.21884441,911759
2017-03-24,8.24545108,8.37257691,8.05919644,8.25432014,752668
2017-03-27,8.22179951,8.33709992,8.08580461,8.13015079,762913
2017-03-28,8.1301496,8.17153942,8.02076191,8.11832333,587551
2017-03-29,8.02667727,8.10650057,7.78425101,7.911376,1865702
2017-03-30,7.93798147,8.2691,7.88772259,8.05919456,1022942
2017-03-31,7.98528417,8.33709715,7.98528417,8.20405865,765323
2017-04-03,8.21884443,8.29275417,8.18041011,8.29275417,931947
2017-04-04,8.27501571,8.33710003,8.20997419,8.33710003,423941
2017-04-05,8.37553304,8.41692287,8.30753517,8.30753517,1495996
2017-04-06,8.27797162,8.37553304,8.23658179,8.30753517,1106706
2017-04-07,8.33709805,8.35188067,8.04145662,8.26023197,1042828
2017-04-10,8.2779706,8.30457779,8.22179815,8.23066807,893982
2017-04-11,8.23066908,8.33118686,8.20406104,8.30753517,856921
2017-04-12,8.30162296,8.35779456,8.22179882,8.27797127,606232
2017-04-13,8.2188444,8.33118761,8.2188444,8.28979778,762310
2017-04-17,8.29570841,8.39622702,8.23953682,8.34596729,970815
2017-04-18,8.36666433,8.45240034,8.19223596,8.32823086,799974
2017-04-19,8.36074974,8.42579124,8.26023198,8.39327049,543259
2017-04-20,8.39031264,8.41692068,8.20701526,8.28683853,822873
2017-04-24,8.21729833,8.48972782,8.21729833,8.40977573,1768680
2017-04-25,8.42753992,8.42753992,8.28836451,8.29724789,859030
2017-04-26,8.23210335,8.27948135,8.11365495,8.23210335,1310390
2017-04-27,8.23506325,8.27651984,8.11957768,8.14326668,833118
2017-04-28,8.15807267,8.27059882,8.10477157,8.23210335,2130251
2017-05-02,8.15215247,8.51637943,8.15215247,8.38904762,2412275
2017-05-03,8.43642671,8.43938784,8.29132816,8.40977573,2221848
2017-05-04,8.43938652,9.50541363,8.43938652,9.13526535,3476196
2017-05-05,9.13230483,9.13230483,8.87468183,8.97240067,1296530
2017-05-08,8.88652571,9.03458536,8.55191093,8.72069931,3867294
2017-05-09,8.72069838,8.74142626,8.40977349,8.52822018,2698518
2017-05-10,8.60817145,8.87171832,8.5904047,8.7355032,1303761
2017-05-11,8.80064802,9.18560351,8.77992015,9.01681519,1601153
2017-05-12,9.1145373,9.1145373,8.70589352,8.70589352,1888601
2017-05-15,8.70589362,8.91317749,8.70589362,8.91317749,1051867
2017-05-16,8.94278873,9.07308079,8.75623359,8.98720646,1300146
2017-05-17,9.0316248,9.0316248,8.77400178,9.02274227,1355888
2017-05-18,7.92117734,8.69996925,7.92117734,8.63186169,2838326
2017-05-19,8.58744596,8.96055624,8.4749215,8.70589352,1798811
2017-05-22,8.67035908,8.69108696,8.43938707,8.55783463,1102487
2017-05-23,8.55783272,8.91317532,8.51341415,8.63186169,1065426
2017-05-24,8.69700987,8.86875853,8.59336794,8.68220425,638171
2017-05-25,8.76511569,8.85987338,8.62297831,8.63186169,1025654
2017-05-26,8.67924118,9.15007022,8.61409559,8.88356304,1406508
2017-05-29,8.88356304,8.88356304,8.88356304,8.88356304,0
2017-05-30,8.87171976,9.1382261,8.83914569,9.04642868,1299844
2017-05-31,9.12934039,9.12934039,8.9368639,8.9368639,1668043
2017-06-01,8.98128429,9.08196424,8.72069934,8.79768944,1098269
2017-06-02,8.75919342,8.86579647,8.68220333,8.7503109,699035
2017-06-05,8.76511869,8.92502201,8.5637579,8.5637579,1465263
2017-06-06,8.51637764,8.782884,8.50749342,8.60817337,937672
2017-06-07,8.63778535,8.98128436,8.63778535,8.79472923,1041020
2017-06-08,8.83322541,8.99905182,8.76807895,8.91317749,1106706
2017-06-09,8.89244858,9.07308062,8.89244858,8.97240067,1666236
2017-06-12,9.02274244,9.02274244,8.58744678,8.76215744,1363119
2017-06-13,8.68516256,8.83914357,8.64666709,8.75919151,819860
2017-06-14,8.82137837,8.94574815,8.73846517,8.79176712,730673
2017-06-15,8.79176712,8.79176712,8.79176712,8.79176712,0
2017-06-16,8.80953683,9.14415169,8.80953683,9.14415169,2019670
2017-06-19,9.09973247,9.43730843,9.02570263,9.38104534,2013042
2017-06-20,9.43730829,9.60017359,9.36920071,9.36920071,1459237
2017-06-21,9.39881005,9.43730637,9.20337241,9.23890591,736699
2017-06-22,9.23594611,9.25667483,9.03458619,9.05531406,849991
2017-06-23,9.03162408,9.19152824,8.97832297,9.04346943,660769
2017-06-26,8.99312893,9.28924827,8.99312893,9.27148151,1282971
2017-06-27,9.27147957,9.33070291,9.07307911,9.07307911,561940
2017-06-28,9.07308039,9.17968345,8.87764273,8.88652611,759900
2017-06-29,8.96647646,9.10565271,8.65555158,8.76511574,902117
2017-06-30,8.73550499,9.01385669,8.73550499,8.93094349,1822916
2017-07-03,8.95759388,9.09084705,8.88948631,8.88948631,1104596
2017-07-04,8.91317794,9.17376208,8.91317794,9.01978016,675232
2017-07-05,9.03162202,9.058273,8.8894855,8.90132999,730070
2017-07-06,8.83914337,9.04050491,8.69700686,8.80657101,748149
2017-07-07,8.72958083,8.84802835,8.59632683,8.59632683,1029872
2017-07-10,8.59929131,8.7976901,8.59929131,8.70589352,873192
2017-07-11,8.70885537,8.89540965,8.62890244,8.62890244,587250
2017-07-12,8.66739705,8.70293054,8.45122985,8.50749207,776773
2017-07-13,8.47788291,8.85691545,8.47788291,8.59040737,2204975
2017-07-14,8.62890175,8.86875797,8.58744515,8.7177372,2125731
2017-07-17,8.66147631,8.9457503,8.66147631,8.80953598,887353
2017-07-18,8.77399973,8.91317599,8.7118144,8.88356304,889462
2017-07-19,8.90429177,8.94278724,8.88356304,8.88356304,818655
2017-07-20,8.90725456,8.94575004,8.8480312,8.92798328,547778
2017-07-21,8.94279121,9.08788894,8.91910221,8.9635191,480285
2017-07-24,8.96647787,9.2063341,8.93390465,8.93390465,757790
2017-07-25,8.94278616,9.01977709,8.71477448,8.7355032,854812
2017-07-26,8.73550482,8.92502022,8.72366032,8.92502022,710184
2017-07-27,8.98424318,9.21817712,8.90132999,8.90132999,2116089
2017-07-28,8.9487099,9.26851904,8.9487099,8.97536087,779183
2017-07-31,8.91317599,9.19448794,8.88060192,8.88356304,954244
2017-08-01,8.91021672,8.98128629,8.75623478,8.86876011,698131
2017-08-02,8.91317766,9.0878866,8.82434135,8.92798328,996125
2017-08-03,8.92798087,9.35735242,8.8835623,9.29812908,2250171
2017-08-04,9.26875166,9.6263876,9.24192862,9.6263876,1472795
2017-08-07,9.57274077,9.59658356,9.38796234,9.47737217,941589
2017-08-08,9.47737129,9.47737129,9.11079301,9.26874924,2195635
2017-08-09,9.28365047,9.28365047,9.19722175,9.20020199,855414
2017-08-10,9.22106451,9.29557141,9.16741845,9.23894596,1031378
2017-08-11,9.23894397,9.53399467,9.08098862,9.46842766,787319
2017-08-14,9.48333092,9.52207491,9.26874924,9.26874924,854812
2017-08-15,9.33133593,9.41776379,9.16741836,9.29855156,502582
2017-08-16,9.33729562,9.38796144,9.21808424,9.34027672,497761
2017-08-17,9.35816002,9.58168332,9.17934206,9.38796329,1457730
2017-08-18,9.45650862,9.49227238,9.34623711,9.49227238,789126
2017-08-21,9.56082143,9.68599417,9.39988407,9.50419426,586948
2017-08-22,9.62638694,9.66215156,9.45055008,9.45055008,914169
2017-08-23,9.45352942,9.54591778,9.27769087,9.37306118,821969
2017-08-24,9.35815986,9.6055251,9.35815986,9.52207661,410382
2017-08-25,9.60552335,9.60552335,9.21510313,9.25086689,693310
2017-08-28,9.2449091,9.45353034,9.2449091,9.38796329,661372
2017-08-29,9.40882397,9.51313414,9.29557136,9.34623718,544464
2017-08-30,9.29259396,9.42968854,9.191264,9.34922028,430871
2017-08-31,9.3581591,9.37306117,9.1435774,9.25682831,708376
2017-09-01,9.25384896,9.44458874,9.1733807,9.33431721,630036
2017-09-04,9.24788839,9.39392281,9.24788839,9.3611393,317277
2017-09-05,9.40286265,9.50717368,9.19126121,9.27768993,739411
2017-09-06,9.27768992,9.49227245,9.25086689,9.25086689,598097
2017-09-07,9.25086689,9.25086689,9.25086689,9.25086689,0
2017-09-08,9.26874825,9.49227149,9.22106353,9.343256,617079
2017-09-11,9.41776284,9.45650769,9.30153172,9.45352745,739712
2017-09-12,9.39392185,9.51015384,9.34623713,9.39392185,740616
2017-09-13,9.35517877,9.52207574,9.24788835,9.43564701,1530345
2017-09-14,9.39690105,9.5757198,9.39690105,9.48929024,478477
2017-09-15,9.43564688,9.71579561,9.3909424,9.59658337,1902160
2017-09-18,9.59956285,9.82606634,9.4118042,9.4118042,2541838
2017-09-19,9.48035043,9.68599224,9.43564595,9.59360218,2277892
2017-09-20,9.53697586,9.82010392,9.49227139,9.53697586,1153710
2017-09-21,9.57870122,9.65916946,9.29557142,9.32835579,877711
2017-09-22,9.34623602,9.68301013,9.33729444,9.5459156,806301
2017-09-25,9.53399767,9.6949333,9.25384808,9.25384808,1064824
2017-09-26,9.11973461,9.29557231,8.97965982,9.25682831,1568009
2017-09-27,9.2985518,9.2985518,9.0511866,9.16145897,909349
2017-09-28,9.11973373,9.30451299,9.08993045,9.23894596,1032282
2017-09-29,9.25086694,9.41180427,9.14655591,9.32835579,1660209
2017-10-02,9.26874923,9.40882401,9.16741845,9.23894596,651730
2017-10-03,9.32239446,9.32239446,9.13463582,9.20020199,773458
2017-10-04,9.20020194,9.37007999,9.14357649,9.27768993,1135029
2017-10-05,9.28067014,9.44160661,9.27470965,9.35219765,1111527
2017-10-06,9.2627898,9.33133708,9.07205004,9.08993149,2415590
2017-10-09,9.16741761,9.3164331,9.11973289,9.20318222,2242940
2017-10-10,9.24490734,9.42968574,9.23298551,9.28961182,732480
2017-10-11,9.29259018,9.51313318,9.24490632,9.343256,1046444
2017-10-12,9.343256,9.343256,9.343256,9.343256,0
2017-10-13,9.32537554,9.5161153,9.27172947,9.27172947,737603
2017-10-16,9.28365032,9.50717357,9.24192608,9.40286255,2536414
2017-10-17,9.44756905,9.44756905,9.23894782,9.28365231,1813575
2017-10-18,9.28663046,9.56081865,9.28663046,9.53697586,1868112
2017-10-19,9.51313679,9.68301404,9.41776647,9.59062481,913567
2017-10-20,9.56379797,9.77539938,9.55485725,9.68599129,1122072
2017-10-23,9.66215222,9.76348217,9.6263876,9.6263876,785209
2017-10-24,9.6085043,9.74261861,9.5310163,9.60552406,1044033
2017-10-25,9.58168311,9.68301306,9.43564782,9.56678104,596289
2017-10-26,9.52505693,9.62340749,9.43266771,9.49823475,809615
2017-10-27,9.53995597,9.79626185,9.48929015,9.61446285,1394757
2017-10-30,9.64128886,9.64128886,9.46247005,9.58168316,1085011
2017-10-31,9.60850417,9.7694415,9.59062271,9.7098341,885846
2017-11-01,9.71579622,10.05853176,9.71579622,10.05853176,4259296
2017-11-02,10.05853176,10.05853176,10.05853176,10.05853176,0
2017-11-03,10.0704538,10.08237562,9.90355594,9.93932056,1778624
2017-11-06,9.94527985,10.22840883,9.94527985,10.13303852,11761577
2017-11-07,10.21350568,10.59498517,10.13601768,10.32675743,4962852
2017-11-08,10.38636309,10.47577204,10.07343089,10.24032784,1252238
2017-11-09,9.96017948,9.96017948,9.43266479,9.68599129,5712507
2017-11-10,9.62340635,9.83798805,9.51313484,9.6412878,3295712
2017-11-13,9.69791587,9.94826136,9.66811173,9.77540302,1809357
2017-11-14,9.70089611,9.88567456,9.64128955,9.77540302,999440
2017-11-15,9.77540302,9.77540302,9.77540302,9.77540302,0
2017-11-16,9.77838116,10.14495945,9.77540092,10.05256939,3683797
2017-11-17,10.0346881,10.23138834,9.75751963,9.90951538,2969093
2017-11-20,9.90951538,9.90951538,9.90951538,9.90951538,0
2017-11-21,9.90951609,10.19264422,9.77540178,10.13303852,1868715
2017-11-22,10.08833237,10.15985988,9.70685376,9.80520344,1746685
2017-11-23,9.86183176,9.9124976,9.75156023,9.77540302,490530
2017-11-24,9.8320275,9.85884968,9.62042606,9.68897247,763817
2017-11-27,9.72771735,9.89163407,9.62340631,9.83500862,1156723
2017-11-28,9.90653429,9.97210046,9.62638474,9.65618801,1189867
2017-11-29,9.65618725,9.67704979,9.39392088,9.43266487,1865702
2017-11-30,9.44160977,9.45055136,9.02138615,9.02138615,2159176
2017-12-01,9.01244328,9.34921743,8.98263915,9.25086689,4067664
2017-12-04,9.25980945,9.34921842,9.15251817,9.30451393,829803
2017-12-05,9.32835587,9.37901998,9.07800958,9.17934036,1926265
2017-12-06,9.0571487,9.34325792,9.0571487,9.18828106,2599689
2017-12-07,9.20914668,9.20914668,9.06311135,9.07801342,978650
2017-12-08,9.0690698,9.27471078,9.0690698,9.20616436,802384
2017-12-11,9.20616246,9.25086608,9.0273437,9.04522514,1118758
2017-12-12,9.06907087,9.11973584,8.9111146,8.96774006,776472
2017-12-13,8.9736996,9.06608881,8.72931379,8.80978203,1903968
2017-12-14,8.81276423,8.96774026,8.74719719,8.85150909,1361914
2017-12-15,8.94091314,9.13165285,8.77401622,9.12569237,2543043
2017-12-18,9.20616348,9.20616348,8.94389621,9.03032494,1349560
2017-12-19,9.03032494,9.14357669,8.96773815,9.03032494,1273631
2017-12-20,9.15251828,9.23894701,9.07205004,9.11973476,1429106
2017-12-21,9.22106175,9.22106175,8.99157808,9.03330231,1793388
2017-12-22,9.08992966,9.11973293,8.97071829,9.00052071,628830
2017-12-25,9.00052071,9.00052071,9.00052071,9.00052071,0
2017-12-26,8.98562045,9.20020214,8.98562045,9.03032494,485106
2017-12-27,8.95581616,9.06906704,8.91111083,8.95879555,1270316
2017-12-28,9.03557236,9.05650922,8.9009812,8.9398632,943095
2017-12-29,8.9398632,8.9398632,8.9398632,8.9398632,0
2018-01-02,9.02659933,9.07146391,8.92789847,9.01762676,946711
2018-01-03,9.05950194,9.29578487,8.9757562,9.20904827,786716
2018-01-04,9.27185376,9.4034549,9.06548035,9.15221691,923811
2018-01-05,9.13128484,9.34962177,9.06249338,9.34962177,13018335
2018-01-08,9.34064566,9.45429994,9.2030628,9.34363651,694214
2018-01-09,9.40046544,9.43336573,9.29578371,9.34662914,1499612
2018-01-10,9.40345632,9.40345632,9.24194573,9.32270145,478477
2018-01-11,9.37055562,9.37055562,9.18212816,9.31073761,387181
2018-01-12,9.27185437,9.37354609,9.21203637,9.29578209,979553
2018-01-15,9.27185577,9.41841122,9.18511918,9.2838192,579416
2018-01-16,9.27783704,9.4393459,9.27783704,9.42738247,1432119
2018-01-17,9.36158359,9.41541988,9.31372815,9.38551044,692406
2018-01-18,9.32569062,9.41840976,9.30176376,9.36457348,546874
2018-01-19,9.4214004,9.64870982,9.37653668,9.61581039,704760
2018-01-22,9.72049466,9.84611326,9.72049466,9.77732182,1220600
2018-01-23,9.744421,9.77433129,9.64871184,9.72348499,919894
2018-01-24,9.74441927,9.92088413,9.74441927,9.92088413,1027763
2018-01-25,9.92088413,9.92088413,9.92088413,9.92088413,0
2018-01-26,9.90891942,10.11529283,9.90592856,10.0644474,1242294
2018-01-29,10.06145758,10.13922245,9.75040242,9.84012985,5578726
2018-01-30,9.88499657,9.88499657,9.6666588,9.74442196,625516
2018-01-31,9.72946407,9.84312007,9.69955551,9.72049236,1328770
2018-02-01,9.71152045,9.88499446,9.71152045,9.75040245,920196
2018-02-02,9.71152202,9.76236832,9.55300399,9.64572144,690297
2018-02-05,9.65469358,9.65469358,9.46626527,9.47523785,1062413
2018-02-06,9.4303743,9.45430116,9.14324598,9.15820026,789126
2018-02-07,9.2120388,9.34962084,8.85013727,8.88303757,1206137
2018-02-08,8.87705511,9.10436458,8.81723624,9.03258228,2817535
2018-02-09,9.09539008,9.09539008,8.85312635,8.92490864,2462293
2018-02-14,8.98472757,9.10137359,8.98472757,9.03557301,954244
2018-02-15,9.04155542,9.07445572,8.9428554,8.97575569,1063920
2018-02-16,8.97575525,9.02061897,8.90098209,8.98771954,2004304
2018-02-19,9.01164479,9.01762736,8.93388164,8.95780849,774965
2018-02-20,8.95780669,9.41242637,8.92789726,9.3615818,1550533
2018-02-21,9.39448212,9.39448212,9.15819926,9.2718544,949423
2018-02-22,9.46327548,9.56795808,9.42439347,9.51711178,1476712
2018-02-23,9.52010137,9.66067424,9.43635565,9.52608395,1531249
2018-02-26,9.53505626,9.72348457,9.37952909,9.46626568,1624956
2018-02-27,9.49617523,9.51113124,9.33167462,9.42140293,982868
2018-02-28,9.46925544,9.46925544,9.09239972,9.13427258,1274233
2018-03-01,9.12530045,9.25091903,9.11333702,9.12230873,1254045
2018-03-02,9.19110055,9.20904655,9.04155425,9.07146454,1540891
2018-03-05,9.07744494,9.12230866,8.95182636,9.01164436,1747287
2018-03-06,9.02061694,9.1851175,9.02061694,9.07744408,1667139
2018-03-07,9.07445391,9.07744476,8.9368719,9.01762676,1929278
2018-03-08,9.09838097,9.09838097,8.9159344,8.94285297,1015409
2018-03-09,8.91294481,8.99369968,8.84116252,8.86808109,991304
2018-03-12,8.88004751,9.01463784,8.87705665,8.97276497,452264
2018-03-13,9.01463649,9.01463649,8.79630045,8.91593647,690599
2018-03-14,8.96678396,8.96977395,8.72751016,8.79929161,598699
2018-03-15,8.79330794,8.88901709,8.74545336,8.86808109,1544507
2018-03-16,8.90098052,9.01762652,8.7962988,8.93388081,1255853
2018-03-19,8.89798982,8.9249084,8.85013525,8.90696239,1104596
2018-03-20,8.88602624,8.93388167,8.80527137,8.86808109,2455362
2018-03-21,8.89798833,8.89798833,8.74844207,8.80826092,1687026
2018-03-22,8.82321805,9.06249181,8.69460773,8.69460773,766830
2018-03-23,8.67965303,8.73648018,8.56599873,8.68264389,810218
2018-03-26,8.6766623,8.72152602,8.56599886,8.65871716,788223
2018-03-27,8.7065716,8.79031733,8.55702529,8.66170788,2519842
2018-03-28,8.64675337,8.64675337,8.47028849,8.59889793,1165762
2018-03-29,8.54805085,8.63777827,8.48225114,8.61684227,796057
2018-04-02,8.61983455,8.61983455,8.41047024,8.49421597,894886
2018-04-03,8.61086184,8.76339901,8.52113525,8.72152615,915676
2018-04-04,8.68264243,8.90995271,8.66469729,8.85312557,1271823
2018-04-05,8.91593571,9.0595003,8.88004542,9.00267315,926222
2018-04-06,9.01264288,9.08450381,8.7731033,8.88389015,1275137
2018-04-09,8.88688841,8.92281845,8.65034291,8.69525719,777074
2018-04-10,8.71321993,8.85993769,8.62938145,8.81502342,1010287
2018-04-11,8.74316203,8.83298883,8.65034019,8.68926525,1375774
2018-04-12,8.68327759,8.96473558,8.62938168,8.9078455,1615013
2018-04-13,8.90784538,9.05456314,8.85095443,8.95275879,668904
2018-04-16,9.02162669,9.2072704,8.85095555,8.87790394,661673
2018-04-17,8.97671395,9.32703874,8.97671395,9.17433262,1232954
2018-04-18,9.17433087,9.62346663,9.17433087,9.44980049,1633092
2018-04-19,9.36895466,9.6324467,9.36895466,9.58154583,1450499
2018-04-20,9.68035703,9.68035703,9.50669089,9.566576,743629
2018-04-23,9.54861013,9.83905061,9.44980081,9.566576,2608126
2018-04-24,9.59052936,9.6324486,9.55160516,9.566576,624009
2018-04-25,9.51567488,9.60550256,9.45878479,9.49471569,1165762
2018-04-26,9.45578878,9.6234657,9.43482874,9.58753395,1620135
2018-04-27,9.58154899,9.69532917,9.53064638,9.59951401,1322443
2018-04-30,9.59951084,9.62645923,9.54860825,9.58154583,1239281
2018-05-02,9.55160376,9.55160376,9.25217995,9.3270359,1884383
2018-05-03,9.33003247,9.58154789,9.23721063,9.32404327,1446280
2018-05-04,9.2881117,9.53962708,9.2881117,9.3270359,2852788
2018-05-07,9.36596061,9.45578826,8.95575169,8.958745,1074767
2018-05-08,9.04258604,9.19229798,9.01563851,9.12343121,1075972
2018-05-09,9.11744111,9.18630873,9.06653936,9.13241196,1622847
2018-05-10,9.2222426,9.63544675,9.2222426,9.46178055,3628356
2018-05-11,9.4647739,9.59352667,9.09049486,9.14139748,1045841
2018-05-14,9.13241129,9.21624976,8.84197083,8.94377518,2105845
2018-05-15,8.99168479,8.99467896,8.71322094,8.8000536,1426997
2018-05-16,8.74615744,9.12941985,8.74615744,9.00366211,1404398
2018-05-17,9.09049269,9.13540695,8.80903472,8.81202888,915676
2018-05-18,8.81801926,8.85095513,8.62039887,8.70723152,942794
2018-05-21,8.92281845,8.9707269,8.67130296,8.69525719,900008
2018-05-22,8.63836431,8.80903456,8.58446754,8.68028355,1338412
2018-05-23,8.68028452,8.71920873,8.5485376,8.59644604,961174
2018-05-24,8.59345039,8.67728886,8.49763437,8.66830635,2594567
2018-05-25,8.78508294,8.78508294,8.55452667,8.74016953,1360106
2018-05-28,8.81502345,8.81502345,8.10838475,8.1592865,733083
2018-05-29,8.29701952,8.38684632,8.22815192,8.3089962,2267346
2018-05-30,8.35391413,8.47967188,8.23414473,8.39882755,5322614
2018-06-01,8.62040011,8.63237766,8.40781057,8.54853916,1366434
2018-06-04,8.6353705,8.70723144,8.44373932,8.68327808,1580664
2018-06-05,8.58446948,8.67729048,8.45272255,8.45272255,1196797
2018-06-06,8.48266227,8.48266227,8.18323931,8.38385296,906938
2018-06-07,8.18324072,8.25510251,7.98861538,8.1592865,2498751
2018-06-08,8.24312467,8.32396984,8.12934451,8.26408386,2313747
2018-06-11,8.29103268,8.29702188,8.15329829,8.2131834,1061811
2018-06-12,8.23414279,8.27606203,8.08742588,8.19222355,2126334
2018-06-13,8.21018881,8.36888238,8.14431535,8.26408386,1914514
2018-06-14,8.32995899,8.35690738,8.14431699,8.17725372,2275180
2018-06-15,8.2041977,8.32396791,8.15928431,8.3089962,6699293
2018-06-18,8.37487295,8.38984467,7.88082536,7.95268631,4650395
2018-06-19,7.82692593,8.03652209,7.82692593,7.93471861,2461087
2018-06-20,8.02754114,8.17126475,7.99161024,8.11137962,1386320
2018-06-21,8.14132353,8.24013374,8.03353081,8.12934685,2450240
2018-06-22,8.1353333,8.19222339,8.03352895,8.08443069,1788567
2018-06-25,8.08143665,8.1742585,7.99759817,7.99759817,776773
2018-06-26,8.11437285,8.37486989,8.11437285,8.31797981,6861397
2018-06-27,8.38385221,8.42876561,8.22515781,8.29402542,1178417
2018-06-28,8.32396971,8.36289478,8.1832403,8.27007294,1141055
2018-06-29,8.18922913,8.31498684,8.03053555,8.14431572,3801609
2018-07-02,8.12934639,8.19521899,7.94969186,8.08742714,521263
2018-07-03,8.18623389,8.29103154,8.13233798,8.18922806,689092
2018-07-04,8.20419975,8.32696329,8.17425805,8.2341423,194645
2018-07-05,8.31498742,8.38086089,8.23414311,8.32397079,2836819
2018-07-06,8.26108877,8.38984062,8.22815205,8.27905464,1458333
2018-07-10,8.27905665,8.46469862,8.26408408,8.4407444,1033488
2018-07-11,8.4347547,8.4437372,8.34193373,8.38385296,1324853
2018-07-12,8.37786728,8.45571657,8.35391306,8.40481567,638171
2018-07-13,8.44373801,8.5605132,8.40181877,8.45870972,840048
2018-07-16,8.45870972,8.55153069,8.36588874,8.45870972,914471
2018-07-17,8.45871226,8.71621609,8.4287697,8.71621609,1388429
2018-07-18,8.68627255,8.84796204,8.67729004,8.8000536,1297735
2018-07-19,8.76412404,8.78508324,8.67429635,8.75813484,653538
2018-07-20,8.84496732,8.96773089,8.84197315,8.93180084,878916
2018-07-23,8.85994015,9.02761714,8.82700341,8.95575619,662276
2018-07-24,8.96174363,9.16235737,8.96174363,9.03959465,1295927
2018-07-25,9.04857364,9.38093336,9.04857364,9.32404327,940685
2018-07-26,9.31506259,9.32404596,9.12343309,9.1473856,1650567
2018-07-27,9.15038063,9.28212672,9.13241474,9.1473856,1079889
2018-07-30,9.23421706,9.37793979,9.14439024,9.23721123,1059099
2018-07-31,9.22223885,9.22223885,8.82101154,8.82101154,3383995
2018-08-01,8.66830675,9.03360321,8.66830675,8.9078455,1378787
2018-08-02,8.89277248,8.89277248,8.67572884,8.67874241,1970858
2018-08-03,8.78726643,8.79028087,8.57926606,8.63051319,2046186
2018-08-06,8.58831005,8.71491893,8.48883108,8.50088882,1324250
2018-08-07,8.50993027,8.54911966,8.31097412,8.39538002,4035726
2018-08-08,8.36523511,8.63653944,8.35317737,8.38030815,2129045
2018-08-09,8.37126526,8.55816458,8.21451116,8.45265675,1802728
2018-08-10,8.44059675,8.44059675,8.20546566,8.32001591,1406809
2018-08-13,8.31700524,8.43155552,8.21451183,8.34112072,641485
2018-08-14,8.3953816,8.54610683,8.3471489,8.4948597,784306
2018-08-15,8.35920701,8.47978701,8.32303292,8.44059849,664686
2018-08-16,8.4436118,8.47074171,8.33207512,8.33207512,813231
2018-08-17,8.32001939,8.37428096,8.22958545,8.28987503,432679
2018-08-20,8.32001586,8.39537933,8.2325964,8.3170023,807506
2018-08-21,8.26274078,8.3139879,7.99143648,8.15120411,794550
2018-08-22,8.12708853,8.65763934,8.06679725,8.35920429,1839789
2018-08-23,8.35619085,8.41346597,8.00047979,8.16929245,2069989
2018-08-24,8.25972732,8.32303219,8.07885777,8.0848875,1870523
2018-08-27,8.08790447,8.36523865,8.08790447,8.31097794,595686
2018-08-28,8.36825034,8.39839556,8.14216337,8.31398964,769240
2018-08-29,8.23862768,8.29288838,8.13914871,8.13914871,1253744
2018-08-30,8.15120592,8.15120592,7.93717756,7.98842382,1162448
2018-08-31,7.97636844,8.06077438,7.94622322,8.03062916,1131413
2018-09-03,7.99445175,8.0185681,7.85276985,7.85276985,431172
2018-09-04,7.86483049,7.95827973,7.84674301,7.86483049,1565297
2018-09-05,7.86482948,7.96430758,7.82262652,7.92813349,815642
2018-09-06,7.94923482,7.97033587,7.5935237,7.7141037,3017002
2018-09-10,7.78042091,7.8618115,7.58447836,7.81659412,2126032
2018-09-11,7.79248039,7.79248039,7.53624821,7.53624821,929235
2018-09-12,7.53624757,7.596538,7.36442218,7.44581366,1936208
2018-09-13,7.4367688,7.46389957,7.31920325,7.35839176,1935003
2018-09-14,7.36140749,7.4186835,7.09010313,7.17450905,3131800
2018-09-17,7.08407355,7.32221955,7.04187059,7.29508877,13752925
2018-09-18,7.34934833,7.54830534,7.31920312,7.40662432,2815125
2018-09-19,7.52418979,7.52418979,7.18355129,7.38250875,2292656
2018-09-20,7.35839167,7.54830538,7.35839167,7.46088505,913868
2018-09-21,7.48500096,7.52117504,7.39155175,7.43978357,1009684
2018-09-24,7.44279895,7.49404521,7.15642111,7.29207373,1831955
2018-09-25,7.20766717,7.36743524,7.2046523,7.34030533,1475809
2018-09-26,7.35839313,7.93114795,7.32824792,7.61161089,2366476
2018-09-27,7.60256881,7.82564225,7.55735141,7.58448219,1631585
2018-09-28,7.5663929,7.63572664,7.5121322,7.5663929,3257747
2018-10-01,7.59653807,7.64175546,7.52117546,7.59653807,2471633
2018-10-02,7.63271287,7.78645253,7.50911843,7.68697357,1648157
2018-10-03,7.79850947,8.00952424,7.70807382,7.79549503,1116649
2018-10-04,7.81358184,7.83769819,7.5603641,7.64175558,1344739
2018-10-05,7.75329321,7.76535182,7.54529284,7.5874958,1528236
2018-10-08,7.86784154,7.99445038,7.75329044,7.80152225,618887
2018-10-09,7.80152242,7.9221024,7.71711653,7.7321887,1060304
2018-10-10,7.72616142,7.72616142,7.46691481,7.5663929,1138042
2018-10-11,7.56940733,7.79549515,7.49103116,7.5663929,1705707
2018-10-15,7.53323383,7.6025667,7.28302968,7.37045002,1703598
2018-10-16,7.36140628,7.44279775,7.30111672,7.34934855,3957385
2018-10-17,7.37346385,7.58447947,7.34633307,7.46088505,644197
2018-10-18,7.50007333,7.74123419,7.46390012,7.60256672,937069
2018-10-19,7.58448071,7.88291585,7.58448071,7.83769846,1629777
2018-10-22,7.9823945,8.88071614,7.91306162,8.241642,4366864
2018-10-23,8.21149743,8.214511,7.64477061,7.68697357,3144154
2018-10-24,7.68697244,7.85276982,7.57543662,7.72314739,2210097
2018-10-25,7.81659604,7.85578456,7.62065344,7.78343725,2094395
2018-10-26,7.72314928,7.80152547,7.56337987,7.65080023,2361053
2018-10-29,7.61462702,7.6749166,7.3553795,7.46993065,4752538
2018-10-30,7.42772707,7.77137962,7.37045107,7.68998814,1925361
2018-10-31,7.58448037,7.72616142,7.41868299,7.5663929,2834107
2018-11-01,7.6779314,8.10900436,7.56940911,8.00952625,1961819
2018-11-05,8.11804706,8.11804706,7.76535122,7.91306114,3337895
2018-11-06,7.85880027,8.03062742,7.67190181,7.750278,2382145
2018-11-07,7.81358064,7.89497211,7.5272033,7.65682745,2114281
2018-11-08,7.78645219,7.78645219,7.31920435,7.41566801,1966339
2018-11-09,7.41566959,7.57845259,7.39758298,7.57845259,842157
2018-11-12,7.49705805,7.70505836,7.23479748,7.23479748,1293818
2018-11-13,7.35537885,7.35537885,7.10216109,7.15943623,1103391
2018-11-14,7.31920374,7.72616111,7.24685557,7.58146477,3372546
2018-11-16,7.77137717,7.80453681,7.58749321,7.72013092,816244
2018-11-19,7.77740725,8.00048062,7.64175508,7.85276985,2902504
2018-11-21,7.85578487,7.95224939,7.66587113,7.75932121,3899534
2018-11-22,7.82865558,7.98239438,7.77740845,7.8678441,944903
2018-11-23,7.89195968,7.94320507,7.76535081,7.80755377,727961
2018-11-26,7.9582779,8.44059788,7.9582779,8.42853928,6639935
2018-11-27,8.43456996,8.53103362,8.29891691,8.47074318,2748536
2018-11-28,8.55514885,8.8023386,8.43155441,8.8023386,2999224
2018-11-29,8.7420485,9.00129513,8.71190415,8.83248329,3192966
2018-11-30,8.83248498,8.83248498,8.62749988,8.74205017,1367940
2018-12-03,8.72396174,9.06761519,8.72396174,8.99526787,2790418
2018-12-04,8.96210747,9.17613671,8.73903493,8.83248329,2474044
2018-12-05,8.7993233,8.91387356,8.67271444,8.78425026,1355285
2018-12-06,8.74205017,8.8535869,8.71190581,8.74205017,1520704
2018-12-07,8.76315122,8.82042724,8.66065867,8.74205017,860235
2018-12-10,8.7420468,8.81439496,8.56117725,8.56117725,1154312
2018-12-11,8.58228031,8.69080258,8.3170048,8.50088882,1746082
2018-12-12,8.5039049,8.66970233,8.5039049,8.62448406,1064522
2018-12-13,8.67874319,8.67874319,8.34413397,8.44059849,1363420
2018-12-14,8.44059663,8.5611766,8.44059663,8.54610443,1029269
2018-12-17,8.54610632,8.63051223,8.38935136,8.44059849,1289600
2018-12-18,8.44361318,8.46772866,8.25671387,8.25671387,1350163
2018-12-19,8.26877262,8.41949785,8.24767071,8.36523628,1381499
2018-12-20,8.50992887,8.54007408,8.20245052,8.44963932,3135114
2018-12-21,8.55816476,8.55816476,8.13914871,8.13914871,1931387
2018-12-26,8.14517834,8.27480165,8.00651085,8.241642,666193
2018-12-27,8.36523648,8.37126535,8.10297541,8.11503315,573992
2018-12-28,8.20546823,8.26575867,8.06680073,8.18436718,1035898
2019-01-02,8.1873891,8.70439128,8.18134241,8.6620636,2399620
2019-01-03,8.7769522,8.86765511,8.62578244,8.86160755,2305913
2019-01-04,8.86765604,9.22139419,8.64997009,9.10650539,1555354
2019-01-07,9.21232297,9.22139213,8.70741254,8.90998173,1682807
2019-01-08,8.86161023,8.95835985,8.54717636,8.54717636,2828382
2019-01-09,8.63485252,9.15487886,8.53810293,8.8767252,2482179
2019-01-10,8.79811772,9.13069247,8.79811772,9.03999043,2549371
2019-01-11,8.93719442,9.21837147,8.93719442,9.12767029,1384512
2019-01-14,9.04301532,9.65071961,9.04301532,9.39373016,3391829
2019-01-15,9.39373014,9.88654562,9.39373014,9.68095303,3459624
2019-01-16,9.6537414,9.76863106,9.58420277,9.58420277,1441158
2019-01-17,9.62955297,9.96212677,9.52373336,9.8260746,3564178
2019-01-18,9.94096648,10.35819749,9.7958425,10.2765646,3346934
2019-01-21,10.27354091,10.28261007,9.91980104,10.06794834,1949465
2019-01-22,10.06794746,10.30982013,9.97724629,10.23423481,4073088
2019-01-23,10.23423413,10.34005287,10.18585977,10.29167938,1269111
2019-01-24,10.32493785,10.32493785,10.11329946,10.15865135,2439694
2019-01-28,10.15865211,10.2523775,9.77467876,9.79584217,3193568
2019-01-29,9.89561468,9.97422335,9.6779296,9.91073227,7028020
2019-01-30,9.8805,10.01957731,9.8805,9.93794441,1345342
2019-01-31,9.93794274,10.12237105,9.93491853,10.05585575,1613205
2019-02-01,10.11934787,10.12237122,9.87747429,10.02259827,709581
2019-02-04,10.06190161,10.15865033,9.88049667,10.09818172,1374870
2019-02-05,10.04073871,10.55471755,10.02259778,10.40959358,3302341
2019-02-06,10.41261697,10.48820142,10.19493103,10.19493103,2654829
2019-02-07,10.14051176,10.40052541,9.79584273,9.89259148,2984159
2019-02-08,9.88956744,10.04980811,9.71723339,9.76560688,1738248
2019-02-11,9.76560921,9.9832952,9.71421236,9.78979683,1820807
2019-02-12,9.76863225,9.87445102,9.52071285,9.52071285,1629476
2019-02-13,9.61443901,9.68095257,9.46024414,9.61443901,2416795
2019-02-14,9.71118435,10.12841437,9.59629471,9.85026073,1971160
2019-02-15,9.73839536,10.13748532,9.70211437,10.08004093,1240788
2019-02-18,10.07701842,10.37935882,9.82002816,10.24935246,1849431
2019-02-19,10.3098201,10.3098201,10.04980738,10.14353275,2062456
2019-02-20,10.2644709,10.43378162,10.03469243,10.3884306,2680139
2019-02-21,10.29168483,10.48215988,10.04678783,10.12841988,1866003
2019-02-22,10.24028231,10.40656968,10.08911254,10.25237656,605328
2019-02-25,10.17678964,10.53355106,10.17678964,10.40052223,1549027
2019-02-26,10.40052719,10.69379768,10.40052719,10.6091423,3415633
2019-02-27,10.58192705,11.09590669,10.56378699,10.81472969,2479166
2019-02-28,10.84496531,11.02032185,10.81473101,11.02032185,3792268
2019-03-01,11.05055392,11.36498853,10.9840395,11.14730263,7141915
2019-03-06,11.06567307,11.45871639,10.95380762,11.45871639,2525266
2019-03-07,11.38010805,11.3922023,11.15032959,11.15032959,2543043
2019-03-08,11.1835855,11.28033422,10.9235719,11.05660248,3329157
2019-03-11,11.18056479,11.44662427,10.95380965,10.99915981,4088455
2019-03-12,11.08381385,11.22893781,10.94473743,10.94473743,2332127
2019-03-13,11.01729951,11.36801431,11.01729951,11.18661022,3355070
2019-03-14,11.18661308,11.59477239,11.1382387,11.44360256,2554493
2019-03-15,11.47383378,11.54034907,11.21986771,11.21986771,3092931
2019-03-18,11.05055653,11.47988089,11.05055653,11.39522552,2265839
2019-03-19,11.40429426,11.82454767,11.12614059,11.12614059,28449247
2019-03-20,11.21382028,11.41638952,10.94776083,11.15637589,3482523
2019-03-21,11.2380069,11.27731124,10.95078321,11.12614059,2772339
2019-03-22,11.18661034,11.59476955,11.06869734,11.50406837,5045410
2019-03-25,11.48895073,11.50406832,11.30754664,11.48895073,2559314
2019-03-26,11.50708982,11.79431438,11.30754568,11.79431438,5154183
2019-03-27,11.794316,12.05130543,11.33778066,11.61593437,5648931
2019-03-28,11.52523177,11.94246098,11.42545796,11.91222668,2068482
2019-03-29,11.96060191,12.09060828,11.72175257,11.91222668,4453038
2019-04-01,12.01804629,12.06339731,11.76105602,11.86687565,2560820
2019-04-02,11.86687665,11.93943864,11.75803454,11.79129219,4841424
2019-04-03,11.83664222,12.22061465,11.83664222,12.15712357,3686208
2019-04-04,12.18735869,12.89483678,12.10572667,12.76785374,6093361
2019-04-05,12.7557599,12.77087661,12.47760619,12.57737827,3662706
2019-04-08,12.57737811,12.74971218,12.52597953,12.65598679,5367810
2019-04-09,12.60761126,12.74668767,12.52900173,12.61365795,4228864
2019-04-10,12.64691636,12.89785909,12.64691636,12.66203308,5125257
2019-04-11,12.72552563,13.04600702,12.56528494,12.7436657,3104080
2019-04-12,12.69528857,12.93413877,12.56830555,12.78901482,2531594
2019-04-15,12.78901465,12.86762331,12.62272729,12.77692127,2309830
2019-04-16,12.70133765,12.90088267,12.57737795,12.7345953,4365056
2019-04-17,12.78901619,12.95530357,12.67110406,12.81320381,3132704
2019-04-18,12.90390623,12.90390623,11.76408134,12.30527115,8870522
2019-04-22,12.32038885,12.64994026,12.32038885,12.57737827,2167312
2019-04-23,12.58040099,13.12461413,12.52597907,12.93716335,4133952
2019-04-24,12.9099513,13.31206465,12.84041354,13.06112194,3960700
2019-04-25,13.1064735,13.2757842,12.89181177,13.08228588,3150782
2019-04-26,13.00065339,13.24252694,12.90995135,13.18205833,1685218
2019-04-29,13.29090234,13.442073,13.06717056,13.33323002,1367639
2019-04-30,13.43602632,13.66278144,13.15787264,13.4692831,3377366
2019-05-02,13.51161284,13.51161284,13.18810808,13.31509113,2066675
2019-05-03,13.20624702,13.20624702,12.70133819,12.8464613,3185734
2019-05-06,12.665058,12.93111748,12.5259807,12.72854996,2264634
2019-05-07,12.73459557,12.86157861,12.36573982,12.36573982,3279441
2019-05-08,12.39597394,12.65296249,11.86385416,11.94246197,5754088
2019-05-09,12.07851604,12.60761248,11.99990737,12.15410137,4974302
2019-05-10,12.31350741,12.66791803,12.31350741,12.49525642,3175483
2019-05-13,12.48919479,12.65882693,12.25897936,12.53463268,1866975
2019-05-14,12.53463217,12.53463217,12.03179286,12.11963749,2438075
2019-05-15,11.93789096,12.0863189,11.83792862,12.07723236,967471
2019-05-16,12.07117252,12.07117252,11.70767369,11.813694,1678113
2019-05-17,11.85913154,11.96818128,11.44716711,11.66223717,1413464
2019-05-20,11.5228975,11.82278367,11.5228975,11.70767593,978899
2019-05-21,11.83489806,12.46799049,11.83489806,12.42558289,2637464
2019-05-22,12.41952489,12.63156552,12.34379622,12.51039982,1634806
2019-05-23,12.41952401,12.42255344,11.88942247,12.06814289,8372520
2019-05-24,12.11358206,12.32259328,11.98635749,12.11661148,2129820
2019-05-27,12.11661148,12.17113592,11.9348616,12.11661148,1533157
2019-05-28,12.1105523,12.26201053,11.99544544,12.13781452,5418681
2019-05-29,12.11661082,12.25898077,12.01058963,12.20445633,2025765
2019-05-30,12.26807027,12.26807027,11.94395128,11.96515465,3909281
2019-05-31,11.99847572,12.08632038,11.84398805,11.96515465,2992634
2019-06-03,11.96818148,12.03785217,11.58044984,11.8500452,4096640
2019-06-04,11.90456974,12.09237671,11.6834417,12.09237671,3558020
2019-06-05,12.14690274,12.56795374,12.11661109,12.34682655,4352868
2019-06-06,12.41649416,12.41649416,12.06208363,12.17416191,3832593
2019-06-07,12.20445587,12.43467045,12.17719278,12.43467045,3023610
2019-06-10,12.52251797,12.89510339,12.40438081,12.85572433,3542983
2019-06-11,12.91933511,13.02535542,12.76484833,13.01021004,4089423
2019-06-12,13.00415102,13.08290824,12.72546914,13.04050064,2849183
2019-06-13,13.08593879,13.36765099,12.9587151,13.36765099,4164306
2019-06-14,13.40096914,13.71600151,13.18287141,13.71600151,4441886
2019-06-17,13.63118713,13.77052765,13.49790458,13.62815857,4459630
2019-06-18,13.84019698,13.87957603,13.39188294,13.55545712,3650948
2019-06-19,13.55545845,13.68268301,13.37673801,13.62815857,3808233
2019-06-21,13.57060418,13.57060418,13.1707557,13.17378426,8897908
2019-06-24,13.25254418,13.28889381,12.94962857,13.20407772,3638618
2019-06-25,13.11622893,13.11622893,12.90721774,12.92842197,3732147
2019-06-26,13.02232708,13.14349365,12.69214929,13.14349365,3393818
2019-06-27,13.08290869,13.23133748,12.90721856,13.20710468,5560027
2019-06-28,13.2767786,13.37976951,13.11623294,13.31918621,5137191
2019-07-01,13.31918481,13.34644703,13.17984341,13.23739815,2659117
2019-07-02,13.24042704,13.70388739,13.24042704,13.69177055,6274879
2019-07-03,13.72508826,13.88563386,13.54939727,13.85837078,5182903
2019-07-04,13.85837278,14.14614296,13.78567353,14.14614296,6186462
2019-07-05,14.2067255,14.85496426,13.95833524,14.85496426,5903168
2019-07-08,14.84284992,14.84284992,14.427856,14.75197411,3944167
2019-07-10,14.84284782,14.84284782,14.50661119,14.84284782,8314177
2019-07-11,14.85799451,15.01551247,14.61263451,15.01551247,4657214
2019-07-12,14.95795706,15.0155118,14.38847637,14.62172127,5043361
2019-07-15,14.62172172,14.62172172,14.24913541,14.45511723,4164306
2019-07-16,14.45511563,14.57628307,14.35818359,14.50358295,5842419
2019-07-17,14.63080654,14.63080654,14.33394897,14.57325268,2989627
2019-07-18,14.57325296,14.57325296,14.30971558,14.35818291,4212123
2019-07-19,14.37332779,14.59748524,14.33697817,14.50963974,8292224
2019-07-22,14.60051658,14.79438417,14.34001033,14.53993416,2155082
2019-07-23,14.53690472,14.57931232,14.37332966,14.57931232,4615412
2019-07-24,14.53993339,14.71259499,14.39756257,14.71259499,4495418
2019-07-25,14.66109674,14.74894224,14.51266796,14.61565971,4281594
2019-07-26,14.69139082,14.7428867,14.48237874,14.72168159,1986067
2019-07-29,14.72168205,14.8034687,14.42785474,14.8034687,2678966
2019-07-30,14.71865196,14.77317814,14.53993325,14.648983,2917751
2019-07-31,14.59748569,14.75500188,14.57628232,14.69139004,3571854
2019-08-01,14.65201164,15.11244256,14.60051575,14.89131451,3670195
2019-08-02,14.85799234,14.90342937,14.648982,14.84284782,2450706
2019-08-05,14.72773996,14.77317699,14.53993212,14.71865082,3023310
2019-08-06,14.70047773,15.01853867,14.64595329,14.83376026,4234679
2019-08-07,14.88828765,15.05489128,14.65504186,15.02157021,3763123
2019-08-08,15.49411545,16.31198727,15.49411545,16.20596695,20154498
2019-08-09,16.0575344,17.09956248,16.0575344,17.07532883,12154891
2019-08-12,16.99354695,16.99354695,16.3362216,16.63005066,5497173
2019-08-13,16.71212187,16.75163681,16.36863845,16.62701035,4736609
2019-08-14,16.44462821,16.63916731,16.27744601,16.57533455,5051781
2019-08-15,16.57533758,16.80331176,16.00387823,16.32304382,5514315
2019-08-16,16.44462959,16.4659066,15.93396399,16.19841576,5788888
2019-08-19,16.41119294,16.52062228,16.07074862,16.21665382,2847980
2019-08-20,16.27744832,16.32608223,16.0008385,16.32608223,2561377
2019-08-21,16.40207086,16.54493523,16.0190726,16.54493523,3262095
2019-08-22,16.7181957,16.7181957,16.1163406,16.20145035,2183050
2019-08-23,16.37775186,16.37775186,15.75765881,16.22880936,3482234
2019-08-26,16.23184957,16.38383289,15.7910967,15.91876221,3668992
2019-08-27,16.41423219,16.41423219,15.56312399,15.80325794,4332418
2019-08-28,15.82149292,16.02211189,15.44153547,16.02211189,5604837
2019-08-29,16.11026307,16.27136536,15.83365329,16.17105675,3107215
2019-08-30,16.2774437,16.39295116,16.11330234,16.3777523,5048774
2019-09-02,16.50237766,16.78506551,16.28959896,16.42030525,2577617
2019-09-03,16.40815295,16.53885929,15.76070288,15.98867702,3825375
2019-09-04,16.14673858,16.31392077,16.0646679,16.28656387,6159396
2019-09-05,16.32608089,16.46894702,16.21057341,16.38079643,2597767
2019-09-06,16.37775696,16.38079777,15.96132181,16.23185349,1815249
2019-09-09,16.14370325,16.21969406,15.20748348,15.47193527,5861366
2019-09-10,15.38378608,15.70599252,15.36858722,15.64519882,2783321
2019-09-11,15.715104,16.19537354,15.64215228,16.19537354,2723775
2019-09-12,16.14066207,16.23489256,15.89748904,16.23185349,2960155
2019-09-13,16.19841639,16.24401123,15.83365598,16.11938477,2574911
2019-09-16,15.98867482,16.23792768,15.80021563,16.2136116,2725279
2019-09-17,16.29264364,16.41119194,16.15282008,16.41119194,3596214
2019-09-18,16.41119241,16.52062175,16.2227332,16.47502518,1781867
2019-09-19,16.52061772,16.95529066,16.44158438,16.90361595,4442789
2019-09-20,16.92794104,17.51155673,16.78811571,17.18935204,7417379
2019-09-23,17.18630652,17.6392192,17.18630652,17.32613182,6322095
2019-09-24,17.45683362,17.49938937,17.18630206,17.46291351,3605537
2019-09-25,17.45684238,17.45684238,17.02521008,17.21062851,5601228
2019-09-26,17.29573623,17.46291843,17.20758565,17.44771957,4834048
2019-09-27,17.48723588,17.70305197,17.32613183,17.63010025,3897252
2019-09-30,17.63010471,17.63010471,17.44164372,17.55107307,3450958
2019-10-01,17.47811417,17.76688194,17.44163657,17.76688194,3407952
2019-10-02,17.66353414,17.66353414,17.35956749,17.56930542,2985717
2019-10-03,17.48115204,18.29578408,17.44467619,18.23802948,7482339
2019-10-04,18.34442362,18.59975465,17.94926555,18.08605003,7053187
2019-10-07,18.01614015,18.01614015,17.63314181,17.87327576,3395622
2019-10-08,17.93406608,18.13772413,17.73344711,17.84287643,5239441
2019-10-09,18.10428813,18.13164503,17.64833812,17.87631226,5930836
2019-10-10,18.01309939,18.13164594,17.30789472,17.57842636,4091227
2019-10-11,17.75472677,17.90671011,17.47811699,17.47811699,5894447
2019-10-14,17.4933144,17.59362302,17.28661727,17.44771957,4825928
2019-10-15,17.52674822,17.52674822,17.18022585,17.31093216,3382991
2019-10-16,17.3504484,17.3504484,17.07079783,17.32309151,3092178
2019-10-17,17.36868992,17.58754687,17.33221406,17.45684052,3699066
2019-10-18,17.49939617,17.52675307,17.07080125,17.27750015,4048522
2019-10-21,17.28054149,17.33829612,17.00393164,17.08600235,3179693
2019-10-22,17.08600212,17.38996887,17.06776419,17.38996887,9103913
2019-10-23,17.42340176,17.79728109,17.27445749,17.751688,4290315
2019-10-24,17.81247956,17.83071749,17.33829162,17.63010025,3905672
2019-10-25,17.58450347,17.60881954,17.18630462,17.55410576,3455770
2019-10-28,17.62402031,17.71520996,17.3778065,17.71520996,2731595
2019-10-29,18.35962239,18.86420809,18.0222189,18.84597015,11370569
2019-10-30,18.94627489,19.22592545,18.67878411,19.22592545,6985220
2019-10-31,19.18945171,19.19249078,18.92499997,18.93107986,3128868
2019-11-01,18.9979535,19.24416733,18.95235867,19.24416733,2893993
2019-11-04,19.24720288,19.29583852,18.70310235,18.82468796,3305702
2019-11-05,18.94627549,18.94627549,18.1468422,18.20763588,4756157
2019-11-06,18.21067892,18.71830545,18.06173464,18.70006752,4462036
2019-11-07,18.85508876,18.90676348,18.42649562,18.56328011,5140499
2019-11-08,18.56327642,18.6757448,18.26234886,18.64838791,3960707
2019-11-11,18.39913575,19.00402997,18.39913575,18.90068054,4614209
2019-11-12,18.94323758,18.94323758,18.55719849,18.81861115,6504943
2019-11-13,18.63622962,18.96147503,18.63622962,18.75477791,6529303
2019-11-14,18.83988979,19.26544386,18.75478003,19.18033409,4549250
2019-11-18,19.21376461,19.59068468,18.97363074,19.56332779,6961763
2019-11-19,19.56636849,19.9159317,19.37487024,19.9159317,6884172
2019-11-21,19.90377266,20.24421692,19.82170198,20.24421692,6798162
2019-11-22,20.22901524,20.22901524,19.73658947,19.83081818,3862366
2019-11-25,19.94025072,19.94025072,19.65756278,19.89161682,2347854
2019-11-26,20.02232159,20.02232159,19.4478233,19.77610779,3397427
2019-11-27,19.89161663,19.95848846,19.60588788,19.95848846,2820312
2019-11-28,19.89465787,20.21686427,19.76091244,19.90073776,3037745
2019-11-29,19.91593611,19.93417404,19.27760497,19.6666832,5370863
2019-12-02,19.54813251,19.69099688,19.22288883,19.29887962,4143856
2019-12-03,19.41134945,19.41134945,18.84597007,18.99795341,3970631
2019-12-04,19.02834522,19.40830612,19.02834522,19.40830612,4593458
2019-12-05,19.40830782,19.54205322,19.27152161,19.54205322,2870535
2019-12-06,19.55117233,19.90377288,19.37487118,19.88249588,3816654
2019-12-09,19.89465167,19.90985053,19.50861437,19.77002525,6416226
2019-12-10,19.76090845,19.83690099,19.42350501,19.71227455,4901713
2019-12-11,19.74571613,19.96153227,19.53293907,19.67884254,6756961
2019-12-12,19.75787315,20.50259282,19.75787315,20.36580658,5730846
2019-12-13,20.45395617,20.88254929,20.29893201,20.88254929,3501482
2019-12-16,20.97373785,21.11964304,20.46611315,20.66977119,5734154
2019-12-17,20.59074004,20.87038889,20.48435154,20.63937569,3539675
2019-12-18,20.5573002,20.82783179,20.5573002,20.57857895,3720418
2019-12-19,20.58162062,21.1561189,20.46611315,20.66977119,6684483
2019-12-20,20.66976983,20.95853935,20.41443708,20.80959511,4675860
2019-12-23,20.9159881,20.92206625,20.30501387,20.56946564,4049725
2019-12-26,20.60911527,20.68536699,20.40476263,20.43221283,4930284
2019-12-27,20.46575782,20.6457114,19.50194473,19.7703495,10198897
2019-12-30,20.10280946,20.20651138,19.35250052,19.68800354,11476127
2020-01-02,19.90150498,21.34722224,19.79475364,21.09101868,10977505
2020-01-03,20.74026313,21.5393734,20.74026313,21.5393734,18487512
2020-01-06,21.34417019,21.35026906,21.04221633,21.04831696,6981010
2020-01-07,21.1977676,21.29536887,20.7555116,21.13676834,7438732
2020-01-08,21.22827334,21.22827334,20.49626458,20.8531189,5422891
2020-01-09,20.80736408,21.20082035,20.62436279,21.19776917,6348560
2020-01-10,21.22827701,21.34417845,20.54201846,21.03917503,5833397
2020-01-13,21.12151871,21.2526708,20.59081148,21.24352074,4959455
2020-01-14,21.24352074,21.45092278,21.020868,21.24352074,6553362
2020-01-15,21.19777073,21.32892283,20.86836838,21.29537201,4143555
2020-01-16,21.35027297,21.41127574,20.88361788,21.29842377,4524589
2020-01-17,21.37467146,22.11583012,21.17031887,22.0700798,6146164
2020-01-20,22.02127763,22.22867966,21.84437524,22.22867966,2289511
2020-01-21,22.17073443,22.19818463,21.76508036,22.0212822,5349210
2020-01-22,22.08533622,22.59469223,21.98773318,22.59469223,4133932
2020-01-23,22.36898692,22.83564377,22.20733518,22.83564377,3909281
2020-01-24,22.7685431,22.77769317,22.33848825,22.40558815,5117643
2020-01-27,21.95723071,22.079231,21.50582459,22.0395813,4715557
2020-01-28,22.17073526,22.83869355,21.9450313,22.73804283,4865324
2020-01-29,22.81429329,22.81429329,22.20428486,22.41778755,4893293
2020-01-30,21.96027778,22.53978475,21.69797536,22.17378044,8180650
2020-01-31,21.66442763,22.76854134,21.66442763,22.76854134,6514567
2020-02-03,22.76853801,24.10445609,22.61603636,23.91840363,8362897
2020-02-04,24.33626216,24.34236278,23.64695258,23.79030418,6441487
2020-02-05,24.02820598,24.59246405,23.86655426,23.86655426,6694107
2020-02-06,23.96720362,24.12885534,23.08269335,23.38464546,7641729
2020-02-07,23.39685341,23.65000758,22.84479647,23.0155983,6007825
2020-02-10,23.10709565,23.3053494,22.45133689,22.73194122,4994942
2020-02-11,22.87529204,23.16504644,22.57638934,22.9393425,6374122
2020-02-12,23.18944904,24.08616074,23.18944904,23.91230774,7795406
2020-02-13,23.90620462,24.16545762,23.00339414,23.8208046,8098549
2020-02-14,23.85130461,23.85130461,23.39379962,23.69880295,5792497
2020-02-17,23.69879969,25.53492355,23.3449949,25.53492355,9282852
2020-02-18,25.2512728,25.2512728,23.83910464,25.19332123,14214339
2020-02-19,25.19332591,25.44648009,24.65346849,25.08657455,7006572
2020-02-20,25.08656842,25.51357375,24.53146219,25.08351898,9126468
2020-02-21,25.00726974,25.41292555,24.70531584,25.32447433,5416876
2020-02-26,24.40031416,24.40031416,23.63780402,23.91230774,8569503
2020-02-27,23.63779953,23.9123032,22.46048546,22.46048546,11984974
2020-02-28,22.36288541,22.38423498,21.35027069,21.6583252,11978659
2020-03-02,21.65222726,22.77769049,21.45092408,22.62518883,9943872
2020-03-03,22.71363867,23.03389267,21.86267743,22.35373497,5901664
2020-03-04,22.70449115,22.70449115,21.97553186,22.57028961,6062559
2020-03-05,22.25003359,22.41778594,20.52066089,21.19776917,4460833
2020-03-06,20.01740089,20.38645458,19.58124558,19.80694771,9563139
2020-03-09,17.53772346,18.99564186,17.53772346,17.78782463,10069580
2020-03-10,18.30023158,19.35249596,18.26058189,18.99564171,6828235
2020-03-11,18.30023245,18.72113717,16.7752141,17.90372849,10803378
2020-03-12,15.43319677,16.49460949,15.31119474,15.63144875,5281544
2020-03-13,18.30023451,18.30023451,15.82665335,17.58042526,8158396
2020-03-16,15.28679444,15.99440411,14.4144836,15.10379314,6901314
2020-03-17,15.5643463,16.40005681,15.07329054,15.44539547,4601879
2020-03-18,14.08507937,14.40228307,12.25505595,13.0755167,12901922
2020-03-19,12.81016237,13.85632612,11.32784324,12.840662,12149177
2020-03-20,13.17311714,14.22843101,12.69426172,13.33782005,18024978
2020-03-23,13.33477211,13.40187376,12.37400903,13.33477211,7523239
2020-03-24,14.52428674,15.07024386,14.00273037,14.00273037,6882067
2020-03-25,13.93867674,17.17476838,13.73432414,16.77521324,6893495
2020-03-26,16.83011409,17.26016886,15.56434702,16.21705627,11674012
2020-03-27,15.69245058,15.71075071,13.60622353,13.88377666,19704896
2020-03-30,14.57613618,14.79269006,13.88987779,14.31688404,8605892
2020-03-31,14.12168174,14.49988651,13.90817991,14.23758316,9342999
2020-04-01,13.69162479,14.42668382,13.02366653,13.65502453,9192330
2020-04-02,13.70992459,14.13083108,13.48727184,13.90817833,6199394
2020-04-03,13.84107654,13.99967883,13.05416659,13.40187168,9379689
2020-04-06,14.03017696,14.88418846,13.83497531,14.2467308,4089122
2020-04-07,15.24409768,16.60746644,14.94824434,15.52470207,10445802
2020-04-08,15.55520096,16.851468,15.31424804,16.61966515,6556970
2020-04-09,17.12902114,17.62312824,16.39396286,16.39396286,10940214
2020-04-13,16.39396168,16.97346878,16.01575603,16.97346878,4472562
2020-04-14,17.26321825,17.94947833,16.75996296,16.77826309,7873297
2020-04-15,16.50071182,17.51637433,16.3085587,17.20222092,7805029
2020-04-16,17.26626965,18.16908185,16.98566709,17.71462631,8660627
2020-04-17,18.02877812,18.49543312,17.51332161,18.00437737,9674111
2020-04-20,17.56517402,18.05927925,17.467571,18.00132942,5095087
2020-04-22,18.00133185,18.82789245,17.99523122,18.39173698,7537674
2020-04-23,18.72724116,18.72724116,17.74817717,17.87627983,4519477
2020-04-24,17.38521877,17.84882607,15.71074839,16.19570351,8176139
2020-04-27,16.74471561,18.03183062,16.47021016,17.82442856,5241847
2020-04-28,18.86073738,19.49656056,17.59214551,17.7174778,8366205
2020-04-29,17.97425842,18.18823765,17.36289021,17.97425842,6553362
2020-04-30,17.91617666,18.37164651,17.7816756,18.08124542,5435823
2020-05-04,18.09347465,18.61619417,17.51573045,18.3410778,5330865
2020-05-05,18.6620499,18.992191,18.4144467,18.58868599,5893143
2020-05-06,18.55199933,18.59785176,17.71748155,18.05679131,4814800
2020-05-07,18.50614699,18.59785186,16.66286868,16.69955063,8721776
2020-05-08,17.22227724,17.37817556,16.46112136,16.96550179,5583484
2020-05-11,16.88296278,17.04803155,16.27770714,16.47945786,5369360
2020-05-12,16.7454,17.14890308,15.81000528,15.82834625,4142653
2020-05-13,15.92005836,16.61701895,15.74581733,16.14015007,7177291
2020-05-14,15.82835248,16.26853943,15.63577047,16.26853943,4741320
2020-05-15,16.25936779,17.31397915,15.81918087,17.14890862,6818311
2020-05-18,17.67162836,17.84586937,17.23144324,17.55241203,6183455
2020-05-19,17.90089614,18.45112898,17.42402721,17.54324532,5212976
2020-05-20,17.7266546,18.14850059,17.54324482,17.80919075,3593006
2020-05-21,17.84586861,18.57034056,17.64411616,18.46029472,4471158
2020-05-22,18.29522028,18.48780221,17.97425157,18.09346962,2313269
2020-05-25,18.61619568,18.93716451,18.36859075,18.61619568,2722272
2020-05-26,19.07472155,19.52407716,18.83628713,18.95550346,5826179
2020-05-27,19.26730605,19.42320612,18.45112902,18.63454056,5485444
2020-05-28,18.65287663,19.1205732,18.24937172,18.79960442,5161149
2020-05-29,18.91882463,18.96467707,17.65329021,18.44195747,7490960
2020-06-01,18.42361444,19.10223583,18.18518174,18.74458504,5520129
2020-06-02,18.86379532,19.44153941,18.61619047,19.02886581,5788487
2020-06-03,19.38652204,19.80836624,18.92799414,19.69832039,6840265
2020-06-04,19.78085206,20.08347988,19.16642595,19.89089966,6470458
2020-06-05,20.1201609,20.27605916,18.79960386,19.03803825,8355278
2020-06-08,19.50573799,19.62495609,18.6712201,19.28564453,6860815
2020-06-09,18.97384643,19.68914792,18.72624152,19.35900688,5750694
2020-06-10,19.48739746,19.98260731,18.91882369,19.70749092,5813348
2020-06-12,19.1480879,19.76251411,18.85463053,19.76251411,5459080
2020-06-15,19.24895957,19.79919226,18.88213836,19.41403008,4225256
2020-06-16,19.79002487,19.90007072,19.0838938,19.28564453,4474065
2020-06-17,19.2764703,20.56034711,19.2764703,20.31274223,6851893
2020-06-18,20.45030048,20.89048733,19.927581,20.85380363,7436025
2020-06-19,21.03722217,21.2298042,20.66123034,20.71625328,8496224
2020-06-22,20.68873252,21.1105766,20.50532281,20.76209641,3882215
2020-06-23,21.48657309,21.49574357,20.8171223,20.94551086,3903066
2020-06-24,20.98219455,21.25731093,20.21186834,20.55117989,3358230
2020-06-25,20.57869066,21.19311505,20.03762841,21.15643311,3135785
2020-06-26,21.17477591,21.17477591,20.34942849,20.4136219,2304047
2020-06-29,20.56951709,20.7529268,20.12015978,20.5603466,1427097
2020-06-30,20.30357296,21.48657274,20.26689101,21.22979736,5119547
2020-07-01,21.10140806,22.10099807,21.10140806,21.7800293,5880011
2020-07-02,22.19270277,22.4769896,21.85339303,22.12850761,3996796
2020-07-03,22.12850999,22.28441003,21.82588391,22.19270515,1901059
2020-07-06,22.63289118,22.91717804,22.29358139,22.33943558,3435319
2020-07-07,22.4036259,22.99971102,21.96343906,22.48616028,5796507
2020-07-08,22.49533545,23.05473874,22.22938954,22.30275345,4225456
2020-07-09,22.54118778,23.32068278,22.49533534,23.00888443,3645735
2020-07-10,23.01805467,23.23814637,22.7062546,22.99054146,2863017
2020-07-13,23.08224415,23.38487193,22.60537538,22.62371635,3070926
2020-07-14,22.65122977,22.96302806,22.14685125,22.63288879,2759262
2020-07-15,22.9446868,23.4215556,22.72459337,22.92634583,3844021
2020-07-16,22.83464364,23.21980587,22.52284531,23.05473709,3213877
2020-07-17,23.06390463,23.66916023,22.97219976,23.57745361,4897102
2020-07-20,23.5774551,24.53119275,23.25648805,24.20105171,3183201
2020-07-21,24.30192827,24.49450849,23.84340043,24.09100533,3081352
2020-07-22,24.08183878,24.98972238,23.77004043,24.11852074,7334576
2020-07-23,24.04515462,24.9713791,23.98095945,24.0543251,3802419
2020-07-24,23.75169784,24.17354202,22.55952744,24.17354202,4960357
2020-07-27,24.17354532,24.44866173,23.77004205,24.06349945,3180495
2020-07-28,24.08183707,24.16437146,23.62330918,23.7975502,4376426
2020-07-29,23.91676701,24.36612263,23.66916211,23.92593575,3934042
2020-07-30,23.78838062,24.10934945,23.49492325,23.95345116,5507599
2020-07-31,24.18271188,24.50368069,23.40321695,23.68750381,6768088
2020-08-03,23.40321695,24.14602994,23.32985305,23.68750381,6928782
2020-08-04,23.40321369,23.90759393,23.38487271,23.78837585,5718515
2020-08-05,24.00846955,24.21939073,23.6416466,23.84339905,4959255
2020-08-06,24.4119754,26.7229522,24.34778199,26.42949486,14862327
2020-08-07,26.20023438,26.90636549,25.906777,26.39281464,6308862
2020-08-10,26.31944995,26.42949756,24.43948936,24.43948936,10172933
2020-08-11,24.82565813,25.52445399,24.19122472,25.29458809,7179396
2020-08-12,25.32217734,25.85546986,24.75210626,25.74513245,7089375
2020-08-13,25.9106358,26.25083915,25.30378622,25.64398956,5865075
2020-08-14,25.75432647,27.02319353,25.28539819,25.53365517,12604192
2020-08-17,25.60721603,26.1129247,24.4578791,24.82566643,7470610
2020-08-18,25.29459342,25.9382216,24.98197397,25.74513245,4668742
2020-08-19,25.89224662,26.05775009,25.18425426,25.46928978,3681623
2020-08-20,24.90841741,25.66238126,24.49465517,25.32217789,7703180
2020-08-21,25.3221749,26.24164389,25.21183925,25.83707809,6513163
2020-08-24,26.07614143,26.14050389,25.31298294,25.57043457,3213576
2020-08-25,25.68996503,25.87385955,25.4325134,25.59801865,2846075
2020-08-26,25.59801577,25.95660838,25.19344998,25.83707809,4437576
2020-08-27,25.78190659,26.03935816,25.36814619,25.93821716,4701322
2020-08-28,26.02096976,26.48070335,25.80029672,26.48070335,3406148
2020-08-31,26.48070574,26.57265387,25.99338819,26.53587532,3898455
2020-09-01,26.82090839,27.2622545,26.36117476,26.52667999,8137244
2020-09-02,26.88527715,27.49212684,26.42554169,27.44615364,6493715
2020-09-03,27.45534854,27.75877339,25.52446204,25.85547256,9075844
2020-09-04,26.12211401,26.15889256,24.03492065,25.38653946,13714012
2020-09-08,24.86244019,25.98419299,24.75210455,25.46928978,7413169
2020-09-09,25.74513255,26.57265525,25.35895599,26.55426598,5502386
2020-09-10,26.56346198,26.73816012,25.80949811,25.96580696,3691046
2020-09-11,25.79110791,26.13131128,25.30378857,25.42331886,4221346
2020-09-14,25.56123604,26.80251911,25.54284676,26.52667999,3625987
2020-09-15,26.62782563,27.2070914,26.3979579,26.66460419,3463288
2020-09-16,26.80252075,26.94044208,26.33359246,26.80252075,3314824
2020-09-17,26.34278446,26.73815561,25.72674027,26.08533287,3638217
2020-09-18,25.9933912,26.54507303,25.55204678,26.02097511,3662376
2020-09-21,25.42331868,25.88305234,24.9268047,25.8003006,4235380
2020-09-22,25.62559957,26.24164377,25.31298015,26.11291885,4527998
2020-09-23,25.80949585,25.95661005,24.69693765,24.92680359,5640123
2020-09-24,24.87163698,25.81868817,24.83485667,25.72674179,4831040
2020-09-25,25.3957294,26.03935745,25.10149928,26.03016281,3568446
2020-09-28,26.11292072,26.3519813,25.02794643,25.12908745,4110173
2020-09-29,24.91761029,25.56123668,24.69693723,25.04633522,3549098
2020-09-30,25.16586346,25.23942231,24.32914799,24.91760826,6343447
2020-10-01,24.83485277,25.41411836,24.60498511,25.29458809,4512961
2020-10-02,25.13828569,25.33137487,24.65096806,24.87164116,3343595
2020-10-05,24.73372004,25.07392344,24.57741117,24.82566643,3731846
2020-10-06,24.98197141,25.02794459,24.40270575,24.54981995,5427101
2020-10-07,24.56821325,25.01875406,24.1176742,24.7796917,4814199
2020-10-08,24.89002509,25.44170508,24.68774132,25.23022842,5413568
2020-10-09,25.37734829,25.65318923,24.75210931,24.82566643,4794852
2020-10-13,24.9176119,25.86466315,24.87163871,25.59801865,5248263
2020-10-14,25.56123743,26.26003518,25.46929105,26.06694603,3713401
2020-10-15,25.75432533,26.44392665,25.47848445,26.14969826,5233126
2020-10-16,26.19567333,26.62782308,25.95661098,26.55426598,3759614
2020-10-19,26.63701772,26.83930151,26.34278754,26.55426598,4218740
2020-10-20,26.66460108,26.86688487,26.03016755,26.26922989,5378181
2020-10-21,26.2140604,26.66459939,26.14050155,26.49909592,3986170
2020-10-22,26.52668339,26.76574575,26.19567465,26.67379761,3779964
2020-10-23,26.52668263,26.67379685,26.15889359,26.15889359,2629244
2020-10-26,26.01177841,26.57265484,25.68076968,25.99338913,5029427
2020-10-27,26.03936118,26.37956452,26.00258263,26.20486641,3981257
2020-10-28,25.72674286,25.78191069,25.12908788,25.28539848,3828884
2020-10-29,25.37734376,26.20486641,24.49465328,26.20486641,7250871
2020-10-30,25.83708377,26.26003893,24.68774684,24.82566643,8247915
2020-11-03,25.18425547,25.88305146,24.59579689,25.46009636,7869588
2020-11-04,25.61640724,26.38876034,25.56123765,26.29681396,6709143
2020-11-05,26.68299383,28.23689662,26.60943671,28.03461456,7697165
2020-11-06,27.85990926,28.71501581,27.69440579,28.56790161,6521183
2020-11-09,29.30347609,29.34025464,26.98641343,27.0048027,7195335
2020-11-10,26.9864137,27.03238864,24.8992187,25.16586494,11966730
2020-11-11,25.49687592,26.29681472,25.19345286,25.52445984,12943825
2020-11-12,25.60721353,25.65318673,24.76130154,25.1474781,6415323
2020-11-13,25.33137069,25.92902565,25.02794589,25.92902565,6207815
2020-11-16,25.91982686,25.91982686,24.78887959,25.29458809,9241250
2020-11-17,25.22103462,25.38653986,24.73371704,24.96358299,8009831
2020-11-18,25.01875001,25.66237813,24.79807696,25.23022842,8087321
2020-11-19,25.34056379,25.45089943,25.00036046,25.10150146,5144308
2020-11-23,25.15666768,25.21183726,24.40270398,24.65096092,6804678
2020-11-24,24.61418642,24.61418642,23.90619402,24.20042419,12881472
2020-11-25,24.09009039,24.56821336,23.998144,24.30156708,10721177
2020-11-26,24.31075936,25.19344979,24.25559153,25.02794456,5376577
2020-11-27,25.14747367,25.60720901,24.88082744,25.4417038,7609450
2020-11-30,25.46009802,25.73593893,24.59579849,24.59579849,62550409
2020-12-01,24.89921536,25.05552594,23.51081827,23.68551636,9794606
2020-12-02,23.58438005,23.88780486,23.09706248,23.6211586,8147970
2020-12-03,23.61196501,23.74988634,22.94075289,23.28095627,10433873
2020-12-04,23.4188752,24.11767116,23.12464504,24.00733376,6852896
2020-12-07,23.99813939,24.14525358,23.39128984,23.75907707,4752748
2020-12-08,23.80505265,24.24639702,23.52921175,24.24639702,5349611
2020-12-09,24.14525556,24.32915007,23.40048639,23.657938,3976345
2020-12-10,23.72229998,23.97975159,23.16142358,23.97975159,5531758
2020-12-11,23.98894372,23.98894372,22.97752836,23.29014778,6584638
2020-12-14,23.44645823,23.83263474,23.09706026,23.66712952,6625238
2020-12-15,23.66713364,24.27398507,23.52921406,23.99814415,7235534
2020-12-16,23.99813921,24.89002426,23.90619109,24.7153244,6860514
2020-12-17,24.78888236,26.03936005,24.69693599,26.03936005,8963770
2020-12-18,26.11291771,26.39795145,25.763518,25.94741249,7812949
2020-12-21,25.46009445,26.07613866,24.93599838,25.83707809,4333421
2020-12-22,25.74480139,26.14158457,25.39415558,25.52334023,5488853
2020-12-23,25.59716242,26.1877244,25.55102504,25.66175652,3015791
2020-12-28,25.80939925,26.08622532,25.51411823,25.95703888,2457824
2020-12-29,26.08622337,26.16004318,25.43106904,25.89244461,3839911
2020-12-30,25.92935949,26.7506085,25.80940052,26.50146484,5430810
2021-01-04,26.67678454,26.74137687,25.47720561,25.61561775,5443040
2021-01-05,25.4864314,25.62484529,25.03428158,25.49565887,4441586
2021-01-06,25.53257208,25.55102703,24.14844355,24.2868557,5526344
2021-01-07,24.31453619,24.52676989,23.85316064,24.22226143,3330663
2021-01-08,24.39758484,25.83707809,24.08384891,25.83707809,8448005
2021-01-11,25.70789396,26.29845593,25.40338549,25.79094124,7402342
2021-01-12,25.93858561,26.51069094,25.66175954,26.45532608,5405248
2021-01-13,26.54759875,26.55682446,26.07699397,26.3907299,3313521
2021-01-14,26.47377878,26.64910259,25.8001695,26.00317574,2606688
2021-01-15,25.79094414,26.32614132,25.64330451,25.88322067,3071728
2021-01-18,26.02162521,26.66755193,26.01239774,26.57527542,2406799
2021-01-19,26.75983368,27.72872577,26.47378014,27.23966599,7655663
2021-01-20,27.35039219,27.82099696,27.11047606,27.56262589,4004414
2021-01-21,27.58107926,28.12550381,27.29502578,27.45189285,4183654
2021-01-22,27.08279361,28.08859548,26.69523788,27.74717712,5004967
2021-01-26,27.85790794,28.55919962,27.63644676,27.78408813,5184707
2021-01-27,27.7840856,27.94095267,26.4553204,26.51991272,5563836
2021-01-28,26.55682395,27.18429756,26.18772317,27.18429756,4891689
2021-01-29,26.90747029,27.06433736,25.92935265,26.20617867,4060953
2021-02-01,26.73214717,26.73214717,25.84630426,26.16926765,3632402
2021-02-02,27.40576085,28.2916039,27.24889375,27.94095802,9009582
2021-02-03,28.01477337,28.10704989,27.14738718,27.29502678,3900159
2021-02-04,27.3134837,27.8209984,27.01820271,27.42421341,3920809
2021-02-05,27.5164837,27.63644263,27.0274258,27.27656937,2134932
2021-02-08,27.27657518,28.17164567,27.08279641,28.0978241,4768587
2021-02-09,27.88558963,28.55919887,27.87636215,28.44846916,4719467
2021-02-10,28.46692693,29.24203848,28.42078779,28.98366737,7095992
2021-02-11,29.33431478,31.56737639,28.7806609,31.23518372,11430014
2021-02-12,31.25364193,32.24098905,31.08754734,31.96416473,7385100
2021-02-17,31.37359488,31.77037987,30.92144855,31.44741821,4781018
2021-02-18,31.25363814,31.65965062,31.03217872,31.28132057,5019101
2021-02-19,31.43818246,32.10256409,30.98603273,32.04719925,5830590
2021-02-22,31.49355616,32.01029835,30.73689606,30.90299416,6745633
2021-02-23,30.90298927,31.17058603,30.58002412,30.93067169,6305354
2021-02-24,30.99526047,31.09676268,30.4139261,30.57079315,5517723
2021-02-25,30.39547777,30.87531004,29.1866714,29.47272491,4920058
2021-02-26,29.53731669,29.74955039,28.81757008,28.95598221,6099249
2021-03-01,29.28817603,29.8602831,28.6607041,29.04826164,4953841
2021-03-02,28.50383356,28.95598162,27.66412802,28.62379074,4759866
2021-03-03,28.62378632,28.80833757,27.18429334,28.54073906,4425145
2021-03-04,28.75298097,28.92830302,27.73795149,28.24546623,6073886
2021-03-05,28.22701095,28.23623843,27.04588691,27.79331779,5697163
2021-03-08,27.23965815,27.67335118,26.05853443,26.17849159,6403093
2021-03-09,26.36305042,27.23966599,25.39416009,27.23966599,10271174
2021-03-10,27.8671388,29.02980794,25.41261585,25.94781303,16598382
2021-03-11,26.20617973,26.44609409,25.23728777,25.43106651,8835555
2021-03-12,25.31110654,25.67098159,24.98814315,25.52334023,5024314
2021-03-15,25.57871182,26.74138102,25.19115601,26.50146484,5255982
2021-03-16,26.39995431,26.93515135,26.24308724,26.91669464,6189971
2021-03-17,26.75983081,27.5903089,26.34459265,27.39653015,5224906
2021-03-18,26.94438222,27.1012493,25.88321723,26.08622169,4694706
2021-03-19,26.21540532,26.85210464,25.99394415,26.67678261,5511308
2021-03-22,26.71369605,27.17507164,26.27077542,26.98129463,3520528
2021-03-23,26.98128781,27.00897023,26.31690615,26.57527542,3400334
2021-03-24,26.59373575,26.70446545,25.5417965,25.68943787,2957147
2021-03-25,25.68943496,26.16926539,25.42183644,26.03085327,3792996
2021-03-26,26.04931312,26.41841392,25.8001695,26.00317574,3762822
2021-03-29,25.8463077,26.17849861,25.32956726,25.71712303,4882266
2021-03-30,25.54179848,26.90747376,25.44952372,26.75983238,5172878
2021-03-31,26.75983235,27.49803397,26.5476004,26.69524002,4102555
2021-04-01,26.72291865,27.70103627,26.30768052,26.51068497,4817908
2021-04-05,26.67678561,27.59031105,26.5383717,27.59031105,3291066
2021-04-06,27.65490386,27.99632225,27.29503051,27.72872543,3759714
2021-04-07,28.13473492,28.40233172,27.28580183,28.31928444,4909533
2021-04-08,28.40232988,28.95598193,28.19009794,28.69761086,3783072
2021-04-09,28.44847137,28.54074613,27.90404674,28.20855522,3411160
2021-04-12,28.24546063,29.11284854,28.19009578,28.87293243,3524739
2021-04-13,29.02057478,29.26049091,28.65147576,28.9006176,3093081
2021-04-14,28.85447494,29.33430711,28.21777571,28.54073906,4175834
2021-04-15,28.60533823,29.07594304,28.55920085,28.89139175,3684029
2021-04-16,29.26971942,29.28817437,28.69761238,28.74375153,3084259
2021-04-19,28.72529608,29.51886253,28.54997228,28.85448074,4182150
2021-04-20,28.77143229,29.25126277,28.63301839,28.68838501,2738512
2021-04-22,28.89197811,29.45649178,28.46627841,28.56807709,2587842
2021-04-23,28.68838532,29.37320449,28.51255428,29.06781197,2854897
2021-04-26,29.33618163,29.4379803,28.68837964,28.88272095,3217686
2021-04-27,28.94750549,29.20662668,28.28119488,28.38299179,2853995
2021-04-28,28.56808051,28.77167613,28.08685517,28.64211464,3203451
2021-04-29,28.66062234,29.16961047,28.45702674,28.87347221,3869885
2021-04-30,28.66987648,29.15110181,28.49404544,28.78092766,4315677
2021-05-03,28.66987422,30.2431098,28.53106025,30.03025818,8312273
2021-05-04,30.07653007,30.67806082,29.87293625,29.9654789,7798313
2021-05-05,30.25236254,30.51148193,29.54903316,30.14130783,5498075
2021-05-06,30.42819937,31.88112618,30.02100813,30.59477615,6748540
2021-05-07,30.77061149,31.88113062,30.72434016,31.44617653,6797059
2021-05-10,31.18704609,31.2610802,29.81740796,30.55775261,4931186
2021-05-11,29.2714075,29.70636151,28.63285966,29.42873001,7740371
2021-05-12,28.99377982,28.99377982,27.90177113,28.16089058,6798763
2021-05-13,28.34597587,28.78092811,27.98505775,28.43851852,2515064
2021-05-14,28.73465639,28.84570756,28.46627917,28.69763756,1798608
2021-05-17,28.66061749,28.74390586,28.06834107,28.10535812,2336326
2021-05-18,28.05909082,29.17886397,28.05909082,28.83645439,3634207
2021-05-19,28.47553257,28.73465372,27.98505304,28.29969978,3010378
2021-05-20,28.3922481,29.47500426,28.25343411,29.3917141,4094034
2021-05-21,29.48425674,29.58605366,28.45702623,28.57733345,3119245
2021-05-24,28.55882847,30.37267528,28.55882847,30.12280655,3435319
2021-05-25,30.15057252,31.1777996,30.07653485,30.65030289,2870435
2021-05-26,30.94643754,31.17779416,29.90995284,30.48372078,2862415
2021-05-27,30.604022,31.0945015,30.17832235,31.0945015,3484941
2021-05-28,30.81687643,31.41840714,30.70582172,31.04823303,1749788
2021-05-31,31.12227157,32.05695946,31.12227157,31.89963341,2784023
2021-06-01,32.2050291,32.39011441,31.45543003,31.50170135,4459229
2021-06-02,31.59424265,32.22353624,31.58498838,31.89963341,3135184
2021-06-04,31.77007244,32.74177735,31.6220042,32.28831482,4493713
2021-06-07,32.26054627,33.54689597,32.07546101,33.45435333,3977749
2021-06-08,33.45436244,33.48212523,32.89910294,33.16747665,4006519
2021-06-09,33.15821771,33.2137433,32.42712727,32.58444977,2462936
2021-06-10,32.69550104,33.31554031,32.54743281,33.13045502,2067968
2021-06-11,33.13044697,33.13044697,32.24203424,32.57518768,1771241
2021-06-14,32.80656035,33.54690516,32.64923429,33.34331131,2032080
2021-06-15,33.44510028,33.48211734,32.7325149,33.15821457,2749539
2021-06-16,33.22299226,34.20395123,32.3253252,32.87133026,6467952
2021-06-17,32.76028769,33.5746666,32.6955043,33.46361542,3713100
2021-06-18,33.63019315,34.19470691,33.38032797,33.5098877,6316381
2021-06-21,33.61168013,34.09290542,33.54690027,34.01887131,2730793
2021-06-22,34.26874218,34.93505288,33.83378814,34.84251022,3593708
2021-06-23,34.95355815,35.3237323,34.74071005,35.05535507,3035038
2021-06-24,35.16639971,35.41626836,34.37978377,34.74070358,3110223
2021-06-25,34.74071332,35.03684983,33.63944857,34.11141968,4353871
2021-06-28,34.21320084,35.46253328,34.21320084,34.80547714,6314677
2021-06-29,34.95355663,35.18491326,34.19470338,34.61114883,3725531
2021-06-30,34.43531897,35.04610408,34.10216539,34.84251022,5179695
2021-07-01,34.66667112,34.8517564,33.176724,33.74123764,6484292
2021-07-02,33.81527295,35.11087703,33.75974737,35.06460571,3092880
2021-07-05,35.064612,35.064612,34.26874158,34.4538269,2038797
2021-07-06,34.45382424,34.53711617,33.94483965,34.32426453,2266354
2021-07-07,34.56487238,35.77719164,34.31500724,35.44403458,4023762
2021-07-08,34.88877208,34.92578913,34.19469877,34.58337784,2917851
2021-07-12,34.48158069,34.9720602,34.20395278,34.92578888,2280589
2021-07-13,35.2589529,35.59210646,34.61115079,35.24969864,4137942
2021-07-14,35.64763159,35.98078868,34.69443873,35.05535507,2388053
2021-07-15,35.05534781,35.89749285,34.99056796,35.61060715,2779011
2021-07-16,35.60136026,35.95302588,34.85176124,35.05535507,2907025
2021-07-19,34.75922128,35.027595,34.31501298,34.62966156,3289763
2021-07-20,34.71293945,35.0275844,34.36127391,34.67592239,3068621
2021-07-21,34.67593302,34.99983233,33.63944814,34.46308136,2816503
2021-07-22,34.37979452,35.37926237,34.37979452,35.25895691,3883919
2021-07-23,35.34223425,35.4070141,34.61114389,34.74070358,1696157
2021-07-26,34.83325271,35.05535507,34.25023045,35.05535507,2235679
2021-07-27,35.03685394,35.12939662,33.40809583,34.12067795,5245456
2021-07-28,34.45382613,34.62966072,33.36181923,33.68571854,5204355
2021-07-29,33.45435568,33.58391537,32.68624822,32.84357071,4485393
2021-07-30,32.25129558,33.03791159,32.18651573,32.7232666,3105311
2021-08-02,32.89910941,34.63892236,32.89910941,34.2132225,5152428
2021-08-03,33.76900883,33.88006002,32.68625613,33.77826309,4155485
2021-08-04,33.74124322,34.22246857,33.10269536,34.18545151,4701222
2021-08-05,34.38954094,35.28940413,34.25038793,34.81628036,7824978
2021-08-06,34.8162825,34.85338997,34.05557581,34.56580353,3602629
2021-08-09,34.59363699,35.01109602,34.25966622,34.62146759,2813295
2021-08-10,34.51940764,34.71422534,33.82363926,34.12050247,3261794
2021-08-11,33.81437035,34.13906423,33.36908075,33.39690781,3666285
2021-08-12,33.22065645,33.4618586,32.97945786,32.97945786,3976847
2021-08-13,33.07221916,33.45257425,32.51560358,33.35052872,3560226
2021-08-16,33.26703136,33.3505267,31.98681668,32.20946503,3400434
2021-08-17,31.9960926,32.2558484,31.39309274,32.1166954,4361088
2021-08-18,32.04247217,32.60836447,31.58790579,32.0981369,4938103
2021-08-19,31.9311581,34.49158766,31.70851329,33.95352936,5309313
2021-08-20,33.53606333,34.8626623,33.350526,34.69567871,3296178
2021-08-23,34.73278733,34.77917166,34.03701878,34.27821732,2941409
2021-08-24,34.48231291,35.03892853,34.15762254,34.80700684,3376575
2021-08-25,34.7884553,36.32842256,34.56580691,36.25420761,4294425
2021-08-26,36.17998648,37.46947806,36.00372601,36.13360214,4733401
2021-08-27,36.133601,36.90358447,35.68830786,36.62527847,2797155
2021-08-30,36.51395656,37.28394004,36.44901849,37.00563049,2436171
2021-08-31,37.10767746,37.14478493,35.94806554,36.73660278,5377179
2021-09-01,37.07984524,38.25801439,36.70877057,37.66429138,6442690
2021-09-02,37.59935174,37.59935174,36.04083112,36.4582901,3864170
2021-09-03,36.53251768,36.65311697,35.78108423,36.33769989,5297183
2021-09-06,36.30986883,36.82937701,35.95734783,36.17999268,1471005
2021-09-08,36.15215382,36.15215382,34.24110871,34.69567871,6160198
2021-09-09,34.69567686,35.74396625,34.14833823,35.17807388,4000906
2021-09-10,35.36361695,36.22636907,35.36361695,35.43783188,3936347
2021-09-13,35.24591724,36.07359122,34.96692299,35.33891296,3510700
2021-09-14,35.40400561,36.0549862,35.2366105,35.85039139,2913200
2021-09-15,36.06428792,36.61297116,35.43190712,36.26888275,3069300
2021-09-16,36.08288193,36.49207153,35.73879358,36.08288193,1907700
2021-09-17,36.30607994,36.30607994,34.99482056,35.20871353,4145900
2021-09-20,34.79022464,35.02271745,33.66496027,34.31594086,2797700
2021-09-21,34.0369484,34.77162658,34.0369484,34.50193405,3213400
2021-09-22,34.87392441,36.88266231,34.25084533,36.34328079,6548300
2021-09-23,36.464174,36.48277385,35.74809567,36.38977814,4835200
2021-09-24,36.13868893,36.29678236,35.19011768,35.33891296,6379100
2021-09-27,35.15291765,35.15291765,33.55336928,34.28804398,5048500
2021-09-28,33.6649682,33.77656378,32.65129915,33.10698318,5090200
2021-09-29,33.29297477,33.30227648,32.17700841,32.99538422,6357700
2021-09-30,32.65129462,33.69286153,32.5489972,33.57196426,4989100
2021-10-01,33.45107286,34.19504929,33.19998016,34.19504929,3119300
2021-10-04,33.88815934,33.88815934,31.54463079,32.4281044,5617500
2021-10-05,32.55829162,32.67918887,31.29353371,31.43302727,4686700
2021-10-06,31.15404449,31.22844391,30.47516574,31.01454735,3905100
2021-10-07,30.85645261,31.31213663,30.55886203,31.0331459,2553600
2021-10-08,31.21913824,32.99538339,31.10754267,32.23280716,4048600
2021-10-11,32.21421171,32.46530444,31.48883508,31.69342995,3978100
2021-10-13,32.06541655,33.54407136,31.87942155,33.23718262,3287500
2021-10-14,33.22787948,33.95325607,32.58620045,33.68356705,2587800
2021-10-15,33.81376036,33.86955637,32.81869125,32.81869125,1956700
2021-10-18,32.62339189,33.413866,32.10260673,33.29296875,2213300
2021-10-19,32.28860072,32.72568477,31.71201603,31.98170853,3481700
2021-10-20,32.25141049,32.55829923,30.73555602,31.11684418,3635700
2021-10-21,30.42866052,31.05173956,29.78697809,30.27986526,5030500
2021-10-22,29.52659214,30.0473774,28.07583724,29.64748764,6620300
2021-10-25,29.89858175,31.77712084,29.81488418,31.04244614,5128300
2021-10-26,30.75415244,31.61902609,30.74485429,31.06104469,5070000
2021-10-27,31.23773785,31.8515188,30.57745904,30.87504959,4343000
2021-10-28,31.06104566,31.67482664,30.36356712,30.60535812,3975200
2021-10-29,30.79135055,31.19123849,30.3542629,30.46585846,3145300
2021-11-01,30.83784874,31.70272234,30.68905347,30.78204918,4433400
2021-11-03,30.60535698,32.39090381,30.46585986,31.91661644,5473700
2021-11-04,31.609724,32.73498835,31.47952505,32.03750992,3870000
2021-11-05,32.27930722,33.57196693,32.1770098,32.54899979,3789900
2021-11-08,32.20490834,32.57689475,31.82362024,32.08401108,1773900
2021-11-09,32.25140674,33.62776392,32.16770918,32.65129471,2470200
2021-11-10,32.59550043,33.23718303,32.31650968,32.64199829,2502100
2021-11-11,33.00468477,34.36244209,32.92098721,33.81375885,4158400
2021-11-12,34.03694583,34.03694583,32.80938408,33.06977844,3167800
2021-11-16,33.32086899,33.35806514,31.97241007,32.33509827,2999200
2021-11-17,32.53040287,32.79079375,31.34933863,32.09331512,2805600
2021-11-18,32.36300756,33.19068163,31.96311953,32.88379288,3281700
2021-11-19,32.88378402,33.63705846,32.40019855,32.84658432,2859600
2021-11-22,32.77219078,32.85588834,30.5681562,30.78204918,5727100
2021-11-23,30.84714489,30.9959437,28.9407063,29.24759674,7489900
2021-11-24,29.45219004,30.17756826,28.69891381,29.87067604,5279100
2021-11-25,29.71258663,30.51236259,29.71258663,30.12177277,1709700
2021-11-26,29.71258848,29.85208207,28.78261703,29.1360054,2477800
2021-11-29,29.25689575,30.42866155,29.12670034,29.8892765,3276000
2021-11-30,29.81488488,30.05667589,28.25253085,29.47079468,9795700
2021-12-01,29.73118653,29.95437947,27.4341577,27.72244835,6636500
2021-12-02,28.38272707,29.4149941,27.60155096,28.15023422,6282500
2021-12-03,28.26182689,29.78697923,28.02003414,28.3641243,6280400
2021-12-06,28.50362318,28.70821802,27.71314713,28.47572517,5353400
2021-12-07,28.62451944,29.45219339,28.41062467,29.18250084,3240000
2021-12-08,29.3591975,30.01017821,28.98720929,29.90788078,2463200
2021-12-09,29.78698089,30.07527328,29.08950416,29.33129692,3040300
2021-12-10,29.25689942,30.91225093,29.14530385,30.0659771,3849700
2021-12-13,30.07526996,30.90294379,29.50798693,29.77767944,4038500
2021-12-14,30.59605898,30.59605898,28.7361145,28.7361145,3764300
2021-12-15,28.88491098,29.75908459,28.08513679,29.5730896,6535900
2021-12-16,29.72188268,30.3077656,28.17813042,28.21533012,5878100
2021-12-17,27.75964465,28.32692596,27.48065219,27.61084938,7953500
2021-12-20,27.17376188,27.313259,26.52278301,27.12726402,5623200
2021-12-21,27.38766101,27.48065674,26.42048981,27.08077049,4086500
2021-12-22,27.14586299,27.62014857,26.90407023,27.22026062,3286300
2021-12-23,27.52714895,27.52714895,26.34608506,26.72737312,2731000
2021-12-27,26.70877528,27.43415354,26.56927994,26.79247284,3040900
2021-12-28,26.62507687,27.0249648,26.28098849,26.33678627,3269600
2021-12-29,26.49561039,26.7478592,25.91636849,26.05650711,3205000
2021-12-30,26.17796762,27.01880133,25.76689269,26.75720787,4400600
2022-01-03,26.75720396,27.81291869,25.6828054,25.69214821,5585200
2022-01-04,25.71083366,25.86965792,24.5056375,24.65511894,4411900
2022-01-05,24.62709412,24.78591839,23.56203651,23.56203651,6063700
2022-01-06,23.5433509,24.42155395,23.16964551,24.29075813,6944800
2022-01-07,24.15996616,24.16930897,23.35650192,23.44992828,4759200
2022-01-10,23.2817573,23.44058155,22.38486684,22.88936806,4583200
2022-01-11,23.00148196,23.71151799,22.84265768,23.64612007,5945200
2022-01-12,23.52466706,24.01982371,23.22570414,23.64612007,5128000
2022-01-13,23.63677724,24.18799078,23.45926913,23.56203651,5113500
2022-01-14,23.45926669,23.73020113,23.19767327,23.54335022,2955000
2022-01-17,23.35650132,24.25339012,23.35650132,23.62743759,2899600
2022-01-18,23.44992433,23.63677524,22.50632159,22.58106232,5118800
2022-01-19,22.78659956,24.30010146,22.69317499,23.63677597,6249700
2022-01-20,23.84231512,25.11290748,23.84231512,24.63643646,5424300
2022-01-21,24.61775326,25.43055853,24.26273344,24.87934494,4118900
2022-01-24,25.11290609,25.11290609,23.87968327,24.15061951,3324500
2022-01-25,23.82363062,24.7952619,23.55269436,24.64577866,4661800
2022-01-26,24.87000084,26.04716681,24.83262958,25.23436165,6923500
2022-01-27,25.3277856,26.43021253,25.31844279,26.0845356,6609600
2022-01-28,25.59872131,26.27138959,25.31844405,25.95374107,3686500
2022-01-31,25.99111247,27.79423453,25.98176966,27.15893745,6017200
2022-02-01,27.10288113,28.12122461,26.86931614,27.03748322,6024600
2022-02-02,27.17761925,27.83160186,26.47692436,26.73851776,4367600
2022-02-03,26.73852154,26.92537247,26.07519603,26.34613228,2745300
2022-02-04,26.35547323,26.81326219,25.40252941,26.59838104,3566100
2022-02-07,26.58903831,27.67278153,26.51429758,26.57035446,5266900
2022-02-08,26.50495137,26.50495137,25.61740384,26.11256218,3898100
2022-02-09,26.15927766,26.86931542,25.99111059,26.62640762,3396200
2022-02-10,26.67312116,26.81326158,25.37450038,25.87900162,4983300
2022-02-11,25.91637162,26.82260315,25.50529673,25.81360245,5154800
2022-02-14,25.81359951,26.81325907,25.64543423,26.78523064,4514100
2022-02-15,26.97208232,28.28938855,26.85062755,28.23333168,6855400
2022-02-16,28.43887458,29.06482884,28.10254041,28.44821739,6116000
2022-02-17,28.41084627,30.50359022,28.41084627,30.10185814,14125600
2022-02-18,30.14857288,30.49424811,29.25168229,29.72815514,4670900
2022-02-21,29.52261472,29.80289199,29.07417037,29.11153984,2346500
2022-02-22,29.3544509,30.59701669,29.25168172,30.46622086,5308400
2022-02-23,30.42884628,31.66206913,30.14856901,30.45687294,4986800
2022-02-24,29.37313829,31.11086088,28.81258187,30.66241646,6442800
2022-02-25,30.48490514,31.08283098,30.02711617,30.87729263,5208900
2022-03-02,31.06414721,31.83958478,30.88663908,31.15757179,3126400
2022-03-03,31.30705029,31.70878236,30.85860593,31.28836823,2811100
2022-03-04,30.9520332,31.549959,29.79354929,30.3447628,5951900
2022-03-07,29.5226173,29.90566199,28.56967164,28.96206093,5066600
2022-03-08,28.9433716,30.30739021,28.52295571,29.3824749,6500400
2022-03-09,29.66275605,31.16691527,29.53196021,30.86795235,4900100
2022-03-10,30.08317257,30.78386757,29.89631986,30.43819237,3746500
2022-03-11,30.36344786,31.176253,30.19528078,30.38213348,5623700
2022-03-14,30.54095644,30.96137413,29.89631836,29.92434502,2612400
2022-03-15,29.9243457,30.83057901,29.61604176,30.02711487,3334600
2022-03-16,29.98040216,30.92400315,29.98040216,30.73715401,3020700
2022-03-17,30.69043869,31.07348513,30.04580059,30.89597702,3924300
2022-03-18,30.76518439,31.69009986,30.47556248,31.46587944,5944800
2022-03-21,31.20428391,31.26033722,30.25133833,30.76518059,4017900
2022-03-22,31.04546238,32.2132875,30.93335217,31.90498352,4275900
2022-03-23,31.95168805,32.57764045,31.35376231,32.32538986,4011500
2022-03-24,32.47487261,33.00740404,31.88629144,32.55895615,2954300
2022-03-25,32.76449586,32.8485794,31.6994401,32.11985779,4186300
2022-03-28,32.1291975,32.67106995,31.9516894,32.44684601,3912600
2022-03-29,32.92331954,34.31536476,32.67106895,33.78283691,5558200
2022-03-30,33.9883779,34.38076536,33.28768293,34.13785934,3171400
2022-03-31,34.3620823,34.66104522,33.98838043,33.98838043,3989300
2022-04-01,34.44616075,34.83855175,33.81086375,34.37142181,3518200
2022-04-04,34.55827331,35.3150215,34.22193919,35.03474426,3566500
2022-04-05,35.05343999,35.61399463,34.27800238,34.57696533,5700000
2022-04-06,34.10048799,34.33405298,33.21294033,33.71744156,5787100
2022-04-07,33.21294149,33.90429544,33.19425586,33.36242294,3953300
2022-04-08,33.25031151,33.64269897,32.60567343,33.38110733,3927200
2022-04-11,33.25965131,33.5586142,32.68975576,33.11951447,3625800
2022-04-12,33.4558511,34.04443232,33.07280465,33.4465065,3409500
2022-04-13,34.56762571,35.50188586,33.98838541,34.08181,16925600
2022-04-14,33.86692156,33.86692156,32.67107002,32.69909668,4982300
2022-04-18,32.44685041,32.76449896,31.26968434,31.87695122,4580600
2022-04-19,31.40047483,34.13785654,31.32573233,33.64269638,8007400
2022-04-20,33.50256094,34.42747625,32.77383935,33.00740433,4712500
2022-04-22,32.17591243,33.89495093,32.17591243,32.52159119,3938500
2022-04-25,32.14788953,32.6337052,31.53127801,32.35342789,3943500
2022-04-26,31.54995776,32.0731446,30.14856789,30.25133705,5093300
2022-04-27,30.83057986,30.96137568,29.75618122,30.43819237,4792500
2022-04-28,30.59701232,31.34441954,30.14856799,30.95203209,4021300
2022-04-29,31.2323124,31.61535886,29.46656155,29.86829185,5623200
2022-05-02,29.20496684,29.85894775,29.08351205,29.63472557,5606400
2022-05-03,29.53195567,29.80289011,28.83126075,29.22364998,4511500
2022-05-04,29.06482584,30.26067736,28.49492674,30.06448364,3620300
2022-05-05,28.85928967,29.03679956,26.34613165,26.71983528,15736300
2022-05-06,26.60772514,26.63575359,24.60840926,25.45858574,15599200
2022-05-09,24.61774598,25.12224535,22.93607728,23.3564949,15628400
2022-05-10,24.03850752,24.61774946,23.38452664,24.29075813,13545800
2022-05-11,24.26273037,24.99145378,23.45926802,24.1693058,11503000
2022-05-12,23.56203401,24.15996156,23.1229325,23.79559898,8449800
2022-05-13,24.45892835,25.46792913,24.03851061,24.72052002,7656700
2022-05-16,24.82328802,24.92605719,23.95442593,24.40287209,5635500
2022-05-17,24.76723292,25.36515876,24.63643709,24.93540001,6139200
2022-05-18,24.57103855,25.45858631,24.21602052,24.72052002,9056400
2022-05-19,24.74854354,25.30909981,24.43089504,25.01947975,4770300
2022-05-20,25.38384178,25.72017592,24.68314685,25.14093399,8553800
2022-05-23,25.48661094,25.66411904,24.98210973,25.28107262,4393500
2022-05-24,25.15962083,25.64543644,24.12259171,24.44958305,6650100
2022-05-25,24.44958628,24.94474476,24.05719697,24.79526329,3738700
2022-05-26,24.69249463,25.80426464,24.51498471,25.68280983,5833400
2022-05-27,25.71083451,26.09388095,25.29975963,25.93505669,4569500
2022-05-30,26.24336045,26.43955417,25.66411853,25.99110985,2912200
2022-05-31,26.02848251,26.77588975,25.73886064,26.50495529,7007400
2022-06-01,26.74786135,27.88765962,26.71983469,27.03748322,12886400
2022-06-02,27.30841711,27.66343687,26.72917695,27.43921471,4005600
2022-06-03,27.17762115,27.58869601,26.93471336,27.07485199,3857400
2022-06-06,27.20565087,27.73817876,26.70114963,27.00011253,4206200
2022-06-07,26.80392206,26.89734842,25.79492125,26.19665337,6014100
2022-06-08,25.74820213,26.60772131,25.33712907,26.24336052,3912600
2022-06-09,26.15927949,26.57035438,25.6360944,25.70149231,4306000
2022-06-10,25.22501871,25.29975944,24.39352793,24.50563812,4675500
2022-06-13,24.1132481,24.1132481,22.95476601,23.05753517,6041400
2022-06-14,22.99213415,23.52466195,22.94542009,23.3564949,4069300
2022-06-15,23.57137816,24.11324886,23.18833172,23.69283295,5068300
2022-06-17,23.30978961,23.36584472,22.28210317,22.80528831,12163000
2022-06-20,22.80528507,23.02016443,21.46929306,21.67483139,2923500
2022-06-21,21.86168301,22.88002652,21.73088718,22.45026779,5203000
2022-06-22,22.2353885,22.79594489,21.74023182,22.19801903,3397000
2022-06-23,22.27275659,22.8333129,21.93642245,22.49697876,3635300
2022-06-24,22.54368972,23.23504359,22.17932895,22.4035511,2886900
2022-06-27,22.54369298,23.03885142,22.45026841,22.66514778,2613100
2022-06-28,22.6744906,22.89871279,21.88036925,22.21670341,2944500
2022-06-29,22.42223993,22.54369295,21.50666556,21.74023056,2944000
2022-06-30,21.07690564,22.02050848,21.03953616,21.73088837,4718900
2022-07-01,21.53469153,22.19801704,21.12361843,22.00182152,4310800
2022-07-04,21.80563031,22.50632537,21.74023239,21.85234261,1457100
2022-07-05,21.57206104,22.73054309,21.170329,22.70251465,4589300
2022-07-06,22.69317502,24.02916525,22.59974867,23.5807209,5103800
2022-07-07,23.98245306,24.50563814,23.8796839,24.00113869,4850800
2022-07-08,24.08522343,24.30944562,23.16030625,23.28175926,3274000
2022-07-11,23.1509641,23.16964794,22.10459208,22.45961189,2902000
2022-07-12,22.33815257,22.71185614,21.99247742,22.13261604,2681700
2022-07-13,21.97379305,22.74922869,21.60943049,22.05787659,3977000
2022-07-14,21.81497124,22.0205078,21.51600833,21.71220207,2654600
2022-07-15,21.8056291,22.61843432,21.65614764,21.73088837,5112700
2022-07-18,21.94576897,22.65580684,21.65614884,21.85234261,3377800
2022-07-19,22.13262049,23.09490717,22.09524923,23.04819489,4403400
2022-07-20,22.99213552,24.38418249,22.93607865,24.17864418,5499700
2022-07-21,24.05719449,24.82328739,23.79560105,24.63643646,4900200
2022-07-22,24.63643633,24.63643633,23.94508238,24.18799019,2945500
2022-07-25,24.17864616,24.51498031,23.94508118,24.15061951,2786000
2022-07-26,24.16931025,24.22536536,23.26307679,23.4312439,3997600
2022-07-27,23.59940844,24.5616969,23.59940844,24.42155647,3559200
2022-07-28,24.41221365,24.75789064,24.07588125,24.64577866,2579000
2022-07-29,24.75788948,25.13159311,24.02916605,24.63643646,3946500
2022-08-01,24.58037893,24.9914538,24.18798967,24.47761154,3507100
2022-08-02,24.36549952,24.87000075,24.21601807,24.67380524,4139500
2022-08-03,24.66446374,25.65477885,24.63643709,25.38384438,4684100
2022-08-04,25.70149423,26.58904021,25.63609631,25.78557777,8312500
2022-08-05,25.68243064,25.86058601,25.0729538,25.27923775,3270400
2022-08-08,25.58866787,26.72323232,25.30736962,26.46068764,6104400
2022-08-09,26.53569971,26.95764619,25.43864064,26.34816933,3126900
2022-08-10,27.65151136,29.12363292,27.57649885,28.32662392,9968900
2022-08-11,28.57041654,28.72044156,27.52024139,27.95156288,4605700
2022-08-12,28.27036743,28.83296217,28.24223885,28.63605499,5041700
2022-08-15,28.41101295,28.63605225,27.74527718,28.33600044,3953800
2022-08-16,28.13909351,28.56103819,27.48273274,27.7452774,3800800
2022-08-17,27.49210963,28.44852044,27.33270783,28.19535255,5452300
2022-08-18,28.41101409,29.51744993,28.25161228,29.14238739,4610800
2022-08-19,29.06737492,29.22677673,28.3547552,28.87984276,3675400
2022-08-22,28.62667695,28.62667695,27.90468043,28.22348404,3983500
2022-08-23,28.21410816,29.01111722,28.21410816,28.57979393,2367900
2022-08-24,28.64542737,29.44243637,28.56103808,28.98298454,2308400
2022-08-25,29.13301095,29.33929669,28.63605374,29.0017395,3032900
2022-08-26,29.06737682,29.06737682,27.61400869,27.65151405,3177700
2022-08-29,27.33270537,28.10158394,27.17330358,27.69839287,3511000
2022-08-30,27.77340761,28.12971656,26.88263254,27.16392899,3202400
2022-08-31,27.38897052,27.52024376,26.62946856,26.77011681,7675700
2022-09-01,26.77011385,27.24831927,26.04811913,26.807621,4037000
2022-09-02,26.94826825,27.68901832,26.42318071,27.16392899,5933600
2022-09-05,27.29519896,28.02657036,27.13579718,27.27644539,2380200
2022-09-06,27.06079266,27.3983481,26.07625133,26.42318535,4759100
2022-09-08,26.36692189,27.06078802,26.17001295,26.96702194,3824000
2022-09-09,27.26707346,27.84842175,27.0607895,27.43585205,2810900
2022-09-12,27.65151379,27.88592812,27.26707444,27.66089058,3593800
2022-09-13,27.3233299,27.72652278,26.96702096,27.58587456,3494100
2022-09-14,27.58587985,28.15785141,27.42647802,27.9890728,2324600
2022-09-15,27.98906724,28.03594939,27.17330471,27.46397972,3115600
2022-09-16,27.21081413,27.84842136,26.93889267,27.83904457,5068900
2022-09-19,27.58587746,27.87655072,27.18268454,27.81091499,2726500
2022-09-20,27.81091421,28.43914465,27.57649989,27.83904457,3219200
2022-09-21,27.83904552,28.7016903,27.67026692,28.12971878,6146300
2022-09-22,28.4110153,28.81420822,27.22956868,28.0640831,6343900
2022-09-23,27.50148494,27.95155995,27.24831707,27.72652245,4627200
2022-09-26,27.52961815,27.92343427,26.38567513,26.46068764,1838900
2022-09-27,26.7419852,27.18268346,26.70447805,26.93889236,4418600
2022-09-28,27.12642274,27.63275669,26.90138523,27.38896561,3235900
2022-09-29,27.10767157,27.29520374,26.13250893,26.78886795,2990100
2022-09-30,26.84512456,27.95156033,26.2637781,27.52023888,3814700
2022-10-03,28.41101391,29.18926936,27.97969244,29.02049255,6429200
2022-10-04,29.56433436,30.14568265,28.92672713,29.18927002,4202600
2022-10-05,29.21739546,29.66747045,28.59854191,29.35804367,3885400
2022-10-06,29.78937303,29.78937303,29.17989614,29.2174015,3583800
2022-10-07,29.06737544,29.62059337,28.77670218,29.25490761,3642200
2022-10-10,29.40493362,29.8550087,29.10488357,29.47994614,3306200
2022-10-11,29.25490753,29.47056827,28.18597703,28.41101456,5213700
2022-10-13,28.03595325,28.74857302,27.22019239,28.242239,4964200
2022-10-14,28.28911841,28.65480415,27.660888,27.94218445,3416900
2022-10-17,28.12972161,29.57371485,28.07346267,29.067379,3809700
2022-10-18,29.60184257,30.22069628,29.3017925,29.67685509,5962200
2022-10-19,29.54558177,29.65809965,29.00174061,29.6112175,2454900
2022-10-20,29.7143582,30.31446004,29.35804745,29.62059212,5265900
2022-10-21,29.73310616,29.76123651,28.61729548,29.35804367,7799500
2022-10-24,28.92672802,29.26428344,28.56104046,29.16114235,4617900
2022-10-25,29.27366026,29.5737121,28.10158864,28.18597794,5965200
2022-10-26,27.80153528,27.95156029,27.10766918,27.58587456,6596700
2022-10-27,27.78278482,29.32992078,27.63275979,28.84233856,5994700
2022-10-28,28.74857263,29.9581514,28.46727615,29.74248886,5772100
2022-10-31,29.13300872,31.36463385,29.13300872,31.0927124,5899900
2022-11-01,31.18648096,31.19585954,29.52682886,30.10817719,6049400
2022-11-03,29.90189115,30.70827702,29.29241426,30.31446266,3529400
2022-11-04,30.66139444,31.28962311,30.23944794,30.38947296,4823000
2022-11-07,29.91126446,30.577002,29.50807157,29.84562874,3465900
2022-11-08,29.59246285,30.50198976,29.50807355,30.09879684,3868500
2022-11-09,30.94268866,31.58029586,30.47386004,31.3083744,6837200
2022-11-10,30.13630535,30.2582018,28.50478185,29.60184097,10001300
2022-11-11,29.07675327,29.8268784,28.14847275,29.2174015,6895400
2022-11-14,29.21740203,31.0645881,29.20802524,30.62388802,6071100
2022-11-16,30.54887859,30.58638217,28.14847445,28.38288879,7949700
2022-11-17,27.97031768,28.2141088,26.60133886,27.65151405,7864200
2022-11-18,27.94218679,28.84233873,27.65151353,27.67026711,4694400
2022-11-21,28.34538043,28.64543049,27.84842319,28.48602867,3981800
2022-11-22,28.64543256,28.96423621,27.21081789,27.64213943,3912100
2022-11-23,27.54837162,27.94218777,27.06079117,27.3795948,4189400
2022-11-24,27.56712463,28.87984451,27.54837105,28.56104088,2467200
2022-11-25,28.47665005,28.5235322,26.80761959,27.05141068,3995700
2022-11-28,27.06079075,27.51086584,26.98577824,27.07016754,2958700
2022-11-29,27.17330488,28.007821,26.73260665,27.38896561,4737600
2022-11-30,27.3889679,28.93610382,27.3889679,28.93610382,8898100
2022-12-01,28.35475459,29.04862073,27.58587594,27.60462952,6737500
2022-12-02,27.99844381,28.97360634,27.45460272,28.31724739,5446500
2022-12-05,28.09221192,28.2703673,26.0481205,26.0481205,6631800
2022-12-06,26.45131059,26.6013374,26.01061232,26.47006416,7304200
2022-12-07,26.29190968,26.74198473,25.85120964,25.85120964,4922500
2022-12-08,25.70118596,25.93560028,24.63225723,25.35425377,6756600
2022-12-09,25.35425189,25.56053584,24.99794115,25.09170723,3688000
2022-12-12,25.10108558,25.56053743,24.03215508,24.45410156,6978900
2022-12-13,24.51036054,25.27923922,24.07903905,24.38846588,5992600
2022-12-14,24.27594725,24.83854199,23.54457569,24.54786873,8435800
2022-12-15,24.13530192,25.43864517,23.97590009,24.51036453,5957000
2022-12-16,24.51035738,24.92292703,23.64771273,23.84462166,4834700
2022-12-19,24.09779422,25.2604891,24.05091028,24.97919083,4647900
2022-12-20,24.9323034,26.58258017,24.58536947,25.61679268,5745200
2022-12-21,25.67305404,26.95764523,25.1479665,26.63884163,6397900
2022-12-22,26.55445389,26.75136285,25.96373059,26.19814491,3250000
2022-12-23,26.27315943,27.4639847,25.99186116,26.58258629,3636000
2022-12-26,26.16063939,26.31066442,25.14796954,25.36363029,2280600
2022-12-27,25.49490012,25.62617155,24.84791614,25.09170723,3627100
2022-12-28,25.20422792,26.30128705,25.10108683,26.16063881,2841600
2022-12-29,26.25440315,26.64821927,25.61679593,25.89809418,2456000
2023-01-02,25.37843007,25.37843007,24.01785851,24.46193314,3063900
2023-01-03,24.39579442,24.82097359,23.5548865,23.62102509,4250800
2023-01-04,23.71551327,25.03829052,23.60213154,24.31076241,6374700
2023-01-05,24.46193203,25.75636494,24.29186036,25.41622162,6459400
2023-01-06,25.4162225,26.13430188,25.21780676,25.83195305,3270700
2023-01-09,25.82250629,26.994109,25.7185732,26.32327271,5516400
2023-01-10,26.21933882,27.55156455,25.90754135,27.23976707,4159800
2023-01-11,27.22087006,27.68384196,26.72010546,27.54211617,3700200
2023-01-12,27.42873485,27.65549647,26.31382218,27.0130043,3012200
2023-01-13,26.8523846,26.91852319,26.24768686,26.60672569,2830900
2023-01-16,26.75789824,26.75789824,25.58629555,26.11540604,2709400
2023-01-17,26.12485663,27.76887996,26.06816666,27.64605141,7404100
2023-01-18,28.06178156,28.51530486,27.80667403,28.12792015,5469500
2023-01-19,27.78777428,28.89323834,27.02245355,28.0145359,5254800
2023-01-20,27.92950097,28.12791853,27.2964574,27.49487495,4469200
2023-01-23,27.48542694,28.62868377,27.46652968,28.00508881,3279200
2023-01-24,28.07122573,28.77985649,28.04288165,28.55309486,4468900
2023-01-25,28.5058566,28.65703104,27.56101548,28.33578491,3511200
2023-01-26,28.4869555,28.62868129,27.6838403,27.89170647,3698500
2023-01-27,27.85391376,27.9389496,27.30590602,27.49487495,3284700
2023-01-30,27.67439523,28.00508815,27.41928771,27.9861927,2690900
2023-01-31,27.98619194,28.7609613,27.60825409,28.41136932,4969600
2023-02-01,28.42081859,29.15779525,28.09957249,28.47750854,3798600
2023-02-02,28.35468023,29.57352425,28.33578297,28.82710075,4524300
2023-02-03,28.69482286,28.88378998,27.66494599,28.07122612,5728800
2023-02-06,28.0523309,28.53420005,27.71218755,28.42081833,2778800
2023-02-07,28.48695695,28.62868274,27.48542595,27.68384171,3510000
2023-02-08,27.8728133,29.05386471,27.86336467,28.78930855,4492200
2023-02-09,28.79875309,29.05386059,27.88225797,28.04288101,3656900
2023-02-10,28.05233015,28.70426915,28.05233015,28.40192032,2483000
2023-02-13,28.36412978,28.85544758,28.03343504,28.26019669,3224000
2023-02-14,28.26019414,28.73261464,27.10748877,28.19405556,5759100
2023-02-15,27.75942814,27.75942814,26.5500328,27.02245331,8639300
2023-02-16,26.91851845,27.14528006,25.9736775,26.92796707,6700000
2023-02-17,26.80514157,27.15473175,26.2476852,27.15473175,3256800
2023-02-22,27.10749007,27.74053364,26.39885928,26.653965,3315300
2023-02-23,26.64451702,27.86336097,26.5311353,27.16417885,3997700
2023-02-24,27.11693672,27.15472942,26.02092133,26.25713158,5017500
2023-02-27,26.33272337,26.73900354,25.99257998,26.42720604,2457800
2023-02-28,26.40830676,26.65396383,25.78471184,25.78471184,5734300
2023-03-01,26.08706508,26.08706508,24.90601363,25.65243721,6756700
2023-03-02,25.56739969,26.35161773,25.56739969,25.95478439,3756000
2023-03-03,25.95478362,26.72955481,25.94533499,26.18154526,3705700
2023-03-06,26.42720312,26.9941081,26.16264878,26.35161591,7047900
2023-03-07,26.39885955,26.39885955,25.32173953,26.06816483,4735800
2023-03-08,26.06816755,26.76734979,25.89809586,26.48389816,6322900
2023-03-09,26.44610306,26.71065922,26.13430556,26.17210007,6885600
2023-03-10,25.97368293,26.1721005,25.69967993,25.88864708,5030600
2023-03-13,25.82250555,26.6634135,25.68077976,26.50279045,6627400
2023-03-14,26.52168667,27.43818359,26.52168667,26.96576309,4243000
2023-03-15,26.66341346,27.62715176,26.45554908,27.23976707,4489300
2023-03-16,27.24921822,27.43818717,26.78624629,27.35315132,3439400
2023-03-17,27.19252935,27.3153579,26.72955739,26.9374218,5105700
2023-03-20,26.93742101,26.98466235,26.08706435,26.27603149,2828100
2023-03-21,26.25713361,26.5783779,26.16264914,26.40830803,2697700
2023-03-22,26.53113775,27.03190417,26.13430442,26.34216881,6924400
2023-03-23,26.35161893,26.52169062,24.65090559,24.84932137,9038600
2023-03-24,24.99104663,25.78471326,24.82097495,25.57684708,5111700
2023-03-27,25.68078104,25.92643994,25.48236348,25.74691963,6695800
2023-03-28,25.7563681,26.23823726,25.69967814,26.08706284,3663100
2023-03-29,26.33272364,26.63507252,25.79416267,26.2854805,4540100
2023-03-30,26.72010561,27.57991082,26.62562114,27.00355721,6310400
2023-03-31,27.15473347,27.25866657,26.42720538,26.60672569,6080400
2023-04-03,26.45555011,26.78624485,26.25713435,26.6256218,4479600
2023-04-04,26.72955309,27.70273818,26.6634127,27.51377106,4250600
2023-04-05,27.66494969,27.71219103,26.71065991,26.83348846,4468500
2023-04-06,26.51224198,26.87128263,25.70912665,25.73747253,6825000
2023-04-10,25.737471,25.96423265,25.18001462,25.74691963,3370100
2023-04-11,25.98313031,27.01300726,25.93588898,26.64451981,4794000
2023-04-12,26.71065991,27.30590904,26.55003684,26.83348846,7811900
2023-04-13,27.07914356,27.11693806,25.00994121,25.20835876,9715700
2023-04-14,25.08552906,25.27449799,24.26351835,25.27449799,7993900
2023-04-17,25.46346714,25.68078015,25.27449821,25.62409019,3962600
2023-04-18,25.69023104,25.87919818,24.8493212,24.99104881,4147400
2023-04-19,24.78317818,24.78317818,23.99896025,24.14068604,8821900
2023-04-20,24.14068856,24.54697051,23.90447829,24.25407028,3873100
2023-04-24,24.15958859,24.52807607,23.94227555,24.37690163,5925300
2023-04-25,24.14068895,24.43359099,23.98951453,24.21627617,3484200
2023-04-26,24.225723,24.30131021,23.68716391,23.97061729,3190100
2023-04-27,23.74385261,24.31075755,23.64936996,24.03675461,5512500
2023-04-28,24.01785775,24.72648848,23.76275025,24.24461937,5725200
2023-05-02,24.28241347,24.70759083,23.62102408,24.03675461,3620800
2023-05-03,23.96117185,24.28241798,23.90448009,24.05565453,2901900
2023-05-04,24.39579519,24.76428262,24.15958493,24.52807236,6229700
2023-05-05,24.62255743,25.33118822,24.49972888,25.08552933,4338200
2023-05-08,25.27449672,26.01147334,25.10442505,25.83195305,6565300
2023-05-09,25.72802207,26.91852205,25.18946295,26.37996292,8862200
2023-05-10,26.59727809,27.33425484,26.28548058,26.48389816,3658800
2023-05-11,26.38941369,26.69176257,26.28548058,26.48389816,3959700
2023-05-12,26.14375492,26.54058827,25.88864737,26.38941383,2437200
2023-05-15,26.59727376,27.21142005,26.2854763,27.0130043,4876700
2023-05-16,27.03190426,27.39094309,26.56893234,26.73900223,4683600
2023-05-17,26.79569119,27.08859139,26.54058369,27.06024551,5761400
2023-05-18,27.06024564,27.60825335,26.84293264,27.45707893,4160100
2023-05-19,27.63660141,27.72163725,26.9279706,27.3153553,6885400
2023-05-22,27.30590667,27.67439592,27.11693954,27.3153553,2962200
2023-05-23,27.04135284,27.79722499,26.9941097,27.23031998,3771700
2023-05-24,27.23031861,27.37204441,26.52168783,26.653965,2742700
2023-05-25,27.20197323,28.42081718,27.09804014,28.19405556,6930000
2023-05-26,28.49640916,28.49640916,27.81612417,28.11847305,3580100
2023-05-29,27.93894922,28.07122639,27.57991042,27.68384171,2477600
2023-05-30,27.70273972,27.95784724,27.29645777,27.50432396,3304200
2023-05-31,27.26811423,27.52321995,27.05079941,27.17362976,4839200
2023-06-01,27.25866465,28.55309588,27.14528293,28.43026733,4512800
2023-06-02,28.72316722,28.76096172,26.67286209,27.23976707,8452600
2023-06-05,27.05079916,27.16418088,26.64451901,27.11693954,3309200
2023-06-06,27.34369865,28.03343214,27.28700689,27.93894768,4805800
2023-06-07,28.10902226,28.44916563,27.69329168,28.06178093,4864600
2023-06-09,28.25074627,28.48695653,27.99563876,28.21295357,3621100
2023-06-12,28.56254461,28.99717243,28.38302611,28.82710075,3953000
2023-06-13,28.85544718,29.04441431,28.14681637,28.2979908,6850000
2023-06-14,28.25074768,28.62868375,27.77832714,28.25074768,6924000
2023-06-15,28.22240481,28.67592812,28.05233313,28.67592812,5881200
2023-06-16,28.6003389,28.73261607,28.17515971,28.23184967,5819000
2023-06-19,28.21295636,28.5058566,28.12792051,28.33578491,1595600
2023-06-20,28.21295611,28.34523329,27.76887963,28.2790947,5027800
2023-06-21,28.15626195,28.23184916,27.24921543,27.87281036,4097000
2023-06-22,27.69329163,27.69329163,26.80514231,27.37204552,5283100
2023-06-23,27.78777678,28.21295599,27.37204618,28.12792015,3869800
2023-06-26,28.1279189,28.1657116,27.25866505,27.74998283,4207800
2023-06-27,28.06178279,28.18461135,27.29646016,27.6177063,3174300
2023-06-28,27.77833017,27.97674776,27.20197828,27.39094543,3085500
2023-06-29,27.49487306,28.14681385,27.44762993,27.93894768,2301600
2023-06-30,28.16570905,28.87433979,28.01453464,28.32633209,4070500
2023-07-03,28.60978837,29.37510914,28.30743772,28.89323997,4997300
2023-07-04,28.89323896,29.18613918,28.58144149,28.61923599,1265500
2023-07-05,28.39247131,29.31841686,28.29798865,29.12944794,2916000
2023-07-06,28.95937847,28.95937847,28.24129904,28.2979908,2694900
2023-07-07,28.46806165,28.94993083,28.35468173,28.81765366,2791100
2023-07-10,28.78930549,28.85544588,28.33578223,28.36412811,2082400
2023-07-11,28.10901959,28.37357572,27.65549635,28.04288101,3569000
2023-07-12,28.10902125,28.52475181,27.93894957,27.9861927,5364900
2023-07-13,27.98619483,28.8082056,27.78777726,28.2885437,2861900
2023-07-14,28.09957328,28.51530385,27.73108584,27.80667305,2534700
2023-07-17,27.4098376,28.07122522,27.14528147,27.94839668,3181100
2023-07-18,27.28700865,27.90115677,27.16418011,27.54211617,8497600
2023-07-19,27.52321955,27.6460499,27.14528348,27.40983963,5148800
2023-07-20,27.33425206,27.42873652,26.72955436,26.95631599,5627000
2023-07-21,27.14528533,27.65550041,27.04135404,27.65550041,4111100
2023-07-24,27.65549849,27.96729597,27.41928822,27.90115738,1976000
2023-07-25,28.2507446,28.42081626,27.68383966,27.82556725,2181000
2023-07-26,27.8255679,28.14681398,27.62715035,28.09012222,1872300
2023-07-27,27.99564201,28.38302854,27.57991321,27.60825729,3288000
2023-07-28,27.93205127,27.97014563,27.57016392,27.81777,1620100
2023-07-31,27.97966373,28.41773975,27.77015022,28.16060829,3802200
2023-08-01,27.95109967,28.57964213,27.8368184,28.19870758,3693400
2023-08-02,28.22727176,28.36060019,27.93204776,28.06537437,1943300
2023-08-03,28.42726334,28.94152444,28.10346857,28.16060829,4072200
2023-08-04,28.1606099,28.42726496,27.75110462,27.91300201,1821800
2023-08-07,27.81776726,28.25584329,27.64634809,28.20822716,1767500
2023-08-08,27.78919755,28.18917922,27.39873948,28.06537437,3331500
2023-08-09,27.04637381,27.37969217,26.15117641,26.94161797,19720100
2023-08-10,27.15113387,27.37969458,26.55116042,26.5702076,7463000
2023-08-11,26.42735982,26.67496773,25.74167762,26.02737808,8463000
2023-08-14,25.81786082,26.30355299,25.57977653,26.19879532,4358800
2023-08-15,26.16069925,26.3511674,25.82738272,26.18927002,4282300
2023-08-16,26.13213448,26.50354542,26.05594757,26.08451653,4447000
2023-08-17,26.26545992,27.00828359,26.17974942,26.39878654,8731700
2023-08-18,26.39878811,27.07494851,26.25593788,26.58925629,4786500
2023-08-21,26.56068583,26.8463881,26.28450897,26.31307793,2966500
2023-08-22,26.37021805,27.14161069,26.37021805,26.55116081,5318300
2023-08-23,26.54163877,27.0749471,26.53211518,26.9130497,3882500
2023-08-24,26.99876168,27.20827522,26.76067736,26.84638786,2668100
2023-08-25,26.82733824,26.83686183,26.28450634,26.52259064,3827200
2023-08-28,26.74162871,27.03685274,26.6749654,26.9130497,2853300
2023-08-29,27.06542334,27.40826532,26.96066567,27.26541328,1918600
2023-08-30,27.44636045,27.59873427,27.04637871,27.1511364,2601300
2023-08-31,27.05589932,27.2273203,26.10356213,26.41783333,6230600
2023-09-01,26.42735564,26.9130478,26.41783205,26.47497177,2345400
2023-09-04,26.33212062,26.60829926,26.17022324,26.60829926,1429200
2023-09-05,26.55116207,26.69401411,26.2845088,26.40831184,3448200
2023-09-06,26.35117152,26.57020865,26.28450821,26.43688202,5179600
2023-09-08,26.37021808,26.53211548,26.12261018,26.37974167,4111700
2023-09-11,26.44640569,26.84638741,26.21784497,26.6940136,10174700
2023-09-12,26.69400896,27.33207488,26.63686743,27.25588799,2581700
2023-09-13,27.16065605,27.85586173,27.07494556,27.33207703,8856300
2023-09-14,27.32255349,27.81776743,27.32255349,27.67491722,5292100
2023-09-15,27.82729329,28.28441654,27.77967715,28.09394836,6460600
2023-09-18,28.07489783,28.14156114,26.94161797,26.94161797,3485500
2023-09-19,26.86542955,27.08446847,25.53215794,25.61786842,11595400
2023-09-20,25.68453138,26.39878421,25.46549428,25.72262573,6217200
2023-09-21,25.37026274,25.55120732,25.07503871,25.0845623,4832900
2023-09-22,25.2750307,25.37978656,25.09408612,25.16074944,2757300
2023-09-25,25.1893189,25.71310362,25.15122454,25.6559639,3293000
2023-09-26,25.54168029,25.75119561,25.00837203,25.15122223,3629300
2023-09-27,25.18932343,25.36074262,24.99885523,25.18932343,4790500
2023-09-28,25.18931903,25.49406663,24.88456961,25.47501945,3050900
2023-09-29,25.62739376,26.08451517,25.52263608,25.71310425,4040400
2023-10-02,25.75119848,26.03689891,25.56073031,25.89404869,2873700
2023-10-03,25.7702442,25.87500188,24.99885158,25.00837517,2365800
2023-10-04,24.94171195,25.63691768,24.77981455,25.52263641,2778500
2023-10-05,25.36074046,25.64644273,25.09408719,25.37026405,1975900
2023-10-06,25.01789925,25.370263,24.77029135,25.24645996,1977300
2023-10-09,24.97028058,25.86547805,24.97028058,25.71310425,3353000
2023-10-10,25.77976478,26.34164381,25.77976478,26.18927002,1955200
2023-10-11,26.24641587,26.54164175,25.9607154,26.17022896,2566500
2023-10-13,26.04642387,26.20832127,25.33217094,25.48454475,3229100
2023-10-16,25.71310481,25.93214194,25.30359952,25.59882355,2934100
2023-10-17,25.40835864,25.92261982,25.28455378,25.44645119,4690400
2023-10-18,25.26550699,25.3321703,24.76076761,24.81790733,3469400
2023-10-19,24.81790946,25.0464702,24.57030155,24.89409637,3009000
2023-10-20,24.5226864,24.99885507,24.48459204,24.50363922,2679100
2023-10-23,24.42745001,24.79886277,24.3512631,24.5226841,2903300
2023-10-24,24.71314968,24.81790553,24.32269159,24.37983131,3735600
2023-10-25,24.42744953,24.55125438,24.02746782,24.2845993,3956600
2023-10-26,24.45601864,25.26550559,24.39887892,25.14170074,3587800
2023-10-27,24.99884895,25.5512044,24.34173584,24.34173584,3071100
2023-10-30,24.46554252,24.49411147,23.74176604,23.91318703,2348500
2023-10-31,24.0846114,24.37983546,23.98937731,24.10365677,3310600
2023-11-01,24.29412227,25.07503848,24.11317769,25.00837517,3499200
2023-11-03,25.31312474,26.47497556,25.14170374,26.38926506,4218100
2023-11-06,26.37974167,26.49402112,25.90357306,26.37974167,2072300
2023-11-07,26.37021832,27.57968521,26.23688987,27.32255554,6276800
2023-11-08,28.27489125,29.42721836,27.87490956,28.86533928,16516800
2023-11-09,28.8558132,29.56054424,28.75105735,29.50340271,4391300
2023-11-10,29.23675141,30.41764927,29.04628326,30.28432083,4915800
2023-11-13,30.18908892,31.49378982,30.18908892,31.14142609,10915900
2023-11-14,31.35093736,32.04614668,30.90334137,31.07476234,8398300
2023-11-16,31.07476649,31.96044045,30.66526117,31.83663559,9614700
2023-11-17,32.04614675,32.36041612,30.89381603,30.97952652,8597000
2023-11-20,31.08428518,31.45569611,30.56050046,31.45569611,5620700
2023-11-21,31.25571093,31.41761017,30.47479461,31.41761017,7733200
2023-11-22,31.39855606,32.331846,31.30332017,31.81758308,6708200
2023-11-23,31.81758595,31.81758595,31.32237016,31.42712784,2440500
2023-11-24,31.42712861,31.42712861,30.64621237,30.78906441,3115800
2023-11-27,31.01762258,31.63664322,30.6747806,31.51283836,3138300
2023-11-28,31.56997778,32.46517339,31.47474189,31.96043587,2727600
2023-11-29,31.91281578,32.35089362,31.78901457,31.88424683,3491300
2023-11-30,31.86519755,32.06518746,31.42712337,31.72234917,6671700
2023-12-01,31.78901095,32.31279559,31.42712187,32.22708511,4222700
2023-12-04,32.1699521,32.64612073,32.093767,32.53184128,3092800
2023-12-05,32.65641035,33.21218066,32.52225536,32.79056168,3327900
2023-12-06,32.95346077,33.17385278,32.86722011,32.99179077,1934100
2023-12-07,33.22176164,33.25051096,32.80972698,33.15468597,1771000
2023-12-08,33.29841759,33.42298824,32.56058172,32.92470932,3756400
2023-12-11,32.59891868,33.12594338,32.26353667,32.330616,3949200
2023-12-12,32.54142033,32.67557165,31.0849134,31.19031906,8252900
2023-12-13,31.1424063,32.71389945,30.99867065,32.53183746,5120500
2023-12-14,32.86721596,33.10677293,32.07188871,32.7618103,4693900
2023-12-15,32.76181573,33.29842476,32.00481835,32.50309372,3942100
2023-12-18,32.47434801,32.65641368,32.10063966,32.330616,3099500
2023-12-19,32.2347898,33.01095581,32.2347898,33.01095581,2109300
2023-12-20,32.78098391,32.78098391,31.19032534,31.67902374,5407400
2023-12-21,31.95689964,32.30186228,31.74609199,31.95689964,3251200
2023-12-22,32.18687342,32.2443684,31.41070755,31.4777832,2187000
2023-12-26,31.69818342,32.12938309,31.52570209,32.12938309,1542500
2023-12-27,31.95690788,32.56059265,31.81317585,32.56059265,1833100
2023-12-28,32.57974773,32.83846969,31.86107682,32.28269577,2839400
2024-01-02,31.74609356,31.99523123,31.14240892,31.6215229,2837100
2024-01-03,31.60235973,31.83233607,31.46820839,31.58319473,3030700
2024-01-04,31.56402487,31.56402487,30.57705133,30.75911331,3736300
2024-01-05,30.57705344,31.12324308,30.46206711,30.93159676,2165900
2024-01-08,30.93159901,31.35322167,30.60580316,31.13282967,2512800
2024-01-09,30.78786504,31.60235733,30.73995437,31.17115402,2537000
2024-01-10,31.25739458,31.33405457,30.92201626,31.08491325,1756900
2024-01-11,31.01784146,31.42987982,30.79744944,31.07533646,3116600
2024-01-12,30.90285354,31.58319455,30.68246153,31.38196754,2009100
2024-01-15,31.37238456,31.37238456,30.75911561,31.08491325,1117000
2024-01-16,30.7303717,31.03700437,30.41415653,30.87410736,3017200
2024-01-17,30.74953672,31.09449938,30.58663789,30.92201805,2378400
2024-01-18,30.96992775,30.99867342,30.09794044,30.09794044,2211200
2024-01-19,30.05961448,30.5003985,29.6954868,30.39499283,3164000
2024-01-22,30.37582828,30.40457395,28.98639695,29.13971329,4855100
2024-01-23,29.14929446,29.6667366,28.97681313,29.6667366,3308700
2024-01-24,30.00211673,30.35666188,29.57091525,29.61882591,3813800
2024-01-25,29.6092453,29.8871323,29.3505233,29.6092453,1434500
2024-01-26,29.82963726,30.0308661,29.36968826,29.59008026,1378000
2024-01-29,29.52300147,30.2704199,29.42717831,30.11710358,2758800
2024-01-30,29.95420829,30.23209347,29.67632129,29.87755013,1959800
2024-01-31,30.01169993,30.81661157,29.82005543,30.20334625,3297400
2024-02-01,30.18417991,30.68245888,29.85838227,30.68245888,2890300
2024-02-02,30.78786607,30.9795124,30.04044759,30.35666275,2723000
2024-02-05,30.26083784,30.62496364,30.18417967,30.46206665,2281100
2024-02-06,30.46206718,31.19990313,30.32791402,30.99867249,1640900
2024-02-07,30.73995098,31.65984883,30.663291,31.4777832,3449600
2024-02-08,28.7468391,29.67631958,28.10482629,28.40187645,18285400
2024-02-09,28.33480188,29.55175189,28.02816921,29.34094238,6941000
2024-02-14,29.01514592,29.3313611,28.61269007,28.73725891,6295600
2024-02-15,29.02472529,29.49425676,28.67018015,29.36010361,4483100
2024-02-16,29.49425702,29.70506651,29.05347121,29.55175018,4937200
2024-02-19,29.34094075,29.63799091,29.06305377,29.58049774,2262100
2024-02-20,29.2259546,29.79130928,29.03430826,29.75297928,6852300
2024-02-21,29.65715794,29.86796745,29.36010594,29.75297928,3345100
2024-02-22,30.02128459,30.56747429,29.71465191,30.45248795,5913300
2024-02-23,30.65371276,31.01783859,30.15543378,30.21292877,3076400
2024-02-26,30.21292875,30.64413024,30.15543376,30.20334625,2013400
2024-02-27,30.39499045,30.52914361,29.8583833,29.95420647,3407100
2024-02-28,29.70506651,29.85838284,29.2930282,29.55175018,2046000
2024-02-29,29.44634628,29.97337278,29.16846111,29.40801811,7009900
2024-03-01,29.54216802,30.00211701,29.54216802,29.85838318,4182000
2024-03-04,29.85838468,30.05961351,29.47509384,29.47509384,3044600
2024-03-05,29.45592852,29.78172618,29.08222018,29.16846085,2535500
2024-03-06,29.31219361,30.04044709,29.08221912,29.89671326,4797100
2024-03-07,29.78172576,29.92545959,28.29647311,28.82349777,6562300
2024-03-08,28.54561074,29.10138287,28.52644575,28.87140656,2502200
2024-03-11,28.56477776,29.00556362,28.56477776,28.94806862,3491100
2024-03-12,29.06305592,30.13627211,28.85224641,29.90629578,3167500
2024-03-13,29.90629393,30.23209158,29.69548443,29.89671326,2012500
2024-03-14,29.79130734,30.16501566,29.51342036,29.70506668,5137100
2024-03-15,29.94462173,29.96378672,29.67631726,29.69548225,4284200
2024-03-18,29.68590257,29.72423257,28.74683959,28.81391525,3003400
2024-03-19,28.99598106,29.1109674,28.38271569,28.84266472,3028400
2024-03-20,29.02472535,29.39843366,28.79474904,29.38885117,2162900
2024-03-21,29.38885153,30.03086433,29.35052153,29.70506668,1992800
2024-03-22,29.35052102,29.5996605,28.81391388,29.24511719,1850800
2024-03-25,29.12054619,29.28344501,28.74683788,28.97681236,1668700
2024-03-26,28.10482501,28.17190067,27.25200274,27.29991341,8248300
2024-03-27,27.21367339,28.02816751,26.65790125,27.81735802,6564700
2024-03-28,27.80777471,27.80777471,27.13701444,27.1945076,5946700
2024-04-01,27.19450923,27.35740806,26.70581457,26.95495224,3829600
2024-04-02,26.70581432,27.01244698,26.14045967,26.68664932,4202000
2024-04-03,26.66748428,27.00286444,26.36085163,26.66748428,3825200
2024-04-04,26.84955046,27.50114583,26.47584028,27.06994247,5065300
2024-04-05,27.21367442,27.38615575,26.97411742,27.07952309,3660100
2024-04-08,27.29033466,27.46281601,27.16576582,27.23284149,2003000
2024-04-09,27.24242364,27.57780382,26.79205529,26.90704346,6333100
2024-04-10,26.73456174,26.99328375,26.42792906,26.5716629,7363400
2024-04-11,26.54291503,26.67706636,26.32252121,26.32252121,3275100
2024-04-12,26.00630595,26.50458492,25.92006529,26.23628044,4225900
2024-04-15,26.08296359,26.16920425,25.68050779,25.77633095,3627700
2024-04-16,25.45053661,25.70925862,25.32596777,25.35471344,4768300
2024-04-17,25.39304224,26.06380258,25.34513157,25.95839691,8115600
2024-04-18,25.9679801,27.08910698,25.93923261,26.60041046,11995900
2024-04-19,26.59082455,27.04119101,26.48541889,26.92620468,7691000
2024-04-22,26.78246986,27.85568405,26.78246986,27.68320274,12355900
2024-04-23,27.52988973,27.84610489,27.22325706,27.22325706,5279700
2024-04-24,27.14659668,27.25200234,26.83038155,26.9357872,3860600
2024-04-25,26.76330946,27.02203147,26.54291745,26.79205513,4076700
2024-04-26,26.94537346,27.29991681,26.83996779,26.90704346,2841900
2024-04-29,26.90704144,27.2136741,26.67706695,26.78247261,4342100
2024-04-30,26.64832093,26.96453611,26.38960075,26.38960075,3192000
2024-05-02,27.17534763,27.18493013,26.3991816,26.59082794,3272000
2024-05-03,27.01244734,27.01244734,26.55249652,27.00286484,4097100
2024-05-06,26.92620828,27.07952462,26.74414444,26.74414444,2588900
2024-05-07,26.88787822,26.92620822,26.38001853,26.71539688,6334800
2024-05-08,26.49500516,27.01244919,26.36085382,26.97411919,4184500
2024-05-09,26.34168738,27.55863737,26.34168738,27.32866287,4440400
2024-05-10,27.27116729,27.50114361,26.7920533,26.8303833,3007900
2024-05-13,26.87829213,26.99328028,26.42792567,26.89745712,3023000
2024-05-14,26.96453312,27.70236906,26.96453312,27.1945076,3440300
2024-05-15,27.23284159,27.38615793,27.00286707,27.31908226,1912600
2024-05-16,27.39573734,27.98983764,27.32866167,27.95150948,3217800
2024-05-17,27.89401768,27.98025835,27.26158735,27.51072502,5003900
2024-05-20,27.23283838,28.11440817,27.22325588,27.81735802,2796100
2024-05-21,27.67362297,28.40187645,27.50114347,28.36354828,3838000
2024-05-22,28.16231797,29.15887589,28.12398981,28.69892693,9890200
2024-05-23,28.70850727,29.0630524,28.34438146,28.44020462,7772900
2024-05-24,28.37313014,28.52644646,27.84610367,27.84610367,2549400
2024-05-27,27.86527033,27.98025849,27.60654833,27.61613083,1486900
2024-05-28,27.79819239,28.06649687,27.27116593,27.30949593,4031700
2024-05-29,27.33824712,27.52989164,26.99328444,27.21367645,3519300
2024-05-31,27.21367487,27.93234587,27.10827104,27.52030754,9199700
2024-06-03,27.5778002,27.76944469,27.10826874,27.10826874,3917200
2024-06-04,27.0316084,27.14659656,26.47583629,26.87829208,4987000
2024-06-05,27.0316103,27.34782728,26.8208008,26.8303833,1954300
2024-06-06,26.99328497,27.8269442,26.88787929,27.75028419,4751000
2024-06-07,27.29033093,27.90359804,27.13701461,27.30949593,4416700
2024-06-10,27.12743408,27.50114424,27.03161092,27.34782791,1683200
2024-06-11,27.44364982,27.95151132,27.44364982,27.88443565,2469600
2024-06-12,28.16232071,28.27730887,27.15618202,27.78861237,6787100
2024-06-13,27.78861111,28.48811709,27.78861111,28.35396576,3269500
2024-06-14,28.31563866,29.58050125,28.24856299,29.31219673,6030000
2024-06-17,29.21637147,29.62840981,28.76600497,29.14929581,4634800
2024-06-18,29.1397106,29.1397106,28.05691387,28.49769783,7423000
2024-06-19,28.60310508,28.61268758,27.77902845,28.20064926,2882800
2024-06-20,28.44979072,28.66060022,28.21023371,28.25814438,3452900
2024-06-21,28.11441089,28.64143558,27.94192955,28.58394241,4794900
2024-06-24,28.66060099,28.93848801,28.28689264,28.93848801,2473200
2024-06-25,28.93848997,29.06305882,28.57436226,29.00556564,1978900
2024-06-26,28.88099115,28.99597931,28.37313148,28.99597931,3690200
2024-06-27,28.85224424,29.60924337,28.85224424,29.59966087,2342200
2024-06-28,29.60924483,29.63799233,28.90973883,29.15887833,4083100
2024-07-01,29.02472637,29.06305454,28.53602988,28.64143372,1658800
2024-07-02,28.52645062,28.68934947,28.04733658,28.04733658,3458500
2024-07-03,28.30605514,28.74683912,28.29647264,28.41145897,1876500
2024-07-04,28.651016,28.6797635,28.20064951,28.43062401,1368800
2024-07-05,28.55519458,28.96723292,28.2677269,28.2677269,2245000
2024-07-08,28.26772541,28.65101624,27.92276275,28.65101624,1732600
2024-07-09,28.60310557,28.84266256,28.12399158,28.65101624,2882600
2024-07-10,28.68934656,28.91932106,28.3348014,28.91932106,1634600
2024-07-11,28.89057126,29.1972039,28.59352112,28.59352112,2730400
2024-07-12,28.51686426,28.67976309,27.94192712,28.05691528,2347500
2024-07-15,28.16232137,28.53603154,27.89401869,28.37313271,1864200
2024-07-16,28.36354904,28.47853537,27.28075038,27.36699104,4190800
2024-07-17,27.36699335,27.85568989,27.29991768,27.72153854,2400200
2024-07-18,27.62571449,27.62571449,26.78247462,26.86871529,3160900
2024-07-19,27.02202775,27.36698856,26.71539329,26.8878746,2758600
2024-07-22,26.9262089,27.52989178,26.81122073,27.31908226,1309700
2024-07-23,27.39573806,27.42448556,26.8591309,26.95495224,1864800
2024-07-24,26.83996561,27.04119261,26.65790178,26.66748428,1803900
2024-07-25,26.38001635,26.77288967,26.0446362,26.42792702,3783800
2024-07-26,26.42792758,26.95495224,26.19795309,26.95495224,2362600
2024-07-29,26.7441423,26.87829363,26.30335831,26.52375031,2076500
2024-07-30,26.36085131,27.10826977,26.26502815,26.37043381,1749700
2024-07-31,26.3991816,26.66748611,26.23628277,26.59082794,2363000
2024-08-01,26.81121599,26.89745664,26.29377387,26.46625519,1680600
2024-08-02,26.48541836,26.60998901,26.15004006,26.46625519,2177400
2024-08-05,25.6613466,26.59082711,25.51761094,25.8529911,4390600
2024-08-06,25.8913214,26.15962408,25.58468873,26.11171341,3683200
2024-08-07,26.46927449,26.60456959,26.082721,26.50793076,2505100
2024-08-08,26.68187846,27.77389221,26.48860081,27.59027863,4802000
2024-08-09,27.59028026,28.67263185,27.44532293,28.62431335,4163900
2024-08-12,28.93355631,29.45540305,28.50834656,28.50834656,5761100
2024-08-13,28.47935425,28.62431342,28.06381041,28.30540657,2589500
2024-08-14,28.28608015,28.82725506,28.21843352,28.66296959,2942100
2024-08-15,28.66297058,28.66297058,27.98650054,28.12179565,3157000
2024-08-16,28.31506604,28.99153595,28.12179024,28.52767181,2543000
2024-08-19,28.76927208,28.99154011,28.43103708,28.89490128,3073400
2024-08-20,28.53733606,29.04951868,28.48901572,29.01086426,2202900
2024-08-21,29.13649508,30.15120001,29.01086589,30.00624084,2896600
2024-08-22,30.15120276,30.33481452,29.45540461,29.54237938,1892300
2024-08-23,29.61968719,30.69237467,29.61002313,30.40245819,2029300
2024-08-26,30.40246086,30.53775597,29.93859666,30.53775597,1733200
2024-08-27,30.52809086,30.61506563,30.26716657,30.31548691,1991400
2024-08-28,30.26716515,30.26716515,29.38775532,29.7259903,2155300
2024-08-29,29.62935092,29.85161893,29.37809071,29.47472954,1407000
2024-08-30,29.20414346,29.23313567,28.82725404,28.9625473,6487600
2024-09-02,28.8948985,28.96254513,28.2377567,28.27641296,1537600
2024-09-03,28.2764152,28.91422893,28.2764152,28.36338997,2904400
2024-09-04,28.68229671,29.2234716,28.49868311,28.9625473,3006500
2024-09-05,28.60498685,29.00120442,28.49868394,28.77893639,1195000
2024-09-06,28.69196137,28.90456534,28.3150701,28.3730545,1160500
2024-09-09,28.31506886,28.55666502,28.09280084,28.2280941,1084500
2024-09-10,28.11212738,28.5856556,28.11212738,28.35372353,1345000
2024-09-11,28.30540494,28.65330213,28.26674867,28.39237785,1560100
2024-09-12,28.1604487,28.6049866,28.05414764,28.3730545,1125500
2024-09-13,28.68229499,29.63901552,28.52767361,29.16548729,3535800
2024-09-16,29.20414349,29.54237848,28.86591033,29.24279976,3225800
2024-09-17,29.23313614,29.23313614,28.7982623,28.97221184,4572300
2024-09-18,28.77893707,29.08817988,28.54700496,28.63397789,2546400
2024-09-19,28.89490007,29.04952146,28.58565728,28.78859901,2592800
2024-09-20,28.78860043,29.0301966,27.97683716,27.97683716,4337200
2024-09-23,27.96717416,28.1121315,27.49364587,27.63860321,2520000
2024-09-24,27.98650022,28.43103814,27.58062041,28.03482056,3553700
2024-09-25,28.03482022,28.25708826,27.667593,27.667593,3803600
2024-09-26,27.66759059,28.03481777,27.09742536,27.13607979,3077100
2024-09-27,27.08776289,27.58061929,27.08776289,27.32935905,3545100
2024-09-30,27.25204596,27.92851407,27.03944018,27.59994316,3239500
2024-10-01,27.99616344,28.31507031,27.6965847,27.6965847,2955100
2024-10-02,28.24742379,28.57599473,28.07347425,28.4600296,2750100
2024-10-03,28.09280227,28.24742367,27.05877096,27.17473793,3851100
2024-10-04,26.87515517,27.25204641,26.79784447,27.04910469,2085300
2024-10-07,27.31003184,27.32935998,26.78818322,27.06843567,2017100
2024-10-08,27.57095418,27.6869193,27.32935802,27.34868431,2360700
2024-10-09,26.96212821,27.45498455,26.94280008,27.25204468,2697700
2024-10-10,27.20372651,27.63860033,27.08776139,27.09742546,3726000
2024-10-11,27.0684352,27.31969544,26.58524286,27.05877113,3966600
2024-10-14,27.05877022,27.88986161,26.82683813,27.31969452,4748000
2024-10-15,27.31002918,27.55162533,27.16507186,27.21339035,4666100
2024-10-16,26.89448654,27.74490428,26.60457186,27.63860321,4151900
2024-10-17,27.07809349,27.67725084,26.99111874,27.41632843,2651400
2024-10-18,27.67725681,27.76423158,27.46465284,27.58061981,4198200
2024-10-21,27.53229754,28.05414611,27.43565871,27.86086845,2215800
2024-10-22,27.7352383,28.05414514,27.63859947,27.88019562,3580100
2024-10-23,27.68691729,27.91884936,27.50330371,27.70624542,2179900
2024-10-24,27.78355998,27.78355998,27.19406472,27.667593,3450400
2024-10-25,27.4936412,27.94784127,27.4936412,27.89952278,2473700
2024-10-28,28.11212798,28.49868145,28.07347171,28.2860775,1956500
2024-10-29,28.21842957,28.32473061,28.07347041,28.21842957,3112600
2024-10-30,28.17011157,28.67263202,28.05414645,28.50834656,1327200
2024-10-31,28.45036251,29.05918398,28.39237811,28.83691597,8135700
2024-11-01,28.94322224,30.89531792,28.56633096,29.90960693,11641100
2024-11-04,30.27683184,32.41254293,29.9482609,32.06464386,6920600
2024-11-05,32.06463992,33.35959538,31.1175835,33.26295471,6858600
2024-11-06,32.67346679,33.95875648,31.39783933,32.85707855,11040200
2024-11-07,32.27724875,33.3982548,30.08355331,30.08355331,11588100
2024-11-08,29.13649775,30.31548824,29.11716962,29.82263184,5849600
2024-11-11,29.57137015,29.85162074,28.85624574,28.991539,4264500
2024-11-12,28.82725451,29.35876534,28.70162531,28.97221184,2932900
2024-11-13,29.08817645,29.2234697,28.55666382,28.68229485,4289100
2024-11-14,28.72095064,29.62935271,28.71128657,28.991539,4423600
2024-11-18,28.79826114,29.22347089,28.62431345,28.82725334,2265000
2024-11-19,29.0205305,29.91926664,28.70162366,29.41674805,2538000
2024-11-21,29.08817989,29.45540526,28.67263417,28.91423035,3132600
2024-11-22,29.24279662,29.24279662,28.27641207,28.8175869,3637000
2024-11-25,28.71128744,29.42641372,28.63397674,28.76927185,5430800
2024-11-26,29.25246179,29.69699781,28.6919588,29.32010841,3232400
2024-11-27,29.05918579,29.28145381,27.79322243,27.79322243,4476100
2024-11-28,27.6096075,27.73523853,26.60456848,26.60456848,2354000
2024-11-29,26.84616517,26.8848196,25.94742719,26.53692055,6647400
2024-12-02,26.35331032,26.63356091,25.95709275,25.96675682,2981900
2024-12-03,25.98608098,27.01044997,25.83145959,26.0827198,6328600
2024-12-04,26.29707573,26.88167208,25.82939939,26.41399574,4347600
2024-12-05,26.83295314,27.80727966,26.71603314,27.33960152,4182600
2024-12-06,27.07653709,27.49549597,26.59911543,26.64783287,3292800
2024-12-09,26.60885642,27.26165526,26.60885642,26.99858665,2232100
2024-12-10,27.37857595,28.29444341,27.24216897,28.16777992,3021100
2024-12-11,28.33341628,30.53539453,28.26521372,30.24309731,6263800
2024-12-12,29.71695887,30.38924469,29.23953909,29.52209282,5101500
2024-12-13,29.66824304,29.93130978,28.42110443,28.42110443,2267000
2024-12-16,28.42110404,28.6062266,27.13499336,27.17396545,3296200
2024-12-17,27.17396674,27.66113001,26.85243905,27.37857628,6066800
2024-12-18,27.19345523,27.42729339,25.87811395,25.88785744,5289500
2024-12-19,25.91708798,26.95961714,25.78068099,26.74526596,2249300
2024-12-20,26.64783029,27.31037261,26.55039727,26.80372238,5628600
2024-12-23,26.32630343,27.08627694,26.25810087,26.94012833,2465300
2024-12-26,27.24217001,27.39806397,26.33604786,26.60885811,2207000
2024-12-27,26.71603296,27.01807366,26.16066715,26.33604622,3420500
2024-12-30,26.21912642,26.45296456,25.9365727,26.06323433,2366700
2025-01-02,25.85862603,26.1801537,25.22531233,25.70273209,2559800
2025-01-03,25.6929934,25.78068108,25.22531521,25.46889687,2210400
2025-01-06,25.78067948,26.78423649,25.6929918,26.66731834,3904900
2025-01-07,27.05704916,27.05704916,26.24835818,26.31656075,2913100
2025-01-08,26.28733297,26.28733297,25.4494133,25.4494133,2742600
2025-01-09,25.55658403,26.09246473,25.29351542,25.96580124,1872500
2025-01-10,25.91708492,26.28732816,25.42992167,26.02425957,3484900
2025-01-13,26.14117997,26.14117997,25.71247579,26.04374695,3734600
2025-01-14,26.04374817,27.11550774,25.87811258,26.86218262,3678600
2025-01-15,27.21294254,28.46007941,26.96936089,28.04112053,4474300
2025-01-16,28.03137651,28.16778164,27.5929288,27.77805138,3148300
2025-01-17,27.97291233,27.97291233,27.17396491,27.47600746,2515800
2025-01-20,27.72933468,27.9631747,27.40780697,27.71959305,1450300
2025-01-21,27.53446699,28.41136047,27.53446699,28.30418396,3209100
2025-01-22,28.68417387,28.97647109,28.1970106,28.55751038,2337900
2025-01-23,28.35290418,29.00570307,28.3334172,28.48930931,3249300
2025-01-24,28.45033605,29.41491911,28.24572651,29.14210701,2924600
2025-01-27,28.73288862,30.79846164,28.73288862,30.40872955,3451300
2025-01-28,29.99951553,30.44770486,29.64875738,29.99951553,3328100
2025-01-29,30.2528401,30.53539571,29.66824563,30.35027313,3357600
2025-01-30,30.54513734,32.44507297,30.38924524,31.772789,6354200
2025-01-31,31.77279161,33.57529437,31.77279161,33.18556595,7035300
2025-02-03,32.8737769,33.98450848,32.67891086,33.37068176,6944300
2025-02-04,33.12709814,33.41939532,32.13328475,32.61070633,21121700
2025-02-05,32.61070858,32.63993718,30.91537886,31.35382652,6988600
2025-02-06,31.27588039,31.87996552,31.06152922,31.82150459,3871800
2025-02-07,31.7143245,33.09786996,31.7143245,32.6789093,4072200
2025-02-10,32.99070318,33.4194056,32.62045799,33.01993179,4585200
2025-02-11,33.11736027,33.82861819,32.84454631,33.1271019,2740500
2025-02-12,32.49378569,33.12709937,31.77278619,32.20148849,6265100
2025-02-13,32.56199369,33.61426822,32.25995481,33.08813095,5373800
2025-02-14,33.12709839,33.70195113,32.44506915,33.51683044,5353600
2025-02-17,33.45837065,33.90655993,33.33170717,33.62400436,1689500
2025-02-18,33.64349776,33.7311873,32.98095534,33.41940308,2965500
2025-02-19,32.55224615,33.63374909,32.43532802,33.16607285,2325400
2025-02-20,32.86403278,34.39372511,32.67891208,34.18911743,2838900
2025-02-21,34.15988541,34.29629051,33.72143778,34.15988541,3310600
2025-02-24,34.10142827,34.267062,33.26350687,33.44863129,3926400
2025-02-25,33.77015582,35.01729253,33.50708722,34.56910324,5076700
2025-02-26,34.81268473,35.31933494,34.28654753,34.89063263,3356100
2025-02-27,34.91986123,35.67009307,34.81268473,34.89063263,4905800
2025-02-28,33.94553988,34.8419186,33.1855663,34.06245804,8288500
2025-03-05,33.61426557,33.9845107,32.79583113,33.80913162,4735600
2025-03-06,34.28654844,34.47167286,33.75066961,33.89682007,3452700
2025-03-07,33.31222111,33.60452203,32.73736834,33.24401855,5957100
2025-03-10,33.25376632,33.87733472,32.95172376,33.36094284,5519500
2025-03-11,33.23427424,33.25376122,32.45481386,32.63993454,9750500
2025-03-12,32.76660555,32.76660555,32.21123967,32.34764481,5021200
2025-03-13,32.35738644,32.48404994,31.66561542,32.34764481,3149100
2025-03-14,32.63993493,32.89325817,32.2014873,32.61070633,6791700
2025-03-17,32.89326175,32.97120965,31.84099104,32.83480453,2679500
2025-03-18,32.70814558,34.07220438,32.58148207,33.77990341,5600100
2025-03-19,34.10143169,34.76397409,33.62401002,34.09169006,3059300
2025-03-20,33.97476535,34.1696314,33.49734743,33.80913162,2715800
2025-03-21,33.92604576,33.92604576,33.44862789,33.51683044,3603900
2025-03-24,33.04915534,33.28299535,32.45481926,32.71788788,3311400
2025-03-25,32.94291793,33.29514457,32.48306979,33.01140976,2215000
2025-03-26,33.16795327,33.16795327,32.13084193,32.3950119,3550500
2025-03-27,32.67874889,32.68853131,32.17975994,32.40479279,2170400
2025-03-28,32.21890101,32.94291916,31.88624291,32.6787529,2052500
2025-03-31,32.57112448,33.04075874,32.35587405,32.64939499,1926400
2025-04-01,32.78636898,33.39298312,32.45371094,33.13859558,2219500
2025-04-02,33.25601118,33.6767222,32.94291793,33.01140976,2969200
2025-04-03,32.90378532,34.19528057,32.66896631,33.75499725,2379500
2025-04-04,33.15816434,33.81369802,32.70809867,33.41255188,3061700
2025-04-07,33.27557282,33.53974278,32.29716722,32.75701904,3507500
2025-04-08,32.58090607,33.40276693,32.57112365,33.07989502,3826000
2025-04-09,33.04076227,33.86262324,32.80594325,33.50061417,3984500
2025-04-10,33.16795564,33.62780379,32.82551139,33.12881851,2221500
2025-04-11,33.46147691,34.12679311,32.77659215,33.95067978,2769800
2025-04-14,34.23441938,35.18347044,33.98003179,35.01714325,3693700
2025-04-15,35.02692222,35.75094406,34.80188937,35.38893127,3530400
2025-04-16,34.98778537,35.40850011,34.84102676,35.21282196,5189600
2025-04-17,35.21282391,36.09338683,35.17368679,35.8487854,3375400
2025-04-22,35.40850378,36.5630229,35.40850378,36.16187668,2968100
2025-04-23,36.47496092,36.71956233,35.99554425,36.17165756,3625800
2025-04-24,36.33798473,36.37712185,35.88791903,36.17165756,4418900
2025-04-25,36.23036122,36.74891877,36.01511451,36.70978165,2271800
2025-04-28,36.94459661,36.98373373,36.16187281,36.38690567,3956000
2025-04-29,36.39669349,36.77827112,36.3379878,36.42604446,2588400
2025-04-30,36.37712384,37.00330289,36.24014764,36.807621,5453100
2025-05-02,36.39668866,36.69020959,35.80964307,36.58258438,3537800
2025-05-05,36.58258591,36.74891681,36.07381454,36.5728035,3274900
2025-05-06,35.80964828,36.12273781,35.046493,35.8487854,5537600
2025-05-07,35.85856862,36.4358281,35.79986294,36.36733627,2482500
2025-05-08,36.49453274,37.3848818,36.29885085,37.19898605,5651600
2025-05-09,37.33596172,38.1382541,36.68043169,37.50229263,7236400
2025-05-12,37.66861881,38.52961686,36.93481455,38.15782166,6426000
2025-05-13,38.17739461,39.63521716,37.99149885,39.5765152,5040600
2025-05-14,39.52759013,40.15376915,39.3221221,39.7624054,4544900
2025-05-15,39.77219466,39.90917087,39.2242861,39.79175949,2488200
2025-05-16,39.63521232,40.73102937,39.48845371,40.68210983,3172400
2025-05-19,40.60383186,41.51374936,40.44728712,41.18109131,3170300
2025-05-20,41.18109649,41.24958459,40.40815509,40.89735794,3091900
2025-05-21,40.84843757,40.94627664,39.8406809,40.87778854,4182900
2025-05-22,41.02455173,41.60181125,40.83865599,40.89735794,2850800
2025-05-23,40.60383911,41.93447154,40.22226146,41.58224487,3174100
2025-05-26,41.85619093,42.41388183,41.58223856,41.97360229,1717500
2025-05-27,42.31604492,43.17704295,42.13014919,42.65848541,5373600
2025-05-28,42.65848462,43.08898549,42.36496367,42.41388321,3818400
2025-05-29,42.32582866,42.62913577,41.69964962,41.87576294,4060400
2025-05-30,41.87576339,42.58021669,41.29850388,41.29850388,13612500
2025-06-02,41.29849795,41.65072455,40.76037563,41.11260223,2845000
2025-06-03,40.94627501,41.14195689,40.24182548,40.61361694,3296100
2025-06-04,40.59405276,41.26915133,40.55491564,40.80929947,2217800
2025-06-05,40.68211024,40.84843742,39.65478129,39.87981415,3224300
2025-06-06,40.05592895,40.16355417,39.52759269,40.09506607,3227100
2025-06-09,40.17333705,40.37880134,39.57650901,40.0167923,1929600
2025-06-10,40.51578153,40.52556395,39.938522,40.06571579,2471400
2025-06-11,40.06571328,40.11463282,39.6352124,40.0070076,3385700
2025-06-12,39.86024732,40.67232206,39.52758925,40.41793823,2582300
2025-06-13,40.01679045,40.54512663,39.97765333,40.15376663,3738900
2025-06-16,40.83865193,40.84843434,39.9972225,40.57448196,1977500
2025-06-17,40.84843673,41.25936532,40.53534722,40.85821915,2813700
2025-06-18,40.8092979,41.70943302,40.75059595,41.49418259,2160800
2025-06-20,41.0930385,41.2300147,39.52759091,40.0070076,5904100
2025-06-23,40.30052513,40.86800217,39.93851611,40.82886505,2278500
2025-06-24,41.0154355,41.90899642,40.89760432,41.16272354,2686500
2025-06-25,40.86814134,41.23146005,40.07277623,40.59320068,2905100
2025-06-26,40.99579969,41.18236605,40.38700084,41.10381317,2401000
2025-06-27,40.68157655,40.92706035,40.20042664,40.76995087,2305600
2025-06-30,40.65212171,41.70279215,40.65212171,41.44748688,1838200
2025-07-01,41.44748537,42.00718816,41.14308785,41.71260834,2101300
2025-07-02,41.71260761,41.96791286,40.88778187,41.04489136,2163700
2025-07-03,41.15290698,42.23303427,41.0448935,42.02682877,1568000
2025-07-04,41.95809371,42.51779652,41.85008023,42.33123016,1079500
2025-07-07,42.33123233,42.43924581,40.22006989,40.22006989,3704200
2025-07-08,40.5539219,41.06452864,40.2495244,40.97615433,3538000
2025-07-09,41.24128309,41.88936024,41.04489527,41.34929657,2797800
2025-07-10,41.30020001,41.34929603,40.19061208,40.84850693,2409400
2025-07-11,40.96634138,41.01543739,40.24952907,40.3477211,2369800
2025-07-14,40.16115292,40.8485046,39.86656935,40.72085571,2828200
2025-07-15,40.96633761,41.92863365,40.82886728,41.6733284,4035300
2025-07-16,41.97773076,42.08574423,41.19218333,41.65369034,2716300
2025-07-17,41.67332685,41.85007547,40.71103084,41.49657822,5137600
2025-07-18,41.23146317,41.80098368,40.72085639,40.94670105,3593800
2025-07-21,40.99579926,41.99737373,40.99579926,41.34929657,2808400
2025-07-22,41.88935633,42.63562545,40.88778196,40.90742111,3646400
2025-07-23,40.90742497,42.69454694,40.8485075,42.0955658,6175300
2025-07-24,41.67333083,42.71418354,41.53586049,42.24285507,3301800
2025-07-25,42.26249532,42.84183729,42.22321701,42.22321701,2517700
2025-07-28,42.32140946,42.6061716,41.63405776,41.97773361,3099500
2025-07-29,41.95808939,42.59634875,41.90899339,42.27230835,2191500
2025-07-30,42.03664965,43.48991338,41.86971871,42.9891243,3434700
2025-07-31,42.98912416,43.12659449,42.42942136,42.82219696,2865400
2025-08-01,43.19533628,43.39172035,42.33123215,43.00876617,2407200
2025-08-04,43.31316583,43.68630229,42.79274133,42.96948624,1518100
2025-08-05,43.06768199,43.25424834,42.67490638,43.1069603,1053900
2025-08-06,43.23460714,43.73539621,43.13641512,43.31316376,1748100
2025-08-07,43.09713748,44.49148748,42.00718875,42.07592392,3725800
2025-08-08,42.41960184,42.55707217,41.84025992,42.17411804,2847000
2025-08-11,42.28213677,42.9596708,41.69297332,42.04647064,2415400
2025-08-12,42.32140827,42.8123759,42.05628905,42.13484192,3186300
2025-08-13,42.2232152,42.24285435,41.33947199,41.57513809,3859900
2025-08-14,41.38856787,42.03664491,40.03349632,40.55392075,6837500
2025-08-15,40.65212255,41.39839172,40.3182644,41.39839172,2806600
2025-08-18,41.44748555,41.6635125,40.95651793,41.43766785,2056600
2025-08-19,41.24128295,41.28056126,40.58338809,40.74049759,3577600
2025-08-20,40.93688299,41.22164513,40.36736244,40.75031662,3202200
2025-08-21,40.23970709,40.79940989,40.20042878,40.2888031,2740300
2025-08-22,40.51464465,41.80098111,40.33789976,41.53585815,3462000
2025-08-25,41.67333121,42.22321631,41.55550003,41.55550003,2677700
2025-08-26,41.51622367,41.85008182,40.17097334,40.60302353,8427000
2025-08-27,40.76995459,41.34929657,40.58338823,41.34929657,1452000
2025-08-28,41.85007742,42.22321385,41.43766644,41.56531906,2437300
2025-08-29,41.89917487,42.79273953,41.65369106,42.32140732,4523000
2025-09-01,42.3017714,42.32140681,41.51622022,41.82062149,1140800
2025-09-02,40.91724424,41.81080901,40.87796968,41.38857651,858500
2025-09-03,41.29037484,41.52604094,40.73067207,41.15290451,2156200
2025-09-04,41.26092191,41.74206811,40.91724231,41.45730972,1870000
2025-09-05,41.88935962,42.55707593,41.71261097,42.3115921,1869100
2025-09-08,42.04646727,42.70436584,42.04646727,42.24285507,2190500
2025-09-09,42.04646832,42.43924393,41.15290737,41.33947372,2324000
2025-09-10,41.33947095,42.31158846,41.33947095,42.0366478,2215400
2025-09-11,42.31159096,42.39014384,41.35911255,41.44748688,2236600
2025-09-12,40.84850644,42.11520386,40.84850644,42.11520386,3263800
2025-09-15,41.93845266,42.94002705,41.88935665,42.84183502,2371500
2025-09-16,43.106961,44.37365469,42.74364225,43.63720322,4663000
2025-09-17,43.64702864,44.57004656,43.55865431,44.24600983,3594900
2025-09-18,44.33437852,44.56022318,43.97105978,44.48166656,1452900
2025-09-19,44.57986064,45.21811629,44.26564167,45.15920258,3692700
2025-09-22,44.78607144,45.29667827,44.46203098,44.89408493,2352000
2025-09-23,44.8646241,45.1690254,44.39329559,44.4227562,2227900
2025-09-24,44.33408293,45.52617625,44.13704181,45.33898926,2281200
2025-09-25,45.21091367,45.41780516,44.45230777,44.74786758,2284400
2025-09-26,45.21090566,45.21090566,44.19614911,44.32422638,1714300
2025-09-29,45.1813591,45.65425555,44.98431797,45.17150497,1753900
2025-09-30,45.77247234,45.89069926,44.84638405,45.25031662,2163100
2025-10-01,45.32913474,45.40795269,43.74296294,44.15674591,2370300
2025-10-02,43.87103535,44.2257086,42.70849692,43.22080231,1451200
2025-10-03,43.21094896,44.47200599,43.10257617,44.01881409,2794500
2025-10-06,44.30452506,44.30452506,43.24050533,43.47695541,1739300
2025-10-07,43.26021256,43.36858536,42.69864781,42.77746201,2348200
2025-10-08,42.77746018,42.95479681,42.35382687,42.8956871,2191200
2025-10-09,42.89569067,43.02376421,41.84152496,41.94989777,3336700
2025-10-10,42.08782135,42.41293599,41.91048473,42.2848587,2455800
2025-10-13,42.41293788,42.72820216,42.06811874,42.16663742,1538100
2025-10-14,42.18634012,42.18634012,41.60507092,41.99915314,2208700
2025-10-15,41.47699226,42.1173749,41.41788256,41.68388748,3665300
2025-10-16,41.26025188,41.50655232,40.95483797,41.42773438,2853900
2025-10-17,41.05335642,41.32921547,40.33415957,40.71839142,4547000
2025-10-20,41.09276457,41.26025082,40.42282707,40.72824097,5651000
2025-10-21,40.62972433,41.7331493,40.44253358,41.08291626,1828500
2025-10-22,41.30951664,41.70359891,40.80706156,40.88587952,3324100
2025-10-23,41.09276354,41.62477338,41.02379972,41.35876846,2291800
2025-10-24,41.52625677,42.13708082,41.51640265,41.71344376,1200000
2025-10-27,42.53116141,42.56072002,41.40803192,41.78240967,938100
2025-10-28,41.80211558,43.17154558,41.63462931,42.85628128,4027100
2025-10-29,43.05331861,43.15183729,42.03855822,42.57056808,2161700
2025-10-30,42.29471735,43.12228709,42.05826725,43.08287811,2250800
2025-10-31,43.29962263,44.35378832,43.11243187,43.71340561,2823600
2025-11-03,43.83163337,43.94000242,42.36368091,42.65924072,2645600
2025-11-04,42.75775894,43.22080123,42.43264055,42.80701828,1820300
2025-11-05,42.80701811,43.91044305,42.44249451,43.66414261,3076100
2025-11-06,44.33408173,45.41780223,43.3685844,44.97446442,3683800
2025-11-07,44.65919992,44.89564625,43.5853298,44.50156403,1681300
2025-11-10,44.6986078,45.76262763,44.49171631,45.41780472,2170500
2025-11-11,45.80203268,46.96456733,45.61484193,45.98921967,1976800
2025-11-12,46.08774208,46.91531179,45.95966854,46.79708862,1620700
2025-11-13,46.72812593,46.94487155,46.09759733,46.40300751,1970400
2025-11-14,46.2158183,47.59510239,46.17640933,47.42761612,1954600
2025-11-17,47.47687429,47.68376952,46.2059668,46.25522614,1706600
2025-11-18,45.68380918,46.59019684,45.43750871,46.37345123,2126800
2025-11-19,45.94981232,46.19611277,45.44736104,45.68380737,1532500
2025-11-21,46.01877657,46.09759452,42.639534,42.639534,5364300
2025-11-24,42.68879566,42.68879566,41.52625724,42.08782196,9106300
2025-11-25,42.10753007,43.00406364,42.10753007,42.65924072,2640500
2025-11-26,42.65923869,43.35873109,42.16663777,42.30456543,3107800
2025-11-27,42.26515914,42.45234613,41.06321173,41.8907814,2338700
2025-11-28,41.90063248,42.55086553,41.90063248,42.16663742,1835700
2025-12-01,42.28485761,42.77745849,41.50655108,42.67893982,2235400
2025-12-02,43.01390977,43.39813787,42.46219542,43.32917404,1740300
2025-12-03,43.70355158,43.89073857,43.22080106,43.66414261,2168900
2025-12-04,44.20600369,46.92516276,43.93999875,46.83649445,5610800
2025-12-05,46.44241145,47.19116691,44.94490429,45.23061371,6997200
2025-12-08,45.59514087,45.6641047,44.27497023,44.80698013,1990100
2025-12-09,44.74786597,44.74786597,43.44739983,44.53112411,3336200
2025-12-10,44.98431683,45.01387168,44.12719226,44.52127075,2110900
2025-12-11,44.49171362,45.18135563,43.98926235,44.78727341,1737700
2025-12-12,45.22076397,46.64930356,44.83653211,45.55573273,2037300
2025-12-15,46.25522761,46.42271012,45.62469903,45.99907303,1758900
2025-12-16,44.30822366,45.31680226,43.82370897,44.92127991,3543100
2025-12-17,43.90281083,44.97071504,43.85336771,44.41698456,3837100
2025-12-18,43.79404165,44.53564316,43.79404165,43.91269684,1824400
2025-12-19,43.62594697,44.13023815,42.64703502,42.96345139,4878100
2025-12-22,42.96345309,42.96345309,41.78677614,42.0834198,3347000
2025-12-23,42.21195924,42.66681106,41.85599366,42.29106522,1327800
2025-12-26,42.30095223,42.34050522,41.45058183,41.90543365,1337100
2025-12-29,42.02408662,42.02408662,40.90673926,41.33192444,2693700
2025-12-30,41.72744654,41.77688589,41.15393955,41.60879135,2626000
2026-01-02,41.59890108,41.87576444,39.90805052,40.52110672,3842600
2026-01-05,40.52111015,41.38136693,40.34312547,40.936409,3435400
2026-01-06,41.36159117,42.03397309,40.74853119,41.80654907,6411700
2026-01-07,41.50991031,42.16251952,41.38136499,42.09330368,2353400
2026-01-08,42.10319016,43.07221565,41.58901268,42.8744545,2925900
2026-01-09,43.01289045,44.2192302,42.74591344,43.54684448,1674100
2026-01-12,43.2600934,43.90281629,42.78546882,43.53695679,1309100
2026-01-13,43.17109822,43.33919654,41.7472246,42.26140213,2965000
2026-01-14,42.76568875,43.25020342,41.96475773,43.09199524,2513300
2026-01-15,43.41830136,43.70505488,42.55804456,43.5072937,3453400
2026-01-16,43.69515981,43.69515981,42.3405021,42.6074791,2467100
2026-01-19,42.82501956,44.00169268,42.62725839,43.10188293,1570800
2026-01-20,42.82502044,44.14012527,42.77557732,44.14012527,3659200
2026-01-21,44.49609274,46.06828817,44.17967639,44.99049377,5361800
2026-01-22,45.51455922,46.29571378,44.95094232,45.94963455,4334100
2026-01-23,45.91996605,47.06697628,45.54422398,46.18694305,3259000
2026-01-26,46.37481823,46.80000342,45.74198174,46.69123459,2537200
2026-01-27,47.36362209,47.46250079,45.50467308,45.97929764,4269000
2026-01-28,46.46380907,46.92854345,45.88041572,46.81977463,2564100
2026-01-29,46.92854258,47.3240649,44.30821951,45.33657074,7474700
2026-01-30,45.32668666,45.85075055,43.78415409,44.07090759,4457300
2026-02-02,44.13023986,44.69385676,43.95225517,44.56531143,5616300
2026-02-03,44.61475029,45.059712,42.77557776,43.11177063,7312800
2026-02-04,42.89423117,42.89423117,37.2778356,37.55469894,17659200
2026-02-05,37.78212646,38.28641764,36.43735504,37.05041504,11896900
2026-02-06,37.3272791,37.8711195,36.79332506,37.4459343,8055800
2026-02-09,37.5645932,38.97857672,37.47560086,38.36552048,5317200
2026-02-10,38.24686586,39.55208434,38.04910468,38.8994751,6411800
2026-02-11,39.50264316,39.51252952,37.87111825,38.21720123,7602200
2026-02-12,38.46440231,39.27521971,36.23959764,37.05041504,10785700
2026-02-13,36.7438845,37.81179254,36.11105178,37.60414124,9294400
2026-02-18,37.69313407,38.1479859,37.45582369,37.97000122,5744700
2026-02-19,38.01944247,38.62261237,37.81179493,38.51384354,4594300
2026-02-20,38.10843295,39.05768204,37.96011113,39.05768204,4587000
2026-02-23,38.43473377,38.76104025,37.54481421,37.90078354,6280700
2026-02-24,38.06887831,38.50394984,36.79332278,37.93044662,8165500
2026-02-25,38.06888207,38.25675312,37.01086409,37.45582581,5045600
2026-02-26,37.45582173,38.19742325,37.11962889,37.73268509,7460700
2026-02-27,37.67335809,37.95022524,37.27783952,37.41627121,7522200
2026-03-02,37.08007803,37.42615725,36.59556335,36.91198349,3515100
2026-03-03,35.84407339,36.53623556,35.2112407,36.20004272,6026400
2026-03-04,36.61533921,37.29761505,36.42746818,36.68455505,3722300
2026-03-05,36.516463,36.68455755,35.87374011,36.36814117,3342900
2026-03-06,36.20993233,37.14929509,35.43866789,35.66609192,4595000
2026-03-09,35.77485778,36.22970581,34.96404042,36.22970581,7529700
2026-03-10,36.58567663,37.37671753,35.98250676,36.71422195,3323500
2026-03-11,36.72411059,37.96011325,36.53623954,37.14929581,3189000
2026-03-12,36.31869892,36.59556228,35.44855205,35.7056427,5543300
2026-03-13,35.91329053,36.12093806,34.0543416,34.20266342,4336300
2026-03-16,34.98381717,35.08269587,34.25210201,34.72672653,2973100
2026-03-17,34.73661819,35.22112909,34.20266416,34.29165649,2977800
2026-03-18,34.07411912,34.34109614,33.29296457,33.4017334,5276800
2026-03-19,33.01610167,34.18288846,32.65024595,33.76759338,6121500
2026-03-20,33.61927253,33.84669657,33.21386381,33.57971954,5374900
2026-03-23,34.06423292,35.93306827,34.06423292,34.65751266,5301200
2026-03-24,34.50919415,34.81572039,33.95546363,34.59818649,4241100
2026-03-25,34.93437968,35.6858676,34.58829668,34.79594421,4460500
2026-03-26,34.23937034,35.1239282,34.13997948,34.41827011,1980600
2026-03-27,34.29900086,34.98478456,33.76230535,34.04059219,3873700
2026-03-30,34.32881755,34.49777632,33.57346219,33.81199646,3110900
2026-03-31,34.32881968,35.20343654,34.00083552,34.72637177,2948700
2026-04-01,34.95496475,35.62087027,34.65679975,34.69655609,2192100
2026-04-02,33.32499333,34.92515025,33.30511516,34.77606964,2301500
2026-04-06,34.95496294,34.95496294,34.44808283,34.88539124,1282900
2026-04-07,34.74624739,34.74624739,33.82193327,34.48783875,2369900
2026-04-08,36.07805634,36.94273598,35.07423328,35.36246109,6726400
2026-04-09,35.74013429,35.90909685,34.22942734,34.22942734,4761200
2026-04-10,34.29900033,34.5474718,33.09639931,33.6330986,4217600
2026-04-13,33.4740763,34.40832765,33.08646142,34.27912521,4677700
2026-04-14,34.64686138,35.34258224,34.36857456,34.58722687,3580300
2026-04-15,34.42820655,35.41215524,34.27912594,35.06429291,4819000
2026-04-16,35.2829474,35.76995313,34.24930522,34.55741119,4367300
2026-04-17,35.28294689,36.21719821,35.09410995,35.22331238,7440300
2026-04-20,35.22331396,35.62086983,34.19961272,34.65679932,5132600
2026-04-22,34.4580216,34.70649307,33.40450499,33.60328293,4920000
2026-04-23,33.44426011,33.51383182,32.0627556,32.42055511,4206000
2026-04-24,32.54976315,32.55970035,31.46642737,31.87392044,3166000
2026-04-27,31.8242267,32.02300463,30.97942331,31.1384449,3413400
2026-04-28,30.83033976,32.11245343,30.69119446,31.3968544,4541500
2026-04-29,31.18813706,31.28752602,30.54211164,31.0092392,3585700
2026-04-30,31.40679444,32.10251343,31.04899492,31.665205,8533500
2026-05-04,32.30128904,32.94731633,31.91367418,32.34104538,7942100
2026-05-05,32.34104572,33.25541886,32.34104572,32.72866058,7746900
2026-05-06,32.98707104,33.59334203,32.77835591,32.89762115,5680400
2026-05-07,32.9771328,36.0681184,32.9075611,36.00848389,9816600
2026-05-08,35.87927827,36.61475548,34.74624899,34.99472046,6548500
2026-05-11,34.54747202,34.7860063,33.00694964,33.29517746,6897300
2026-05-12,32.99701139,33.32499176,32.42055577,32.83798981,4866200
2026-05-13,32.61933443,32.61933443,31.38691616,31.47636604,13310300
2026-05-14,31.49624347,32.61933366,31.40679359,31.40679359,4451600
2026-05-15,30.81046252,31.71489853,30.36321312,30.94960594,5724700
2026-05-18,30.91979016,31.58569377,30.8899729,31.2676487,4353700
2026-05-19,31.04899534,31.34716225,30.10480487,30.45266342,10043300
2026-05-20,30.56198983,31.90373421,30.4327855,31.90373421,7083300
2026-05-21,31.50618206,32.2814118,31.02911541,32.07269669,6676600
2026-05-22,31.71489843,32.59945626,31.29746628,31.29746628,8096700
2026-05-25,31.49624474,31.82422701,31.20801692,31.70495987,4559300
2026-05-26,31.03905561,31.56581581,30.73095152,31.28752708,4798500
2026-05-27,31.49624367,31.64532617,30.37315158,30.88997269,9816800
2026-05-28,31.29746523,31.7645909,30.56198993,31.55587578,8133400
2026-05-29,31.61550905,33.55358537,31.208016,32.86780548,106773500
2026-06-01,33.2454831,34.38844957,32.8678054,34.2890625,10534700
2026-06-02,34.21948984,34.4679613,33.79211862,34.19961166,5922400
2026-06-03,33.86168953,34.88539071,32.83798835,33.41444016,8428300
2026-06-05,33.41444227,34.23936937,32.80817127,32.89762115,5826300
2026-06-08,32.61933411,33.47407657,32.14226935,32.16214752,5188900
2026-06-09,32.40067855,32.5100066,30.60174751,30.60174751,7149800
2026-06-10,30.60174751,30.70113458,28.26611529,28.45495224,9233000
2026-06-11,28.27605408,30.49241914,27.83874376,29.85633278,10870100
2026-06-12,29.31963285,30.13461895,29.15067218,29.61779785,5094400
2026-06-15,30.31351871,30.6911945,29.23018297,29.26000023,5062700
2026-06-16,29.10000038,29.45000076,28.44000053,28.62000084,3898100
2026-06-17,29.0,29.04000092,27.93000031,27.93000031,5715100
2026-06-18,28.22999954,28.47999954,27.0,27.13999939,6421800
2026-06-19,27.01000023,27.45000076,26.87999916,27.10000038,3145800
2026-06-22,27.20999908,27.82999992,26.85000038,27.25,4359800
2026-06-23,26.94000053,27.87999916,26.79999924,27.54999924,3258100
2026-06-24,27.14999962,28.03000069,27.14999962,27.40999985,4142900
2026-06-25,27.51000023,28.0,27.15999985,27.15999985,2349800
2026-06-26,27.11000061,28.79999924,27.01000023,28.69000053,5000400
2026-06-29,28.69000053,28.93000031,28.29000092,28.5,2686600
2026-06-30,28.31999969,28.89999962,27.68000031,28.70000076,4664500
2026-07-01,28.5,29.10000038,28.26000023,28.97999954,3498300
2026-07-02,28.96999931,29.69000053,28.95000076,29.54000092,3615400
2026-07-03,29.75,30.17000008,29.20999908,30.0,2060300
2026-07-06,29.57999992,29.84000015,28.45000076,28.51000023,3901100
2026-07-07,28.55999947,29.21999931,28.5,28.67000008,4171300
2026-07-08,28.62000084,29.07999992,28.20999908,28.94000053,3512400
2026-07-09,29.0,29.69000053,28.76000023,29.59000015,2652300
2026-07-10,29.98999977,30.48999977,29.70000076,29.90999985,4573200
2026-07-13,29.90999985,29.97999954,29.21999931,29.21999931,3105500
2026-07-14,29.28000069,29.44000053,28.45000076,28.71999931,3630400
2026-07-15,28.65999985,30.0,28.54000092,29.92000008,6128200
2026-07-16,29.70000076,30.14999962,29.42000008,29.89999962,2610400
2026-07-17,29.75,29.75,29.12999916,29.19000053,2812300
2026-07-20,29.20999908,29.40999985,28.72999954,28.82999992,2772500
2026-07-21,28.76000023,28.77000046,28.05999947,28.56999969,3840500
2026-07-22,28.87999916,29.03000069,28.19000053,28.88999939,3356600
2026-07-23,28.71999931,29.06999969,26.89999962,27.04999924,6233300
2026-07-24,26.97999954,27.92000008,26.76000023,27.46999931,6208600
2026-07-27,27.57999992,29.53000069,27.52000046,29.37999916,6549500
2026-07-28,29.96999931,30.13999939,29.27000046,29.69000053,4201900
2026-07-29,29.61000061,30.35000038,29.29999924,29.44000053,4182100
2026-07-30,29.70999908,31.30999947,29.29000092,31.12999916,5990800
2026-07-31,31.25,31.48999977,30.77000046,31.05999947,2406600
2026-08-03,31.06999969,31.76000023,30.86000061,31.73999977,3744700
2026-08-04,32.00999832,32.43999863,31.48999977,31.79000092,3355800
2026-08-05,32.06000137,32.88000107,31.69000053,32.50999832,4057500
2026-08-06,31.60000038,32.50999832,31.43000031,32.20999908,8852800
2026-08-07,32.20999908,32.84999847,31.20000076,32.20999908,5383100
2026-08-10,32.20999908,32.45000076,31.80999947,31.84000015,4244700
2026-08-11,31.60000038,32.06000137,30.27000046,30.59000015,4232600
2026-08-12,30.55999947,30.84000015,29.30999947,29.31999969,4615400
2026-08-13,29.10000038,29.93000031,29.07999992,29.53000069,2363500
2026-08-14,29.34000015,30.20000076,28.90999985,30.20000076,4747600
2026-08-17,30.06999969,30.72999954,30.03000069,30.56999969,4017200
2026-08-18,30.20000076,31.37999916,30.18000031,31.18000031,3232100
2026-08-19,31.59000015,32.18000031,31.38999939,32.04999924,2901700
2026-08-20,31.72999954,32.38000107,30.62999916,31.29000092,3646100
2026-08-21,31.37000084,32.52999878,31.29000092,32.18000031,3368300
2026-08-24,31.59000015,32.20000076,31.38999939,31.92000008,2098200
2026-08-25,31.70000076,32.84999847,31.70000076,32.75,2251400
2026-08-26,32.84000015,33.18999863,32.54000092,32.59999847,3048600
2026-08-27,32.5,34.97000122,32.38999939,34.68999863,6894700
2026-08-28,34.95000076,35.18000031,33.86999893,34.40999985,2677600
2026-08-31,34.61999893,35.79000092,34.56000137,35.45000076,4650900
2026-09-01,35.5,35.68000031,34.99000168,34.99000168,6271200
2026-09-02,35.34000015,35.88999939,34.61000061,34.74000168,9700300
2026-09-03,35.5,35.52000046,34.63000107,34.81999969,4820800
2026-09-04,34.50999832,34.93000031,34.15000153,34.5,3188900
2026-09-08,34.99000168,35.0,33.91999817,34.29000092,3756400
2026-09-09,33.81999969,34.15999985,33.16999817,33.16999817,4614500
2026-09-10,32.97000122,33.52999878,32.52999878,33.08000183,2181800
