date,open,high,low,close,volume
2000-01-03,1.25232995,1.26753682,1.25232995,1.25232995,585600
2000-01-04,1.2404029,1.24308644,1.22251248,1.22251248,782400
2000-01-05,1.20760402,1.22251248,1.20760402,1.22251248,1876800
2000-01-06,1.22251248,1.25233009,1.22251248,1.22251248,792000
2000-01-07,1.23742204,1.27350096,1.23742204,1.26723933,5347200
2000-01-10,1.3417824,1.37159967,1.3417824,1.37159967,2980800
2000-01-11,1.37159985,1.3805451,1.3626546,1.37458146,326400
2000-01-12,1.37756334,1.40141705,1.37458139,1.38799918,5068800
2000-01-13,1.43421614,1.43421614,1.43421614,1.43421614,120000
2000-01-14,1.43749617,1.46105182,1.43749617,1.46105182,3484800
2000-01-17,1.46105131,1.49086857,1.46105131,1.49086857,230400
2000-01-18,1.47596077,1.47596077,1.44017993,1.44614315,3724800
2000-01-19,1.4461428,1.4494229,1.43123434,1.44017959,1872000
2000-01-20,1.43123436,1.43123436,1.43123436,1.43123436,748800
2000-01-21,1.43123463,1.43123463,1.40141702,1.40141702,144000
2000-01-24,1.40141675,1.44614282,1.40141675,1.43123436,705600
2000-01-25,1.43123436,1.43123436,1.43123436,1.43123436,0
2000-01-26,1.41930735,1.41930735,1.41930735,1.41930735,196800
2000-01-27,1.44614282,1.44614282,1.43123436,1.43123436,686400
2000-01-28,1.43123436,1.43123436,1.43123436,1.43123436,211200
2000-01-31,1.43123436,1.43123436,1.43123436,1.43123436,0
2000-02-01,1.40141702,1.40141702,1.40141702,1.40141702,148800
2000-02-02,1.41334395,1.41334395,1.34178221,1.34178221,739200
2000-02-03,1.32687341,1.37159948,1.32687341,1.34178221,4382400
2000-02-04,1.34178238,1.39247167,1.34178238,1.39247167,345600
2000-02-07,1.40141694,1.46105182,1.40141694,1.46105182,81600
2000-02-08,1.46105163,1.54603124,1.46105163,1.54603124,1036800
2000-02-09,1.52366844,1.56243079,1.52068675,1.52068675,6081600
2000-02-10,1.52068651,1.52068651,1.43123436,1.43123436,3969600
2000-02-11,1.43123412,1.43123412,1.35639238,1.35639238,43200
2000-02-14,1.35669072,1.35669072,1.33880031,1.33880031,278400
2000-02-15,1.33880045,1.37159967,1.28214751,1.37159967,158400
2000-02-16,1.37159967,1.37159967,1.37159967,1.37159967,470400
2000-02-17,1.34178221,1.34178221,1.34178221,1.34178221,9600
2000-02-18,1.34178221,1.34178221,1.34178221,1.34178221,28800
2000-02-21,1.34178221,1.34178221,1.3414838,1.34178221,52800
2000-02-22,1.31196487,1.31196487,1.31196487,1.31196487,422400
2000-02-23,1.37159948,1.37159948,1.3119646,1.34178221,792000
2000-02-24,1.34178223,1.34178223,1.32687342,1.32687342,340800
2000-02-25,1.31196487,1.31196487,1.31196487,1.31196487,38400
2000-02-28,1.29705633,1.29705633,1.28214753,1.28214753,81600
2000-02-29,1.27916551,1.27916551,1.21654904,1.21654904,465600
2000-03-01,1.21654927,1.22251248,1.20730561,1.22251248,244800
2000-03-02,1.19269521,1.19269521,1.19209874,1.19209874,624000
2000-03-03,1.19269556,1.19269556,1.17748868,1.17748868,571200
2000-03-06,1.17748868,1.17748868,1.17748868,1.17748868,0
2000-03-07,1.17748868,1.17748868,1.17748868,1.17748868,0
2000-03-08,1.18613555,1.18613555,1.17748837,1.18404806,158400
2000-03-09,1.16287832,1.17778679,1.15989637,1.15989637,336000
2000-03-10,1.16287795,1.16287795,1.13306034,1.13306034,211200
2000-03-13,1.13306034,1.13306034,1.13306034,1.13306034,0
2000-03-14,1.12113382,1.12113382,1.07342613,1.07342613,475200
2000-03-15,1.07342613,1.07342613,1.07342613,1.07342613,216000
2000-03-16,1.07342628,1.0913167,1.07342628,1.0913167,13742400
2000-03-17,1.10324329,1.10324329,1.08207285,1.08207285,6254400
2000-03-20,1.08237097,1.08237097,0.98397358,1.01379085,1041600
2000-03-21,1.0286997,1.04539716,1.0286997,1.04539716,81600
2000-03-22,1.05583392,1.09131669,1.05583392,1.06448102,2020800
2000-03-23,1.05404466,1.09429812,1.05255364,1.08833456,681600
2000-03-24,1.10324328,1.14796937,1.09429803,1.14796937,1377600
2000-03-27,1.162878,1.17778647,1.1479692,1.17778647,1262400
2000-03-28,1.16287838,1.19239759,1.11815228,1.14200592,1233600
2000-03-29,1.16287807,1.16585968,1.11815199,1.1634742,772800
2000-03-30,1.16586007,1.17778694,1.16228199,1.16228199,28800
2000-03-31,1.14796953,1.19269562,1.14200588,1.19269562,1003200
2000-04-03,1.18673157,1.22251248,1.17778641,1.22251248,585600
2000-04-04,1.19269543,1.20760424,1.13306054,1.16287816,1036800
2000-04-05,1.18971352,1.21953079,1.18971352,1.20760393,566400
2000-04-06,1.22251248,1.22549443,1.19269521,1.22251248,3528000
2000-04-07,1.22251239,1.22251239,1.20760393,1.20760393,115200
2000-04-10,1.19865857,1.20193825,1.19180048,1.19180048,1420800
2000-04-11,1.16287838,1.19269566,1.16287838,1.19150305,1800000
2000-04-12,1.19150305,1.19150305,1.19150305,1.19150305,0
2000-04-13,1.16287816,1.16287816,1.16287816,1.16287816,96000
2000-04-14,1.13306075,1.13306075,1.10026186,1.10324347,1497600
2000-04-17,1.10324341,1.10324341,1.05851732,1.07342613,1396800
2000-04-18,1.04390692,1.08803653,1.04390692,1.07342613,638400
2000-04-19,1.0764076,1.08237125,1.04659033,1.04659033,936000
2000-04-20,1.10324324,1.10324324,1.09131639,1.09877062,777600
2000-04-21,1.09877062,1.09877062,1.09877062,1.09877062,0
2000-04-24,1.09131651,1.09131651,1.04360847,1.08833456,6235200
2000-04-25,1.13276196,1.13276196,1.13276196,1.13276196,91200
2000-04-26,1.13306044,1.18971372,1.13306044,1.18971372,2188800
2000-04-27,1.17480501,1.17778662,1.15661652,1.15691459,1521600
2000-04-28,1.17778681,1.20760443,1.17778681,1.19269562,9720000
2000-05-01,1.19269562,1.19269562,1.19269562,1.19269562,0
2000-05-02,1.1777866,1.19597542,1.1777866,1.19597542,81600
2000-05-03,1.19269522,1.20760402,1.18374997,1.18673158,2064000
2000-05-04,1.18673163,1.18673163,1.17778647,1.17778647,1828800
2000-05-05,1.17778681,1.19269562,1.17778681,1.19269562,1752000
2000-05-08,1.19269528,1.19269528,1.17778647,1.17778647,787200
2000-05-09,1.16287816,1.16287816,1.16287816,1.16287816,120000
2000-05-10,1.19269562,1.19269562,1.16257993,1.19269562,8472000
2000-05-11,1.16287815,1.16287815,1.15691459,1.15691459,758400
2000-05-12,1.14796956,1.15989643,1.14200592,1.14200592,1238400
2000-05-15,1.14796951,1.15989637,1.14200587,1.15989637,2126400
2000-05-16,1.17778652,1.18971372,1.17480491,1.18971372,369600
2000-05-17,1.1628782,1.21297145,1.1628782,1.21297145,1334400
2000-05-18,1.21297141,1.23742151,1.21297141,1.23742151,96000
2000-05-19,1.20760476,1.26723933,1.19269594,1.26723933,432000
2000-05-22,1.23742151,1.23742151,1.1929935,1.23742151,566400
2000-05-23,1.22251255,1.22251255,1.17778647,1.17778647,278400
2000-05-24,1.16287816,1.16884137,1.13306054,1.16287816,2385600
2000-05-25,1.19269543,1.1929935,1.16287816,1.16287816,2332800
2000-05-26,1.16287813,1.18375015,1.16287813,1.18375015,8054400
2000-05-29,1.19269528,1.19329175,1.17778647,1.17778647,187200
2000-05-30,1.2225127,1.23742151,1.2225127,1.23742151,460800
2000-05-31,1.22251281,1.24696326,1.22251281,1.24696326,1560000
2000-06-01,1.22251239,1.26723846,1.22251239,1.25531161,177600
2000-06-02,1.25531155,1.25531155,1.25203154,1.25232995,600000
2000-06-05,1.25233025,1.28214753,1.23742145,1.28214753,3244800
2000-06-06,1.28214753,1.28214753,1.28214753,1.28214753,0
2000-06-07,1.25203181,1.27022064,1.22251261,1.27022064,3278400
2000-06-08,1.28214753,1.28244559,1.26723872,1.28214753,787200
2000-06-09,1.26753719,1.31196487,1.26723879,1.31196487,57600
2000-06-12,1.2702207,1.2702207,1.22251267,1.22549462,6124800
2000-06-13,1.2225129,1.2225129,1.19269562,1.19269562,518400
2000-06-14,1.22251248,1.22251248,1.22251248,1.22251248,288000
2000-06-15,1.21058554,1.21356715,1.20760393,1.20760393,4084800
2000-06-16,1.20760413,1.25233021,1.20760413,1.24338496,4128000
2000-06-19,1.25233058,1.29705667,1.25233058,1.29705667,1435200
2000-06-20,1.32687368,1.32687368,1.28214759,1.31196487,211200
2000-06-21,1.3119646,1.34178221,1.3119646,1.34178221,1382400
2000-06-22,1.34178221,1.34178221,1.34178221,1.34178221,0
2000-06-23,1.3414838,1.34774543,1.3414838,1.34178221,2438400
2000-06-26,1.34476382,1.34774543,1.34178221,1.34178221,547200
2000-06-27,1.35669068,1.35669068,1.34178221,1.34178221,273600
2000-06-28,1.3417824,1.37159967,1.3417824,1.37159967,528000
2000-06-29,1.34178199,1.37159925,1.34178199,1.35639238,1401600
2000-06-30,1.37160012,1.37160012,1.34148443,1.34148443,724800
2000-07-03,1.3414838,1.37159948,1.32687341,1.34178221,528000
2000-07-04,1.3417824,1.37159967,1.3417824,1.37159967,1670400
2000-07-05,1.35669087,1.37189774,1.35669087,1.37159967,628800
2000-07-06,1.40141702,1.41036218,1.38650855,1.40141702,2712000
2000-07-07,1.40141723,1.40171564,1.40141723,1.40171564,33600
2000-07-10,1.4014169,1.40857307,1.4014169,1.40738046,883200
2000-07-11,1.37159939,1.37159939,1.35370898,1.35370898,168000
2000-07-12,1.35370916,1.35669076,1.35072755,1.35669076,24201600
2000-07-13,1.35370918,1.35370918,1.33581877,1.33581877,379200
2000-07-14,1.31494665,1.31494665,1.27320218,1.27320218,19200
2000-07-17,1.29705637,1.44584502,1.29705637,1.41722035,302400
2000-07-18,1.43123456,1.43123456,1.37159967,1.37159967,604800
2000-07-19,1.37159967,1.37159967,1.37159967,1.37159967,0
2000-07-20,1.37159948,1.37159948,1.34178221,1.34178221,254400
2000-07-21,1.34178241,1.36265443,1.34178241,1.3611635,1099200
2000-07-24,1.37159978,1.38650858,1.37159978,1.38650858,638400
2000-07-25,1.38650812,1.40111852,1.38650812,1.40111852,9600
2000-07-26,1.40141702,1.40141702,1.38650855,1.40141702,633600
2000-07-27,1.40141705,1.40141705,1.38650858,1.38650858,139200
2000-07-28,1.3715995,1.3715995,1.32687342,1.32687342,604800
2000-07-31,1.32687342,1.32687342,1.31196462,1.32687342,643200
2000-08-01,1.34178223,1.34178223,1.3253824,1.32687342,336000
2000-08-02,1.32687342,1.32687342,1.32687342,1.32687342,105600
2000-08-03,1.32687342,1.32687342,1.32687342,1.32687342,369600
2000-08-04,1.33581898,1.37159982,1.33581898,1.36265457,2774400
2000-08-07,1.37159975,1.39545381,1.37159975,1.39545381,1488000
2000-08-08,1.40141692,1.40141692,1.38650846,1.39247167,460800
2000-08-09,1.38650796,1.38650796,1.36563551,1.36563551,2020800
2000-08-10,1.36623226,1.36623226,1.35937417,1.35937417,988800
2000-08-11,1.40141702,1.40141702,1.40111895,1.40141702,268800
2000-08-14,1.41632571,1.42228927,1.4014169,1.40738046,753600
2000-08-15,1.41632572,1.43123453,1.41036208,1.42825258,273600
2000-08-16,1.41662399,1.41930754,1.41632593,1.41632593,326400
2000-08-17,1.40141707,1.44614315,1.40141707,1.44614315,67200
2000-08-18,1.4461432,1.4461432,1.41036228,1.41632593,816000
2000-08-21,1.40141712,1.41930754,1.40141712,1.41632593,57600
2000-08-22,1.43719773,1.43719773,1.40171531,1.40738046,412800
2000-08-23,1.41304573,1.41930735,1.41304573,1.41930735,115200
2000-08-24,1.41930747,1.43063819,1.41930747,1.43063819,648000
2000-08-25,1.43063815,1.44017988,1.42527107,1.43093622,4656000
2000-08-28,1.42527097,1.42825258,1.4148347,1.42825258,854400
2000-08-29,1.4282526,1.43123455,1.41930735,1.41930735,739200
2000-08-30,1.43123464,1.43123464,1.39545381,1.39545381,1334400
2000-08-31,1.4222892,1.4222892,1.37159956,1.37756312,2227200
2000-09-01,1.38650828,1.38650828,1.34178221,1.35907614,2371200
2000-09-04,1.3626544,1.3805449,1.3626544,1.3805449,499200
2000-09-05,1.38054499,1.40141702,1.38054499,1.40141702,249600
2000-09-06,1.40141693,1.46105181,1.40141693,1.45508826,782400
2000-09-07,1.45508826,1.45508826,1.45508826,1.45508826,0
2000-09-08,1.4461431,1.4461431,1.39813734,1.40141702,1027200
2000-09-11,1.38650844,1.41066056,1.38650844,1.40738046,657600
2000-09-12,1.41930744,1.42527109,1.39545381,1.39545381,662400
2000-09-13,1.39545383,1.39545383,1.37159978,1.38650858,417600
2000-09-14,1.38650863,1.38650863,1.36265457,1.36265457,100800
2000-09-15,1.36265423,1.36265423,1.3119646,1.34178221,801600
2000-09-18,1.31196476,1.31196476,1.28065647,1.30600154,369600
2000-09-19,1.30003794,1.30898319,1.27618388,1.28214753,619200
2000-09-20,1.28214721,1.28214721,1.25232995,1.25232995,81600
2000-09-21,1.28184953,1.28184953,1.23742151,1.23742151,624000
2000-09-22,1.23742151,1.23742151,1.22877433,1.23742151,1756800
2000-09-25,1.27767487,1.27767487,1.24636667,1.27022064,432000
2000-09-26,1.27022128,1.2761845,1.26634479,1.26723933,859200
2000-09-27,1.27618393,1.27618393,1.24636674,1.24636674,124800
2000-09-28,1.24636639,1.25232995,1.24636639,1.25232995,177600
2000-09-29,1.25262837,1.27618394,1.25262837,1.2538209,196800
2000-10-02,1.24040275,1.25232995,1.22251234,1.25232995,585600
2000-10-03,1.25232995,1.25232995,1.25232995,1.25232995,350400
2000-10-04,1.25233025,1.28214753,1.2463667,1.28214753,1684800
2000-10-05,1.28214753,1.28214753,1.28214753,1.28214753,0
2000-10-06,1.28214753,1.28214753,1.25233025,1.28214753,676800
2000-10-09,1.28214753,1.28214753,1.28214753,1.28214753,4800
2000-10-10,1.28214753,1.28214753,1.28214753,1.28214753,0
2000-10-11,1.28184935,1.28214742,1.22400355,1.22400355,100800
2000-10-12,1.22400355,1.22400355,1.22400355,1.22400355,0
2000-10-13,1.22251234,1.25232995,1.22251234,1.25232995,163200
2000-10-16,1.25233032,1.25233032,1.23742151,1.23742151,19200
2000-10-17,1.23742129,1.23742129,1.22251248,1.22251248,67200
2000-10-18,1.20760443,1.20760443,1.17778681,1.19269562,235200
2000-10-19,1.24040255,1.24040255,1.19269488,1.20164013,1416000
2000-10-20,1.19239706,1.21654918,1.19239706,1.20760393,9480000
2000-10-23,1.20760408,1.20760408,1.17778647,1.17778647,1185600
2000-10-24,1.17778647,1.17778647,1.17778647,1.17778647,0
2000-10-25,1.17748856,1.17778662,1.16287816,1.16287816,72000
2000-10-26,1.16287816,1.16287816,1.16287816,1.16287816,336000
2000-10-27,1.22251323,1.26723933,1.22251323,1.26723933,7344000
2000-10-30,1.26723888,1.30689621,1.26723888,1.30689621,1742400
2000-10-31,1.28214759,1.34178249,1.28214759,1.31196487,859200
2000-11-01,1.31196454,1.31196454,1.25233,1.25531161,19200
2000-11-02,1.25531161,1.25531161,1.25531161,1.25531161,0
2000-11-03,1.25531193,1.25531193,1.22281111,1.23742151,76800
2000-11-06,1.2523302,1.28214747,1.2523302,1.27916586,268800
2000-11-07,1.27916592,1.3119648,1.27916592,1.28214753,571200
2000-11-08,1.28214753,1.28214753,1.28214753,1.28214753,408000
2000-11-09,1.28214721,1.28214721,1.25232995,1.25232995,508800
2000-11-10,1.2523303,1.2818495,1.2523303,1.2818495,3206400
2000-11-13,1.28214757,1.28214757,1.22251268,1.24636674,412800
2000-11-14,1.24636674,1.24636674,1.24636674,1.24636674,0
2000-11-15,1.24636674,1.24636674,1.24636674,1.24636674,0
2000-11-16,1.25233,1.25233,1.20760393,1.20760393,1219200
2000-11-17,1.20909483,1.20909483,1.19269543,1.19567704,1046400
2000-11-20,1.21356765,1.21356765,1.19269562,1.19269562,364800
2000-11-21,1.20760434,1.21356756,1.20760434,1.21058595,307200
2000-11-22,1.20760393,1.20760393,1.20760393,1.20760393,168000
2000-11-23,1.20760443,1.20760443,1.19269562,1.19269562,249600
2000-11-24,1.19269528,1.19269528,1.17778647,1.17778647,62400
2000-11-27,1.19269543,1.19269543,1.16287816,1.16287816,172800
2000-11-28,1.1628782,1.1628782,1.12709737,1.12709737,1022400
2000-11-29,1.13306037,1.13306037,1.11785349,1.1181519,1396800
2000-11-30,1.11964287,1.11964287,1.10324347,1.10324347,302400
2000-12-01,1.10324326,1.16287816,1.10324326,1.16287816,854400
2000-12-04,1.19269562,1.19269562,1.19269562,1.19269562,19200
2000-12-05,1.23742114,1.25531155,1.22549429,1.25232995,2961600
2000-12-06,1.23742204,1.26723933,1.23742204,1.26723933,984000
2000-12-07,1.25233086,1.26723933,1.25233086,1.26723933,3422400
2000-12-08,1.28214735,1.33880028,1.26723854,1.32687342,211200
2000-12-11,1.31196487,1.32687368,1.31196487,1.31196487,748800
2000-12-12,1.31196487,1.31196487,1.31196487,1.31196487,0
2000-12-13,1.31196487,1.32687368,1.31196487,1.31196487,2692800
2000-12-14,1.31196487,1.31196487,1.28244566,1.31196487,1176000
2000-12-15,1.29705633,1.29705633,1.25233025,1.28214753,1152000
2000-12-18,1.29705667,1.29705667,1.26723905,1.29705667,244800
2000-12-19,1.30301962,1.31196487,1.29258378,1.31196487,768000
2000-12-20,1.28214753,1.28214753,1.28184946,1.28214753,398400
2000-12-21,1.28214753,1.28512913,1.27916592,1.28214753,614400
2000-12-22,1.28214759,1.31196487,1.28214759,1.31196487,364800
2000-12-25,1.31196487,1.31196487,1.31196487,1.31196487,0
2000-12-26,1.34178249,1.34178249,1.3116668,1.31196487,312000
2000-12-27,1.31196479,1.37159967,1.31196479,1.37159967,408000
2000-12-28,1.37159978,1.38650858,1.37159978,1.38650858,177600
2000-12-29,1.38650858,1.38650858,1.38650858,1.38650858,0
2001-01-01,1.38650858,1.38650858,1.38650858,1.38650858,0
2001-01-02,1.28811085,1.28811085,1.28811085,1.28811085,129600
2001-01-03,1.28214751,1.37159967,1.27320226,1.37159967,1396800
2001-01-04,1.3715995,1.3715995,1.31196462,1.32687342,801600
2001-01-05,1.31196487,1.31196487,1.31196487,1.31196487,201600
2001-01-08,1.31196514,1.31196514,1.28214786,1.29705667,619200
2001-01-09,1.31196487,1.31196487,1.30898326,1.31196487,62400
2001-01-10,1.3268736,1.3268736,1.29705633,1.31166673,2092800
2001-01-11,1.31196484,1.31196484,1.28811113,1.2896018,206400
2001-01-12,1.32687361,1.32687361,1.28214753,1.28214753,100800
2001-01-15,1.29705667,1.31196514,1.29705667,1.29705667,14400
2001-01-16,1.28214753,1.28214753,1.28214753,1.28214753,4800
2001-01-17,1.28244566,1.33880054,1.28244566,1.31196487,470400
2001-01-18,1.31196488,1.38650858,1.31196488,1.38650858,278400
2001-01-19,1.40141705,1.40141705,1.37756333,1.38650858,211200
2001-01-22,1.38650858,1.38650858,1.38650858,1.38650858,0
2001-01-23,1.43063803,1.4312345,1.42228925,1.42228925,724800
2001-01-24,1.37160004,1.46105222,1.37160004,1.46075416,5140800
2001-01-25,1.46075416,1.46075416,1.46075416,1.46075416,0
2001-01-26,1.46254277,1.46403345,1.46254277,1.46254277,148800
2001-01-29,1.46671667,1.5057776,1.46671667,1.5057776,307200
2001-01-30,1.50577737,1.50577737,1.46075324,1.49086857,643200
2001-01-31,1.48788744,1.52068675,1.48788744,1.52068675,854400
2001-02-01,1.50428635,1.50428635,1.49086857,1.49086857,240000
2001-02-02,1.47596049,1.50577776,1.46105169,1.47596049,729600
2001-02-05,1.46105181,1.46105181,1.44614301,1.45508826,24000
2001-02-06,1.45508826,1.46105181,1.45508826,1.45508826,105600
2001-02-07,1.44614282,1.44614282,1.43123436,1.43123436,38400
2001-02-08,1.43123448,1.44584488,1.4207983,1.4207983,412800
2001-02-09,1.43123436,1.43123436,1.43123436,1.43123436,4800
2001-02-12,1.4699971,1.4699971,1.4521066,1.4521066,48000
2001-02-13,1.44614301,1.4762587,1.44614301,1.46105182,67200
2001-02-14,1.46105182,1.4762587,1.46105182,1.46105182,201600
2001-02-15,1.46105205,1.46105205,1.44644165,1.44644165,48000
2001-02-16,1.44584508,1.44614315,1.44584508,1.44614315,508800
2001-02-19,1.40141702,1.40141702,1.40141702,1.40141702,7257600
2001-02-20,1.4163257,1.42527095,1.4163257,1.42228925,12172800
2001-02-21,1.41334393,1.41334393,1.40439868,1.40439868,33600
2001-02-22,1.41334427,1.44614315,1.41334427,1.44614315,297600
2001-02-23,1.47596059,1.50577787,1.47596059,1.50279617,2952000
2001-02-26,1.50279617,1.50279617,1.50279617,1.50279617,0
2001-02-27,1.50279617,1.50279617,1.50279617,1.50279617,0
2001-02-28,1.49057103,1.49057103,1.46105182,1.46105182,225600
2001-03-01,1.46105131,1.49086857,1.46105131,1.49086857,427200
2001-03-02,1.49086929,1.50279641,1.49086929,1.49683285,331200
2001-03-05,1.49086885,1.49086885,1.49057078,1.49057078,600000
2001-03-06,1.49086857,1.49683212,1.47596011,1.49086857,792000
2001-03-07,1.49086929,1.49683285,1.49086929,1.49683285,28800
2001-03-08,1.40141702,1.49086918,1.40141702,1.40141702,691200
2001-03-09,1.40141675,1.43868859,1.40141675,1.43123436,590400
2001-03-12,1.42228948,1.42258755,1.41632593,1.41632593,273600
2001-03-13,1.41632555,1.43123436,1.40141675,1.43123436,1224000
2001-03-14,1.41632555,1.43123436,1.40141675,1.43123436,1224000
2001-03-15,1.43272507,1.46164814,1.43272507,1.43272507,4732800
2001-03-16,1.43123436,1.43153243,1.40738031,1.43123436,11380800
2001-03-19,1.46105158,1.47536391,1.40201318,1.40201318,633600
2001-03-20,1.40141694,1.46105182,1.40141694,1.46105182,1238400
2001-03-21,1.49086909,1.49086909,1.46075375,1.46105182,840000
2001-03-22,1.43123436,1.46105163,1.42228911,1.43123436,10027200
2001-03-23,1.43123436,1.43123436,1.41632555,1.43123436,441600
2001-03-26,1.46105182,1.46134989,1.46105182,1.46105182,432000
2001-03-27,1.4610519,1.46134996,1.4431614,1.46134996,211200
2001-03-28,1.44614301,1.46105182,1.43123455,1.46105182,81600
2001-03-29,1.46105194,1.52068683,1.46105194,1.47297871,2059200
2001-03-30,1.47596049,1.47596049,1.47536402,1.47596049,969600
2001-04-02,1.46105196,1.46105196,1.44614315,1.44614315,115200
2001-04-03,1.38650858,1.44614313,1.38650858,1.38650858,422400
2001-04-04,1.40141702,1.40767864,1.40141702,1.40141702,4742400
2001-04-05,1.41632587,1.44614315,1.41632587,1.44614315,307200
2001-04-06,1.43123436,1.44614282,1.43123436,1.43123436,931200
2001-04-09,1.43093622,1.4610519,1.43093622,1.43093622,518400
2001-04-10,1.43093622,1.43988147,1.43093622,1.43093622,2131200
2001-04-11,1.43123436,1.44017961,1.43093595,1.43123436,2332800
2001-04-12,1.43123436,1.43123436,1.40738031,1.43123436,600000
2001-04-13,1.43123436,1.43123436,1.43123436,1.43123436,0
2001-04-16,1.43123436,1.43123436,1.4252708,1.43123436,52800
2001-04-17,1.44316111,1.46105161,1.44017959,1.44017959,441600
2001-04-18,1.44017978,1.4610518,1.42825258,1.42825258,5376000
2001-04-19,1.42825252,1.42825252,1.42527092,1.42527092,240000
2001-04-20,1.43123463,1.43123463,1.40141701,1.43093622,62400
2001-04-23,1.43093627,1.44614315,1.43093627,1.44614315,62400
2001-04-24,1.44614319,1.44614319,1.44584513,1.44584513,163200
2001-04-25,1.44584476,1.44614282,1.44017961,1.44316113,105600
2001-04-26,1.44614315,1.44614315,1.44017993,1.44614315,1027200
2001-04-27,1.46105196,1.46105196,1.44614315,1.44614315,379200
2001-04-30,1.44614315,1.44614315,1.44614315,1.44614315,2150400
2001-05-01,1.44614315,1.44614315,1.44614315,1.44614315,0
2001-05-02,1.44614315,1.44614315,1.44614315,1.44614315,0
2001-05-03,1.44614315,1.46105196,1.43153275,1.44614315,1761600
2001-05-04,1.44614301,1.46105182,1.44614301,1.46105182,921600
2001-05-07,1.47566222,1.47596063,1.46105182,1.46105182,499200
2001-05-08,1.4610515,1.4610515,1.43719745,1.43719745,230400
2001-05-09,1.43719745,1.43719745,1.43719745,1.43719745,0
2001-05-10,1.52068695,1.55050423,1.51770491,1.53559542,1689600
2001-05-11,1.53559463,1.54453988,1.4905705,1.49086857,1104000
2001-05-14,1.55050424,1.55050424,1.50577815,1.52963221,72000
2001-05-15,1.50577794,1.52068675,1.49086913,1.52068675,1320000
2001-05-16,1.52038799,1.5206864,1.49057073,1.5057776,18187200
2001-05-17,1.5206864,1.5206864,1.49981404,1.5057776,998400
2001-05-18,1.50577795,1.50577795,1.49981439,1.49981439,1243200
2001-05-21,1.49981439,1.50428693,1.49086914,1.49981439,532800
2001-05-22,1.50279638,1.52068688,1.50249797,1.51770484,2520000
2001-05-23,1.52128261,1.52128261,1.51025021,1.51025021,1017600
2001-05-24,1.50577766,1.55050373,1.50577766,1.55050373,547200
2001-05-25,1.55050423,1.55050423,1.53559542,1.53559542,288000
2001-05-28,1.53559543,1.55050424,1.53559543,1.54752254,5136000
2001-05-29,1.55020566,1.5508018,1.54752204,1.55050373,849600
2001-05-30,1.55050373,1.55050373,1.55050373,1.55050373,0
2001-05-31,1.55020538,1.55050345,1.5415582,1.54304922,1324800
2001-06-01,1.53559493,1.55050373,1.53559493,1.55050373,518400
2001-06-04,1.55050373,1.55497627,1.53559493,1.55050373,955200
2001-06-05,1.55944905,1.58032107,1.55497634,1.58032107,1065600
2001-06-06,1.57733937,1.59522986,1.5654126,1.59522986,1785600
2001-06-07,1.58032107,1.59522988,1.58002301,1.58032107,360000
2001-06-08,1.57584853,1.58032107,1.57435786,1.58032107,787200
2001-06-11,1.58032107,1.58628463,1.58032107,1.58032107,542400
2001-06-12,1.58032107,1.58032107,1.58002301,1.58032107,5332800
2001-06-13,1.58032154,1.61013916,1.58032154,1.6011939,628800
2001-06-14,1.6011939,1.6011939,1.6011939,1.6011939,0
2001-06-15,1.58032107,1.58032107,1.58032107,1.58032107,264000
2001-06-18,1.55050423,1.55050423,1.53559542,1.53559542,172800
2001-06-19,1.53559521,1.53559521,1.52068675,1.52068675,192000
2001-06-20,1.52068675,1.53261352,1.52068675,1.52068675,494400
2001-06-21,1.52068688,1.52068688,1.51770484,1.51770484,388800
2001-06-22,1.52068644,1.56541251,1.50577763,1.56272888,2428800
2001-06-25,1.55050438,1.55050438,1.5206871,1.53261387,926400
2001-06-26,1.53559516,1.53559516,1.50577789,1.51919568,283200
2001-06-27,1.53261335,1.55199487,1.49086897,1.5200901,1113600
2001-06-28,1.5206864,1.5206864,1.49086879,1.5057776,2697600
2001-06-29,1.52068653,1.58032107,1.52068653,1.58032107,1732800
2001-07-02,1.61013912,1.6399564,1.61013912,1.61610234,2505600
2001-07-03,1.63965849,1.63995655,1.49086947,1.52665031,441600
2001-07-04,1.52665031,1.52665031,1.52665031,1.52665031,0
2001-07-05,1.5505038,1.58032107,1.5505038,1.58032107,2136000
2001-07-06,1.57733966,1.60954249,1.57733966,1.60954249,240000
2001-07-09,1.60954249,1.60954249,1.60954249,1.60954249,0
2001-07-10,1.61013865,1.61013865,1.58032104,1.61013865,576000
2001-07-11,1.56541261,1.59522988,1.5534855,1.58032107,18873600
2001-07-12,1.58032107,1.59522988,1.58032107,1.58032107,230400
2001-07-13,1.56541254,1.56541254,1.52068646,1.55050373,105600
2001-07-16,1.53559556,1.53559556,1.52366879,1.52665031,244800
2001-07-17,1.52068675,1.52068675,1.49086913,1.52068675,1608000
2001-07-18,1.58032129,1.58032129,1.49086913,1.52068675,158400
2001-07-19,1.5355952,1.5355952,1.50875962,1.50875962,1574400
2001-07-20,1.53559542,1.53559542,1.53559542,1.53559542,14400
2001-07-23,1.56541277,1.56541277,1.56243074,1.56243074,120000
2001-07-24,1.55050413,1.55050413,1.5147233,1.5147233,7104000
2001-07-25,1.51472301,1.56541264,1.51442494,1.56541264,172056000
2001-07-26,1.56541264,1.56541264,1.56511423,1.56541264,504000
2001-07-27,1.56541302,1.56541302,1.55646777,1.55646777,19200
2001-07-30,1.55646778,1.55646778,1.53559542,1.53559542,667200
2001-07-31,1.53559512,1.57435799,1.53559512,1.57435799,115200
2001-08-01,1.6098402,1.6098402,1.55050373,1.55050373,1387200
2001-08-02,1.55050373,1.55646729,1.53559493,1.55050373,1689600
2001-08-03,1.55050421,1.56243099,1.55050421,1.55646777,1012800
2001-08-06,1.55646777,1.56541302,1.55348591,1.55646777,835200
2001-08-07,1.55646729,1.580321,1.55050373,1.55050373,1180800
2001-08-08,1.55944947,1.55944947,1.55348591,1.55646777,5404800
2001-08-09,1.580321,1.580321,1.55050373,1.55050373,196800
2001-08-10,1.5505038,1.58032107,1.5505038,1.58032107,499200
2001-08-13,1.57435789,1.57435789,1.56541264,1.56541264,552000
2001-08-14,1.5534855,1.58628463,1.5534855,1.58032107,960000
2001-08-15,1.58032131,1.58032131,1.56839454,1.56839454,633600
2001-08-16,1.56541265,1.56541265,1.5463292,1.5496093,139200
2001-08-17,1.54960919,1.55050373,1.54603119,1.55050373,811200
2001-08-20,1.55050424,1.55050424,1.54454068,1.54752254,724800
2001-08-21,1.53559495,1.53827858,1.52963174,1.53827858,921600
2001-08-22,1.53559556,1.53559556,1.52665031,1.52665031,1156800
2001-08-23,1.52665016,1.52814118,1.52366864,1.52694857,590400
2001-08-24,1.52665031,1.52963234,1.52366879,1.52665031,1060800
2001-08-27,1.52665031,1.52665031,1.52665031,1.52665031,249600
2001-08-28,1.53559542,1.54155897,1.53261372,1.53559542,1872000
2001-08-29,1.53857745,1.56511463,1.53559542,1.53559542,748800
2001-08-30,1.55050423,1.55050423,1.51472339,1.53559542,422400
2001-08-31,1.53559543,1.53559543,1.52963221,1.52963221,4147200
2001-09-03,1.5087596,1.52068672,1.50279622,1.50607598,1430400
2001-09-04,1.52068675,1.52366844,1.51472319,1.52068675,22233600
2001-09-05,1.53559516,1.56541277,1.51770466,1.56243074,595200
2001-09-06,1.55348608,1.56541319,1.52366879,1.5284394,892800
2001-09-07,1.5284394,1.5284394,1.5284394,1.5284394,0
2001-09-10,1.50875945,1.56541264,1.50607583,1.56541264,1315200
2001-09-11,1.56541297,1.56541297,1.50070906,1.50070906,24000
2001-09-12,1.44614313,1.48639667,1.44614313,1.47297871,3480000
2001-09-13,1.48788735,1.48788735,1.4163257,1.42228925,2596800
2001-09-14,1.40410027,1.40439868,1.38352632,1.40439868,3705600
2001-09-17,1.40439839,1.49086857,1.40439839,1.49086857,619200
2001-09-18,1.45210694,1.52694872,1.44316169,1.52665031,2644800
2001-09-19,1.52068709,1.52665031,1.52068709,1.52665031,11500800
2001-09-20,1.53559483,1.54155838,1.53559483,1.54155838,192000
2001-09-21,1.53559543,1.53559543,1.47596087,1.52963221,921600
2001-09-24,1.52963221,1.52963221,1.52963221,1.52963221,0
2001-09-25,1.55020617,1.55080231,1.53559543,1.54752254,2313600
2001-09-26,1.53261374,1.54752254,1.53261374,1.54752254,537600
2001-09-27,1.53261374,1.54752254,1.53261374,1.54752254,537600
2001-09-28,1.54454011,1.54454011,1.5057776,1.5057776,9888000
2001-10-01,1.50875963,1.52068675,1.50875963,1.52068675,441600
2001-10-02,1.53857696,1.53857696,1.52068646,1.53857696,801600
2001-10-03,1.54752186,1.55020548,1.51472273,1.53112221,13732800
2001-10-04,1.53261365,1.53559535,1.51770484,1.51770484,4444800
2001-10-05,1.52068685,1.5442425,1.52068685,1.5442425,2683200
2001-10-08,1.5442425,1.5442425,1.5442425,1.5442425,0
2001-10-09,1.54454067,1.55348592,1.53261372,1.53559542,3412800
2001-10-10,1.54155895,1.5534859,1.53559539,1.54454064,1598400
2001-10-11,1.54752254,1.5564678,1.54155899,1.54752254,2448000
2001-10-12,1.54752254,1.54752254,1.54752254,1.54752254,0
2001-10-15,1.55646739,1.56541264,1.55646739,1.56541264,436800
2001-10-16,1.56541264,1.56571071,1.56541264,1.56541264,139200
2001-10-17,1.59522986,1.59552793,1.56571066,1.59522986,1190400
2001-10-18,1.59522985,1.61013865,1.59522985,1.61013865,134400
2001-10-19,1.59522986,1.59522986,1.59522986,1.59522986,446400
2001-10-22,1.60984012,1.60984012,1.60417497,1.60417497,28800
2001-10-23,1.59522986,1.59522986,1.59522986,1.59522986,19200
2001-10-24,1.56541264,1.57435789,1.55616898,1.56541264,705600
2001-10-25,1.58032107,1.58032107,1.58032107,1.58032107,120000
2001-10-26,1.57137582,1.61013868,1.55676543,1.58032107,326400
2001-10-29,1.55825637,1.55825637,1.55050373,1.55050373,24000
2001-10-30,1.55050413,1.55050413,1.53559532,1.55020607,633600
2001-10-31,1.56511472,1.58032159,1.5355955,1.58002353,360000
2001-11-01,1.57972494,1.58032107,1.5651142,1.58032107,2635200
2001-11-02,1.58032107,1.58032107,1.58032107,1.58032107,0
2001-11-05,1.59522983,1.59821152,1.58032102,1.58956468,2443200
2001-11-06,1.59523029,1.59523029,1.54454064,1.54454064,638400
2001-11-07,1.54692558,1.54722364,1.52068648,1.52366817,417600
2001-11-08,1.50875963,1.52068675,1.49385117,1.52068675,3081600
2001-11-09,1.50547966,1.52068653,1.49683248,1.51174128,2150400
2001-11-12,1.51174092,1.52038776,1.49086857,1.49086857,158400
2001-11-13,1.53559493,1.55050373,1.53529686,1.53857696,153600
2001-11-14,1.53529714,1.53857725,1.49086913,1.52068675,187200
2001-11-15,1.52068675,1.52068675,1.52068675,1.52068675,0
2001-11-16,1.5206866,1.56243064,1.49086899,1.55915105,667200
2001-11-19,1.52098463,1.5803211,1.49086895,1.56541264,1008000
2001-11-20,1.56541254,1.56541254,1.55050373,1.55050373,105600
2001-11-21,1.58002304,1.58002304,1.56541264,1.56541264,1920000
2001-11-22,1.56541255,1.56541255,1.52366817,1.52366817,316800
2001-11-23,1.43123457,1.46969903,1.43123457,1.4521066,163200
2001-11-26,1.50577822,1.52009056,1.44763434,1.44763434,72000
2001-11-27,1.47148823,1.47566236,1.44614315,1.44614315,609600
2001-11-28,1.4315324,1.45806991,1.43123434,1.44017959,17616000
2001-11-29,1.43123451,1.44017976,1.40141689,1.41185308,1291200
2001-11-30,1.43123442,1.47596049,1.41602755,1.47596049,993600
2001-12-03,1.47596082,1.49683285,1.4744698,1.49683285,340800
2001-12-04,1.49683298,1.51830149,1.47625902,1.51830149,2606400
2001-12-05,1.49086945,1.50428724,1.46403386,1.50428724,4987200
2001-12-06,1.47596071,1.48490596,1.47596071,1.48490596,1838400
2001-12-07,1.47596063,1.49086909,1.46105182,1.46105182,806400
2001-12-10,1.47596049,1.48490574,1.47596049,1.47596049,288000
2001-12-11,1.48490619,1.49086941,1.46999738,1.47894263,1046400
2001-12-12,1.48490574,1.49086896,1.47596049,1.47596049,1396800
2001-12-13,1.46105201,1.46105201,1.4267621,1.4267621,4224000
2001-12-14,1.45210636,1.45508805,1.44017959,1.44017959,446400
2001-12-17,1.49057089,1.49057089,1.47596049,1.47596049,5054400
2001-12-18,1.50577814,1.53559542,1.48758957,1.53559542,2275200
2001-12-19,1.54752234,1.54752234,1.49981439,1.49981439,2160000
2001-12-20,1.51174182,1.51174182,1.46105217,1.50428724,1128000
2001-12-21,1.50428696,1.57137609,1.50428696,1.57137609,969600
2001-12-24,1.57137609,1.57137609,1.57137609,1.57137609,0
2001-12-25,1.57137609,1.57137609,1.57137609,1.57137609,0
2001-12-26,1.57137586,1.57137586,1.54454028,1.56541264,7828800
2001-12-27,1.56839466,1.59224855,1.56839466,1.586285,988800
2001-12-28,1.57286677,1.57316483,1.55050373,1.55050373,1555200
2001-12-31,1.55050373,1.55050373,1.55050373,1.55050373,0
2002-01-01,1.55050373,1.55050373,1.55050373,1.55050373,0
2002-01-02,1.57316513,1.57316513,1.51472319,1.52068675,1032000
2002-01-03,1.54006793,1.54454064,1.53976987,1.54454064,1315200
2002-01-04,1.53559538,1.58032146,1.53559538,1.57733977,1128000
2002-01-07,1.57733977,1.58032146,1.57435825,1.57733977,724800
2002-01-08,1.57704131,1.58479361,1.5505038,1.58032107,662400
2002-01-09,1.57137582,1.58032107,1.57137582,1.58032107,360000
2002-01-10,1.58032104,1.61013865,1.58032104,1.61013865,748800
2002-01-11,1.61013853,1.61312022,1.60119328,1.60417497,1056000
2002-01-14,1.60417556,1.60417556,1.53559542,1.53559542,163200
2002-01-15,1.53559497,1.53559497,1.49385093,1.50219953,321600
2002-01-16,1.52038799,1.52664962,1.5057776,1.5057776,1972800
2002-01-17,1.50905804,1.529632,1.50875963,1.52068675,235200
2002-01-18,1.52068653,1.52068653,1.51174128,1.51174128,268800
2002-01-21,1.50875906,1.50875906,1.49086857,1.49086857,422400
2002-01-22,1.52038799,1.52038799,1.49086879,1.5057776,576000
2002-01-23,1.52098453,1.55050373,1.52068646,1.55050373,2145600
2002-01-24,1.55050379,1.59522986,1.53559498,1.59522986,1171200
2002-01-25,1.59522986,1.59522986,1.59522986,1.59522986,0
2002-01-28,1.61013911,1.65188316,1.58777606,1.58777606,916800
2002-01-29,1.61908417,1.64442873,1.60417536,1.64442873,76800
2002-01-30,1.55050373,1.61013861,1.54752204,1.55050373,2846400
2002-01-31,1.55110085,1.5713764,1.52665031,1.52665031,3715200
2002-02-01,1.55080239,1.61312092,1.55080239,1.58181262,624000
2002-02-04,1.61013886,1.62504733,1.61013886,1.62504733,758400
2002-02-05,1.63995678,1.66381085,1.62504797,1.66381085,10176000
2002-02-06,1.63101055,1.63369417,1.59821142,1.60417497,3038400
2002-02-07,1.62504743,1.63101099,1.59523016,1.59672117,3484800
2002-02-08,1.62504692,1.64919904,1.62504692,1.64621735,715200
2002-02-11,1.64621735,1.64621735,1.64621735,1.64621735,0
2002-02-12,1.64621735,1.64621735,1.64621735,1.64621735,0
2002-02-13,1.65188313,1.65426869,1.62802958,1.63995636,580800
2002-02-14,1.65426889,1.73239043,1.65426889,1.72344518,2280000
2002-02-15,1.69959113,1.72642671,1.69959113,1.72046316,4416000
2002-02-18,1.71420156,1.71449963,1.69959116,1.69959116,744000
2002-02-19,1.69929309,1.74103749,1.69929309,1.74103749,10713600
2002-02-20,1.74431702,1.78009785,1.73835347,1.75922549,9484800
2002-02-21,1.78606146,1.82870056,1.77711638,1.81886077,26203200
2002-02-22,1.82184246,1.82482433,1.80395196,1.81886077,4737600
2002-02-25,1.83376984,1.83376984,1.80395222,1.80395222,2678400
2002-02-26,1.81886028,1.83376908,1.78904301,1.83376908,7512000
2002-02-27,1.83376896,1.84867742,1.8278054,1.83973217,3408000
2002-02-28,1.83973217,1.83973217,1.83973217,1.83973217,0
2002-03-01,1.87253184,1.90831267,1.86358659,1.90234911,8904000
2002-03-04,1.90234943,1.9378322,1.89340418,1.93216705,6086400
2002-03-05,1.93813072,1.96794834,1.92322225,1.95900309,17500800
2002-03-06,1.92023896,1.93812945,1.91427574,1.92322099,4051200
2002-03-07,1.914276,1.914276,1.83078706,1.83078706,648000
2002-03-08,1.75922557,1.81856239,1.75922557,1.81856239,7382400
2002-03-11,1.80395146,1.83376907,1.75892732,1.7711525,878400
2002-03-12,1.83376929,1.87253181,1.77115271,1.84867775,4300800
2002-03-13,1.86656856,1.88744092,1.84867805,1.86477947,3676800
2002-03-14,1.84569635,1.84569635,1.81886077,1.81886077,3403200
2002-03-15,1.83376958,1.83376958,1.81289721,1.81886077,5366400
2002-03-18,1.83376899,1.84569576,1.82482374,1.82482374,10300800
2002-03-19,1.80693367,1.82184214,1.76817081,1.77711606,6273600
2002-03-20,1.78904308,1.8278056,1.77413428,1.8164748,11731200
2002-03-21,1.78904298,1.87849512,1.75922537,1.87819672,80952000
2002-03-22,1.9083123,1.9083123,1.81766755,1.84569573,47107200
2002-03-25,1.83078725,1.84867775,1.81886048,1.84867775,9441600
2002-03-26,1.84867783,1.87849544,1.84867783,1.86656833,32342400
2002-03-27,1.9083127,1.9232215,1.86656831,1.89340389,55454400
2002-03-28,1.87849542,1.89906938,1.84867781,1.89340389,10502400
2002-03-29,1.89340389,1.89340389,1.89340389,1.89340389,0
2002-04-01,1.85464122,1.8993673,1.85464122,1.87521517,9878400
2002-04-02,1.85762346,1.87700481,1.85166024,1.85762346,20750400
2002-04-03,1.83376908,1.86358635,1.81289672,1.83376908,11467200
2002-04-04,1.86358666,1.86358666,1.82482414,1.86358666,8798400
2002-04-05,1.84867781,1.89340389,1.84867781,1.89340389,10804800
2002-04-08,1.85165958,1.89280748,1.84867754,1.89280748,16560000
2002-04-09,1.9053305,1.92322099,1.87849492,1.92322099,9230400
2002-04-10,1.89340338,1.92322099,1.87849492,1.92322099,2433600
2002-04-11,1.92322099,1.92620268,1.90831219,1.92322099,5462400
2002-04-12,1.92620253,1.93723476,1.92322084,1.93723476,3921600
2002-04-15,1.93723512,1.95602016,1.93514797,1.93812966,15432000
2002-04-16,1.95303869,1.97689275,1.94379537,1.96496546,20380800
2002-04-17,1.96496601,1.98285651,1.95602093,1.98285651,18336000
2002-04-18,1.95602077,1.95602077,1.9232218,1.93216705,10800000
2002-04-19,1.92322156,1.92322156,1.90831275,1.91278529,4089600
2002-04-22,1.9291845,1.9724199,1.90831248,1.96794736,19675200
2002-04-23,1.97689329,1.98285651,1.96198448,1.98285651,5188800
2002-04-24,1.97987414,1.98881938,1.96794736,1.96794736,14524800
2002-04-25,1.9470747,1.96794706,1.91725744,1.92322099,6004800
2002-04-26,1.92322222,1.92322222,1.90234985,1.9169606,6811200
2002-04-29,1.92620268,1.92620268,1.91695937,1.92322099,4608000
2002-04-30,1.91427623,1.92471216,1.90831268,1.92023945,7152000
2002-05-01,1.92023945,1.92023945,1.92023945,1.92023945,0
2002-05-02,1.93813038,1.95303919,1.92023988,1.92620361,4680000
2002-05-03,1.92620358,1.95900273,1.92620358,1.95303917,5908800
2002-05-06,1.96794748,2.00671,1.95602037,1.97987425,3878400
2002-05-07,1.97391056,1.98881936,1.96794734,1.97689259,16377600
2002-05-08,1.97689302,2.01505907,1.97689302,2.01267385,9168000
2002-05-09,2.01744359,2.04249024,2.01744359,2.04249024,4459200
2002-05-10,2.02161823,2.04249024,2.01863619,2.04249024,20558400
2002-05-13,2.04755983,2.0872169,2.02817849,2.08691883,3072000
2002-05-14,2.09318036,2.09318036,2.08125325,2.08662033,5241600
2002-05-15,2.07827186,2.08662063,2.04577113,2.0723083,10027200
2002-05-16,2.0472611,2.0573993,2.02758169,2.02758169,5932800
2002-05-17,2.03354526,2.05292678,2.02400354,2.05292678,7809600
2002-05-20,2.02758192,2.04845428,1.99776465,2.04845428,4617600
2002-05-21,2.0484548,2.08125377,2.0484548,2.08125377,2534400
2002-05-22,2.08721685,2.1110709,2.07886807,2.10391474,12470400
2002-05-23,2.1021255,2.13194277,2.0872167,2.12299752,12172800
2002-05-24,2.11703397,2.12597922,2.11703397,2.12299752,10555200
2002-05-27,2.12657683,2.14357262,2.1170351,2.1349256,9038400
2002-05-28,2.13790709,2.16176081,2.13641607,2.16176081,10478400
2002-05-29,2.22079889,2.26612145,2.16176048,2.23332214,21249600
2002-05-30,2.23332214,2.23332214,2.23332214,2.23332214,0
2002-05-31,2.21543179,2.26582336,2.20648654,2.26582336,31987200
2002-06-03,2.29295701,2.29593871,2.26582336,2.26582336,5692800
2002-06-04,2.28401218,2.31681132,2.26522713,2.31681132,6091200
2002-06-05,2.30935627,2.31084728,2.29892051,2.31084728,5409600
2002-06-06,2.30488377,2.3406646,2.28848429,2.29295683,6777600
2002-06-07,2.28729168,2.31084733,2.28103006,2.29295683,13891200
2002-06-10,2.31084673,2.31084673,2.27804743,2.28102946,3086400
2002-06-11,2.3019023,2.31830179,2.25121266,2.30786586,22771200
2002-06-12,2.34006885,2.34006885,2.29057182,2.32873821,5587200
2002-06-13,2.25508893,2.32873792,2.20648645,2.26463032,6691200
2002-06-14,2.26761193,2.28997496,2.23630364,2.26612091,17524800
2002-06-17,2.26612164,2.27953944,2.25121284,2.25121284,6931200
2002-06-18,2.25121211,2.27774961,2.24524889,2.26612091,7161600
2002-06-19,2.25717626,2.27357574,2.25419474,2.25419474,6355200
2002-06-20,2.26045533,2.26045533,2.21543086,2.24822998,4204800
2002-06-21,2.24823132,2.26969982,2.21245048,2.22139573,5078400
2002-06-24,2.20648611,2.20648611,2.11673589,2.11703396,4929600
2002-06-25,2.18949023,2.18949023,2.11703403,2.17368722,18192000
2002-06-26,2.17368767,2.19754138,2.16504065,2.17666936,2678400
2002-06-27,2.27357489,2.3555728,2.17637046,2.28102946,4080000
2002-06-28,2.29593896,2.37048266,2.29593896,2.31681132,6048000
2002-07-01,2.30697141,2.34662831,2.30190223,2.33470154,2241600
2002-07-02,2.33470124,2.33768276,2.29593838,2.33142114,3052800
2002-07-03,2.32575616,2.34662818,2.31084735,2.34066463,5198400
2002-07-04,2.34066489,2.34066489,2.31084761,2.33171964,484800
2002-07-05,2.34066463,2.34066463,2.34066463,2.34066463,854400
2002-07-08,2.33768286,2.34066455,2.31084728,2.31084728,1363200
2002-07-09,2.31084728,2.31084728,2.31084728,2.31084728,0
2002-07-10,2.30786529,2.32575579,2.26612091,2.26612091,6619200
2002-07-11,2.23630378,2.26612105,2.23511083,2.23928547,3758400
2002-07-12,2.31830122,2.31830122,2.24524889,2.26612091,8308800
2002-07-15,2.26612125,2.30190208,2.26612125,2.29295683,7027200
2002-07-16,2.30190175,2.3630273,2.30190175,2.33201742,6571200
2002-07-17,2.33768319,2.37227159,2.32128388,2.33171964,528000
2002-07-18,2.32575574,2.32575574,2.26641893,2.26641893,667200
2002-07-19,2.27655766,2.2810302,2.26910309,2.27208495,3763200
2002-07-22,2.23630429,2.28401207,2.23630429,2.23809338,7056000
2002-07-23,2.23630426,2.26850709,2.23630426,2.24524951,11587200
2002-07-24,2.23630454,2.23630454,2.22139573,2.22139573,5995200
2002-07-25,2.22139482,2.23630363,2.21662422,2.22109675,1636800
2002-07-26,2.19157763,2.2363037,2.13194275,2.13194275,4665600
2002-07-29,2.14685155,2.2213949,2.13194275,2.13194275,1478400
2002-07-30,2.16176024,2.32575609,2.16176024,2.31084728,19022400
2002-07-31,2.43011694,2.6546419,2.34066478,2.47484303,21830400
2002-08-01,2.45695236,2.47484287,2.34066463,2.34066463,19473600
2002-08-02,2.31084728,2.34066455,2.26671767,2.26671767,8644800
2002-08-05,2.26612066,2.29593792,2.25121186,2.28102946,5376000
2002-08-06,2.28103032,2.29623719,2.25419474,2.25419474,8222400
2002-08-07,2.26612108,2.26612108,2.23630381,2.23630381,3600000
2002-08-08,2.26612158,2.26612158,2.17666941,2.22735906,11649600
2002-08-09,2.2720849,2.29295693,2.22735882,2.2899754,4310400
2002-08-12,2.3078658,2.31979275,2.28103022,2.31979275,11524800
2002-08-13,2.31979279,2.35855532,2.28997551,2.29593873,9081600
2002-08-14,2.2959387,2.34066478,2.25389624,2.32575631,4368000
2002-08-15,2.32575635,2.35557362,2.29593873,2.29593873,3427200
2002-08-16,2.31979169,2.43011583,2.29891967,2.40328026,4003200
2002-08-19,2.34066425,2.4301164,2.26612091,2.26612091,9340800
2002-08-20,2.32575579,2.32575579,2.26612091,2.26612091,249600
2002-08-21,2.32575645,2.32873814,2.31681119,2.32277441,6393600
2002-08-22,2.34364681,2.37942765,2.32575631,2.32575631,3796800
2002-08-23,2.31979247,2.34662804,2.31084722,2.32009053,1065600
2002-08-26,2.31979273,2.33321052,2.31084748,2.31710911,2745600
2002-08-27,2.32426535,2.3761476,2.31740725,2.35289001,2664000
2002-08-28,2.3555735,2.36750027,2.34901381,2.34901381,3633600
2002-08-29,2.33768256,2.3496095,2.26612091,2.26612091,2160000
2002-08-30,2.27208463,2.29593835,2.221395,2.23630381,3331200
2002-09-02,2.24852859,2.25866679,2.23481274,2.23481274,345600
2002-09-03,2.26641898,2.27804768,2.23630364,2.26612091,3235200
2002-09-04,2.28699327,2.29593852,2.26612125,2.29295683,638400
2002-09-05,2.28102989,2.36451849,2.28102989,2.34126091,3038400
2002-09-06,2.34066411,2.38837221,2.34066411,2.3585546,2217600
2002-09-09,2.38539124,2.41461238,2.38539124,2.38539124,16766400
2002-09-10,2.39731766,2.40626291,2.37048209,2.38240886,2433600
2002-09-11,2.38240896,2.39284522,2.37942743,2.37942743,456000
2002-09-12,2.36332577,2.3674999,2.34066433,2.3558712,1425600
2002-09-13,2.35855565,2.38539124,2.35855565,2.38539124,1017600
2002-09-16,2.38539072,2.41520833,2.38539072,2.40924478,897600
2002-09-17,2.41520822,2.42266245,2.38479447,2.38479447,2328000
2002-09-18,2.41371737,2.46887972,2.41371737,2.45993447,2323200
2002-09-19,2.45993456,2.48080658,2.45993456,2.47484303,4348800
2002-09-20,2.47454487,2.498697,2.45993447,2.45993447,12004800
2002-09-23,2.55833205,2.57324052,2.50466072,2.57324052,9345600
2002-09-24,2.57324039,2.71308413,2.5702587,2.66865611,22166400
2002-09-25,2.68356435,2.71338162,2.62392947,2.62691116,8472000
2002-09-26,2.65404571,2.68356492,2.6537473,2.66865611,15600000
2002-09-27,2.66865565,2.67163734,2.61796602,2.65374684,8073600
2002-09-30,2.60007656,2.62393062,2.51360641,2.58218622,6830400
2002-10-01,2.57920398,2.57920398,2.47484301,2.48975182,11851200
2002-10-02,2.50615114,2.53149604,2.48915518,2.52553248,24057600
2002-10-03,2.53119834,2.59411335,2.53119834,2.59411335,16612800
2002-10-04,2.53447864,2.60007676,2.49273424,2.54342389,5284800
2002-10-07,2.53447803,2.57025886,2.53149633,2.55266643,6864000
2002-10-08,2.53447866,2.56429595,2.50764307,2.53447866,5323200
2002-10-09,2.57592443,2.59411335,2.57324098,2.5932188,5097600
2002-10-10,2.60902144,2.62333377,2.57920416,2.62094855,15480000
2002-10-11,2.61796638,2.63883875,2.56429505,2.56429505,4161600
2002-10-14,2.56429595,2.56429595,2.49005064,2.53447866,2524800
2002-10-15,2.55534927,2.56429452,2.53447726,2.54312444,4852800
2002-10-16,2.5449138,2.57920361,2.50764195,2.57920361,2990400
2002-10-17,2.56459369,2.62691187,2.56429528,2.62422824,6710400
2002-10-18,2.62392957,2.68058242,2.59411231,2.65374684,11865600
2002-10-21,2.67760118,2.71338201,2.65374712,2.71338201,8980800
2002-10-22,2.74916283,2.77301689,2.71308394,2.71338201,7742400
2002-10-23,2.70443703,2.79955435,2.70443703,2.79955435,11040000
2002-10-24,2.77301672,2.84457837,2.77301672,2.82072449,14784000
2002-10-25,2.82370586,2.86694126,2.82370586,2.86246872,13152000
2002-10-28,2.88632314,2.89228687,2.86246959,2.88334179,3412800
2002-10-29,2.90719522,2.9370125,2.90421319,2.90421319,4267200
2002-10-30,2.86246894,2.86246894,2.83563337,2.85054183,2736000
2002-10-31,2.84755991,2.86246872,2.76407132,2.86246872,5683200
2002-11-01,2.81625177,2.82937149,2.78494348,2.80134296,9748800
2002-11-04,2.77987495,2.8386153,2.77301719,2.80313253,6153600
2002-11-05,2.77331535,2.77599898,2.6537475,2.67402339,3696000
2002-11-06,2.69549153,2.80253612,2.68356475,2.7467773,8390400
2002-11-07,2.75810849,2.87737794,2.75810849,2.83265185,2568000
2002-11-08,2.8031328,2.83265201,2.78792592,2.81774354,2304000
2002-11-11,2.70741841,2.80253606,2.6835647,2.78464556,5616000
2002-11-12,2.72829072,2.79985237,2.72829072,2.79985237,16992000
2002-11-13,2.77301719,2.80313253,2.76705363,2.80313253,3172800
2002-11-14,2.73127291,2.86246947,2.71338241,2.83265185,6787200
2002-11-15,2.83265185,2.83265185,2.83265185,2.83265185,0
2002-11-18,2.90719516,2.98173851,2.8028342,2.93701243,9436800
2002-11-19,2.8535242,2.91315893,2.81774337,2.84756064,8961600
2002-11-20,2.77301629,2.84755962,2.74379516,2.74379516,8414400
2002-11-21,2.83116043,2.89228599,2.7476715,2.88632226,10708800
2002-11-22,2.84457822,2.89228599,2.83861467,2.86246872,2961600
2002-11-25,2.8687311,2.8687311,2.81177983,2.83265185,4588800
2002-11-26,2.83265184,2.84756064,2.82072506,2.84756064,7363200
2002-11-27,2.83861552,2.87737805,2.81774349,2.87141466,6384000
2002-11-28,2.86246958,2.87141466,2.84756077,2.87141466,3043200
2002-11-29,2.92210321,2.98770182,2.86246868,2.98173809,20179200
2002-12-02,2.93403038,3.0708924,2.928067,3.02646422,8659200
2002-12-03,3.05330032,3.07059434,3.02348304,3.06761265,3988800
2002-12-04,2.99664695,3.02646422,2.96981138,3.02646422,11352000
2002-12-05,3.0237807,3.07119023,2.99366486,3.07089233,4171200
2002-12-06,3.10100801,3.15736297,3.07119074,3.10697174,6254400
2002-12-09,3.14573433,3.18986428,3.08609978,3.1102519,9883200
2002-12-10,3.11293491,3.20536876,3.1010078,3.20536876,5328000
2002-12-11,3.20536928,3.32791866,3.19940555,3.25009537,8529600
2002-12-12,3.22057497,3.2799116,3.22027707,3.24413061,3964800
2002-12-13,3.19075884,3.23190709,3.13082604,3.17555213,5236800
2002-12-16,3.13082487,3.23518547,3.0559833,3.08311677,1972800
2002-12-17,3.07119083,3.10100811,3.05628203,3.07119083,10334400
2002-12-18,3.02020238,3.08609887,3.01155519,3.01155519,3787200
2002-12-19,2.95490319,3.01901062,2.95490319,2.98472047,2649600
2002-12-20,2.98173763,2.98173763,2.92776825,2.96682882,2822400
2002-12-23,2.98472073,3.01155632,2.92776963,2.98501897,2625600
2002-12-24,2.98501897,2.98501897,2.98501897,2.98501897,0
2002-12-25,2.98501897,2.98501897,2.98501897,2.98501897,0
2002-12-26,2.98501853,3.04405695,2.9817386,3.04137349,3182400
2002-12-27,3.04733688,3.07119076,3.02765729,3.04137349,2452800
2002-12-30,3.05658029,3.10100814,3.02646478,3.06820917,5966400
2002-12-31,3.06820917,3.06820917,3.06820917,3.06820917,0
2003-01-01,3.06820917,3.06820917,3.06820917,3.06820917,0
2003-01-02,3.05628196,3.07089287,3.04137349,3.04137349,1291200
2003-01-03,3.01155625,3.04137387,2.93731078,2.94178367,3691200
2003-01-06,2.92210364,2.93701245,2.8803596,2.92210364,2952000
2003-01-07,2.83593131,2.92210336,2.83593131,2.84189487,3038400
2003-01-08,2.84756066,2.85859289,2.80283458,2.83265185,3724800
2003-01-09,2.84487651,2.86246894,2.81177931,2.85054183,4123200
2003-01-10,2.85054222,2.85054222,2.76049392,2.77301717,2625600
2003-01-13,2.74349824,2.77301745,2.73455299,2.74916339,2116800
2003-01-14,2.77003521,2.77003521,2.73425438,2.76138854,3288000
2003-01-15,2.78792511,2.80253585,2.74319904,2.77331471,4128000
2003-01-16,2.76138822,2.7849437,2.74319931,2.74946094,3187200
2003-01-17,2.76675532,2.78792541,2.74319933,2.75810814,5491200
2003-01-20,2.76108959,2.78494347,2.74319909,2.75214434,1267200
2003-01-21,2.80581573,2.82638968,2.73127238,2.80283403,1651200
2003-01-22,2.86843267,2.87737775,2.82639004,2.83324814,6417600
2003-01-23,2.81774356,2.81774356,2.75363612,2.75363612,3235200
2003-01-24,2.75363542,2.8099902,2.71636357,2.80283403,2280000
2003-01-27,2.80879764,2.82221543,2.78494358,2.78494358,3744000
2003-01-28,2.77927822,2.79388861,2.71367978,2.78941607,5702400
2003-01-29,2.7730173,2.8022381,2.7730173,2.79359126,4286400
2003-01-30,2.77599857,2.8222155,2.72978148,2.81476092,6744000
2003-01-31,2.88304267,2.90719479,2.83265111,2.88632226,2644800
2003-02-03,2.89079608,2.90719574,2.88393833,2.9030211,2280000
2003-02-04,2.92210394,2.96027017,2.92210394,2.96027017,3028800
2003-02-05,3.01453784,3.04137342,2.96086634,3.03540969,14304000
2003-02-06,3.04286407,3.07119083,3.01155594,3.07119083,3004800
2003-02-07,3.01483593,3.05628208,3.01483593,3.04167151,3518400
2003-02-10,3.03123585,3.04703903,3.01066189,3.04703903,9192000
2003-02-11,3.10100756,3.14275194,2.99664695,3.13112307,4444800
2003-02-12,3.10726873,3.13112261,3.05628104,3.07745147,3336000
2003-02-13,3.04167077,3.08609895,2.99664681,3.00410104,3211200
2003-02-14,3.0082761,3.0082761,2.89526796,2.94595742,2160000
2003-02-17,2.92836468,3.02318407,2.92836468,3.01155519,2856000
2003-02-18,2.95788457,3.02348285,2.92210358,3.00559235,4147200
2003-02-19,2.98770198,3.00559214,2.92240161,2.95192099,3211200
2003-02-20,2.97279346,2.99098186,2.94237971,2.94237971,3720000
2003-02-21,2.95192133,3.04137349,2.95192133,3.04137349,1689600
2003-02-24,3.05330026,3.07119076,3.0175196,3.04137349,2635200
2003-02-25,3.03540924,3.07715396,2.99277048,3.07089233,4152000
2003-02-26,3.09474639,3.11263689,3.06791081,3.10697174,6513600
2003-02-27,3.026464,3.0416707,2.98173793,3.01155519,3945600
2003-02-28,3.04763455,3.10100746,3.01155532,3.10100746,2841600
2003-03-03,3.10100746,3.10100746,3.10100746,3.10100746,0
2003-03-04,3.10100746,3.10100746,3.10100746,3.10100746,0
2003-03-05,3.11293457,3.13052649,3.09474584,3.10100746,2620800
2003-03-06,3.10100793,3.10100793,3.03540966,3.03839135,2712000
2003-03-07,3.02646445,3.0386898,2.9671278,2.9671278,7123200
2003-03-10,2.95520061,2.99366506,2.94893899,2.95907736,3024000
2003-03-11,2.90749281,2.97577453,2.90749281,2.95192099,2692800
2003-03-12,2.96682981,2.98173862,2.93492556,2.93492556,3259200
2003-03-13,2.89526823,2.95818305,2.89228654,2.89228654,2808000
2003-03-14,2.91017667,2.91912175,2.83861484,2.86843228,4291200
2003-03-17,2.88900603,2.90570392,2.85948666,2.86545038,2011200
2003-03-18,2.85054234,2.86843285,2.82967015,2.85352421,8160000
2003-03-19,2.8421932,2.87290502,2.80909583,2.81207752,6009600
2003-03-20,2.86843228,2.86843228,2.83265129,2.86843228,4545600
2003-03-21,2.78792522,2.8684323,2.78792522,2.79687047,3451200
2003-03-24,2.80283419,2.82966977,2.75512642,2.7610898,4430400
2003-03-25,2.76407192,2.78494394,2.75810836,2.77301717,2875200
2003-03-26,2.76705447,2.77301803,2.74379688,2.74618244,2049600
2003-03-27,2.74379598,2.8177432,2.74379598,2.79090762,1636800
2003-03-28,2.76258068,2.80581591,2.74618137,2.75810814,3024000
2003-03-31,2.74618131,2.74618131,2.68475734,2.71338201,9796800
2003-04-01,2.71338125,2.74349692,2.69101822,2.73127174,6312000
2003-04-02,2.72829069,2.73723594,2.68356462,2.70145512,3940800
2003-04-03,2.71338237,2.71785491,2.6239302,2.63883901,12019200
2003-04-04,2.63853999,2.65344879,2.57622182,2.60574102,2683200
2003-04-07,2.59411259,2.65374713,2.56429498,2.59858513,6014400
2003-04-08,2.59888376,2.6594132,2.59888376,2.63287568,3259200
2003-04-09,2.61796599,2.68356442,2.61796599,2.68356442,4656000
2003-04-10,2.67283028,2.75512627,2.67283028,2.74290109,4180800
2003-04-11,2.74319899,2.74319899,2.65374684,2.65374684,1852800
2003-04-14,2.65374649,2.66865529,2.62422729,2.64181972,1771200
2003-04-15,2.61826483,2.64778404,2.60097046,2.62392998,2899200
2003-04-16,2.62393063,2.65374791,2.56817213,2.59411335,3292800
2003-04-17,2.54491438,2.59858554,2.51658761,2.54610682,4113600
2003-04-18,2.54610682,2.54610682,2.54610682,2.54610682,0
2003-04-21,2.54610682,2.54610682,2.54610682,2.54610682,0
2003-04-22,2.54610678,2.57622246,2.48975199,2.5225513,2131200
2003-04-23,2.51002771,2.51062384,2.48975182,2.48975182,1728000
2003-04-24,2.48975085,2.48975085,2.38538991,2.41222548,2227200
2003-04-25,2.39791409,2.4375715,2.39791409,2.42713523,2558400
2003-04-28,2.38539082,2.45993452,2.38539082,2.44204402,3331200
2003-04-29,2.41520872,2.47484328,2.41491032,2.41491032,3326400
2003-04-30,2.40298327,2.44472766,2.40000158,2.44472766,8476800
2003-05-01,2.44472766,2.44472766,2.44472766,2.44472766,0
2003-05-02,2.43011663,2.47126454,2.41848775,2.43906188,3096000
2003-05-05,2.41520804,2.54938626,2.41520804,2.54938626,2380800
2003-05-06,2.54670317,2.60305814,2.54640477,2.57324052,6259200
2003-05-07,2.54938632,2.55236801,2.51569247,2.51569247,5582400
2003-05-08,2.47484262,2.50466023,2.46231937,2.46231937,3724800
2003-05-09,2.46231893,2.51032493,2.44502491,2.46023178,3240000
2003-05-12,2.47484235,2.53417916,2.47484235,2.52851367,1430400
2003-05-13,2.52821611,2.53447773,2.50466046,2.52553248,4262400
2003-05-14,2.51956885,2.54193189,2.46589752,2.47215915,4185600
2003-05-15,2.48975113,2.52404094,2.44711221,2.52404094,4382400
2003-05-16,2.50615113,2.52851417,2.48378809,2.51956892,2044800
2003-05-19,2.51956897,2.60007588,2.48408655,2.56429505,2630400
2003-05-20,2.55147337,2.63287481,2.55147337,2.62720966,5414400
2003-05-21,2.61409018,2.62392998,2.57652027,2.62392998,3187200
2003-05-22,2.58218629,2.62393069,2.57711744,2.57711744,5112000
2003-05-23,2.57920374,2.59381413,2.55028101,2.59381413,3580800
2003-05-26,2.54938651,2.62273725,2.54938651,2.61200309,2294400
2003-05-27,2.62392967,2.67610997,2.59441046,2.65404534,11011200
2003-05-28,2.65404575,2.6811794,2.63883887,2.66239452,3537600
2003-05-29,2.65374725,2.65374725,2.5941127,2.62392998,9321600
2003-05-30,2.60305795,2.67163775,2.59441077,2.62392998,5904000
2003-06-02,2.6093196,2.65374727,2.59113069,2.60902119,14284800
2003-06-03,2.59411356,2.60902203,2.57622306,2.60305882,4228800
2003-06-04,2.58516702,2.61468622,2.57353832,2.60007548,2457600
2003-06-05,2.57383652,2.60902088,2.57383652,2.57920361,1483200
2003-06-06,2.59918152,2.68207399,2.58218573,2.65046763,3571200
2003-06-09,2.65046737,2.65046737,2.58218547,2.61200309,1876800
2003-06-10,2.58516809,2.61498537,2.57025928,2.58218622,4440000
2003-06-11,2.57025846,2.60603929,2.54938644,2.56459332,4372800
2003-06-12,2.54938603,2.55475311,2.52553198,2.52851367,6182400
2003-06-13,2.52851434,2.56131348,2.48975182,2.48975182,2452800
2003-06-16,2.47961378,2.54938652,2.47961378,2.54044127,6950400
2003-06-17,2.54044165,2.60603976,2.54044165,2.60603976,9033600
2003-06-18,2.58814871,2.63168218,2.583676,2.61766791,4401600
2003-06-19,2.61766791,2.61766791,2.61766791,2.61766791,0
2003-06-20,2.59411294,2.63585699,2.53596906,2.57890606,2620800
2003-06-23,2.57920386,2.59411267,2.56429505,2.56429505,8880000
2003-06-24,2.56280438,2.57920386,2.54044134,2.56429505,4204800
2003-06-25,2.53537294,2.57920449,2.53537294,2.53746009,2932800
2003-06-26,2.56697958,2.58815001,2.53447866,2.53447866,3081600
2003-06-27,2.57383768,2.57920476,2.53447866,2.53447866,2620800
2003-06-30,2.54044071,2.56429442,2.50465989,2.50465989,1387200
2003-07-01,2.50466138,2.54938748,2.50466138,2.53447866,3652800
2003-07-02,2.53447839,2.56459408,2.50525725,2.53746009,9048000
2003-07-03,2.5493863,2.60902084,2.5493863,2.58546519,1560000
2003-07-04,2.59411297,2.62094855,2.59411297,2.62094855,1291200
2003-07-07,2.61200334,2.68952822,2.61200334,2.66299105,3686400
2003-07-08,2.66955073,2.71189125,2.66955073,2.70443702,6158400
2003-07-09,2.70443702,2.70443702,2.70443702,2.70443702,0
2003-07-10,2.7044361,2.79686993,2.7044361,2.75721288,7723200
2003-07-11,2.75810854,2.76258108,2.71636415,2.71636415,3364800
2003-07-14,2.71934525,2.7282905,2.68356442,2.68356442,3350400
2003-07-15,2.68356425,2.74260265,2.68356425,2.70741796,2121600
2003-07-16,2.74021773,2.74021773,2.69251013,2.69251013,2942400
2003-07-17,2.6925102,2.73425424,2.6925102,2.72232747,4382400
2003-07-18,2.72530841,2.74319891,2.71338164,2.73693728,3777600
2003-07-21,2.73395596,2.73604311,2.71338201,2.71338201,5160000
2003-07-22,2.72351985,2.73395595,2.71069837,2.71069837,7214400
2003-07-23,2.72829156,2.73425478,2.68386353,2.72381902,7180800
2003-07-24,2.72829117,2.83563384,2.71338236,2.78792572,5654400
2003-07-25,2.83265063,2.90123057,2.83265063,2.90123057,9700800
2003-07-28,2.9012316,2.95192141,2.88930482,2.93104887,10694400
2003-07-29,2.93701273,2.96981204,2.92806765,2.95162296,11764800
2003-07-30,2.95341117,3.01155519,2.94297558,3.01155519,18955200
2003-07-31,2.98472039,3.08281974,2.98472039,3.06820917,11227200
2003-08-01,3.06850774,3.13977118,3.06820951,3.09504509,3446400
2003-08-04,3.10100801,3.1248619,3.07119074,3.10697174,32112000
2003-08-05,3.05807071,3.07119044,2.99962878,2.99962878,55200000
2003-08-06,3.00201368,3.023482,2.96682882,2.96682882,7540800
2003-08-07,2.99694469,3.00111933,2.93701192,2.93820453,5467200
2003-08-08,2.93701295,2.99664785,2.92806787,2.995157,10838400
2003-08-11,2.98770167,3.08311685,2.98770167,3.06403375,3057600
2003-08-12,3.07268139,3.16422086,3.07268139,3.14305043,6110400
2003-08-13,3.14871638,3.19016253,3.13082587,3.14275265,6316800
2003-08-14,3.07119068,3.27693058,3.07119068,3.27365065,19752000
2003-08-15,3.25009556,3.31569384,3.25009556,3.30376673,7132800
2003-08-18,3.3991818,3.3991818,3.27991204,3.33954692,5385600
2003-08-19,3.33358393,3.38427375,3.32463885,3.37562656,7843200
2003-08-20,3.3756266,3.54826932,3.33358397,3.46776223,9566400
2003-08-21,3.47372568,3.54826904,3.39918232,3.39918232,8371200
2003-08-22,3.3902365,3.40216327,3.29064598,3.30078435,12024000
2003-08-25,3.30078516,3.30973024,3.23250309,3.26500416,2140800
2003-08-26,3.26500443,3.3216573,3.23846674,3.25367379,2620800
2003-08-27,3.23488869,3.2500954,3.21431439,3.2471137,1987200
2003-08-28,3.17584965,3.33954727,3.17584965,3.28885746,3580800
2003-08-29,3.22922336,3.32374455,3.22922336,3.30376673,5030400
2003-09-01,3.30376552,3.39023632,3.30376552,3.36936378,2812800
2003-09-02,3.35743742,3.3991818,3.33954692,3.33954692,4929600
2003-09-03,3.33954714,3.40812711,3.32195488,3.35445595,5448000
2003-09-04,3.33775743,3.37234582,3.31867433,3.36936378,4929600
2003-09-05,3.3693647,3.47074398,3.35445624,3.39918232,5121600
2003-09-08,3.40365596,3.50503493,3.39918341,3.45911622,5160000
2003-09-09,3.44390888,3.45881734,3.39948068,3.42303634,7905600
2003-09-10,3.39948081,3.42303646,3.3634019,3.37532902,11337600
2003-09-11,3.3401439,3.42005451,3.33954743,3.39918232,6552000
2003-09-12,3.369365,3.47044606,3.35475443,3.4289999,2856000
2003-09-15,3.41528393,3.47372587,3.33090043,3.33090043,2304000
2003-09-16,3.33388258,3.4289999,3.33388258,3.4289999,4728000
2003-09-17,3.39947992,3.45285318,3.39947992,3.444206,6782400
2003-09-18,3.40097132,3.55125098,3.40097132,3.53336048,7224000
2003-09-19,3.53365799,3.65262952,3.53365799,3.54826856,2745600
2003-09-22,3.5336578,3.65262932,3.49400108,3.5622828,2692800
2003-09-23,3.54081453,3.54081453,3.46716555,3.50384092,3364800
2003-09-24,3.51278584,3.57212214,3.50354218,3.50354218,3590400
2003-09-25,3.50354325,3.51576861,3.43198158,3.43555975,6124800
2003-09-26,3.41498509,3.47879463,3.39918226,3.40007663,4128000
2003-09-29,3.40007616,3.5270984,3.40007616,3.51845121,2592000
2003-09-30,3.51845103,3.56258063,3.48863376,3.48893166,6816000
2003-10-01,3.48863522,3.66157586,3.48863522,3.64219451,6177600
2003-10-02,3.64070224,3.84614352,3.62281174,3.7808435,7641600
2003-10-03,3.7868072,3.93589421,3.7868072,3.86135054,6057600
2003-10-06,3.86135082,3.94126176,3.86135082,3.9209857,2486400
2003-10-07,3.91203978,3.974656,3.91203978,3.92068696,5707200
2003-10-08,3.90935769,3.95974893,3.8166256,3.8166256,4910400
2003-10-09,3.86135168,3.87626049,3.78680832,3.8166256,7478400
2003-10-10,3.8166256,3.8166256,3.74208224,3.75907803,1934400
2003-10-13,3.78382591,3.99552917,3.78382591,3.99552917,8006400
2003-10-14,3.97942839,4.04025589,3.96034528,3.98062134,6192000
2003-10-15,3.95646878,4.01938326,3.95110153,3.97614837,6868800
2003-10-16,3.90577922,3.97316623,3.90577922,3.93589473,1248000
2003-10-17,3.9358947,3.98986409,3.92396758,3.93887639,1473600
2003-10-20,3.93887765,3.98062205,3.89146777,3.90607834,3926400
2003-10-21,3.8905721,3.94782142,3.87625977,3.88252139,2841600
2003-10-22,3.85926414,3.9060772,3.78680778,3.78680778,6696000
2003-10-23,3.7868089,3.7868089,3.70421482,3.73164654,3336000
2003-10-24,3.69735587,3.74208195,3.68751608,3.69765377,921600
2003-10-27,3.73313714,3.73611849,3.6899019,3.70630121,5448000
2003-10-28,3.69884567,3.77070554,3.69765272,3.7432735,1833600
2003-10-29,3.67350346,3.80470006,3.67350346,3.80201626,1987200
2003-10-30,3.79068353,3.93619239,3.79068353,3.92754555,5448000
2003-10-31,3.9361921,3.98062027,3.87625933,3.87625933,7449600
2003-11-03,3.90607717,3.93291275,3.8944483,3.90637541,4660800
2003-11-04,3.92038962,3.99552945,3.89444842,3.94185829,3489600
2003-11-05,3.94185962,3.9508047,3.83481517,3.86731625,3585600
2003-11-06,3.84405718,3.90607728,3.76593566,3.76593566,2928000
2003-11-07,3.75997264,3.80171703,3.72717333,3.72717333,3278400
2003-11-10,3.72717363,3.75728914,3.62281299,3.62281299,1267200
2003-11-11,3.64398199,3.72687461,3.6228119,3.64964747,4430400
2003-11-12,3.6585937,3.73910044,3.6585937,3.72717333,4320000
2003-11-13,3.70063512,3.85836898,3.70063512,3.80946827,6902400
2003-11-14,3.80201502,3.84644321,3.79336818,3.8166256,4497600
2003-11-17,3.83153541,3.84346219,3.71226594,3.72031665,4267200
2003-11-18,3.73164544,3.75699051,3.7063007,3.72270036,4483200
2003-11-19,3.67797307,3.69795088,3.65262834,3.68006039,3153600
2003-11-20,3.69795246,3.72717326,3.66753871,3.69735599,2558400
2003-11-21,3.66783573,3.71226391,3.66187235,3.67648292,4977600
2003-11-24,3.66753805,3.70928209,3.66753805,3.67946482,9422400
2003-11-25,3.66843337,3.81960775,3.66843337,3.80469894,2880000
2003-11-26,3.81513539,3.87626079,3.80171743,3.81066251,7742400
2003-11-27,3.76325207,3.8136433,3.69735557,3.74208164,1804800
2003-11-28,3.74208104,3.86135045,3.72717224,3.84644198,2856000
2003-12-01,3.83183179,4.05486639,3.83183179,3.99702024,2971200
2003-12-02,3.96123915,4.04621876,3.96123915,3.9958272,7569600
2003-12-03,3.99582622,4.02683609,3.99582622,4.00894594,1780800
2003-12-04,4.05516551,4.15922792,4.05516551,4.13448,2841600
2003-12-05,4.15922685,4.31129559,4.08498173,4.24301386,4944000
2003-12-08,4.24301332,4.38315527,4.18993864,4.37719154,5179200
2003-12-09,4.38315641,4.6813302,4.38315641,4.6813302,4392000
2003-12-10,4.62616651,4.68132884,4.53224182,4.53224182,4651200
2003-12-11,4.58591351,4.58591351,4.47260781,4.47708035,4041600
2003-12-12,4.50570563,4.77555298,4.50570563,4.71114731,4612800
2003-12-15,4.69176517,4.94968535,4.69176517,4.75587225,7656000
2003-12-16,4.77048355,4.8599357,4.71114656,4.76481771,9278400
2003-12-17,4.76481834,4.78569088,4.71144541,4.7767458,7142400
2003-12-18,4.71174238,4.77972586,4.71174238,4.7621336,5179200
2003-12-19,4.74096362,4.84532423,4.71114601,4.8375721,4641600
2003-12-22,4.87514254,5.11666343,4.86023373,5.0928092,4896000
2003-12-23,5.09877247,5.14349854,4.97652102,4.97652102,3926400
2003-12-24,4.97652102,4.97652102,4.97652102,4.97652102,0
2003-12-25,4.97652102,4.97652102,4.97652102,4.97652102,0
2003-12-26,4.97950426,5.09877406,4.97950426,5.06299305,998400
2003-12-29,5.02452803,5.09698441,5.0242298,5.08386469,1651200
2003-12-30,5.09698362,5.12888787,4.97950294,5.05404663,2956800
2003-12-31,5.05404663,5.05404663,5.05404663,5.05404663,0
2004-01-01,5.05404663,5.05404663,5.05404663,5.05404663,0
2004-01-02,5.06895628,5.23295216,5.039139,5.20313454,1627200
2004-01-05,5.21804182,5.38203731,5.21804182,5.36712885,1977600
2004-01-06,5.38054769,5.41185581,5.21804268,5.361166,2971200
2004-01-07,5.42080013,5.51621566,5.09877253,5.09877253,3340800
2004-01-08,5.15840753,5.33701395,5.11666349,5.20015192,7929600
2004-01-09,5.20611633,5.30153154,5.15840821,5.18792725,3595200
2004-01-12,5.18226342,5.27738076,5.06865943,5.06895733,2937600
2004-01-13,5.3671293,5.3671293,5.11517215,5.12859011,3763200
2004-01-14,5.06895733,5.26873426,4.95565158,5.06895733,5616000
2004-01-15,4.9801003,5.14349969,4.89034989,4.93477774,7147200
2004-01-16,4.87514356,4.98844929,4.87514356,4.9437232,1790400
2004-01-19,4.95266822,5.08386478,4.9437228,4.94968653,1152000
2004-01-20,4.97950214,5.09578985,4.94968488,5.03943491,4099200
2004-01-21,4.98964229,5.03019408,4.94968698,4.96459579,4915200
2004-01-22,4.83041635,4.95266746,4.83041635,4.89005089,1929600
2004-01-23,4.87514204,4.87514204,4.81610363,4.816998,3513600
2004-01-26,4.83041542,4.88140311,4.72605448,4.78568935,6398400
2004-01-27,4.80059835,4.94670369,4.80059835,4.94521284,5289600
2004-01-28,4.84830742,5.05345085,4.84830742,4.97950363,5376000
2004-01-29,4.94968535,4.96459415,4.71472434,4.75587225,5865600
2004-01-30,4.6813299,4.77227291,4.60678654,4.65151262,3446400
2004-02-02,4.6157312,4.81878764,4.60976781,4.72009182,6897600
2004-02-03,4.77227251,5.00961876,4.77227251,5.00961876,6844800
2004-02-04,5.06895513,5.19985377,5.00425158,5.1375351,8491200
2004-02-05,5.09877284,5.17331619,4.95296574,4.95296574,5644800
2004-02-06,4.96459523,5.00932131,4.7871814,4.87693214,4953600
2004-02-09,4.9168857,5.05404595,4.9168857,5.01259947,4612800
2004-02-10,4.92076351,5.17331683,4.92076351,5.13604498,7036800
2004-02-11,5.13485271,5.21207952,5.07491991,5.21207952,7113600
2004-02-12,5.27469582,5.32240394,5.18822569,5.29258633,3537600
2004-02-13,5.24786146,5.27678472,5.08774197,5.1435008,3412800
2004-02-16,5.0987735,5.0987735,5.00932133,5.08386469,364800
2004-02-17,5.14021991,5.2776781,5.02423005,5.22996998,9662400
2004-02-18,5.24785953,5.24785953,5.06895522,5.12859011,7905600
2004-02-19,5.14498943,5.15840739,4.95296574,4.95296574,3830400
2004-02-20,4.91986897,5.06895568,4.86023408,5.03019333,4603200
2004-02-23,5.03019333,5.03019333,5.03019333,5.03019333,0
2004-02-24,5.03019333,5.03019333,5.03019333,5.03019333,0
2004-02-25,5.00335606,5.02035218,4.95624477,5.00931978,3777600
2004-02-26,4.97950323,5.02422931,4.90495988,4.98546696,1766400
2004-02-27,4.98546765,5.06865819,4.98546765,5.02423,3403200
2004-03-01,5.0540469,5.22460227,5.0540469,5.21506071,4910400
2004-03-02,5.14021882,5.22549633,5.14021882,5.15840721,3859200
2004-03-03,5.20313226,5.24487664,5.0391368,5.04808187,1377600
2004-03-04,5.06895733,5.11070173,5.05941611,5.06895733,7872000
2004-03-05,5.09877406,5.09877406,4.96429722,4.96459579,5419200
2004-03-08,5.00931997,5.067464,4.86053085,4.86053085,4588800
2004-03-09,4.88408902,4.89005241,4.77078295,4.77078295,4516800
2004-03-10,4.77078134,4.81252572,4.47260761,4.47260761,4041600
2004-03-11,4.53224335,4.54715216,4.39418902,4.39806509,4219200
2004-03-12,4.41625393,4.6917668,4.41625393,4.53850508,5040000
2004-03-15,4.53999558,4.60678681,4.45113988,4.46068144,2121600
2004-03-16,4.46068063,4.52031551,4.44279013,4.44398308,3403200
2004-03-17,4.47260769,4.69623807,4.45829536,4.66642046,3595200
2004-03-18,4.69623912,4.71114759,4.6306405,4.65747643,7478400
2004-03-19,4.66642109,4.74096479,4.65151262,4.65151262,2822400
2004-03-22,4.65151235,4.65151235,4.51763201,4.51763201,6931200
2004-03-23,4.54715272,4.60678762,4.48871076,4.50242662,3158400
2004-03-24,4.50242593,4.53224321,4.41595545,4.42490053,2323200
2004-03-25,4.3533379,4.40760553,4.32352063,4.32650232,3700800
2004-03-26,4.35333793,4.62109826,4.33842946,4.56504154,2755200
2004-03-29,4.56206089,4.68520641,4.56206089,4.65449476,1569600
2004-03-30,4.6521084,4.79761728,4.6521084,4.72605562,1684800
2004-03-31,4.72605572,4.76481807,4.65181026,4.75617123,3633600
2004-04-01,4.77078156,4.78986466,4.71144491,4.76958895,6134400
2004-04-02,4.77674582,4.91778183,4.77674582,4.91778183,5371200
2004-04-05,4.88349073,4.91241363,4.84502662,4.84532452,4027200
2004-04-06,4.86172503,4.89899654,4.84502748,4.88110638,4339200
2004-04-07,4.84979722,4.84979722,4.74126196,4.74126196,4348800
2004-04-08,4.73529857,4.81550741,4.68162708,4.74126196,2500800
2004-04-09,4.74126196,4.74126196,4.74126196,4.74126196,0
2004-04-12,4.8032822,4.82892551,4.71442652,4.71442652,1531200
2004-04-13,4.74692803,4.74692803,4.5322427,4.59217548,6321600
2004-04-14,4.50570656,4.57011224,4.47290724,4.50242662,3316800
2004-04-15,4.44100263,4.53880411,4.35632157,4.50242662,4363200
2004-04-16,4.49377737,4.63660277,4.49377737,4.53224182,4281600
2004-04-19,4.57368877,4.62169444,4.53552221,4.54715109,4036800
2004-04-20,4.54715227,4.5534139,4.40104723,4.40104723,2342400
2004-04-21,4.40104723,4.40104723,4.40104723,4.40104723,0
2004-04-22,4.3503562,4.35333789,4.2042512,4.2400322,5721600
2004-04-23,4.2400322,4.2400322,4.2400322,4.2400322,0
2004-04-26,4.35274284,4.35333897,4.17443462,4.20425224,2990400
2004-04-27,4.21945783,4.28773955,4.17592436,4.23406839,3115200
2004-04-28,4.23734809,4.23734809,3.96571172,3.96600962,7896000
2004-04-29,3.98062164,4.1356721,3.93887725,3.96630931,5155200
2004-04-30,4.02534603,4.07007209,3.88550234,3.88550234,2707200
2004-05-03,3.90607834,3.92098715,3.84942547,3.90607834,3110400
2004-05-04,3.90607814,4.11480012,3.90607814,4.04920149,4228800
2004-05-05,4.08498049,4.1162886,4.07603541,4.08498049,2304000
2004-05-06,4.08438789,4.08438789,3.95140219,3.95140219,3964800
2004-05-07,3.87626065,4.0104389,3.87626065,3.87655854,4526400
2004-05-10,3.80469768,3.96272978,3.79306881,3.87625933,6792000
2004-05-11,3.96272988,4.08498099,3.95974785,4.03458977,5097600
2004-05-12,4.02534725,4.08438566,3.99672259,4.01043844,4070400
2004-05-13,4.01222694,4.29370311,4.01222694,4.2638855,4276800
2004-05-14,4.29370352,4.39508245,4.13954747,4.15654325,5760000
2004-05-17,4.08498049,4.13239001,3.98747765,4.08498049,3259200
2004-05-18,4.11479947,4.41356971,4.11479947,4.35632038,4204800
2004-05-19,4.41297273,4.58114287,4.41297273,4.47260761,7569600
2004-05-20,4.47260817,4.53701384,4.41327118,4.47230959,3153600
2004-05-21,4.47260742,4.53552189,4.47260742,4.50540638,3120000
2004-05-24,4.56205925,4.62169379,4.50242438,4.57696772,2510400
2004-05-25,4.62020393,4.62169444,4.53254052,4.54715109,3984000
2004-05-26,4.54715178,4.74036845,4.54715178,4.71114731,4718400
2004-05-27,4.7618358,4.89899537,4.71591712,4.80059814,9427200
2004-05-28,4.79314542,4.79344331,4.6455492,4.6813302,6177600
2004-05-31,4.68132948,4.71114675,4.59784105,4.68460941,859200
2004-06-01,4.69623901,4.7409651,4.66850872,4.6813302,3940800
2004-06-02,4.72605573,4.7615385,4.5888958,4.5888958,3792000
2004-06-03,4.60082164,4.60082164,4.45769835,4.45769835,3134400
2004-06-04,4.53224191,4.62169405,4.52478767,4.57726622,2054400
2004-06-07,4.66642206,4.82743592,4.6181178,4.78598976,3432000
2004-06-08,4.74096317,4.75885366,4.71860013,4.73529768,2184000
2004-06-09,4.711446,4.71174424,4.51733494,4.51733494,1320000
2004-06-10,4.51733494,4.51733494,4.51733494,4.51733494,0
2004-06-11,4.53224288,4.60678658,4.53224288,4.53522491,417600
2004-06-14,4.44577319,4.54715214,4.41297388,4.41297388,1790400
2004-06-15,4.45710259,4.4869202,4.2042514,4.24629402,7915200
2004-06-16,4.02534649,4.29072089,4.02534649,4.11628914,8942400
2004-06-17,4.17443423,4.2638864,4.17443423,4.22244024,4291200
2004-06-18,4.18934227,4.30563,4.18039719,4.25195885,2707200
2004-06-21,4.29340642,4.32352228,4.19530773,4.19530773,2371200
2004-06-22,4.17562757,4.23406952,4.17443462,4.20425224,2059200
2004-06-23,4.21915969,4.33842945,4.18934241,4.33842945,6072000
2004-06-24,4.33843081,4.46664535,4.33723786,4.44279146,5222400
2004-06-25,4.44279068,4.54715166,4.39836284,4.53820658,4526400
2004-06-28,4.44875334,4.5185259,4.2877392,4.30861139,7790400
2004-06-29,4.3235202,4.39657303,4.29400083,4.30861139,5145600
2004-06-30,4.29400127,4.39806399,4.22035264,4.33842945,4828800
2004-07-01,4.35781163,4.35930282,4.23913865,4.26030874,5875200
2004-07-02,4.24003277,4.35930221,4.24003277,4.25345039,2246400
2004-07-05,4.24301402,4.27283129,4.23466542,4.25046825,2054400
2004-07-06,4.25106448,4.32053915,4.20425142,4.20454931,2923200
2004-07-07,4.18367829,4.46068166,4.18367829,4.41297388,10440000
2004-07-08,4.41297196,4.41297196,4.33872652,4.33872652,2582400
2004-07-09,4.33872652,4.33872652,4.33872652,4.33872652,0
2004-07-12,4.33962286,4.35900421,4.28774044,4.35333872,9417600
2004-07-13,4.35691691,4.45471803,4.34141197,4.41625357,9700800
2004-07-14,4.37719173,4.49646116,4.36824665,4.47260761,10857600
2004-07-15,4.47260781,4.79105761,4.47260781,4.68520546,15211200
2004-07-16,4.74096489,4.84979806,4.68580254,4.74096489,9600000
2004-07-19,4.76183712,4.80059948,4.71055117,4.71114731,4363200
2004-07-20,4.76779918,4.81550695,4.711146,4.80059814,3600000
2004-07-21,4.83041709,4.99441262,4.70518392,4.71114731,7286400
2004-07-22,4.71561991,4.72903787,4.56206064,4.60678673,8068800
2004-07-23,4.61573049,4.65747487,4.54118681,4.54118681,3326400
2004-07-26,4.61126016,4.61275101,4.50242662,4.50242662,2040000
2004-07-27,4.53224241,4.6440576,4.53224241,4.62169456,5539200
2004-07-28,4.62915044,4.81849073,4.62915044,4.77078295,2798400
2004-07-29,4.81401693,4.83936167,4.7707817,4.83936167,1368000
2004-07-30,4.8184902,4.89005187,4.8184902,4.88707018,3787200
2004-08-02,4.84681589,4.91211626,4.78300704,4.89333105,1896000
2004-08-03,4.87812485,4.91986925,4.83638046,4.85128927,2836800
2004-08-04,4.79165385,4.89005109,4.77465773,4.77465773,2856000
2004-08-05,4.74394694,4.87365266,4.65449476,4.65449476,2390400
2004-08-06,4.6816279,4.76780048,4.62974582,4.70578003,3835200
2004-08-09,4.72635431,4.78867301,4.68162823,4.68162823,3297600
2004-08-10,4.74633205,4.82445323,4.73440459,4.7767458,3686400
2004-08-11,4.77078304,4.83011937,4.72337349,4.76183796,3883200
2004-08-12,4.80059937,4.9034695,4.80059937,4.86023426,5601600
2004-08-13,4.90645177,4.90645177,4.77078266,4.88379049,3240000
2004-08-16,4.80059858,4.94968562,4.80059858,4.91330814,2347200
2004-08-17,4.96459371,5.07611031,4.92821625,5.00931978,3312000
2004-08-18,4.97950286,5.14946208,4.97950286,5.10205221,4920000
2004-08-19,5.00932086,5.27767734,5.00932086,5.19717026,2270400
2004-08-20,5.1971701,5.27320464,4.97711788,5.12560844,5305600
2004-08-23,5.27767648,5.27767648,4.9556489,4.9556489,3100800
2004-08-24,5.00932228,5.04063041,4.86619892,4.875144,2324800
2004-08-25,5.03615691,5.03615691,4.80358141,4.97711849,2516800
2004-08-26,4.98695695,5.01379252,4.8304157,4.94312525,1332800
2004-08-27,4.92434209,5.01647806,4.92434209,5.01647806,2528000
2004-08-30,5.01826522,5.04062825,4.94044194,4.99232435,2539200
2004-08-31,5.07998705,5.07998705,5.0003747,5.00931978,2980800
2004-09-01,5.0003768,5.06657122,4.96459579,4.96459579,2328000
2004-09-02,4.96906867,5.08982932,4.92613166,5.04241943,2475200
2004-09-03,5.02721028,5.0594131,5.00931978,5.00931978,992000
2004-09-06,5.05404688,5.18375257,5.05404688,5.11666346,601600
2004-09-07,5.11666346,5.11666346,5.11666346,5.11666346,0
2004-09-08,5.11666244,5.186435,5.05851841,5.05851841,3201600
2004-09-09,5.08088206,5.21506028,5.08088206,5.15154934,8225600
2004-09-10,5.12739776,5.17033475,5.08088259,5.08982801,4030400
2004-09-13,5.09877317,5.18733096,5.09877317,5.12650347,2620800
2004-09-14,5.12203123,5.2848345,5.10324636,5.25263166,4664000
2004-09-15,5.27767568,5.35818273,5.190907,5.190907,3688000
2004-09-16,5.27767811,5.33134928,5.21506152,5.24189711,3920000
2004-09-17,5.25978737,5.41185612,5.25978737,5.30451345,5838400
2004-09-20,5.36713018,5.41990698,5.27767801,5.27767801,2316800
2004-09-21,5.28662376,5.39396644,5.27767868,5.33134985,1929600
2004-09-22,5.33582206,5.33582206,5.24189701,5.27767801,1857600
2004-09-23,5.27767811,5.28841228,5.17928086,5.24189711,3510400
2004-09-24,5.24636906,5.34029376,5.18822502,5.32150888,2412800
2004-09-27,5.33224394,5.33224394,5.1434998,5.1613903,4644800
2004-09-28,5.14349906,5.6623215,5.14170998,5.55497885,4883200
2004-09-29,5.54424508,5.81439066,5.54424508,5.81439066,2750400
2004-09-30,5.82333642,5.82333642,5.72046662,5.74282932,2190400
2004-10-01,5.72493812,5.85911635,5.72493812,5.80544519,2200000
2004-10-04,5.85911522,5.9092082,5.80544407,5.89757967,3363200
2004-10-05,5.91278792,6.03802109,5.86001147,6.03802109,1953600
2004-10-06,6.03802134,6.03802134,5.859117,5.9297843,2249600
2004-10-07,5.90384215,5.94856823,5.81349529,5.85911608,1580800
2004-10-08,5.85911796,5.87343063,5.63638187,5.70257664,804800
2004-10-11,5.73388361,5.74461812,5.62385749,5.69810295,811200
2004-10-12,5.69810295,5.69810295,5.69810295,5.69810295,0
2004-10-13,5.61580705,5.61580705,5.17123001,5.29556847,8894400
2004-10-14,5.2159568,5.26962798,5.09877432,5.23295259,3758400
2004-10-15,5.2776797,5.55766518,5.2776797,5.52814579,3027200
2004-10-18,5.55766258,5.60865028,5.41990618,5.47447205,1542400
2004-10-19,5.50935792,5.51740862,5.24636872,5.34029341,1318400
2004-10-20,5.27767782,5.36712999,5.20611616,5.32240391,4137600
2004-10-21,5.3179303,5.54334975,5.29646163,5.51830292,2416000
2004-10-22,5.54335002,5.60865005,5.41185524,5.51025248,2412800
2004-10-25,5.45658387,5.50936068,5.39396726,5.49236488,3048000
2004-10-26,5.49236262,5.63101339,5.49057353,5.63101339,9696000
2004-10-27,5.6131246,5.65248344,5.51025445,5.54692984,3878400
2004-10-28,5.51025421,5.51025421,5.28662376,5.33134985,4761600
2004-10-29,5.34834503,5.45658207,5.32240382,5.45658207,3057600
2004-11-01,5.41185599,5.45658207,5.39933274,5.45658207,1200000
2004-11-03,5.45658149,5.53887731,5.39396491,5.49057341,4155200
2004-11-04,5.46552614,5.56123991,5.45658106,5.51830292,6147200
2004-11-05,5.541562,5.68647442,5.52814404,5.67931843,7547200
2004-11-08,5.67037332,5.7070487,5.5836046,5.65337753,6548800
2004-11-09,5.65337665,5.85911656,5.63995869,5.83228064,7931200
2004-11-10,5.83228049,5.9557249,5.83228049,5.86358929,8529600
2004-11-11,5.84122765,5.84122765,5.74193567,5.82959843,2227200
2004-11-12,5.82780878,6.01297474,5.79650066,6.01297474,4896000
2004-11-15,6.01297474,6.01297474,6.01297474,6.01297474,0
2004-11-16,6.01118368,6.0129731,5.77055788,5.77055788,2809600
2004-11-17,5.7714534,5.97093203,5.7714534,5.94767427,4188800
2004-11-18,5.93962625,5.93962625,5.72494083,5.84122896,5772800
2004-11-19,5.90384067,5.96645689,5.79649839,5.96645689,5787200
2004-11-22,5.93962625,5.9664615,5.79739689,5.84122896,2145600
2004-11-23,5.85017245,5.92173379,5.79739531,5.81528616,1745600
2004-11-24,5.81439067,5.91278791,5.76966459,5.91278791,4814400
2004-11-25,5.91278753,5.93067837,5.84122621,5.93067837,1315200
2004-11-26,5.85911639,6.10153165,5.85911639,6.0022397,8664000
2004-11-29,6.00223932,6.10153126,5.94320125,6.02013016,5289600
2004-11-30,6.00671229,6.07380141,5.95751333,5.95751333,5716800
2004-12-01,5.96824853,6.09705987,5.90384287,5.96735382,3200000
2004-12-02,5.98434904,6.06127795,5.83675286,5.90384197,2712000
2004-12-03,5.90384283,5.993295,5.87700691,5.91278791,7641600
2004-12-06,5.9172606,6.02013072,5.78755456,5.83228064,6580800
2004-12-07,5.83228064,5.8412264,5.7696644,5.83228064,2892800
2004-12-08,5.81886326,5.90384254,5.7696643,5.86806154,2772800
2004-12-09,5.86806208,5.94856917,5.81617966,5.9297843,3398400
2004-12-10,5.9932945,6.17219881,5.92262721,6.10510969,8486400
2004-12-13,6.10510871,6.26164996,6.10510871,6.19903374,2185600
2004-12-14,6.23481405,6.26164996,6.13104992,6.19903374,4592000
2004-12-15,6.14536208,6.23481423,6.11852685,6.15430784,9377600
2004-12-16,6.13015615,6.48528132,6.13015615,6.43608236,6200000
2004-12-17,6.39582953,6.46739154,6.26165129,6.34663057,3448000
2004-12-20,6.35110369,6.41819281,6.32426776,6.38688469,6305600
2004-12-21,6.38599039,6.73574871,6.38151751,6.67402649,3388800
2004-12-22,6.67402436,6.8144642,6.61051342,6.69102049,5057600
2004-12-23,6.69102174,6.79836405,6.68207598,6.7089119,4022400
2004-12-24,6.7089119,6.7089119,6.7089119,6.7089119,0
2004-12-27,6.7536357,6.78047161,6.69101948,6.7071209,2988800
2004-12-28,6.72501213,6.887815,6.69102056,6.887815,2060800
2004-12-29,6.88781575,6.9772679,6.78047344,6.80730867,1747200
2004-12-30,6.97726867,6.97726867,6.71785727,6.75363827,2171200
2004-12-31,6.75363827,6.75363827,6.75363827,6.75363827,0
2005-01-03,6.84308989,6.93254205,6.64718945,6.6954937,4057600
2005-01-04,6.696388,6.70891125,6.39761747,6.42266464,4430400
2005-01-05,6.44502738,6.47901895,6.2974312,6.37793827,6939200
2005-01-06,6.38241238,6.41372051,6.17219991,6.35110426,3313600
2005-01-07,6.42892864,6.61946155,6.39583109,6.52106428,5248000
2005-01-10,6.48527974,6.591728,6.41461247,6.46738958,3478400
2005-01-11,6.53000976,6.53000976,6.33410925,6.43161249,2321600
2005-01-12,6.53000805,6.56578905,6.24286668,6.39404106,5748800
2005-01-13,6.52106312,6.74648229,6.46739196,6.70801783,8606400
2005-01-14,6.67134364,7.09355804,6.6284063,7.02199602,7328000
2005-01-17,7.03093908,7.06672008,6.93254185,6.93254185,1137600
2005-01-18,6.93164867,7.06582692,6.82520104,6.99515963,8292800
2005-01-19,7.02199574,7.05509329,6.89229036,6.95043373,3881600
2005-01-20,6.80730991,7.01305017,6.67849925,6.87887192,6451200
2005-01-21,6.88781573,7.33507649,6.88781573,7.16511726,7753600
2005-01-24,7.15706753,7.42989621,7.15706753,7.3127141,3585600
2005-01-26,7.26351737,7.33329065,7.15706973,7.2903533,3907200
2005-01-27,7.20089989,7.24562597,7.07119451,7.24562597,4088000
2005-01-28,7.19284884,7.21878936,7.0488308,7.09355688,2636800
2005-01-31,7.15617198,7.15617198,7.03093883,7.08460999,1648000
2005-02-01,7.1561738,7.19642701,7.06761635,7.1203928,5963200
2005-02-02,7.15617331,7.21700081,7.04883099,7.04883099,2668800
2005-02-03,7.04882944,7.05777451,6.91465122,6.95937729,1382400
2005-02-04,6.95937707,7.05777429,6.79836294,6.94953728,2182400
2005-02-09,6.96921744,6.96921744,6.84308958,6.84308958,3089600
2005-02-10,6.85203458,6.93701454,6.7357472,6.80820322,3870400
2005-02-11,6.83861899,6.90123592,6.73574953,6.78047562,4038400
2005-02-14,6.78047348,6.92896369,6.75363756,6.8887105,4540800
2005-02-15,6.86992759,7.05777703,6.86992759,7.02199602,4217600
2005-02-16,7.06671989,7.08461005,6.95043182,6.97726774,8630400
2005-02-17,7.11144638,7.21878869,6.97816286,7.1382823,6800000
2005-02-18,7.15617332,7.36191358,7.11144724,7.27246141,2280000
2005-02-21,7.32612932,7.46925259,7.26530185,7.46925259,1718400
2005-02-22,7.91651551,8.08379128,7.71972105,7.74655628,22094400
2005-02-23,7.8583724,8.06858484,7.80022835,8.06053448,17702400
2005-02-24,8.14014483,8.57667103,8.14014483,8.5650425,10030400
2005-02-25,8.58830069,8.63213205,8.09541917,8.27432346,8680000
2005-02-28,8.40760969,8.40760969,8.0301214,8.09542179,8025600
2005-03-01,8.06948265,8.14014997,7.83601236,7.83601236,11718400
2005-03-02,7.83958778,8.05964003,7.71077644,8.02385902,12521600
2005-03-03,8.31815482,8.36377561,8.18487132,8.27432346,7931200
2005-03-04,8.37272338,8.54268265,8.32978672,8.54268265,7976000
2005-03-07,8.58740787,8.67686004,8.43533946,8.48632717,8262400
2005-03-08,8.44428473,8.45322981,8.19829127,8.33694172,6100800
2005-03-09,8.29221187,8.46217105,8.27342701,8.27342701,4528000
2005-03-10,8.30562995,8.36377397,7.94782144,8.08647251,5304000
2005-03-11,8.22870359,8.26090642,8.05248273,8.07752991,4892800
2005-03-14,8.07753076,8.16698293,7.89236481,7.96124268,3804800
2005-03-15,8.0506957,8.09542179,7.88968152,7.89862728,8774400
2005-03-16,7.91651716,7.91651716,7.69288673,7.82706499,10664000
2005-03-17,7.78233954,8.20634268,7.7250902,8.20276451,6942400
2005-03-18,8.18487038,8.20723341,8.00596611,8.06232071,5827200
2005-03-21,8.20097441,8.256435,7.97018766,7.97018766,4508800
2005-03-22,8.02833373,8.18398035,7.90310054,7.93440866,5945600
2005-03-23,7.89862417,8.00596646,7.45136347,7.46030855,6011200
2005-03-24,7.71971989,7.8181171,7.58017409,7.71971989,3739200
2005-03-28,7.78233856,7.8252759,7.48714613,7.52740002,6286400
2005-03-29,7.53276657,7.64905466,7.15706776,7.17406321,6857600
2005-03-30,7.31718613,7.42184498,7.20984314,7.39858723,5656000
2005-03-31,7.42542214,7.64368489,7.42542214,7.6034317,5920000
2005-04-01,7.69288402,7.78233616,7.54170968,7.55870581,3460800
2005-04-04,7.4960899,7.4960899,7.31897435,7.34402084,3777600
2005-04-05,7.43347472,7.49609165,7.20984431,7.26351547,4352000
2005-04-06,7.33507707,7.33507707,7.15169987,7.15617275,7817600
2005-04-07,7.23668212,7.2903533,7.12933909,7.2903533,6355200
2005-04-08,7.2903533,7.38875057,7.15617502,7.2903533,2724800
2005-04-11,7.29929513,7.3028733,7.17227324,7.25456905,1840000
2005-04-12,7.25277982,7.25277982,7.02199313,7.08908224,6411200
2005-04-13,7.15617181,7.20089789,6.74469207,6.75453186,20729600
2005-04-14,6.79836633,6.80104978,6.39583148,6.43161249,15702400
2005-04-15,6.30637704,6.54789759,6.25270589,6.3958292,11260800
2005-04-18,6.36004773,6.51122208,6.27954066,6.42266464,6537600
2005-04-19,6.54342656,6.60783224,6.48528252,6.57473469,10449600
2005-04-20,6.63735074,6.70891275,6.48617704,6.49422741,17505600
2005-04-22,6.64539914,6.64539914,6.35110154,6.46738958,5444800
2005-04-25,6.45844593,6.69102211,6.44055578,6.64629602,3113600
2005-04-26,6.6203549,6.69728382,6.5031721,6.51211786,7032000
2005-04-27,6.44055528,6.44144999,6.28848689,6.3958292,14113600
2005-04-28,6.27954048,6.27954048,5.99597734,6.05591011,12876800
2005-04-29,6.172198,6.26075543,5.96645779,6.12747192,9217600
2005-05-02,6.1900893,6.1900893,5.9619867,6.08274698,7198400
2005-05-03,6.09258576,6.17040937,6.02012974,6.05143785,7182400
2005-05-04,6.17040985,6.25807258,6.05680523,6.21692467,6272000
2005-05-05,6.26165151,6.31532267,6.06485702,6.13641834,3883200
2005-05-06,6.21692571,6.301905,6.18114471,6.20798063,1979200
2005-05-09,6.27954196,6.30637789,6.18472288,6.30637789,3003200
2005-05-10,6.30637818,6.35110427,6.06485759,6.10063791,6316800
2005-05-11,6.1274721,6.21602954,5.96645796,6.05591011,7099200
2005-05-12,6.06306566,6.10421357,5.71151874,5.77860785,14360000
2005-05-13,5.79649943,5.82780755,5.56302893,5.72493744,9131200
2005-05-16,5.72493978,5.97540617,5.6354876,5.97540617,3028800
2005-05-17,5.91278717,6.05412173,5.85911601,5.99329424,4800000
2005-05-18,6.05412248,6.3287406,6.05412248,6.3287406,6251200
2005-05-19,6.21692572,6.41372022,6.17756655,6.30637789,5459200
2005-05-20,6.30637788,6.32426804,6.16325455,6.20798063,3380800
2005-05-23,6.15878238,6.24286765,6.15878238,6.19456339,1963200
2005-05-24,6.14983511,6.35110244,6.14983511,6.34215736,3166400
2005-05-25,6.35110442,6.35110442,6.17220007,6.27864838,5240000
2005-05-27,6.3511039,6.40924794,6.27775315,6.31890106,3638400
2005-05-30,6.31979433,6.42624192,6.30637637,6.34215736,1744000
2005-05-31,6.39582894,6.4137191,6.22139751,6.25717783,8358400
2005-06-01,6.25270542,6.45844496,6.21692442,6.42266464,5419200
2005-06-02,6.47186509,6.55952853,6.39583088,6.51122427,8500800
2005-06-03,6.47544117,6.55237007,6.39672352,6.52553415,3859200
2005-06-06,6.40477236,6.44055335,6.31532023,6.36899137,4166400
2005-06-07,6.3511031,6.44950034,6.24465482,6.29743195,8268800
2005-06-08,6.35110381,6.39135701,6.2187143,6.2598629,4243200
2005-06-09,6.2169261,6.2169261,6.05591192,6.19009018,3699200
2005-06-10,6.15430976,6.26165209,6.0854312,6.22587109,3179200
2005-06-13,6.26165339,6.27954356,6.10958494,6.20350933,2547200
2005-06-14,6.19008857,6.26165056,6.02907511,6.26165056,5992000
2005-06-15,6.19008807,6.30190325,6.06932781,6.30190325,4792000
2005-06-16,6.33947338,6.55684211,6.33947338,6.47633505,9902400
2005-06-17,6.51211954,6.64629782,6.51211954,6.60067701,4491200
2005-06-20,6.53000915,6.57026235,6.35110479,6.51122427,3702400
2005-06-21,6.46381371,6.46381371,6.3063777,6.32426786,4737600
2005-06-22,6.3511027,6.3511027,6.1874051,6.28490829,4396800
2005-06-23,6.27954195,6.27954195,6.02460341,6.10958338,7804800
2005-06-24,6.10779289,6.10779289,5.95304104,5.99329424,6544000
2005-06-27,5.99418842,6.20797899,5.92173172,6.15430784,5083200
2005-06-28,6.19903282,6.36899132,6.16414655,6.31442547,3232000
2005-06-29,6.31532172,6.34215763,6.24376041,6.26165056,5496000
2005-06-30,6.33321195,6.33321195,6.15162353,6.19903374,6516800
2005-07-01,6.24823401,6.33500272,6.18114488,6.30548334,4246400
2005-07-04,6.17219909,6.34215834,6.17219909,6.29832697,939200
2005-07-05,6.26164963,6.35557464,6.22586864,6.26522779,3000000
2005-07-06,6.26165111,6.43876668,6.23928807,6.41819239,9009600
2005-07-07,6.30637683,6.42534835,6.30637683,6.41282511,10790400
2005-07-08,6.41819153,6.66418493,6.41282461,6.6015687,6564800
2005-07-11,6.66418696,6.75006097,6.61946087,6.63735104,4688000
2005-07-12,6.63735051,6.67313151,6.53090289,6.60604239,3753600
2005-07-13,6.60604241,6.72411924,6.60604241,6.70801783,8190400
2005-07-14,6.72411897,6.74469327,6.58904669,6.64629602,8275200
2005-07-15,6.57473411,6.59530841,6.46739178,6.48528194,5571200
2005-07-18,6.48528158,6.54789782,6.41371958,6.50048828,2963200
2005-07-19,6.44055785,6.65345383,6.36899583,6.65345383,7649600
2005-07-20,6.5747338,6.8341452,6.5747338,6.80552053,9299200
2005-07-21,6.80820323,6.97726774,6.72769616,6.97726774,8376000
2005-07-22,6.9343295,7.08460912,6.8887094,7.07566404,12307200
2005-07-25,6.96921432,7.0667168,6.88781257,7.06492805,7336000
2005-07-26,6.97726734,7.05866912,6.92359619,7.01215363,3620800
2005-07-27,7.02915036,7.04882994,6.95043203,7.0309391,3385600
2005-07-28,7.03988504,7.12665375,6.99515896,7.06672096,3273600
2005-07-29,7.11144692,7.11144692,6.89944505,7.02110004,5691200
2005-08-01,6.93254292,7.05509264,6.93254292,6.97816372,3400000
2005-08-02,7.04883298,7.15975351,7.04883298,7.11144924,4960000
2005-08-03,7.14275589,7.26798907,7.06672168,7.15170097,8953600
2005-08-04,7.02199488,7.17853617,7.00947163,7.06672096,4230400
2005-08-05,7.15527958,7.15527958,6.90749734,7.02199602,5028800
2005-08-08,7.06672059,7.21073862,7.02199451,7.18300867,5108800
2005-08-09,7.18390548,7.40216905,7.18390548,7.29751015,9526400
2005-08-10,7.32613125,7.42452848,7.21878826,7.33507633,7798400
2005-08-11,7.37085779,7.57570331,7.24562463,7.31092501,9188800
2005-08-12,7.06850799,7.37532887,7.06850799,7.35296583,6169600
2005-08-15,7.4245318,7.4245318,7.26351758,7.40216875,6142400
2005-08-16,7.36996186,7.42452772,7.192847,7.2232604,7168000
2005-08-17,7.22326226,7.26709363,7.11413051,7.19195414,9707200
2005-08-18,7.15617534,7.20090143,7.06672315,7.11144924,4750400
2005-08-19,7.14722803,7.28140628,7.04077974,7.2626214,13664000
2005-08-22,7.33418057,7.42452742,7.27603655,7.41468763,4644800
2005-08-23,7.36638783,7.38875088,7.21252996,7.29124832,5435200
2005-08-24,7.19195635,7.20090143,7.05330518,7.11144924,7148800
2005-08-25,7.15527909,7.2724619,7.06672163,7.24562597,5153600
2005-08-26,7.22863003,7.29035225,7.13828383,7.20090008,7232000
2005-08-29,7.15617183,7.27245989,7.12665245,7.25456905,3440000
2005-08-30,7.29661368,7.29661368,7.19284952,7.24562597,5425600
2005-08-31,7.29035005,7.37085712,7.24115109,7.25456905,8417600
2005-09-01,7.25367455,7.37980241,7.24562418,7.36191225,4961600
2005-09-02,7.38874757,7.51398072,7.35743945,7.49161768,3860800
2005-09-05,7.51398174,7.65621035,7.51398174,7.64815998,2243200
2005-09-06,7.63831831,7.63831831,7.48714397,7.58106899,10283200
2005-09-08,7.5721273,7.58554526,7.48267511,7.54081917,9374400
2005-09-09,7.55870965,7.7063059,7.55870965,7.68841505,5075200
2005-09-12,7.64905261,7.80022626,7.64905261,7.69288397,6409600
2005-09-13,7.69288384,7.72329724,7.5774905,7.6034317,6641600
2005-09-14,7.60790802,7.71077748,7.57659921,7.66605139,6632000
2005-09-15,7.73761038,7.89862451,7.7286653,7.86284351,14558400
2005-09-16,7.9505068,8.19381675,7.9505068,8.18487167,10926400
2005-09-19,8.18487483,8.20276499,8.05516943,8.13120365,7353600
2005-09-20,8.09989365,8.14014685,8.03280453,8.08110809,5350400
2005-09-21,8.05069705,8.57399222,8.03280688,8.51584816,14579200
2005-09-22,8.52479392,8.53373901,8.30116345,8.51584816,5030400
2005-09-23,8.53373853,8.74842391,8.48901244,8.72606087,12936000
2005-09-26,8.75736709,8.87812738,8.54715464,8.82445621,9374400
2005-09-27,8.80030004,8.82713595,8.56056831,8.79224968,10136000
2005-09-28,8.85397752,8.98099946,8.81104017,8.82803631,11350400
2005-09-29,8.88260241,8.8915475,8.58740992,8.83787632,11313600
2005-09-30,8.87365646,8.90943747,8.6956468,8.8557663,8585600
2005-10-03,8.81103383,8.82892398,8.6589655,8.75557327,8998400
2005-10-04,8.75557698,8.78330761,8.58740717,8.61871529,6712000
2005-10-05,8.49795759,8.51137555,8.14909393,8.17682457,13344000
2005-10-06,8.11778333,8.16698229,7.69020212,7.84405994,16241600
2005-10-07,7.96123999,8.05069212,7.88967801,7.91651392,8124800
2005-10-10,7.97913183,8.22870342,7.97913183,8.19381714,7008000
2005-10-11,8.31815751,8.49795658,8.24749021,8.2922163,5284800
2005-10-13,7.87178951,8.03727586,7.75102924,7.92993355,9451200
2005-10-14,8.03727667,8.05069463,7.6481599,8.04979992,9000000
2005-10-17,7.92546167,8.01491384,7.88968067,7.96124268,6881600
2005-10-18,8.00507331,8.07305714,7.66247207,7.70093584,6929600
2005-10-19,7.60432966,7.80917522,7.44242076,7.71077728,12080000
2005-10-20,7.82259037,7.86284424,7.43257893,7.49161768,11323200
2005-10-21,7.54976063,7.84495228,7.47014828,7.80022621,7451200
2005-10-24,7.80022933,8.09184361,7.79575713,8.09184361,9646400
2005-10-25,8.05069354,8.26985104,7.90846495,7.95676851,8833600
2005-10-26,7.88521015,8.20634316,7.88073726,8.13120365,10588800
2005-10-27,8.10436645,8.20723658,7.87268565,8.00149632,5828800
2005-10-28,8.05069423,8.13746293,8.00596815,8.03727627,7476800
2005-10-31,8.05069396,8.353042,8.05069396,8.33425713,7484800
2005-11-01,8.3369419,8.60529841,8.3369419,8.56951809,9387200
2005-11-03,8.63213299,8.78330735,8.63123828,8.67596436,9612800
2005-11-04,8.63123775,8.67238566,8.31904994,8.45233345,7225600
2005-11-07,8.48006505,8.60529753,8.42639321,8.55073166,4585600
2005-11-08,8.51673854,8.58740581,8.40850152,8.46127796,4976000
2005-11-09,8.49884778,8.49884778,8.22601849,8.35482979,9473600
2005-11-10,8.31189157,8.31189157,7.84942424,8.08647251,22233600
2005-11-11,8.05158646,8.16697979,7.99254773,8.16697979,7758400
2005-11-14,8.14014761,8.2206547,7.94335311,8.13209724,3731200
2005-11-16,8.12672775,8.24748802,8.07752948,8.24748802,3635200
2005-11-17,8.32352388,8.52031836,8.319051,8.49795532,5105600
2005-11-18,8.48900882,8.55162504,8.42460316,8.52478981,3131200
2005-11-21,8.49795608,8.57846317,8.45323,8.56951809,4462400
2005-11-22,8.44875634,8.66791454,8.40939785,8.66344166,7609600
2005-11-23,8.66791449,8.9577393,8.66791449,8.89959526,6060800
2005-11-24,8.80656282,8.85576177,8.76630963,8.79851246,2096000
2005-11-25,8.81103714,8.91837945,8.75736598,8.84592342,2771200
2005-11-28,8.84592526,8.92643235,8.61424446,8.61424446,4268800
2005-11-29,8.61424578,8.740373,8.49795766,8.64018631,2860800
2005-11-30,8.5516285,8.64108068,8.4711214,8.56057358,6793600
2005-12-01,8.59635331,8.90049082,8.58740823,8.83697987,7732800
2005-12-02,8.90048831,9.02572145,8.77167701,8.84234428,4182400
2005-12-05,8.68580246,8.8423437,8.65896723,8.68580246,3924800
2005-12-06,8.56057358,8.73053286,8.49795732,8.56057358,3846400
2005-12-07,8.25196075,8.54446898,8.25196075,8.25196075,6230400
2005-12-08,8.28326988,8.36377696,8.15803672,8.28326988,4752000
2005-12-09,8.4791708,8.52926379,8.31905134,8.4791708,3102400
2005-12-12,8.48006439,8.63213278,8.43176015,8.48006439,4564800
2005-12-13,8.56951809,8.58651354,8.36377783,8.56951809,5000000
2005-12-14,8.49884987,8.65002355,8.4845372,8.49884987,5537600
2005-12-15,8.4666481,8.54268231,8.31815717,8.4666481,2659200
2005-12-16,8.58740902,8.65897103,8.52479277,8.58740902,3507200
2005-12-19,8.57846165,8.6679138,8.50332148,8.57846165,5120000
2005-12-20,8.47559166,8.58740685,8.40045218,8.47559166,3851200
2005-12-21,8.60529804,8.67686005,8.47559268,8.60529804,11326400
2005-12-22,8.63213539,8.63213539,8.49795712,8.63213539,1521600
2005-12-23,8.55162811,8.65002537,8.52479287,8.55162811,1640000
2005-12-26,8.48453903,8.55162817,8.41029356,8.48453903,1116800
2005-12-27,8.52300262,8.5874083,8.48453816,8.52300262,4009600
2005-12-28,8.56057358,8.6321356,8.40850514,8.56057358,4016000
2005-12-29,8.54268265,8.71622008,8.40134805,8.54268265,2744000
2006-01-02,8.56951809,8.56951809,8.36377783,8.56951809,2166400
2006-01-03,8.90943623,8.98994332,8.58740854,8.90943623,7027200
2006-01-04,9.04808807,9.12322758,8.92732777,9.04808807,4862400
2006-01-05,9.03466988,9.07939596,8.92285465,9.03466988,3678400
2006-01-06,9.14290524,9.20015456,9.04361328,9.14290524,3398400
2006-01-09,9.14290272,9.16347701,9.05702875,9.12411785,4500800
2006-01-10,9.07939529,9.14201154,8.97205296,9.07939529,4604800
2006-01-11,9.16884839,9.45509509,9.15095823,9.42825985,6966400
2006-01-12,9.51770786,9.75028329,9.42378284,9.61610508,9715200
2006-01-13,9.61610826,9.69661535,9.50876593,9.59016705,5180800
2006-01-16,9.58032638,9.80842966,9.53649501,9.77712154,1982400
2006-01-17,9.7055564,9.78606345,9.54633171,9.66172504,6176000
2006-01-18,9.59821797,9.61610814,9.48192988,9.54454613,5414400
2006-01-19,9.62505104,9.90682545,9.62505104,9.84152508,5406400
2006-01-20,9.75028614,9.8039573,9.53202263,9.58479977,6508800
2006-01-23,9.52665675,9.57138284,9.39695137,9.44704437,3889600
2006-01-24,9.52576321,9.7905416,9.52576321,9.75923347,10032000
2006-01-25,9.75923347,9.75923347,9.75923347,9.75923347,0
2006-01-26,9.76012842,9.8791,9.63400051,9.87462711,8251200
2006-01-27,9.91130114,9.97391739,9.75028696,9.88446522,4307200
2006-01-30,9.83973998,9.96855134,9.7502878,9.92024708,5678400
2006-01-31,9.90682617,10.12508965,9.73686694,10.12508965,12916800
2006-02-01,10.09020549,10.10809565,9.96318289,10.08125973,6772800
2006-02-02,10.02758719,10.06336819,9.6474155,9.77712154,6028800
2006-02-03,9.77264711,9.80395523,9.39694836,9.63399601,6568000
2006-02-06,9.66083436,9.70645516,9.57138219,9.59374523,6646400
2006-02-07,9.57138148,9.57138148,9.27171687,9.28602886,9105600
2006-02-08,9.25829618,9.25829618,8.97026019,9.1867342,6446400
2006-02-09,9.25829646,9.38352959,9.1777894,9.29854965,7700800
2006-02-10,9.39247412,9.45509034,8.94074057,9.00782967,11041600
2006-02-13,8.94521634,8.98099734,8.77167892,8.77167892,5259200
2006-02-14,8.83697891,8.98099694,8.72158554,8.93179798,11539200
2006-02-15,8.94521601,9.16437353,8.94521601,9.11517525,7960000
2006-02-16,9.16437218,9.22698909,8.81103647,9.10622883,23816000
2006-02-17,8.85576448,9.0793949,8.78957007,8.97205257,7574400
2006-02-20,8.94521848,8.94521848,8.81998529,8.8557663,2345600
2006-02-21,8.91301483,9.09191918,8.89244121,9.0275135,5910400
2006-02-22,9.07939178,9.23146014,9.02572064,9.12411785,5492800
2006-02-23,9.10175674,9.34506671,8.96757851,9.22251701,6212800
2006-02-24,9.22251683,9.37726936,9.18673583,9.29407883,2430400
2006-02-27,9.29407883,9.29407883,9.29407883,9.29407883,0
2006-02-28,9.29407883,9.29407883,9.29407883,9.29407883,0
2006-03-01,9.03466893,9.18047572,9.00872772,9.13306618,8136000
2006-03-02,9.1464806,9.16884363,8.97652141,9.0123024,6476800
2006-03-03,9.01320038,9.04361378,8.93179858,9.02482891,13134400
2006-03-06,9.05255996,9.09728604,8.80388301,8.91838169,7494400
2006-03-07,8.89959521,8.89959521,8.45412384,8.6044035,16947200
2006-03-08,8.50421714,8.5784626,8.26090714,8.42639351,14201600
2006-03-09,8.48006497,8.63213337,8.09542041,8.17413807,8952000
2006-03-10,8.21975844,8.35125321,8.09542,8.23228168,7744000
2006-03-13,8.29579512,8.40850506,8.23407358,8.30116272,5192000
2006-03-14,8.26895812,8.3995582,8.18934575,8.37093353,7046400
2006-03-15,8.40850173,8.59903456,8.40850173,8.54178524,16121600
2006-03-16,8.59903724,8.65002495,8.34588811,8.51495266,6128000
2006-03-17,8.52479249,8.57846365,8.45770336,8.54268265,3790400
2006-03-20,8.58740968,8.6589717,8.56057375,8.64108086,2836800
2006-03-21,8.62318957,8.67686074,8.51584656,8.54357719,6443200
2006-03-22,8.58651354,8.58651354,8.45412471,8.56951809,6315200
2006-03-23,8.58651137,8.67685823,8.47111802,8.57309341,6792000
2006-03-24,8.58740798,8.77078519,8.58740798,8.72158623,7988800
2006-03-27,8.73052917,8.99709686,8.69474817,8.9273243,11796800
2006-03-28,8.88260023,9.13306588,8.88260023,8.98994255,7315200
2006-03-29,9.0275139,9.24846089,9.00783431,9.19568443,7761600
2006-03-30,9.25829898,9.58927172,9.25829898,9.47298431,8323200
2006-03-31,9.48192605,9.48192605,9.25829572,9.44614506,4729600
2006-04-03,9.44704349,9.6849859,9.41036777,9.48192978,5409600
2006-04-04,9.52665394,9.52665394,9.32985948,9.3871088,7950400
2006-04-05,9.39247732,9.48192949,9.25829908,9.43720341,3036800
2006-04-06,9.4372037,9.49176957,9.34775153,9.48192978,4158400
2006-04-07,9.28424063,9.50876577,9.24935434,9.41841888,5408000
2006-04-10,9.30391986,9.37458715,9.21357298,9.33880615,4897600
2006-04-11,9.34774867,9.40141982,9.13485282,9.16794968,3462400
2006-04-12,9.15095564,9.2046268,9.04361265,9.19120884,6336000
2006-04-13,9.03735369,9.2135746,8.99083886,9.19568443,2377600
2006-04-14,9.19568443,9.19568443,9.19568443,9.19568443,0
2006-04-17,9.21446763,9.36206384,9.21357292,9.30391979,5115200
2006-04-18,9.39247796,9.55349214,9.3745878,9.54096889,10328000
2006-04-19,9.57138195,9.61700274,9.39247761,9.48192978,8932800
2006-04-20,9.47745676,9.55796384,9.24845943,9.43273067,6904000
2006-04-21,9.43273067,9.43273067,9.43273067,9.43273067,0
2006-04-24,9.57138154,9.76817603,9.57138154,9.71629429,12483200
2006-04-25,9.71450448,9.83884293,9.63936499,9.72792244,7435200
2006-04-26,9.9112978,10.06783905,9.6393632,9.9112978,40425600
2006-04-27,9.77712221,9.77712221,9.4372037,9.48192978,18736000
2006-04-28,9.57138001,9.70108536,9.51591943,9.57316875,11476800
2006-05-01,9.57316875,9.57316875,9.57316875,9.57316875,0
2006-05-02,9.99180365,10.01863956,9.73686519,10.01863956,10510400
2006-05-03,10.00880219,10.04547791,9.79858975,9.97838879,12982400
2006-05-04,9.97838766,10.18770537,9.93813379,10.16534233,8444800
2006-05-05,10.10809237,10.36124211,10.10809237,10.30488682,13617600
2006-05-08,10.29683631,10.5016818,10.25658312,10.47484589,10366400
2006-05-09,10.48379064,10.7333622,10.40596772,10.7333622,335964480
2006-05-10,10.64480741,10.70384617,10.52404713,10.65285778,241101792
2006-05-11,10.64480919,10.75662442,10.37645266,10.48468971,312138368
2006-05-12,10.36750606,10.42117722,10.12240732,10.3746624,286096608
2006-05-15,10.15371249,10.24674279,9.90682439,10.01863956,336356608
2006-05-16,10.10809428,10.17876157,9.65188839,9.72344971,349243456
2006-05-17,9.66083115,9.82989564,9.36116662,9.61610508,347101888
2006-05-18,9.66083381,9.69661481,9.25829907,9.33880615,2360000
2006-05-19,9.3388062,9.4649334,9.04629723,9.4649334,2304400
2006-05-22,9.204628,9.42825841,8.99888775,9.30302525,2349400
2006-05-23,9.57138101,9.72344941,9.21536112,9.24219704,146583888
2006-05-24,9.34775095,9.47298412,9.00962189,9.39247704,124446656
2006-05-25,9.44793987,9.7950141,9.32449542,9.75028801,84915408
2006-05-26,9.92918857,10.14387386,9.7359716,9.95065689,96655568
2006-05-29,9.92919005,9.92919005,9.73239557,9.83973789,499400
2006-05-30,9.66083216,9.83615829,9.57316875,9.57316875,122786872
2006-05-31,9.61074238,9.76817772,9.42825985,9.42825985,138653024
2006-06-01,9.46403944,9.56422542,9.37458727,9.49981976,133833392
2006-06-02,9.74491876,9.74491876,9.44614818,9.63578701,106380368
2006-06-05,9.63578766,9.63578766,9.19926064,9.33701706,74687616
2006-06-06,9.39247858,9.39247858,8.90228035,9.03466988,96725752
2006-06-07,9.12591022,9.12591022,8.59635353,8.59635353,115625744
2006-06-08,8.58740817,8.71085192,8.2295995,8.65002441,111014736
2006-06-09,8.71621822,8.85576336,8.5874069,8.74663162,116869296
2006-06-12,8.81998525,8.81998525,8.41208351,8.44428635,117166168
2006-06-13,8.35483353,8.35483353,8.08468757,8.14014816,118503344
2006-06-14,8.14193335,8.49795316,8.14193335,8.41028976,211048624
2006-06-15,8.41028976,8.41028976,8.41028976,8.41028976,0
2006-06-16,8.62497964,8.75379101,8.43713019,8.72874451,90079568
2006-06-19,8.73232023,8.79314773,8.38703483,8.49795532,100472192
2006-06-20,8.44428549,8.7215871,8.3888249,8.40850449,67923448
2006-06-21,8.44428571,8.96310793,8.35125536,8.89333534,138408992
2006-06-22,8.92016885,9.0346675,8.77525612,8.82177162,188006880
2006-06-23,8.91838188,8.92374948,8.71264228,8.80209446,139962272
2006-06-26,8.8557663,9.03467067,8.67865067,8.8557663,1339000
2006-06-27,8.87365284,9.03466698,8.69653797,8.69653797,41097584
2006-06-28,8.7663127,8.83787471,8.66433728,8.82892895,65482868
2006-06-29,8.89154688,9.23504293,8.85576587,9.19568443,111172304
2006-06-30,9.24935473,9.37458791,9.21357373,9.3531189,107533304
2006-07-03,9.31912817,9.58927345,9.30302675,9.58927345,44658040
2006-07-04,9.58927191,9.59463951,9.48014084,9.55349159,27669252
2006-07-05,9.31913037,9.46404318,9.12770272,9.23325634,96841976
2006-07-06,9.41036454,9.41036454,9.14200813,9.1867342,67001656
2006-07-07,9.3030263,9.3030263,9.05255994,9.16884804,57791624
2006-07-10,9.20462859,9.2099955,9.04361441,9.14558983,70077504
2006-07-11,9.12412118,9.15990219,8.94521685,9.15095711,92302248
2006-07-12,9.15990357,9.26545717,9.01141262,9.01141262,72269968
2006-07-13,8.98099946,8.98099946,8.81104017,8.84860992,61901496
2006-07-14,8.90943747,8.94521848,8.70369786,8.8557663,86490064
2006-07-17,8.78420403,8.83787589,8.52121508,8.56057358,1552200
2006-07-18,8.59814054,8.69474834,8.40850175,8.52478981,71873312
2006-07-19,8.5874061,9.10622883,8.5874061,9.10622883,132591360
2006-07-20,9.07044838,9.19210336,8.69296019,8.70548344,1271800
2006-07-21,8.87365453,8.87365453,8.37272254,8.50690079,169801664
2006-07-24,8.58740887,8.67686104,8.46754328,8.61245537,96046040
2006-07-25,8.67685802,8.94521445,8.66791294,8.9273243,1797200
2006-07-26,8.93448397,8.96310865,8.81282895,8.8557663,951200
2006-07-27,8.89154675,9.08834127,8.89154675,8.96668625,1587000
2006-07-28,8.95058386,9.25829954,8.94879512,9.21357346,86189384
2006-07-31,8.99888735,9.21357268,8.98099719,9.04361343,48792044
2006-08-01,9.06150503,9.06150503,8.87365493,9.01677895,80277280
2006-08-02,9.05255587,9.28513197,9.05255587,9.12411785,103715264
2006-08-03,9.13485645,9.37279889,9.13485645,9.26724529,109039824
2006-08-04,9.32270428,9.48192901,9.28692328,9.41036701,117211880
2006-08-07,9.41036689,9.41036689,9.22251749,9.24935341,67372816
2006-08-08,9.3209151,9.33343835,9.12590936,9.15990162,82685968
2006-08-09,9.25829776,9.29765692,8.89512224,8.94521523,96785024
2006-08-10,8.91659199,8.94521665,8.72158624,8.81998348,114699920
2006-08-11,8.70727537,8.81819657,8.62140135,8.65897179,1728800
2006-08-14,8.7663122,8.77346854,8.48901063,8.50690079,52316448
2006-08-15,8.61602987,8.63928761,8.3297833,8.35482979,186845200
2006-08-16,8.42996826,8.63749717,8.39060979,8.57666969,144495568
2006-08-17,8.5784642,8.74842347,8.5784642,8.72695446,95705976
2006-08-18,8.73947658,8.73947658,8.57846309,8.65002441,36681692
2006-08-21,8.64107623,8.64107623,8.45322688,8.47469521,119586568
2006-08-22,8.54983968,8.55162842,8.23675704,8.30116272,69473336
2006-08-23,8.31905155,8.31905155,7.97913305,8.04532814,105616928
2006-08-24,7.93619807,8.10436793,7.87179238,8.05964184,81798272
2006-08-25,8.12404306,8.17592546,8.05069233,8.11151981,83577720
2006-08-28,8.14014571,8.28505844,8.08647456,8.24748802,70896840
2006-08-29,8.28506103,8.31905262,8.03280592,8.20276451,92270016
2006-08-30,8.24748868,8.2743246,8.13120128,8.25643444,56013552
2006-08-31,8.27432412,8.33157344,8.15803605,8.22959805,110228760
2006-09-01,8.2671689,8.54983807,8.22065407,8.54983807,83313936
2006-09-04,8.49974458,8.65897001,8.49974458,8.63034534,28550062
2006-09-05,8.56773009,8.71622105,8.53373851,8.64108086,86704616
2006-09-06,8.62139624,8.69474696,8.46217155,8.46217155,89080464
2006-09-07,8.46217155,8.46217155,8.46217155,8.46217155,0
2006-09-08,8.46217552,8.4711206,8.31905218,8.33873177,42030768
2006-09-11,7.99881223,8.21170881,7.96839882,8.03280449,2636000
2006-09-12,8.05964042,8.10436651,7.80917475,7.96482134,1955800
2006-09-13,7.98807617,8.23496357,7.92545926,8.12225437,1630600
2006-09-14,8.1580366,8.2653796,8.03459287,8.06858444,1257800
2006-09-15,8.08647642,8.2117096,7.94335309,8.05069542,866400
2006-09-18,8.14014365,8.14014365,7.97734081,8.08647251,903200
2006-09-19,7.889679,8.08468471,7.84495293,7.9916544,1080800
2006-09-20,7.96840055,7.99702522,7.75729334,7.85390186,1557200
2006-09-21,7.87000209,8.02564867,7.75371399,8.01312542,1558200
2006-09-22,7.925461,8.01491316,7.83600884,7.88073492,3207400
2006-09-25,7.88968087,7.91651679,7.64279338,7.82169771,2155200
2006-09-26,7.83600925,8.14014674,7.80022825,8.11331081,2161800
2006-09-27,8.14014636,8.28326968,8.13120128,8.25643444,2618200
2006-09-28,8.26359175,8.36377843,8.23496708,8.3172636,1921000
2006-09-29,8.26537974,8.45501788,8.20813041,8.38166714,1545600
2006-10-02,8.43533998,8.58561965,8.42997238,8.48722172,1974000
2006-10-03,8.48006453,8.48006453,8.15803623,8.15803623,1074800
2006-10-04,8.15624856,8.47111988,8.06321822,8.47111988,2334600
2006-10-05,8.49974256,8.67685811,8.48006366,8.65538979,2392800
2006-10-06,8.56951739,8.62318855,8.51584555,8.60708714,1483400
2006-10-09,8.58561799,8.92732519,8.56951658,8.76809978,1840000
2006-10-10,8.76631065,8.9434262,8.76631065,8.90406704,1224000
2006-10-11,8.85576468,9.05613735,8.7859921,8.99888802,1876800
2006-10-12,8.99888802,8.99888802,8.99888802,8.99888802,0
2006-10-13,9.15990238,9.2618778,9.05613754,9.07939529,1968400
2006-10-16,9.08833864,9.31554719,9.08476047,9.3012352,2448000
2006-10-17,9.16884836,9.19568429,9.03467009,9.12233353,1484400
2006-10-18,9.17779213,9.3137598,9.08833996,9.16169071,3017600
2006-10-19,9.21357346,9.37100947,9.04182546,9.31197071,1678600
2006-10-20,9.27619061,9.33343995,9.16705953,9.20283985,1372200
2006-10-23,9.21357179,9.3012352,9.05434706,9.3012352,1131200
2006-10-24,9.32091195,9.73239231,9.26724081,9.73239231,3140800
2006-10-25,9.69840331,9.94350273,9.61610749,9.83973789,3721200
2006-10-26,9.88804224,9.92024507,9.51771034,9.80395699,2285400
2006-10-27,9.714507,9.85763036,9.66083583,9.75028801,1724200
2006-10-30,9.70555779,9.73954936,9.55348942,9.60716057,972000
2006-10-31,9.60716267,9.69661483,9.58211617,9.68766975,2184000
2006-11-01,9.79680197,10.04547959,9.79680197,9.9649725,3964400
2006-11-02,9.9649725,9.9649725,9.9649725,9.9649725,0
2006-11-03,10.07231435,10.17965736,10.00075302,10.09020519,879400
2006-11-06,10.10988339,10.3746624,10.1063059,10.3746624,1287000
2006-11-07,10.30488906,10.38539614,10.18860165,10.2619524,1382600
2006-11-08,10.16176473,10.30488805,10.12598373,10.25121689,1314400
2006-11-09,10.42296651,10.80403295,10.41402143,10.55535603,3942600
2006-11-10,10.54462326,10.60902894,10.32278223,10.3764534,1831800
2006-11-13,10.23511584,10.23511584,9.98286078,10.1617651,1945200
2006-11-14,10.14566321,10.34066893,10.02937581,10.18860054,2710400
2006-11-15,10.18860054,10.18860054,10.18860054,10.18860054,0
2006-11-16,10.28699826,10.41938775,10.1617651,10.1617651,1624200
2006-11-17,10.10809255,10.19575596,9.85762627,10.19575596,2225200
2006-11-20,10.19575596,10.19575596,10.19575596,10.19575596,0
2006-11-21,10.10809614,10.41044426,10.07410456,10.41044426,2149600
2006-11-22,10.46590016,10.5195713,10.23511348,10.5195713,1654000
2006-11-23,10.5195736,10.5553546,10.44801228,10.52851868,992800
2006-11-24,10.30309738,10.55535239,10.30309738,10.53746223,1451200
2006-11-27,10.46590519,10.57324753,10.37466427,10.46590519,1416600
2006-11-28,10.46590218,10.50168318,10.23332671,10.39612961,1383800
2006-11-29,10.48200267,10.7342577,10.4480111,10.7342577,1221200
2006-11-30,10.77004187,10.82371303,10.55535651,10.68416786,1394400
2006-12-01,10.68416669,10.82371184,10.46769193,10.50168419,991000
2006-12-04,10.63586353,11.04734339,10.53746627,11.01871872,1745000
2006-12-05,11.02229369,11.37831286,11.00440285,11.35147762,2741200
2006-12-06,11.35863826,11.36937209,11.18152264,11.324646,1529600
2006-12-07,11.36937398,11.37831906,11.21551609,11.21551609,2434600
2006-12-08,11.19940994,11.2083557,10.99367039,11.12784863,1367000
2006-12-11,11.18331149,11.3246461,11.12785157,11.28886509,1851200
2006-12-12,11.22087772,11.28886086,11.03123892,11.18151855,1094000
2006-12-13,11.20120157,11.21730299,11.04734372,11.1725769,2011400
2006-12-14,11.1815218,11.48565865,11.1815218,11.48565865,2398000
2006-12-15,11.62877936,11.62877936,11.28886092,11.4319849,2410200
2006-12-18,11.30675594,11.5751118,11.23161575,11.28886509,843200
2006-12-19,11.26202898,11.30675507,11.00440628,11.30675507,1199600
2006-12-20,11.39441361,11.44808544,11.17436142,11.25129032,1200200
2006-12-21,11.66456042,11.66456042,11.09206717,11.19940948,2591800
2006-12-22,11.2727584,11.32285206,11.10101045,11.21729851,721200
2006-12-26,11.27097201,11.29780793,11.16720718,11.23698044,656200
2006-12-27,11.36937158,11.5107055,11.30675533,11.50355053,1271000
2006-12-28,11.51070388,11.61804757,11.3246439,11.3962059,2221800
2007-01-02,11.39620471,11.70034218,11.39620471,11.70034218,739800
2007-01-03,11.54111784,11.59300026,11.01871688,11.12784863,4913000
2007-01-04,11.09206741,11.18151956,10.78792994,10.94894409,2638600
2007-01-05,10.92747758,10.94715649,10.41223288,10.48379421,3246000
2007-01-08,10.5553565,10.87738419,10.5553565,10.87738419,2050600
2007-01-09,10.88811556,10.98472405,10.43190974,10.60007954,2368200
2007-01-10,10.44801642,11.0401895,10.37824314,11.00261974,1925600
2007-01-11,10.87917199,11.29959687,10.86843748,11.07059956,2036800
2007-01-12,11.08312231,11.4033612,11.03839623,11.37831402,1903600
2007-01-15,11.41409502,11.46239926,11.35147878,11.37831402,1171400
2007-01-16,11.27991551,11.40872682,11.21729928,11.23518944,2729000
2007-01-17,11.11890649,11.39620812,11.03839939,11.28886509,1842600
2007-01-18,11.33895772,11.47671415,11.1815217,11.22624779,2887400
2007-01-19,11.30675489,11.58226706,11.2316147,11.57868958,978400
2007-01-22,11.61089097,11.74149036,11.58405505,11.74149036,1400800
2007-01-23,11.73433347,12.37123376,11.73433347,12.33545208,3798800
2007-01-24,12.47141845,12.80954746,12.27820148,12.76303196,2296600
2007-01-26,12.43384974,12.62169981,12.40701382,12.59486389,2332400
2007-01-29,12.65747972,12.67179239,12.4016465,12.43384933,1679800
2007-01-30,12.40701122,12.5394,12.26388862,12.44279289,1682000
2007-01-31,12.38196847,12.72009754,12.3587114,12.72009754,1973600
2007-02-01,12.84532976,13.02602213,12.75587761,12.76482201,2355800
2007-02-02,12.72724893,12.90078628,12.53939891,12.73798275,1637600
2007-02-05,12.68252751,12.73798741,12.57697461,12.67537117,1124800
2007-02-06,12.66642783,12.98845482,12.66642783,12.98845482,1150600
2007-02-07,12.97235484,13.00634574,12.63959264,12.66642857,1842000
2007-02-08,12.5644536,12.75588121,12.42490705,12.73441219,1259000
2007-02-09,12.69325967,12.83101674,12.49646521,12.52330112,1709400
2007-02-12,12.55729422,12.67537036,12.40522446,12.46068573,2637400
2007-02-13,12.52330162,13.0779047,12.50541146,13.0779047,2988400
2007-02-14,13.39993345,13.76131957,13.11368682,13.43571377,3003600
2007-02-15,13.34984451,13.58778628,13.31942973,13.53411579,1406800
2007-02-16,13.41782569,13.51622362,13.34626368,13.47149754,1681400
2007-02-21,13.46076141,13.66829109,13.33552893,13.66829109,2133400
2007-02-22,13.81141369,14.13523146,13.70049388,13.75595379,2756000
2007-02-23,13.81141244,13.87224062,13.58778205,13.71122646,1293800
2007-02-26,13.73985159,13.8471939,13.68081284,13.72196007,1901000
2007-02-27,13.08505901,13.18524497,12.2978799,12.58412647,1901000
2007-02-28,12.80776467,13.06002052,12.59844686,12.97235775,4417400
2007-03-01,12.68073984,12.93478506,12.46963265,12.65927219,3883800
2007-03-02,12.52330275,12.7755585,12.33724209,12.42490482,2955000
2007-03-05,12.13149983,12.46426193,11.95975187,12.07782936,3874200
2007-03-06,12.43384741,12.9526701,12.42490165,12.9526701,3435000
2007-03-07,13.04212146,13.15304123,12.86321719,12.93477917,3696000
2007-03-08,13.16735909,13.30332677,12.75587993,12.97414207,2030600
2007-03-09,13.09579771,13.16735972,12.91689336,13.1315794,2031800
2007-03-12,13.07790525,13.47328362,13.07790525,13.30869198,1903200
2007-03-13,13.17630615,13.39099083,12.82923126,12.82923126,2466000
2007-03-14,12.72009626,13.11368656,12.63243353,13.11368656,2656000
2007-03-15,13.13157669,13.52695505,13.11368653,13.3909874,2593600
2007-03-16,13.3820444,13.54305721,13.11368791,13.22103024,2560800
2007-03-19,13.3444737,13.58420621,13.29259264,13.5788393,1158200
2007-03-20,13.46791715,13.67186797,13.39635515,13.51801014,3067400
2007-03-21,13.52516537,13.68617952,13.25680891,13.65039921,2035800
2007-03-22,13.73985248,13.75774263,13.55021297,13.57168198,2429600
2007-03-23,13.5788396,13.68975942,13.50727759,13.56989384,2133600
2007-03-26,13.65934194,13.83824622,13.56810037,13.77563,2080800
2007-03-27,13.67723918,13.77563714,13.59673276,13.59852219,1126600
2007-03-28,13.52517023,13.59673225,13.25681367,13.2586031,1766000
2007-03-29,13.42677145,13.55916028,13.23892134,13.47149754,1882600
2007-03-30,13.4714949,13.65039921,13.38204275,13.65039921,2020200
2007-04-02,13.65039976,13.69154699,13.52516592,13.67902374,1799800
2007-04-03,13.77742298,14.16564506,13.77742298,14.12449646,2583400
2007-04-04,14.11555347,14.48051851,14.09766331,14.40180016,2847800
2007-04-05,14.49124927,14.5699676,14.3499147,14.47335911,1252000
2007-04-09,14.58070142,14.63258384,14.47335911,14.47335911,1706200
2007-04-10,14.54492627,14.63795594,14.49125441,14.5807066,1691200
2007-04-11,14.58070051,14.93850912,14.58070051,14.67015266,2991800
2007-04-12,14.67015478,14.8490591,14.54671036,14.8490591,1636800
2007-04-13,14.85084955,14.99218415,14.75781853,14.8633728,2239400
2007-04-16,15.00828035,15.28558254,15.00112402,15.28558254,1664800
2007-04-17,15.33388761,15.49311233,15.23727913,15.36787987,2648600
2007-04-18,15.13530177,15.26411307,14.99575665,15.11741161,3137000
2007-04-19,15.01007227,15.01007227,14.67552071,14.93672085,2901800
2007-04-20,15.02795913,15.24264371,15.02795913,15.2068634,2894200
2007-04-23,15.18718851,15.45375558,15.15140819,15.2873745,1253600
2007-04-24,15.20507969,15.44123337,15.09952678,15.26054096,1968400
2007-04-25,15.35893878,15.48775013,15.20508092,15.30526829,2439600
2007-04-26,15.01007671,15.35715025,14.96535062,14.99218655,2431200
2007-04-27,14.8311709,15.04585557,14.52703268,14.99934006,2058000
2007-04-30,15.01722791,15.18718645,14.85800319,15.02796173,1749600
2007-05-02,14.92240939,15.22475675,14.8258009,15.1102581,2963600
2007-05-03,15.22475067,15.5288887,15.21580628,15.5288887,2964400
2007-05-04,15.61834652,16.08170802,15.6165571,16.00120163,2070400
2007-05-07,16.10317597,16.10317597,15.61834549,15.68990612,2214600
2007-05-08,15.49310941,15.5915073,15.33209529,15.50205517,1665800
2007-05-09,15.59151139,16.1765279,15.59151139,16.17473984,1667400
2007-05-10,15.99941417,16.1121234,15.53068434,15.80619717,4095800
2007-05-11,15.87775948,16.1729519,15.87775948,16.04771805,3395800
2007-05-14,16.01193934,16.1461176,15.6219278,15.6630764,1731000
2007-05-15,15.67559649,15.9045938,15.58435491,15.61834717,2053800
2007-05-16,15.833037,15.86881733,15.45912752,15.86881733,2272200
2007-05-17,15.83482838,15.83482838,15.51995626,15.67202473,2349600
2007-05-18,15.76325795,15.85092068,15.61834591,15.85092068,1771800
2007-05-21,15.90638695,15.90638695,15.6666544,15.68454456,1821000
2007-05-22,15.7256893,15.77220481,15.51100331,15.58256531,1287400
2007-05-23,15.61835023,15.77757499,15.34104794,15.34999371,2231000
2007-05-24,15.35893616,15.53068415,14.72382662,14.8490591,2513600
2007-05-25,15.02796137,15.22475583,15.01186064,15.17108536,1693000
2007-05-28,15.22475544,15.37861325,15.22475544,15.34819984,464200
2007-05-29,15.38397861,15.41260395,15.03153696,15.11741161,2008400
2007-05-30,14.95640171,15.54678654,14.79538754,15.3875618,3880800
2007-05-31,15.47522577,15.81693372,15.47522577,15.56825542,2890400
2007-06-01,15.80619454,16.03877068,15.636236,16.03877068,1069200
2007-06-04,15.91711675,16.16042673,15.83303151,16.15505981,1633000
2007-06-05,16.10138871,16.16579437,15.94037455,16.16579437,2038000
2007-06-06,15.97615584,16.07276297,15.68096345,15.76146984,1782200
2007-06-08,15.38577037,15.63444724,15.21759988,15.55572891,2846200
2007-06-11,15.65413299,15.74358518,15.40545601,15.67023373,2320000
2007-06-12,15.58256715,15.61834883,15.11741615,15.18182182,2320600
2007-06-13,15.30168156,15.61118654,15.20149561,15.59150696,2939200
2007-06-14,15.57540984,15.96363326,15.54678586,15.77041626,1854400
2007-06-15,15.9224818,16.09601918,15.90995856,16.01372337,2720400
2007-06-18,16.1013931,16.2624073,15.99405075,16.2624073,2184800
2007-06-19,16.15684912,16.24451322,15.64160516,15.65233898,3824400
2007-06-20,15.83124171,15.83303113,15.51279226,15.55572891,4503800
2007-06-21,15.70779937,15.78293885,15.40545064,15.76146984,1920200
2007-06-22,15.7060143,15.7561073,15.52889936,15.70780373,1823200
2007-06-25,15.68811782,15.78651436,15.4304952,15.56467342,1566600
2007-06-26,15.56467195,15.65412409,15.16571482,15.2068634,2496800
2007-06-27,15.11741791,15.4644928,14.97250582,15.4644928,1994200
2007-06-28,15.4412281,15.49311051,15.09952164,15.09952164,1513200
2007-06-29,15.11920645,15.42155387,15.1156276,15.41797638,1353000
2007-07-02,15.41618306,15.88670224,15.41618306,15.84197617,2376800
2007-07-03,15.89565204,15.95290138,15.81156677,15.88491821,2327000
2007-07-04,15.87954832,16.17652879,15.81693207,16.06560898,731800
2007-07-05,16.01014351,16.26239919,16.01014351,16.23556328,1457600
2007-07-06,16.20873236,16.47708886,16.20873236,16.42162895,2760200
2007-07-10,16.29818201,16.42341584,16.15684744,16.32501793,2106200
2007-07-11,16.27850552,16.73650156,16.23556886,16.70787621,1381200
2007-07-12,16.90645584,17.56840118,16.90645584,17.49862862,4308200
2007-07-13,17.44138312,17.74730937,17.08536388,17.30899429,1927400
2007-07-16,17.35371667,17.35371667,16.85815237,17.04063416,1859400
2007-07-17,17.02275195,17.07105553,16.84742506,17.03885269,2660600
2007-07-18,16.90645848,17.03169096,16.74544432,16.99591064,1988000
2007-07-19,17.22848731,17.33582964,17.14797955,17.21954155,2885000
2007-07-20,17.22848681,17.26426713,16.9422388,16.99591064,2463400
2007-07-23,17.1748152,17.51473369,16.9815982,17.42528152,2834400
2007-07-24,17.31793897,17.36982002,16.63989142,16.99591064,2743200
2007-07-25,17.08536376,17.17481592,16.2624041,16.74544525,2558400
2007-07-26,16.37153793,16.44131052,15.65413108,16.28029633,2866400
2007-07-27,16.19084016,16.51644596,15.83303154,15.91890621,2231400
2007-07-30,16.20872931,16.46456252,16.13716732,16.39121246,2004000
2007-07-31,16.72755795,16.87068198,16.45741198,16.60232544,3204000
2007-08-01,16.52539058,16.6595688,16.09780941,16.36974335,2172200
2007-08-02,16.63810069,16.6595697,16.19083992,16.5575943,1462200
2007-08-03,16.54864492,16.54864492,15.75788837,15.83302784,2480400
2007-08-06,15.90816988,15.95826287,15.09952305,15.84197617,3168400
2007-08-07,15.76325705,16.28029034,15.60045349,16.18904877,2893000
2007-08-08,16.37332647,16.65420627,16.26240664,16.55223083,3661400
2007-08-09,16.12464332,16.38763284,15.77935798,16.08349609,3255000
2007-08-10,15.74178963,15.79725089,15.3070521,15.62371349,3476600
2007-08-13,15.80619371,16.10138606,15.6004535,15.71674156,2524800
2007-08-14,15.86523832,15.86523832,15.02617645,15.02617645,1915400
2007-08-15,14.84906236,14.9921864,14.22289708,14.40001202,4959000
2007-08-16,13.81141077,14.47335747,12.97056114,14.22110176,7986600
2007-08-17,14.36601792,14.84905906,13.9438036,14.45547009,6752800
2007-08-20,14.67015169,14.90272781,14.38927201,14.5216608,3110400
2007-08-21,14.67015354,14.99754876,14.43757739,14.85800362,1829600
2007-08-22,15.532473,15.83124289,15.15319535,15.78830624,4739200
2007-08-23,15.92605944,16.17294824,15.68096144,16.08349609,4897600
2007-08-24,16.01193335,16.74544064,15.85986498,16.5790596,3369600
2007-08-27,16.54864984,17.12829946,16.4609871,16.99591064,1939400
2007-08-28,16.8170088,16.8170088,16.08350125,16.19084358,3021800
2007-08-29,16.40732007,16.90467402,16.36975032,16.78123093,1627400
2007-08-30,16.70966438,17.30004783,16.61305588,16.85278702,1900400
2007-08-31,17.26605817,17.53262526,17.11220033,17.35014343,2242800
2007-09-03,17.38949922,17.71152754,17.38949922,17.51831055,877100
2007-09-04,17.56840216,17.98703894,17.3000457,17.89043045,881400
2007-09-05,17.53262617,17.81171651,17.35372182,17.47895432,2676900
2007-09-06,17.78308812,18.15878688,17.66501062,18.07291222,4571100
2007-09-10,17.67574537,18.06933428,17.1247198,17.53262138,3761600
2007-09-11,17.85465421,18.10154172,17.67574987,18.02997971,1450600
2007-09-12,18.24466649,18.29118063,17.85823243,18.15521431,1453200
2007-09-13,18.51302461,18.87441084,18.3019174,18.80284882,1725900
2007-09-14,18.60962439,18.84577801,18.28401863,18.35915947,2606500
2007-09-17,18.31980102,18.55237579,18.17309954,18.55237579,1673200
2007-09-18,18.78495098,19.92278241,18.74917067,19.7474556,2663600
2007-09-19,20.35931734,20.49886253,19.66159004,19.9800396,2740900
2007-09-20,20.05874951,20.21618479,19.71525223,20.1446228,2993100
2007-09-21,20.39509256,20.43087288,20.07664309,20.28775024,2739800
2007-09-24,20.57399849,21.28961582,20.52748298,21.21805382,2546000
2007-09-25,20.82803915,21.33970558,20.71711935,21.30750275,2565000
2007-09-26,21.60805759,21.80843087,21.30749836,21.69035339,2571300
2007-09-27,21.89789078,22.59203911,21.70467377,22.59203911,2359700
2007-09-28,22.39524373,22.89975388,22.00523225,22.16624641,2516700
2007-10-01,22.47038225,23.47582502,22.47038225,23.47224617,3527800
2007-10-02,23.37564015,23.90161931,22.70295949,23.25756264,6423800
2007-10-03,22.8639792,22.89975953,21.4148527,21.50430489,6437700
2007-10-04,21.78339813,21.86569398,20.77437751,20.82447052,6446400
2007-10-05,21.57586466,22.09111007,21.27172781,21.66173935,5034100
2007-10-08,21.27173053,21.71899147,21.03915429,21.7011013,3614600
2007-10-09,22.0016503,22.43459835,21.71898119,22.24495888,3615100
2007-10-10,22.07680189,22.44176701,21.90863133,21.96945953,3072400
2007-10-11,22.3630382,22.73158063,21.48282934,22.0410099,3930500
2007-10-15,23.15379583,23.15379583,22.43817858,22.75662804,3800100
2007-10-16,22.43460825,22.56341961,21.96945716,22.18771935,3803100
2007-10-17,22.43460598,22.64929066,22.07679728,22.54194832,3732100
2007-10-18,22.25569678,22.93553235,22.18771227,22.75662804,3748600
2007-10-19,22.74947865,22.74947865,21.33613396,21.33613396,3426100
2007-10-22,21.18227097,21.42915843,20.58830871,21.12144279,3746600
2007-10-23,21.57587046,21.79771153,21.41485622,21.77266502,3746900
2007-10-24,21.66531523,21.71898708,20.89602739,21.11071205,2637300
2007-10-25,21.36832961,21.57585788,21.11070698,21.39695358,3694400
2007-10-26,21.79770294,22.66360061,21.79054797,22.51689911,2535800
2007-10-29,22.75662889,23.65830819,22.74589507,23.47224617,3248200
2007-10-30,22.98920946,23.41142384,22.87828827,22.87828827,3253900
2007-10-31,23.36132748,23.65115161,22.98920615,23.25756264,3322600
2007-11-01,22.88186561,23.25756446,22.6135091,22.93195724,2456100
2007-11-05,22.48469445,22.48469445,21.973028,22.04459,2441200
2007-11-06,22.6099282,23.13232987,22.54194505,23.1180172,2450900
2007-11-07,22.88186113,23.26829373,22.52763001,22.74589348,3492900
2007-11-08,23.68693669,23.7942804,22.21634396,22.57773018,5174100
2007-11-09,22.7924118,23.24682896,22.19129315,22.7924118,3581000
2007-11-12,22.54194386,22.81030033,21.34686297,21.57228279,3343700
2007-11-13,21.64385062,21.82275498,21.29319686,21.79055214,2692800
2007-11-14,22.14835518,22.89617528,22.07679317,22.68506813,3127900
2007-11-16,22.36304168,22.520477,21.77265683,22.18413734,2599500
2007-11-19,22.15551195,22.15551195,21.15007047,21.28961563,3295700
2007-11-21,20.86024106,20.87097625,20.07306187,20.59188461,3489300
2007-11-22,20.82446803,21.13218376,20.32711413,20.93181038,1440300
2007-11-23,21.25382988,21.34328202,20.94969177,20.94969177,2006200
2007-11-26,21.25384039,21.86211418,20.57400322,20.57400322,3164500
2007-11-27,20.3950922,21.10713198,19.96572156,20.3235302,2231300
2007-11-28,20.82088275,21.69751413,20.73500945,21.59017181,3280600
2007-11-29,21.57586215,22.50974298,21.52219167,21.95156097,2698300
2007-11-30,22.36661252,22.84249856,22.3558787,22.43459702,5063000
2007-12-03,22.43817905,22.54194388,21.95155909,22.25569725,2118700
2007-12-04,21.98734164,22.52405461,21.96945148,22.2950573,2122200
2007-12-05,22.57772997,22.98921055,22.570575,22.64929199,2888500
2007-12-06,23.02141157,23.1394891,22.57057455,23.0965538,1924100
2007-12-07,23.25755713,23.34343042,22.64928228,22.72084427,1939700
2007-12-10,22.97488803,23.06076132,22.37376952,22.72084427,2708900
2007-12-11,22.86397338,23.07865803,21.90146724,22.13046455,1802600
2007-12-12,22.34514799,22.7029566,21.84421539,21.84421539,3260500
2007-12-13,21.11428549,21.55796877,20.89960087,20.98547554,2658300
2007-12-14,21.36475452,21.36475452,20.77437106,21.00336838,2129900
2007-12-17,20.96043402,20.96043402,20.14462927,20.26986313,2434000
2007-12-18,20.838773,20.93180264,19.8404867,20.53821373,2163400
2007-12-19,20.75289972,20.89244487,20.50601227,20.83519554,1768600
2007-12-20,20.87813557,21.27530341,20.73143407,21.16080475,2548200
2007-12-21,21.29677075,21.54723707,21.03914809,21.40053558,1171600
2007-12-26,22.00523558,22.00523558,21.37549285,21.78697205,896500
2007-12-27,21.54366294,21.96587734,21.28961907,21.3253994,929600
2007-12-28,21.36117716,21.64742382,21.11428831,21.221632,1091200
2008-01-02,21.20015444,21.21446711,20.5918797,20.71711349,1200600
2008-01-03,20.77437751,21.06062425,20.71354931,20.82447052,1114700
2008-01-04,21.00336812,21.11071044,19.92994216,20.0730648,2110200
2008-01-07,20.209034,20.28775235,19.20716998,19.71525764,2499900
2008-01-08,20.03728466,20.43802997,20.0193945,20.10884666,2514700
2008-01-09,19.86195649,20.10526646,19.48268021,19.89415932,5417600
2008-01-10,20.00150259,20.39866902,19.82259828,20.32710838,4729300
2008-01-11,20.35931282,20.46665514,20.0587535,20.0730648,3591900
2008-01-14,20.07305944,20.39508768,19.86910867,20.03727913,5678800
2008-01-15,19.8154434,19.99792521,19.14634024,19.28588676,2763500
2008-01-16,18.89229706,19.28588741,17.84749642,18.39494324,5151300
2008-01-17,18.42714653,19.18212304,17.71152919,18.26613235,5087200
2008-01-18,18.70623423,19.07119918,17.85465069,18.45934677,5905300
2008-01-21,17.1748191,17.51473767,16.53792,16.53792,5504200
2008-01-22,16.85279194,17.71153351,16.28029847,17.03169632,6287300
2008-01-23,16.70966588,16.87783503,15.6899103,16.10139084,4399000
2008-01-24,17.53262712,18.21246422,17.06747606,17.9333725,4862400
2008-01-28,17.53620176,17.9798851,16.9923338,17.9798851,4823000
2008-01-29,18.28759501,18.59173173,17.89042731,18.27686119,3892900
2008-01-30,18.19457025,18.74559593,17.96199544,18.74559593,1664800
2008-01-31,18.39136541,18.64183037,17.53620157,18.54522324,3325800
2008-02-01,19.18212606,19.67947997,18.96028503,19.64369965,3975100
2008-02-06,19.02468534,19.57213351,18.89587537,19.0032177,1682000
2008-02-07,18.77064176,19.1177166,18.39494295,18.74917412,3000600
2008-02-08,18.99963345,19.41827016,18.7921052,19.14275742,1850900
2008-02-11,19.10698544,19.87627334,19.10698544,19.85838318,1863900
2008-02-12,20.21618833,20.68133929,20.00508118,20.00508118,2284900
2008-02-13,20.11242424,20.39151592,19.84406775,20.31995392,3076300
2008-02-14,20.50243847,20.56684415,20.14462977,20.14820862,2786500
2008-02-15,19.99792897,19.99792897,19.45048207,19.75819778,1644000
2008-02-18,21.10712994,21.10712994,20.58472835,20.60619736,1831700
2008-02-19,20.93181033,21.25383872,20.69923411,20.72070312,5031000
2008-02-20,20.50601078,21.47209288,20.37362062,21.4685154,4362600
2008-02-21,21.82274668,21.94797914,21.15006615,21.39695358,3320000
2008-02-22,21.57585681,21.72971461,20.96400448,21.71898079,2367300
2008-02-25,21.71540194,21.88714989,21.46851451,21.71898079,2086900
2008-02-26,21.57585681,21.91577523,21.39695253,21.71898079,2411600
2008-02-27,21.61164127,22.01596403,21.55796943,21.65099907,3013000
2008-02-28,21.80843406,22.41670894,21.80843406,22.36303711,3357000
2008-02-29,21.96587509,22.14835829,20.98905754,20.98905754,5067900
2008-03-03,21.05703732,21.23594163,20.48454406,20.86024284,2646200
2008-03-04,20.80657259,21.03914738,20.17325115,20.41656113,2948800
2008-03-05,20.68133896,21.20016175,20.60977696,21.02841377,3279300
2008-03-06,20.93180552,21.13217885,20.47738838,20.47738838,2795100
2008-03-07,20.28775122,20.57399787,19.91562989,20.04444122,2189100
2008-03-10,19.92636792,20.03371163,19.20717297,19.50057602,2846700
2008-03-11,19.89415812,20.30206108,19.632958,20.30206108,3478900
2008-03-12,20.32352947,20.89244523,20.31637313,20.50243378,2399300
2008-03-13,20.21260726,20.87813007,19.85837616,20.60977364,2967400
2008-03-14,21.03198646,21.07492447,20.26985522,21.07492447,3824100
2008-03-17,20.28774759,20.43444906,19.51488108,19.7975502,3559400
2008-03-18,20.33069219,20.45234721,19.89416509,20.42372322,1639500
2008-03-19,20.25196385,20.38077515,19.02110291,19.02110291,2978600
2008-03-20,18.89230458,19.28947257,18.57027747,18.86725807,2136000
2008-03-24,19.21790637,20.09096054,19.17854719,19.84049416,1783900
2008-03-25,20.12673557,20.6276682,20.0015031,20.40224838,1377700
2008-03-26,21.58659432,21.6617338,21.10355187,21.29319,2256600
2008-03-27,21.54007679,21.79054307,21.21089218,21.37906265,3104100
2008-03-28,21.39695358,21.53649872,21.03914499,21.39695358,1444900
2008-03-31,21.2502606,21.80128638,21.22879295,21.64742851,1660100
2008-04-01,21.64742378,22.17340294,21.46851945,22.0946846,2000600
2008-04-02,22.11615534,22.19129484,21.61880012,21.86211014,2289800
2008-04-03,21.79054183,22.34156597,21.5472319,22.1376152,2072800
2008-04-04,22.07679496,22.51689946,21.91935828,22.36661911,2445800
2008-04-07,22.54194055,23.30049572,22.17339815,22.33083344,3928100
2008-04-08,22.16266175,22.87470138,22.01953914,22.43459702,3174900
2008-04-09,22.39881851,22.5419425,21.79412245,22.0410099,2852800
2008-04-10,21.95155554,22.00164988,21.4327342,21.90146255,2508800
2008-04-11,21.62274783,22.09124043,21.61914464,21.66238976,1561800
2008-04-14,21.58309957,21.58309957,21.23713604,21.37768364,1449900
2008-04-15,21.51463438,21.98312698,21.51463438,21.90023994,1498600
2008-04-16,22.19934801,22.75793661,22.08763139,22.5633316,2151300
2008-04-17,22.41558029,22.77595939,22.22097525,22.57775116,1719100
2008-04-18,22.66784177,22.81199255,22.31106592,22.7759552,1970200
2008-04-22,23.24445029,23.82105626,22.99218466,23.51833916,4207100
2008-04-23,23.64086738,23.67690474,23.20480902,23.35256577,2389600
2008-04-24,23.31652917,23.52554973,22.43360138,22.43360138,3759500
2008-04-25,22.10925804,22.81199758,21.9831259,22.70388412,3218900
2008-04-28,22.81199831,23.28049089,22.71830034,23.01381111,1244000
2008-04-29,23.13633375,23.13633375,22.45161438,22.45161438,1199100
2008-04-30,22.45161134,23.78140935,22.45161134,23.65527725,2842100
2008-05-02,23.60122705,23.92917336,23.33094272,23.56879425,3257800
2008-05-05,23.86069409,24.23548859,23.67690002,24.00124168,2531500
2008-05-06,23.8859262,24.50217413,23.84628428,24.44091034,2343200
2008-05-07,24.4336998,24.57784922,23.74537452,23.76699638,2127400
2008-05-08,24.03727938,24.37243198,24.00124203,24.05169487,2203500
2008-05-09,23.92917475,24.14540168,23.75619156,23.93277931,1348300
2008-05-12,24.04089508,24.32919953,23.75619519,24.25712204,1019600
2008-05-13,24.39766486,24.51298606,24.12377871,24.32559013,1019600
2008-05-14,24.68596494,25.07877679,24.23909569,24.23909569,2608500
2008-05-15,24.43370897,25.1328427,24.32559412,25.08238983,1893300
2008-05-16,25.2986124,25.9797287,25.2986124,25.9797287,2068400
2008-05-19,26.05540755,26.18153967,25.58691366,25.7671032,2261800
2008-05-20,25.37068677,25.82476517,24.97427035,25.7671032,1905800
2008-05-21,25.76710742,25.79593841,24.93823433,24.93823433,1918200
2008-05-23,24.61389484,24.75804429,23.91836303,24.59587479,1581500
2008-05-26,24.57785441,24.82291232,24.32559013,24.32559013,665200
2008-05-27,24.43010264,24.43010264,23.55077664,23.85349655,1838900
2008-05-28,23.96521012,24.38325119,23.42464147,24.38325119,1908000
2008-05-29,24.14539866,24.3255882,23.22643089,23.22643089,1908000
2008-05-30,23.42464436,23.96160851,23.24805935,23.60843849,2826800
2008-06-02,23.42463975,23.99403934,23.29850762,23.52915001,2826800
2008-06-03,23.56518577,23.64086504,22.19934884,22.68946457,3305900
2008-06-04,22.4516177,22.50567512,21.75248274,21.88942719,3276700
2008-06-05,22.09123675,22.86244774,21.92906589,22.86244774,2213400
2008-06-06,22.88407796,22.88407796,21.9110539,22.2678299,1885400
2008-06-09,22.33629711,22.33629711,21.13623539,21.51463318,3094100
2008-06-10,21.08217803,21.2335366,20.61368546,21.04614067,3182600
2008-06-11,20.92000732,20.938026,20.34700447,20.39385414,3410500
2008-06-12,26.59597376,26.59597376,20.14518851,20.95604134,2201400
2008-06-13,20.54160594,20.72179547,20.16320821,20.45511436,1734000
2008-06-16,20.36142236,20.65332997,19.91815616,20.46953583,2506900
2008-06-17,20.82991045,21.26957337,20.71819382,21.07496834,3210400
2008-06-18,20.84792802,21.22632713,20.7217959,20.96324921,4638300
2008-06-19,21.15785594,21.15785594,20.61368412,20.9200058,2500100
2008-06-20,20.72540246,20.84793142,19.9794178,19.9794178,1882400
2008-06-23,20.21726547,20.54881493,20.1271707,20.3542099,1660000
2008-06-24,20.23889196,21.02812177,20.12717394,20.71819687,2484300
2008-06-25,20.79387192,21.4785913,20.5848514,21.14704323,3215000
2008-06-26,20.75783041,21.03892697,20.2172619,20.3974514,2138900
2008-06-27,20.48033493,20.72539133,20.18121976,20.26410675,1064900
2008-06-30,20.39745612,20.84072362,20.383042,20.6857605,1075200
2008-07-01,20.17762608,20.29655046,19.46767882,19.82445335,2175100
2008-07-02,19.83886806,20.09113369,18.64961737,18.80818367,2509700
2008-07-03,18.55953071,18.91990995,18.19915147,18.3613224,1554300
2008-07-04,18.2063513,18.77214634,18.12706746,18.55952263,878700
2008-07-07,18.73971639,19.34154893,18.41177141,18.58115005,2134800
2008-07-08,18.52349145,18.73971842,17.80273305,18.37933922,1907200
2008-07-10,18.01896002,18.59556619,17.83877042,18.37933922,2709900
2008-07-11,18.37933071,18.62799175,17.97210202,18.08021545,2836400
2008-07-14,18.45141533,18.63160493,18.26041342,18.37933922,2252200
2008-07-15,18.03697171,18.18112388,17.59370563,17.98651886,4944000
2008-07-16,17.8027337,17.8928285,17.49280735,17.73065758,10497700
2008-07-17,17.08196752,17.22611832,16.335983,16.77204132,7443800
2008-07-18,16.75761998,17.03150736,16.49814672,16.58103371,7891600
2008-07-21,16.9594458,17.19008827,16.77204845,17.19008827,3658500
2008-07-22,16.93781715,16.97385451,16.43689044,16.54500389,4319700
2008-07-23,16.61707782,16.98106004,16.42607737,16.53058624,3087400
2008-07-24,16.45851342,16.72159138,15.57558569,15.75937843,9115300
2008-07-25,15.60441564,15.78820976,14.89807289,15.67649174,4123200
2008-07-28,16.06570259,16.20264567,15.8170401,15.85307884,4601700
2008-07-29,16.03687057,16.25309749,15.98281316,16.23507881,4387400
2008-07-30,16.43328106,17.348644,16.43328106,17.33422852,3619500
2008-07-31,17.3882857,17.48198363,16.79365983,17.06034088,3571900
2008-08-01,16.86573821,16.86573821,15.76297926,15.99722481,3523200
2008-08-04,15.7846028,15.7846028,14.70707016,14.84401321,2720000
2008-08-05,15.09267445,15.25844848,14.57733232,15.00257969,3525300
2008-08-06,15.35214717,15.49629934,15.02420228,15.20799637,2156600
2008-08-07,15.48188746,15.53234032,14.95573425,15.28007603,3613900
2008-08-08,14.95573367,15.24764125,14.83320471,15.02420521,2776800
2008-08-11,15.13592288,15.13592288,14.27461702,14.46922207,4333000
2008-08-12,14.41515968,14.75751999,14.17010185,14.3863287,3387600
2008-08-13,14.30704915,15.22601549,14.25299174,15.04582596,4765300
2008-08-14,15.22961823,15.49990252,15.1179016,15.20799637,2925600
2008-08-15,15.02780643,15.22601463,14.73229573,14.91969299,2527800
2008-08-18,14.99177239,15.17196197,14.45480821,14.58814812,1446700
2008-08-19,14.27101108,15.17916653,14.14487895,14.8115797,3133500
2008-08-20,15.24403899,15.74857039,15.2260203,15.62604141,3505200
2008-08-21,15.71252749,16.15579497,15.71252749,15.92875576,2852500
2008-08-22,15.93956432,16.16299894,15.45305318,15.66928005,2895400
2008-08-25,15.71613644,15.80262668,15.16835992,15.19358635,1815100
2008-08-26,15.0638442,15.431431,15.01339135,15.20799637,1557900
2008-08-27,15.40620414,15.7053194,15.21520368,15.7053194,2595900
2008-08-28,15.91434173,16.03687068,15.47467877,15.78460503,3610800
2008-08-29,15.85668235,15.96479581,15.557567,15.66568184,2434100
2008-09-01,15.49269605,15.49990242,15.29809103,15.42061996,1072200
2008-09-02,15.22601746,15.32331999,14.91969577,15.06384659,2650800
2008-09-03,15.33412533,15.74856171,14.77553818,14.99176502,3891200
2008-09-04,15.13952546,15.21880931,14.22055903,14.53769302,3070000
2008-09-05,14.25659824,14.69986439,13.96108748,14.69986439,3018800
2008-09-08,15.17556314,15.29448752,14.10163366,14.166502,4550900
2008-09-09,13.98271458,14.11245133,13.46376896,13.46376896,4344600
2008-09-10,13.71242216,14.50525632,13.42772239,14.25299072,4749900
2008-09-11,14.01874288,14.99176502,13.75206183,14.99176502,3505300
2008-09-12,15.0638445,15.58279123,14.77554153,15.37377071,3000500
2008-09-15,14.5232723,15.00618017,14.00793026,14.01874256,2535000
2008-09-16,13.35204972,14.56292411,13.2331253,14.37913132,3838200
2008-09-17,14.21695547,14.32146574,13.09977946,13.37006378,5114600
2008-09-18,13.76648396,14.55931837,13.3340287,14.34309006,4287000
2008-09-19,15.31611124,15.83866119,14.85842963,15.53233814,4745100
2008-09-22,15.55035887,15.64045364,15.09988499,15.09988499,4128800
2008-09-23,14.82960214,14.99537621,13.87459687,13.99352264,5060900
2008-09-24,14.30705096,14.41516442,13.89621899,14.23497486,3107600
2008-09-25,14.39714616,14.73229885,14.19893792,14.73229885,5027800
2008-09-26,13.9827091,14.19893739,13.5610662,13.87459564,7799000
2008-09-29,13.26195113,13.33402723,11.68349023,12.18081379,8659100
2008-09-30,12.3249638,13.17185402,12.25288772,13.17185402,4920800
2008-10-01,13.13581524,13.21149451,12.32856565,13.11419201,5017800
2008-10-02,12.93761087,12.93761087,11.53213176,11.73034,9640700
2008-10-03,11.89251179,12.50515661,11.44203786,11.79881382,4408100
2008-10-06,10.73569327,11.21139356,9.42391294,10.90146732,6328100
2008-10-07,10.9915613,11.49609184,10.22035033,10.45820045,7670400
2008-10-08,9.87438416,11.25823953,9.5500432,10.45099068,10586300
2008-10-09,10.8113734,11.18977119,9.91042561,10.06899261,7075900
2008-10-10,9.04551328,10.30683982,8.88334245,10.1987257,7143300
2008-10-13,11.04562019,11.53213215,10.26359745,11.53213215,6806500
2008-10-14,12.12675866,12.42226944,10.63118467,11.34833908,10707100
2008-10-15,10.44378726,10.55910848,9.00587459,9.24012089,14364500
2008-10-16,9.36985672,9.47797018,8.22745493,9.00947762,8286600
2008-10-17,8.80345551,9.88399662,8.73314609,9.32522392,8228100
2008-10-20,9.62126429,10.564888,9.54725428,10.564888,4595700
2008-10-21,10.28734937,11.08665418,10.1023251,10.6722002,6997900
2008-10-22,10.1023243,10.61669222,9.80628577,10.06532001,6138400
2008-10-23,9.72857752,10.23184311,9.02918522,9.49174595,7003200
2008-10-24,8.81085595,9.69897235,8.77385095,9.02548409,6945400
2008-10-27,8.88116605,9.0106832,8.17807388,8.17807388,4025200
2008-10-28,8.78865352,9.39923352,8.27428623,9.31042194,7845200
2008-10-29,9.62126373,10.11712892,9.34372728,9.59906101,5484300
2008-10-30,10.13933097,10.52048126,9.94320568,10.2836504,5845300
2008-10-31,9.89139674,10.5574845,9.62126149,10.50567722,10776300
2008-11-03,10.53158062,11.05334969,10.23554209,10.73140717,6575000
2008-11-04,11.14956325,11.71203725,11.06075167,11.4863081,5314000
2008-11-05,11.30498573,11.53811677,10.50938129,10.50938129,6578400
2008-11-06,10.06532294,10.4057677,9.65826931,10.17633724,7462900
2008-11-07,10.32435619,10.41686835,9.86179543,9.86179543,4950900
2008-11-10,10.58339137,10.90533329,10.154135,10.32435703,4948600
2008-11-11,10.0283142,10.66479735,9.88029494,10.45386982,4622600
2008-11-12,10.14673272,10.39096475,9.62126368,9.77298355,5511700
2008-11-13,9.62126313,10.250346,9.35852897,10.09862614,3833700
2008-11-14,10.28735169,10.33915898,9.65826944,10.00981522,2718500
2008-11-17,9.53245087,10.15043198,9.5287503,9.88029671,2518100
2008-11-18,9.63976481,9.81738865,9.27341681,9.45474052,2874000
2008-11-19,9.30672405,9.69157501,9.0217864,9.25121689,2733700
2008-11-21,8.65173718,8.8256605,8.33349582,8.43710899,4176600
2008-11-24,8.90336825,9.76558138,8.89966768,9.66196823,3971400
2008-11-25,9.63606644,10.24664652,9.39923484,9.92100334,3169300
2008-11-26,9.7692834,10.27254975,9.54355422,10.20964146,2902900
2008-11-27,10.08382522,10.23184454,9.91730306,10.00981522,1517200
2008-11-28,10.04681539,10.41686384,9.94320227,10.1874342,2647200
2008-12-01,9.63976569,9.79148556,9.32892481,9.43623924,2535100
2008-12-02,9.62126371,9.62126371,9.06989138,9.08469296,3056900
2008-12-03,9.06619144,9.2327136,8.7220461,9.20310974,3003200
2008-12-04,9.25121583,9.3659307,8.91447163,8.91447163,2223500
2008-12-05,8.6813362,8.82565557,8.44080485,8.71464062,5829100
2008-12-08,9.16240151,9.93580298,9.1512998,9.80628586,7655900
2008-12-09,9.82479064,10.10602767,9.45474201,9.94320679,4676200
2008-12-10,10.2022407,10.90533296,10.09122639,10.62409592,7584300
2008-12-11,10.65739925,11.11255956,10.40206623,10.40206623,4262700
2008-12-12,9.98761349,10.50938205,9.85069587,10.43907261,5620200
2008-12-15,10.51307836,10.86092417,10.44276895,10.50567722,3333100
2008-12-16,10.86092293,11.06444931,10.6981014,11.06444931,4189800
2008-12-17,11.06815606,11.46780861,10.91643616,11.21247482,7859800
2008-12-18,11.2679806,11.41229933,10.49087836,10.66110039,3934100
2008-12-19,10.55378616,10.91643362,10.41686787,10.61669445,3142700
2008-12-22,10.69440751,10.72771195,9.85809735,9.94690895,1958100
2008-12-23,10.08382639,10.26885073,9.56945896,9.56945896,2135300
2008-12-26,9.60276169,10.02831745,9.60276169,10.02831745,1095900
2008-12-29,10.18003465,10.30215063,9.76558,10.0061121,1869900
2008-12-30,10.17263498,10.2799494,9.81368812,10.24664497,1965000
2009-01-02,10.36505921,11.28647995,10.30585151,11.28647995,3486500
2009-01-05,11.10145766,12.29671444,10.99044337,11.90076256,3964900
2009-01-06,12.11909111,12.63715969,11.95256896,12.2301054,3890000
2009-01-07,11.91556569,12.06358429,11.47150707,11.47150707,2862600
2009-01-08,11.41229874,11.98217392,11.16806673,11.98217392,3974100
2009-01-09,11.84525591,12.24860897,11.47520799,11.78604889,4626400
2009-01-12,11.47150499,11.53811384,10.76841289,10.84612274,4473500
2009-01-13,11.13846397,11.42340159,10.54638602,11.13846397,3161100
2009-01-14,11.07555629,11.13846459,10.40576842,10.62039661,7442600
2009-01-15,10.65369816,11.00894443,10.20963961,10.89793015,5503700
2009-01-16,11.17546568,11.34198709,10.7869143,11.10145569,3080000
2009-01-19,11.18657337,11.20877681,10.84242793,10.97934628,913100
2009-01-20,10.82391942,11.08295367,10.49457645,10.49457645,3202800
2009-01-21,10.58338718,10.84982184,10.49087506,10.80171585,3044700
2009-01-22,10.91273341,11.02374842,10.45387322,10.81652069,4729100
2009-01-23,10.56488775,11.34939113,10.49087845,11.19397068,5435300
2009-01-26,11.16806494,11.6565289,11.13846109,11.40489578,3554500
2009-01-27,11.35678948,12.05988154,11.28648006,11.88225842,7086000
2009-01-28,12.13759125,12.68896416,12.08208481,12.55944633,6171000
2009-01-29,12.32261914,12.45953674,12.04508267,12.22270584,2833800
2009-01-30,11.91926448,12.46693621,11.91556461,12.0265789,3278900
2009-02-02,11.77124334,12.30411341,11.7527412,11.95626831,3642600
2009-02-03,12.10799201,12.57055281,12.03028072,12.54834938,6841200
2009-02-04,12.76667703,13.73990527,12.71116918,13.10342121,10570100
2009-02-05,13.17003241,13.81761759,13.09602239,13.67329884,9723700
2009-02-06,13.8398144,14.45039358,13.71399786,14.33937931,12458400
2009-02-09,14.32088322,14.69463174,13.72880452,13.91382885,6967600
2009-02-10,13.89532764,13.93973309,13.28474817,13.50677681,8058600
2009-02-11,13.59928881,13.83611973,12.95910477,13.12932682,4588900
2009-02-12,12.78517716,13.29584455,12.39662646,12.88139057,4379500
2009-02-13,13.32544941,13.48827169,13.08121739,13.46606827,2694100
2009-02-16,13.30694305,13.51046944,13.17742665,13.51046944,1421900
2009-02-17,13.04421351,13.06271566,12.58535261,12.62235832,6320500
2009-02-18,12.78888323,12.98870845,12.37072782,12.87769413,4669500
2009-02-19,13.09972246,13.3069488,12.82218598,12.95910358,1917900
2009-02-20,12.17830137,12.33372254,11.74904498,11.92666817,10603000
2009-02-25,11.21246996,11.51220977,11.14216125,11.28647995,5844800
2009-02-26,11.51961021,11.7860456,11.28647995,11.28647995,3745900
2009-02-27,11.07925648,11.51961386,10.98304375,11.42340183,5384600
2009-03-02,11.08295629,11.17546844,10.69810539,10.77581596,6825800
2009-03-03,10.96083905,11.23097434,10.74991077,10.98304176,5301500
2009-03-04,11.50851372,12.26341263,11.50111257,12.09689045,6474800
2009-03-05,11.59732362,11.89336223,11.36049274,11.55291748,4618500
2009-03-06,11.79714715,11.9599687,10.97563964,11.24947548,5347000
2009-03-09,11.04595229,11.36419365,10.91643513,10.99044514,2453000
2009-03-10,11.32718693,11.87485864,11.28648136,11.80454922,4205100
2009-03-11,11.92666682,12.02288025,11.69723707,11.92296696,2909900
2009-03-12,11.86005606,11.86005606,11.35308992,11.71573734,4131400
2009-03-13,11.9340653,11.95256745,11.31238365,11.40489578,2727800
2009-03-16,11.50851168,11.80825085,11.29018295,11.35309124,2618700
2009-03-17,11.341987,11.63802624,11.0533496,11.63802624,3626000
2009-03-18,11.43450099,11.74534186,11.06445241,11.52331257,6623200
2009-03-19,11.76754379,12.00067478,11.67133179,11.76754379,4233100
2009-03-20,11.83045049,11.83785163,11.56401582,11.60102081,3287100
2009-03-23,11.86375656,12.45953351,11.86375656,12.33001709,3770400
2009-03-24,12.07838368,12.19309923,11.88225842,11.88225842,2851700
2009-03-25,12.04138207,12.27821296,11.69723675,11.91556549,3492600
2009-03-26,12.11909458,12.34852438,12.02658241,12.24491119,3268300
2009-03-27,11.91556843,12.06358707,11.81565512,11.93407059,2610000
2009-03-30,11.5677204,11.64913085,11.1680679,11.26058006,7105700
2009-03-31,11.50851208,11.71943967,11.24947776,11.47150707,5569000
2009-04-01,11.24947312,11.67132884,11.17916371,11.65652657,2652200
2009-04-02,12.13389368,12.60015428,12.07098468,12.42253113,5265700
2009-04-03,12.26711087,12.61865589,12.23010517,12.56314945,3477000
2009-04-06,12.39662844,12.39662844,12.0561844,12.23380756,2693300
2009-04-07,12.01548057,12.19680362,11.90816612,11.96737385,6045500
2009-04-08,12.08208884,12.13759529,11.86745995,12.06358528,4641100
2009-04-09,12.39662727,12.85548813,12.37442385,12.84068584,4017700
2009-04-13,12.70006813,13.36985662,12.6297594,13.1737299,3625700
2009-04-14,13.12562105,13.54377485,13.06271207,13.18482876,4225300
2009-04-15,13.06271528,13.33655186,13.00720883,13.28104401,3562300
2009-04-16,13.38792643,13.53814073,13.19264655,13.36539364,4223400
2009-04-17,13.23019936,13.41045737,13.14758056,13.25648689,3189500
2009-04-20,12.98985524,13.01989752,12.64435964,12.72322369,3920500
2009-04-22,12.73073263,13.16635645,12.68942325,12.87343597,3873900
2009-04-23,13.01238597,13.29403934,12.97483133,13.23770809,3391600
2009-04-24,13.33159471,13.6658232,13.29028532,13.48556519,3364300
2009-04-27,13.18137036,13.36162969,13.01237958,13.11001873,2827000
2009-04-28,12.86216956,12.95605401,12.73448665,12.88094616,3685100
2009-04-29,13.14006493,13.24521503,12.95980557,13.14757442,3688100
2009-04-30,13.33159435,13.71464315,13.30530682,13.54940701,6611700
2009-05-04,14.13899877,15.02151203,14.03384721,15.02151203,12820300
2009-05-05,14.90885067,15.17172741,14.71357085,14.90885067,5841300
2009-05-06,15.02151203,15.2806326,15.02151203,15.02151203,3656000
2009-05-07,15.19425997,15.19425997,14.24790448,14.45820618,4879600
2009-05-08,14.72108325,14.83374432,14.31550171,14.66475201,3922500
2009-05-11,14.40187414,14.93513857,14.26668174,14.70981503,3281100
2009-05-12,14.92387152,14.92387152,14.1314866,14.31549931,5988200
2009-05-13,13.85734768,13.96625257,13.54565056,13.74468517,7369400
2009-05-14,13.6883536,13.91367572,13.59822389,13.83481312,3249600
2009-05-15,13.76721796,13.91743368,13.57944903,13.74468517,3827200
2009-05-18,13.98877937,14.67601405,13.78223392,14.64597034,3735800
2009-05-19,14.64597163,15.07784059,14.47697936,14.75863266,3287700
2009-05-20,14.96518472,15.52473682,14.76239534,14.80370331,4299000
2009-05-21,14.45820471,14.58964236,14.02633568,14.2028389,5556000
2009-05-22,14.46946987,14.46946987,14.11271013,14.17655087,3456300
2009-05-25,14.27043319,14.36431762,14.19908154,14.30423164,480400
2009-05-26,14.14650651,14.64221766,13.98127041,14.60090828,3671800
2009-05-27,14.50702899,14.77366055,14.21410847,14.21410847,3686400
2009-05-28,14.41689027,14.57086065,14.24789804,14.56334972,4577400
2009-05-29,14.75863634,14.83374419,14.21035146,14.27794838,3790300
2009-06-01,14.64597646,15.04029092,14.60842325,14.98396111,4283100
2009-06-02,14.88632048,14.89383141,14.42065434,14.47322941,4179000
2009-06-03,14.38309759,14.38309759,13.7597049,13.87236595,5702700
2009-06-04,13.93244895,14.22912409,13.63201905,14.18781471,3205800
2009-06-05,14.82247286,14.82247286,14.23287881,14.33802891,5320900
2009-06-08,14.11271244,14.5145378,13.9362092,14.42065334,3063900
2009-06-09,14.5032696,14.62719776,14.21410532,14.42440701,2857900
2009-06-10,14.64597126,14.72107909,14.34554137,14.55208683,2415400
2009-06-12,14.75863734,14.81496859,14.30799163,14.46571827,3348600
2009-06-15,14.2328791,14.29296507,13.9324478,14.18030262,5619600
2009-06-16,14.27043192,14.38684912,13.90991609,13.93244743,5442400
2009-06-17,13.85734582,13.95873977,13.58320196,13.82354736,4425000
2009-06-18,13.85734685,13.87612345,13.59447008,13.7409296,2774100
2009-06-19,13.87612207,13.9024096,13.69210791,13.72590637,2219800
2009-06-22,13.56066933,13.56066933,12.92976575,12.98234081,4052900
2009-06-23,13.06871729,13.17762361,12.81335143,13.0874939,2684800
2009-06-24,13.28277381,13.33910506,12.77579826,12.79082012,2674300
2009-06-25,12.76828554,13.2189312,12.58427138,13.2189312,3791200
2009-06-26,13.15133125,13.25272661,12.90723116,12.99360466,3296600
2009-06-29,13.13630625,13.15883902,12.97858113,13.11001873,1870400
2009-06-30,13.16260311,13.18889065,12.77955428,12.95605755,2889000
2009-07-01,13.03491651,13.301548,12.95605392,13.00487423,3659400
2009-07-02,12.84339324,13.00487461,12.67815569,12.89972305,2364100
2009-07-03,13.00111734,13.00111734,12.79457185,12.83588123,932400
2009-07-06,12.63684761,12.67064607,12.41903499,12.60680389,3493200
2009-07-07,12.47536564,12.5467173,11.89703711,11.9758997,3655600
2009-07-08,12.04349819,12.28008743,11.8444636,12.22751236,4673400
2009-07-09,12.22751236,12.22751236,12.22751236,12.22751236,0
2009-07-10,12.20497704,12.20497704,12.01720816,12.20497704,2037700
2009-07-13,12.24253024,12.31388333,11.86323774,12.20497704,2616300
2009-07-14,12.31388419,12.37772492,12.09231684,12.09982777,2746700
2009-07-15,12.39274518,13.12504405,12.39274518,13.03867054,5968100
2009-07-16,12.95229719,13.17386452,12.79832678,13.06120205,3115100
2009-07-17,13.0687148,13.15133358,12.9222553,13.0499382,1917600
2009-07-20,13.18513481,13.59447115,13.05745188,13.54940701,2485200
2009-07-21,13.6733321,13.79350409,13.40670059,13.70337582,2575700
2009-07-22,13.44049793,13.70712942,13.38416669,13.42547607,3493900
2009-07-23,13.57569277,13.86485563,13.42547707,13.70713043,5755500
2009-07-24,13.66957564,13.98502742,13.66957564,13.81978989,3232100
2009-07-27,13.93244905,14.01882398,13.74092544,13.91367245,2513000
2009-07-28,13.74843922,13.97000658,13.66582045,13.87236595,4957100
2009-07-29,13.65455189,13.70712695,13.40669705,13.57568932,4934000
2009-07-30,13.66206782,13.9737635,13.6320241,13.74468517,4753400
2009-07-31,13.62450823,13.97751461,13.59446595,13.91367245,3334700
2009-08-03,14.10144294,14.34554307,14.10144294,14.30047894,3492200
2009-08-04,14.15402021,14.51453761,14.12022175,14.27794838,4154600
2009-08-05,14.25916955,14.40562905,14.06388974,14.30047894,3162200
2009-08-06,14.36806991,14.41689021,13.9437134,14.10143852,3659800
2009-08-07,14.1953253,14.36431756,14.0413549,14.25165653,2424100
2009-08-10,14.14275678,14.21410847,14.01883003,14.21410847,2403800
2009-08-11,14.15026329,14.15777421,13.78223644,13.8535881,3250400
2009-08-12,13.87612257,14.04511487,13.74843965,13.9812727,3022800
2009-08-13,14.15777839,14.34179115,14.04511732,14.34179115,3565100
2009-08-14,14.23288406,14.45820618,14.09393403,14.45820618,3249300
2009-08-17,14.08266575,14.08266575,13.73717171,13.85734367,5047900
2009-08-18,13.93244938,13.98878061,13.71463824,13.78223515,3064700
2009-08-19,13.55691425,13.77472687,13.48556258,13.77472687,2340300
2009-08-20,13.79350485,13.95123149,13.778483,13.88363457,1644600
2009-08-21,13.9887829,14.12022056,13.8986532,14.08266735,3712200
2009-08-24,14.24414561,14.45820199,14.23663468,14.25165653,3930700
2009-08-25,14.34554167,14.4206495,14.10144157,14.15026188,3493900
2009-08-26,14.15777604,14.19532925,13.95123053,14.11271191,4474000
2009-08-27,14.08642075,14.08642075,13.79725793,14.02633476,3975100
2009-08-28,14.13899961,14.30799048,14.06389176,14.22912788,3552800
2009-08-31,14.04511455,14.04511455,13.56067043,13.77472687,7356100
2009-09-01,13.70712821,14.01506905,13.56817964,13.72966099,4092300
2009-09-02,13.66581799,13.81978841,13.52311325,13.52311325,3623300
2009-09-03,13.66957416,13.74468056,13.56442262,13.69961643,3433700
2009-09-04,13.72590199,13.97375681,13.58695345,13.93244743,3705200
2009-09-08,14.21786059,14.38309669,14.16528553,14.38309669,4853700
2009-09-09,14.34554166,14.37934011,14.25165723,14.32676506,2701500
2009-09-10,14.30799012,14.58964348,14.25166031,14.58964348,4526600
2009-09-11,14.64597547,14.74737086,14.3830987,14.42065334,2914200
2009-09-14,14.27419427,14.60842419,14.21410826,14.60842419,2281200
2009-09-15,14.66475059,14.9013398,14.5070254,14.82623196,4586900
2009-09-16,14.94265134,15.19050626,14.87129823,15.11539841,5118100
2009-09-17,15.03653579,15.26936886,14.92762947,14.92762947,2775500
2009-09-18,14.93137772,15.05906059,14.80745103,15.01775265,3113900
2009-09-21,14.90885333,15.27688026,14.79619226,15.27688026,4377300
2009-09-22,15.46464238,15.82140348,15.35949229,15.68620968,4078600
2009-09-23,15.65617238,15.78010056,15.53224564,15.53224564,3470700
2009-09-24,15.62612528,15.64490188,15.10788281,15.26185322,4548700
2009-09-25,15.1416806,15.34071514,15.0928603,15.28062916,3376100
2009-09-28,15.34822662,15.53975166,15.23181084,15.53599548,2032700
2009-09-29,15.50970904,15.54726367,15.29940881,15.397048,2177900
2009-09-30,15.53224121,15.56603966,15.23932223,15.46839905,4419800
2009-10-01,15.34071597,15.4346004,15.00273286,15.04028606,3275000
2009-10-02,14.87880693,15.45338072,14.79994433,15.38202763,2899400
2009-10-05,15.45337456,15.64865288,15.41957612,15.58481216,2677300
2009-10-06,15.77258794,15.87398332,15.48717984,15.7275238,3392400
2009-10-07,15.74254136,16.14061188,15.68245538,16.10681343,3655400
2009-10-08,16.35467214,16.54619724,16.20070169,16.33589554,4696900
2009-10-09,16.27956422,16.47860025,16.19694688,16.41851425,3191400
2009-10-13,16.42977642,16.46357488,16.20069817,16.26078415,3484200
2009-10-14,16.54243956,17.27473854,16.45231129,17.0118618,5906500
2009-10-15,16.99308819,17.27474159,16.95928973,17.19587898,3912500
2009-10-16,16.85119867,17.24220372,16.81703308,17.17766953,4728200
2009-10-19,17.26118001,17.87995448,17.20044137,17.69394302,3501000
2009-10-20,17.38645671,17.62941134,16.98785919,17.37506866,5315100
2009-10-21,17.41303024,18.09254497,17.41303024,17.50413895,5128200
2009-10-22,17.72431281,17.91791825,17.51932078,17.81162453,3962200
2009-10-23,17.99764072,18.07356441,17.46617638,17.50413895,3001600
2009-10-26,17.5724673,17.87616054,17.40163939,17.61422539,2999300
2009-10-27,17.73570276,17.76607136,16.94989586,16.94989586,3026400
2009-10-28,16.86638157,16.93091576,15.98567035,16.21343994,4155100
2009-10-29,16.85499055,17.69014655,16.4374111,17.65218544,4879300
2009-10-30,17.50033955,17.73190611,16.69934906,17.00683784,6242000
2009-11-03,16.78286241,17.65218544,16.6955507,17.65218544,5190100
2009-11-04,17.81542596,17.93310776,17.59904439,17.8192215,3679300
2009-11-05,17.6370001,17.90652774,17.61801954,17.89513969,2227600
2009-11-06,17.9141249,17.92930993,17.50034233,17.78125954,2589100
2009-11-09,18.18365366,18.3924427,18.05458383,18.3924427,2789500
2009-11-10,18.22161418,18.41521819,17.99384458,18.19124413,3563500
2009-11-11,18.43040098,18.47215908,18.03180351,18.15707779,4094900
2009-11-12,18.02800628,18.2026297,17.46617202,17.5003376,4243100
2009-11-13,17.63320538,18.03180284,17.40543437,17.80403328,5367800
2009-11-16,18.16087032,18.62400334,18.03939304,18.51391411,4903700
2009-11-17,18.39244028,18.7720572,18.33170163,18.75687218,3746500
2009-11-18,18.88594591,18.9618696,18.43420219,18.43420219,3155800
2009-11-19,18.24059386,18.50632601,18.12670907,18.47595596,2754700
2009-11-23,18.60123221,18.84798383,18.48734741,18.67335892,2178700
2009-11-24,18.65437735,18.77965164,18.3544796,18.77965164,1972000
2009-11-25,18.7530779,19.09473228,18.73409589,19.09473228,2736400
2009-11-26,18.7568752,18.88974057,18.46077442,18.52530861,1408300
2009-11-27,18.44558798,18.86696304,18.38484933,18.82900047,2362900
2009-11-30,18.76066585,18.97704881,18.60881996,18.60881996,3956000
2009-12-01,18.81761396,19.15167731,18.81761396,18.94288826,4250100
2009-12-02,19.00741619,19.04917428,18.7910347,18.7910347,2551900
2009-12-03,18.9656592,19.01880533,18.58224678,18.58224678,3780500
2009-12-04,18.54808319,18.88594202,18.15328124,18.24059296,3347100
2009-12-07,18.37725787,18.42660848,18.08115709,18.27096558,2602600
2009-12-08,18.18745009,18.27096629,17.94069846,18.10773087,2496800
2009-12-09,18.18365016,18.39243917,18.05837589,18.29753494,2568000
2009-12-10,18.50253275,18.84798415,18.48734772,18.60123253,2397100
2009-12-11,18.8403921,18.91631579,18.73789534,18.75308037,2008000
2009-12-14,18.98084875,19.08714104,18.82900138,19.08714104,1813300
2009-12-15,18.94288428,19.13269273,18.92390227,19.06436157,2050100
2009-12-16,19.02260512,19.18963606,18.96186647,18.965662,2695200
2009-12-17,18.92390035,18.92390035,18.33549449,18.37725258,3233700
2009-12-18,18.60123097,18.60123097,18.10393223,18.33549881,3073400
2009-12-21,18.52530448,18.60122815,18.24438879,18.27475739,2505700
2009-12-22,18.37346051,18.69613433,18.30892487,18.62021065,2367900
2009-12-23,18.74928075,18.99603234,18.63919149,18.87075806,2962000
2009-12-24,18.87075806,18.87075806,18.87075806,18.87075806,0
2009-12-28,18.99982863,19.10232539,18.90492439,18.90492439,1075400
2009-12-29,18.7948311,19.03778712,18.7948311,18.85177422,947200
2009-12-30,18.85177422,18.85177422,18.85177422,18.85177422,0
2010-01-04,19.05297691,19.54648018,18.90492652,19.54648018,2381400
2010-01-05,19.5654595,19.94507648,19.45157469,19.72869492,3001800
2010-01-06,19.74008448,20.26015938,19.65656828,20.14627457,2742800
2010-01-07,19.93368938,20.3246959,19.92989384,20.22979164,2543100
2010-01-08,20.23357775,20.59041851,20.11969298,20.42718315,2444500
2010-01-11,20.72708623,20.72708623,20.24876948,20.36645126,2785300
2010-01-12,20.04377521,20.30950737,19.85396673,20.30950737,2606400
2010-01-13,20.57524362,20.6435748,20.27914135,20.56005859,2635700
2010-01-14,20.56765293,20.8030151,20.38543691,20.55626488,1593300
2010-01-15,20.41579635,20.495517,20.06275252,20.29052353,2225400
2010-01-18,20.23358147,20.63217894,20.23358147,20.57523727,1109300
2010-01-19,20.31329799,20.87892776,20.31329799,20.8599472,1889000
2010-01-20,20.46514695,20.6549554,20.11969563,20.29052353,3131700
2010-01-21,20.34746784,20.34746784,19.47055362,19.58823395,3569100
2010-01-22,19.47814849,19.56925576,19.05297641,19.17445374,3474800
2010-01-26,18.88593882,19.08333976,18.63918728,18.78723907,4364100
2010-01-27,18.84418555,18.84418555,18.2785571,18.52910423,3296100
2010-01-28,18.71891536,18.93529694,18.22920907,18.51771736,2382800
2010-01-29,18.65058047,18.96186625,18.41521693,18.56706429,3402000
2010-02-01,18.74928539,19.1896411,18.56327386,19.12890244,2664600
2010-02-02,19.42500326,19.43259578,19.01881315,19.12890244,2521700
2010-02-03,19.15547221,19.21241533,18.96566372,19.08714104,2879000
2010-02-04,18.83659059,18.90492175,17.97106451,18.05458069,4088600
2010-02-05,17.87616359,17.99384538,17.34849622,17.90273666,3775100
2010-02-08,18.05837429,18.48734175,17.91791645,18.03180122,4419400
2010-02-09,18.29753793,18.67715489,18.22161425,18.41142273,4180900
2010-02-10,18.50633027,18.5632734,18.08875211,18.43040657,2637900
2010-02-11,18.24059705,18.88215073,17.70913411,18.86316872,8213600
2010-02-12,18.65817049,18.92390116,18.48734261,18.73409271,3444200
2010-02-17,19.53888179,19.58823094,19.22759605,19.47434616,2908700
2010-02-18,19.44018498,19.80461693,19.24658096,19.80461693,2339800
2010-02-19,19.58823253,19.95266588,19.55786393,19.74007988,1529700
2010-02-22,19.87295031,19.92989344,19.33769037,19.36046791,2001400
2010-02-23,19.2693536,19.29213114,18.80622196,19.06436157,3733900
2010-02-24,19.12889726,19.28454015,18.98464242,19.13269424,2643000
2010-02-25,18.86316805,19.34148628,18.68474905,19.24658203,2782600
2010-02-26,19.25037787,19.35287463,19.02260825,19.15167809,5725400
2010-03-01,19.28454349,19.46675948,19.18963924,19.34907913,2150300
2010-03-02,19.54267882,19.98683136,19.42499705,19.73628426,3674200
2010-03-03,19.89572511,20.11969918,19.69452858,19.69452858,2698500
2010-03-04,19.83878371,20.01340863,19.51231431,19.96785355,3332000
2010-03-05,20.21460174,20.65495733,20.19182421,20.61319923,4204400
2010-03-08,20.63218361,20.74606987,20.46135712,20.46135712,2722700
2010-03-09,20.32848653,20.84097026,20.29052542,20.61319923,4147300
2010-03-10,20.70810186,20.72708242,20.24117325,20.34746552,3462100
2010-03-11,20.25256784,20.30951097,19.92989394,20.08174133,2347100
2010-03-12,20.26775132,20.30950942,19.96785355,19.96785355,2271900
2010-03-15,19.87295081,20.17284861,19.87295081,20.08174133,1517300
2010-03-16,20.26395591,20.66255347,20.18423523,20.58283424,2201600
2010-03-17,20.72708338,20.82198761,20.46514822,20.60560608,2195300
2010-03-18,20.6131965,20.7422663,20.27913323,20.4044075,1786400
2010-03-19,20.48033492,20.53727659,20.10071797,20.18423271,1346400
2010-03-22,20.0399796,20.49931578,19.86915168,20.45755768,1666400
2010-03-23,20.92068588,21.33446833,20.82578167,21.182621,3305500
2010-03-24,21.01559873,21.33068011,21.01559873,21.14466858,1884700
2010-03-25,21.3344747,21.5736338,20.99281883,20.99281883,2541500
2010-03-26,21.12567934,21.38381893,21.03077512,21.182621,2338900
2010-03-29,21.40659933,21.74445818,21.38761877,21.65714645,2051400
2010-03-30,21.92287909,22.04815338,21.66853643,21.80899429,2887000
2010-03-31,21.60019848,21.88111413,21.37242751,21.69510269,4063900
2010-04-01,21.93806074,22.03676049,21.75204782,21.9152832,1870300
2010-04-05,22.01778483,22.08991153,21.7824227,21.85454941,1729400
2010-04-06,21.75585133,22.02917459,21.71409323,21.82418251,1553100
2010-04-07,21.73306962,22.20759079,21.70649655,22.04435539,2812600
2010-04-08,21.99880077,22.54924559,21.92287709,22.47332191,3438
2010-04-09,22.57582324,22.67452302,22.35564469,22.50749207,2956900
2010-04-12,22.54924384,22.73145977,22.30249228,22.35184288,2583400
2010-04-13,22.39739856,22.69729627,22.21138563,22.5302639,2049500
2010-04-14,22.60998589,22.81877492,22.53026523,22.7200737,2763600
2010-04-15,22.70923929,22.9003945,22.63277692,22.6901226,2502600
2010-04-16,22.5563114,22.74364412,22.13577058,22.37662506,3308400
2010-04-19,22.12812941,22.7512944,21.76111027,21.98285103,4330200
2010-04-20,22.16636274,22.16636274,21.61201222,21.67700577,2855000
2010-04-22,21.28704269,21.75346184,20.5912379,21.75346184,4179000
2010-04-23,21.6731801,21.75346641,21.3405704,21.56231117,3468100
2010-04-26,21.60436229,21.76875589,21.4093846,21.47437668,1810500
2010-04-27,21.22587572,21.27175256,20.37714608,20.38097,4778300
2010-04-28,20.63711496,20.64858381,19.88396302,20.24333572,4624700
2010-04-29,20.49183991,20.79768944,20.40008621,20.79768944,3476100
2010-04-30,20.65241422,20.72123023,20.16687969,20.30068779,4249900
2010-05-03,20.36567089,20.44977962,19.74632858,19.7654438,4100
2010-05-04,19.55517598,19.57429121,18.84407846,18.87084007,6558200
2010-05-05,18.73321177,19.53606312,18.54970293,19.34108543,6082000
2010-05-06,19.11552146,19.66987187,18.04505255,19.06582069,6939000
2010-05-07,19.23021538,19.40225538,18.60704894,19.0008297,4755800
2010-05-10,19.96042796,20.11335272,19.67751904,19.80750465,4789700
2010-05-11,19.61635208,19.97572342,19.45195845,19.61635208,1713600
2010-05-12,19.7616298,19.81897696,19.45960561,19.54753685,1790400
2010-05-13,19.61252998,19.61252998,19.19198898,19.26462746,2262300
2010-05-14,19.03523279,19.07728716,18.6567449,18.69497681,3208400
2010-05-17,18.65292317,18.77143846,18.08328009,18.40442085,3441700
2010-05-18,18.65674655,18.71026977,17.7392025,17.7392025,3604300
2010-05-19,17.61686325,17.77361045,17.13132889,17.39512253,7026000
2010-05-20,16.94018244,17.24603062,16.76431847,16.76431847,6091600
2010-05-21,16.92488487,18.01446913,16.82166086,17.8921299,3856700
2010-05-24,17.81566475,18.15974471,17.70479584,17.70479584,2638700
2010-05-25,17.2154381,17.98005895,16.95164443,17.86154366,4529300
2010-05-26,18.10239855,18.7561505,17.76596642,17.76596642,5530400
2010-05-27,18.42736603,18.97407015,18.36619641,18.88613892,5069400
2010-05-28,18.88613221,19.12316422,18.52675954,18.71409225,4415600
2010-05-31,18.84790478,19.17286954,18.84790478,19.11552238,4773100
2010-06-01,18.66440053,18.99701029,18.65675414,18.702631,3569900
2010-06-02,18.65674934,19.26844693,18.65674934,19.09640694,2041600
2010-06-04,18.53440693,18.64527729,17.93800221,18.19415092,4752600
2010-06-07,18.24385177,18.31266775,17.59009991,17.6245079,2827700
2010-06-08,17.77743587,18.00682156,17.54805019,17.81184387,1947000
2010-06-09,18.02593524,18.42736085,17.87683296,17.87683296,3258200
2010-06-10,18.12151455,18.43500898,18.12151455,18.20179939,2591200
2010-06-11,18.12151597,18.53058803,18.00682167,18.42354012,1907100
2010-06-14,18.71409156,18.86701483,18.35854283,18.43500519,2522100
2010-06-15,18.58411011,18.81731971,18.46941727,18.69880295,1895100
2010-06-16,18.59940286,18.99318214,18.44647811,18.46559334,4198000
2010-06-17,18.59558549,18.61852465,17.9685964,18.14063644,2743000
2010-06-18,18.14062905,18.23238273,17.8921267,17.93800354,2393
2010-06-21,18.54205891,18.76379969,18.46559652,18.53059006,3183200
2010-06-22,18.58411025,18.71791831,18.35090065,18.35090065,3232800
2010-06-23,18.51146637,18.58028235,18.26678798,18.57645988,2140200
2010-06-24,18.49235196,18.54205272,18.1215119,18.15974236,2402900
2010-06-25,18.15974613,18.44647897,18.04505329,18.38148689,1951800
2010-06-28,18.35090331,18.51529694,17.98388559,18.03740883,2358500
2010-06-29,17.4945287,17.54422947,17.01281808,17.16574287,3864500
2010-06-30,17.13515346,17.23837745,16.6305038,16.68785095,3167100
2010-07-01,16.67256109,16.82548441,16.37818183,16.76049232,3227800
2010-07-02,16.82548099,16.94017528,16.4393481,16.67638016,2975200
2010-07-05,16.66873002,16.76048515,16.24818924,16.43934441,1301700
2010-07-06,16.8981187,16.95546438,16.41258435,16.64579391,3822700
2010-07-07,16.63050557,17.05869289,16.4775808,17.04722404,2398000
2010-07-08,17.19632408,17.49452577,16.84077524,17.10457039,2487000
2010-07-12,17.13515409,17.37983254,16.72990449,16.73372841,1986300
2010-07-13,17.05487159,17.06634044,16.76813872,16.88283157,2156000
2010-07-14,16.95546991,16.95546991,16.67638342,16.8866539,1654300
2010-07-15,16.85606977,16.85606977,16.55404413,16.75284576,2171900
2010-07-16,16.63050038,16.69549244,16.38199806,16.38199806,2686100
2010-07-19,16.51580938,16.84077263,16.47757746,16.84077263,1655500
2010-07-20,16.79872039,17.83095889,16.7643124,17.79272842,6179900
2010-07-21,17.9724074,18.35471772,17.78507616,17.8959465,3990000
2010-07-22,18.18268517,18.503826,18.14063079,18.27443886,2912600
2010-07-23,18.34707332,18.54205094,18.04887027,18.41588783,1907800
2010-07-26,18.43883288,18.64910334,18.33178642,18.42354012,1479400
2010-07-27,18.58028632,18.65292624,18.19797589,18.35090065,2518100
2010-07-28,18.28972852,18.67586136,18.27443575,18.67586136,2583600
2010-07-29,18.73321569,18.84790855,18.45030526,18.50382996,3991200
2010-07-30,18.40825107,18.80585288,18.31267344,18.56117439,3432800
2010-08-02,18.7332131,19.37931728,18.7332131,19.31814766,3744000
2010-08-03,19.28756541,19.48636705,19.07729492,19.29521179,2223100
2010-08-04,19.45195099,19.48253506,19.03905511,19.27991104,2657600
2010-08-05,19.23021179,19.40607422,19.16904219,19.3640213,1571700
2010-08-06,19.21492432,19.44048756,19.19198662,19.33726501,1592800
2010-08-09,19.42901345,19.55517658,19.31432063,19.38695908,1360900
2010-08-10,19.13463762,19.23021523,18.89760555,19.11552238,2628400
2010-08-11,18.79056034,18.81349803,18.46941948,18.46941948,2689600
2010-08-12,18.29355425,18.67968862,18.27061656,18.62616539,2201100
2010-08-13,18.61087288,18.88613687,18.59175765,18.65674973,2032600
2010-08-16,18.6529273,19.03141383,18.6529273,18.90142822,1683400
2010-08-17,19.06964921,19.17287322,18.84790841,19.11934853,2569100
2010-08-18,19.14610419,19.295205,18.9434787,19.24932671,3106000
2010-08-19,19.19963004,19.45577733,19.0390589,19.05817413,2316200
2010-08-20,19.10787727,19.11170119,18.71792041,18.82496834,2754400
2010-08-23,18.93583428,18.94348066,18.24002945,18.28590775,3843500
2010-08-24,18.01829305,18.11769314,17.81566751,17.8921299,2609600
2010-08-25,17.81566706,17.89212945,17.51364291,17.73155975,3610200
2010-08-26,17.81566765,18.04505481,17.48688186,17.53275871,2681400
2010-08-27,17.73921065,18.14063644,17.57481699,18.14063644,3213600
2010-08-30,18.02593937,18.06416983,17.42571205,17.63598251,2496
2010-08-31,17.66274489,17.97623938,17.65127459,17.92271614,2688800
2010-09-01,18.04887645,18.82114375,18.04887645,18.80585098,5270
2010-09-02,18.75232436,18.76761712,18.47706187,18.57263947,1862500
2010-09-03,18.90525571,18.90525571,18.48471326,18.50382996,2346600
2010-09-06,18.68351032,18.68351032,18.21326866,18.35090065,665200
2010-09-08,18.15974793,18.22474001,17.94947746,18.04123116,1794100
2010-09-09,18.14827983,18.27444153,18.02211666,18.08328629,1701300
2010-09-10,18.1024009,18.12151759,17.80419919,17.91506958,1680500
2010-09-13,18.19797343,18.46559099,18.12915745,18.42736053,2098500
2010-09-14,18.42736362,18.56117169,18.18650763,18.27443886,2831200
2010-09-15,18.25914621,18.38148689,18.07181491,18.38148689,2836000
2010-09-16,18.34708257,18.34708257,18.16357223,18.26297379,2816700
2010-09-17,18.25532354,18.30120038,18.01829147,18.01829147,2490700
2010-09-20,18.15592152,18.38912964,17.99917431,18.38912964,2416500
2010-09-21,18.40824743,18.58410988,18.20562192,18.44647789,3159200
2010-09-22,17.96858868,19.00082704,17.96858868,18.8479023,2993
2010-09-23,18.63763658,19.13463993,18.63763658,18.78673744,4905000
2010-09-24,19.23021482,19.45960196,19.17669159,19.43284035,5613400
2010-09-27,19.45960343,19.95660675,19.39460989,19.78838921,3149500
2010-09-28,19.84191272,20.02159763,19.59341034,19.94131279,2964800
2010-09-29,19.82279417,19.99483415,19.76544849,19.95277977,3565500
2010-09-30,20.03306491,20.14393381,19.79985534,19.99483299,3922700
2010-10-01,20.11335093,20.23569014,19.94895733,20.18598938,3683100
2010-10-04,20.04071137,20.2012825,19.9757193,20.2012825,2899400
2010-10-05,20.30068267,20.5300698,20.13246661,20.45742989,2913800
2010-10-06,20.47654183,20.6829883,20.37714033,20.51859474,3956000
2010-10-07,20.62564736,20.62946982,20.30832901,20.445961,4463500
2010-10-08,20.41537577,20.60270705,20.31215179,20.37714386,3227200
2010-10-11,20.41155172,20.56829892,20.31215165,20.49183655,1391000
2010-10-13,20.55301168,20.6141813,20.46890436,20.47272682,4187100
2010-10-14,20.48801329,20.84738452,20.4536053,20.54918289,3305000
2010-10-15,20.54536159,20.60270727,20.18598888,20.39625931,2104200
2010-10-18,20.36567864,20.91238272,20.35803225,20.83592033,2388100
2010-10-19,20.45742825,20.72122335,20.22422014,20.33891296,3251900
2010-10-20,20.41537908,21.02325277,20.41537908,20.94296646,3324800
2010-10-21,21.03854474,21.13029989,20.38861811,20.60653496,4171500
2010-10-22,20.64476564,20.74034326,20.22040078,20.62565041,3998100
2010-10-25,20.75181113,20.96208305,20.6638799,20.79768944,3288300
2010-10-26,20.77092881,21.19529221,20.52624888,21.10353851,3250000
2010-10-27,20.83974009,21.1379432,20.6524088,20.89326477,4663000
2010-10-28,21.25645734,21.26792764,20.48801409,20.49183655,4596900
2010-10-29,20.51095323,20.69063813,20.36567488,20.49183655,4195300
2010-11-01,20.64476118,20.95060921,20.49183644,20.95060921,3000400
2010-11-03,21.01177909,21.0232494,20.57212301,20.72122383,3953000
2010-11-04,20.94679356,21.36351208,20.82827677,21.25264168,3321500
2010-11-05,21.21823251,21.50496538,21.06530773,21.2946949,3217700
2010-11-08,21.14941488,21.61201019,21.14941488,21.44761658,2237100
2010-11-09,21.56230424,21.8643283,21.37114906,21.37114906,3076000
2010-11-10,21.24498506,21.47437067,21.00030668,21.33291626,2514100
2010-11-11,21.32909739,21.55466058,21.18381903,21.42467499,2346300
2010-11-12,21.02707481,21.60054049,20.84356597,21.02707481,2691600
2010-11-16,20.90855687,20.93149602,20.36949922,20.60270882,3579800
2010-11-17,20.68298764,20.80915075,20.48036364,20.57211876,1925300
2010-11-18,20.85503082,21.14940998,20.76327714,21.11882591,2726200
2010-11-19,20.89708449,21.28321732,20.8015069,21.19911003,3164900
2010-11-22,21.00413551,21.28322196,20.96972751,21.1417675,2885200
2010-11-23,20.90091274,20.96208381,20.53771896,20.60653496,3505800
2010-11-24,20.81298024,21.21440738,20.74416425,21.13029861,2129400
2010-11-25,21.10353265,21.2373407,20.99648476,20.99648476,858400
2010-11-26,20.83592167,20.9238529,20.66388165,20.67917442,2189100
2010-11-29,20.62182787,20.83592228,20.44214293,20.72505188,3583700
2010-11-30,20.68299184,20.87414704,20.46507503,20.47654533,4513700
2010-12-01,20.84738828,21.21822988,20.78621867,21.1417675,2625600
2010-12-02,21.19910911,21.56230424,21.10735399,21.37114906,2661800
2010-12-03,21.3520401,21.67318097,21.2946944,21.63877296,2356900
2010-12-06,21.63494822,21.80698822,21.61965545,21.7343483,1424100
2010-12-07,21.9446178,22.03254902,21.68464661,21.68464661,1996600
2010-12-08,21.57759634,21.65788262,21.20293236,21.20293236,3029100
2010-12-09,21.24499057,21.558485,21.24499057,21.43614578,2351500
2010-12-10,21.59288979,21.71905291,21.44378898,21.70376015,2136900
2010-12-13,21.82227972,22.33839821,21.78787172,22.24664307,2827700
2010-12-14,22.15871272,22.34604547,22.00961188,22.05166626,1950700
2010-12-15,21.93697361,22.00196568,21.71523285,21.71523285,2473800
2010-12-16,21.79169693,21.9446217,21.63112723,21.69611931,2226400
2010-12-17,21.74581545,21.82992275,21.5661291,21.75346184,2921400
2010-12-20,21.89874378,21.90639016,21.60054207,21.60054207,2207500
2010-12-21,21.73435039,22.00196802,21.71523516,21.86433601,2562800
2010-12-22,21.85286429,21.87962591,21.67317792,21.80316353,1659300
2010-12-23,21.81845706,21.88727306,21.73052583,21.7343483,1456800
2010-12-27,21.69612538,21.69612538,21.11501312,21.11501312,3026600
2010-12-28,21.18763923,21.21822475,20.85120716,20.92766953,2335900
2010-12-29,21.02707733,21.18000211,20.94296855,21.07295418,2680300
2010-12-30,21.18382237,21.41320807,21.07295199,21.1532383,3486800
2011-01-03,21.52407135,21.97902158,21.42084739,21.78022003,5107800
2011-01-04,21.98285138,22.27340669,21.97520499,22.23135376,4104200
2011-01-05,22.06313312,22.65953787,22.05931065,22.63277626,3288400
2011-01-06,22.61366374,22.76276458,22.34222221,22.34222221,2986900
2011-01-07,22.38044772,22.44161732,21.990491,22.17399979,2775200
2011-01-10,22.03255031,22.34222082,21.96373432,22.13195038,2833200
2011-01-11,22.34222274,22.55631713,22.30781474,22.3651619,2793300
2011-01-12,22.58308275,23.01509406,22.55632113,22.98450851,4895100
2011-01-13,22.99979702,23.22153778,22.82393456,22.82393456,3285100
2011-01-14,22.74747356,23.00362088,22.64424955,22.92333603,2793000
2011-01-17,22.86567628,23.24235054,22.77342883,23.12704086,1496400
2011-01-18,23.23851526,23.53063107,23.09245883,23.41532135,2545400
2011-01-19,23.44990898,23.49603344,22.90795898,22.90795898,2695300
2011-01-20,22.80802605,22.90795946,22.30066867,22.52359772,4423200
2011-01-21,22.77342998,22.96561082,22.5312817,22.67733955,1920200
2011-01-24,22.75421447,22.98483092,22.56203361,22.83108711,1766900
2011-01-26,22.73499939,22.90796102,22.6465949,22.81187057,2714300
2011-01-27,22.89642605,22.91180086,22.51590879,22.58509254,2259200
2011-01-28,22.54281623,22.5466592,21.66647048,21.93552399,3728400
2011-01-31,21.99702067,22.15076594,21.85480725,21.93936729,2203800
2011-02-01,22.06620079,22.58124542,22.06620079,22.58124542,4865
2011-02-02,22.48131894,22.67734278,21.95858673,22.06236458,2477800
2011-02-03,22.56971626,22.56971626,21.71643294,22.02392197,2022
2011-02-04,21.97012389,22.15077443,21.48582859,21.65494728,2382500
2011-02-07,21.88939776,21.98548818,21.55115907,21.8163681,2316600
2011-02-08,21.77793626,22.02008457,21.53578795,21.68953323,1792
2011-02-09,21.49735061,21.72027964,20.96308807,20.98614883,2174500
2011-02-10,20.91311856,21.47813068,20.91311856,21.25904465,3693000
2011-02-11,21.2936422,21.70490917,21.18217694,21.69722176,3476200
2011-02-14,21.69721506,22.2506953,21.69721506,22.12001228,2407700
2011-02-15,22.05083623,22.25454898,21.9047798,22.04699326,2428800
2011-02-16,22.06620576,22.36600742,22.00470794,22.25838661,2907400
2011-02-17,22.362167,22.40444703,22.08927051,22.28913879,2943400
2011-02-18,22.1699854,22.30066845,21.95474229,22.06236458,2280800
2011-02-21,21.9624292,21.9624292,21.54347485,21.56269264,775600
2011-02-22,21.49351125,21.75103442,21.08224424,21.13221169,4495400
2011-02-23,21.22445597,21.57038066,20.98615063,21.52425766,3257100
2011-02-24,21.52425766,21.52425766,21.52425766,21.52425766,0
2011-02-25,21.87018327,21.94705445,21.40126149,21.4089489,2695700
2011-02-28,21.50119027,21.65493552,21.40509986,21.6395607,2654000
2011-03-01,21.65877982,21.72027762,21.18217216,21.23213959,2473100
2011-03-02,21.13989968,21.61650897,21.07071443,21.59344673,2390000
2011-03-03,21.75487518,21.80484262,21.62803656,21.75487518,2093400
2011-03-04,21.65878249,21.72796771,21.23598518,21.38973045,2749100
2011-03-09,21.38973045,21.38973045,21.38973045,21.38973045,0
2011-03-10,20.35579505,20.35579505,19.88303034,20.02524376,5862700
2011-03-11,19.95222132,20.3404261,19.78694563,20.30199051,3897300
2011-03-14,20.14824144,20.37117195,19.94453019,20.37117195,2864600
2011-03-15,19.68315957,20.086739,19.49866615,20.00602341,4634700
2011-03-16,20.15977832,20.17130871,19.44870805,19.50636292,4272000
2011-03-17,19.81384608,20.12133516,19.72160009,20.05983734,5078400
2011-03-18,20.20205281,20.47494928,20.15977279,20.32504845,3065600
2011-03-21,20.37116929,20.65944055,20.33657668,20.44804192,1625
2011-03-22,20.30967742,20.32505225,20.00603125,20.255867,2107800
2011-03-23,20.25586316,20.63253748,20.25586316,20.55950928,2787900
2011-03-24,20.56335449,20.57872931,20.05215263,20.05215263,1965
2011-03-25,20.29814261,20.47110421,20.05214988,20.29429817,3479100
2011-03-28,20.14439713,20.42498101,20.10980452,20.18283272,1970600
2011-03-29,20.23664103,20.71709308,20.20973583,20.59794044,2643500
2011-03-30,20.47879338,20.69787946,20.27508212,20.33273697,2643500
2011-03-31,20.37117502,20.57104333,20.07906071,20.50570107,4862100
2011-04-01,20.50570107,20.50570107,20.50570107,20.50570107,0
2011-04-04,20.54414258,20.81319618,20.22896595,20.81319618,4200400
2011-04-05,20.65560018,21.06302268,20.65560018,20.90927887,4200400
2011-04-06,20.97846462,21.02458762,20.53260359,20.58257103,4676300
2011-04-07,20.58256694,20.61715955,20.25586011,20.41344833,3407100
2011-04-08,20.51722982,20.51722982,20.22895852,20.37117195,2722200
2011-04-11,20.47495157,20.5902598,20.2981455,20.39807892,2679500
2011-04-12,20.18667897,20.22127158,19.89840766,19.98681068,2915400
2011-04-13,20.12133318,20.136708,19.64472552,19.69853592,3692100
2011-04-14,19.72506393,20.01679728,19.65115868,19.94678116,3970000
2011-04-15,20.03236284,20.05959117,19.7406294,19.89622116,2343500
2011-04-18,19.77952282,19.82231062,19.45278137,19.69783783,2222100
2011-04-19,19.81064259,19.92344652,19.68227918,19.87676811,2737800
2011-04-20,20.27741262,20.27741262,20.11404117,20.23851395,2879700
2011-04-25,20.24629936,20.43689919,20.03236181,20.43689919,3007700
2011-04-26,20.41745126,20.47968767,20.31631618,20.45245934,3452100
2011-04-27,20.42133431,20.45634237,19.99345933,20.18794823,3603700
2011-04-28,20.01290957,20.20350788,19.94289345,20.03235817,3962500
2011-04-29,20.07125964,20.23852026,19.83787349,20.1451664,3882300
2011-05-02,20.15683085,20.20739838,19.73284496,19.92344475,4291100
2011-05-03,19.83786526,19.83786526,19.41387946,19.46833611,2769300
2011-05-04,19.55392317,19.56559203,19.07158982,19.1065979,5822700
2011-05-05,19.00156771,19.43333337,18.96655964,19.34775925,5286700
2011-05-06,19.49946418,19.58892892,19.20384012,19.35165215,3748600
2011-05-09,19.35165138,19.63171595,19.22328795,19.4800148,674
2011-05-10,19.4800148,19.4800148,19.4800148,19.4800148,0
2011-05-11,19.30107786,19.3321968,18.76428957,18.81096649,3430400
2011-05-12,18.65926859,19.00545865,18.44532957,18.84597778,2975600
2011-05-13,18.75262044,18.89654331,18.43365875,18.53868294,2396900
2011-05-16,18.53868294,18.53868294,18.53868294,18.53868294,0
2011-05-17,18.42198845,18.69816232,18.30918453,18.65537453,1990100
2011-05-18,18.71761708,18.91988577,18.63593207,18.71372795,2928600
2011-05-19,18.93544766,19.07936909,18.84598291,18.88099098,2825600
2011-05-20,18.98989961,19.13771162,18.76818234,18.96267128,4131100
2011-05-23,18.61647871,18.94322014,18.59313951,18.94322014,1939900
2011-05-24,19.02101494,19.18049578,18.97433653,19.12214851,1943700
2011-05-25,19.08325294,19.25440265,19.04046514,19.16882706,2141900
2011-05-26,19.05990976,19.46833611,19.05990976,19.46833611,2815000
2011-05-27,19.55391596,19.71728594,19.46834036,19.58503342,3257200
2011-05-30,19.76007463,19.76007463,19.48390071,19.5033493,673300
2011-05-31,19.71728657,19.71728657,19.35942767,19.54613686,4042700
2011-06-01,19.44889314,19.58503479,19.28163254,19.35942841,3218300
2011-06-02,19.36720908,19.48779127,19.1649404,19.3905468,4069400
2011-06-03,19.25051014,19.38665177,19.12214677,19.22717094,5049500
2011-06-06,19.22717679,19.26218486,19.0015689,19.07936478,2078700
2011-06-07,19.21550852,19.25051659,19.00156949,19.0443573,3341700
2011-06-08,18.90043657,19.05991745,18.87709736,19.05991745,2188500
2011-06-09,19.07936818,19.28941663,18.9821237,19.26996803,1943900
2011-06-10,19.21939453,19.22328365,18.95878009,19.05602455,2065800
2011-06-13,19.01712801,19.05213608,18.65537847,18.70205688,3338500
2011-06-14,18.80707902,18.86153716,18.65148876,18.79541016,4334000
2011-06-15,18.62036905,18.67093658,18.45699907,18.67093658,4116700
2011-06-16,18.67093823,18.7292855,18.29751982,18.46088982,3235900
2011-06-17,18.5698033,18.59314102,18.23528211,18.36753464,3107600
2011-06-20,18.27028925,18.70205488,18.27028925,18.65148735,2337400
2011-06-21,18.7292875,18.95489393,18.7292875,18.82264137,2845800
2011-06-22,18.74873648,19.07936712,18.70594867,18.88487816,3192600
2011-06-24,18.94322277,19.05991584,18.87709576,19.01323891,2098200
2011-06-27,18.94711236,19.0404677,18.78374236,18.87320709,3447500
2011-06-28,18.94321845,19.10269928,18.90431978,19.10269928,2681200
2011-06-29,19.17271953,19.19994786,19.00156832,19.11437225,3372200
2011-06-30,19.15715964,19.2933013,19.11437184,19.25051498,3518500
2011-07-01,19.50724122,20.11793637,19.47612227,20.10626602,6465100
2011-07-04,20.03236073,20.40966975,19.97401345,20.36299133,1438300
2011-07-05,20.25018907,20.28519714,19.91955698,19.95456505,3852200
2011-07-06,19.85343301,19.97012609,19.7289602,19.88844109,2059700
2011-07-07,20.0634822,20.15294695,19.99735518,20.01291466,3439100
2011-07-08,19.85731952,19.96234372,19.77952365,19.87676811,3487300
2011-07-11,19.74062597,19.74062597,19.58892485,19.7056179,2995200
2011-07-12,19.63171522,19.91566891,19.55391935,19.72117996,2341400
2011-07-13,19.8573175,20.08292535,19.84175803,19.9662323,2919200
2011-07-14,19.91566793,20.02847187,19.56558724,19.69395065,3964600
2011-07-15,19.70173158,19.75229764,19.55391956,19.68228149,3286700
2011-07-18,19.6200493,19.84954637,19.55781288,19.74063301,2993600
2011-07-19,19.83786768,19.93900125,19.65893825,19.78341103,2604500
2011-07-20,19.87676487,19.91955266,19.6900557,19.78341103,3916000
2011-07-21,19.77952804,20.0323643,19.7134025,19.84176445,3384800
2011-07-22,19.8184214,19.98179138,19.79508219,19.90399551,4026700
2011-07-25,19.94678527,19.99735281,19.78341527,19.90010834,1790
2011-07-26,19.91177626,20.03235993,19.72506707,19.86898994,2978600
2011-07-27,19.79897546,19.90399818,19.6628323,19.71728897,4454700
2011-07-28,19.78730633,19.9428981,19.73674027,19.89622116,4635200
2011-07-29,19.88843613,19.88843613,19.37498553,19.49945831,3510
2011-08-01,19.64727172,19.7484068,19.36720866,19.52668953,4592400
2011-08-02,19.49168165,19.60059498,19.11437263,19.11826324,3544500
2011-08-03,19.0093449,19.09880961,18.06801932,18.61647797,6207100
2011-08-04,18.08746769,18.15359321,17.41453628,17.54289818,8555300
2011-08-05,17.57791157,17.86186527,16.60546677,17.11502838,8377500
2011-08-08,16.2203784,16.39152814,15.38407534,15.48521042,8566500
2011-08-09,15.839177,16.42264371,15.66413668,16.27872086,9314700
2011-08-10,16.18147897,16.49655159,15.94809284,16.29428291,5815000
2011-08-11,16.5315611,17.08001989,16.32151267,16.99833488,5550000
2011-08-12,17.10302386,17.1944412,16.79299974,16.92813873,4951300
2011-08-15,17.1308466,17.34547939,17.05532833,17.23816299,3739000
2011-08-16,17.04340492,17.18251792,16.87249379,17.11892319,4973600
2011-08-17,17.09507699,17.42100175,17.06328038,17.40907669,5192200
2011-08-18,16.41540326,16.61811248,16.22461909,16.53464317,6494100
2011-08-19,16.29616928,16.67773776,16.18090333,16.29616928,7407900
2011-08-22,16.56246896,16.62208969,16.24449528,16.27231789,4024100
2011-08-23,16.29616458,16.81287193,16.21667079,16.81287193,5473000
2011-08-24,16.79300134,16.94801341,16.57439452,16.92019081,3621800
2011-08-25,16.9162194,16.96788909,16.57042154,16.73338318,5012100
2011-08-26,16.6141419,17.13084937,16.37168648,17.01558495,3930900
2011-08-29,17.18649356,17.46471957,17.18251804,17.44882202,7141300
2011-08-30,17.28983552,17.59985967,17.26996245,17.48856926,3673800
2011-08-31,17.62768456,17.83039386,17.48857153,17.80654526,5086600
2011-09-01,17.886032,18.01719697,17.72704445,17.9138546,6437600
2011-09-02,17.80654137,17.80654137,17.45279559,17.65152931,3528300
2011-09-05,17.30970695,17.44087193,17.15866889,17.25008774,1319500
2011-09-06,17.06327737,17.79461752,16.97186004,17.7349968,4851100
2011-09-08,18.03707562,18.26760598,17.96553135,18.12451744,4389000
2011-09-09,17.9734839,18.04105266,17.64756062,17.8462944,3799400
2011-09-12,17.52831468,17.98142886,17.4249738,17.94963074,2930300
2011-09-13,18.00925763,18.2040159,17.89399166,18.08477592,2857600
2011-09-14,18.20004007,18.4623686,17.88206632,18.30338097,3910700
2011-09-15,18.35107465,18.65712482,18.33120158,18.50608826,3918500
2011-09-16,18.61737382,18.68096855,18.43056365,18.60147476,2511400
2011-09-19,18.43851541,18.85585594,18.40274328,18.85585594,3635600
2011-09-20,18.78829121,19.41628915,18.78829121,19.04664421,3266200
2011-09-21,19.2374296,19.24935315,18.66110137,18.72867012,7707600
2011-09-22,18.04502243,18.19605897,17.51639001,17.7349968,7102300
2011-09-23,17.65948218,17.7985952,17.353432,17.60781097,7604000
2011-09-26,17.72705021,17.79859448,17.09507681,17.37330437,4999500
2011-09-27,17.93373146,17.94565652,17.54023953,17.57601166,4349700
2011-09-28,17.63165557,17.85821189,17.47266799,17.48061752,3545700
2011-09-29,17.64755792,17.76282234,17.10302634,17.37330437,4571500
2011-09-30,17.13084737,17.2461133,16.8128737,16.95198822,5480100
2011-10-03,16.67375961,16.89236641,16.41143116,16.44322777,4785400
2011-10-04,16.26039714,16.36771356,15.84703053,16.29616928,7162400
2011-10-05,16.35578622,16.64991128,16.23654477,16.63401222,4382800
2011-10-06,17.03546112,17.09110634,16.76120751,16.87249947,4857300
2011-10-07,17.02750729,17.0593039,16.35976179,16.37963486,3035000
2011-10-10,16.5942677,16.92019092,16.45515468,16.89236832,4205000
2011-10-11,16.85262032,17.16264445,16.78107606,17.13879585,3529100
2011-10-13,17.25008978,17.48459566,17.00365884,17.46869659,4098800
2011-10-14,17.48856765,17.56806144,17.33355559,17.49651718,4985300
2011-10-17,16.98775863,16.98775863,16.30013864,16.44720268,4539200
2011-10-18,16.24449443,16.57041762,15.99806503,16.51477242,4539200
2011-10-19,16.45515401,16.46707754,15.50123146,15.95831966,7476500
2011-10-20,15.91062866,15.91062866,15.54098365,15.75959206,5132500
2011-10-21,15.92254943,16.18885194,15.85895468,16.11730766,3772300
2011-10-24,16.43527733,17.14674438,16.37565813,17.07122612,6188400
2011-10-25,17.07122612,17.07122612,17.07122612,17.07122612,0
2011-10-26,17.07122612,17.07122612,17.07122612,17.07122612,0
2011-10-27,17.07122612,17.07122612,17.07122612,17.07122612,0
2011-10-28,17.63960896,17.84231673,17.55613963,17.72705078,8997000
2011-10-31,17.4051025,17.44882416,17.142774,17.37330437,3825900
2011-11-01,16.66580866,17.21033859,16.66580866,17.21033859,6758300
2011-11-03,17.38920231,17.86218807,17.35343018,17.7628212,6813600
2011-11-04,17.65153166,18.18413817,17.64755765,18.12451744,4541300
2011-11-07,18.08476697,18.39479106,18.0370713,18.28350067,3116700
2011-11-08,18.4623604,18.48223347,18.00924783,18.16823387,2702800
2011-11-09,17.94565988,18.04502676,17.77872272,17.87014008,3414200
2011-11-10,17.87014008,17.87014008,17.87014008,17.87014008,0
2011-11-11,18.00925264,18.19208733,17.94168238,18.05297279,2123400
2011-11-14,17.9655304,18.09669388,17.92180873,17.9655304,1355900
2011-11-16,17.99733184,18.36300281,17.96950923,18.11657333,3221400
2011-11-17,18.00527808,18.16029017,17.57998796,17.62768364,4125000
2011-11-18,17.7270479,17.80256769,17.31765691,17.56806183,2168600
2011-11-21,17.26996534,17.61178767,17.18649752,17.46472359,13514500
2011-11-22,17.52434043,17.64358037,17.25008843,17.30970764,4000300
2011-11-23,17.02353414,17.13879856,16.73735704,16.85262299,3863200
2011-11-24,17.00763851,17.03148559,16.69363875,16.87249947,1066800
2011-11-25,16.70158271,16.9162155,16.33988739,16.48694992,3842300
2011-11-28,16.88839327,16.9241654,16.64991188,16.64991188,2965500
2011-11-29,16.73338282,16.79300355,16.35976388,16.41540909,3773000
2011-11-30,16.45515848,16.92019482,16.30412037,16.55452538,7656300
2011-12-01,16.80492911,16.86057433,16.41541105,16.65389252,5247900
2011-12-02,16.84864737,17.00365945,16.69363528,16.86057091,3410600
2011-12-05,17.0473816,17.27791349,16.95596425,17.17059708,2885400
2011-12-06,17.09507958,17.23021862,16.98776467,17.15072632,3128200
2011-12-07,17.08713093,17.11097802,16.40348625,16.40348625,6661000
2011-12-08,16.45913113,16.54259895,15.96229669,16.06563759,4383900
2011-12-09,16.18089952,16.39553231,16.02588746,16.38758278,2899800
2011-12-12,16.38758278,16.38758278,16.38758278,16.38758278,0
2011-12-13,16.23654773,16.32399107,16.01396688,16.08948517,3212200
2011-12-14,16.0378127,16.06166129,15.76356067,15.83510494,4381400
2011-12-15,15.87485367,15.9821701,15.50123472,15.58072853,4448600
2011-12-16,15.69996849,15.77151278,15.44956351,15.58072853,4400700
2011-12-19,15.56084962,15.67611402,15.33826733,15.33826733,2868600
2011-12-20,15.48136384,15.89870453,15.32237619,15.89870453,4073200
2011-12-21,15.77548695,15.95037365,15.54893056,15.95037365,3477000
2011-12-22,15.9781957,16.22462515,15.9026759,16.17692947,2525200
2011-12-23,16.26038993,16.37962983,16.20076922,16.27628899,2130800
2011-12-26,16.2961657,16.31603877,16.14910316,16.14910316,512600
2011-12-27,16.11333728,16.3438677,16.05769205,16.25642586,4241200
2011-12-28,16.29616573,16.29616573,15.73176267,15.78740788,3871800
2011-12-29,15.88677609,15.93844577,15.68009281,15.68009281,3496200
2012-01-02,15.80728703,16.28027294,15.80728703,16.25642586,2108100
2012-01-03,16.35579059,17.05533282,16.35579059,16.97981453,5811100
2012-01-04,16.76915427,17.14674872,16.70158552,17.09507751,2511600
2012-01-05,16.89634393,16.99571082,16.5465736,16.63799095,2954200
2012-01-06,16.81287147,16.81287147,16.33193626,16.49489784,2336500
2012-01-09,16.61414394,16.61414394,16.31604327,16.4750309,1966600
2012-01-10,16.80492082,16.83274341,16.4551506,16.4551506,3148800
2012-01-11,16.45515329,16.63798796,16.30808924,16.57836723,3035800
2012-01-12,16.75723244,16.7731315,16.27629705,16.41143608,5649100
2012-01-13,16.40745766,16.40745766,15.85100407,16.07756042,8747800
2012-01-16,16.02986214,16.25641845,15.99409001,16.18089867,3563300
2012-01-17,16.18089867,16.18089867,16.18089867,16.18089867,0
2012-01-18,16.99571082,17.23021672,16.912243,17.13084984,5823400
2012-01-19,17.27791251,17.28983605,16.94403975,17.08315277,4651200
2012-01-20,17.08713313,17.15867591,16.94404455,17.05930901,2897700
2012-01-23,17.02751165,17.19444731,16.91224568,16.93609428,4549800
2012-01-24,16.94006542,17.13879918,16.70953505,17.09507751,5995700
2012-01-26,17.25009054,17.54819117,17.00763512,17.00763512,5410800
2012-01-27,17.1467484,17.23021622,17.00763538,17.10700226,2692300
2012-01-30,16.93609202,17.30573695,16.79697747,17.28586388,4178400
2012-01-31,17.46472561,17.76680183,17.40510638,17.76680183,6726400
2012-02-01,17.88603755,18.22388432,17.83436635,18.12451744,6302700
2012-02-02,18.02117536,18.2199091,17.9536051,18.1125927,3365000
2012-02-03,17.97745356,18.40274364,17.91783435,18.2318325,3871800
2012-02-06,18.15234031,18.26363224,18.08477156,18.22388458,1830800
2012-02-07,18.1483692,18.25965963,17.94168588,18.21991348,3108400
2012-02-08,18.21990951,18.32722591,18.02514977,18.09272003,3128600
2012-02-09,18.03309956,18.18811164,17.77872061,17.92578316,3440300
2012-02-10,17.6515266,17.7667925,17.46869196,17.61973,4683400
2012-02-13,17.8065393,18.06489372,17.73897057,18.06489372,2724100
2012-02-14,17.95360966,17.96553472,17.50447239,17.58794022,5126300
2012-02-15,17.77474454,17.80654114,17.1864929,17.27791023,4900300
2012-02-16,17.03545681,17.49254351,16.97186207,17.34150696,4600700
2012-02-17,17.40907836,17.4686991,16.89634485,17.06328201,5705400
2012-02-23,16.95993513,17.48856756,16.95993513,17.43292236,4148200
2012-02-24,17.56011372,17.68332918,17.48856945,17.52434158,3598800
2012-02-27,17.47267106,17.48857012,17.23816517,17.33753204,2964000
2012-02-28,17.36932861,17.54818927,17.20239148,17.52036667,3158500
2012-02-29,17.68730203,17.7866689,17.30970764,17.30970764,6980800
2012-03-01,17.39715341,17.62768378,17.33753268,17.50844383,2644500
2012-03-02,17.53626777,17.71115446,17.44882594,17.66743279,3089900
2012-03-05,17.51242175,17.5283193,17.00366223,17.15072632,4268900
2012-03-06,16.64593621,16.68568235,16.18089854,16.32001305,8037500
2012-03-07,16.37566309,16.37566309,15.96229648,16.29616928,7283600
2012-03-08,16.64991042,16.65388594,16.22064638,16.35578537,4298200
2012-03-09,16.35180925,16.58234108,16.25641792,16.33988571,5072500
2012-03-12,16.17693211,16.45118422,16.07358968,16.14513397,4916700
2012-03-13,16.29617139,16.99173968,16.25642524,16.97186661,5393100
2012-03-14,16.89633973,17.09109944,16.60221468,16.81287193,3123700
2012-03-15,16.83275204,17.11892919,16.83275204,16.97186661,1941300
2012-03-16,17.0911014,17.12289952,16.9321138,17.07917786,2776800
2012-03-19,17.07917786,17.07917786,17.07917786,17.07917786,0
2012-03-20,16.81287879,16.93609428,16.62209452,16.93609428,3526100
2012-03-21,16.85262639,16.97584037,16.7333849,16.87249947,2270800
2012-03-22,16.6737603,16.71748197,16.39155877,16.52272224,2270800
2012-03-23,16.50682288,16.6459374,16.44720368,16.51477242,2429700
2012-03-26,16.66183829,16.75325716,16.59029553,16.73735809,2115900
2012-03-27,16.86454552,17.01160807,16.80095079,16.85659599,3862000
2012-03-28,16.80889665,16.86454184,16.50284657,16.53464317,2775300
2012-03-29,16.4869546,16.77313173,16.3359165,16.75723267,5333300
2012-03-30,16.89634744,17.05136108,16.785057,17.05136108,5240500
2012-04-02,17.08712865,17.65948131,17.02750792,17.49254417,5340200
2012-04-03,17.45677033,17.58793532,16.99570813,17.09905052,4525300
2012-04-04,16.81287688,16.9201933,16.68568739,16.76120567,2726300
2012-04-05,16.71350418,16.92416294,16.53464355,16.71747971,3798500
2012-04-09,16.49888086,16.59427376,16.3637418,16.54260254,3871100
2012-04-10,16.45912834,16.51079954,16.14910419,16.3915596,3599400
2012-04-11,16.57439428,16.65388808,16.32398934,16.3915596,4812500
2012-04-12,16.61811441,17.48459356,16.61016487,17.43292236,9942500
2012-04-13,17.2500906,17.54421571,17.09110298,17.40907669,5848500
2012-04-16,17.55384431,17.55384431,17.0567294,17.17897034,4320500
2012-04-17,17.29713126,17.6557059,17.18303841,17.54568863,5456000
2012-04-18,17.51717187,17.93686633,17.44790102,17.72498131,6652600
2012-04-19,17.63126167,17.82684746,17.58236561,17.59458923,4666000
2012-04-20,17.72497953,17.82277321,17.45604887,17.55384254,2893900
2012-04-23,17.17489369,17.43974876,17.09747325,17.43974876,3462100
2012-04-24,17.3175122,17.54162087,17.31343818,17.48050117,2838600
2012-04-25,17.64348172,17.64348172,17.14229293,17.2278614,4621400
2012-04-26,16.60036415,17.61904133,16.60036415,17.48050117,7178400
2012-04-27,17.52124098,17.63125826,17.08117186,17.36640167,5353100
2012-04-30,17.36233096,17.3990034,17.08932472,17.35825539,3390400
2012-05-02,17.27676112,17.60273743,17.21971391,17.60273743,3390400
2012-05-03,17.64348507,17.72497954,17.27676229,17.42345047,5795600
2012-05-04,17.23601102,17.25638424,16.71037342,16.92225838,8073300
2012-05-07,16.71444843,16.96300581,16.70629883,16.91003418,2809000
2012-05-08,16.84891466,16.85706426,16.23770854,16.4618187,6257600
2012-05-09,16.25808274,16.64517869,16.15213948,16.4210701,5041900
2012-05-10,16.72667552,16.79594636,16.36810079,16.42514801,3746700
2012-05-11,16.237712,16.47811986,15.93210888,15.93210888,4479000
2012-05-14,15.64688026,15.85876372,15.62243145,15.66725349,3992200
2012-05-15,15.70799705,15.96062848,15.49611208,15.54908371,5331400
2012-05-16,15.74467294,15.86691388,15.04789818,15.11716747,6961000
2012-05-17,15.20273656,15.28015546,14.56300751,14.59967995,7175900
2012-05-18,14.81156166,15.06826867,14.51003416,14.94602776,6675500
2012-05-21,15.11309241,15.49611442,15.03974754,15.42276955,4289300
2012-05-22,15.34535068,15.54501206,15.12124204,15.23125935,4912300
2012-05-23,15.23125849,15.35349941,14.88083336,15.35349941,7227900
2012-05-24,15.41462229,15.54501283,15.06827115,15.17828846,5836900
2012-05-25,15.05604484,15.28015345,14.7789646,14.89305592,4774000
2012-05-28,14.95418007,15.19051235,14.90528401,15.02752495,1314600
2012-05-29,15.10901253,15.49203439,15.02344251,15.28014946,6357800
2012-05-30,14.98677441,15.23533183,14.87268309,15.1905098,4095600
2012-05-31,15.27608227,15.36980037,14.87268546,15.31682873,8685800
2012-06-01,14.9215786,15.30052653,14.91750458,15.07641792,3463800
2012-06-04,15.06012149,15.11716716,14.81971364,15.04382229,4086700
2012-06-05,15.07641822,15.17828591,14.86045921,15.03159618,0
2012-06-06,15.07642062,15.49611507,15.07642062,15.46759224,4278900
2012-06-08,15.49204121,15.63873096,15.43091997,15.62243176,4112300
2012-06-11,15.73244867,15.87913841,15.38202351,15.42684555,3991800
2012-06-12,15.4635163,15.78949261,15.44314307,15.78949261,3295300
2012-06-13,15.7691214,15.9321088,15.61835763,15.80986786,4046600
2012-06-14,15.65909807,15.86690742,15.58575322,15.85060978,2552900
2012-06-15,15.89136168,16.41292382,15.77319477,16.10324669,13680600
2012-06-18,16.10324669,16.10324669,16.10324669,16.10324669,0
2012-06-19,16.29883333,16.8122459,16.22956404,16.62888527,6787500
2012-06-20,16.60850551,16.93855734,16.53516221,16.67777634,4497800
2012-06-21,16.62888301,16.69407827,16.1847398,16.21733665,3146900
2012-06-22,16.29882904,16.41699592,16.02989842,16.18066216,3531300
2012-06-25,15.80985905,15.98099751,15.76096301,15.87098026,3344100
2012-06-26,15.94433303,16.40477392,15.88728737,16.23771095,6069500
2012-06-27,16.29883046,16.41699735,16.06657225,16.17251396,3783700
2012-06-28,16.12769252,16.29882949,15.67132418,15.98100281,6356300
2012-06-29,16.31105672,16.44959686,16.17659215,16.35180473,5273300
2012-07-02,16.30290397,16.39662361,16.13584103,16.39662361,2379100
2012-07-03,16.39662552,16.86929158,16.37217671,16.70630264,13850800
2012-07-04,16.70629883,16.8081665,16.55145953,16.8081665,944900
2012-07-05,16.90596065,17.07709761,16.75519537,17.02005196,4461000
2012-07-06,16.81631905,17.04857726,16.46181991,16.62073326,5951400
2012-07-10,16.53516603,16.70630303,16.08694722,16.13584328,5894500
2012-07-11,16.24585801,16.31512884,15.97285336,16.11954308,3738300
2012-07-12,15.88728651,16.12361876,15.68762515,16.0502739,4761000
2012-07-13,16.1847401,16.4699684,16.13991806,16.39254951,3391600
2012-07-16,16.25808576,16.36810151,16.06657399,16.13584328,2199600
2012-07-17,16.16844038,16.50256629,15.91580894,16.07472229,1978300
2012-07-18,16.07472336,16.16844146,15.74874703,16.09509659,4634100
2012-07-19,15.96470523,16.22548628,15.86691156,16.11546898,3030100
2012-07-20,15.97285107,15.9932243,15.66724806,15.72429371,4804700
2012-07-23,15.38202224,15.52871198,15.05604592,15.35349941,4255500
2012-07-24,15.25978131,15.29237816,14.57115468,14.60375309,8143500
2012-07-25,14.70969538,14.7667426,14.22480568,14.52633476,4280400
2012-07-26,14.34297015,14.72191806,13.9966191,14.70561886,10951500
2012-07-27,14.91343002,15.30052757,14.71784423,15.30052757,12480200
2012-07-30,15.28015282,15.29237645,14.98269937,15.28830242,3193500
2012-07-31,15.38202461,15.43907028,15.0886451,15.13754272,4094800
2012-08-01,15.1905114,15.33312712,14.92158073,15.23533344,3973200
2012-08-02,14.89713231,15.24348185,14.83601107,14.9745512,3190100
2012-08-03,15.27607651,15.27607651,15.10086399,15.19865608,3509300
2012-08-06,15.15791035,15.5001858,15.08048992,15.3616457,2749100
2012-08-07,15.34534309,15.54500437,15.25977463,15.33719349,3252800
2012-08-08,15.30052492,15.55723191,15.25977847,15.45536423,4781900
2012-08-09,15.3779489,15.72429846,15.3779489,15.60613155,5808900
2012-08-10,15.50426568,15.77727196,15.39832394,15.72022629,5808900
2012-08-13,15.74874683,15.87506178,15.6102067,15.73244762,2988300
2012-08-14,15.63057556,15.63057556,15.01121994,15.09678841,5204200
2012-08-15,15.04382356,15.16199048,14.75859519,14.79119205,6305300
2012-08-16,14.99492264,15.03567064,14.73821564,14.99492264,4798800
2012-08-17,15.02752366,15.0723457,14.52633476,14.52633476,5103900
2012-08-20,14.52633476,14.52633476,14.52633476,14.52633476,4238500
2012-08-21,14.99899828,15.14161242,14.62005038,14.70561886,5515000
2012-08-22,14.66895031,14.81564006,14.50596135,14.70969677,2916100
2012-08-23,14.55893086,14.59560329,14.12701127,14.13923645,3524300
2012-08-24,14.09034014,14.12701102,13.76843786,14.06996536,4789500
2012-08-27,14.04959353,14.07404233,13.76843922,13.85400772,2627400
2012-08-28,13.71954342,13.94772766,13.71139537,13.82141113,3087600
2012-08-29,13.84178405,13.84178405,13.21835265,13.40986443,5996400
2012-08-30,13.33244488,13.41393779,13.24687483,13.36504173,3394500
2012-08-31,13.56877561,13.76436138,13.46690792,13.76436138,7177900
2012-09-03,13.80918393,13.80918393,13.56470209,13.67064381,2000700
2012-09-04,13.60137532,13.60952493,13.1246337,13.22242737,4332300
2012-09-05,13.32429419,13.80918384,13.32429419,13.44653511,3587700
2012-09-06,13.56470056,14.06588936,13.52802814,14.06588936,4850100
2012-09-10,14.06588936,14.06588936,14.06588936,14.06588936,12791900
2012-09-11,14.65264716,15.06011789,14.65264716,14.99492264,8234800
2012-09-12,15.07234445,15.30052709,14.80341381,15.1905098,7138400
2012-09-13,15.14161541,15.78949407,14.94602961,15.57760906,8949400
2012-09-14,15.68762563,16.20918775,15.47166661,15.74874687,11968000
2012-09-17,15.75689645,16.24993734,15.70392636,15.96878147,7196400
2012-09-18,16.01360128,16.19696345,15.86691156,16.11546898,5637800
2012-09-19,16.07879863,16.27031042,15.85061596,15.93210888,4574800
2012-09-20,15.71614634,15.89950849,15.557233,15.7976408,6035900
2012-09-21,15.85468414,16.01359746,15.32904659,15.40239143,4116800
2012-09-24,15.32090181,15.49611439,15.13754119,15.4349947,5804100
2012-09-25,15.37794468,15.47981235,14.93380156,15.00307083,4535700
2012-09-26,14.98677184,15.16198437,14.73006642,15.05604267,3364500
2012-09-27,15.23533439,15.2597832,14.96232968,15.02752495,3444900
2012-09-28,14.92158047,14.9501033,14.68932223,14.86861038,4987800
2012-10-01,14.90120262,15.22310483,14.77081213,14.80341053,3476400
2012-10-02,14.95417843,15.08456896,14.64449976,14.74636745,3520500
2012-10-03,14.7626652,14.88490612,14.46521174,14.5467062,3063800
2012-10-04,14.5670826,14.93380698,14.32260071,14.70969677,6405100
2012-10-05,14.96640052,15.05604458,14.6119014,14.63227463,3359000
2012-10-08,14.56708246,15.14161628,14.47743838,15.11716747,4671500
2012-10-09,15.30459933,15.45128747,15.08456479,15.19865608,4776300
2012-10-10,15.30867686,15.3616485,14.99085015,15.03567219,4017900
2012-10-11,15.17421228,15.32905005,15.10086741,15.23940754,4979700
2012-10-15,15.14976347,15.30867682,15.02752255,15.23940754,3159400
2012-10-16,15.32089753,15.92395553,15.32089753,15.52870846,12119400
2012-10-17,15.54969038,15.81921897,15.45431913,15.58286381,5325500
2012-10-18,15.35480258,15.64091793,15.34236333,15.50822735,5809600
2012-10-19,15.41699913,15.50822448,15.16820473,15.17649651,3703400
2012-10-22,15.18893733,15.3838257,15.09771198,15.17649651,3415900
2012-10-23,15.01478225,15.06868829,14.68720169,14.74940109,3796600
2012-10-24,14.82404382,14.90697585,14.51719578,14.64574051,3446400
2012-10-25,15.25528275,15.5165164,15.13917732,15.4709053,5424900
2012-10-26,15.30504451,15.5662798,15.27601854,15.35480309,2869000
2012-10-29,15.33406579,15.48748894,15.20137524,15.45431709,2068900
2012-10-30,15.42529656,15.64506506,15.42529656,15.52896118,1527200
2012-10-31,15.50822857,15.64506506,15.34236454,15.52896118,6709800
2012-11-01,15.53725613,15.96435392,15.49164343,15.91874123,6558300
2012-11-05,15.64506136,15.87727064,15.62847464,15.77775192,3942500
2012-11-06,15.8648324,16.0141097,15.72384845,15.85239315,5013600
2012-11-07,15.83166283,15.91874074,15.49578885,15.68653297,7841900
2012-11-08,15.8358056,15.83995307,15.28845657,15.33406925,7238800
2012-11-09,15.3755359,15.54969169,15.23040449,15.46675968,3767100
2012-11-12,15.42529441,15.5745717,15.22625855,15.3423624,3269600
2012-11-13,15.21796659,15.51237374,15.0645434,15.45017433,5958000
2012-11-14,15.3382197,15.45432358,14.97746564,15.17235565,4938900
2012-11-16,14.9981947,15.02722225,14.68305499,14.71208096,7195800
2012-11-19,14.9318552,15.11015852,14.84892475,14.9069767,3817400
2012-11-21,15.0686909,15.14332956,14.81989642,15.11430359,8398500
2012-11-22,15.18478909,15.20137581,15.03136594,15.04795265,1239400
2012-11-23,15.04381144,15.42529813,15.01063958,15.30919266,2856300
2012-11-26,15.30090112,15.32163373,14.88624257,15.18064976,3856700
2012-11-27,15.29260351,15.41285325,14.98575557,15.1267395,4951900
2012-11-28,14.8862392,15.18064632,14.83233316,14.87379837,6404100
2012-11-29,15.09357167,15.54969543,15.07283747,15.53310871,4645700
2012-11-30,15.46675974,15.59945032,15.2428438,15.59115696,5007100
2012-12-03,15.56213298,15.6657976,15.26357993,15.49993515,5229200
2012-12-04,15.61189194,15.61189194,15.12674071,15.21796608,5039500
2012-12-05,15.38797515,15.52066572,15.28845642,15.46675968,5280200
2012-12-06,15.4377301,15.52895544,15.30089367,15.36309147,2505300
2012-12-07,15.49993094,15.68238006,15.44187901,15.54139614,3327800
2012-12-10,15.38382883,15.87312596,15.38382883,15.8192215,3294200
2012-12-11,15.89386191,16.20900169,15.77361056,16.17168236,3618300
2012-12-12,16.15923834,16.48681728,16.12191902,16.33754158,6567000
2012-12-13,16.17582436,16.53243086,16.08874647,16.42876625,4314100
2012-12-14,16.55316515,17.08392906,16.52828666,17.08392906,4387600
2012-12-17,17.07978122,17.531759,17.038316,17.41565514,3320600
2012-12-18,17.50687993,17.83031301,17.448828,17.75567436,5755500
2012-12-19,17.74737798,18.05837176,17.31613289,17.4363842,4824800
2012-12-20,17.34101627,17.58151893,17.19173898,17.51931953,2567200
2012-12-21,17.11295688,17.37419218,17.08393091,17.37004471,3090200
2012-12-26,17.14612898,17.66030623,17.14612898,17.48614883,1425700
2012-12-27,17.34102209,17.66445528,17.316142,17.48200607,2086700
2012-12-28,17.59395866,17.61054538,17.38662943,17.53175926,2475800
2013-01-02,17.83031058,18.56010864,17.83031058,18.28643417,4061000
2013-01-03,18.03764611,18.27400135,17.92568812,17.9754467,4126000
2013-01-04,17.97129487,17.97544076,17.46126523,17.69762039,5659900
2013-01-07,17.63542757,17.78055901,17.26223582,17.34931374,3040400
2013-01-08,17.32028693,17.51102947,17.19174221,17.21247482,2631600
2013-01-09,17.29540565,17.43638961,17.15027581,17.29125977,2291000
2013-01-10,17.33686884,17.50273125,17.31613465,17.47370529,2983700
2013-01-11,17.31198904,17.423947,16.97196926,17.11295319,3017200
2013-01-14,17.24979247,17.28711179,17.01343726,17.10880852,4129900
2013-01-15,17.24978999,17.28710931,16.91806356,17.06734085,2603600
2013-01-16,17.0963721,17.0963721,16.71488699,16.9595356,2996400
2013-01-17,16.83928309,17.1005184,16.81440301,16.9927063,2868300
2013-01-18,17.03832082,17.12539874,16.80611145,16.8392849,2514700
2013-01-21,16.87245246,16.90562589,16.70659002,16.82684135,909200
2013-01-22,16.8724548,17.12539675,16.77293764,17.03002548,2636800
2013-01-23,16.87245361,17.13783637,16.77293646,16.9387989,3129100
2013-01-24,17.0010004,17.06734571,16.47438386,16.58634186,3330600
2013-01-28,16.53657819,16.56145668,16.02654852,16.08460045,2821000
2013-01-29,16.17582354,16.31680746,15.93117502,16.27119637,3225800
2013-01-30,16.25461268,16.2711994,15.96849732,16.06801605,4886500
2013-01-31,16.08459848,16.71902527,16.08459848,16.6941452,6130400
2013-02-01,16.69415033,17.046611,16.69415033,16.9387989,3927600
2013-02-04,16.82684191,16.90562645,16.5531658,16.77293587,5490500
2013-02-05,16.73975923,17.10880495,16.30851569,16.46193886,4229500
2013-02-06,16.53658061,16.7563491,16.33754473,16.64853859,3813400
2013-02-07,16.50340935,16.75635131,16.14265686,16.18412209,3619100
2013-02-08,16.27948869,16.35412733,16.04313352,16.31266212,3239500
2013-02-13,16.39559605,16.39559605,16.15509338,16.21729279,2890000
2013-02-14,16.21729661,16.21729661,15.89800933,15.99752808,3905700
2013-02-15,15.96849708,16.03484237,15.78190203,15.88141918,2834200
2013-02-18,15.91045045,15.91045045,15.66580181,15.77361393,1878700
2013-02-19,15.82751856,16.04314123,15.55384393,15.61189747,3151700
2013-02-20,15.60774266,15.63262274,15.05210032,15.11015224,3891500
2013-02-21,14.93185072,15.21796608,14.84062694,15.21796608,5040200
2013-02-22,15.23455545,15.32577925,14.76599085,14.81160355,7438800
2013-02-25,14.85306487,15.02307476,14.75769362,14.87794495,5109000
2013-02-26,14.79086407,15.2386959,14.68719948,15.17649651,4874600
2013-02-27,15.25528451,15.3423624,14.90282388,15.3423624,3909200
2013-02-28,15.08527059,15.82336192,15.05209716,15.67408466,7847000
2013-03-01,15.34651043,15.52481371,15.20552647,15.23869991,5639000
2013-03-04,15.03551298,15.03551298,14.64573465,14.77842522,3634300
2013-03-05,14.92770401,15.02307526,14.55451078,14.69964218,3959700
2013-03-06,14.88623965,15.60359861,14.72037563,15.50822735,4078200
2013-03-07,15.63262574,15.78604895,15.36309709,15.49993515,5145900
2013-03-08,15.35480507,15.64506637,14.91941393,15.06869125,3788400
2013-03-11,15.13088928,15.32992517,14.85306726,15.20552635,2571100
2013-03-12,15.20552169,15.36723979,15.02722005,15.04795265,2339900
2013-03-13,15.02722332,15.06868853,14.45084673,14.4549942,3132400
2013-03-14,14.56280675,14.63744541,14.1771742,14.51304817,4631600
2013-03-15,14.61256542,14.74110854,14.40108871,14.40108871,7235100
2013-03-18,14.2849863,14.60427355,14.1522957,14.51304817,3145800
2013-03-19,14.28498394,14.60427114,13.89105809,13.92423153,5146200
2013-03-20,14.02789686,14.31815653,13.92837813,14.24351788,5188300
2013-03-21,14.21034539,14.48401991,14.05692221,14.36376858,4044000
2013-03-22,14.40524212,14.45085324,14.22693877,14.39280128,2362600
2013-03-25,14.43011395,14.43011395,14.02789632,14.20205212,2896800
2013-03-26,14.3057172,14.3679166,14.16887914,14.28498459,1993700
2013-03-27,14.26839343,14.57524129,14.07765097,14.56694794,3075200
2013-03-28,14.56694794,14.56694794,14.56694794,14.56694794,2994600
2013-04-01,14.43426262,14.47987372,14.07350859,14.09838867,1962600
2013-04-02,14.43426033,14.47987143,13.75836665,13.78739262,5340900
2013-04-03,13.75836561,14.65817356,13.70860704,14.65817356,6258100
2013-04-04,14.49231594,14.59598057,14.13570935,14.17717457,4226900
2013-04-05,13.99057618,14.44255394,13.86617739,14.33059597,4539600
2013-04-08,14.38450247,14.4632886,14.13156212,14.38864994,6448600
2013-04-09,14.51304673,15.17649967,14.51304673,15.00648975,7892300
2013-04-10,15.10600998,15.26358066,14.45084876,14.51304817,8489500
2013-04-11,14.57524572,14.63329765,14.05277516,14.15643978,5182600
2013-04-12,14.14814598,14.86965239,13.8247129,14.33889008,6132200
2013-04-15,13.91179188,14.04033658,13.28980416,13.45981407,4378700
2013-04-16,13.70446129,13.81227337,13.555184,13.76666069,5677000
2013-04-17,13.20577431,13.53904274,12.94332473,13.52237892,9355000
2013-04-18,13.51821288,13.6556854,13.21410457,13.28909016,4258300
2013-04-19,13.47238924,13.55570674,13.13912081,13.37240791,4675200
2013-04-22,13.38907004,13.56403694,13.24743078,13.49321651,2287100
2013-04-23,13.55154097,13.97229368,13.3599118,13.9139719,3379500
2013-04-24,13.9889555,14.31805716,13.92230023,13.9889555,7022800
2013-04-25,14.3888794,14.55967958,14.16808777,14.20974731,5334600
2013-04-26,14.20974731,14.20974731,14.20974731,14.20974731,0
2013-04-29,14.00561966,14.19308366,13.83481948,13.99728775,3097200
2013-04-30,14.09726694,14.28473091,13.82232031,14.28473091,3184900
2013-05-02,13.93480274,14.10143619,13.79732859,13.95146656,6730100
2013-05-03,14.16391822,14.36804598,13.98478619,14.08060074,3919900
2013-05-06,14.12642755,14.29306254,14.00978401,14.0931015,4640200
2013-05-07,14.16809114,14.51802349,14.10976934,14.51802349,3991500
2013-05-08,14.49302868,14.70965361,14.47219969,14.56384754,4542500
2013-05-09,14.43886803,14.75130748,14.43886803,14.64299583,5351600
2013-05-10,14.57634113,14.66382379,14.23057408,14.26390171,4094100
2013-05-13,14.14725843,14.23057594,13.93063354,13.93063354,3029000
2013-05-14,13.98478852,13.99728559,13.60986058,13.65985203,3532300
2013-05-15,13.58903279,13.64318941,13.29325716,13.37240791,19258500
2013-05-16,13.31825081,13.37657337,13.01414329,13.05996799,4932100
2013-05-17,13.31408268,13.35990738,13.1391174,13.23493195,2720600
2013-05-20,13.31408448,13.73067036,13.05996763,13.70150948,4294000
2013-05-21,13.75566642,13.85564615,13.58903143,13.80982304,2478700
2013-05-22,13.8306518,13.97229106,13.4515587,13.58903122,5179200
2013-05-23,13.22243945,13.33491707,13.10996104,13.33491707,4384700
2013-05-24,13.15578365,13.26409608,13.12662276,13.20577431,3298900
2013-05-27,13.20577323,13.33074868,13.16411448,13.26826096,605500
2013-05-28,13.41406675,13.41823191,13.03913879,13.03913879,3372000
2013-05-29,12.91416,13.08912607,12.8600042,12.93498898,5899200
2013-05-31,13.14328431,13.19327497,12.63921577,12.68504047,7515700
2013-06-03,12.85583868,13.18077511,12.8266778,13.16411209,4662800
2013-06-04,13.33074951,13.36407715,12.96831941,13.33074951,5599600
2013-06-05,13.18494206,13.31824941,12.83084393,12.88083458,4001000
2013-06-06,12.89333512,13.04330552,12.6808762,13.03080845,5729200
2013-06-07,12.76835822,13.08912957,12.76419227,12.81834888,4320200
2013-06-10,12.74336465,12.83917923,12.63505221,12.68920803,7959300
2013-06-11,12.48924266,12.55173037,12.37259914,12.3767643,5713600
2013-06-12,12.50174137,12.50590732,12.11848236,12.24345779,6950400
2013-06-13,12.21429973,12.89333527,12.21013378,12.86833954,5293800
2013-06-14,12.89333586,13.04747222,12.52257381,12.53090572,4633600
2013-06-17,12.70587002,12.83501143,12.50174303,12.66421127,3627900
2013-06-18,12.58089613,13.04747196,12.51007649,12.92666245,3721900
2013-06-19,12.8766725,13.01414584,12.77252601,12.79335499,5174800
2013-06-20,12.4725816,12.95582116,12.35593726,12.89333344,8598800
2013-06-21,12.64338173,12.9224943,12.580894,12.68504047,10023300
2013-06-24,12.43509061,12.52257328,11.92269009,12.03516769,5915200
2013-06-25,12.20596755,12.36843661,12.07682614,12.2476263,3452700
2013-06-26,12.28928448,12.34344029,11.80604488,11.85186958,3906700
2013-06-27,11.91435731,12.09348938,11.83520577,11.85186958,4247900
2013-06-28,11.80604421,12.18513731,11.76021951,12.04349804,9778200
2013-07-01,11.80604631,12.3892665,11.7602216,12.28512001,3180300
2013-07-02,12.1226505,12.32261155,11.73939142,11.87269878,6671500
2013-07-03,11.81021266,12.07682743,11.67273932,11.82687569,4642200
2013-07-04,12.10182163,12.36010527,12.10182163,12.27678776,2302700
2013-07-05,12.01850235,12.1434778,11.61857951,11.95601463,4384000
2013-07-08,11.9768443,12.07682482,11.73522452,11.82270718,3025000
2013-07-10,12.08932388,12.26429,11.93935269,12.10182095,5927700
2013-07-11,12.46841457,12.69753647,12.43508773,12.69753647,5339400
2013-07-12,12.58089175,12.58922286,12.40175972,12.4309206,2903700
2013-07-15,12.64338435,12.64338435,12.43925732,12.55173492,2380800
2013-07-16,12.67254392,13.03080807,12.62255326,13.00997829,4755900
2013-07-17,13.1057941,13.38074078,13.08079917,13.26409721,7155500
2013-07-18,13.18494701,13.44323069,13.13912309,13.18494701,4546100
2013-07-19,13.04330443,13.18077775,12.79335273,12.88500214,3410800
2013-07-22,12.85167216,13.14328174,12.83500834,13.08495998,3767700
2013-07-23,13.22660243,13.37240686,13.13911977,13.33908081,2995900
2013-07-24,13.29325867,13.4307328,13.15578532,13.29325867,3972300
2013-07-25,13.16411718,13.47239071,13.14328741,13.43906307,6825500
2013-07-26,13.43906307,13.43906307,13.43906307,13.43906307,0
2013-07-29,13.31408708,13.44322931,13.22660441,13.26409721,4137500
2013-07-30,13.28909068,13.36824222,12.93915844,12.93915844,6364000
2013-07-31,12.90999417,13.07662833,12.88499924,12.92249203,3011200
2013-08-01,13.12662133,13.22660185,13.02664081,13.05163574,3017400
2013-08-02,13.04330548,13.26409631,12.95582282,13.01831055,3473300
2013-08-05,13.01831029,13.26826201,12.99748131,13.14328575,2674400
2013-08-06,13.10162797,13.15578379,12.89750016,13.0433054,5023200
2013-08-07,12.9599883,13.44739306,12.94332448,13.33074951,3646800
2013-08-08,13.46405679,13.95146315,13.46405679,13.82232094,5463300
2013-08-09,13.99728589,14.65965755,13.94729603,14.47636032,9789400
2013-08-12,14.58884013,14.9471043,14.5638444,14.78880119,7804200
2013-08-13,14.98459547,15.07207813,14.68881827,14.83462429,6111200
2013-08-14,14.77630636,15.11374001,14.73048164,14.90544701,8877200
2013-08-15,14.684651,15.21788037,14.67215393,15.0595789,13069900
2013-08-16,15.08457347,15.32619403,14.99709082,15.2470417,5888700
2013-08-19,15.12206775,15.35535643,15.042917,15.16789246,6722100
2013-08-20,14.9595996,15.10123887,14.68465297,14.73880959,5582900
2013-08-21,14.62216477,14.84295638,14.44719945,14.58467197,5028800
2013-08-22,14.88462046,15.16789912,14.78047394,15.10541058,4993000
2013-08-23,15.07207863,15.17622511,14.87628274,15.0470829,6167400
2013-08-26,14.90128104,15.18455964,14.90128104,14.95543766,3669900
2013-08-27,14.78879531,14.92210263,14.64299092,14.69298077,4585000
2013-08-28,14.70547931,14.75963591,14.26806451,14.51385021,4575400
2013-08-29,14.49719013,14.57634247,14.15975654,14.17225361,4670000
2013-08-30,14.49718731,14.57633964,14.01394779,14.3055582,5399300
2013-09-02,14.70131269,14.87627796,14.54300965,14.83878517,3017400
2013-09-03,14.80963013,14.95543617,14.67632276,14.9346056,3917700
2013-09-04,14.75130838,14.99709415,14.66799087,14.99709415,3295800
2013-09-05,14.91377806,15.06791443,14.75547494,14.99293041,2906700
2013-09-06,15.11373919,15.16373065,14.8387925,14.95543766,3367500
2013-09-09,14.87628084,15.49699448,14.87628084,15.39284801,4719100
2013-09-10,15.41367536,15.95940336,15.40534346,15.76777267,9711200
2013-09-11,15.75944541,15.93024557,15.35118983,15.47200012,7135400
2013-09-12,15.47199876,15.5136583,15.22621303,15.39284801,3956800
2013-09-13,15.409513,15.409513,15.10540389,15.20538521,3666700
2013-09-16,15.28870432,15.3845189,15.08457651,15.15956211,3136200
2013-09-17,15.10957016,15.22204854,14.91377428,15.20121956,3162000
2013-09-18,15.15956799,15.28037834,15.03042731,15.21788979,4448400
2013-09-19,15.34285658,15.34285658,15.0054215,15.15539265,3790900
2013-09-20,15.08041057,15.14706425,14.77213629,14.9012785,4918100
2013-09-23,15.08041024,15.14706392,14.77213596,15.0012579,2418300
2013-09-24,15.08041242,15.14706612,14.71381633,14.76797295,4378500
2013-09-25,14.76797079,14.95959993,14.76797079,14.89294624,3398300
2013-09-26,14.9179434,15.04291886,14.80129825,14.99709415,2156100
2013-09-27,14.90544141,14.95543286,14.58467011,14.64715862,4674900
2013-09-30,14.90544209,14.95543354,14.25556914,14.35554886,3996400
2013-10-01,14.4763608,14.4763608,14.08893576,14.37221432,4059600
2013-10-02,14.26806832,14.48052645,14.2055798,14.37637997,2312500
2013-10-03,14.37638211,14.51802141,14.09310509,14.18058777,3940600
2013-10-04,14.21808146,14.33055988,13.98062755,14.32639313,3928400
2013-10-07,14.20141125,14.35554756,14.12642567,14.20141125,3632100
2013-10-08,14.20557671,14.20557671,13.96395775,14.00145054,5268100
2013-10-09,14.10976306,14.10976306,13.67234821,13.83065128,3586300
2013-10-10,13.93062863,13.9972823,13.72233573,13.93479538,3662800
2013-10-11,13.95562259,14.12642268,13.84731099,14.06810093,2246400
2013-10-14,13.95146003,14.73880699,13.89730343,14.72214317,4894500
2013-10-15,14.71381339,15.11373546,14.59716985,14.84295559,9524500
2013-10-16,14.79296437,14.9096095,14.69298464,14.76380348,3546400
2013-10-17,14.62216536,15.09290791,14.62216536,15.09290791,15681700
2013-10-18,15.05197335,15.19312649,14.84666103,14.94503975,12640200
2013-10-21,14.95787346,15.18029556,14.95787346,15.13324451,3380000
2013-10-22,15.11613813,15.50537648,15.03486916,15.35139179,4089800
2013-10-23,15.22734382,15.22734382,14.90226639,14.99209023,3741000
2013-10-24,14.99209023,15.1289651,14.85949361,14.99209023,3549300
2013-10-25,14.91937858,15.00920243,14.76111566,15.00064754,15373800
2013-10-28,15.01347749,15.18029528,14.93648516,15.10330296,6582800
2013-10-29,15.2273485,15.2273485,14.86377481,15.03059101,2798100
2013-10-30,15.11613437,15.18884844,14.88088077,14.97925949,3258500
2013-10-31,15.03058755,15.33000198,14.92365394,15.29150581,5625100
2013-11-01,15.32144473,15.80050676,15.29578008,15.78339863,6068800
2013-11-04,15.73635038,16.26674017,15.73635038,16.21113586,5215200
2013-11-05,16.27530053,16.45067164,16.17264514,16.18120003,4614100
2013-11-06,16.33945611,16.50627229,16.26246378,16.45494461,6169500
2013-11-07,16.51910352,16.65170179,15.8047878,15.92455292,6925800
2013-11-08,15.78340196,15.92455348,15.62513904,15.71924114,5855200
2013-11-11,15.71923853,15.94593723,15.62513644,15.80478573,4377100
2013-11-12,15.82617494,15.86894773,15.22306942,15.30861664,10064600
2013-11-13,15.09902234,15.31288952,14.84238238,15.19740105,8989700
2013-11-14,15.3428344,15.49254244,15.20168288,15.34711266,4338800
2013-11-18,15.46260021,15.66791254,15.36849811,15.505373,3587100
2013-11-19,15.42410358,15.49681765,15.17174021,15.22734451,3949600
2013-11-21,14.98353612,15.21023647,14.93220844,14.97925949,3247800
2013-11-22,14.85521673,15.18029581,14.84238522,15.11185837,3193800
2013-11-25,15.17601691,15.18884842,14.76966889,14.82099819,3782400
2013-11-26,14.75683801,14.83810696,14.34621334,14.34621334,4955900
2013-11-27,14.50019914,14.83383151,14.41465192,14.64562893,6191900
2013-11-28,15.20168129,15.20595792,14.95787281,15.05625153,2204400
2013-11-29,15.12041142,15.34283352,15.04341909,15.34283352,3463800
2013-12-02,15.10330531,15.26156662,14.98781681,15.14607811,4834500
2013-12-03,14.99208782,15.23161963,14.94503678,15.00492096,3362100
2013-12-04,15.13324575,15.21023808,15.00064747,15.16318703,3009600
2013-12-05,15.13324545,15.41982675,15.00064718,15.24017906,3879700
2013-12-06,15.39843911,15.42838039,15.18029527,15.21023655,3393400
2013-12-09,15.19740288,15.37705218,15.17173986,15.20168114,2374800
2013-12-10,15.30861732,15.48398839,15.08191693,15.15035439,2539200
2013-12-11,15.15463318,15.17601958,14.8423872,14.8423872,2326800
2013-12-12,14.82955262,14.97070577,14.65845982,14.77822495,4122100
2013-12-13,14.97070522,14.97070522,14.58574358,14.61140823,3723000
2013-12-16,14.6841272,14.83383364,14.65846254,14.70979023,2581400
2013-12-17,14.61568144,14.88943278,14.57718691,14.65845585,3032300
2013-12-18,14.78678013,14.85094095,14.60713244,14.70123291,5304800
2013-12-19,14.88516103,15.01775932,14.72262146,15.01775932,2753600
2013-12-20,14.86376978,15.00492291,14.64990259,14.73544979,4854200
2013-12-23,14.72261988,14.85094153,14.65846069,14.78250408,1981500
2013-12-26,14.89799757,14.92793887,14.76967588,14.84666824,2186300
2013-12-27,14.92365677,15.26156742,14.86805083,15.18457508,4141400
2013-12-30,15.34711164,15.44549037,15.18884873,15.27439594,2604400
2014-01-02,15.35994101,15.41982356,14.7867769,14.88943386,4395300
2014-01-03,14.88943385,14.88943385,14.46169949,14.56863308,9207100
2014-01-06,14.38470829,14.63279339,14.28205132,14.58146572,4527200
2014-01-07,14.5472483,14.69267808,14.16656489,14.22217083,4352500
2014-01-08,14.32482536,14.38898454,14.23072327,14.3205471,2697700
2014-01-09,14.32055074,14.32055074,13.75166471,13.81154728,5364800
2014-01-10,13.79871404,14.05535571,13.74310973,13.79443741,4207300
2014-01-13,13.71316762,13.8799838,13.60623318,13.70461273,4259200
2014-01-14,13.67039267,13.79871267,13.57201394,13.69605732,4422600
2014-01-15,13.73027491,13.97836167,13.61478724,13.87998295,4782200
2014-01-16,14.10668258,14.26922213,13.93986639,14.04252338,4080500
2014-01-17,14.03396675,14.09812593,13.84576256,13.89709187,4059200
2014-01-20,13.7559414,13.87570654,13.49930054,13.59768009,1692800
2014-01-21,13.28970983,13.31109704,13.26404599,13.29398727,5419100
2014-01-22,13.4009203,13.69177904,13.30681902,13.60623264,5212600
2014-01-23,13.38808725,13.60195447,13.22554853,13.22982597,8312700
2014-01-24,13.17849963,13.43086304,13.15283578,13.36670303,8305400
2014-01-27,13.40519747,13.57629109,13.13144769,13.31109619,4425900
2014-01-28,13.59340159,13.71316754,13.53779566,13.58056927,4774000
2014-01-29,13.58056868,14.35904524,13.46508018,14.15800953,9022400
2014-01-30,14.16656301,14.27777487,13.86287198,13.90136814,5672400
2014-01-31,13.76449672,14.18367635,13.70461415,14.13662529,4581600
2014-02-03,14.10240381,14.11523532,13.72599707,13.74310684,4129000
2014-02-04,13.90992661,14.09385258,13.67467214,13.97408581,3540700
2014-02-05,14.00830544,14.4103753,13.96980927,14.32910633,7087400
2014-02-06,14.54297408,14.87660649,14.41037579,14.65418434,6218800
2014-02-07,14.66273745,14.81244549,14.45314846,14.56435871,4077800
2014-02-10,14.51302708,14.72689427,14.34621094,14.38898373,3942600
2014-02-11,14.54297004,14.81244317,14.37187562,14.75256062,5583600
2014-02-12,14.82099856,14.91509902,14.64990414,14.73972797,5903000
2014-02-13,14.64990643,14.73545366,14.46170384,14.67984772,6425600
2014-02-14,14.7568358,15.05625018,14.6499022,14.90226555,4809500
2014-02-17,14.94931805,15.00920061,14.75256062,14.75256062,1372200
2014-02-18,14.82100277,15.05197818,14.75684193,14.78678322,7612300
2014-02-19,14.77822495,15.00920195,14.70123262,14.93648624,5319900
2014-02-20,14.85521614,14.93220847,14.75683742,14.7653923,5881300
2014-02-21,14.78677855,14.91937681,14.71406449,14.80388832,3890800
2014-02-24,14.78677994,14.78677994,14.33765909,14.40181828,3929300
2014-02-25,14.20078414,14.21789391,13.85431865,13.90564632,3741600
2014-02-26,13.93131281,14.09812901,13.76449662,13.90992641,4849500
2014-02-27,14.15801063,14.35049148,13.96980805,14.11951447,3879600
2014-02-28,14.17512076,14.20078541,13.93131223,14.11523819,7220200
2014-03-05,13.83720796,14.00402575,13.5848454,13.62334156,3254400
2014-03-06,13.73455394,13.76449522,13.57629182,13.58056927,5489500
2014-03-07,13.47363649,13.55062883,13.02023816,13.0672884,5480500
2014-03-10,12.8363107,12.91330303,12.61816604,12.84914303,7990900
2014-03-11,12.96035294,13.04162271,12.60961084,12.63955212,5635500
2014-03-12,12.61816725,12.96890939,12.53689746,12.87908554,5241900
2014-03-13,12.93896951,13.07156699,12.46418392,12.53262138,4902200
2014-03-14,12.54972833,12.68660322,12.43851728,12.51550961,4960400
2014-03-17,12.5197868,12.85341913,12.51123191,12.53689575,3556000
2014-03-18,12.63099877,12.82347878,12.51978771,12.75076389,4698700
2014-03-19,12.74648636,12.92185742,12.60961146,12.6652174,6334100
2014-03-20,12.61388833,12.88763811,12.51550961,12.7807045,6251400
2014-03-21,12.70371564,13.16139145,12.68232843,13.01596165,6293100
2014-03-24,13.08867306,13.16566539,12.95179818,13.08011818,4447000
2014-03-25,13.25976975,13.3495936,13.12717228,13.1827774,5797600
2014-03-26,13.36670183,13.39236567,13.02879121,13.03306866,5293600
2014-03-27,13.2212708,13.37097801,13.10578231,13.30681801,6957100
2014-03-28,13.38809117,13.47791585,13.13572772,13.26404858,5336900
2014-03-31,13.38808554,13.68749993,13.38808554,13.43941402,5984400
2014-04-01,13.55918619,13.61906877,13.28115807,13.41375637,5701200
2014-04-02,13.41375043,14.12378944,13.40519555,13.91419888,11331300
2014-04-03,13.8585983,14.140903,13.73883153,14.07674217,6141000
2014-04-04,14.1794034,14.26494902,13.89282036,13.89282036,6175200
2014-04-07,14.11095478,14.29915728,13.98263319,14.26066113,3765400
2014-04-08,14.3975425,14.73117488,14.17084375,14.22644806,5955500
2014-04-09,14.20078776,14.31199803,14.00403026,14.10668564,4048400
2014-04-10,14.07246421,14.15373317,13.90136978,14.02968979,2961400
2014-04-11,13.95269657,14.10240459,13.75166249,14.10240459,4215500
2014-04-14,14.12379275,14.21789486,14.01258087,14.01258087,4149700
2014-04-15,13.98571034,14.18362168,13.30401723,13.607481,7182400
2014-04-16,13.6998391,13.8185859,13.59868479,13.66905308,3234500
2014-04-17,13.69984143,14.05168378,13.65586104,13.91974258,2763100
2014-04-22,13.79659888,13.79659888,13.5019313,13.50632858,5738400
2014-04-23,13.50192834,13.54590789,13.28642451,13.3216095,3535500
2014-04-24,13.41396848,13.69983977,13.31281417,13.54151154,3254500
2014-04-25,13.45794851,13.5019289,13.22925115,13.33480358,4690200
2014-04-28,13.15448282,13.19406508,12.81583495,13.01374626,3563800
2014-04-29,13.14129153,13.17647568,13.02694368,13.09731197,3840000
2014-04-30,12.92138933,13.04893238,12.63111992,12.99615574,8196500
2014-05-02,13.022542,13.36558714,12.92138687,13.28202534,6609700
2014-05-05,13.32161048,13.38758065,13.09291311,13.24244595,2412100
2014-05-06,13.15008664,13.378784,13.09731084,13.1149025,3224300
2014-05-07,13.14569162,13.29962261,13.04893541,13.18087578,3228300
2014-05-08,13.25564034,13.28202909,12.85102222,12.96097279,3728900
2014-05-09,12.98296391,13.04893409,12.80264504,12.85102272,3256100
2014-05-12,13.15008492,13.50192716,13.05772686,13.45794678,3133700
2014-05-13,13.43595526,13.60308055,13.36998511,13.47993565,3069200
2014-05-14,13.52392003,13.84497549,13.51072566,13.80539322,3736600
2014-05-15,13.7438209,13.82298544,13.55470579,13.67785072,2680900
2014-05-16,13.56789882,13.57229695,13.2732313,13.36998749,3636400
2014-05-19,13.23804869,13.23804869,12.95217738,12.96097279,3857300
2014-05-20,12.95217517,13.04013511,12.68829368,12.6926918,3983900
2014-05-21,12.84222422,12.92578603,12.66630267,12.70588493,2908100
2014-05-22,12.83342886,13.11050389,12.82903074,12.90379715,2598300
2014-05-23,12.96976659,13.00934886,12.80704025,12.86861229,2510700
2014-05-26,12.95656983,13.09290909,12.92578382,13.0181427,928700
2014-05-27,12.95217519,13.06212574,12.75866199,12.79384613,3147000
2014-05-28,12.77185636,12.86421442,12.69269183,12.79384613,3761700
2014-05-29,12.86421488,12.90379715,12.68829416,12.90379715,1819700
2014-05-30,12.6003359,12.72787897,12.44200764,12.51677322,6115400
2014-06-02,12.65311055,12.91699206,12.60033391,12.81583691,3104900
2014-06-03,12.81583662,12.84222536,12.613528,12.68829441,1994600
2014-06-04,12.66630429,12.85981751,12.64871263,12.71908092,2960200
2014-06-05,12.71907994,12.85541839,12.62672104,12.6575079,2888500
2014-06-06,12.93018381,13.01814458,12.81583514,12.91699028,6907200
2014-06-09,12.93458156,13.10610414,12.91259179,13.03133774,5514300
2014-06-10,13.0533273,13.08411331,12.78944585,12.94777489,5057200
2014-06-11,13.15008379,13.16327815,12.89060046,13.03573513,3680400
2014-06-13,12.64431356,12.7718566,12.52556676,12.57834339,4616000
2014-06-16,12.63991642,12.63991642,12.40682093,12.49917984,3271100
2014-06-17,12.49478143,12.52556745,12.42881126,12.51237392,2550400
2014-06-18,12.53436346,12.73667209,12.50357744,12.68829441,5689200
2014-06-20,12.66630403,12.74986669,12.5343637,12.6531105,2129500
2014-06-23,12.79824184,12.9213859,12.7146792,12.80263996,2692000
2014-06-24,12.79824289,12.88180553,12.59593346,12.62671947,3587200
2014-06-25,12.57394554,12.7850504,12.5211689,12.60473156,1971700
2014-06-26,12.74986621,13.08411599,12.74986621,12.90379715,3158000
2014-06-27,12.88180911,12.99175968,12.75426605,12.78065395,1866000
2014-06-30,12.86421372,12.89499974,12.67070053,12.8598156,2926700
2014-07-01,12.97416807,13.18087485,12.97416807,13.04013824,2864400
2014-07-02,13.10610686,13.42716314,13.07532083,13.38758087,6071700
2014-07-03,13.44035589,13.80099359,13.44035589,13.6514616,5203100
2014-07-04,13.70863442,13.74381857,13.63386802,13.7306242,708300
2014-07-07,13.63386875,13.72622682,13.46234616,13.54590797,2541000
2014-07-08,13.61187729,13.6426633,13.44475199,13.55030441,1739300
2014-07-10,13.55470422,13.62507251,13.41836577,13.54590797,4174700
2014-07-11,13.54591086,13.63387166,13.3699901,13.50632858,2503500
2014-07-14,13.61187936,13.72182992,13.54590836,13.5722971,4648900
2014-07-15,13.5898881,13.76141153,13.5898881,13.66025639,3299600
2014-07-16,13.7965956,14.10885561,13.7965956,14.03848648,5259300
2014-07-17,13.98570725,14.042882,13.82737905,13.8449707,3723000
2014-07-18,14.07366744,14.07366744,13.80978601,13.83177662,4797600
2014-07-21,13.84937145,13.95052576,13.73502278,13.88015747,3176100
2014-07-22,13.98571075,14.13524358,13.98571075,14.01649761,3830800
2014-07-23,13.98570774,14.16602655,13.9505236,13.95492172,2660700
2014-07-24,14.10006147,14.33755342,14.0692746,14.22320557,3291400
2014-07-25,14.20560825,14.29356901,14.18361848,14.24079323,1930900
2014-07-28,14.32435656,14.5354614,14.32435656,14.4343071,5109100
2014-07-29,14.51347268,14.62342323,14.43430815,14.4782877,3004500
2014-07-30,14.49147882,14.50907131,14.1396375,14.17042351,4961400
2014-07-31,14.11325551,14.49148574,14.08686676,14.31556416,4681000
2014-08-01,14.27157877,14.31555831,13.91973658,13.9725132,3893100
2014-08-04,14.01209744,14.14843504,13.87575816,14.13524151,3206600
2014-08-05,14.07367107,14.07367107,13.88015786,13.90654659,3030700
2014-08-06,13.91094089,14.10445406,13.87575675,13.98570728,2653500
2014-08-07,14.09565846,14.13524072,13.8713601,13.89774799,2373000
2014-08-08,13.85376688,14.03408569,13.79219485,13.90214539,3066400
2014-08-11,14.07367278,14.21001209,14.00330448,14.00330448,3933700
2014-08-12,14.00770413,14.09566409,13.95052936,14.07807159,3634300
2014-08-13,13.9637213,13.99450732,13.63386961,13.78340244,5455100
2014-08-14,13.67785249,13.74382267,13.31281659,13.4535532,6028500
2014-08-15,13.58988783,13.69983838,13.4843354,13.63386822,2947900
2014-08-18,13.72182924,13.76580879,13.54590768,13.73942089,2469300
2014-08-19,13.65585751,13.8669632,13.59428547,13.74381828,2911300
2014-08-20,13.80538793,14.0296871,13.7438159,13.9725132,3130900
2014-08-21,13.94173035,14.05607819,13.82298355,13.88015747,3594700
2014-08-22,13.82737968,13.8317778,13.70423478,13.79659367,1952500
2014-08-25,13.86696536,13.86696536,13.69104379,13.70863628,3191900
2014-08-26,13.65585653,13.80099121,13.55470224,13.642663,3869800
2014-08-27,13.72182995,13.73062536,13.48433635,13.49313259,4388300
2014-08-28,13.22485527,13.29522357,12.80264546,12.89940166,8471300
2014-08-29,12.97416444,13.0401346,12.6707007,12.84222412,8313200
2014-09-01,12.95217419,12.97416396,12.70148625,12.7322731,1654400
2014-09-02,12.80704004,12.88620373,12.62232308,12.64431286,3400200
2014-09-03,12.69269184,12.97416498,12.64871145,12.75426388,5560900
2014-09-04,12.74547051,12.78065466,12.61353016,12.61353016,4101300
2014-09-05,12.52996612,12.61352878,12.25728919,12.42441368,9997200
2014-09-08,12.44200688,12.46839478,12.22650303,12.35844421,9036100
2014-09-09,12.33645189,12.70588582,12.33645189,12.58274174,6915200
2014-09-10,12.52996542,12.65311034,12.35844281,12.49038315,6097800
2014-09-11,12.52996368,12.55635157,12.39802336,12.47278976,3398500
2014-09-12,12.38922968,12.64431496,12.31446327,12.58714104,8319700
2014-09-15,12.70588296,12.86421199,12.6575053,12.80263996,3342900
2014-09-16,12.74546979,13.0049532,12.67070336,12.82023621,4531400
2014-09-17,12.95217741,12.97416719,12.70588753,12.78065395,3698200
2014-09-18,12.73227409,12.97856309,12.6882937,12.79384613,4925400
2014-09-19,12.67949945,12.7850519,12.4552002,12.4552002,6880500
2014-09-22,12.24849469,12.24849469,11.85707006,11.9978075,8650600
2014-09-23,12.01979426,12.18691873,12.00220261,12.11655045,4603600
2014-09-24,12.11654948,12.33645057,12.11654948,12.15613174,6310000
2014-09-25,12.13854268,12.13854268,11.89225364,12.02859211,4258600
2014-09-26,12.05497963,12.1209498,11.86146641,11.86146641,6938200
2014-09-29,11.54480879,11.87026234,11.49643027,11.67235184,6024800
2014-09-30,11.73392366,12.08136698,11.54480856,11.80869007,6609400
2014-10-01,11.72072885,12.09895902,11.69873907,11.79989338,5344300
2014-10-02,11.8306777,12.24409195,11.70753363,12.14293766,5283800
2014-10-03,12.07256937,12.16492741,11.81308603,11.96261883,4419600
2014-10-06,12.29247146,12.37603327,11.97141522,12.02419186,8396800
2014-10-07,12.2265017,12.23969607,11.98900893,12.05058098,6611900
2014-10-08,12.20450846,12.22210095,11.93183079,12.03738403,5358200
2014-10-09,12.19571473,12.19571473,11.76470878,11.83067894,6348400
2014-10-10,11.61077785,11.61077785,11.61077785,11.61077785,3779800
2014-10-13,11.94063323,12.36724203,11.89225554,12.09016609,6343700
2014-10-14,12.20451095,12.63991502,12.13414266,12.45079994,4743100
2014-10-15,12.24849205,12.47718941,12.07696862,12.44640255,6224000
2014-10-16,12.13854131,12.23089937,11.73832136,12.04178429,8215600
2014-10-17,12.18364099,12.35704074,11.94635639,12.14713573,6822400
2014-10-20,12.08781052,12.08781052,12.08781052,12.08781052,3536400
2014-10-21,12.19276619,12.19276619,12.19276619,12.19276619,7486500
2014-10-22,12.21101761,12.34334881,12.05130682,12.21101761,4102300
2014-10-23,12.05130857,12.58976173,12.00111352,12.43461418,6933500
2014-10-24,12.2703403,12.81335673,12.2703403,12.52587795,7082000
2014-10-27,12.17451444,12.32053546,11.95091964,12.07412434,13445200
2014-10-28,12.07412351,12.21558212,11.83227653,11.92810249,7366700
2014-10-29,11.85965516,12.01023944,11.20255974,11.29838657,10871400
2014-10-30,10.86488476,10.99721683,10.72342703,10.81469059,5656900
2014-10-31,10.92877207,11.40790367,10.86488721,11.40790367,5535100
2014-11-03,11.27100671,11.3622694,11.09304286,11.3622694,6606900
2014-11-04,11.30751329,11.33032874,10.85119719,11.00178146,4811500
2014-11-05,10.83750581,11.07022709,10.70517374,10.95158482,5420400
2014-11-06,10.74168071,10.89682737,10.63672735,10.79187489,5098800
2014-11-07,10.79643649,11.11129477,10.79643649,10.96071053,3637500
2014-11-10,11.17974263,11.17974263,10.55458929,10.63216305,3006800
2014-11-11,10.46788955,10.51808372,10.16672105,10.29905224,5383400
2014-11-12,10.30817947,10.51808443,10.2488579,10.27623749,7804700
2014-11-13,10.27623709,10.42225807,10.2442951,10.2488575,4041000
2014-11-14,10.17128485,10.56371605,10.0663315,10.49526882,6492500
2014-11-17,10.46332645,10.57740546,10.38118943,10.46332645,3842900
2014-11-18,10.44051077,10.44507403,10.02069997,10.05264282,6195800
2014-11-19,9.97050649,10.18953799,9.88836945,10.11196423,8094600
2014-11-21,10.5819696,10.99721714,10.38575356,10.76449585,21655200
2014-11-24,10.95158505,11.01090576,10.70973724,10.81469059,5453900
2014-11-25,10.8557605,10.9333334,10.75080713,10.9333334,4881900
2014-11-26,10.95615039,10.97440258,10.51352406,10.51352406,5171000
2014-11-27,10.61391096,10.83294245,10.48614216,10.48614216,2131400
2014-11-28,10.60478625,10.79187578,10.51352355,10.62760258,4757800
2014-12-01,10.4085693,10.46789087,10.06176898,10.09827423,174404311
2014-12-02,10.2442962,10.37662741,9.79254252,9.79710579,138005454
2014-12-03,9.96137787,10.13021517,9.86555193,10.01613617,5444700
2014-12-04,10.04351613,10.04351613,9.76972633,9.88836861,8045000
2014-12-05,9.87924416,10.05720805,9.76516513,9.98419666,13063100
2014-12-08,9.94312995,9.97507194,9.58720302,9.6647768,6550500
2014-12-09,9.31341053,9.61914232,9.2586531,9.44574261,7382800
2014-12-10,9.41836539,9.50050244,9.09438133,9.09438133,4897800
2014-12-11,9.08981784,9.09894437,8.72932766,8.8388443,6557000
2014-12-12,8.79321083,8.98486361,8.62893677,8.62893677,5936500
2014-12-15,8.69282145,8.83428007,8.460101,8.52854824,9005500
2014-12-16,8.36427405,8.95292224,8.30495334,8.82971668,12509100
2014-12-17,8.92097944,9.05787479,8.82515347,8.99398994,15461000
2014-12-18,9.12632153,9.14001132,8.87534803,9.10806847,9704300
2014-12-19,9.26321739,9.84273911,9.14001269,9.84273911,5421800
2014-12-22,9.98875709,10.04351539,9.65108335,9.75147343,6426700
2014-12-23,9.65108609,10.17584947,9.6054543,10.13934422,4301400
2014-12-26,10.1393441,10.22604441,9.89293385,9.89293385,2432100
2014-12-29,9.90205994,10.15303345,9.90205994,10.08914948,2357300
2014-12-30,10.21235493,10.31730831,9.98419686,9.99788666,4230900
2015-01-02,9.90206201,10.01614106,9.61001904,9.71040916,5658400
2015-01-05,9.47312082,9.64195727,9.35904182,9.56438351,8603000
2015-01-06,9.61458041,10.09827525,9.61458041,9.94769096,9879900
2015-01-07,10.18497438,10.40856914,10.02526358,10.31274319,6130900
2015-01-08,10.39031734,10.44051152,10.0891488,10.42225933,4667300
2015-01-09,10.30818235,10.42682466,10.17128785,10.19866657,3577300
2015-01-12,10.08915046,10.33556073,10.00701341,10.33099747,4735200
2015-01-13,10.35837637,10.55459157,10.27167606,10.27167606,6096400
2015-01-14,9.94768957,10.03895313,9.44117934,9.44574261,10902600
2015-01-15,9.49137296,9.70127879,9.33166305,9.5552578,5822800
2015-01-16,9.60545431,10.13934422,9.5141916,9.98419666,4004300
2015-01-19,9.78797737,9.89292983,9.71952928,9.87924004,2139300
2015-01-20,10.07545753,10.07545753,9.81992081,9.92031002,2060900
2015-01-21,9.97963352,10.16672305,9.81535944,10.07545948,2841600
2015-01-22,10.19866601,10.43595061,9.92943941,9.99788666,4077500
2015-01-23,10.19866383,10.43594838,9.34078917,9.3636055,7374000
2015-01-26,9.13088556,9.17651735,8.93010623,8.93466949,5010900
2015-01-27,8.83884508,8.91641887,8.47835487,8.67000771,5926800
2015-01-28,8.54223728,8.82971692,8.5102953,8.61981106,4019900
2015-01-29,8.67000717,8.76583315,8.17262248,8.23650646,8705800
2015-01-30,8.07679407,8.52398357,8.05397775,8.49204159,7360500
2015-02-02,8.64719158,9.04418615,8.51029621,9.00768089,6374000
2015-02-03,9.28147135,9.68302921,9.1856445,9.52331924,10130700
2015-02-04,9.50962855,9.66021284,9.19933343,9.37729645,7812700
2015-02-05,9.38185922,9.66021233,9.32253851,9.33166504,4582200
2015-02-06,9.22214821,9.41380101,9.10806918,9.31797504,4462400
2015-02-09,9.24040116,9.97507037,9.2221481,9.85186481,4581800
2015-02-10,9.71040505,9.8609893,9.30884647,9.30884647,5708600
2015-02-11,9.27690561,9.66477445,9.27690561,9.6282692,5888600
2015-02-12,9.90205692,9.97963067,9.70584091,9.84729862,5681000
2015-02-13,9.98876042,10.35837713,9.95225516,10.25798702,7381400
2015-02-18,10.35837649,10.49527098,10.34924995,10.36293888,5872100
2015-02-19,10.44051018,10.44051018,10.04807899,10.08458424,4910700
2015-02-20,10.13477665,10.36293462,10.01613527,10.32186699,2589100
2015-02-23,10.08458731,10.16672436,9.75603912,9.86555576,5798700
2015-02-24,9.87924699,10.17128999,9.85186825,10.05721092,7130600
2015-02-25,9.96138076,10.15759683,9.94769097,10.10283852,4870400
2015-02-26,9.97963265,10.01157463,9.52787898,9.69671631,7354500
2015-02-27,9.74234809,9.87011603,9.63283234,9.69671631,5026500
2015-03-02,9.6556467,9.69671521,9.30428316,9.38185692,4685300
2015-03-03,9.45030647,9.63739688,9.40923882,9.48681259,4441700
2015-03-04,9.34535357,9.43205387,9.16739057,9.30428505,6035800
2015-03-05,9.29972058,9.29972058,8.8479678,8.89816284,7140400
2015-03-06,8.87534695,9.06699972,8.70194638,8.93923092,7622600
2015-03-09,8.86622018,9.02136769,8.73845138,8.91641521,5393600
2015-03-10,8.72932613,8.91185326,8.68825849,8.71563721,5896000
2015-03-11,8.72932767,8.752144,8.56961771,8.60612297,11250500
2015-03-12,8.72476528,8.92554376,8.60612297,8.60612297,10526500
2015-03-13,8.48747883,8.72932579,8.28213626,8.61524677,14184500
2015-03-16,8.7019472,8.82058948,8.45553698,8.62437344,7892200
2015-03-17,8.66087758,9.12632012,8.65631432,9.07156181,8644000
2015-03-18,8.92097786,8.99398835,8.7293251,8.93923092,9506400
2015-03-19,8.96660998,8.97573651,8.73845196,8.73845196,3495400
2015-03-20,8.88447347,9.24040031,8.71107375,9.24040031,10164000
2015-03-23,9.27690531,9.33622601,9.07156274,9.29972076,4862600
2015-03-24,9.21758587,9.32253837,8.85709572,8.93466949,5204700
2015-03-25,9.00767912,9.09894268,8.79777414,9.01680565,4752100
2015-03-26,8.94379418,9.03962013,8.63349915,8.63349915,6943000
2015-03-27,8.59243221,8.61524767,8.29126365,8.37340069,6067800
2015-03-30,8.49660778,8.54680197,8.31864388,8.49660778,4054400
2015-03-31,8.35514723,8.38252682,8.13611572,8.18631077,5094700
2015-04-01,8.113298,8.12698692,7.92620853,8.00378227,10595600
2015-04-02,7.96727869,8.27757378,7.83494748,8.2136898,6519700
2015-04-06,8.32320722,8.44184953,8.15893311,8.27301216,4765200
2015-04-07,8.37340235,8.76127129,8.33689709,8.67000771,11772400
2015-04-08,8.87534693,8.92097784,8.50116706,8.55592537,6513500
2015-04-09,8.41903303,8.63806457,8.30039073,8.57874298,8139900
2015-04-10,8.57874183,8.6380634,8.4053421,8.4053421,4013700
2015-04-13,8.39621742,8.61068658,8.23194419,8.3232069,4761800
2015-04-14,8.46466182,8.78408338,8.46466182,8.55592537,6921500
2015-04-15,8.69819168,8.82076702,8.53318516,8.7689085,8478900
2015-04-16,8.70290555,8.8254818,8.49075507,8.51432705,5130500
2015-04-17,8.44360784,8.54261208,8.37289103,8.39174843,4104600
2015-04-20,8.420037,8.54261323,8.34931929,8.35874844,3035100
2015-04-22,8.61332959,9.22149524,8.58504215,9.16963673,7975100
2015-04-23,9.08006358,10.01824241,9.08006358,9.94281101,8204400
2015-04-24,10.34825461,11.10256856,10.32468174,10.93756294,20963300
2015-04-27,11.00827923,11.69659089,10.86213102,11.06013775,17059300
2015-04-28,11.18742782,11.38072086,10.40482653,10.63112068,17206700
2015-04-29,10.20682074,10.31053959,9.94281084,9.95223999,14041200
2015-04-30,9.71180211,10.7301269,9.60336959,10.67826748,22251200
2015-05-04,11.36186545,11.68244934,11.1827152,11.68244934,10121000
2015-05-05,11.72959143,12.78091807,11.67301834,12.7573452,14709800
2015-05-06,12.96478511,13.14864905,11.72959428,11.75316715,17730800
2015-05-07,11.78616696,11.97474545,11.10256892,11.25814629,12752400
2015-05-08,11.52687211,11.64473379,10.70655407,10.72541237,10498300
2015-05-11,10.96584971,11.28643359,10.87627459,10.97527885,8290200
2015-05-12,10.93756183,11.12142572,10.49440176,10.52740288,6338600
2015-05-13,10.44254286,10.55097537,10.14553187,10.18324757,9515000
2015-05-14,10.15967574,10.39539908,9.96638267,10.05595779,7312900
2015-05-15,10.06538886,10.20682254,9.98995745,10.03238773,5580200
2015-05-18,9.99938284,10.1361028,9.54207993,9.54207993,10128900
2015-05-19,9.42893302,9.53736553,9.34878705,9.48550701,12234100
2015-05-20,9.43364864,9.65522827,9.30164324,9.35821724,6727500
2015-05-21,9.32521435,9.66465559,9.32521435,9.54679394,3455300
2015-05-22,9.66465695,9.75423207,9.50436501,9.55150986,6084100
2015-05-25,9.48079349,9.83437851,9.48079349,9.69765854,1530500
2015-05-26,9.73065957,9.98524122,9.66465732,9.8013773,6830900
2015-05-27,9.80609045,9.90509472,9.55150971,9.87680817,4667900
2015-05-28,9.6740864,9.78251892,9.5609393,9.68351555,6352000
2015-05-29,9.65994189,9.75423158,9.45250511,9.45250511,8707400
2015-06-01,9.46193488,9.61279767,9.32993038,9.44779205,6876000
2015-06-02,9.4996513,10.0889597,9.4807939,10.06538773,5829100
2015-06-03,10.07010078,10.15496132,9.78251804,9.84852028,8682100
2015-06-05,9.66465573,9.89566447,9.5797952,9.71180058,6084100
2015-06-08,9.67880121,9.73537432,9.47136441,9.47607899,7132000
2015-06-09,9.40536229,9.72123163,9.38178942,9.41950512,6456600
2015-06-10,9.68822918,10.06538707,9.61279778,9.99938393,5297600
2015-06-11,10.10781722,10.23982171,9.93338155,10.05595779,6340600
2015-06-12,9.95695361,10.04652782,9.87209307,9.975811,3608400
2015-06-15,9.84380847,9.91452621,9.54679739,9.58922768,4450900
2015-06-16,9.49964988,9.5137936,9.28278485,9.3110714,8169800
2015-06-17,9.31107205,9.34878775,9.09892069,9.17906666,5554800
2015-06-18,9.26392675,9.61751175,9.18849536,9.61751175,5554500
2015-06-19,9.49493435,9.59393861,9.3582153,9.57979488,3160600
2015-06-22,9.66465698,9.6788007,9.28278542,9.28278542,5151000
2015-06-23,9.50907748,9.50907748,9.33935642,9.33935642,2995400
2015-06-24,9.46664972,9.51379457,9.29221404,9.33464432,2893300
2015-06-25,9.35821785,9.37236067,9.01877562,9.10835075,5130300
2015-06-26,9.14135105,9.25449815,8.98577368,9.24978447,2998200
2015-06-29,9.04235059,9.18849886,8.9622046,9.05177975,2960000
2015-06-30,8.97634581,9.05177721,8.5614722,8.62276077,5353300
2015-07-01,8.63690431,8.7736243,8.47189777,8.53790092,2518000
2015-07-02,8.43418052,8.65576103,8.36817827,8.51904106,4323900
2015-07-03,8.4388944,8.52375494,8.27860248,8.33517647,1949700
2015-07-06,8.22674563,8.33517816,8.12774135,8.32103443,4699200
2015-07-07,8.25031509,8.50961035,7.84487075,8.45303726,8085300
2015-07-08,8.1795991,8.40117869,8.02873633,8.09002399,8525700
2015-07-10,8.48132667,8.50961322,8.06645393,8.06645393,4808900
2015-07-13,8.20317118,8.73119181,7.98630617,8.72176266,11273000
2015-07-14,8.56618485,8.58504225,8.32574698,8.40117836,5417700
2015-07-15,8.52375694,8.57561637,8.06645393,8.06645393,6598400
2015-07-16,8.1654576,8.3398933,8.1466002,8.31632042,2990000
2015-07-17,8.36346469,8.36346469,8.14659963,8.22674561,2920800
2015-07-20,8.22674591,8.44832556,8.15602818,8.16074276,3592000
2015-07-21,8.2078854,8.50018269,8.10888204,8.27388763,5947000
2015-07-22,8.13245548,8.23145886,7.93916241,8.15131378,8000200
2015-07-23,8.16074124,8.45303856,8.14659842,8.16545582,6047000
2015-07-24,8.16545547,8.27388798,7.79772768,7.91558933,5779600
2015-07-27,7.89673558,8.27389274,7.73644356,7.90145016,6410300
2015-07-28,8.09473908,8.58032946,8.04287966,8.52847004,11251300
2015-07-29,8.67461968,8.81605424,8.58033088,8.65104771,7374700
2015-07-30,9.00463251,9.33935925,8.19845815,8.22674561,10051000
2015-07-31,8.26445843,8.50489628,8.07587909,8.42475033,8740700
2015-08-03,8.39646641,8.45775499,8.15602846,8.29274845,4459200
2015-08-04,8.4483254,8.63218934,8.4483254,8.53318596,3890900
2015-08-05,8.7924791,9.08949097,8.7924791,8.96220016,7956400
2015-08-06,8.84433944,9.32992983,8.80190917,9.23092556,10318000
2015-08-07,9.16963709,9.18849448,8.68404675,8.68404675,6786600
2015-08-10,8.74533585,9.22149712,8.6416179,9.12249374,12030800
2015-08-11,8.88677017,8.97634529,8.53789973,8.7689085,11728600
2015-08-12,8.67461685,9.01877264,8.55675521,8.91976929,12862900
2015-08-13,8.95748419,9.19320745,8.69347438,8.71233177,6140400
2015-08-14,8.72647714,8.83962423,8.58032894,8.58032894,6818300
2015-08-17,8.53318536,8.64161788,8.47189678,8.49075508,4345100
2015-08-18,8.50961071,8.50961071,8.21259975,8.21259975,4570800
2015-08-19,8.20317067,8.24560093,7.86372944,7.93916082,5287400
2015-08-20,7.97216085,8.174883,7.88730033,8.09473705,6276800
2015-08-21,7.99102204,8.09002542,7.87316036,7.87316036,5072500
2015-08-24,7.13770244,7.73172487,6.96326723,7.26027822,10706700
2015-08-25,7.60915015,7.6751533,7.23670769,7.23670769,6042300
2015-08-26,7.41585528,7.51957367,7.20370439,7.49600124,6615000
2015-08-27,7.63743691,8.33989239,7.62800776,8.33989239,8865100
2015-08-28,8.22674591,8.6699052,8.11359791,8.16074276,6267900
2015-08-31,8.02402239,8.52847017,7.99573494,8.4483242,7932500
2015-09-01,8.16074235,8.46718253,8.06173897,8.06173897,6389600
2015-09-02,8.25974727,8.5803312,8.13717101,8.53790092,10601200
2015-09-03,8.57090106,9.13192288,8.53318536,8.83019638,8880300
2015-09-04,8.65104536,8.76890701,8.50961084,8.59918594,11979600
2015-09-08,8.9433426,9.05177602,8.78305067,8.92448521,6504800
2015-09-09,9.14606696,9.40064865,8.92920189,8.98577499,7716600
2015-09-10,8.81605428,9.45722122,8.79719597,9.40064812,9679700
2015-09-11,9.5373645,9.69294184,9.03763135,9.16963673,8185600
2015-09-14,9.10834994,9.23564076,8.86319744,9.02820396,5714300
2015-09-15,9.00463184,9.08006324,8.7311928,8.7689085,6058200
2015-09-16,8.87262905,9.08478048,8.7830539,8.97634792,6522200
2015-09-17,8.90091287,9.56093894,8.90091287,9.18849564,7195500
2015-09-18,9.17435092,9.62222558,9.1413498,9.38650227,11238600
2015-09-21,9.43364885,9.56093968,9.2544986,9.39593315,5214900
2015-09-22,9.16963802,9.29221336,8.88205526,9.17435169,8156600
2015-09-23,9.17435309,9.26392822,8.91034317,8.91034317,5364500
2015-09-24,8.65104679,8.95277238,8.65104679,8.69819164,6066900
2015-09-25,8.79719305,8.91976926,8.40117785,8.45303726,4420500
2015-09-28,8.34460508,8.34460508,7.81186993,7.82129908,7584400
2015-09-29,7.92030198,8.09945218,7.74586725,7.76943922,7694600
2015-09-30,7.99573487,8.03816515,7.69872388,7.81658554,6672100
2015-10-01,7.92501881,8.25503186,7.87787396,8.11831188,6028900
2015-10-02,8.05230798,8.45303777,7.95330462,8.40117836,7116900
2015-10-05,8.53318556,8.66990464,8.48604071,8.55204296,3574800
2015-10-06,8.65104805,8.74533686,8.48604151,8.63218975,4558400
2015-10-07,9.09892016,9.57036682,9.09892016,9.49965,9670300
2015-10-08,9.4619337,9.51379311,9.2780698,9.45721912,5880600
2015-10-09,9.67880105,9.8202347,9.52322367,9.8013773,12008500
2015-10-13,9.41478706,9.42893078,8.74533294,8.75947666,8803000
2015-10-14,8.81605244,9.03763203,8.76890759,8.81605244,13342500
2015-10-15,8.89148369,8.9810579,8.6887615,8.94334221,5301300
2015-10-16,9.07012104,9.07012104,8.75271498,8.85851669,5306400
2015-10-19,8.85370414,8.9210324,8.51706103,8.56034374,6646700
2015-10-20,8.60843708,8.64210121,8.34393239,8.46897125,4110400
2015-10-21,8.46416301,8.79118763,8.45935372,8.69981289,3708700
2015-10-22,8.75271195,9.13744616,8.73828407,8.90179634,7244800
2015-10-23,9.25767748,9.2961509,8.82485118,8.94508076,8380100
2015-10-26,8.92103294,8.96912495,8.57477214,8.58920002,5048400
2015-10-27,8.56515435,8.61324637,8.15156526,8.19003868,7572600
2015-10-28,8.10828255,8.13713739,7.88705966,7.9688158,746800
2015-10-29,7.79568472,7.93515146,7.76202059,7.76202059,5896100
2015-10-30,7.84377806,8.20446682,7.83896876,8.20446682,6156500
2015-11-03,8.29584056,8.53629971,8.09866413,8.53629971,8037500
2015-11-04,8.7382854,8.82485084,8.2092751,8.3679781,7193100
2015-11-05,8.37279047,8.37279047,8.00248303,8.15156841,5915900
2015-11-06,7.77163962,7.86782364,7.49751633,7.53598976,10096900
2015-11-09,7.52155993,7.61774347,7.38690252,7.42537594,2982900
2015-11-10,7.38209463,7.42056805,7.27629249,7.39652205,4677100
2015-11-11,7.4590424,7.61774539,7.24262927,7.36766768,3983500
2015-11-12,7.28591122,7.36766736,7.21377367,7.23781967,5643200
2015-11-13,7.2570571,7.40133268,7.21377438,7.3917141,3792600
2015-11-16,7.39652266,7.46866021,7.20896438,7.23781967,4946300
2015-11-17,7.26186559,7.26186559,6.96850517,6.98293304,4607600
2015-11-18,6.9492695,7.18491936,6.90117794,7.01659822,6100200
2015-11-19,7.156063,7.21377313,6.97331402,7.04064274,4043700
2015-11-23,6.89636728,6.96369553,6.76171031,6.85308456,5780800
2015-11-24,6.78575717,7.0406442,6.67514618,6.95888805,4629700
2015-11-25,6.83865797,6.97812425,6.76171112,6.76171112,5048900
2015-11-26,6.81461111,6.86270312,6.77613769,6.82422924,3880800
2015-11-27,6.77132766,6.77132766,6.39621162,6.39621162,5964400
2015-11-30,6.27117502,6.43949662,6.05957116,6.33369446,13658200
2015-12-01,6.25193702,6.40583071,6.05476062,6.17499018,6932100
2015-12-02,6.17498957,6.26636382,5.89124777,6.22308111,9802500
2015-12-03,6.17979971,6.34812083,6.12689841,6.18941784,7206800
2015-12-04,6.17499142,6.20384626,5.84796681,5.93934155,6375000
2015-12-07,5.93934134,5.9874329,5.79987505,5.87201262,3124200
2015-12-08,5.74216365,5.74216365,5.41033026,5.60269737,7863500
2015-12-09,5.74697269,5.97300438,5.67002584,5.80949211,7322900
2015-12-10,5.81911173,6.09804431,5.79506572,6.09323502,9923400
2015-12-11,5.86239403,5.97300548,5.72773703,5.87201262,8390700
2015-12-14,5.85758533,6.03552506,5.85758533,5.99224234,5694800
2015-12-15,6.05957023,6.30964749,6.05957023,6.19422722,6886800
2015-12-16,6.1124708,6.47796877,6.1124708,6.37216663,4472100
2015-12-17,6.49239475,6.54048674,6.12689686,6.12689686,5814700
2015-12-18,5.92491196,6.23269977,5.92491196,6.19903564,10987200
2015-12-21,6.25674704,6.42506817,5.91048574,5.91048574,6942100
2015-12-22,5.9537687,6.07399827,5.88643997,6.03552485,5677800
2015-12-23,6.30964791,6.52606105,6.21346435,6.35773993,7174800
2015-12-28,6.25193679,6.33369293,6.04033298,6.0788064,3095800
2015-12-29,6.06437871,6.16056272,5.91529431,6.11728001,2890100
2015-12-30,6.19422655,6.31926539,6.073997,6.2663641,5226600
2016-01-04,6.00666785,6.24231764,6.00185856,6.10285139,4587900
2016-01-05,6.09323474,6.17499089,5.96819588,6.02109718,2693500
2016-01-06,5.80949245,5.82391986,5.57384261,5.57865191,6758900
2016-01-07,5.41514111,5.46804197,5.23239207,5.2468195,6450400
2016-01-08,5.32376571,5.41033116,5.06887913,5.06887913,4429400
2016-01-11,5.04964185,5.17468071,4.87651143,4.92460299,5658100
2016-01-12,5.03040495,5.03040495,4.51101327,4.52544069,7581600
2016-01-13,4.6216242,4.73704493,4.23208068,4.32826424,9208300
2016-01-14,4.4004019,4.67933446,4.29940905,4.64086103,11080500
2016-01-15,4.41001963,4.57353188,4.32345422,4.50620317,13283400
2016-01-18,4.47734865,4.66971575,4.27536297,4.27536297,3477600
2016-01-19,4.57353222,4.62643306,4.41482925,4.41482925,10965000
2016-01-20,4.31383804,4.47735037,4.18879915,4.42925835,10928000
2016-01-21,4.42925778,4.71299966,4.39559364,4.39559364,10638200
2016-01-22,4.54467761,4.68895319,4.31864589,4.3426919,14684700
2016-01-26,4.22727144,4.35711959,4.1503246,4.30421829,7220500
2016-01-27,4.30421828,4.63124284,4.26093556,4.52544069,7978500
2016-01-28,4.52544147,4.76590064,4.41963931,4.48696804,8628400
2016-01-29,4.48215724,4.72261633,4.34750028,4.67452478,13958500
2016-02-01,4.63124359,4.68414445,4.49658659,4.56872416,6691400
2016-02-02,4.41963854,4.47734914,4.13589716,4.13589716,5860700
2016-02-03,4.20803522,4.41483024,4.18398921,4.33307409,6300800
2016-02-04,4.60719689,5.09773373,4.50139474,4.97269487,14082200
2016-02-05,4.94864794,5.18910703,4.87170111,4.91979265,9259100
2016-02-10,4.80918286,5.01116857,4.7370453,4.90536642,4466400
2016-02-11,4.785137,4.8380383,4.6216247,4.74666357,6646600
2016-02-12,4.83322787,5.03521354,4.83322787,4.92941141,5711100
2016-02-15,5.13620761,5.19391775,5.05445147,5.05445147,2218500
2016-02-16,5.05926006,5.47284957,5.05926006,5.42956686,7412800
2016-02-17,5.62193386,6.10766138,5.53536889,5.727736,12741500
2016-02-18,5.73254483,5.85277437,5.52574986,5.53536844,9470200
2016-02-19,5.48727717,5.82391985,5.46804045,5.68926287,7540200
2016-02-22,6.01147891,6.33369422,5.97781478,6.3192668,12431000
2016-02-23,6.24231744,6.46353981,5.92491153,5.95376682,9977100
2016-02-24,5.66041039,5.7469754,5.52575289,5.63155508,8510200
2016-02-25,5.37185834,5.58827152,5.24681945,5.29972076,7333900
2016-02-26,5.47765836,5.5497959,5.23719926,5.2901001,5763400
2016-02-29,5.40071068,5.78063646,5.38147397,5.67964363,12513200
2016-03-01,5.86720347,6.23270151,5.83834863,6.16056395,14126700
2016-03-02,6.16056403,6.83865881,6.12689944,6.83865881,15826600
2016-03-03,7.51194286,7.51194286,7.51194286,7.51194286,17302900
2016-03-04,8.04095078,8.81522926,7.70911793,7.95919466,27180100
2016-03-07,8.53630022,8.94508098,8.02171776,8.45454407,20198100
2016-03-08,8.08423631,8.21889376,7.22820187,7.22820187,17884700
2016-03-09,7.37247587,7.46865942,6.75209142,6.97331381,11891900
2016-03-10,7.21377407,7.21377407,6.38659451,6.7328558,11073200
2016-03-11,6.76652029,7.04545287,6.60781729,6.67033672,11250900
2016-03-14,6.68476344,6.804993,6.38659418,6.46354103,8840800
2016-03-15,6.24712823,6.49720595,6.16056325,6.48277807,9679900
2016-03-16,6.50201445,7.15125376,6.44911315,7.12720776,10150400
2016-03-17,7.51194331,7.6995016,7.10797189,7.45423317,13735400
2016-03-18,7.64179198,7.74278484,7.18491923,7.37247753,14160000
2016-03-21,7.44942531,7.63698363,7.15125598,7.28591299,7946100
2016-03-22,7.20896558,7.50232605,7.18972886,7.4205699,6234400
2016-03-23,7.35324038,7.39171381,6.75690184,6.79056597,8236700
2016-03-24,6.72804613,7.31476652,6.57896173,7.23781967,7902400
2016-03-28,7.56003695,7.56003695,7.10797342,7.29553175,6665400
2016-03-29,7.26186648,7.40614161,6.94446002,7.25705719,7942900
2016-03-30,7.39652194,7.86782201,7.36766665,7.47346878,8534400
2016-03-31,7.309959,7.4830899,7.14163785,7.28591299,8100
2016-04-01,7.16087282,7.65621848,7.04545209,7.45904207,6100
2016-04-04,7.50713236,7.65140791,7.09354291,7.11277962,15600
2016-04-05,6.97331416,7.46385096,6.95407745,7.35323954,18700
2016-04-06,7.2522482,7.44942464,7.17049205,7.24743891,23400
2016-04-07,7.41575756,7.43980356,7.14163437,7.2185812,2300
2016-04-08,7.45423398,7.85820545,7.38690525,7.81011343,6364500
2016-04-11,7.91591491,8.33912353,7.91110653,8.16118336,10700
2016-04-12,8.41606793,9.18553718,8.35835735,9.01240635,16700
2016-04-13,9.50294528,9.90210741,9.28172239,9.41157055,79700
2016-04-14,9.57508199,9.63760188,8.66614682,8.75271225,8726900
2016-04-15,8.84889673,9.11340235,8.5411093,8.94508076,7265300
2016-04-18,8.99317169,9.36347805,8.92584251,9.16149235,6645200
2016-04-19,9.49813384,10.05599885,9.43561489,9.8395853,11000
2016-04-20,9.89248876,10.67157677,9.8732525,10.46478176,12475900
2016-04-22,9.62317478,9.89248876,9.22882194,9.29615021,15533400
2016-04-25,9.23363125,9.23363125,8.66614754,8.6853838,13936900
2016-04-26,8.71424091,9.14225794,8.34393356,8.98836422,16017200
2016-04-27,8.99797869,9.44042345,8.74309264,9.35385895,15719400
2016-04-28,9.84439378,10.04157014,9.35385799,9.51737022,11636100
2016-04-29,9.74340447,10.06561975,9.4692812,9.4692812,12354900
2016-05-02,9.68569538,9.76745154,9.18554077,9.55584812,5896000
2016-05-03,9.20477666,9.32981554,8.87775205,8.97393608,7299400
2016-05-04,8.46416212,8.7382854,8.27179499,8.3679781,11995700
2016-05-05,8.56034383,8.5747717,7.83896651,8.01209736,12092800
2016-05-06,7.87263239,8.38240549,7.77644837,8.11789989,10340400
2016-05-09,7.74278447,7.85820475,7.23782019,7.32438517,12767400
2016-05-10,7.50232536,7.67545578,7.27629364,7.63217306,8016000
2016-05-11,7.80530357,7.91110618,7.49270687,7.66583729,6661200
2016-05-12,7.72354513,7.81491984,7.31957428,7.42537594,4689800
2016-05-13,7.41094937,7.63698105,7.02140588,7.0598793,10433800
2016-05-16,7.02140605,7.5311791,7.02140605,7.18010902,5971900
2016-05-17,7.3003388,7.56965275,7.0262151,7.2762928,8606900
2016-05-18,7.12720732,7.36285758,7.0646879,7.07430649,6588600
2016-05-19,6.89636872,7.17530131,6.76652056,7.16087389,8868800
2016-05-20,7.33400377,7.40133249,6.70880991,6.79537535,7022800
2016-05-23,6.56934423,7.05988114,6.56934423,6.94446039,6842100
2016-05-24,7.02621546,7.11278089,6.70880949,6.74247408,6038100
2016-05-25,6.7809463,7.0791155,6.728045,7.0310235,11072700
2016-05-27,7.06949752,7.17049036,6.87232113,6.87232113,4070600
2016-05-30,6.92041545,6.95888888,6.79056727,6.86751413,1115600
2016-05-31,6.76652078,7.18011084,6.70400135,6.83865881,10875200
2016-06-01,6.77613919,6.97331562,6.63667289,6.93965149,4914500
2016-06-02,6.91079569,7.18972826,6.83384884,7.18972826,4866100
2016-06-03,7.3388137,7.84858686,7.26667567,7.81011343,7089500
2016-06-06,7.98805181,8.14194549,7.81492096,8.12270832,6323500
2016-06-07,8.09866396,8.34393239,7.92553308,7.9688158,5573700
2016-06-08,8.06980885,8.25255739,7.97362483,8.17561054,6021300
2016-06-09,8.07942423,8.07942423,7.44942174,7.55041456,11424100
2016-06-10,7.28110299,7.36766797,7.12720883,7.18972826,5954000
2016-06-13,7.05025982,7.44942184,6.97331299,7.3099556,6397100
2016-06-14,7.26667585,7.40133331,6.9348424,7.03583527,7431600
2016-06-15,7.11759064,7.45904264,7.09835393,7.2137742,9546200
2016-06-16,7.11278133,7.40614131,7.04064377,7.32438517,6324700
2016-06-17,7.52156296,7.66102926,7.25224849,7.34843206,8597900
2016-06-20,7.58408287,7.69469387,7.45904398,7.48789883,4172800
2016-06-21,7.51194271,7.53598871,7.2666743,7.50232458,3924400
2016-06-22,7.60331759,7.81011212,7.5985083,7.6225543,4874600
2016-06-23,7.81973156,8.00248011,7.67064669,7.97843456,4105600
2016-06-24,7.44461506,7.61293665,7.26186651,7.31476736,8477600
2016-06-27,7.36285737,7.43018562,7.02621429,7.117589,5222600
2016-06-28,7.30995634,7.54560614,7.29552892,7.43499517,5310600
2016-06-29,7.63698344,7.71393076,7.52637198,7.55522728,4887400
2016-06-30,7.64178975,7.85820283,7.56003363,7.82453871,6942100
2016-07-01,7.8437769,8.08904533,7.67545577,7.99286222,5214800
2016-07-04,8.10828297,8.2477488,8.10828297,8.16118336,1574800
2016-07-05,7.98805307,8.19003879,7.66583732,7.72354746,5508200
2016-07-06,7.61774624,7.85339611,7.45904323,7.83415985,4120100
2016-07-07,7.86301486,8.05057271,7.56484509,7.70431185,5600700
2016-07-08,7.81973162,8.00728946,7.75240335,7.78606749,3908100
2016-07-11,7.95919583,8.15156385,7.92072241,8.10828114,4776700
2016-07-12,8.38721482,8.61805536,8.35355068,8.50744438,9447800
2016-07-13,8.53629837,8.61805451,8.20927384,8.5699625,6517900
2016-07-14,8.70462284,8.70462284,8.199658,8.34393406,8955700
2016-07-15,8.34874136,8.49782576,8.23812946,8.33912277,3807500
2016-07-18,8.34393307,8.46416265,8.19003936,8.45454407,4348900
2016-07-19,8.29103142,8.33431414,7.93996128,8.09866428,8234700
2016-07-20,8.0938532,8.19003721,7.88705823,7.93995953,7484000
2016-07-21,8.12270966,8.43530728,8.09866411,8.3679781,7561000
2016-07-22,8.3102673,8.34874073,8.05538031,8.24774742,4497700
2016-07-25,8.33912248,8.39202378,8.14675536,8.3775959,5166800
2016-07-26,8.39202619,8.94508215,8.36317043,8.85851669,9248000
2016-07-27,8.94507958,9.18072941,8.94507958,9.09897327,5254600
2016-07-28,9.16630445,9.23363365,8.83927979,9.15668678,9018200
2016-07-29,9.08935406,9.08935406,8.70942915,8.89698696,7598200
2016-08-01,9.04126283,9.17592027,8.60843658,8.60843658,6649500
2016-08-02,8.66133768,8.88736892,8.48820682,8.65171909,4162600
2016-08-03,8.61324585,9.09897339,8.48820699,9.05088139,7536800
2016-08-04,8.93545969,9.18072807,8.83446731,9.02202511,6891900
2016-08-05,9.19034936,9.24324975,9.00759989,9.12302017,4237300
2016-08-08,9.16149273,9.32019572,9.02202691,9.1278286,3472700
2016-08-09,9.16149282,9.32500511,9.09416455,9.13263798,5247300
2016-08-10,9.22882325,9.24325021,8.69981289,8.69981289,9298300
2016-08-11,8.72866466,8.86813137,8.60843512,8.8537035,6125800
2016-08-12,8.82004234,8.8392786,8.54591904,8.63729286,5917100
2016-08-15,8.69500258,8.89217901,8.66133845,8.86332417,3698900
2016-08-16,8.93546147,9.25767675,8.92103359,9.1278286,5071900
2016-08-17,9.04126245,9.22401189,8.85851392,9.19515705,5349400
2016-08-18,9.20477496,9.30095897,8.97874371,9.09897327,4063100
2016-08-19,9.08935316,9.27691187,8.9835515,9.17591858,4214100
2016-08-22,9.10859216,9.10859216,8.79118617,8.83927727,4821900
2016-08-23,9.01721859,9.2336322,8.99317304,9.01721859,5839200
2016-08-24,8.94508087,9.04126398,8.66614828,8.72866726,6932000
2016-08-25,8.75271208,8.91622435,8.69981078,8.74309349,7041200
2016-08-26,8.80561235,8.94507907,8.44011439,8.51706123,5974500
2016-08-29,8.58439174,8.80080442,8.53629973,8.70462132,4522200
2016-08-30,8.70943071,8.74790414,8.46897156,8.48820782,3496100
2016-08-31,8.48820772,8.51225419,8.09866416,8.14675617,9412000
2016-09-01,8.19965498,8.43049642,8.18522803,8.38721371,5304600
2016-09-02,8.51225251,8.83446774,8.48820605,8.77194786,6874100
2016-09-05,8.84408642,8.84408642,8.58439104,8.60843658,2510200
2016-09-06,8.65171763,8.81042059,8.50744255,8.78637505,5138000
2016-09-08,8.66133892,8.73828578,8.49301733,8.55553722,8065300
2016-09-09,8.49301533,8.51706087,8.10828114,8.10828114,5791800
2016-09-12,8.09866299,8.44011449,7.97362414,8.41125965,7225300
2016-09-13,8.21408216,8.24293699,7.77163742,7.82453871,8066000
2016-09-14,7.93515129,8.10828216,7.86782303,8.00247955,3641700
2016-09-15,8.06980873,8.17561042,7.91110574,8.00247955,2252200
2016-09-16,7.97362521,7.9832438,7.80049434,7.89186907,5283500
2016-09-19,8.05538007,8.1371362,7.93034123,8.01209736,3279600
2016-09-20,8.04095254,8.07942597,7.87744027,8.03133488,3364300
2016-09-21,8.27660351,8.48820782,8.22370312,8.48820782,7617300
2016-09-22,8.58919932,8.63729041,8.32950306,8.44011402,5386000
2016-09-23,8.40164238,8.57958255,8.32469552,8.48820782,4769800
2016-09-26,8.36316725,8.50263397,8.35835795,8.38721371,2331200
2016-09-27,8.34393042,8.47858692,8.22370088,8.46415997,3173900
2016-09-28,8.50263446,8.76232983,8.48820659,8.74790287,4951800
2016-09-29,8.75752078,8.85851408,8.59400942,8.65171909,4395100
2016-09-30,8.66614739,8.69500223,8.49301652,8.56515408,4534600
2016-10-03,8.58439174,8.78637746,8.53629973,8.70462132,3689100
2016-10-04,8.75271343,8.80080453,8.4449251,8.48820782,5321900
2016-10-05,8.59881769,8.66133757,8.51706155,8.58920002,3221600
2016-10-06,8.57958091,8.63248221,8.51225266,8.56034374,4178300
2016-10-07,8.6421006,8.79118591,8.52187103,8.65652847,10040900
2016-10-10,8.77194882,9.18072952,8.7334754,9.16149235,8879800
2016-10-11,9.0797373,9.18553991,8.84889673,8.94508076,9733500
2016-10-13,8.77675885,8.77675885,8.51225416,8.53629971,18453000
2016-10-14,8.70462161,8.81523261,8.64210172,8.66614819,6890600
2016-10-17,8.69981031,8.87294116,8.64690902,8.77194786,5163600
2016-10-18,8.89698636,9.07973486,8.82003952,9.02683449,9581100
2016-10-19,9.02202683,9.09897368,8.90179726,8.95469856,4573100
2016-10-20,8.97874424,9.21920338,8.96912565,9.18553925,9474800
2016-10-21,9.20958295,9.71454758,9.07973482,9.57508087,16069400
2016-10-24,9.76263905,9.91172435,9.62798254,9.76263905,7251300
2016-10-25,10.01752991,10.26760769,9.91653749,10.26760769,11607500
2016-10-26,10.14737401,10.51287194,10.01271659,10.46958923,10290600
2016-10-27,10.6282922,10.72928458,10.41668794,10.5802002,10148800
2016-10-28,10.50806567,10.80623452,10.49844708,10.64753151,9967500
2016-10-31,10.65234032,10.74371506,10.41669046,10.61867619,6545600
2016-11-01,10.75814186,10.89279839,10.37340671,10.72447681,7503800
2016-11-03,10.6042473,10.89760773,10.52249116,10.56096458,8953400
2016-11-04,10.48882799,10.63791333,10.31088873,10.39264488,7433500
2016-11-07,10.76776155,11.16211445,10.67638772,11.12364101,5148700
2016-11-08,11.06592784,11.68631184,11.05149997,11.52760887,4850600
2016-11-09,11.34967235,12.45097481,11.21501489,12.0229578,13530400
2016-11-10,12.48463995,13.18197193,12.40769309,12.9222765,10367700
2016-11-11,13.31662773,13.47052143,12.40769153,12.49425697,15173900
2016-11-14,12.41731117,12.85975607,12.2922723,12.72509861,7093100
2016-11-16,12.06623889,12.17684987,11.62379407,12.09509373,7501900
2016-11-17,12.25860841,12.31150972,11.89791965,11.89791965,8337800
2016-11-18,11.83058999,11.96043815,11.40738138,11.81616211,6893800
2016-11-21,11.90272835,12.45578423,11.85463633,12.42212009,6291900
2016-11-22,13.01845747,13.40800102,12.93670133,13.35510063,7431700
2016-11-23,13.34548341,13.64365317,13.14830697,13.54746914,6486000
2016-11-24,13.60518074,13.72060103,13.26853752,13.26853752,2690500
2016-11-25,13.2396774,13.89853477,13.23005882,13.89853477,6218900
2016-11-28,13.94663345,14.91327953,13.74945698,14.91327953,8817900
2016-11-29,14.63434434,14.64396292,13.87930274,14.03319645,9459400
2016-11-30,13.93701473,14.21113807,13.4272415,13.49456978,14907900
2016-12-01,13.98029112,14.54777471,13.42242612,13.69174004,11799200
2016-12-02,13.45291522,14.26560497,13.27876807,14.26560497,9537100
2016-12-05,14.40105075,14.58487295,14.1301536,14.31881428,4397400
2016-12-06,14.18336791,14.51231384,14.09145634,14.51231384,4878800
2016-12-07,14.93801106,15.22825759,14.72032687,15.01057339,6300800
2016-12-08,15.14118135,15.31049187,14.51231474,14.57520103,5145300
2016-12-09,14.64776451,14.70581325,14.25109376,14.32365608,5973500
2016-12-12,14.41072867,14.53650125,14.1204822,14.26560497,3642800
2016-12-13,14.00438362,14.27527989,13.573851,13.70446205,6229000
2016-12-14,13.61738836,13.86893537,13.30295506,13.48677731,7732900
2016-12-15,13.44807788,13.84958522,13.22555617,13.65608788,5288200
2016-12-16,13.68027563,13.83023595,13.42389107,13.42389107,6343900
2016-12-19,13.39970127,13.51579965,12.57249903,12.6015234,6369800
2016-12-20,12.6789236,12.88693357,12.53863839,12.8579092,4565700
2016-12-21,12.9207978,13.03205958,12.68376342,12.80953693,3690600
2016-12-22,12.52896223,12.59184943,12.19517881,12.27741528,3926800
2016-12-23,12.31611791,12.44189142,12.18067023,12.18550777,4234100
2016-12-26,12.25322942,12.61119969,12.16131785,12.57250023,854600
2016-12-27,12.68860157,12.76600051,12.4951042,12.50961685,1967300
2016-12-28,12.6789251,13.02238369,12.6789251,12.90628529,6264000
2016-12-29,12.90628445,12.98852094,12.33546663,12.42254066,4778000
2017-01-02,12.22904578,12.33063156,12.11778399,12.12262154,1118500
2017-01-03,12.34030369,12.65957451,12.28709158,12.65957451,5658500
2017-01-04,12.60636186,12.68859833,12.26774179,12.43221474,2144400
2017-01-05,12.56766424,13.01270859,12.47091603,12.90628529,4031600
2017-01-06,12.71762495,12.86274772,12.50961497,12.56282616,4213500
2017-01-09,12.72246187,12.98852152,12.70795015,12.81921101,3407800
2017-01-10,13.26425677,13.8060503,13.26425677,13.8060503,3606500
2017-01-11,13.93666138,14.12048457,13.70446453,14.09145927,3499900
2017-01-12,14.55101637,14.71548937,14.37203072,14.54617882,5500500
2017-01-13,14.459098,15.09280287,14.36718736,14.98637867,4424800
2017-01-16,15.09280814,15.53301496,15.09280814,15.39272881,2018500
2017-01-17,15.10731862,15.14118054,14.74934832,14.78804779,5968500
2017-01-18,14.68162507,15.81358475,14.68162507,15.5330143,14846300
2017-01-19,15.47979989,15.48947499,15.01056879,15.22341537,5303100
2017-01-20,14.99121852,15.68780977,14.97186925,15.52817345,6309700
2017-01-23,15.58138889,16.19574379,15.57171379,16.11350822,4369600
2017-01-24,16.48115613,16.79559043,16.09416134,16.51018143,5373900
2017-01-26,16.6504616,16.7520492,16.25379181,16.25379181,5274700
2017-01-27,16.19573987,16.54403594,16.16187795,16.30216408,3244000
2017-01-30,16.06997063,16.20058169,15.54752641,15.60073853,3136800
2017-01-31,15.81842342,15.93935938,15.53301449,15.56687641,4067300
2017-02-01,15.81842297,16.21025428,15.80874788,15.91033363,5928500
2017-02-02,15.67813821,16.17639379,15.67813821,15.79907417,4024400
2017-02-03,15.47980142,15.47980142,14.70097362,14.80739784,6833500
2017-02-06,14.83158207,14.88479417,14.44942502,14.47361183,3554600
2017-02-07,14.82190958,15.15569306,14.55101331,14.62841225,4297100
2017-02-08,14.89447194,14.90898367,14.5316641,14.79772282,3867100
2017-02-09,14.7638604,15.1653677,14.63808691,15.03475666,4011900
2017-02-10,15.55719982,15.86679554,15.52817453,15.86679554,5036400
2017-02-13,16.54887706,17.3422167,16.45696639,17.32286835,11344600
2017-02-14,17.18741628,17.20192985,16.46180059,16.64078712,4651000
2017-02-15,16.78590927,16.81009609,16.29732703,16.36021423,6626600
2017-02-16,16.34086759,16.66013847,16.26346864,16.33603096,5231900
2017-02-17,16.25862987,16.59241244,16.15220564,16.48115158,5909200
2017-02-20,17.36156537,17.68567469,17.30835326,17.62278748,6047300
2017-02-21,17.82112357,18.0339702,17.06648249,17.19225693,6307900
2017-02-22,17.0906741,17.0906741,16.46180551,16.78107643,6845300
2017-02-23,17.02294283,17.05196812,15.8667955,16.04578018,12566100
2017-02-24,15.55236166,16.40374981,15.47979936,15.82809544,9984400
2017-03-01,15.98773145,16.14736778,15.89098232,16.04578018,3262200
2017-03-02,16.10866996,16.25379275,15.16537,15.2185812,6860100
2017-03-03,15.42659073,15.620089,15.17020708,15.39272881,6887300
2017-03-06,15.18955734,15.29114403,14.84126209,15.04443455,6393900
2017-03-07,15.08796941,15.41691534,14.8993087,14.95735836,6653500
2017-03-08,15.1024864,15.16537363,14.43008257,14.57036877,5789100
2017-03-09,14.2462563,14.79288643,14.06243312,14.59938908,8743900
2017-03-10,14.83158856,15.00573667,14.34300709,14.34300709,5574100
2017-03-13,14.8702854,15.17988116,14.85093612,15.00089645,5780300
2017-03-14,14.87512043,15.23792825,14.65259875,15.07829285,4101000
2017-03-15,15.43626467,16.11834335,15.2717917,16.11834335,7401600
2017-03-16,16.2634649,16.36988912,15.61524818,15.73618412,4529000
2017-03-17,15.8135836,15.85228399,15.14118004,15.14118004,14673300
2017-03-20,15.06861973,15.42659004,14.94768377,15.30081654,3340900
2017-03-21,14.94284449,14.98154396,14.00438226,14.04791927,6509400
2017-03-22,13.76250992,14.55101182,13.685111,14.22206593,7020200
2017-03-23,14.04791943,14.3333274,13.75283543,14.14466763,7074400
2017-03-24,14.27044207,14.27527962,13.8108851,14.02857018,3917800
2017-03-27,13.5399869,14.32848969,13.18201665,14.21722794,6849000
2017-03-28,14.35268059,14.51231603,14.20272025,14.42040443,4456400
2017-03-29,14.55101336,14.76386089,14.29462882,14.56552601,3106200
2017-03-30,14.51231441,14.7009742,14.39137845,14.56068897,2264400
2017-03-31,14.28495401,14.68162376,14.16885561,14.4107275,4009400
2017-04-03,14.42040181,14.51231339,14.07210662,14.27527905,4092200
2017-04-04,14.29946522,14.85577035,14.17369173,14.82674599,2444400
2017-04-05,14.99605843,15.22825524,14.15918184,14.24625587,6253600
2017-04-06,14.3817028,14.45910173,13.85925954,13.98503304,5813500
2017-04-07,13.64157631,14.28979311,13.51096526,14.10113239,7506100
2017-04-10,14.09629534,14.15918256,13.72864991,14.04308414,3787400
2017-04-11,14.06727003,14.16885671,13.45775272,13.8640976,5097200
2017-04-12,13.35133148,13.54482885,13.19653358,13.26425743,6287000
2017-04-13,13.24490723,13.49645428,13.19653358,13.26425743,4377900
2017-04-17,13.18201758,13.28844088,12.90628378,13.26909161,5372400
2017-04-18,12.84340073,12.94498744,12.64990335,12.87242603,7202100
2017-04-19,13.01270719,13.27392927,12.83856006,12.90144634,6326900
2017-04-20,13.20136911,13.59320134,13.11913262,13.5690136,4599100
2017-04-24,13.9717066,13.97670458,13.54180764,13.72176552,3353600
2017-04-25,13.6567805,14.17165947,13.55680464,14.17165947,4663300
2017-04-26,14.14166232,14.29162654,13.86172771,13.86172771,5958400
2017-04-27,13.94171435,14.07668278,13.20688786,13.41183949,9359600
2017-04-28,13.56679804,13.85173064,13.53180645,13.73175907,4813800
2017-05-02,13.84673453,14.08667771,13.79674613,14.02669144,7808800
2017-05-03,13.79674702,13.8517334,13.15189861,13.15689754,7963600
2017-05-04,12.97194278,12.97194278,12.52704699,12.67201328,7726700
2017-05-05,12.59702698,13.19688482,12.59702698,13.02192593,4286600
2017-05-08,12.99693366,13.07191578,12.71200104,13.01193047,4552200
2017-05-09,13.19688641,13.40683692,13.0869127,13.24687481,3980000
2017-05-10,13.43682902,13.521809,13.08691215,13.27686691,4532500
2017-05-11,13.30686276,13.35185127,13.08691435,13.15689754,3413600
2017-05-12,13.33685476,13.34685263,12.86696531,12.9519453,3855800
2017-05-15,13.03192775,13.32185936,12.95694561,13.32185936,7381800
2017-05-16,13.40683878,13.70676825,13.33685558,13.62678719,7050000
2017-05-17,13.66177887,13.736761,13.31186099,13.41683674,5442000
2017-05-18,12.49705305,13.69676996,12.49705305,13.42683411,20151200
2017-05-19,13.57179962,13.98170281,13.49681749,13.62178802,6492700
2017-05-22,13.62179064,14.08168233,13.45682954,13.95671177,7988700
2017-05-23,13.87172893,14.17665733,13.5767984,14.12666893,5465400
2017-05-24,14.06168522,14.06168522,13.63178719,13.75675774,4327900
2017-05-25,13.75175618,13.96670563,13.57179833,13.84673405,3999300
2017-05-26,13.74175529,13.95670469,13.66177425,13.92671204,2957000
2017-05-29,13.92671204,13.92671204,13.92671204,13.92671204,0
2017-05-30,14.07167974,14.44659128,13.95670709,14.29662704,3075700
2017-05-31,14.09667753,14.13166913,13.43183428,13.58179855,9452200
2017-06-01,13.57179896,13.68177363,13.24187684,13.33185577,6907500
2017-06-02,13.44682613,13.49181559,13.19188618,13.38684082,2607700
2017-06-05,13.17189152,13.32185574,13.10690632,13.24187469,3460900
2017-06-06,13.15189685,13.57679679,13.15189685,13.28686523,5873900
2017-06-07,13.44683018,13.51681433,13.16189749,13.22188377,5915000
2017-06-08,13.17189204,13.6367825,13.15689524,13.50681305,5173400
2017-06-09,13.57679778,13.76675351,13.46182512,13.64678097,5224300
2017-06-12,13.69177153,13.75175781,13.26187354,13.41683674,5193200
2017-06-13,13.32185878,13.44183038,13.07191771,13.1818924,4573400
2017-06-14,13.31686144,13.36185091,12.90195925,13.04692554,7635700
2017-06-15,13.04692554,13.04692554,13.04692554,13.04692554,0
2017-06-16,12.90195761,13.00193442,12.69700601,12.77698708,13039700
2017-06-19,12.99193615,13.44182987,12.94694669,13.19188881,5766200
2017-06-20,13.05692131,13.06691823,12.75699185,12.85196877,4380800
2017-06-21,12.94694658,13.38684338,12.89695818,13.23187923,2751800
2017-06-22,13.22188044,13.75175514,13.15689524,13.50681305,4726200
2017-06-23,13.50681609,13.74176036,13.38184555,13.61678982,4854600
2017-06-26,13.66677483,13.83173586,13.64677909,13.73175907,4047300
2017-06-27,14.17166128,14.4715908,13.94171496,13.95671177,7473000
2017-06-28,14.25163994,14.4365958,14.16665994,14.39160728,8527200
2017-06-29,14.55656508,14.68153559,14.25163674,14.44659042,4333400
2017-06-30,14.47158926,14.59156086,14.32662297,14.49658298,4749000
2017-07-03,14.62655275,14.85149916,14.54657168,14.8215065,2172000
2017-07-04,14.72652605,14.80650806,14.67653861,14.80650806,1058400
2017-07-05,14.8115077,14.92148238,14.35661502,14.46159077,6447900
2017-07-06,14.41660107,14.48658427,14.21664841,14.45659161,4847500
2017-07-07,14.55656677,14.68653528,14.21164787,14.44159317,4652000
2017-07-10,14.44659154,14.87149148,14.30662517,14.85149574,5053400
2017-07-11,14.91148467,15.04145415,14.81650679,15.01646042,4949900
2017-07-12,15.0964412,15.14143067,14.73152651,14.94647598,8527700
2017-07-13,15.05145077,15.11643502,14.50657919,14.58656025,7776800
2017-07-14,14.72152772,14.85149623,14.64654465,14.75651932,3751600
2017-07-17,14.92148011,15.13143062,14.81650438,14.8564949,4661400
2017-07-18,14.94647598,15.01646013,14.75652119,14.94647598,4000600
2017-07-19,15.00146332,15.08144439,14.86149598,14.94647598,4403100
2017-07-20,14.91148456,14.91148456,14.32162347,14.35661507,5930800
2017-07-21,14.34661701,14.516577,14.15666127,14.24664021,5482100
2017-07-24,14.30662636,14.57656221,14.24664009,14.5615654,4207500
2017-07-25,14.7765139,15.32138544,14.7765139,15.30139065,11658200
2017-07-26,15.44635747,15.44635747,14.82150482,14.82650375,10680100
2017-07-27,14.82650275,15.10143752,14.63154904,14.84649849,5584000
2017-07-28,14.76152047,15.17142369,14.66154366,15.16642475,5155700
2017-07-31,15.74628378,15.75628165,15.5163385,15.64630699,6300800
2017-08-01,15.62131741,15.62131741,15.3463826,15.52633953,4329100
2017-08-02,15.34638183,15.63131449,15.26640076,15.55133343,6171300
2017-08-03,15.56633011,15.61131958,15.31638903,15.33638477,5056500
2017-08-04,15.47634735,15.74128517,15.36637364,15.61131573,4577600
2017-08-07,15.79627268,16.21117474,15.79127375,16.20617485,7800300
2017-08-08,16.0412169,16.30615381,15.77627904,16.02122116,9706400
2017-08-09,15.99622641,16.12119693,15.84626217,15.95623589,7870700
2017-08-10,15.89124977,16.01122039,15.6912962,15.74628353,7393600
2017-08-11,15.63131322,15.63131322,15.27639644,15.39636803,13613400
2017-08-14,15.38636906,15.73128697,15.26639749,15.64630699,16902200
2017-08-15,15.64630865,15.72129173,15.34138123,15.55633068,17847800
2017-08-16,15.69629651,16.03121753,15.65630598,15.86125755,26011500
2017-08-17,15.94124198,16.01622506,15.5513345,15.59632397,14095900
2017-08-18,15.89624986,16.02122038,15.70129615,15.77127934,24390300
2017-08-21,15.99122746,16.11619893,15.85126013,15.87125587,19990400
2017-08-22,16.17118688,16.19118262,15.8512626,15.92624569,19230300
2017-08-23,15.86626037,16.27116467,15.79627717,16.26616669,15451900
2017-08-24,16.27616414,16.99599378,16.16119147,16.93600845,20534600
2017-08-25,17.05597701,17.1609537,16.70605915,16.91101265,16366000
2017-08-28,16.84603073,17.24093813,16.821037,17.17595291,15021800
2017-08-29,16.99599302,17.32591516,16.95100355,17.21594048,15689600
2017-08-30,17.24593183,17.35090661,17.11596333,17.16595078,14021600
2017-08-31,17.45588091,17.58585132,17.22093764,17.53586388,56429700
2017-09-01,17.74581244,17.98575559,17.62583991,17.83079147,22554600
2017-09-04,17.68583385,18.09073723,17.65084224,18.04574776,15002800
2017-09-05,18.24569384,18.34067074,17.58584972,17.79579926,24227100
2017-09-06,17.90577844,18.04074684,17.73082045,17.89578056,18117700
2017-09-07,17.89578056,17.89578056,17.89578056,17.89578056,0
2017-09-08,17.84079212,18.0507436,17.23093723,17.23593521,23042000
2017-09-11,17.39589866,17.60085027,17.36090706,17.54086494,19131800
2017-09-12,17.68082847,17.86078633,17.61084529,17.62584114,16114100
2017-09-13,17.52086964,17.56086113,17.19094749,17.38090324,21951600
2017-09-14,16.99599173,17.04597918,16.6710676,16.806036,24324600
2017-09-15,16.67606584,17.06597324,16.64607223,16.89601326,34216900
2017-09-18,16.9010147,17.15095576,16.88601694,17.12096214,18617700
2017-09-19,16.89601976,16.99099861,16.6610764,16.9560051,17106900
2017-09-20,16.93600677,17.07097518,16.38113732,16.58108902,24175400
2017-09-21,16.3211524,16.38113772,16.07620931,16.2511673,26157600
2017-09-22,16.07121118,16.18618384,15.92124597,15.95123863,16957700
2017-09-25,15.89624705,16.14119007,15.49634184,15.54133129,21014300
2017-09-26,15.73128673,15.96123295,15.70129407,15.74628353,17114500
2017-09-27,15.98623068,16.12119909,15.51134322,15.96123695,26241300
2017-09-28,15.75128429,15.92124427,15.63631164,15.87125587,17561400
2017-09-29,16.06621135,16.19618177,15.80127443,15.9312439,16047100
2017-10-02,16.1211984,16.21117734,15.93124362,15.94623947,13596900
2017-10-03,16.04121679,16.33614731,15.87625573,16.33614731,23474600
2017-10-04,16.43612348,16.53110039,16.30115509,16.30115509,17562500
2017-10-05,16.49611071,16.59108763,16.11620112,16.13119698,17253100
2017-10-06,16.0312182,16.07120968,15.91124661,16.06620979,12450500
2017-10-09,16.02121826,16.04621198,15.62631196,15.74628353,13520900
2017-10-10,15.82126828,15.84626295,15.46635244,15.65630722,20181500
2017-10-11,15.4663551,15.74128992,15.36137935,15.54633617,23041300
2017-10-12,15.54633617,15.54633617,15.54633617,15.54633617,0
2017-10-13,16.0462189,16.54610113,15.99623144,16.45112419,31395900
2017-10-16,16.68606404,16.81603254,16.41112929,16.67106628,35861900
2017-10-17,16.55109835,16.65607315,16.28616142,16.28616142,19842700
2017-10-18,16.37613816,16.47111699,15.89125378,16.13119698,21210600
2017-10-19,15.87125639,16.5311006,15.85126065,16.49610901,18549800
2017-10-20,16.8710204,16.88601625,16.47111511,16.47111511,24301000
2017-10-23,16.49611107,16.59608789,16.31615319,16.35114479,11948700
2017-10-24,16.43612426,16.91101265,16.27116225,16.91101265,19996200
2017-10-25,16.81103526,16.92600791,16.5311006,16.77104378,16724100
2017-10-26,16.93100906,16.94600682,16.33115005,16.33115005,25302400
2017-10-27,16.14119542,16.43112608,16.01122499,16.27116394,17377200
2017-10-30,16.09120728,16.46112094,15.91624927,16.17118835,19401600
2017-10-31,16.20617525,16.34114364,16.00122369,16.04621315,14629600
2017-11-01,16.39613006,16.6360732,16.34114273,16.40612793,29709500
2017-11-02,16.40612793,16.40612793,16.40612793,16.40612793,0
2017-11-03,16.59608653,16.76604652,16.49610973,16.76604652,29217800
2017-11-06,16.94100346,17.16595078,16.91101175,17.16595078,26333200
2017-11-07,17.11596587,17.11596587,16.75605011,16.75605011,20239700
2017-11-08,16.9010144,16.97099758,16.72105654,16.9659977,11580800
2017-11-09,16.8460281,16.85102608,16.39613342,16.39613342,19246700
2017-11-10,16.38613774,16.51110829,16.24617133,16.38113976,12199100
2017-11-13,16.41612919,16.7160577,16.29115866,16.56609344,12424700
2017-11-14,16.50610898,16.54609856,15.96623629,16.07621002,23389800
2017-11-15,16.07621002,16.07621002,16.07621002,16.07621002,0
2017-11-16,16.22617084,16.39113283,16.01122141,16.29615402,16280300
2017-11-17,16.29115753,16.58108815,16.15618914,16.45611763,13771300
2017-11-20,16.45611763,16.45611763,16.45611763,16.45611763,0
2017-11-21,16.6410751,17.02098465,16.57109192,17.02098465,23741300
2017-11-22,17.19594388,17.4808765,17.13595665,17.36590385,22150200
2017-11-23,17.41089038,17.67082733,17.28091999,17.59584618,11962000
2017-11-24,17.58585676,17.92077693,17.55086515,17.89078522,30784900
2017-11-27,17.72582228,17.88578443,17.53586842,17.70082855,15112700
2017-11-28,17.72082221,18.32068116,17.6208454,18.12072754,28591400
2017-11-29,18.13572148,18.28568763,17.81079927,17.84579086,18176000
2017-11-30,17.84579354,18.03574929,17.46088404,17.56585884,25417200
2017-12-01,17.59585247,17.98076196,17.44088831,17.73581886,17204100
2017-12-04,17.97576096,18.48564097,17.92077362,18.41065979,22600100
2017-12-05,18.40066181,18.69559234,18.00575447,18.00575447,25898800
2017-12-06,17.7858012,17.99075273,17.67582656,17.8757782,20400800
2017-12-07,17.52086626,17.74581357,17.44588509,17.66583252,19876200
2017-12-08,17.90078089,17.97076409,17.72582099,17.73581886,21502200
2017-12-11,17.91077169,17.99575071,17.73581186,17.8757782,14785300
2017-12-12,17.81079866,18.08573341,17.60584708,18.08573341,17624400
2017-12-13,18.21070907,18.2357028,18.0207533,18.05074692,21135300
2017-12-14,17.95076448,18.28568645,17.89077917,18.11572647,17718000
2017-12-15,18.2506952,18.63560466,18.17571403,18.44065094,32954100
2017-12-18,18.74057893,19.0055158,18.66559586,18.91553688,24339300
2017-12-19,18.85055476,19.04550848,18.81556316,18.92053795,14041000
2017-12-20,18.9805221,19.60037477,18.9805221,19.57038307,19218100
2017-12-21,19.54539095,19.86031723,19.53539498,19.86031723,11772500
2017-12-22,19.87542538,20.12298491,19.81479931,20.10277557,10140000
2017-12-25,20.10277557,20.10277557,20.10277557,20.10277557,0
2017-12-26,20.01184259,20.20887885,19.71376155,20.13309479,9986600
2017-12-27,20.10783144,20.31497234,20.02194464,20.13814545,9943000
2017-12-28,20.21392548,20.34023094,20.17350873,20.34023094,9963300
2017-12-29,20.34023094,20.34023094,20.34023094,20.34023094,0
2018-01-02,20.43117449,21.08796455,20.43117449,21.07785988,14156500
2018-01-03,21.13343162,21.15869233,20.86566272,20.95155144,12744200
2018-01-04,21.12332041,21.40624333,20.97680565,21.03743172,18433000
2018-01-05,21.00207667,21.3658371,20.87071981,21.3658371,15251300
2018-01-08,21.42140894,21.84074211,21.42140894,21.84074211,14542800
2018-01-09,22.01756715,22.10345394,21.68917221,21.75990295,15986200
2018-01-10,21.5931839,21.69928003,21.43151112,21.45677376,12149500
2018-01-11,21.5224487,21.87610435,21.5224487,21.87610435,10236300
2018-01-12,21.69928232,22.05798942,21.59823754,22.0024147,15014300
2018-01-15,21.97715021,22.08829963,21.86094942,21.96199417,7253400
2018-01-16,21.71443495,21.79527037,21.37088394,21.37088394,20121900
2018-01-17,21.42141085,21.83569268,21.40120151,21.8003273,16490700
2018-01-18,21.97714639,22.0327211,21.56286471,21.65380478,10772100
2018-01-19,21.82558649,21.92663125,21.52245219,21.66391563,11173100
2018-01-22,21.77505869,21.80537269,21.33046489,21.54771042,11580900
2018-01-23,21.21426977,21.27489586,20.61810773,20.67873383,22075600
2018-01-24,20.82018948,21.28499452,20.7848241,21.10816574,22096600
2018-01-25,21.10816574,21.10816574,21.10816574,21.10816574,0
2018-01-26,21.14353149,21.15868946,20.56757895,20.93133926,19259500
2018-01-29,20.7646201,21.34057471,20.73430802,21.16374588,16752900
2018-01-30,21.06775224,21.19910907,20.83029734,20.95155144,13180300
2018-01-31,21.09301248,21.56286896,20.9414463,20.9414463,22859700
2018-02-01,21.01723063,21.45677508,21.00207459,21.11322403,21949700
2018-02-02,21.04248823,21.04248823,20.58778785,20.61304855,17892300
2018-02-05,20.5120076,21.23952835,20.37559939,20.38570213,22452800
2018-02-06,20.21392647,21.45677376,20.17350973,21.45677376,26037000
2018-02-07,21.43655804,21.5830728,21.06774641,21.07279778,20560700
2018-02-08,21.06270557,21.2850045,20.74946846,21.01218414,18928800
2018-02-09,20.91618604,21.42140791,20.72925256,21.21931839,22760500
2018-02-14,21.92662833,22.50763228,21.85589565,22.48742294,25905800
2018-02-15,22.74004066,23.22000193,22.70972858,23.21495056,31043100
2018-02-16,23.14926543,23.33619698,22.97243855,23.25536156,21107300
2018-02-19,23.29072719,23.64438288,23.21999644,23.467556,12756100
2018-02-20,23.26546745,23.46755698,22.85623896,22.99264717,18417600
2018-02-21,22.99264875,23.219999,22.5884716,22.63394165,24312600
2018-02-22,22.8511818,23.078532,22.79560709,23.0734787,14081800
2018-02-23,23.24020762,23.44734852,23.06338072,23.2806263,17489800
2018-02-26,23.61407292,23.9475193,23.58881028,23.9475193,20374600
2018-02-27,23.982884,24.04856146,23.59891428,23.91215324,15063400
2018-02-28,23.74037999,23.79090141,22.55816056,22.76024818,39459100
2018-03-01,22.84108105,23.05327525,22.21460699,22.45711327,25776000
2018-03-02,22.12871911,22.16913779,21.59318513,22.1034584,25236200
2018-03-05,21.96704804,22.19944966,21.66391567,22.07819748,16100600
2018-03-06,22.48237448,22.69456675,21.93673391,21.97210121,22342000
2018-03-07,21.72096644,21.98155782,21.56256966,21.89469337,19334700
2018-03-08,21.80782931,21.86403536,21.07715446,21.18445587,19983100
2018-03-09,20.93408962,21.59833906,20.69904589,21.51147461,21077800
2018-03-12,21.60855871,21.78228567,21.42972105,21.69542122,11838200
2018-03-13,21.83849073,21.86914717,21.48592612,21.52680397,13838900
2018-03-14,21.89469285,22.14506477,21.7516243,21.76695251,17936000
2018-03-15,21.81805436,21.87936919,21.52680649,21.66476631,16039100
2018-03-16,21.66476193,21.76695264,21.48592429,21.61366463,26802000
2018-03-19,21.21511788,21.21511788,20.78079952,21.00051308,21861500
2018-03-20,21.00050843,21.41949653,20.91364594,21.25598907,9322500
2018-03-21,21.33263743,21.81294042,21.16912994,21.71585846,19798000
2018-03-22,21.42971889,21.58811762,21.26621141,21.42461014,15229500
2018-03-23,21.07204465,21.56256702,20.95452183,21.25598907,14983200
2018-03-26,21.46037674,21.6545426,21.26110212,21.46037674,9850900
2018-03-27,21.65965228,21.65965228,20.80634772,20.877882,11659800
2018-03-28,20.75013997,21.3070879,20.46911163,21.22533417,19038400
2018-03-29,21.3939534,21.84359998,21.32752982,21.56768036,20347700
2018-04-02,21.62388439,22.21149073,21.62388439,21.97133827,18944000
2018-04-03,22.17572766,22.2523707,21.68520318,21.90491676,13693900
2018-04-04,21.35818447,21.76695317,21.25088305,21.74140549,12440000
2018-04-05,22.12973752,22.32390143,21.98666701,22.09907913,14686600
2018-04-06,21.92535203,22.02243399,21.58811761,21.83848953,11282700
2018-04-09,22.00710415,22.08885788,21.5676771,21.94578934,11918100
2018-04-10,22.38010639,22.91150665,22.31368087,22.91150665,22479700
2018-04-11,22.76844074,23.02392144,22.59471378,22.80931664,17709600
2018-04-12,22.69690263,22.92172688,22.64580728,22.8961792,9812400
2018-04-13,22.91662004,23.08012755,22.78887968,22.98304558,15483300
2018-04-16,22.79398399,22.91661361,22.64069599,22.75821686,11434200
2018-04-17,22.7888767,23.50422341,22.76843973,23.46845627,13348000
2018-04-18,24.0151872,24.56702648,23.93854221,24.26044846,27655600
2018-04-19,24.41373565,24.61301029,24.21957172,24.43928528,16092700
2018-04-20,24.40351694,24.47505317,24.18380531,24.33709335,10188600
2018-04-23,24.12759945,24.51592928,24.0458457,24.27066803,11785300
2018-04-24,24.37286064,24.827616,24.37286064,24.68454742,15113400
2018-04-25,24.39840624,24.77651852,24.24000751,24.50059891,15525500
2018-04-26,24.3728582,25.0371076,24.33198035,24.88381958,13273500
2018-04-27,24.98601501,25.11375537,24.45461465,24.70498466,14624200
2018-04-30,24.65899612,24.95024591,24.60279201,24.86849022,8464400
2018-05-02,24.78162984,25.20061806,24.74075199,24.88893127,16526500
2018-05-03,24.94002698,25.20572715,24.82250609,25.08309555,14025900
2018-05-04,24.99622803,25.49697186,24.99622803,25.39477921,14861100
2018-05-07,25.40499976,25.56850724,25.09331302,25.15973854,15433900
2018-05-08,25.16484799,25.38456154,24.99112104,25.13418961,22420400
2018-05-09,25.25171097,25.76267236,25.20572632,25.67580986,16776100
2018-05-10,25.75756178,26.26341438,25.74223357,26.26341438,14314200
2018-05-11,26.45247012,27.37731089,26.44225065,26.8918972,21432500
2018-05-14,27.12183033,27.79629918,27.08095249,27.72987366,15847800
2018-05-15,27.49483409,27.92404175,27.17292785,27.92404175,15954500
2018-05-16,28.27148685,28.61382995,28.17440296,28.5627346,20944200
2018-05-17,28.25616309,28.51164378,27.97513473,28.29704094,20241200
2018-05-18,27.94959205,28.35836082,27.31089023,27.98535919,22361100
2018-05-21,28.10798315,28.15396975,27.08095169,27.08095169,22608800
2018-05-22,27.01452223,27.11160612,26.50356095,26.74371338,20491700
2018-05-23,26.46779716,26.6926214,26.18676881,26.53933144,15703000
2018-05-24,26.22254082,27.08095619,26.19188243,26.80503654,14500200
2018-05-25,26.86634749,26.9736489,26.08457534,26.30428886,13141500
2018-05-28,26.00793464,26.80503313,25.91085073,26.09479713,13832600
2018-05-29,26.55466649,26.6006531,25.54296308,25.62982559,18697800
2018-05-30,25.65536935,26.23786499,25.39477992,25.86997414,25861400
2018-06-01,26.00793412,27.12183005,25.88019378,26.95832062,20424100
2018-06-04,27.17292781,27.31088762,26.4473616,26.83569336,13964100
2018-06-05,26.82546871,27.59191067,26.82546871,27.45395088,16988600
2018-06-06,27.84739187,28.73135472,27.84228311,28.64960098,26835500
2018-06-07,28.84888096,28.99706024,27.11672208,27.78097153,32389900
2018-06-08,27.58681031,27.58681031,25.8853077,26.0028286,30421100
2018-06-11,26.24808386,26.56999006,25.84953464,25.98238373,14362000
2018-06-12,25.80354267,26.75393089,25.62981577,26.41669655,18403200
2018-06-13,26.55977476,26.69262582,25.92107297,26.34006119,15599000
2018-06-14,26.50356197,26.51378143,25.93128586,26.42180824,18827200
2018-06-15,26.26341734,26.28385431,24.88382114,25.1035347,36611400
2018-06-18,24.84294189,25.18528703,24.45461209,25.14440918,20490400
2018-06-19,24.37285966,24.90936875,24.0305145,24.67943573,26764800
2018-06-20,25.06265497,25.07798513,24.56191306,24.94002533,14448400
2018-06-21,24.78672963,25.13929415,24.03561791,24.12248039,13952800
2018-06-22,24.60278813,24.76629559,24.26044303,24.53125191,9632500
2018-06-25,24.37285485,24.4239502,23.63706931,24.09693527,13800400
2018-06-26,24.27066534,24.69987297,23.82612949,24.69987297,15460100
2018-06-27,24.77140707,25.18017578,24.47505049,24.60279083,14471100
2018-06-28,24.44949872,25.26192731,24.27066303,25.07287216,16298400
2018-06-29,25.39478143,25.59916481,25.06265575,25.33857536,12248000
2018-07-02,24.98090575,25.1341938,24.79185055,24.91448021,8222800
2018-07-03,25.19039314,25.28747704,24.50570488,24.50570488,11486600
2018-07-04,24.61300767,24.71520033,24.32175985,24.54147339,6147000
2018-07-05,24.80717288,25.43054634,24.68454325,25.39477921,12179600
2018-07-06,25.44076767,25.77289139,25.23638233,25.72179604,8582200
2018-07-10,25.90574247,26.11012586,25.21594344,25.30791664,10935700
2018-07-11,24.78162785,25.08820391,24.75608017,24.96557426,12912600
2018-07-12,25.21594497,25.89041388,25.01667033,25.77800369,20765500
2018-07-13,25.85464974,26.00282904,25.51230649,25.7064724,15555400
2018-07-16,25.70646965,25.85464698,25.34368556,25.54807091,12550000
2018-07-17,25.6144967,26.06925205,25.39478313,25.90574455,11553600
2018-07-18,26.13567719,26.40137541,25.96705899,26.28896523,9762900
2018-07-19,25.91085061,25.93128953,25.06776552,25.25682068,20977000
2018-07-20,25.33857501,25.47653482,24.84805255,24.89403915,16788900
2018-07-23,25.07798504,25.6144941,24.79695473,25.34368324,8554600
2018-07-24,26.52911686,26.76926936,26.21743202,26.21743202,20910300
2018-07-25,26.29407573,26.44225502,25.92618481,26.44225502,15263700
2018-07-26,26.81014342,27.17292552,26.77437628,26.96854019,54299500
2018-07-27,27.32621269,27.42329465,27.20869182,27.31088448,21543400
2018-07-30,27.43862428,27.77074798,27.36709001,27.76053047,15527200
2018-07-31,27.69410889,28.09265817,27.6174639,28.02112389,15921000
2018-08-01,27.28533927,27.47439444,27.0911734,27.11161232,36906000
2018-08-02,26.61597601,27.12693734,26.31450874,26.99919701,19796400
2018-08-03,27.49879569,27.82997836,26.98362065,27.62495995,15607700
2018-08-06,27.38839613,27.81420494,27.33582803,27.54610443,11904900
2018-08-07,28.06653362,28.20321387,27.66701089,27.730093,19065600
2018-08-08,28.01922333,28.03499536,27.47250629,27.54610443,13076000
2018-08-09,27.59867319,27.88254574,27.19389241,27.25171852,12752800
2018-08-10,27.02567381,27.28851834,26.66294909,27.18338013,14630800
2018-08-13,27.37262467,27.69855127,27.19914835,27.48301888,14720600
2018-08-14,27.38839501,27.8142038,27.21491869,27.73534966,17475600
2018-08-15,27.12555398,27.32531638,26.46844268,26.49998474,26625700
2018-08-16,26.75757368,26.82591182,26.08994834,26.13726044,20125600
2018-08-17,26.03737653,26.91002023,25.87967023,26.70500183,17343200
2018-08-20,26.86270473,27.21491737,26.83116468,27.04143906,14783600
2018-08-21,26.89425084,27.38839781,26.8206547,27.19389343,13378300
2018-08-22,27.15183849,28.01922417,27.14132447,28.01922417,13073500
2018-08-23,27.91409088,28.13488134,27.67753238,28.04551315,12263000
2018-08-24,28.17693386,28.62902678,28.1506498,28.46606445,10971100
2018-08-27,28.47657269,29.2651062,28.47657269,29.2651062,11205300
2018-08-28,29.40178709,29.65411758,28.94969421,29.2545948,17875600
2018-08-29,29.04431922,29.52269617,28.98649311,29.02854919,10292800
2018-08-30,29.07060427,29.38076089,28.59748532,28.6868515,14432500
2018-08-31,28.66056561,28.80775789,28.02448237,28.18744469,15000000
2018-09-03,28.01922354,28.47657241,27.97191145,28.4134903,4356600
2018-09-04,28.17693827,28.27682049,27.33583641,27.33583641,10521800
2018-09-05,27.37789003,27.67227465,27.20441166,27.41468811,7100000
2018-09-06,27.75112304,28.31886612,27.54610465,28.11384773,12479400
2018-09-10,28.33989565,28.40823579,27.84049067,27.97717094,9341300
2018-09-11,27.65650249,27.8562649,27.40417197,27.64598846,10347800
2018-09-12,27.86151732,28.23475603,27.4304525,28.09807777,14230800
2018-09-13,28.22950087,28.61325361,28.13487668,28.27155495,14353500
2018-09-14,28.43977299,29.0338021,28.41348895,29.01803207,17021500
2018-09-17,29.07060581,29.21254211,28.80250527,28.93392754,12096900
2018-09-18,29.24407957,30.21134741,29.18099545,30.14300728,20647900
2018-09-19,30.2849419,30.98410718,30.24288582,30.79486084,12451900
2018-09-20,31.12604611,31.33632252,30.71600932,31.18387222,11264600
2018-09-21,31.48352107,32.07229233,31.33107075,32.07229233,23057600
2018-09-24,31.98817916,32.19845559,31.62019842,31.64648247,9008600
2018-09-25,31.54134804,32.70837856,31.46775188,32.69786453,16840000
2018-09-26,32.69785476,32.81350497,31.40991637,31.54659462,24600600
2018-09-27,31.65698938,31.93560388,30.81062984,31.26797867,20631400
2018-09-28,30.93679921,31.69379271,30.93679921,31.44671822,14753000
2018-10-01,31.3731207,31.8409836,31.05770809,31.75161743,8976500
2018-10-02,31.99869418,32.45604513,31.79367576,32.17217255,20530200
2018-10-03,32.59797864,32.69260283,31.18387575,31.51506042,26674700
2018-10-04,31.53608996,31.72008034,30.8421785,30.91051865,14396500
2018-10-05,30.41111108,30.65292957,30.08518442,30.2218647,20202600
2018-10-08,29.96427457,30.26391716,29.04957478,29.99055862,26384200
2018-10-09,30.17455002,30.65818294,29.81708133,30.33225632,17830500
2018-10-10,30.16403187,30.56355458,29.38075447,29.38075447,14135900
2018-10-11,29.66988992,30.04838669,29.23882505,29.69091797,15976400
2018-10-15,29.93799726,30.72653098,29.88017113,30.31649208,16290900
2018-10-16,30.45842056,30.93679748,30.09569586,30.33225632,15825800
2018-10-17,30.66870214,30.97360078,30.35854549,30.91051865,21832000
2018-10-18,30.93679576,30.93679576,29.60680328,29.70142746,17237800
2018-10-19,30.0168419,30.24288834,29.62783316,29.71719933,13429700
2018-10-22,30.33225475,30.71074946,29.98004209,30.68446541,14084400
2018-10-23,30.12724183,30.25340609,29.43858842,29.83285522,20763100
2018-10-24,30.17454962,30.27442981,28.61325264,28.61325264,17954800
2018-10-25,29.42281942,29.4596175,28.28207304,28.70788193,29494700
2018-10-26,28.86032514,29.3807561,28.12961579,29.22830582,26630300
2018-10-29,28.40298215,28.59223055,27.65124655,27.91409111,26198300
2018-10-30,28.17692856,28.83403978,27.84048793,28.31886482,23799200
2018-10-31,28.57119835,29.8118248,28.52914427,29.8118248,26626000
2018-11-01,29.83285832,30.62664803,29.18626092,30.22712517,20420000
2018-11-05,30.28495122,30.48996966,29.98530857,30.24289513,15491800
2018-11-06,29.96427586,30.41111075,29.7329734,30.0851841,11211000
2018-11-07,30.37956944,30.56881781,30.17455104,30.27443123,12982500
2018-11-08,30.37430951,30.8947425,29.97478676,29.97478676,16743700
2018-11-09,29.70143055,29.96427506,28.45554809,28.72890663,29209700
2018-11-12,28.9654696,29.14946199,28.59748882,28.83404732,15985200
2018-11-13,28.86032725,29.58052063,28.57119669,29.58052063,18790200
2018-11-14,29.0232876,29.26510405,28.51862667,28.99700356,28360900
2018-11-16,29.35973058,29.62257509,28.99174988,29.51743889,19633700
2018-11-19,29.51744163,29.58577977,28.81301821,29.1074028,12979700
2018-11-21,28.46606448,28.67633891,28.23476,28.66582489,18590600
2018-11-22,28.74993415,28.76570618,28.25578715,28.40823746,9255400
2018-11-23,28.06653811,28.06653811,26.46844292,26.46844292,33531500
2018-11-26,26.25816801,26.85745319,25.75876302,26.34753418,30327300
2018-11-27,26.12148337,26.54203613,25.81132681,26.24239159,25582700
2018-11-28,26.5472943,27.50404811,26.40010202,27.49353409,29038300
2018-11-29,27.29378032,27.71958926,26.8784874,27.33583641,23362000
2018-11-30,27.10452681,28.22424299,27.10452681,27.75638008,29502000
2018-12-03,29.22830369,29.27035976,28.25052396,28.44502831,32418200
2018-12-04,28.57120061,28.66056879,27.59867661,27.79843903,26844200
2018-12-05,28.01922459,28.11384878,27.5618757,27.75638008,9656100
2018-12-06,27.17812149,27.65124039,26.84693686,27.49353409,21376400
2018-12-07,27.58816431,27.99820117,26.85745676,26.96259499,19472100
2018-12-10,26.87322225,27.14658078,26.3843313,26.38958931,14331300
2018-12-11,26.88899554,27.19915216,26.4158746,26.59986496,19443900
2018-12-12,26.88900085,27.02042313,26.46844792,26.47896194,15808900
2018-12-13,26.73128722,26.95733367,26.4158746,26.59986496,15149000
2018-12-14,26.48421246,26.91001927,26.20559593,26.74705696,16910700
2018-12-17,27.28326132,27.4777657,26.82591042,26.94156265,21401300
2018-12-18,26.99412697,27.43570577,26.99412697,27.04143906,18988400
2018-12-19,27.23069102,27.54610563,26.28970718,26.28970718,24414200
2018-12-20,26.6734632,26.89950764,25.99532384,26.18457222,25323700
2018-12-21,26.43164306,26.94156205,26.40010301,26.73654366,28272600
2018-12-26,26.34227836,26.65243497,25.96903962,26.5157547,13356400
2018-12-27,26.33701712,26.48946741,25.90595232,26.02160454,14332000
2018-12-28,26.44741778,26.91528073,26.41587572,26.81014252,11914300
2019-01-02,26.28971102,27.00464851,26.17406078,26.85745621,17319600
2019-01-03,26.70500616,26.77860232,25.44335351,25.75876617,30120000
2019-01-04,26.18982842,27.57239118,26.18982842,27.43571091,43360100
2019-01-07,27.79317603,28.20321481,27.18863491,27.28851509,20998900
2019-01-08,27.44096877,27.7563814,27.13606816,27.55136299,19925600
2019-01-09,27.94562296,28.41874379,27.77214665,28.22423744,27695500
2019-01-10,27.98243126,28.01397333,27.47777019,27.91409111,18113600
2019-01-11,27.99819214,28.10333032,27.53558731,27.53558731,12360400
2019-01-14,27.32531468,27.70381141,27.03618612,27.6512413,14626300
2019-01-15,27.78266762,27.96666,27.26749255,27.51982307,14480300
2019-01-16,27.54610422,27.76689264,27.44096602,27.67752647,15375100
2019-01-17,27.56713008,28.76044434,27.47776392,28.50811386,25525500
2019-01-18,28.88661201,29.22830867,28.5186293,28.78672981,25815900
2019-01-21,28.83403888,29.09688336,28.59222244,29.0600853,10676600
2019-01-22,28.63953762,28.95495224,28.57119749,28.95495224,17154300
2019-01-23,29.15471261,29.38601706,29.08637448,29.2545948,13470400
2019-01-24,29.33344653,29.54372294,29.17574023,29.51743889,14118200
2019-01-28,23.65600522,23.65600522,22.26818657,22.26818657,183534500
2019-01-29,22.74656731,23.49304486,22.39435457,22.46795273,68335900
2019-01-30,24.31311999,24.60224858,23.64549462,24.49711037,67892500
2019-01-31,24.70213139,24.93868988,23.91885376,23.91885376,39814600
2019-02-01,24.03450343,24.35517407,23.96090729,24.31311798,21286700
2019-02-04,24.18169861,24.23426671,23.15660446,23.48778915,35888900
2019-02-05,23.36687891,23.76640171,23.03043824,23.40367699,21992300
2019-02-06,23.13032052,23.34059696,22.32075882,22.32075882,29257400
2019-02-07,22.15779565,22.49423634,21.66364663,21.86340904,31403200
2019-02-08,21.3640049,22.91478816,21.29566475,22.68874168,48169600
2019-02-11,23.05672062,23.15660081,22.02111261,22.08945274,30697300
2019-02-12,22.34178317,23.30379503,22.10522271,23.28802299,36421200
2019-02-13,23.29328383,24.17644165,23.28802582,23.91359711,38153200
2019-02-14,23.86102772,24.15015632,23.68229335,24.00296402,24055400
2019-02-15,23.86628181,24.19220843,23.75588559,24.11861229,27877700
2019-02-18,24.07129852,24.26054687,23.60343566,23.78742599,18777400
2019-02-19,23.91885312,24.15015559,23.77691682,23.91359711,20523500
2019-02-20,24.12912727,24.22375145,23.62446427,24.07655716,25493000
2019-02-21,24.09758274,24.22900499,23.72434405,23.8557663,21401300
2019-02-22,24.0239863,24.73892362,23.95564617,24.70212555,17580700
2019-02-25,24.89137217,25.10164856,24.39196925,24.77046394,16801500
2019-02-26,24.59699046,24.85983498,24.49710826,24.81252289,10362900
2019-02-27,24.83880562,24.83880562,24.3604287,24.6180172,15004800
2019-02-28,24.4865979,24.75995445,24.23426538,24.75995445,17877800
2019-03-01,24.8598359,24.97023012,23.41944701,24.57070732,29872100
2019-03-06,24.93343082,25.25935745,24.80726457,25.25935745,15244200
2019-03-07,25.1437045,25.73773159,25.08587839,25.6851635,21112500
2019-03-08,25.36975591,25.70094061,25.04908723,25.67991257,25446000
2019-03-11,25.70619192,26.25816495,25.55374164,26.22136688,20201600
2019-03-12,26.1793124,26.45792894,26.04789014,26.26868057,15591300
2019-03-13,26.25290486,26.81013586,26.12674064,26.65242958,21999200
2019-03-14,26.70500023,26.77334036,26.38958764,26.65768814,17257400
2019-03-15,26.70500396,26.93630843,26.49472954,26.5735817,26054400
2019-03-18,26.41587569,26.63666414,26.19508724,26.52626991,23021400
2019-03-19,26.65243313,27.54084684,26.59460702,27.28326035,32034400
2019-03-20,27.04669933,27.16760756,26.49472628,26.57883644,25667000
2019-03-21,26.56306335,27.05721228,26.55254933,26.75231171,19660000
2019-03-22,26.53152999,26.98362294,26.12674913,26.31073952,25714700
2019-03-25,26.07417185,26.44741254,25.84286943,26.0478878,15897500
2019-03-26,26.18456817,26.65243103,26.17931016,26.43164062,13413800
2019-03-27,26.31073534,26.67346205,25.92172659,26.07417488,20805100
2019-03-28,26.55255284,26.59986493,25.55900086,25.91646957,28490000
2019-03-29,26.25816713,27.12555282,26.25816713,26.77334213,25118100
2019-04-01,27.51981905,27.88780176,27.3883968,27.6512413,25392200
2019-04-02,27.88780637,28.01922865,27.14132881,27.14132881,21442400
2019-04-03,27.74586571,27.77215177,27.13081053,27.2201767,21477200
2019-04-04,27.33583458,27.5776511,27.13607215,27.41994476,14145700
2019-04-05,27.44096962,27.52507979,27.17812509,27.32531738,8359200
2019-04-08,27.59867118,28.06653404,27.52507504,28.06653404,14400900
2019-04-09,27.95614598,28.01922811,27.49353902,27.51982307,14745400
2019-04-10,27.72484041,27.72484041,27.08349915,27.20966339,15608000
2019-04-11,27.07298496,27.26223333,26.77334237,27.22543526,10274300
2019-04-12,27.38314395,27.71432863,26.97310712,27.0624733,16905900
2019-04-15,27.12030179,27.18864194,26.69449288,26.9836235,15787300
2019-04-16,26.95208108,27.94563318,26.7260346,27.91409111,18935600
2019-04-17,27.9456258,28.28206643,27.17812038,27.46724892,26483700
2019-04-18,27.44096751,27.8457483,27.34108531,27.6407299,10706000
2019-04-22,27.30954458,27.33582863,26.70500141,26.96784592,16324700
2019-04-23,27.1203011,27.29377747,26.95733676,27.29377747,9890800
2019-04-24,27.09926879,27.19915098,26.36856136,26.47369957,19992800
2019-04-25,26.40535951,26.51049771,25.95852464,26.45792961,15916200
2019-04-26,26.53678728,26.62615547,26.03212619,26.50524521,10632700
2019-04-29,26.77860307,26.84168721,26.34753815,26.4158783,8729200
2019-04-30,26.40010309,26.64717557,26.15828462,26.33701897,11371400
2019-05-02,25.90595489,25.90595489,25.61157031,25.72722054,15906200
2019-05-03,25.99532498,26.61563824,25.96378291,26.49473,10614000
2019-05-06,26.07418417,26.15303835,25.80608355,26.10572624,10437300
2019-05-07,25.94275286,26.12674522,25.61157021,26.12674522,15190600
2019-05-08,26.18983108,26.35805143,25.72722411,25.75876617,18474900
2019-05-09,25.75876135,25.76401735,25.25935639,25.51694489,12456600
2019-05-10,25.39077689,26.17931035,25.26461266,26.00057602,25272300
2019-05-13,25.51168682,25.62733905,24.93342972,24.93342972,18657700
2019-05-14,25.32769657,25.41706274,24.89137373,25.01753998,14183900
2019-05-15,24.7862382,25.46963353,24.71789807,25.20678902,18447400
2019-05-16,25.5221978,25.72196016,24.08706722,24.39196777,49247900
2019-05-17,24.39197465,25.08588409,24.33940454,25.08588409,34079700
2019-05-20,25.0333129,25.09639703,24.51288185,24.57596397,23909600
2019-05-21,24.75995399,25.2120469,24.22900892,24.92291832,32381300
2019-05-22,25.11741808,25.59579495,24.90188568,24.94919777,21087400
2019-05-23,24.74418195,25.1805048,24.40248329,25.13844872,15786300
2019-05-24,25.56951439,25.98480921,25.39603806,25.39603806,24936500
2019-05-27,25.75876527,26.41587663,25.70619717,26.38433456,17281600
2019-05-28,26.25817196,26.78386108,26.20560185,26.4158783,37041000
2019-05-29,26.03212104,26.20559738,25.83761666,26.12674522,17842500
2019-05-30,26.13200088,26.35279131,25.9900646,26.28970718,12877800
2019-05-31,26.02686674,26.81014439,25.60631585,25.75876617,28857900
2019-06-03,25.9427539,26.07417616,25.46437694,25.66939735,22451600
2019-06-04,25.85338934,25.94275552,25.39078238,25.81659126,19537300
2019-06-05,25.90595418,25.98480834,25.15947674,25.43809128,14392200
2019-06-06,25.70093758,25.72722164,25.39603897,25.65362549,10869100
2019-06-07,25.78504694,25.81133099,25.42232222,25.58002853,11626500
2019-06-10,25.73247865,25.87967093,25.40655201,25.41180801,11670100
2019-06-11,26.15828083,27.06246645,26.10571274,27.0361824,44669000
2019-06-12,27.09926619,27.38313872,26.77333959,27.06772614,24531300
2019-06-13,27.28326696,27.46725735,27.1203026,27.2569809,18058600
2019-06-14,27.17812448,27.24120661,26.8889959,27.02041817,20375200
2019-06-17,26.81014013,26.98361847,26.38958931,26.38958931,20551200
2019-06-18,26.81014725,27.5566249,26.81014725,27.33583641,27229300
2019-06-19,27.86151679,27.91408488,27.24646162,27.49353409,23746400
2019-06-21,27.73009152,27.82471569,27.38839291,27.56712723,20492800
2019-06-24,27.58815851,27.58815851,27.38839613,27.54610443,9338300
2019-06-25,27.43570979,27.58290408,26.98887491,27.00990295,12449700
2019-06-26,27.07298184,27.35685436,27.00464171,27.11503792,13277900
2019-06-27,27.41468394,27.41468394,27.08349929,27.17812347,14941500
2019-06-28,27.37262747,27.44096761,27.17286508,27.24120522,11106100
2019-07-01,27.91408599,28.27681269,27.91408599,28.20321655,22807300
2019-07-02,28.43977442,28.47131649,26.29496432,27.0151577,48452700
2019-07-03,27.21492552,27.32006374,26.88899883,26.96259499,19929700
2019-07-04,27.16761153,27.38839998,26.88899696,27.16235352,16192600
2019-07-05,26.49472761,26.5893518,26.15828495,26.47369957,27847600
2019-07-08,26.62614724,27.12555016,26.52626505,26.78385353,12777600
2019-07-10,27.13081055,27.63021552,27.02041634,27.40416908,28106700
2019-07-11,27.26748977,27.59867442,27.18863761,27.36211395,18567500
2019-07-12,27.57764136,27.74586166,27.19388867,27.23594475,22248600
2019-07-15,27.57765055,27.82472508,27.46725632,27.69855881,20144200
2019-07-16,27.96665628,28.10859256,27.75112386,27.88780212,17393700
2019-07-17,27.85626715,27.92460529,27.57765055,27.69855881,13876700
2019-07-18,27.65650249,27.76689671,27.45674008,27.64598846,12217200
2019-07-19,27.76164086,27.98242931,27.62496058,27.71432877,11523100
2019-07-22,27.43045143,27.6827819,27.23594707,27.5723877,11348100
2019-07-23,27.54610606,27.65124226,27.20966339,27.20966339,11146800
2019-07-24,26.85745066,26.94681682,26.57357812,26.62614822,25121800
2019-07-25,26.81013461,26.87321672,26.33701379,26.54203415,12761900
2019-07-26,26.81014005,26.8364241,26.37907522,26.40535927,12604500
2019-07-29,26.44216109,26.59986741,26.17931654,26.42113304,8462200
2019-07-30,26.37381735,26.58935177,26.28970718,26.28970718,10182500
2019-07-31,26.48421482,26.57358099,25.8744156,26.18457222,23244900
2019-08-01,25.8849287,25.9374968,25.36449568,25.44334984,45701400
2019-08-02,25.3382123,25.3855244,24.92291748,25.14896393,19834300
2019-08-05,24.49710856,24.49710856,24.05552969,24.18169594,36490300
2019-08-06,24.4235097,24.69161221,24.33414354,24.50761986,21913400
2019-08-07,24.10284206,24.43402672,23.89256764,24.43402672,20828200
2019-08-08,24.86509362,24.96497583,24.6653312,24.80201149,24237600
2019-08-09,24.54968041,24.60750653,23.91359711,23.91359711,24707500
2019-08-12,23.7348582,24.17643703,23.67177408,23.74011421,16409000
2019-08-13,23.94513317,24.60224441,23.83999497,24.44453812,19989100
2019-08-14,24.17118125,24.17118125,23.51406996,23.59292412,24950100
2019-08-15,23.66126183,23.91885033,22.69399396,23.07249069,24570500
2019-08-16,23.36687474,23.49829698,22.85695581,22.96735001,19541100
2019-08-19,23.28276594,23.35636207,22.71502086,22.9463253,27533700
2019-08-20,22.87272908,23.3879061,22.55206046,23.04620743,16865100
2019-08-21,22.92004073,23.30379548,22.64142618,23.2091713,16171800
2019-08-22,23.33007919,23.33007919,22.89375635,23.07249069,12254400
2019-08-23,23.0409521,23.4404749,22.55206112,22.75182152,26087800
2019-08-26,22.86221552,22.94632568,22.36281057,22.49948883,13270500
2019-08-27,22.68348196,23.08300473,22.31024123,22.77284813,27809400
2019-08-28,22.76759222,23.21968309,22.62565594,22.85695839,13467000
2019-08-29,23.18813769,23.78742271,23.10928355,23.70856857,23487000
2019-08-30,24.17643885,24.3551732,23.79794212,23.95564842,27305700
2019-09-02,24.4708213,24.53390342,24.10283862,24.18694878,12757600
2019-09-03,24.18169758,24.20798163,23.83474287,23.92936707,13227000
2019-09-04,24.20797885,24.45505333,24.16592477,24.45505333,12439100
2019-09-05,24.68109977,24.80726401,24.45505333,24.45505333,20284900
2019-09-06,24.41825676,24.54442101,24.22900838,24.41825676,10419000
2019-09-09,24.54967983,25.1752491,24.33414739,25.1752491,24430000
2019-09-10,25.16999499,25.49592168,24.81252624,25.35924339,21440800
2019-09-11,25.54848568,25.54848568,25.01228464,25.20678902,16872500
2019-09-12,25.55899957,26.16354275,25.54848555,26.12148666,39340500
2019-09-13,26.26342509,26.44215945,26.10571877,26.17405891,22067600
2019-09-16,25.96904083,25.99006687,25.41706571,25.54323196,26369500
2019-09-17,25.36449714,25.8376181,25.35398312,25.70619583,14473900
2019-09-18,25.75876245,25.75876245,25.2225594,25.44334984,15335300
2019-09-19,25.44335653,25.53798074,25.10691377,25.40130043,15680000
2019-09-20,25.5800294,25.62208549,25.2330747,25.45386314,23870900
2019-09-23,25.33295281,25.53797321,25.21204458,25.28564072,11946300
2019-09-24,25.08062242,25.1699906,24.59173148,24.67058563,15322500
2019-09-25,24.7231525,25.24358548,24.61801631,25.15947533,14554600
2019-09-26,25.28563956,25.38026374,24.985997,25.15947533,12257300
2019-09-27,25.31192696,25.41706315,24.84932006,25.05433846,13450600
2019-09-30,25.04908404,25.25410245,24.81777958,25.10165215,12116600
2019-10-01,25.15422168,25.6956828,25.05434148,25.08062553,16083800
2019-10-02,24.6548102,24.6548102,23.70856857,23.70856857,24637800
2019-10-03,23.8242279,24.08181642,23.24597074,23.88731003,24569900
2019-10-04,24.02398515,24.59698618,24.01347113,24.49184799,21339100
2019-10-07,24.33940465,24.69687339,24.20272636,24.20272636,12531500
2019-10-08,24.33940138,24.37619945,23.82422638,23.82422638,14671300
2019-10-09,24.00821114,24.20271747,23.82947883,24.00821114,9509400
2019-10-10,24.21323445,24.94394179,24.21323445,24.83354759,15441700
2019-10-11,25.24884458,25.71670752,25.23307456,25.56951523,24527700
2019-10-14,25.33821175,25.3644958,25.00177109,25.22781754,11520400
2019-10-15,25.16999619,25.38552865,24.98600379,25.18576622,14669700
2019-10-16,24.91239613,24.98073625,24.51812947,24.60223961,24417100
2019-10-17,24.70213359,24.73367366,24.50237116,24.55493927,14158400
2019-10-18,24.64956268,24.80201301,24.1922137,24.19746971,16452100
2019-10-21,24.40248284,24.81777763,24.31837267,24.81777763,13486800
2019-10-22,24.8545773,24.99125758,24.75995311,24.86509132,15194800
2019-10-23,25.02279376,25.14370398,24.72315121,24.76520729,12362800
2019-10-24,24.94920273,25.00702885,24.45505573,24.57596397,14646600
2019-10-25,25.10165126,25.5274601,24.99651305,25.5274601,21754000
2019-10-28,25.57476919,25.65362133,25.41180489,25.60105324,10932200
2019-10-29,25.44860373,25.65362212,25.27512741,25.57476997,10091200
2019-10-30,25.44335176,25.55900199,25.070111,25.54323196,15325200
2019-10-31,25.28564182,25.48540421,24.63378854,24.81252289,21765000
2019-11-01,25.12793767,25.60105864,25.10690962,25.46437836,20151300
2019-11-04,25.80081821,26.18982697,25.80081821,26.18982697,20980000
2019-11-05,26.32125418,26.43164841,25.98481346,26.21611595,15951200
2019-11-06,26.23188288,26.26868095,25.70619386,26.12148666,14879300
2019-11-07,26.20033935,26.56306403,26.04263306,26.34227562,26788900
2019-11-08,25.93224008,26.0478903,25.65888155,25.85338593,19854000
2019-11-11,25.46437489,25.46437489,25.21204441,25.30141258,20385800
2019-11-12,25.39078016,25.49066237,25.18050575,25.18050575,13130500
2019-11-13,25.04908046,25.26461286,24.6916118,24.77046394,16882100
2019-11-14,24.89137447,25.01228471,24.68635607,24.70738411,14155900
2019-11-18,25.08587939,25.25935572,24.95971315,25.02805328,16777800
2019-11-19,25.29090485,25.49066729,25.08588641,25.32244492,13108100
2019-11-21,25.10690845,25.45386314,25.07536839,25.45386314,15624200
2019-11-22,25.52220285,26.3002224,25.52220285,26.3002224,27680500
2019-11-25,26.56832333,26.90476398,26.51049722,26.73654366,24507100
2019-11-26,26.59986217,27.07298306,26.52626603,26.92579079,32446500
2019-11-27,26.77334393,26.91528022,26.35279308,26.58935356,13507600
2019-11-28,26.57884417,26.74706453,26.12149316,26.47896194,10145300
2019-11-29,26.47895947,26.53152958,26.18983086,26.27394104,10290800
2019-12-02,26.36330522,27.17286479,26.34227718,26.98887444,23952200
2019-12-03,26.94156815,26.94682416,26.41587902,26.50524521,13479700
2019-12-04,26.72077539,26.8259116,26.56306707,26.76808548,9105800
2019-12-05,26.65243129,26.85219366,26.57357714,26.78385353,9503500
2019-12-06,26.94155918,27.1728616,26.82590697,26.99412727,13892600
2019-12-09,27.46724783,27.59341406,26.98361496,27.04143906,19388300
2019-12-10,26.92578769,27.03618188,26.75756739,26.91527367,13878600
2019-12-11,27.00990142,27.36211208,26.92579126,27.24646187,15572100
2019-12-12,27.38840058,27.89306362,27.19389618,27.8352375,25140900
2019-12-13,28.01922517,28.38720789,27.77740869,28.26104164,28172500
2019-12-16,28.65005382,28.73942,28.04025459,28.04025459,21806800
2019-12-17,27.99294354,28.23476004,27.88780532,28.08230972,13570300
2019-12-18,28.00870699,28.14538724,27.65123834,28.10858917,22924500
2019-12-19,28.12436252,28.51337328,27.97717024,28.38720703,17683200
2019-12-20,28.79198766,28.90763988,28.46606103,28.80250168,42124200
2019-12-23,28.86033424,28.90238833,28.59748967,28.69211388,10225700
2019-12-26,28.8130157,28.91289589,28.65530739,28.80250168,20410000
2019-12-27,29.13402564,29.13942093,28.82644097,28.92357254,13920400
2019-12-30,28.95055033,29.06386979,28.70772145,28.76168251,11928100
2020-01-02,29.12863129,29.37685552,29.00451918,29.31749916,17509700
2020-01-03,28.9667455,29.40923288,28.91278443,29.10165024,17284800
2020-01-06,29.0314991,29.0314991,28.68074802,28.92897224,32787800
2020-01-07,28.86960823,29.24194449,28.81564716,29.13941765,16326400
2020-01-08,29.24734627,29.3390805,28.9343663,29.14481735,15298500
2020-01-09,29.00451139,29.06926507,28.62677781,28.76168251,14638000
2020-01-10,29.0045146,29.06926829,28.65915885,28.79406357,9129200
2020-01-13,28.94516161,30.02439957,28.87501057,29.84092903,27497400
2020-01-14,29.8409169,30.40751618,29.67903168,30.02438736,27817000
2020-01-15,29.84092812,30.26183231,29.73840126,29.92726707,21425300
2020-01-16,30.00280922,30.19167706,29.73299978,29.77077293,13149100
2020-01-17,30.35356747,30.8068475,30.2726238,30.75828171,36524100
2020-01-20,30.7582839,30.95254707,30.5046623,30.95254707,16746300
2020-01-21,30.65035291,30.76367239,30.0783582,30.23484612,25436800
2020-01-22,30.54242801,30.67733273,30.25103538,30.38054276,17269400
2020-01-23,29.91107557,30.07296082,29.5225493,29.94884872,23028900
2020-01-24,30.01360424,30.07296265,28.97213954,29.03149796,19744800
2020-01-27,27.87670989,27.96304882,27.23995948,27.25614738,38779700
2020-01-28,27.62849236,28.10875292,27.56373865,27.62849236,23046400
2020-01-29,27.89830244,28.00082931,27.22917398,27.38566399,23323000
2020-01-30,26.96476031,27.79037666,26.87302401,27.79037666,23083200
2020-01-31,27.49898239,27.55294552,26.87302447,27.12664604,29988200
2020-02-03,27.25075455,27.56912978,26.8730209,27.47199821,18858200
2020-02-04,28.16810796,28.37316372,28.04399585,28.20588112,21559200
2020-02-05,28.77247929,28.93436455,28.59440613,28.59440613,26797700
2020-02-06,28.95595415,29.09625418,28.50267413,28.75089836,22155800
2020-02-07,28.53504944,28.57821789,28.01701371,28.11414528,14450900
2020-02-10,28.00622116,28.00622116,26.93777395,27.0834713,28244800
2020-02-11,27.60151001,28.1681095,27.53135897,28.08716583,27560600
2020-02-12,28.65375542,28.80485008,28.50806017,28.63756752,28539800
2020-02-13,28.17890125,28.27603282,27.82275283,28.13573074,20105600
2020-02-14,28.17349953,28.21127268,27.49358069,27.52056122,19896200
2020-02-17,27.90369055,28.82104301,27.85512477,28.82104301,28134200
2020-02-18,28.35697188,28.62678132,28.1249356,28.4918766,18054400
2020-02-19,28.56202618,28.66455302,28.27602884,28.49727249,14439700
2020-02-20,28.74550007,28.86421689,28.09256167,28.16810799,18818800
2020-02-21,27.52056383,27.59611014,26.87302074,27.05109596,32249900
2020-02-26,25.17861938,25.27575095,24.31522991,24.47171783,46923300
2020-02-27,24.09398253,24.57424297,23.5057979,23.99685097,42419000
2020-02-28,23.73783505,23.91051292,23.31153565,23.91051292,33228600
2020-03-02,24.21809188,25.41064892,24.18031873,25.01672745,48372500
2020-03-03,25.22178847,26.48989208,24.86024274,25.01133537,52401800
2020-03-04,25.90170883,26.48989355,25.3620899,26.20929146,31476600
2020-03-05,25.71823909,25.87472908,24.79549118,25.281147,29092300
2020-03-06,23.85115548,24.72533751,23.5543655,24.07239914,39718600
2020-03-09,21.82758701,22.41577175,20.40299331,20.41378593,59037000
2020-03-10,22.61003358,24.46632192,22.01645153,24.18032455,63269800
2020-03-11,23.20900666,23.89972021,21.0451359,21.98407364,50025000
2020-03-12,19.42628418,19.42628418,17.51063713,19.07553101,62222000
2020-03-13,22.6639965,23.75942234,19.96590168,23.14965439,67635900
2020-03-16,19.43167968,22.34022788,19.43167968,21.06672668,59078300
2020-03-17,21.85456767,23.5111977,21.10449765,22.39958191,52743800
2020-03-18,20.93721526,22.05422634,19.26439731,20.85627365,59689100
2020-03-19,20.23570793,21.04513625,19.02696074,19.64212799,52645400
2020-03-20,20.45155799,21.26638166,18.73017231,18.98918915,50479900
2020-03-23,19.18345067,19.35073326,18.00708135,18.40100288,41958300
2020-03-24,19.89035243,20.85627073,19.89035243,20.3112545,37044800
2020-03-25,20.6080442,22.31323977,20.55408313,22.04343033,38064400
2020-03-26,22.12977208,22.88523943,21.57936257,22.66399574,36253000
2020-03-27,21.2070248,22.36180905,21.15306373,21.63871956,32331200
2020-03-30,22.08120534,22.83667266,21.98407583,22.53988266,31298300
2020-03-31,22.82588,24.00764675,22.78271155,23.32233047,39238000
2020-04-01,22.56146841,23.80798683,22.23230053,23.40327263,37092100
2020-04-02,23.71624932,24.05081243,22.62082163,23.08489418,34372600
2020-04-03,23.0956897,23.13346286,21.45524766,21.85456657,31650000
2020-04-06,22.98776801,23.4140675,22.64780953,23.27376747,32019300
2020-04-07,24.38537616,24.55265875,23.50579887,23.62451363,34191900
2020-04-08,23.47342361,23.87813781,23.23059468,23.47881889,29464500
2020-04-09,23.71625155,23.99685363,23.11727423,23.35470581,29827800
2020-04-13,23.31153822,24.05081558,23.1928214,24.05081558,22066800
2020-04-14,24.61741288,24.82246863,24.0130403,24.02922821,24713600
2020-04-15,23.47341967,23.68926803,22.99315923,23.30613708,28808700
2020-04-16,23.63531239,23.73784132,22.68558383,23.07410812,24442900
2020-04-17,23.68927166,23.86734483,23.32233062,23.74323273,23604600
2020-04-20,23.34391669,23.34391669,22.78810979,22.91222191,29050700
2020-04-22,22.98776705,23.33312492,22.69097703,23.14965439,22693600
2020-04-23,23.36010413,24.1155694,23.10108729,23.47881889,27171100
2020-04-24,23.4032727,23.8511574,22.5722611,23.61372375,55165900
2020-04-27,23.99145992,24.30983521,23.66768935,24.04002571,25580600
2020-04-28,24.39077437,24.43934015,23.46262921,24.07239914,25680000
2020-04-29,24.47171596,25.56714371,24.19651123,25.21639061,33207500
2020-04-30,24.66597535,24.91419951,24.15333707,24.20730019,25720300
2020-05-04,23.58134939,23.92130991,23.41946411,23.7054615,16994300
2020-05-05,23.98605681,24.29903465,23.5813427,23.5813427,19070600
2020-05-06,23.84575824,24.15334084,23.53278035,23.92130661,26602700
2020-05-07,24.6228121,25.35129683,24.52568053,24.84945107,42194300
2020-05-08,25.63190111,26.41974431,25.34590371,26.36038589,33922800
2020-05-11,26.01502303,26.5762271,25.75600624,25.75600624,24783100
2020-05-12,26.13374443,26.22547865,25.61031342,25.61031342,21806900
2020-05-13,25.99344519,26.53846151,25.71824042,26.1931057,34159500
2020-05-14,25.8747272,26.14993193,25.32971094,25.95027351,35513400
2020-05-15,26.27404382,26.60321168,25.92868805,25.92868805,35196100
2020-05-18,27.16441735,27.8443363,26.95396629,27.66086578,41936200
2020-05-19,27.68244613,28.44330861,27.56912667,28.22206497,27704400
2020-05-20,28.79946016,28.96134542,28.32999229,28.32999229,27014500
2020-05-21,28.21667716,28.41633561,27.18060764,27.59071922,41802300
2020-05-22,27.39645553,27.57452872,26.9269876,27.12664604,23933600
2020-05-25,27.7418079,27.88750525,26.93777482,27.03490639,21162000
2020-05-26,27.18600401,27.26155033,26.35499031,26.54925346,28917800
2020-05-27,26.89461249,27.42883623,26.32261557,27.3263073,31932100
2020-05-28,27.52056361,27.87131671,27.00792525,27.0295105,23530900
2020-05-29,27.73641444,28.59980392,27.55294392,28.59980392,92646300
2020-06-01,28.50267406,29.05848095,28.32999616,28.82644463,27152300
2020-06-02,29.03150041,29.03150041,28.59980564,28.82644463,25602700
2020-06-03,29.08545922,29.3228908,28.80485715,28.95594978,31584300
2020-06-04,28.98833056,30.05677583,28.88040636,30.03519058,37638600
2020-06-05,30.42910687,30.59638946,29.32288863,29.46858597,39799100
2020-06-08,29.66824791,30.02979366,29.12862899,29.56032372,27456500
2020-06-09,29.22576221,29.67364693,29.20417696,29.67364693,19860000
2020-06-10,29.63047197,29.78696193,29.00990944,29.24734306,24321300
2020-06-12,28.98293149,29.166402,28.04939101,28.81565094,31223700
2020-06-15,28.32999603,29.37146081,28.13033759,29.07467079,27425600
2020-06-16,29.94344943,29.94884471,29.25813328,29.88948631,29329400
2020-06-17,29.94345304,30.45608934,29.75998253,30.32658195,27840000
2020-06-18,30.3805415,30.51005093,30.00820523,30.31039047,25770000
2020-06-19,30.39673282,30.54242811,29.52254874,29.77077293,38079900
2020-06-22,29.67904091,29.86790671,29.37145829,29.67904091,14891400
2020-06-23,29.96503386,30.52084267,29.87869492,29.99741173,18272700
2020-06-24,30.35355883,30.35895411,29.58190375,29.88948631,18156600
2020-06-25,29.94884711,30.29960019,29.60888664,30.21865654,17051900
2020-06-26,30.16469982,30.7312993,29.79236143,30.01360512,21655500
2020-06-29,29.91647019,30.17009173,29.59269969,30.0189991,15453400
2020-06-30,29.91647259,30.51005464,29.68443628,30.17548943,27462900
2020-07-01,30.26183029,30.26183029,29.16640247,29.43081665,28999400
2020-07-02,29.59809313,30.07835564,29.54413207,29.94345093,24148500
2020-07-03,29.78695822,30.05676762,29.6412609,29.81933403,7831800
2020-07-06,30.26722826,30.61798141,29.99741877,30.52624512,23609900
2020-07-07,30.6179802,30.74748759,30.27262234,30.4183197,13598400
2020-07-08,30.70432072,31.14680812,30.10534332,30.9309597,32634600
2020-07-09,31.03887732,31.12521626,30.25103427,30.44529533,19741600
2020-07-10,30.49926319,30.92016532,30.30500004,30.74209213,14728100
2020-07-13,31.15220012,31.95623322,31.10903168,31.10903168,28780200
2020-07-14,31.25472971,33.44018818,31.24393914,33.29449081,52234500
2020-07-15,33.61825279,33.95821323,32.58758091,33.3430481,29833100
2020-07-16,33.07863346,33.28908448,32.29618576,32.44188309,22788400
2020-07-17,32.6469483,33.05166254,32.54981672,32.93834305,18896400
2020-07-20,32.98151199,33.1811725,32.56600512,32.80883408,16491500
2020-07-21,32.61455721,32.63614245,31.98320425,32.21524048,29043600
2020-07-22,32.33935628,32.51203414,31.72958643,31.96702003,19644700
2020-07-23,32.32317812,32.46347815,31.64325704,31.75657654,17291900
2020-07-24,31.60547995,31.75657259,31.20076576,31.62166786,22544100
2020-07-27,31.8914779,33.25671519,31.8267242,33.11641312,35124800
2020-07-28,32.75486723,33.00309142,32.48505778,32.5606041,21707500
2020-07-29,33.03007163,33.9690094,32.8358085,33.9690094,29486600
2020-07-30,33.61826498,33.65603814,32.72789482,33.06245804,32210700
2020-07-31,32.97071641,33.56969376,32.64694587,32.76026535,26318800
2020-08-03,33.38082854,33.81791857,32.51743698,32.51743698,35910500
2020-08-04,32.5174415,32.83042152,32.03178561,32.75487518,182535800
2020-08-05,33.4024148,33.94203377,33.37543221,33.55890274,36999600
2020-08-06,33.79093281,33.93123487,33.06784344,33.36463547,22468400
2020-08-07,33.12720565,33.12720565,32.25841885,32.6199646,28427400
2020-08-10,32.75486835,33.56429672,32.59837838,33.56429672,29341400
2020-08-11,33.88266947,33.89885737,32.46347126,32.52822495,23822800
2020-08-12,32.85199845,33.612861,32.6901132,33.18656158,29627900
2020-08-13,33.13259954,33.54270898,32.4364907,32.56599808,24906200
2020-08-14,32.56599489,33.1487842,32.53901436,33.10561371,17848800
2020-08-17,33.33766115,33.78014857,32.99770266,33.58049011,42786400
2020-08-18,34.15787346,34.37372183,33.91504456,34.02836609,32205700
2020-08-19,34.21723589,34.47085744,33.63444852,33.66682434,23537900
2020-08-20,33.35923948,34.26579938,33.27829582,33.9690094,25866600
2020-08-21,33.6776162,33.88267196,33.19195836,33.56429672,27242700
2020-08-24,33.96361076,34.06613966,33.5858792,33.97440338,17944700
2020-08-25,33.88806265,33.9096479,32.94372968,33.25131226,23543000
2020-08-26,33.27290257,33.64523888,33.04626361,33.32146835,23924400
2020-08-27,33.2890921,33.55350629,32.55521206,32.80343628,18201900
2020-08-28,33.01388125,33.2944833,32.7170913,32.97071075,15040300
2020-08-31,32.97071809,32.99770068,32.20446014,32.20446014,31080000
2020-09-01,32.53362768,33.34305612,32.48506189,33.32686615,24197700
2020-09-02,33.40241557,33.63984718,32.5498166,33.08943558,21797200
2020-09-03,32.37713774,32.67392776,31.75657511,32.01019669,36117400
2020-09-04,32.22064025,32.64693962,31.67562613,32.64154434,26636700
2020-09-08,32.15589515,32.24762939,31.78895408,31.98321724,14663800
2020-09-09,32.32317516,32.55521147,32.03717572,32.37713623,16481700
2020-09-10,32.3771352,32.4850594,31.47057525,31.58389473,19431400
2020-09-11,32.40411696,33.61825957,32.29079747,33.42939377,46057000
2020-09-14,33.88807076,34.18486078,33.12181282,33.40781021,35710200
2020-09-15,33.83949833,34.34674137,33.53731308,33.78013992,32570600
2020-09-16,33.62905082,33.72618239,32.72788821,32.9005661,28843500
2020-09-17,32.59298232,33.68301069,32.43649235,33.49954224,31397500
2020-09-18,33.7153908,34.04995397,33.27290344,33.27290344,33143800
2020-09-21,32.9437357,33.12720622,32.07494888,32.37713623,53120800
2020-09-22,32.68493344,32.76363778,32.12838004,32.49941635,23996200
2020-09-23,32.42070848,33.51133195,32.07778272,33.22462082,37365600
2020-09-24,33.55630536,33.60690131,32.85358492,32.9772644,31607500
2020-09-25,32.8029927,33.42138804,32.71866753,33.30895233,27582200
2020-09-28,33.69684407,33.86549866,32.99974671,33.0447197,30265400
2020-09-29,33.01662142,33.70809817,32.80299377,32.80299377,26201600
2020-09-30,33.28646428,33.88237204,33.02786365,33.2302475,25947500
2020-10-01,33.46635976,33.64625603,32.61747435,33.08970261,22852700
2020-10-02,32.94915301,33.41575822,32.66806486,32.78612137,23668800
2020-10-05,33.11219061,33.64063565,33.02786329,33.50009155,17887200
2020-10-06,33.73620545,33.88799333,32.72428834,32.95478058,21951600
2020-10-07,33.24711555,34.15784081,33.14592361,33.82615662,27276500
2020-10-08,33.92733678,34.56821953,33.76430729,34.45578384,22207400
2020-10-09,34.68065042,34.82119448,34.20842231,34.63005447,21120900
2020-10-13,34.44454668,35.21472771,34.30962341,34.93363953,18602200
2020-10-14,34.89990547,35.58013827,34.8774179,35.41710663,22210600
2020-10-15,35.08542834,35.33840815,34.84369232,35.1191597,16309700
2020-10-16,35.24845732,35.47332658,34.98985672,34.98985672,15871000
2020-10-19,35.2653249,35.51830471,34.826828,34.826828,29156200
2020-10-20,34.73125278,35.01796391,34.47827515,34.76498413,25276800
2020-10-21,34.6581691,35.53516274,34.63005857,35.33277893,21480900
2020-10-22,35.47895442,35.69258206,35.1022951,35.47333145,32097700
2020-10-23,35.20348232,35.91744654,34.97861307,35.67008972,24263400
2020-10-26,35.36088821,35.67008473,34.86054953,35.13601685,18250900
2020-10-27,35.13602465,35.36089606,34.8886678,35.15288925,18155500
2020-10-28,34.82681873,34.89427928,33.87111868,33.8767395,23686100
2020-10-29,34.27589188,34.98985609,33.61252363,34.86617661,37998800
2020-10-30,34.74250014,35.08542808,33.7362039,34.03977966,27476200
2020-11-03,34.7987165,35.60824966,34.41643642,35.60824966,32900800
2020-11-04,35.57451826,35.57451826,34.54573667,34.61882019,27932100
2020-11-05,35.02358327,35.45083847,34.54573427,35.16412735,25563600
2020-11-06,35.06856051,35.956798,35.04607294,35.52392197,26452500
2020-11-09,36.06361288,36.1310713,35.34402571,35.52392197,37728900
2020-11-10,35.55203615,35.74879703,35.24283741,35.507061,53960600
2020-11-11,35.51830437,35.93431369,35.41711244,35.75441742,25908500
2020-11-12,35.73754984,35.84998553,35.11353375,35.23159027,23726500
2020-11-13,35.26531958,35.72630398,35.19785903,35.55765152,25079300
2020-11-16,35.6981973,36.7325997,35.40024453,36.49648666,91477900
2020-11-17,36.42902709,38.28420636,36.42902709,37.64894867,62475900
2020-11-18,37.66018887,37.88506025,37.14298771,37.35661316,22854400
2020-11-19,37.50278403,38.07058334,37.3678629,38.07058334,25928500
2020-11-23,38.68335355,40.0944174,38.50908025,40.0775528,38662400
2020-11-24,39.94263138,42.10138651,39.45353641,42.05079269,49842200
2020-11-25,41.48861873,42.66918827,41.38180384,42.44431686,36269100
2020-11-26,42.3993451,43.06271345,42.38810346,43.04584885,20359000
2020-11-27,43.2875755,44.28824863,43.15827306,44.09711075,48966700
2020-11-30,44.32759565,44.61430673,43.35503316,43.8497467,48594200
2020-12-01,44.87854837,45.81738204,44.55248499,45.67683792,61441200
2020-12-02,45.48006509,45.67682594,43.46184987,44.88415527,53703300
2020-12-03,45.53628658,45.56439712,44.19268538,44.38944626,35158600
2020-12-04,45.03032495,46.48074097,45.03032495,46.08721924,48656900
2020-12-07,46.33457362,46.65501397,45.91294136,46.6325264,27398500
2020-12-08,46.64376806,46.82928727,45.90731849,46.60441589,28598800
2020-12-09,46.7168529,47.12724351,46.22213927,46.49198151,26938500
2020-12-10,47.02605496,47.90867171,46.77307302,47.78499222,41230700
2020-12-11,47.57135865,47.94239276,47.44767918,47.70627975,25136800
2020-12-14,47.89741309,47.90865902,46.63251658,46.96982574,20931700
2020-12-15,46.96983661,47.99861609,46.96983661,47.50390244,18762800
2020-12-16,47.72876792,48.47646342,47.42519221,48.47084045,23038300
2020-12-17,48.62824879,49.44340269,48.44272959,49.02177048,21367800
2020-12-18,49.25788936,49.68514027,49.15107449,49.35908127,23843100
2020-12-21,48.43148662,49.13420696,47.66130358,48.83063126,31877300
2020-12-22,48.83063141,48.90371278,48.02671916,48.87560654,23157000
2020-12-23,48.64511747,49.2072938,48.57203609,49.11172485,17710200
2020-12-28,49.35346088,49.7975807,48.95431619,49.08361435,26001300
2020-12-29,49.45466343,49.58396162,48.63388632,48.94870377,19727500
2020-12-30,49.01615642,49.24102353,48.71258069,49.16231918,30102700
2021-01-04,50.23045269,51.42789098,49.94936453,51.41664505,37865500
2021-01-05,51.41664992,52.28240204,50.88820276,52.28240204,34300300
2021-01-06,53.39551882,54.16569778,53.06945546,53.99704742,53722500
2021-01-07,54.31186202,57.63994526,54.31186202,57.52188873,74541400
2021-01-08,57.90978692,58.10092482,55.20571577,57.34198761,58562700
2021-01-11,56.35818248,57.33074951,56.04898375,57.33074951,29267000
2021-01-12,57.62308206,57.69054477,55.75665655,55.76227951,28598500
2021-01-13,55.58238152,55.61048777,53.82276666,54.09261322,31658800
2021-01-14,54.65479069,55.57675965,54.36245656,54.98085403,20809900
2021-01-15,54.2949882,54.64353476,52.39482956,52.5915947,31712400
2021-01-18,52.78835835,53.76654397,52.5915975,53.01884842,22667600
2021-01-19,53.12566248,53.16501465,51.6640049,52.87830353,27155400
2021-01-20,53.4067604,53.48546476,51.06248574,51.90012741,20480000
2021-01-21,51.88887386,54.02514121,51.79892359,52.48477936,25983400
2021-01-22,51.71461089,52.73777187,51.15243444,52.37797928,25814300
2021-01-26,52.27677115,52.93452066,51.36042536,51.57967377,24921600
2021-01-27,50.81512085,51.25924069,49.58395325,50.14612961,32419700
2021-01-28,49.58395167,51.354808,49.52773489,51.21426392,35900800
2021-01-29,50.59024144,51.07371338,49.35345536,49.44340134,31481600
2021-02-01,50.60149441,51.30983353,49.79758206,51.30983353,27135500
2021-02-02,50.69705882,50.9219302,49.19604913,49.28037643,34426700
2021-02-03,49.94936491,51.39415788,49.80882083,50.83760452,34346400
2021-02-04,51.69211464,52.20932015,50.08428991,50.19672775,29939700
2021-02-05,50.7083091,52.15310226,50.34289787,52.10813141,27114800
2021-02-08,52.26552918,53.35615253,51.97319511,52.85019302,28164400
2021-02-09,53.18187589,53.53042674,51.90011465,52.98511505,32303400
2021-02-10,53.21561487,53.78340989,53.05820189,53.23809814,40318300
2021-02-11,53.6709866,53.6709866,52.33862686,52.33862686,19775900
2021-02-12,52.34987139,52.92328947,51.83266581,52.78274536,14760700
2021-02-17,53.97455727,54.373702,53.5135728,54.16569519,29262900
2021-02-18,54.73348244,55.31814628,53.980164,54.75597,33088500
2021-02-19,54.64916423,55.57113314,54.15445057,54.96398163,24966600
2021-02-22,54.25001544,55.38560973,52.8670622,53.60351181,50160600
2021-02-23,54.30061451,54.72786976,52.46229964,54.50299835,35756200
2021-02-24,54.60418559,55.21133706,53.89022354,55.05392838,21856100
2021-02-25,55.48680674,55.62735084,53.4179975,53.80590057,24471000
2021-02-26,54.27811945,54.92461871,52.85580991,53.13689804,42856000
2021-03-01,53.9689225,55.84097053,53.60913003,55.41371536,32798000
2021-03-02,54.81218923,57.44317449,53.37301928,57.11711121,47565800
2021-03-03,57.34199782,58.46635072,56.02088402,56.41440582,41473300
2021-03-04,55.88033127,57.05527781,54.82343697,55.57675552,48492500
2021-03-05,55.64822833,59.10274084,55.18410089,58.87361526,46503300
2021-03-08,58.28023151,59.88411491,58.1039835,58.55635834,39677300
2021-03-09,57.28146882,58.34484645,56.32971357,57.96884537,40537000
2021-03-10,57.28147253,57.48122115,56.23571918,57.07584763,31311800
2021-03-11,58.15684475,58.80897258,57.69859372,58.57397079,26203200
2021-03-12,58.16273158,58.42123404,56.81735068,57.22272873,21115500
2021-03-15,56.69398031,57.19335644,56.2592298,56.8819809,20059000
2021-03-16,57.01121984,57.48121896,56.41196503,56.69984436,19174300
2021-03-17,56.63522975,57.64573455,56.43547661,57.51648331,21424300
2021-03-18,57.39897029,57.73384641,56.12409143,56.49422073,19156100
2021-03-19,56.4589746,56.49422779,54.89622069,55.68347168,38643000
2021-03-22,54.94322126,55.13122184,53.96209335,54.76109695,21120800
2021-03-23,54.8374676,55.09597007,53.49796295,53.49796295,20518500
2021-03-24,54.05021673,55.60122259,53.93858985,54.72584534,24726000
2021-03-25,54.66121632,54.8080919,53.2335855,54.30871582,23644400
2021-03-26,55.07246248,56.24159525,54.86683758,56.1240921,26712800
2021-03-29,56.40022379,57.83960271,56.3238501,57.56348038,25960500
2021-03-30,57.52235099,57.86897519,56.74097188,57.02884674,18118600
2021-03-31,57.08759072,57.90421846,56.81146396,57.5575943,18792000
2021-04-01,57.86897821,58.0804794,56.47659611,57.21685028,17193400
2021-04-05,58.65035279,60.99448559,58.63272843,60.74185944,35908700
2021-04-06,60.98274178,61.42924031,59.95461273,59.95461273,22227800
2021-04-07,60.14261041,61.87574036,60.01335919,61.42923737,32822700
2021-04-08,61.6525035,61.86400472,61.17075171,61.39400101,25936300
2021-04-09,61.10025498,61.48800875,60.47750382,60.51275253,18854800
2021-04-12,60.45398674,60.8828609,60.04860872,60.74773788,14787500
2021-04-13,61.0414933,61.27061886,60.42461406,60.85349274,17605600
2021-04-14,61.08261962,63.32100212,60.96511646,62.86275101,38030200
2021-04-15,63.83800621,64.5547553,63.18587826,63.57362747,19378200
2021-04-16,63.82624772,64.10237451,63.15649547,63.84387207,17401500
2021-04-19,64.03775966,64.55476014,63.23875606,63.29163361,23297500
2021-04-20,63.42087263,63.65587445,61.69949068,62.36924744,20895800
2021-04-22,63.00374781,63.00374781,61.29999017,62.41037369,19799100
2021-04-23,62.95087429,63.5089997,62.54549625,63.44437408,12795400
2021-04-26,64.59587344,65.03062836,63.53837204,63.78512192,16807500
2021-04-27,63.96724892,64.9777536,63.75574774,64.695755,24113300
2021-04-28,64.95424671,66.05287752,64.23162146,65.75325012,20570600
2021-04-29,65.91190073,66.35839936,65.14814575,65.77089691,19724300
2021-04-30,65.20687977,65.54175591,64.04949951,64.04949951,36888200
2021-05-03,64.44901414,64.83089161,63.6030137,63.72051239,19641000
2021-05-04,64.00837716,65.25388372,63.83800543,64.68400574,20775600
2021-05-05,65.79438354,66.28201154,64.85438072,65.04238129,25990600
2021-05-06,65.76501514,67.68026959,65.4947646,67.59214783,38194400
2021-05-07,68.46752837,68.47340465,67.08689866,67.82714844,21678700
2021-05-10,70.38278311,70.76465605,67.38064575,67.38064575,38889400
2021-05-11,66.96352336,69.74828339,66.57576963,69.74828339,28693600
2021-05-12,69.32526832,69.59551882,66.95175859,67.16913605,31737900
2021-05-13,65.80026748,67.1045235,65.04826514,66.0881424,34338500
2021-05-14,65.3302476,65.67687625,64.40199746,64.95424652,25644200
2021-05-17,65.50650839,66.86951358,65.31263155,66.65801239,26097500
2021-05-18,67.30425816,67.79776239,66.49938292,67.32775879,27081500
2021-05-19,65.85900968,66.25851144,64.53125317,65.94713593,32914300
2021-05-20,65.62400611,65.85900793,64.74275264,65.2773819,20951000
2021-05-21,65.27738697,65.35963694,63.74400547,64.27275848,27775000
2021-05-24,63.45024131,64.70749573,63.16236647,64.49599457,19332500
2021-05-25,64.78975413,65.1481309,62.73349604,62.89212418,23310100
2021-05-26,62.49262902,64.8132616,62.29287589,64.7427597,28241800
2021-05-27,65.09525627,65.85313029,64.49012514,65.20687866,55448700
2021-05-28,65.27738858,66.24089211,64.28450814,65.55938721,25153500
2021-05-31,66.09401285,67.49814307,66.09401285,67.43351746,17812600
2021-06-01,68.73776712,69.3252694,66.50525665,66.50525665,31468400
2021-06-02,67.10451431,67.97401521,66.68151193,67.44526672,20338300
2021-06-04,67.26901279,67.43351271,66.02938258,66.32901001,18455100
2021-06-07,65.91777481,66.1821536,65.03652111,65.6827774,22746100
2021-06-08,66.08224809,66.25261978,64.44898824,64.57823944,22676500
2021-06-09,64.62525188,66.58750738,64.15524826,65.91775513,22517600
2021-06-10,65.92951925,66.6051479,65.23626625,65.70039368,30750900
2021-06-11,66.59338466,67.42176505,66.39950783,67.17501068,18359200
2021-06-14,67.50989736,67.72727036,66.45826761,66.81076813,19212700
2021-06-15,66.84015172,66.89302927,65.35964752,65.50652313,20587900
2021-06-16,65.50649983,65.58287351,63.46786634,63.53836823,38217700
2021-06-17,63.26224503,64.13175037,61.62898943,62.2164917,33680600
2021-06-18,62.86862809,64.09062958,62.58074871,64.09062958,59819400
2021-06-21,63.30336708,65.03062512,62.94499035,64.68987274,22673600
2021-06-22,65.03062783,65.84725563,64.73100042,65.44775391,18576100
2021-06-23,66.04112963,67.12213161,65.89425407,66.42887878,29491400
2021-06-24,66.93193815,67.05175719,66.06323411,66.51855469,23136700
2021-06-25,66.86004725,68.27992627,66.74022821,67.33933258,26139200
2021-06-28,67.8425913,68.11817882,65.90748635,66.26095581,18866400
2021-06-29,66.26094373,67.72875221,66.26094373,67.40523529,19589500
2021-06-30,66.99783711,68.46564087,66.90797055,67.84856415,18903100
2021-07-01,67.94442245,68.51356972,66.3567951,66.66832733,22129200
2021-07-02,67.09969384,68.07024463,66.84807109,68.04627991,19688800
2021-07-05,68.23799214,68.27393695,67.26744137,67.80064392,13732900
2021-07-06,67.99834667,68.50758448,67.50108894,68.16010284,19028000
2021-07-07,68.78317455,69.2444875,68.29790145,68.35781097,21460000
2021-07-08,67.11165731,68.60343021,66.80012511,68.0941925,21824500
2021-07-12,69.08271808,69.67583466,68.89699721,68.93893433,22333300
2021-07-13,68.95690999,69.44218763,68.8071339,69.34632874,12698500
2021-07-14,69.65185815,69.75370477,68.56148865,68.9688797,19483600
2021-07-15,68.8910135,69.59196912,68.59745362,69.18457794,18236100
2021-07-16,69.10069006,69.41821919,67.69878814,67.93843079,19576800
2021-07-19,67.09969774,67.19555664,66.02730023,67.19555664,18644300
2021-07-20,67.19553499,67.77067453,66.02727896,67.75868988,13066600
2021-07-21,67.5550134,68.81912405,67.39924498,68.53754425,19607100
2021-07-22,68.10617032,68.71725464,67.5130584,68.71725464,12083800
2021-07-23,68.07022936,68.59144715,67.57896403,68.36978149,13163300
2021-07-26,68.56148991,70.00532873,68.56148991,69.85555267,16419900
2021-07-27,69.31636775,69.52605792,68.2319904,68.4057312,22106500
2021-07-28,69.19655837,70.4546767,69.04678227,70.27494812,25209200
2021-07-29,69.71776485,70.43069582,68.7472143,69.23847961,30576800
2021-07-30,68.00433,68.00433,65.15858459,65.15858459,41956700
2021-08-02,66.44066554,66.72224529,65.26042938,65.26042938,23109400
2021-08-03,65.76968471,67.71677415,65.5659914,67.48312378,36641400
2021-08-04,67.0996845,67.8485649,66.8720265,67.41121674,18828200
2021-08-05,65.68580062,65.89548623,64.64336033,65.35030365,32215200
2021-08-06,65.81160728,66.43467631,65.60192169,65.72174072,19273100
2021-08-09,64.82308725,65.57196767,64.51155501,65.30836487,21502300
2021-08-10,65.27241751,66.34481485,65.20651566,65.93742371,17440500
2021-08-11,66.01529834,66.20101919,65.45813121,65.46411896,14680600
2021-08-12,65.42219543,65.88950068,65.20052974,65.42219543,14849500
2021-08-13,65.72174567,65.84156929,64.67930538,64.88300323,11855200
2021-08-16,64.24795024,65.24246567,63.45713267,65.18255615,21856700
2021-08-17,64.7691626,65.49407821,63.30135897,64.10415649,23402600
2021-08-18,63.34928239,63.34928239,61.95337296,61.95337296,35379200
2021-08-19,59.10763776,60.07818389,58.29285547,58.41866684,60456900
2021-08-20,58.46658329,59.37123201,58.3767213,58.44262314,31351100
2021-08-23,58.44861323,58.67028346,57.60987087,57.63383102,19773500
2021-08-24,59.5389888,60.67129566,59.37124032,59.73669434,29779200
2021-08-25,59.96435501,60.18602527,59.04173829,59.61088562,15088600
2021-08-26,59.60488954,59.79061499,58.85002136,58.85002136,18032300
2021-08-27,59.31732272,60.50953909,59.25142088,60.32381821,19572800
2021-08-30,60.40169219,60.8929575,59.88046983,59.94038391,13031600
2021-08-31,59.31133067,59.46709908,58.53249319,59.11961746,20433600
2021-09-01,58.32879432,59.66479433,57.34626364,59.22145844,20847500
2021-09-02,59.17352751,59.91042778,58.65830203,59.03573608,24448600
2021-09-03,60.00628835,60.4376396,59.01776535,59.07767487,38716500
2021-09-06,58.04723171,58.44264285,57.609888,58.14907837,11916100
2021-09-08,57.7955965,57.9513649,56.73517925,56.93887711,22635100
2021-09-09,57.01076809,57.34626504,55.81854723,56.73517609,28997700
2021-09-10,57.22045456,57.62784568,56.8010788,56.8010788,18022000
2021-09-13,56.73518024,56.91491337,56.27986422,56.77112961,18832800
2021-09-14,57.00477411,57.26238914,55.75863609,56.36972046,25571600
2021-09-15,56.24391304,56.57941458,54.96183014,54.96183014,35084400
2021-09-16,54.176998,54.176998,52.67324504,52.67923737,39726500
2021-09-17,52.89492164,53.1944738,50.9717973,51.61283875,74648800
2021-09-20,49.60583519,50.28881368,48.61131991,49.57587814,49636100
2021-09-21,50.74412922,50.74412922,49.43209399,50.39665222,32380300
2021-09-22,52.78109268,53.60785962,51.82851895,52.18798065,62161000
2021-09-23,52.37793688,53.13186135,51.33302729,52.18615341,47485400
2021-09-24,51.77612362,52.10679244,50.92299747,51.37932205,26631600
2021-09-27,51.98114039,52.46391911,50.59233227,52.11341095,38386300
2021-09-28,51.24044275,51.45207059,49.309333,49.50112152,35896000
2021-09-29,50.10955398,50.79073603,49.50112452,50.12939835,39704900
2021-09-30,51.18752984,51.80918374,50.08309729,50.42037582,39151000
2021-10-01,50.75767011,51.12801762,50.05003895,50.39393234,23191700
2021-10-04,50.65184784,50.9229987,49.89131359,49.92437744,25090000
2021-10-05,50.25504098,50.32778852,49.5672493,49.5672493,21889400
2021-10-06,48.97865675,51.10154965,48.88606989,50.96266937,27318400
2021-10-07,51.80917848,53.15169788,51.39253767,52.48374557,33115300
2021-10-08,53.87256579,54.12387228,52.63586253,52.80781174,37172600
2021-10-11,54.16354437,54.95714738,53.39639041,53.97837067,28327900
2021-10-13,53.43607765,53.43607765,52.35809418,52.3779335,32052800
2021-10-14,52.90039079,53.06572518,52.33164007,52.3779335,24030000
2021-10-15,52.56972658,53.53527891,52.44407586,53.35671997,26927200
2021-10-18,52.8474819,53.17153586,51.90176908,52.85409164,20912800
2021-10-19,52.72183035,53.06572365,52.12001075,52.2456665,20804500
2021-10-20,51.82903475,51.82903475,50.4468364,50.70475769,27576600
2021-10-21,49.26965335,49.70613861,48.24457801,49.70613861,37556500
2021-10-22,49.3820791,50.98912972,49.36223977,50.31456757,35142600
2021-10-25,51.0552582,51.29995492,50.50635186,50.92299271,17950000
2021-10-26,50.92961444,50.96929308,50.30795543,50.38070297,16674100
2021-10-27,50.2484384,50.74444165,49.23658752,49.23658752,20087300
2021-10-28,49.23658088,49.38869075,48.6413811,48.7405777,22719000
2021-10-29,48.29086263,48.38345452,46.96818761,47.35837936,30268500
2021-11-01,47.61631024,48.18506101,47.05417425,47.82793808,19649600
2021-11-03,46.69043771,46.88884103,44.05170187,44.19719696,77316900
2021-11-04,44.23687291,44.71965159,43.39697635,43.69457626,30122100
2021-11-05,43.93265264,44.08476249,42.32560223,42.39834976,35954600
2021-11-08,42.59014986,45.07016629,42.54385642,44.70642853,27722000
2021-11-09,44.4749551,44.508024,43.13905532,43.60860443,20961500
2021-11-10,42.72902952,43.83346228,42.59014921,43.44327545,22492600
2021-11-11,45.27516947,45.80424154,44.70641875,44.97756958,28795100
2021-11-12,44.42866492,46.02248608,44.31623873,45.16936493,24542500
2021-11-16,44.97096022,45.01725366,43.77394069,43.86652756,17207900
2021-11-17,44.30300658,44.77917048,42.98694611,42.98694611,25487600
2021-11-18,42.46449695,42.75548718,40.90373943,41.22118378,51343900
2021-11-19,41.84283205,42.85468034,41.53861735,42.34544754,26849500
2021-11-22,43.35068564,45.64552308,43.08614957,44.69981003,44693500
2021-11-23,46.69704849,47.59646803,45.77117483,45.87699127,30391600
2021-11-24,46.36638022,46.94174576,45.96957866,46.94174576,20764100
2021-11-25,47.14675537,47.14675537,46.16136382,46.6242981,17199200
2021-11-26,44.64029013,45.87037853,44.64029013,45.39421463,22664200
2021-11-29,46.47880562,46.69043345,45.73811074,45.9629631,18164000
2021-11-30,45.63229043,47.2525654,45.42727741,46.26055908,42668700
2021-12-01,47.15337074,47.58323613,46.27379057,46.44573975,28194700
2021-12-02,46.93512758,48.64798944,46.36637687,48.60169601,24888400
2021-12-03,48.33716597,49.16383803,46.95497272,47.53033829,34451500
2021-12-06,48.19167904,50.25504939,47.58985932,50.10955429,28848800
2021-12-07,51.76951058,52.78135638,50.32779429,50.47990417,37125100
2021-12-08,50.91638593,50.91638593,49.58710084,50.10294342,24281000
2021-12-09,49.52757184,50.22858808,49.23658169,49.71936035,16925200
2021-12-10,49.93098787,50.39392216,49.49450264,50.03018951,16827100
2021-12-13,51.25366686,52.06711437,51.18091931,51.49174881,31699100
2021-12-14,51.92821759,52.17291428,51.07509667,51.48512268,21063500
2021-12-15,51.63724018,51.70337293,50.39392228,51.1941452,22112200
2021-12-16,52.24567404,53.21122639,51.8885511,53.19800186,30125700
2021-12-17,52.8408796,53.35010737,52.29196813,52.35810089,38744500
2021-12-20,51.58433083,52.17953566,51.10816697,51.76950455,19195400
2021-12-21,52.77474855,53.16493536,52.34487805,53.13186646,19590300
2021-12-22,52.83425233,53.00620149,51.96790182,52.85409164,18655600
2021-12-23,52.87393472,52.94668225,52.11340057,52.34486771,13121200
2021-12-27,52.15970135,52.54327334,51.75628498,52.21260452,11371400
2021-12-28,51.92161846,51.93484299,50.63862185,50.95606613,18923700
2021-12-29,50.51296379,51.57110798,50.49312447,51.08832932,12113500
2021-12-30,51.57770827,52.23243601,51.32640185,51.55786896,26568500
2022-01-03,52.24566523,52.88716345,51.5843277,51.5843277,18557200
2022-01-04,51.9216194,52.29196686,50.8568654,50.97590637,18178700
2022-01-05,51.16769407,52.03404475,51.00896941,51.4586792,22039000
2022-01-06,52.00759033,53.13847706,51.7893477,52.49697876,22044100
2022-01-07,53.17155339,55.55236816,52.76813698,55.55236816,35213100
2022-01-10,54.55374572,55.73092602,54.42809498,54.89102936,25056700
2022-01-11,55.20846562,56.31289821,55.09603439,55.93593597,28418800
2022-01-12,57.1990916,57.25861461,56.16740649,56.54436874,27335400
2022-01-13,56.10787938,56.36580568,55.35395492,55.68462372,23154200
2022-01-14,55.36719152,56.16740951,54.83150961,56.00868988,21183400
2022-01-17,55.55235893,55.94916048,55.55235893,55.71769333,9688500
2022-01-18,55.93594758,57.45702136,55.86981482,57.08005905,24080200
2022-01-19,58.51515762,58.85905098,58.11835099,58.33659363,29332500
2022-01-20,58.72678369,58.83920988,57.29829199,57.34458542,22748800
2022-01-21,57.18586756,57.35781676,55.77721513,56.15418243,32752300
2022-01-24,55.35395366,55.52590285,54.28259001,55.46638489,29040100
2022-01-25,55.59204102,56.24676892,54.92409362,55.59204102,22490500
2022-01-26,56.80890989,57.24539015,55.43332625,55.75077057,25806800
2022-01-27,56.21369886,56.51791356,55.06958253,55.87641525,20994900
2022-01-28,56.59728183,57.10650964,54.77860314,55.32751465,28453000
2022-01-31,54.85134871,54.85134871,53.48237991,53.48237991,31397700
2022-02-01,53.89901417,56.43193838,53.8130421,56.4187088,24131300
2022-02-02,56.54436794,57.06682528,56.02852539,56.73615646,17489000
2022-02-03,57.07343541,57.39087463,56.42532236,56.70969772,19179400
2022-02-04,56.70970598,58.31014195,56.57744046,58.19771576,24535400
2022-02-07,58.29691938,59.67911275,58.29691938,59.6063652,24915800
2022-02-08,59.81799244,60.49917451,59.18972365,60.43965149,26598600
2022-02-09,59.52039605,60.71080599,59.07730098,60.45288467,24815300
2022-02-10,61.14064702,62.48316632,60.86288649,62.07975006,47888900
2022-02-11,61.74248202,61.76893613,60.57852637,60.82322311,34555300
2022-02-14,60.2544744,60.9554907,60.06268587,60.55868912,22804400
2022-02-15,58.87226809,59.48070249,57.99930271,58.75984192,29624900
2022-02-16,59.15003388,59.93041242,58.92517649,59.18971252,20774700
2022-02-17,58.75984046,58.85904211,56.45838861,56.64356232,36259300
2022-02-18,57.16602776,57.55621455,56.49807532,56.76261139,22690600
2022-02-21,57.2718409,58.19109986,56.54437048,56.80890656,14561000
2022-02-22,57.33135815,57.80090724,56.74276809,57.79429245,23591200
2022-02-23,58.25723107,58.42256548,56.57743788,57.18586731,24413800
2022-02-24,55.96238171,58.22415478,55.37379173,57.89348602,37212500
2022-02-25,57.21892661,61.11420969,56.27982843,61.02823257,51028300
2022-03-02,65.45258059,65.9353542,64.1894234,65.90229034,42191500
2022-03-03,66.2660326,66.96705397,65.80309825,65.93536377,38621400
2022-03-04,65.26079091,67.51594938,64.89044349,67.4365921,30533200
2022-03-07,69.07010683,70.03565921,68.69314457,69.48674774,55305300
2022-03-08,70.75650663,70.83586896,65.94858462,66.43797302,53060200
2022-03-09,65.78504594,65.79191504,63.56679855,64.68622589,41051200
2022-03-10,64.89911322,66.822052,64.61067397,66.822052,33107000
2022-03-11,66.91132973,67.58435988,66.4511997,66.47180176,24321500
2022-03-14,65.22876789,65.37985139,62.66713897,62.90750504,37172800
2022-03-15,61.11505132,61.5202443,59.94068696,61.10131836,47128500
2022-03-16,63.10665051,64.47330738,61.33480074,62.58470917,37906100
2022-03-17,63.80029511,65.22876366,63.57366202,64.76176453,40663500
2022-03-18,65.52407209,65.99106598,64.41838304,65.99106598,46080900
2022-03-21,66.84266323,68.28486489,66.71904564,67.85906982,25374600
2022-03-22,67.65303629,67.9620776,66.05974607,66.34131622,29489800
2022-03-23,66.95939983,67.94834034,66.12841714,66.23829651,26309600
2022-03-24,66.06661564,67.02808514,65.45539683,66.55422211,23122800
2022-03-25,67.0967521,67.50881415,64.76176177,65.40045166,22505500
2022-03-28,65.72322543,66.16275338,64.28789309,65.4759903,16274200
2022-03-29,65.47600268,65.69577194,64.1436856,64.91285706,38228800
2022-03-30,66.14902238,66.69156587,65.42791902,65.83998108,22007500
2022-03-31,66.21770185,66.54048137,65.48973459,65.65455627,17981400
2022-04-01,66.46493681,66.95940711,65.9773356,66.58855438,22457700
2022-04-04,66.45806459,67.47447631,66.30698111,67.26158142,16914000
2022-04-05,66.86326373,67.15170301,65.11888462,65.31804657,25764400
2022-04-06,65.46913207,66.42373243,65.46913207,66.30698395,22615800
2022-04-07,65.58587739,67.08989028,65.33864225,66.70529938,19946600
2022-04-08,66.36878798,66.89072942,64.98152877,65.34551239,26887400
2022-04-11,64.42525367,65.0433416,63.81403485,64.55574036,16515800
2022-04-12,65.31117471,65.66142539,64.03379483,64.12307739,16822600
2022-04-13,64.20549056,64.81670939,63.73849137,64.14368439,23674700
2022-04-14,64.0818782,64.55574653,62.74269194,63.24402618,24980700
2022-04-18,62.91436854,63.18220573,61.81554861,62.20013428,14812600
2022-04-19,61.59578456,61.59578456,59.63850552,60.21538925,34550900
2022-04-20,59.4805532,59.52175731,57.96280736,58.64957047,29635700
2022-04-22,57.1730383,57.27605383,54.99600014,55.25009918,39058200
2022-04-25,53.52632876,54.67322211,53.25162241,54.30923843,38943700
2022-04-26,54.30922166,54.47404332,53.46450082,53.56751633,37069400
2022-04-27,55.2569485,56.7952961,55.04405365,56.43131256,49408800
2022-04-28,58.38860028,58.75258915,55.51106627,57.82545471,56032800
2022-04-29,59.18524942,59.88574554,57.2005043,57.2005043,47492200
2022-05-02,57.11122279,57.13868871,55.38057682,56.94639587,31473600
2022-05-03,56.9670003,57.83232332,56.44506409,56.65795898,27364600
2022-05-04,56.26650694,56.43819774,54.83803829,56.18409348,34032200
2022-05-05,56.00552675,57.13868155,54.30922124,55.16767502,30906600
2022-05-06,54.39163893,55.55913942,53.73921604,54.77622986,25204100
2022-05-09,53.24474423,53.55379078,52.24893979,52.53050995,37050200
2022-05-10,52.37941638,52.83955161,51.41795228,51.87808228,31905000
2022-05-11,53.13486614,54.86550695,52.96317536,54.04139328,33933400
2022-05-12,52.91510413,53.49885178,52.10472338,53.49885178,27737200
2022-05-13,53.85596051,54.4946504,53.43017075,53.43703461,26086800
2022-05-16,54.03453106,55.38058636,53.92464643,55.03720474,23828800
2022-05-17,56.21156467,56.25963788,54.15814425,54.80370331,29305300
2022-05-18,54.05512516,54.42597788,53.1692001,53.41643524,30631700
2022-05-19,53.41643981,55.20202305,53.2035449,54.8380394,29984300
2022-05-20,56.3214421,56.63048339,55.33937067,55.80636978,38372000
2022-05-23,56.5206061,57.44773525,56.4999988,56.94639587,27632800
2022-05-24,56.19095742,57.74990737,55.62781188,57.71557236,35176800
2022-05-25,57.68811109,58.23752376,57.2829233,57.89414215,24607700
2022-05-26,57.79798464,58.13449709,57.07001219,57.8597908,27450600
2022-05-27,58.30618963,58.97921455,58.16883386,58.86933517,19834500
2022-05-30,59.25391808,60.02996372,59.06849435,59.50802231,16147900
2022-05-31,59.89948092,60.04370055,58.38173504,59.20584869,41369800
2022-06-01,59.1921218,60.97083597,59.06163512,60.59998322,26258900
2022-06-02,61.80868076,62.00097359,61.12191764,61.74000549,25142400
2022-06-03,61.46529471,61.67818958,60.68238523,60.75106049,18431900
2022-06-06,61.56145082,61.66446634,60.81288147,60.81288147,14932800
2022-06-07,60.59997465,62.41989791,60.51069733,62.23447418,27004800
2022-06-08,61.65758917,62.03531097,59.64537312,60.09177017,26959100
2022-06-09,59.74838105,59.74838105,57.99713331,58.0589447,36291100
2022-06-10,57.25545577,58.36800892,56.57555636,58.0727005,28689500
2022-06-13,56.3832512,56.91206174,55.00972496,56.23216248,31050500
2022-06-14,56.54120986,56.86398937,55.55226928,56.12228394,22634500
2022-06-15,56.38324855,57.53014165,55.9986629,56.08794022,33610300
2022-06-17,54.4946513,54.4946513,52.26954031,53.16233444,56914600
2022-06-20,51.91929172,52.31761559,50.99216254,51.85061646,26725700
2022-06-21,52.7434013,53.32027972,52.02916714,52.1939888,20981000
2022-06-22,50.82047138,52.22833789,50.39467636,51.74760056,32228300
2022-06-23,52.49618228,53.09366293,49.7422603,49.85900879,31943300
2022-06-24,49.98261856,51.42482005,49.85900099,51.24626541,22394300
2022-06-27,52.53737519,54.23368082,52.23519776,53.60186005,28825700
2022-06-28,54.94105344,55.09901128,54.10320154,54.5633316,26052000
2022-06-29,54.6732187,55.0028621,53.59500069,54.11007309,18636600
2022-06-30,52.87389495,53.60186747,52.31074936,52.57858658,27471300
2022-07-01,51.86434791,52.55798012,50.68311976,51.57590866,26721000
2022-07-04,50.82047146,51.51410369,50.53203221,51.2806015,12474200
2022-07-05,51.05396662,51.10890892,49.83839823,51.0265007,26472200
2022-07-06,51.26687043,51.8162778,50.50456291,51.50723648,23138800
2022-07-07,53.05932158,53.71861357,52.79834823,53.00437927,34251200
2022-07-08,52.76400416,53.47136923,51.71325758,51.78193283,24149200
2022-07-11,50.92348338,50.93035248,49.83152736,50.01695633,22076800
2022-07-12,49.44694547,50.25045708,48.80138645,50.16804886,22460000
2022-07-13,50.09936724,50.57323547,49.65983926,49.99635696,22980800
2022-07-14,48.41680218,48.64343528,46.39771684,46.66555405,57715800
2022-07-15,46.35650897,47.03640297,45.77276139,46.95399475,36589000
2022-07-18,48.341257,48.341257,47.18062561,47.20123291,22131300
2022-07-19,46.84411493,47.57208221,46.6930262,47.304245,21785500
2022-07-20,47.01580019,47.02953839,45.44998119,46.2809639,40427400
2022-07-21,46.22602749,47.12569081,45.76589742,47.09135056,26987300
2022-07-22,47.93607683,48.58849982,47.36606208,47.53088379,27884000
2022-07-25,48.5266849,48.91813967,48.10088987,48.40993118,19833200
2022-07-26,48.97994782,49.04862309,47.7849814,48.32065582,19791500
2022-07-27,48.05281399,48.49921105,47.59954784,48.43053055,21666900
2022-07-28,49.07609229,49.42634295,48.28631365,48.54728699,21778700
2022-07-29,47.84678727,48.29318437,46.72049613,47.90172958,77006600
2022-08-01,47.34544991,47.97040161,46.65181771,46.75483322,38874000
2022-08-02,46.9265219,48.39619446,45.99939281,48.24510574,32636900
2022-08-03,48.11462597,48.17643738,46.37024689,46.37024689,31934600
2022-08-04,46.47325826,46.73423159,45.88951066,46.10240555,40540800
2022-08-05,46.62434578,47.21496245,46.35650859,46.69989014,36129300
2022-08-08,47.26991545,47.48281038,46.53507899,47.09822464,35705300
2022-08-09,47.10507543,48.18329845,46.80290325,48.07341385,35174600
2022-08-10,48.57475669,48.62969376,47.46906767,48.10775757,30202200
2022-08-11,48.62283256,50.58010647,48.45114178,49.78345871,51158600
2022-08-12,49.68381129,50.42061996,49.33708233,50.42061996,35608400
2022-08-15,49.12038357,49.517683,48.42692,49.33709335,26735800
2022-08-16,50.20390415,50.81790763,49.92218484,50.43505859,22070200
2022-08-17,49.35153153,49.69826603,49.04091716,49.28652191,29131700
2022-08-18,49.33708677,49.56101613,48.9108924,48.91811752,27692000
2022-08-19,48.39802037,48.71585988,48.02239637,48.36912537,45903800
2022-08-22,48.25355049,48.33301037,47.55286186,47.66121674,19335700
2022-08-23,48.23909576,50.78180056,48.14519115,50.71678543,37223500
2022-08-24,50.40616861,50.74567794,48.98312167,49.0842514,28773800
2022-08-25,49.77050021,50.15334932,49.3009661,50.03776932,24956700
2022-08-26,50.31226964,51.43192199,49.28652191,49.28652191,28510100
2022-08-29,48.75918897,49.04813341,48.28965493,48.33300018,22128100
2022-08-30,47.63231388,48.09462281,46.51988131,46.93162537,34469300
2022-08-31,47.25668959,47.44450434,46.59212112,46.59212112,33242900
2022-09-01,46.216494,46.216494,44.71398983,46.15148163,40922200
2022-09-02,46.58489681,46.82327643,45.45079422,45.45079422,49910300
2022-09-05,46.55599788,48.0223901,46.39708366,47.11221695,24319700
2022-09-06,46.71491979,47.35059876,45.9347741,45.99256134,24525000
2022-09-08,46.35374142,46.73659052,45.91310507,46.59934616,24144700
2022-09-09,48.0729532,50.30503799,47.84901836,50.24002838,49273400
2022-09-12,50.63010131,50.99850566,50.03054798,50.68067169,24797600
2022-09-13,50.07388768,51.2874501,49.18538436,49.30096436,29457800
2022-09-14,48.93977903,49.82828224,48.0151612,48.39801025,31018300
2022-09-15,48.97590183,49.57545512,48.52803764,49.37319565,36958800
2022-09-16,48.60027578,49.73437832,48.10184668,49.30096436,65178000
2022-09-19,48.70862809,50.96960794,48.63639335,50.8973732,34136800
2022-09-20,50.42062315,50.63732738,49.40932019,50.16779327,35289700
2022-09-21,50.16778529,50.55785946,49.41653746,49.44542694,44482000
2022-09-22,50.68789513,51.07074426,50.0449965,50.57954025,34529500
2022-09-23,49.63324567,49.8788504,48.99757226,49.53211594,44160700
2022-09-26,48.90367124,50.14612882,48.86033149,49.64048004,18503200
2022-09-27,48.86032008,49.28651439,48.53526102,48.90365982,31646600
2022-09-28,48.9108868,49.72714981,48.71585246,49.36597061,24371000
2022-09-29,49.06981288,49.6838165,48.65084363,49.43099213,34889700
2022-09-30,49.47432556,52.65992877,49.30818622,52.0387001,55575000
2022-10-03,52.90553481,53.57732843,51.38135794,53.45452881,42688100
2022-10-04,53.59899809,55.07983521,53.49786834,54.74755096,41717500
2022-10-05,55.10872972,56.24283233,54.9859301,55.59270859,42621400
2022-10-06,55.76607838,56.03335303,54.11910175,54.34303665,76852200
2022-10-07,54.43692941,57.384153,54.29245993,54.54528427,83593200
2022-10-10,55.19541947,55.63605311,53.07890869,53.44730759,45515900
2022-10-11,52.8766322,53.58454585,52.0314742,53.08611679,33885800
2022-10-13,52.19039641,52.58769575,51.3235685,52.13983154,32960000
2022-10-14,52.45044288,52.99221167,50.27614259,50.44228745,34091700
2022-10-17,50.71678988,51.46081826,50.03055151,51.23688889,25840500
2022-10-18,52.22651982,52.60936893,51.09963685,51.98091507,27494000
2022-10-19,51.74253299,52.10371221,50.98405994,51.36690903,22651000
2022-10-20,51.2730059,52.86941743,50.79624667,52.02425385,37240700
2022-10-21,51.86534774,53.94573845,51.60529821,53.54843903,36846800
2022-10-24,52.92719757,53.4184015,51.41747116,51.95923996,32035800
2022-10-25,51.72808549,52.92719757,51.22965643,51.95923996,28158100
2022-10-26,51.48971039,54.06852989,51.37413591,53.11501694,40845700
2022-10-27,52.00981073,52.09649573,50.15334965,51.22244263,52613000
2022-10-28,49.54656407,49.87885381,48.14519241,48.72307587,52793500
2022-10-31,47.67565366,50.13167329,47.32891921,48.49191666,39184100
2022-11-01,50.1677937,51.14298205,49.80661446,49.96553421,42670000
2022-11-03,48.8603208,49.07703052,48.09462267,48.50636673,34390300
2022-11-04,51.3958022,53.01388351,51.14297786,52.19039536,61191100
2022-11-07,52.00980962,52.75383795,51.60529064,51.915905,29445500
2022-11-08,51.75698495,54.12631983,51.75698495,53.49064636,39756500
2022-11-09,53.5267611,54.01796508,52.38543341,52.84052277,42208500
2022-11-10,51.64862288,54.51638645,51.56193789,53.85181808,47658100
2022-11-11,56.33674226,59.94853505,55.77330347,59.45011139,80174100
2022-11-14,59.51510766,60.99594457,58.78552413,60.17967606,43822500
2022-11-16,60.18690483,61.23432236,58.90110769,59.55123138,32935300
2022-11-17,58.41713211,60.16523831,58.32322198,60.02798843,31790500
2022-11-18,60.93094437,61.03207413,58.29433449,58.38824463,44324400
2022-11-21,57.13855086,57.92592441,56.54621716,57.73088455,27745900
2022-11-22,57.75255878,58.84332164,57.34803979,57.88980865,27105100
2022-11-23,58.46046448,58.7710788,57.74533122,58.46046448,22415800
2022-11-24,58.87943916,59.51511261,58.22931545,58.8360939,12420900
2022-11-25,59.23339015,59.86906358,58.27987726,58.438797,20477000
2022-11-28,58.22208705,59.47898914,57.44193864,58.72774124,16166300
2022-11-29,59.847396,61.89167172,59.68125664,60.99594879,42574300
2022-11-30,61.40047904,62.57070192,61.22711452,61.91335297,59932800
2022-12-01,62.42621406,62.66459366,61.20543206,62.25284958,34319300
2022-12-02,62.6718153,63.37972343,61.37879312,62.7007103,30213600
2022-12-05,63.49530854,64.2826766,62.61403035,62.63570023,21896500
2022-12-06,62.8379656,64.23934288,62.75850572,63.54587936,21335700
2022-12-07,62.05781807,62.42621691,60.57698102,61.28488922,45441000
2022-12-08,61.76165761,63.02578511,61.65330273,62.03615189,29827900
2022-12-09,63.61086981,64.67996251,63.22802079,64.10207367,37713000
2022-12-12,63.67590174,63.78425661,61.67496564,62.18783951,34995000
2022-12-13,62.51546433,63.34900496,62.06607582,62.45023346,31559400
2022-12-14,62.15306008,63.29827231,61.97185582,62.97935104,34564000
2022-12-15,63.34174973,63.90710604,62.97934127,63.18228912,24782100
2022-12-16,63.05907211,63.2910133,61.25427953,62.102314,37762100
2022-12-19,61.60943645,62.02983158,61.05857406,61.8776207,27508500
2022-12-20,61.87763243,63.24028647,61.83413965,62.15306091,22657300
2022-12-21,62.9865872,63.34899564,62.20378366,62.50820541,39183700
2022-12-22,62.53721306,62.80539735,61.38475662,62.15306091,19429200
2022-12-23,61.81238618,62.71115761,61.66742501,62.56619644,18656500
2022-12-26,62.63867614,63.45047307,62.57344527,63.13880157,18407500
2022-12-27,63.78389696,64.97984613,63.39974483,64.64643097,26720300
2022-12-28,64.64643921,65.38575022,64.29127485,64.50147247,23314500
2022-12-29,64.50871007,65.19728398,64.38549251,64.42173004,40110800
2023-01-02,64.27677586,65.16105354,64.1680522,64.79864502,12783800
2023-01-03,64.79863633,65.29875626,64.42897814,64.68266296,25332600
2023-01-04,64.72616442,64.97984928,63.74765698,64.79864502,26395300
2023-01-05,64.84211853,66.45121292,64.50870343,65.88585663,29085600
2023-01-06,65.95834387,67.21952384,65.95834387,66.92959595,31420600
2023-01-09,66.34248917,67.40072117,66.13954133,67.0020752,19285800
2023-01-10,67.03830074,68.06029502,66.92957712,67.82835388,19821100
2023-01-11,68.12554298,68.48070727,66.87161277,67.58917999,23834100
2023-01-12,67.75589513,68.35024484,67.36449329,67.94434357,18058600
2023-01-13,67.90809513,68.33573444,67.66890424,68.00231934,16905800
2023-01-16,66.68316038,66.96583856,65.83512587,66.86436462,19563900
2023-01-17,67.05282353,67.57469267,66.55994774,66.77738953,18719500
2023-01-18,67.45146346,68.29950349,67.34274534,67.65441132,16737300
2023-01-19,67.98783635,68.40098181,67.63992176,67.94434357,21712500
2023-01-20,68.06031082,68.54593683,67.77038294,68.12554169,27103900
2023-01-23,68.38648778,68.64017264,67.91535559,68.35025024,13534300
2023-01-24,68.35748522,69.07505798,67.55293795,69.07505798,17439800
2023-01-25,69.00256954,69.87235318,68.69089804,69.72738647,18282900
2023-01-26,69.94484084,71.03206635,69.86511053,71.03206635,26876000
2023-01-27,70.92333206,71.24225327,68.73438747,69.0895462,34682400
2023-01-30,69.50994703,69.79987492,68.2705107,68.84311676,23820000
2023-01-31,68.35748233,68.77062776,68.02406721,68.50244904,20658600
2023-02-01,69.00257404,69.00257404,66.3859843,67.74139404,28818100
2023-02-02,66.45847703,66.6541752,64.40724346,64.61019135,37844400
2023-02-03,65.05956331,65.79162436,64.28400948,64.47245789,22545600
2023-02-06,63.92884988,63.96509293,62.81263669,63.66791534,17888700
2023-02-07,63.48671088,64.27676419,63.05182183,64.08831024,16259700
2023-02-08,64.58119171,64.77689539,63.49396624,64.30576324,14411000
2023-02-09,64.30576503,64.90736447,63.39974378,64.0665741,19782200
2023-02-10,63.91435747,64.47246408,62.59519087,62.91411209,18099100
2023-02-13,62.27627468,63.13880867,61.82689168,62.84888077,13798500
2023-02-14,63.05907306,63.58094214,62.71840822,63.13155365,20072400
2023-02-15,63.13155937,64.6826673,62.74015753,64.50871277,28465800
2023-02-16,64.71891156,65.42198495,64.43623337,64.64643097,28740800
2023-02-17,64.94360367,65.05232733,63.45048238,63.80564117,26381400
2023-02-22,63.09531204,64.11005126,62.74739751,63.32000351,16864400
2023-02-23,63.05908166,63.83463566,62.00809917,63.02283859,21485100
2023-02-24,62.37050591,62.68217744,61.35576099,61.63843918,17183900
2023-02-27,61.29052458,61.88487431,60.63094398,61.63843918,14422200
2023-02-28,61.65293092,62.69666915,61.13106181,61.84138489,21127300
2023-03-01,63.61718278,65.1248034,63.42148463,64.65367126,30916600
2023-03-02,64.65367396,65.3350037,64.08831758,64.50871277,21740900
2023-03-03,65.30600071,65.4509674,64.37098625,64.72615051,19783400
2023-03-06,63.37075428,63.71141917,62.42124572,62.44298935,27298600
2023-03-07,62.95035216,63.34900371,61.46448071,61.84863281,20898200
2023-03-08,62.04433561,62.63144115,61.89937442,62.41399384,22274800
2023-03-09,61.70366211,62.68941356,61.47897064,61.594944,24439300
2023-03-10,61.3195177,62.46472989,61.08032676,61.39199829,21820200
2023-03-13,61.15281133,62.33426103,60.92087011,61.6456871,23460200
2023-03-14,61.56986927,62.48096977,61.40690673,62.20690155,18077900
2023-03-15,60.74025016,61.54764833,59.33285299,60.33284378,34103400
2023-03-16,60.16247665,60.85136018,59.78470035,60.55506516,20573400
2023-03-17,61.41431162,61.85134234,61.20690117,61.28097916,39906400
2023-03-20,61.27357448,62.21430505,60.5995032,61.78468323,19650900
2023-03-21,61.64393529,61.80689781,60.39950092,61.26615906,15692200
2023-03-22,60.74025452,61.29580563,60.45136839,60.5032196,18085500
2023-03-23,60.38469149,60.87357911,58.37730109,58.94766998,26000100
2023-03-24,59.02914255,59.15506608,57.84396266,58.27359009,27801900
2023-03-27,58.89581301,59.31803153,57.79952325,58.1772995,14202900
2023-03-28,58.31064315,59.18471042,58.21434401,58.79212189,13866800
2023-03-29,59.25136949,59.88099288,59.14025815,59.63655472,17345200
2023-03-30,60.51802813,60.70321182,60.1106274,60.60691833,14249000
2023-03-31,60.44395152,60.86617008,59.19211369,59.47359085,22468400
2023-04-03,59.11063647,59.54766727,58.82175037,59.48840714,13510200
2023-04-04,59.22914357,59.3921061,57.59212062,57.80693436,20485600
2023-04-05,57.59212571,57.59953464,56.22176758,56.95509338,25382600
2023-04-06,56.79212689,57.40693804,56.50324082,56.85138702,13976800
2023-04-10,56.85138029,57.96989112,56.8143413,57.94766998,13849000
2023-04-11,59.62914147,61.44393916,59.3032164,61.00690842,34226000
2023-04-12,61.29579731,61.33283631,59.4735906,59.70321655,32702000
2023-04-13,59.25876754,59.79950628,58.49581181,58.89580917,21361900
2023-04-14,58.59211018,59.11062783,57.77730318,58.37729645,22693200
2023-04-17,58.87359837,59.58470303,57.36990214,57.68101501,21479200
2023-04-18,58.36248316,58.46618556,57.52545505,58.1772995,15193400
2023-04-19,57.25879946,57.49583436,55.56991945,56.4810257,31128000
2023-04-20,56.22176258,56.63657219,55.20695405,55.30325317,31112800
2023-04-24,53.48103935,53.73289207,53.02919076,53.30326462,29754000
2023-04-25,52.74030448,52.74030448,51.63661145,51.85142517,31799200
2023-04-26,52.59216091,52.91067704,52.05142212,52.05142212,25907200
2023-04-27,51.62920361,53.16993306,51.24402407,53.15512085,31717800
2023-04-28,53.05881971,53.64400074,52.63660119,53.62918854,33277500
2023-05-02,52.81438336,53.03660037,51.34772625,51.51068878,37367900
2023-05-03,51.80698345,51.91068585,51.00698867,51.11069107,19958300
2023-05-04,51.14773106,51.35513586,49.41440899,49.52552032,35996200
2023-05-05,50.14033294,51.29587725,49.79959566,51.14032364,27107300
2023-05-08,52.36993769,52.7106806,51.74031437,51.82920456,24917600
2023-05-09,51.48106129,52.37734959,50.87365907,52.36253738,18717400
2023-05-10,52.51068063,52.63660417,50.88106661,51.37735748,24792600
2023-05-11,50.36995618,50.58476991,49.89588646,50.37736511,27709000
2023-05-12,50.29588202,50.79217286,49.93292364,50.42921448,17578100
2023-05-15,51.33292033,51.94772588,51.05143751,51.15513992,21020000
2023-05-16,51.11069012,51.25883479,50.07366049,50.10329056,23990300
2023-05-17,51.19958838,52.02920769,50.96995676,51.76254272,30913100
2023-05-18,51.76253472,52.08845977,51.19958046,51.8366127,23710600
2023-05-19,52.2217991,52.30328038,51.20699047,51.26625061,33892200
2023-05-22,50.6662496,51.03661691,50.19958316,50.44402695,18936200
2023-05-23,49.99959136,50.14033276,49.26626561,49.30329895,39413300
2023-05-24,48.7255247,48.7255247,48.01442011,48.18479156,33304700
2023-05-25,48.74034146,48.74034146,47.98478897,48.03664017,36934900
2023-05-26,49.44403795,49.65885168,48.82182356,49.13293076,38181700
2023-05-29,49.88107092,50.14773586,48.69589655,48.76256561,17320700
2023-05-30,49.12552513,49.12552513,47.31072454,47.61442566,39920700
2023-05-31,47.61442066,48.05145703,47.04405467,47.26627731,103408900
2023-06-01,48.10330717,48.71811259,47.51812615,48.26626968,51982400
2023-06-02,50.36995802,50.51810269,49.90329721,50.32551575,39185700
2023-06-05,50.71810163,50.72551056,49.35514696,49.91069794,21478500
2023-06-06,50.22181213,50.65884286,49.92551713,50.0736618,31884200
2023-06-07,50.07366696,50.87366183,49.92552227,50.8662529,27377500
2023-06-09,51.60698012,51.70327924,50.55513831,50.63661957,30056800
2023-06-12,50.22180889,50.22180889,49.4069963,49.71810913,26651200
2023-06-13,50.59218001,50.79217588,50.08107128,50.24403381,34288100
2023-06-14,51.1032824,51.56253993,50.73291508,51.12550354,53775600
2023-06-15,51.18476777,51.59217413,50.63662567,51.52550507,31874100
2023-06-16,51.40699111,51.9995755,51.2662497,51.606987,39953600
2023-06-19,51.59217373,51.59217373,50.87366016,51.40699005,14894300
2023-06-20,51.11069455,51.12550675,49.85885109,50.08107376,35748700
2023-06-21,49.68107209,49.88106795,49.42181609,49.57736969,27336800
2023-06-22,49.38477943,50.2662555,49.11071122,49.31070709,21394900
2023-06-23,48.88848731,48.96255965,48.36997531,48.81441498,23510900
2023-06-26,48.56255861,49.11070629,48.38478389,48.91811371,15030400
2023-06-27,49.55515473,49.8366319,49.22182071,49.50330353,22737400
2023-06-28,49.46626122,49.49589128,47.94034958,47.94034958,37628600
2023-06-29,47.94034691,48.83663515,47.66627306,48.52552795,24841800
2023-06-30,48.67367368,48.93292968,47.56998062,47.56998062,42992000
2023-07-03,47.93294089,49.25885666,47.88108969,49.05886078,22738400
2023-07-04,48.76996706,49.22922458,48.74034264,48.81441498,12573200
2023-07-05,48.59960225,48.78478591,48.15516257,48.38478851,27363600
2023-07-06,47.9403467,48.58478222,47.7329419,48.03664017,18579200
2023-07-07,47.76257424,48.59219346,47.63664505,48.48849106,57287600
2023-07-10,47.77738702,48.28849576,47.65146348,47.74775696,36698500
2023-07-11,48.20700951,49.63662753,48.0588592,49.31811142,35550200
2023-07-12,50.36995541,50.42921554,49.62922077,49.66625977,22864300
2023-07-13,50.53292558,50.96255309,50.31070289,50.82181168,24187200
2023-07-14,51.25143919,51.32551153,50.56255564,50.82181168,20342500
2023-07-17,50.61440141,50.61440141,49.65144408,50.25884628,15322300
2023-07-18,50.1699621,50.56995385,49.8366281,49.94033051,16950600
2023-07-19,49.99218671,50.34774188,49.5995982,49.80700302,14512600
2023-07-20,50.48106984,50.73291692,49.88847983,49.91810989,20992700
2023-07-21,49.95514447,50.49587758,49.61440723,50.22180939,24852700
2023-07-24,50.14773385,52.08846068,50.0069981,51.74031448,30616400
2023-07-25,53.11067754,53.82178784,53.05142305,53.34030914,31556700
2023-07-26,53.14771192,53.51807925,52.40697726,53.15512085,19066400
2023-07-27,52.74030879,52.76993885,51.91809281,52.16253662,28254500
2023-07-28,51.86624173,51.86624173,50.09588623,50.09588623,45938800
2023-07-31,50.36995876,51.61439327,50.2514385,51.22921371,26065700
2023-08-01,50.94032311,50.96995317,50.29588753,50.51810455,30015700
2023-08-02,50.17736721,50.19218507,49.55515277,49.69588852,29547300
2023-08-03,49.51811237,50.28847711,49.25144743,50.00699997,35512300
2023-08-04,49.77737191,50.61440578,49.74774749,50.04403687,22954300
2023-08-07,50.11070332,50.49588287,49.54033444,50.29588699,23057700
2023-08-08,49.62181685,50.48107183,48.95515448,49.96996307,43405600
2023-08-09,49.96996464,50.30329866,49.35515345,49.518116,21859000
2023-08-10,49.48848099,49.76255485,48.84404545,48.93292999,28372300
2023-08-11,49.02922774,49.16996348,48.31812316,48.52552795,42335100
2023-08-14,48.05888704,48.10467299,47.23476028,47.23476028,41056900
2023-08-15,47.27290944,47.28053898,46.65481225,46.76927567,28611000
2023-08-16,46.84557992,47.25764469,46.54797855,46.58613205,30508600
2023-08-17,47.76128163,47.92916053,47.0974014,47.24238586,39481200
2023-08-18,46.7006041,47.37211687,46.56324916,46.71586609,34201900
2023-08-21,46.92189626,47.11266669,46.56324692,46.77690887,17695300
2023-08-22,47.34158588,47.96731259,47.33395343,47.75365067,30995800
2023-08-23,48.26491411,48.585407,48.10466766,48.10466766,19128500
2023-08-24,47.83758481,47.83758481,47.18133707,47.46367645,17821500
2023-08-25,47.8223269,47.90626635,47.23475658,47.36447906,11395300
2023-08-28,47.63919249,48.28018126,47.51709953,48.04362488,14173600
2023-08-29,48.36411553,49.6231985,48.24965212,49.57741547,28625700
2023-08-30,49.76055802,50.26419475,49.39428206,49.58505249,21812600
2023-08-31,50.03526628,50.49311413,49.66135788,49.66135788,31011100
2023-09-01,50.88991775,52.65263452,50.84412889,52.56869507,57288600
2023-09-04,52.86629858,53.45387475,52.56106474,52.95787048,22397800
2023-09-05,52.64499961,53.04180532,52.33213917,52.72893906,19253500
2023-09-06,52.76710125,53.10285324,51.79798422,51.88192368,28466500
2023-09-08,50.89754944,51.00438041,50.54653254,50.90518188,19989200
2023-09-11,51.9658588,52.02690673,51.53853494,51.63773346,19493800
2023-09-12,51.8895516,52.08795446,51.46222774,51.59958267,14201300
2023-09-13,51.63773372,51.72167316,51.24093382,51.40118027,15448400
2023-09-14,52.88156691,53.93461761,52.69079647,53.5072937,62390300
2023-09-15,54.17879575,54.35430708,53.06469727,53.06469727,37901700
2023-09-18,53.06471078,53.45388414,52.3092614,52.43898392,21849000
2023-09-19,52.40081493,52.84340368,52.04979808,52.53816986,43870300
2023-09-20,52.86629534,53.24020372,52.68315738,52.88918686,14372200
2023-09-21,52.11847851,52.24056854,51.50801086,51.50801086,21686000
2023-09-22,52.18715445,52.55343621,51.83613759,51.88955307,17063700
2023-09-25,51.1341096,51.14936867,50.18788404,50.82124329,34715000
2023-09-26,50.13446464,50.56179434,49.8826521,50.02763367,24178800
2023-09-27,50.43969426,50.50837464,49.83685908,50.13446045,17109300
2023-09-28,50.44732947,51.15699565,50.33286606,50.89754486,26072300
2023-09-29,51.36302217,51.62247295,51.15699269,51.56905746,19018000
2023-10-02,51.56906432,51.6758953,50.83650657,51.11884308,11175900
2023-10-03,50.42443226,51.09594196,50.41679982,50.80597305,15268800
2023-10-04,50.66863071,50.95859969,50.00474747,50.2641983,14377000
2023-10-05,50.26419115,50.70677409,50.1039447,50.28708267,11556300
2023-10-06,50.27945171,51.46985728,50.22603623,51.01964188,22711400
2023-10-09,50.15736382,50.65336227,49.897913,50.65336227,14392200
2023-10-10,51.17225722,51.48512351,50.89754734,50.95859528,18261700
2023-10-11,50.98148303,51.45459575,50.88991696,51.40118027,13659400
2023-10-13,51.2790827,51.35539552,50.71440393,50.81360245,16302700
2023-10-16,51.43170709,51.69878452,51.26382819,51.35540009,13103300
2023-10-17,51.12647102,51.92770909,50.81360475,51.77508926,24031000
2023-10-18,51.30960661,51.35539547,49.85212374,49.87501526,34907300
2023-10-19,49.82923811,50.09631554,49.15772247,49.15772247,22855500
2023-10-20,48.31833553,48.43279896,47.31106787,47.82996368,58015100
2023-10-23,47.60866647,48.02073129,47.39500453,47.73839188,17595000
2023-10-24,48.83722701,49.0432565,48.50910166,48.82959747,21768800
2023-10-25,49.37138383,49.7376656,48.64645854,48.78381348,26091800
2023-10-26,48.6846134,49.88265438,48.53962892,49.82923889,30936700
2023-10-27,49.95895404,51.70641162,49.37901038,51.56142426,47989100
2023-10-30,52.19478777,52.56869617,51.92007791,52.02690887,26604100
2023-10-31,51.71404068,52.83577163,51.56142668,52.65263367,20961400
2023-11-01,52.85103223,53.94986576,52.84339979,53.65989685,31543500
2023-11-03,54.36956968,54.64427955,54.12538378,54.33141327,28599600
2023-11-06,54.33141405,54.78926772,54.33141405,54.56034088,19096300
2023-11-07,54.04907207,54.25510155,52.83576928,53.47676086,37073000
2023-11-08,53.50728884,54.07196765,53.27836201,53.51491547,21047900
2023-11-09,53.79725981,54.28563163,53.58359786,53.77436829,16542700
2023-11-10,54.48403588,54.73585424,54.10249502,54.5984993,22200500
2023-11-13,54.94187566,55.31578402,54.12537858,54.48402786,14410500
2023-11-14,54.95714156,56.69697273,54.86557548,56.17044449,52233600
2023-11-16,55.78127554,56.72749529,55.71260098,56.5443573,31235400
2023-11-17,56.64355364,56.96404654,56.5443493,56.65118027,24538600
2023-11-20,57.84159623,58.49021452,57.5592539,58.03999329,28810100
2023-11-21,58.97858101,59.94006551,58.64282322,59.44406128,45317800
2023-11-22,59.66562824,59.83868706,58.37556106,58.87900162,33715300
2023-11-23,58.50141921,58.69807585,58.27329679,58.50928116,10279200
2023-11-24,58.60368381,58.60368381,57.73839572,58.01371384,16667000
2023-11-27,57.76985257,58.10023426,57.34507353,57.66758728,17312300
2023-11-28,56.85736571,58.02943758,56.76297436,57.79345322,22019000
2023-11-29,58.05304935,58.21037228,57.19562318,57.77772522,15853100
2023-11-30,58.21823221,58.55648186,57.99010979,58.09236908,29712900
2023-12-01,58.78460245,59.37457234,58.54074414,59.17004776,25025200
2023-12-04,58.39915663,58.60368122,57.45520712,57.84065247,22402300
2023-12-05,57.60466611,57.71479335,57.05402391,57.30574417,25179500
2023-12-06,57.81705515,58.14743688,56.7315126,56.92816925,20503900
2023-12-07,57.17989605,57.48667998,56.96750348,57.10909653,17535800
2023-12-08,57.50240283,57.62826597,56.896703,57.26641846,16083200
2023-12-11,56.70005366,57.6125375,56.44833336,57.31362152,15443400
2023-12-12,57.89571335,58.09236999,57.10908679,57.41587067,11036300
2023-12-13,57.03043089,57.67546448,56.8809699,57.4237442,25288200
2023-12-14,58.21036662,58.41489121,57.70692609,57.73839188,29454300
2023-12-15,58.25755789,58.44635257,57.8249169,58.10023499,23279500
2023-12-18,58.25756176,58.94192904,57.98224366,58.37555695,16333400
2023-12-19,58.76099547,59.06777931,58.50141329,58.7845993,21763700
2023-12-20,58.78460463,59.31951092,58.59580994,58.59580994,14147900
2023-12-21,59.35096293,60.60957004,59.24870365,60.54663849,24202600
2023-12-22,60.6724988,61.5141889,60.01173543,60.09039688,26277000
2023-12-26,60.69611637,60.92423282,60.30280304,60.30280304,12149500
2023-12-27,60.45224833,61.00289051,60.45224833,60.88489532,13821200
2023-12-28,60.57023906,60.93208652,60.37358243,60.72756195,16545800
2024-01-02,61.04221817,61.49846301,60.24772369,60.60957718,18021800
2024-01-03,60.34212136,60.49158233,59.66562206,60.29492569,25315100
2024-01-04,60.12186481,60.28705565,59.28017467,59.48469925,18707000
2024-01-05,59.02059182,59.03632771,58.30476474,58.72167587,21082500
2024-01-08,58.16316258,58.65086715,57.82491296,58.42274475,23013300
2024-01-09,58.28902267,58.33622434,57.5417299,57.68332291,15257400
2024-01-10,57.25854789,57.25854789,56.59777846,56.81803894,21354600
2024-01-11,56.99108787,57.35294134,56.51911316,57.11695099,20289100
2024-01-12,56.79444003,57.18775334,56.35393104,56.39326477,16343400
2024-01-15,56.02355004,56.40112747,55.61450083,56.28313828,12745700
2024-01-16,56.32246158,56.47192254,55.26838485,55.55157089,22620300
2024-01-17,55.27624627,55.42570724,54.27723317,54.55255127,43086400
2024-01-18,55.2211826,55.37851152,54.27723312,54.27723312,30490600
2024-01-19,54.67054565,54.6784136,53.52993955,53.56926727,60583000
2024-01-22,53.09729211,53.47487549,52.79050823,53.33328247,23318900
2024-01-23,54.23789842,54.88293195,53.84458514,54.43455505,33886800
2024-01-24,55.29984313,55.7167542,54.86719617,54.98519135,36922100
2024-01-25,55.06386233,55.38638212,52.98716857,53.63220215,47637000
2024-01-26,53.41195361,54.91440747,53.09730173,54.67055511,27397200
2024-01-29,54.66267759,54.66267759,53.67153246,54.41095734,15866100
2024-01-30,54.59188621,54.74920913,53.40407839,54.10417557,34371300
2024-01-31,53.569269,53.9468524,53.30181885,53.30181885,34753400
2024-02-01,53.38835207,53.70299793,52.82197993,53.05796432,21060300
2024-02-02,52.90850525,52.91636719,51.84656057,51.98028564,32589900
2024-02-05,51.83869,52.07467436,51.406043,51.53190613,24103300
2024-02-06,51.97242219,52.63319169,51.74429974,52.44439697,27505600
2024-02-07,52.56239127,52.75117998,52.31067099,52.54666138,19863400
2024-02-08,53.08942732,53.08942732,51.89375753,52.08254623,25812100
2024-02-09,51.99601655,52.3814619,51.42964444,51.85442352,18534800
2024-02-14,51.90948431,52.02747949,51.53190692,51.69709778,12497900
2024-02-15,51.52403818,51.81509216,51.1621907,51.53190613,17360200
2024-02-16,52.30279665,53.74232465,52.18480147,53.4906044,40947100
2024-02-19,52.73544459,53.16808559,52.42079277,53.08942413,12571600
2024-02-20,52.03534008,52.20053091,51.28017942,51.92521286,44417200
2024-02-21,51.61843768,52.4129262,51.60270179,52.31853485,20362800
2024-02-22,52.57811891,53.33328573,52.54665913,52.87704086,35910500
2024-02-23,53.68726262,54.33229616,52.89276812,53.00289536,42133700
2024-02-26,52.34213505,52.350003,51.48470893,51.72069931,33864400
2024-02-27,52.31066539,53.23101701,52.20053815,53.08156204,28141800
2024-02-28,52.54665617,52.87703788,52.17694073,52.4994545,20331500
2024-02-29,52.35000576,53.08156878,52.30280408,52.6961174,20717000
2024-03-01,52.61744894,52.75117401,52.20840578,52.60958099,22423300
2024-03-04,52.66464903,52.86130569,52.22414005,52.49159622,13148000
2024-03-05,51.91735355,52.14547598,51.60270173,51.79935837,24436500
2024-03-06,52.09041309,52.76691243,52.05107936,52.50732422,33510700
2024-03-07,53.06582397,53.22315288,52.27919746,52.32639313,19036200
2024-03-08,52.0746678,52.68824147,51.83868347,51.92521286,23188200
2024-03-11,50.95766705,50.95766705,50.12384482,50.31263351,58622400
2024-03-12,51.24830661,51.42088675,49.85122259,49.99914932,44680100
2024-03-13,49.80192037,50.4511541,49.54716008,50.319664,32769200
2024-03-14,50.21282319,50.2456965,49.44853609,49.67864609,30085800
2024-03-15,49.39100816,49.50606472,48.7828677,49.11159134,57064200
2024-03-18,49.71151838,50.13064204,49.317045,50.04846191,21371000
2024-03-19,50.73057042,50.99355062,50.37719021,50.45937347,16888900
2024-03-20,50.46758745,50.804531,50.06489729,50.79631424,18210000
2024-03-21,51.30583548,51.47019887,50.61551177,50.67303848,18445500
2024-03-22,50.54155466,50.59086463,50.07312099,50.08955765,11058400
2024-03-25,50.147079,50.39362251,49.84300876,49.98271561,10478200
2024-03-26,49.56359171,49.73617186,48.97188477,49.34991837,27142700
2024-03-27,49.14446381,49.85944093,49.05406379,49.80191422,23927000
2024-03-28,49.8183568,50.20461032,49.36635979,49.99094009,18467000
2024-04-01,50.62373032,50.87027698,50.13064328,50.31144333,16740100
2024-04-02,50.43471501,51.33871212,50.37718829,50.90314865,22583000
2024-04-03,50.4347102,50.65660029,49.76082316,50.17173004,22319900
2024-04-04,50.04845939,50.36896626,49.44853259,49.61289597,22990500
2024-04-05,49.53893687,49.70330026,48.98832311,49.07050323,15379000
2024-04-08,50.21282069,51.88110479,49.96627718,51.74961472,40281300
2024-04-09,52.2920137,52.48924726,50.96067307,51.40445328,37026100
2024-04-10,51.22365655,51.32227333,50.48402286,50.62372971,21206800
2024-04-11,50.77987944,51.04285962,50.40184581,50.83740616,16338700
2024-04-12,51.60991249,52.08656605,50.46759166,50.64839172,25740900
2024-04-15,51.19900468,51.6510017,50.91958784,50.94424438,28567300
2024-04-16,50.23747683,50.62372717,49.88409665,50.49223709,29973800
2024-04-17,51.80714137,52.16052155,50.91958099,51.04285431,34220700
2024-04-18,51.5195023,51.54415884,50.87848858,51.23186874,19932500
2024-04-19,51.14969121,52.22626526,51.02641789,52.07012177,32882400
2024-04-22,51.79892833,52.25092848,51.19900457,52.04547501,27171200
2024-04-23,51.49485474,51.84823494,50.9606745,51.59347153,23160500
2024-04-24,52.23448563,52.6700428,51.8975421,52.23448563,25212800
2024-04-25,51.51129244,51.80714593,50.8784954,51.13325882,27231000
2024-04-26,51.13325882,51.13325882,51.13325882,51.13325882,0
2024-04-29,51.6756541,52.55499464,51.60990748,52.51390457,18487200
2024-04-30,52.18517628,52.38241297,51.71674266,52.01259613,15597400
2024-05-02,52.34954518,52.80154219,51.95507489,52.5303421,17852900
2024-05-03,52.73579134,52.9412448,52.06190426,52.58786774,23681200
2024-05-06,52.77688041,53.1713475,52.55499032,52.74400711,13423600
2024-05-07,53.21244549,53.56582569,52.84263178,53.07273865,21315200
2024-05-08,52.30845091,52.78510443,52.25914095,52.58786774,18245800
2024-05-09,52.51390606,53.36037332,52.41528615,53.01521301,19672800
2024-05-10,53.21244139,53.37680163,52.72757427,52.83440781,13705000
2024-05-13,53.17135141,53.45899126,52.91659113,53.146698,14504100
2024-05-14,52.98233599,53.21244285,52.61251602,53.11382294,13313500
2024-05-15,52.965901,53.12204764,52.15230703,52.95768738,21292100
2024-05-16,53.40146745,53.55760782,52.9330338,53.34394073,16647700
2024-05-17,53.62335476,54.52734876,53.55760815,54.38764191,32338800
2024-05-20,54.35476381,54.7327974,54.00960352,54.3629837,22222300
2024-05-21,54.85607421,55.1437078,54.15753369,54.20684052,23042800
2024-05-22,54.23970895,54.52734251,53.48364178,53.77949524,17404000
2024-05-23,53.59869885,53.74662559,53.0727385,53.458992,16445800
2024-05-24,53.41789978,53.96029993,53.33571965,53.48364639,11731900
2024-05-27,53.34394467,53.6644516,53.17957812,53.6644516,5119400
2024-05-28,53.64800849,53.65622839,52.06190747,52.50568771,22173900
2024-05-29,52.13587211,52.37419889,51.74962171,51.97151184,16496900
2024-05-31,51.68386956,52.14408642,51.60168943,51.93863297,23383600
2024-06-03,51.6427796,51.65099635,50.69769247,50.8456192,18846500
2024-06-04,50.45115488,50.45937477,49.88410442,50.32788467,19865100
2024-06-05,50.21281964,50.27856624,49.56358915,49.61289597,18000800
2024-06-06,49.94162571,50.40184257,49.60468217,50.30322266,17888300
2024-06-07,49.87588172,50.02380846,49.5307214,49.64577484,14822100
2024-06-10,49.80191788,50.38540809,49.63755761,50.18817139,14762900
2024-06-11,49.63755404,50.16351436,49.07050052,50.11420441,24588400
2024-06-12,50.26213198,50.50045874,49.23486473,49.42388153,21969600
2024-06-13,49.57181326,50.17173702,49.48963312,49.99094009,13692600
2024-06-14,50.00736854,50.03202509,49.52249828,49.81835175,12282100
2024-06-17,49.34170742,49.67865099,49.17734401,49.62112427,13976100
2024-06-18,49.5964596,50.03202302,49.48962606,49.85122299,12239900
2024-06-19,49.72796076,50.19639759,49.6129073,50.00737762,8744100
2024-06-20,50.17173674,50.6401704,49.98271992,50.45937347,19497200
2024-06-21,50.15530036,50.42650045,49.91697672,49.99094009,39134100
2024-06-24,49.69508173,50.19638865,49.63755501,50.04846191,13669000
2024-06-25,50.12243061,50.16352068,49.53894037,49.84301376,13962500
2024-06-26,50.18817339,50.60730022,50.05668329,50.45937347,17096700
2024-06-27,50.50046225,50.59086227,50.01559195,50.59086227,13755300
2024-06-28,50.68947859,51.40445576,50.65660528,51.13325882,22429400
2024-07-01,51.53594778,52.04547465,51.44554775,51.889328,20236800
2024-07-02,51.8400168,52.05368701,51.33048997,51.71674347,24335300
2024-07-03,52.1523002,53.28640093,52.14408344,52.74400711,29884200
2024-07-04,53.12204713,53.17135395,52.45637991,52.48103333,7984300
2024-07-05,52.02081715,52.47281415,51.93041713,52.26736069,13138400
2024-07-08,51.84001561,51.97150569,51.50306895,51.85644913,18662500
2024-07-09,51.74961657,51.96328678,51.53594323,51.79070663,9794400
2024-07-10,51.50307384,51.56882045,50.82096995,51.0921669,17384000
2024-07-11,51.29761783,51.51950794,50.82096744,50.96067429,13413600
2024-07-12,51.00998608,51.70852661,50.91958606,51.70852661,13141700
2024-07-15,51.60991323,51.92220339,51.29762306,51.76605988,10198000
2024-07-16,51.19079002,51.23188009,50.43471958,51.22366333,22363900
2024-07-17,50.8538345,50.96888792,50.607291,50.74699783,23145000
2024-07-18,50.70591488,50.87849503,50.17995452,50.27035141,20625500
2024-07-19,50.2950061,50.44293284,49.67042585,50.22925949,20553900
2024-07-22,50.22925675,50.35253007,49.90874989,50.17173004,13095200
2024-07-23,49.80191492,49.80191492,49.3088279,49.4978447,22512000
2024-07-24,49.5224974,49.92518754,49.48140734,49.80191422,17817300
2024-07-25,49.71973692,50.28678734,49.52250022,49.77726364,17959500
2024-07-26,50.50046627,50.73879306,50.13886614,50.51690292,72721200
2024-07-29,50.6976967,50.78809672,50.25391959,50.6072998,28005900
2024-07-30,50.15529501,50.22104162,49.47319119,49.48962784,28562300
2024-07-31,50.05668471,50.68948179,49.93341137,50.64839172,34433100
2024-08-01,50.82918699,50.84562364,49.48963263,49.51428604,40469400
2024-08-02,49.83479388,50.00737404,48.7828731,48.82396317,35296000
2024-08-05,47.96684161,48.88682195,47.61758931,48.57164383,24635900
2024-08-06,48.33313397,48.99756443,47.95832438,48.81867981,23930200
2024-08-07,48.81868562,49.05719849,48.57165259,48.72498322,19243400
2024-08-08,48.58016472,48.98052834,48.40128009,48.42683411,14584800
2024-08-09,48.65682856,48.69090275,48.12869161,48.60572052,21989300
2024-08-12,48.63978847,48.64830864,48.14572574,48.35868454,18421500
2024-08-13,48.54609268,48.54609268,48.14572906,48.14572906,26100900
2024-08-14,47.66869986,47.77943935,47.25981933,47.70277405,51693500
2024-08-15,47.61759295,48.00943639,47.43870507,47.8986969,28153700
2024-08-16,47.66018412,47.77944054,47.30241162,47.77092361,44280200
2024-08-19,48.14572753,48.99756276,48.00943402,48.53757095,28349600
2024-08-20,48.87831384,49.05719849,48.39276795,48.72498322,19475800
2024-08-21,49.61940382,49.88347392,49.49162723,49.66199493,23200300
2024-08-22,49.61088808,49.7301445,49.27866959,49.7301445,17719100
2024-08-23,49.62791935,49.73014192,48.7675672,48.89534378,24018700
2024-08-26,49.83236216,49.87495327,49.44903564,49.44903564,17168700
2024-08-27,50.85456463,51.22937097,50.33494461,50.93974686,35232600
2024-08-28,50.57345963,50.68419912,49.98569445,50.57345963,21280300
2024-08-29,50.60753067,51.08455957,50.34346058,50.51382828,19175500
2024-08-30,50.36049935,50.88011938,50.32642841,50.75234604,36685200
2024-09-02,50.10494551,50.15605679,49.76421013,50.03680038,13155000
2024-09-03,49.3638544,49.3638544,48.10313859,48.17128372,29504400
2024-09-04,48.29905998,48.92941626,48.10313826,48.54609299,19501800
2024-09-05,48.46090599,49.09978242,48.32461248,48.89534378,16585500
2024-09-06,48.98052906,48.99756616,48.19684215,48.28202438,17917900
2024-09-09,48.64831382,48.84423554,48.27350421,48.28202438,10204400
2024-09-10,48.41831579,48.46942707,47.64314584,47.70277405,17580600
2024-09-11,48.33313507,49.10830504,48.3075778,49.05719376,25592400
2024-09-12,49.4916286,49.8664382,49.37237218,49.50014877,17929800
2024-09-13,49.49162772,50.25828076,49.43199951,49.83236313,15045100
2024-09-16,49.77273492,49.87495424,49.47459388,49.83236313,10548000
2024-09-17,49.72162634,49.87495696,49.32126596,49.593853,12056600
2024-09-18,49.05718996,49.55125269,48.93793355,49.01459885,14429800
2024-09-19,49.89199152,50.13050436,49.55125612,49.6023674,19328400
2024-09-20,49.15941391,49.54274044,48.51202052,48.85275269,30842600
2024-09-23,48.63127429,49.28718782,48.21387359,49.00608063,18164700
2024-09-24,51.28900263,51.74047755,50.80345677,51.39974213,44910100
2024-09-25,51.72343643,52.17490807,51.46788327,51.62973404,21557700
2024-09-26,53.32487843,54.84114394,53.19710511,54.73040771,61449300
2024-09-27,55.11373946,55.40336683,53.81043253,54.48338318,37237900
2024-09-30,55.64187868,55.64187868,54.10005569,54.10005569,28980300
2024-10-01,54.09154108,54.73041755,53.79340003,54.36412811,18091500
2024-10-02,54.87522459,55.66743162,54.49190133,54.66226578,20310600
2024-10-03,54.20227799,54.34708842,53.18007503,53.61450958,26675400
2024-10-04,53.5974702,53.6741355,53.06933328,53.22266388,16268300
2024-10-07,53.58043731,54.29597904,53.18859064,53.69117355,22467400
2024-10-08,51.80010019,52.06416702,51.66380668,52.06416702,38028100
2024-10-09,51.68083872,52.01305717,51.32306951,51.9278717,22758400
2024-10-10,52.34527538,52.34527538,51.74899007,52.17490768,17192100
2024-10-11,51.95342704,53.04377499,51.94490687,52.92451859,20939400
2024-10-14,53.08637325,53.25674095,52.24305816,52.75415802,44954000
2024-10-15,52.04713372,52.1323192,51.59566207,52.10676193,25559300
2024-10-16,52.75416029,53.13748682,52.45601923,53.10341263,29731800
2024-10-17,51.9789863,52.23453622,51.65528801,51.75750732,20345200
2024-10-18,52.12379878,52.36231486,51.50195942,51.57862473,21823500
2024-10-21,52.26008915,52.28564642,51.34010881,51.39122009,19044900
2024-10-22,51.23789012,51.67232465,51.02493131,51.45936584,14814000
2024-10-23,51.01641502,51.0249352,50.38605873,50.55642319,18289900
2024-10-24,50.54789967,50.85456085,50.43716018,50.85456085,11331700
2024-10-25,51.59565732,53.21414548,51.55306621,52.58378601,38466000
2024-10-28,53.23970197,53.56340027,52.97563188,53.56340027,16572400
2024-10-29,53.87857855,54.04042608,53.36747871,53.37599564,14941700
2024-10-30,53.23970349,53.40155102,52.91600519,53.21414948,12263300
2024-10-31,53.10340769,53.31636649,52.64341589,52.86489487,16553300
2024-11-01,52.93303879,53.1885887,52.63489777,52.8393364,15236400
2024-11-04,53.1545212,53.55488156,52.91600511,53.38451385,12360000
2024-11-05,53.62302899,53.7593225,52.77971067,52.91600418,16368800
2024-11-06,52.21749809,52.49860527,51.74047245,52.31971741,19726800
2024-11-07,52.83081979,54.50893619,52.8137827,54.14264679,38173300
2024-11-08,52.8052669,52.85637493,50.85456346,51.64677048,48764700
2024-11-11,50.89715773,50.99937706,49.96014023,49.96014023,24483700
2024-11-12,49.9005084,49.90902533,48.7249749,48.82719421,26967600
2024-11-13,48.82719622,49.16793162,48.6483116,48.69090271,20354900
2024-11-14,48.69090291,48.84423351,48.41831589,48.41831589,17967600
2024-11-18,48.63127364,49.21903878,48.52905432,49.02311707,14300000
2024-11-19,49.23607705,49.38940765,48.94645293,49.13385773,12902100
2024-11-21,48.98052909,49.23607902,48.73349607,49.08274841,15428500
2024-11-22,48.92941678,49.63644161,48.76756924,49.55977631,12590500
2024-11-25,49.55977444,49.88347275,49.50866316,49.55125427,17444500
2024-11-26,49.65347727,49.82384497,48.68238561,48.92089844,21406600
2024-11-27,49.29570242,49.76421114,49.06570653,49.5171814,22121200
2024-11-28,49.32126201,50.08791178,48.78460489,49.00608063,20467000
2024-11-29,49.61940541,50.43716651,49.53422318,50.07087708,31023600
2024-12-02,50.13050012,50.58197499,49.99420662,50.19012833,18972100
2024-12-03,50.51383004,50.56494133,49.80680847,49.80680847,15957500
2024-12-04,49.74717582,49.81532094,48.52053108,48.83571243,25109200
2024-12-05,48.94645224,49.23607635,48.44386932,49.23607635,14160000
2024-12-06,48.95497622,49.11682376,48.34165376,48.39276505,17897900
2024-12-09,49.83235914,51.27195946,49.72161965,50.96530151,40440600
2024-12-10,50.88863818,51.05900263,50.50531168,50.9141922,13089300
2024-12-11,50.68419367,50.76085897,49.78976737,50.12198257,30138500
2024-12-12,49.33176119,49.57240287,48.70436832,48.73874664,28841800
2024-12-13,48.54107532,48.73874574,47.87071449,48.00822449,18532800
2024-12-16,47.99963065,48.59264521,47.56131853,47.98244476,18958500
2024-12-17,48.02541308,48.47232139,47.82774267,48.2230835,22987600
2024-12-18,47.93087201,48.01681453,47.06283754,47.10581207,34658200
2024-12-19,47.28629587,47.41520964,46.06589177,46.21199799,29529900
2024-12-20,45.91118977,46.94251633,45.83384348,46.94251633,64919500
2024-12-23,46.98548716,47.46677376,46.75344172,47.14018631,18587900
2024-12-26,47.14019233,47.61288604,46.75344769,47.27770233,13155800
2024-12-27,47.03705426,47.33785961,46.80500555,47.04565048,16635300
2024-12-30,47.18316392,47.43239854,46.88235855,46.88235855,11250900
2025-01-02,47.01987165,47.35505208,46.60734163,46.62453079,17623900
2025-01-03,46.32372558,46.40966809,45.44709812,45.75649643,23608700
2025-01-06,45.96275882,46.22918587,45.10332054,45.17207718,21689500
2025-01-07,45.23224046,45.45569298,44.63922591,44.73376465,22070200
2025-01-08,44.7165728,44.94002859,44.20091114,44.30404282,24423800
2025-01-09,44.73376134,44.90564965,43.95167264,44.02902222,15865200
2025-01-10,44.29544844,44.95721629,44.0290214,44.27825928,25833900
2025-01-13,44.69079097,44.95721802,43.71962478,44.26966476,30845300
2025-01-14,44.64782019,45.06035018,44.37280019,44.56187439,21379000
2025-01-15,44.81111438,45.27521187,44.37280227,45.20645523,35137700
2025-01-16,44.94002882,45.78227795,44.69079093,45.26661301,220262800
2025-01-17,45.67914409,46.83079147,45.53303789,46.83079147,54658700
2025-01-20,46.59874461,46.83079334,46.20340051,46.65890503,12317600
2025-01-21,46.65890573,46.68468783,45.76508912,46.42685699,28798700
2025-01-22,46.65030755,46.65890377,45.05175187,45.25801849,34645400
2025-01-23,45.50725974,45.54163806,44.55328268,44.96581268,25097300
2025-01-24,45.20645293,45.71352165,45.20645293,45.57601166,20520600
2025-01-27,45.4556912,46.39247908,45.1806712,46.37528992,24531300
2025-01-28,46.0573025,46.22059461,45.15489286,45.24943161,22932900
2025-01-29,45.37834167,45.98854208,45.23223874,45.37834167,19220300
2025-01-30,45.80805971,47.7847671,45.79087055,47.29488754,40562400
2025-01-31,47.26051329,47.44958749,46.40966794,46.55577087,25477600
2025-02-03,46.17761894,46.65030934,45.83384559,46.59014893,27216400
2025-02-04,46.52139573,47.01986824,46.24637574,46.42685699,32648700
2025-02-05,46.33231743,46.80500783,46.28934617,46.67609406,21674800
2025-02-06,47.6128814,47.81914475,47.24332268,47.38083267,32789000
2025-02-07,47.52693485,47.93946482,46.89095238,47.1230011,24395500
2025-02-10,47.1573762,47.61288071,47.1315941,47.61288071,15566300
2025-02-11,47.19176043,47.43240213,46.74485209,47.40662003,18198300
2025-02-12,47.27769723,47.51834218,47.01127347,47.08862305,35432600
2025-02-13,47.14018842,47.26910547,46.52139509,47.14878464,21749900
2025-02-14,47.45818034,47.96524903,47.26910288,47.84492493,49803200
2025-02-17,47.8191459,48.05978757,47.50974759,47.58709717,12391400
2025-02-18,47.78477003,48.10276457,47.70742044,47.90509415,27608200
2025-02-19,47.52693735,47.89649609,47.02846485,47.86211777,26472500
2025-02-20,48.81609591,49.98493255,48.54107591,49.62397003,76934000
2025-02-21,49.76147943,49.98493195,49.46927027,49.98493195,37134700
2025-02-24,49.93336032,50.33729734,49.40050953,49.52942657,19081700
2025-02-25,49.24581189,49.36613272,48.89344233,49.04814148,19554800
2025-02-26,49.30597022,49.58099019,48.74733734,48.74733734,25399100
2025-02-27,48.51529248,48.97938995,48.13713753,48.38637543,18658000
2025-02-28,48.07697931,48.24886763,47.39802551,47.39802551,46789400
2025-03-05,48.25745924,48.31761966,47.60428433,47.77617264,13843400
2025-03-06,47.8191437,48.57545028,47.74179412,48.3004303,17678400
2025-03-07,48.11135236,49.28878183,47.74179365,49.00516891,25480600
2025-03-10,48.42638028,48.71213405,47.55125892,48.21206665,23626600
2025-03-11,48.29243641,48.86394397,47.6941371,48.61390686,23060100
2025-03-12,48.66748728,48.66748728,47.46196373,48.00667953,18825700
2025-03-13,48.11384056,49.25685571,47.95310363,48.6674881,20584600
2025-03-14,49.29257645,50.37308318,49.25685637,50.26592636,31789300
2025-03-17,50.26592219,51.11425518,50.13197363,50.98923492,23191800
2025-03-18,51.07853836,51.40001222,50.5606075,51.36429214,18165300
2025-03-19,51.21248547,51.39108244,50.76599474,51.2749939,23211900
2025-03-20,50.93566085,51.33750317,50.70348377,51.11425781,17283200
2025-03-21,50.85529379,51.30178452,50.74813698,51.30178452,30524100
2025-03-24,51.74827423,52.00723966,50.86422112,51.03388977,18646500
2025-03-25,51.18569602,51.56967832,50.99817074,51.20355606,15615800
2025-03-26,51.25713599,51.82864357,51.24820427,51.51609802,29401600
2025-03-27,51.79292367,52.194766,51.44466146,51.92687225,15345300
2025-03-28,51.88222036,52.13225748,51.40001297,51.40001297,31146000
2025-03-31,50.6499096,50.91780336,50.03375021,50.63204956,20469300
2025-04-01,50.98923832,51.73041454,50.85529315,51.06960678,12354800
2025-04-02,51.08746657,51.16783504,50.54274736,50.83743286,13197700
2025-04-03,50.00695656,50.39986713,48.89965816,48.99788666,32351100
2025-04-04,47.52447383,47.79236758,46.07784143,47.04226303,45819600
2025-04-07,46.1760691,47.75664664,45.69385831,46.47968292,35942800
2025-04-08,46.74757813,47.15835219,43.77395163,43.93468857,46815300
2025-04-09,43.89003926,46.48861512,43.55070535,46.30108643,56491900
2025-04-10,46.5243336,47.54233535,45.952826,47.13156128,38010400
2025-04-11,46.93510312,48.35494367,46.93510312,47.91738129,22129900
2025-04-14,48.5781891,49.00681976,48.39066042,48.54246902,19994800
2025-04-15,48.56032969,48.80143508,47.80129346,48.05133057,17471900
2025-04-16,47.79236571,47.89952253,46.81008411,46.93510437,23105900
2025-04-17,47.13155934,47.61377014,46.93510574,47.22085953,23172400
2025-04-22,47.47088939,48.47995929,47.11369548,48.06025696,16780900
2025-04-23,49.02468128,49.42652019,48.57819057,48.63176727,18377400
2025-04-24,48.62283971,49.71227475,48.49782286,49.39080429,19621700
2025-04-25,48.66748686,48.77464367,47.8995223,48.08704758,26162200
2025-04-28,48.13169702,48.38173071,47.89059164,48.25671387,12001900
2025-04-29,48.40851953,48.52460806,48.07811737,48.07811737,11816200
2025-04-30,46.97082203,47.55126133,46.62255982,47.20299911,18774400
2025-05-02,47.56019236,47.82808953,46.92617632,47.14942169,17135800
2025-05-05,47.23872066,47.39945759,47.08691204,47.29229736,12201600
2025-05-06,47.31908606,47.84594522,47.25657423,47.32801437,12065000
2025-05-07,47.81915584,47.81915584,47.02440289,47.23871994,11240100
2025-05-08,47.23872117,47.59591171,47.03333243,47.09584427,15414600
2025-05-09,47.32801555,47.3994557,46.89045315,47.28336716,15558800
2025-05-12,48.72106831,49.29257588,48.47103119,48.47103119,26482400
2025-05-13,48.65856096,49.4979623,48.33708709,49.26578522,21187200
2025-05-14,49.56046472,49.73012995,48.97109717,49.02467728,16297800
2025-05-15,49.11397724,49.69441651,48.97110035,49.51581955,13955400
2025-05-16,49.29257495,49.7122739,48.94431274,49.55154037,18163800
2025-05-19,49.11397728,49.53367963,48.99788874,49.41759109,14475200
2025-05-20,49.40866086,49.58725441,49.19434383,49.42651749,10499200
2025-05-21,49.24792578,49.38187095,48.61390639,48.79250336,14486300
2025-05-22,48.7746462,48.79250623,48.19421029,48.42638397,18476000
2025-05-23,48.22099822,48.61390883,47.85487597,48.50675201,14747300
2025-05-26,48.16741482,48.30136339,48.04239797,48.22992325,7194500
2025-05-27,48.22099425,48.40851953,47.88166038,48.07811737,17943000
2025-05-28,47.98882692,48.03347531,47.49768437,47.69414139,17700600
2025-05-29,47.97989211,48.11384069,47.62270158,47.7298584,10246100
2025-05-30,47.64056081,47.67628089,46.47968556,46.52433395,28286100
2025-06-02,46.95296441,47.10476961,46.66720722,46.93510437,19267700
2025-06-03,46.37252248,47.00653843,46.31894237,46.90830994,12824900
2025-06-04,46.98868249,47.62270191,46.98868249,47.12263107,11714700
2025-06-05,47.3280148,47.91738239,47.21192626,47.24764633,12594000
2025-06-06,47.46196257,47.74771634,47.06904858,47.31015396,16638900
2025-06-09,47.229785,47.58697891,46.98867961,47.58697891,13029200
2025-06-10,47.59590935,48.10490849,47.42624411,47.9084549,18890600
2025-06-11,48.05132969,48.05132969,47.31908522,47.48875046,13639700
2025-06-12,47.23871692,47.36373377,46.85473465,47.1762085,11136800
2025-06-13,46.49754446,46.89045508,46.39931595,46.55112457,13264900
2025-06-16,46.71185883,48.26564457,46.71185883,48.06919098,41210000
2025-06-17,47.89059634,48.12277002,45.88138807,45.90817642,43657300
2025-06-18,47.89059564,48.12276932,45.61349365,45.75637054,20499000
2025-06-20,45.75636765,45.79208432,44.57762909,44.57762909,39947200
2025-06-23,44.66693014,45.1402092,44.4972649,45.1402092,17288800
2025-06-24,45.30987978,45.31880809,44.77408887,45.13128281,18576300
2025-06-25,44.87231625,45.18485838,44.39903719,45.07770157,23319900
2025-06-26,45.39917362,46.70292562,45.39917362,46.43503189,40488400
2025-06-27,46.60470165,47.40838633,46.35466793,47.21192932,26016900
2025-06-30,47.14049309,47.35480674,46.82794753,47.01547623,19961900
2025-07-01,46.97081879,47.96202866,46.88152202,47.64948654,21844300
2025-07-02,48.05133362,49.73906803,48.04240189,49.38187408,63100200
2025-07-03,49.56047082,49.89980472,48.95324315,49.14970016,18256300
2025-07-04,49.14076722,49.29257584,48.89073351,49.29257584,5449600
2025-07-07,49.15862725,49.27471579,48.3995944,48.56925964,13174500
2025-07-08,48.68534582,49.64083564,48.54246894,48.73892593,26632000
2025-07-09,48.84608143,48.84608143,47.99774845,48.25671387,12209400
2025-07-10,49.41758997,51.00709574,49.29257312,49.36400986,46597200
2025-07-11,49.29257733,50.20341883,49.12290868,50.00696182,18313200
2025-07-14,49.88194221,49.9265906,48.99788912,49.43545151,15141300
2025-07-15,49.0514664,49.43544865,47.79236281,48.140625,25029100
2025-07-16,48.3102965,48.68535049,48.14063124,48.57819366,26394100
2025-07-17,48.57819179,48.92645401,48.32815467,48.4888916,20252800
2025-07-18,48.26564689,48.91752294,48.19421014,48.72106934,23714000
2025-07-21,49.51582154,50.73920516,49.41759303,50.05160904,40484000
2025-07-22,50.85529641,51.76613794,50.81957633,51.34643555,40945900
2025-07-23,51.30178566,51.703628,50.89994332,51.2749939,17914800
2025-07-24,50.84636212,51.15890767,50.26592623,50.48023987,21651200
2025-07-25,50.16769391,50.25699069,49.355081,49.73906326,21918900
2025-07-28,49.06039801,49.3997319,48.79250426,49.25685501,19175100
2025-07-29,49.60511545,49.73906402,48.90859105,48.95323944,14648700
2025-07-30,48.50674802,48.83715018,47.62269837,48.07811737,35607800
2025-07-31,47.33694626,47.8816655,46.76543867,47.7387886,20790000
2025-08-01,48.43531171,49.02467928,47.83701241,47.99774933,40510900
2025-08-04,48.56926205,48.57819377,48.05133456,48.38173676,16198100
2025-08-05,48.37280202,49.08718988,48.31922531,48.31922531,21037600
2025-08-06,48.67641793,48.76571812,47.97989348,48.01561356,17954300
2025-08-07,48.31029242,48.65855803,48.13169886,48.36387253,20298800
2025-08-08,48.39959542,49.7390676,48.3906637,49.46224213,24205600
2025-08-11,49.54260988,49.99803232,49.38187294,49.4086647,22304000
2025-08-12,49.96231386,50.15876746,49.73906849,49.92659378,25851300
2025-08-13,50.19037863,50.37524261,49.85762417,49.99627304,19720000
2025-08-14,49.49714195,49.5526022,49.06271564,49.37697983,42823200
2025-08-15,49.41395344,49.52487395,48.98876875,49.28454971,34201900
2025-08-18,49.08119982,49.64503339,49.01649795,49.17363358,12733400
2025-08-19,49.46016794,49.61730356,48.98876814,49.21060562,17724400
2025-08-20,48.89633549,49.23833155,48.85936199,48.98876572,9687300
2025-08-21,49.00725634,49.47865616,48.94255447,49.40471268,10813800
2025-08-22,49.38622445,50.73572552,49.27530747,50.64329529,20706700
2025-08-25,50.99453353,51.20712941,50.59708073,50.76345444,10397400
2025-08-26,50.67102283,51.21636963,50.54161911,51.21636963,18891500
2025-08-27,51.04075012,51.32728593,50.94831637,51.18864059,8789100
2025-08-28,51.76171501,51.93733385,51.14242476,51.20712662,22059500
2025-08-29,51.29032056,51.60458829,51.25334706,51.35502243,13885400
2025-09-01,50.96680596,51.39199066,50.66178338,51.39199066,7765400
2025-09-02,50.93907615,51.35501922,50.87437428,51.19788361,9578500
2025-09-03,51.19788506,51.5953414,51.05923972,51.39199066,11832100
2025-09-04,51.62306751,51.90960686,51.34577331,51.49366379,8442100
2025-09-05,51.94658207,52.38100837,51.78020483,51.96506882,14014700
2025-09-08,51.97430886,52.33479168,51.97430886,52.09447098,9701900
2025-09-09,52.4457128,53.16667844,51.80793224,51.93733597,24300300
2025-09-10,52.19614568,52.73224733,52.02052332,52.29782104,13463700
2025-09-11,52.17766112,52.93560028,52.04825739,52.70452118,14107200
2025-09-12,52.40874094,53.08349149,52.40874094,52.68603516,12303800
2025-09-15,53.12970279,53.19440466,52.66754462,53.14818954,12457500
2025-09-16,53.39775545,53.66580804,52.86165028,53.33305359,15618500
2025-09-17,53.18516301,53.62883443,53.01878578,53.4254837,23116700
2025-09-18,53.46245944,53.68429693,53.05576151,53.32381058,17700400
2025-09-19,53.58261848,53.78596567,53.19440379,53.53639984,25374600
2025-09-22,53.44397433,54.01704951,53.43473271,53.61035156,21947300
2025-09-23,53.61034682,53.97082962,53.29607913,53.30532074,17652400
2025-09-24,53.56413106,53.73974989,53.30532009,53.50867081,13005700
2025-09-25,53.78596805,54.11872251,53.64732271,53.8044548,13631100
2025-09-26,53.37002932,53.55488977,52.26084896,52.76922226,29037000
2025-09-29,53.1481902,53.37926929,52.80619414,52.94483948,15580200
2025-09-30,53.30532254,53.4069979,52.76922089,53.22213745,18280700
2025-10-01,53.38851191,54.22963966,53.38851191,53.89688873,18278300
2025-10-02,53.9431023,54.40526047,53.68429485,54.25737,14824500
2025-10-03,54.25737223,54.64558342,54.07250825,54.15569687,19240200
2025-10-06,54.35904763,55.43125449,54.34980249,55.08001328,26102900
2025-10-07,54.99682231,55.10773928,54.30358505,54.30358505,26072300
2025-10-08,54.64558501,54.89515086,54.43299266,54.71953201,24609500
2025-10-09,55.32957837,55.81022331,54.63634109,54.63634109,18184600
2025-10-10,55.06152332,55.27411566,54.41450119,54.41450119,22970400
2025-10-13,55.15395827,55.51444463,55.04304129,55.22790527,23294500
2025-10-14,54.81196219,55.5791465,54.73801871,55.22790527,19329000
2025-10-15,54.98758237,56.36481178,54.95985048,56.25389481,45104600
2025-10-16,56.02281405,56.318595,55.52368238,55.73627472,21358500
2025-10-17,55.36655119,55.73627561,55.27411743,55.57914352,17325300
2025-10-20,55.58838822,56.70681023,55.58838822,56.29087067,17798400
2025-10-21,56.05979139,56.42951584,55.98584439,56.19843674,13432700
2025-10-22,56.57740721,57.52945553,56.54967885,57.19670105,25267300
2025-10-23,57.51096549,57.80674645,57.00258867,57.08577728,11217700
2025-10-24,57.29837631,57.42778004,56.68832761,57.05805206,11127600
2025-10-27,57.36307897,57.4555092,56.75303026,56.99335098,12018100
2025-10-28,56.99334574,57.80674512,56.91940227,57.49247742,15797400
2025-10-29,58.06555347,58.86970771,57.96387811,58.53695679,30844900
2025-10-30,58.3336068,59.15624781,58.16722957,58.98062897,25586000
2025-10-31,59.41505537,60.58894111,59.0360858,60.32088852,38988400
2025-11-03,60.17299652,60.44104912,59.75705696,60.40407562,16985400
2025-11-04,59.94191698,60.08981099,59.18397781,59.72932816,22055700
2025-11-05,59.72932596,61.16201209,59.61840546,60.75531769,22505400
2025-11-06,60.78304885,61.05110145,60.32089065,60.54272461,15939100
2025-11-07,59.94191439,59.95115953,59.17473012,59.87721252,20800300
2025-11-10,60.13602078,60.57969574,59.99737897,60.27466965,12689400
2025-11-11,60.27467054,60.69061715,59.85873099,60.11753845,25496500
2025-11-12,60.32088854,60.95866204,60.32088854,60.78304672,26550300
2025-11-13,60.78304795,61.42082146,60.36710134,60.6998558,19058500
2025-11-14,59.94191652,60.57969709,59.72008257,60.33012772,16374400
2025-11-17,60.63515033,60.79228241,59.99737685,60.28391266,20150800
2025-11-18,59.57218477,60.34861416,59.43354296,60.0990448,22468700
2025-11-19,60.09904558,60.32088658,59.80326463,60.03434372,16523800
2025-11-21,59.66462485,60.33012672,59.27640661,60.2284584,20272600
2025-11-24,60.08980974,60.56120602,59.87721387,60.16374969,20462800
2025-11-25,60.2284603,60.9216976,60.2284603,60.63515472,18275300
2025-11-26,60.99563857,61.82752476,60.9309367,61.54098892,33408500
2025-11-27,61.46703809,61.60568696,61.13428364,61.30990601,9739100
2025-11-28,62.57621417,62.67788953,61.96616904,62.29892349,46007200
2025-12-01,62.66865046,62.97366949,62.39135273,62.7795639,15657000
2025-12-02,62.94594307,63.51902176,62.63167889,63.29718781,22567200
2025-12-03,63.64842699,65.71889373,63.61145349,65.33992767,42361200
2025-12-04,65.34916246,66.91125934,65.33992438,66.47682953,38019900
2025-12-05,66.51381097,66.8558106,64.62820456,64.90550232,40196800
2025-12-08,65.09035793,65.4970594,64.23074341,64.46182251,20860900
2025-12-09,63.8702667,65.0996093,63.68540623,64.49880219,23081300
2025-12-10,64.93322132,65.94996786,64.93322132,65.68191528,24454800
2025-12-11,65.3861406,66.89278086,65.13657828,66.55078125,25687700
2025-12-12,65.90078515,67.09721596,65.87160518,66.73731232,36483700
2025-12-15,66.77622576,67.49602567,66.63031847,67.14585114,16841700
2025-12-16,67.43766704,68.11855785,67.36957796,67.39875793,21953000
2025-12-17,67.73919759,68.83835193,67.5446595,68.25473022,29375000
2025-12-18,68.67299353,69.17880445,68.3909081,68.4298172,18430200
2025-12-19,68.57573044,68.99399406,68.45900312,68.91617584,37147100
2025-12-22,69.09125973,71.3673941,68.87726336,70.92967224,27853000
2025-12-23,71.23121948,71.52302664,70.59895948,70.91022491,17140900
2025-12-26,70.87131632,71.34793989,70.6378691,71.1242218,16368800
2025-12-29,71.19230657,71.72729006,69.74297026,70.15151215,19963700
2025-12-30,70.52114194,70.85185821,69.94724931,69.99588013,17085400
2026-01-02,70.3557805,70.56977687,69.69434056,70.40441132,28418900
2026-01-05,70.42387272,71.49384718,70.32660367,71.1242218,24958100
2026-01-06,71.44520365,73.91587608,70.8907619,73.79915619,39536600
2026-01-07,74.02287345,75.22902597,73.55597906,74.23686981,41501600
2026-01-08,73.73107096,73.73107096,72.1650147,73.51707458,31894900
2026-01-09,72.85563689,73.6435259,72.17473865,72.68054962,24801200
2026-01-12,72.95290242,73.41007513,72.47627887,72.69999695,13129800
2026-01-13,72.43737214,73.97424845,72.25255574,73.29335022,24539200
2026-01-14,73.76997292,76.93126542,73.57543481,76.76590729,44225300
2026-01-15,76.74645318,77.46625305,76.36709869,76.69781494,35503900
2026-01-16,76.25037382,76.72699738,75.45275571,76.72699738,45910100
2026-01-19,76.37682258,76.50327903,75.74457002,76.42546082,10678500
2026-01-20,75.70566185,78.02069799,75.29712737,77.89424896,31198500
2026-01-21,78.77940467,80.54000641,78.30278112,80.24819183,83134600
2026-01-22,80.24819367,82.09633538,79.8396592,80.71509552,62515300
2026-01-23,81.4640769,83.39975856,81.40571695,82.69940948,25432600
2026-01-26,83.2246695,83.7888404,79.936928,80.80263519,35741300
2026-01-27,81.3084383,83.77911083,81.07499109,82.58268738,30922500
2026-01-28,82.96203852,85.10198728,82.67995309,84.59618378,28473800
2026-01-29,85.59807014,87.05712815,84.44054841,85.02417755,42013200
2026-01-30,83.33166731,85.50080355,81.70725112,82.01851654,41681400
2026-02-02,82.11578393,83.50675288,81.74615857,82.50486755,22289400
2026-02-03,84.06119786,86.57077955,84.06119786,86.56105042,37709700
2026-02-04,86.094157,87.14467319,85.16036071,86.98904419,51744400
2026-02-05,85.588345,86.50269043,83.88611057,84.09037781,57049000
2026-02-06,84.05147152,85.17007672,82.87449154,83.29275513,28889600
2026-02-09,84.28492109,85.28680643,82.3200521,84.92690277,26531100
2026-02-10,84.35300905,85.34516525,83.89583635,84.6740036,14177200
2026-02-11,86.23032896,87.85474508,86.06497084,87.63101959,28395300
2026-02-12,87.39757483,89.11926747,86.64859497,86.79450226,51472200
2026-02-13,85.17981044,85.73425222,83.67211413,84.65454865,28644800
2026-02-18,82.77722531,82.82586355,81.27925815,81.62943268,20898700
2026-02-19,80.76372796,82.04769879,80.08283715,81.18199158,28410900
2026-02-20,81.5127139,84.44055176,81.14308111,84.44055176,40577200
2026-02-23,84.44055169,85.9093389,84.06119719,85.0047226,21193900
2026-02-24,85.01444705,86.28868865,85.01444705,85.33544159,19760700
2026-02-25,86.59995967,87.86447965,86.09415614,87.51430511,28707500
2026-02-26,86.51242011,86.94040544,84.66427838,86.7750473,24503100
2026-02-27,86.70695526,87.05712978,85.85097721,86.05524445,17328300
2026-03-02,85.52025326,86.72641324,84.90745155,85.75370789,13952600
2026-03-03,82.92313609,82.98149604,80.29683445,82.17415619,36088800
2026-03-04,83.05931214,83.29275936,81.29871777,81.79479218,17605800
2026-03-05,81.83370009,81.99906564,78.3514205,79.0712204,37872100
2026-03-06,78.69186217,78.98366931,76.26009886,76.70754242,29504600
2026-03-09,75.59865919,77.91369519,74.46059574,77.09662628,30576600
2026-03-10,77.97206879,78.77940864,77.4954378,78.36114502,17172800
2026-03-11,77.61216465,78.73077734,76.64918838,77.6705246,20865000
2026-03-12,77.59270398,77.59270398,75.54030248,77.07717133,29136500
2026-03-13,77.13553955,78.2930539,75.89047043,76.16283417,14416400
2026-03-16,77.22307838,78.01096735,76.65890749,76.68808746,13591400
2026-03-17,76.94099536,77.53434625,76.48382264,76.8048172,14222300
2026-03-18,76.50328138,76.52273222,74.94695422,75.02476501,19412200
2026-03-19,72.14555216,74.61622458,72.03855398,74.53840637,27262900
2026-03-20,74.12987382,74.60649737,72.6708158,73.48789215,44208900
2026-03-23,74.47032265,76.27955528,73.89643003,75.37493896,23384500
2026-03-24,74.87885939,76.2698283,74.47031751,75.96828461,15700300
2026-03-25,77.0382627,78.05960631,76.84372459,77.37871552,18658300
2026-03-26,75.99747099,77.41761999,75.88075109,76.75618744,13518900
2026-03-27,76.32819443,77.7386143,76.03637984,76.84372711,11101700
2026-03-30,78.05960716,78.84749615,77.12581088,77.33007812,18776700
2026-03-31,78.53623177,80.48164257,78.39032448,80.22874451,24956400
2026-04-01,81.03607913,81.74615729,80.32600839,80.73454285,28514000
2026-04-02,79.28521898,81.48352783,79.13931169,81.26953888,14019800
2026-04-06,81.74615704,81.92124429,80.5400045,80.82208252,8680700
2026-04-07,80.78318509,81.41543765,80.34546322,81.40571594,15312500
2026-04-08,84.13901062,84.35300698,82.41732546,83.25384521,24942400
2026-04-09,83.03012877,83.20521603,81.96015437,82.37841797,17973100
2026-04-10,82.67995264,84.03201244,82.27141818,83.25384521,24002400
2026-04-13,82.78695312,84.97554016,82.60213673,84.97554016,24661900
2026-04-14,85.1117177,86.12333215,84.80045229,85.88988495,18528400
2026-04-15,85.74397657,86.64859283,85.49107111,86.02606201,24527300
2026-04-16,86.4637798,86.95013249,84.7226363,85.05335999,13618900
2026-04-17,85.79261191,87.30030823,85.4035357,87.30030823,30119000
2026-04-20,86.37624032,86.99877117,85.62725303,86.30815125,16067700
2026-04-22,85.54943386,86.30815028,84.8393631,84.8393631,13222100
2026-04-23,84.27519257,84.79072522,83.37057628,83.62348175,12637500
2026-04-24,83.62348365,84.61563989,83.40948728,83.5262146,11436400
2026-04-27,83.79856549,83.94447277,82.5729547,83.16630554,8656600
2026-04-28,82.38814519,82.97177437,81.75589261,82.08660889,13687500
2026-04-29,80.54000374,80.64700192,77.08689687,77.27171326,43296200
2026-04-30,78.81831086,79.47002164,78.02069279,78.96421814,17593900
2026-05-04,78.96422239,79.13930965,76.50327899,76.51300812,18555600
2026-05-05,77.25225919,77.25225919,75.84183936,76.25037384,16295600
2026-05-06,78.15687765,79.41166852,77.9137013,79.01286316,17424200
2026-05-07,79.07122327,79.44084865,77.42734876,77.88452148,18912100
2026-05-08,78.37087136,79.5575731,78.16660413,78.59459686,16782600
2026-05-11,79.16848587,81.63915829,78.97394778,81.17225647,24868900
2026-05-12,80.88045312,81.69752206,79.50893498,80.97772217,16503000
2026-05-13,81.21116523,82.72859058,80.74427083,81.99906158,31641800
2026-05-14,82.67995294,83.07876569,80.37463864,80.60809326,31954300
2026-05-15,78.44869256,81.22090149,78.04987978,81.22090149,36318900
2026-05-18,80.73454481,81.31816654,78.84749404,79.59648132,22668800
2026-05-19,78.59459717,79.0614916,77.98178804,78.80858612,20334400
2026-05-20,79.2268499,79.96610806,78.64322815,79.76184082,15669300
2026-05-21,79.13930887,80.61781776,79.00313072,80.37464142,15156600
2026-05-22,80.08283773,80.87072673,79.61593587,80.83181763,11443900
2026-05-25,80.57891211,81.30844116,80.1995576,81.30844116,7059500
2026-05-26,80.95827162,81.8239788,80.05365532,80.80263519,10409000
2026-05-27,81.39598196,81.64888742,80.25791851,81.17225647,10613200
2026-05-28,80.88045361,81.75588993,79.99528815,81.66834259,12798900
2026-05-29,81.7169776,81.97960478,80.13146315,80.55945587,20839400
2026-06-01,79.88828771,80.00501502,78.38059887,79.47002411,16605900
2026-06-02,79.97583485,82.75777274,79.80074759,82.67995453,18457400
2026-06-03,81.32789485,81.50298211,79.55757141,79.55757141,19308800
2026-06-05,78.5848685,78.5848685,76.19201416,76.5519104,23008500
2026-06-08,76.7659079,77.11608244,75.20958076,75.9391098,15671500
2026-06-09,76.63945391,76.63945391,74.73295235,76.35736847,17523500
2026-06-10,75.7931971,76.01692259,75.09284808,75.57920074,12469100
2026-06-11,75.98774524,76.89236152,74.99558162,76.64918518,17725500
2026-06-12,76.51300461,77.62188809,75.99746455,77.00907898,12112600
2026-06-15,78.57513803,80.48163965,78.448689,78.94477081,22329400
2026-06-16,78.53622675,79.94665394,78.4000486,79.21712494,19713900
2026-06-17,78.15687401,79.11985023,77.09662873,77.60243225,20268200
2026-06-18,77.33007915,78.18605723,76.72699913,77.7580719,19651900
2026-06-19,77.50516501,78.8572249,77.33007775,78.54595947,26305900
2026-06-22,78.35141698,79.35330228,77.92342426,78.70159149,18089300
2026-06-23,77.30089573,77.79697754,76.66863576,77.21334839,18415100
2026-06-24,76.41573062,76.70754519,75.05394905,75.60839081,22558900
2026-06-25,76.06555712,77.05772075,75.30684811,76.51300812,13882800
2026-06-26,76.04610197,76.72699272,75.7834748,76.016922,25251100
2026-06-29,76.21146341,76.41573064,75.04421994,75.99746704,11791900
2026-06-30,75.96828408,76.15310046,75.14148604,75.75428772,11289500
2026-07-01,74.98584959,76.76590211,74.93721878,75.84183502,15414700
2026-07-02,76.45464384,77.15499292,75.59866575,76.1044693,17199300
2026-07-03,76.28928212,76.88263299,75.88074765,76.68808746,7793500
2026-07-06,76.15310071,76.62972424,75.38466261,75.66674805,12389100
2026-07-07,75.48193673,75.48193673,73.72134235,74.12014771,16866100
2026-07-08,73.16689697,73.16689697,70.37522997,70.71567535,29276700
2026-07-09,71.40630207,71.48411286,69.96669491,71.15339661,18980500
2026-07-10,71.98019381,72.62218289,71.1242158,72.15528107,22142400
2026-07-13,72.1552875,72.1552875,70.47250388,70.86158752,16237900
2026-07-14,71.41602915,72.65136917,71.18258193,71.9899292,14780100
2026-07-15,71.97046926,72.95290377,71.78566028,72.47628021,15456000
2026-07-16,71.83428598,72.05801147,70.5600444,70.98803711,12989700
2026-07-17,70.98804393,71.1242221,70.13205843,70.94913483,13491600
2026-07-20,71.00749214,71.25066849,69.75270132,69.96669769,13137000
2026-07-21,70.36550407,70.97831321,69.61652419,70.39469147,12581400
2026-07-22,71.60084199,73.19607819,71.33820739,73.0501709,17992800
2026-07-23,72.50545822,74.96640159,72.47627825,73.61434174,15826900
2026-07-24,73.10853717,73.4684334,72.79726434,73.18634796,8637800
2026-07-27,72.33036934,73.65324919,72.21364202,73.62406921,10921700
2026-07-28,74.02287454,74.16878183,72.95290016,73.62406921,12270800
2026-07-29,73.9353374,74.12014638,72.5735484,73.00154114,12265200
2026-07-30,73.90615469,74.47031814,72.57354571,74.01314545,16732800
2026-07-31,73.63379661,74.83022753,73.18635301,74.19796753,17353300
2026-08-03,74.2952351,74.39251158,71.9315607,72.6027298,23582200
2026-08-04,74.03260423,74.81077148,73.73106795,74.22714233,19784000
2026-08-05,74.22714362,74.84967446,73.24471655,74.56759644,15107500
2026-08-06,74.4022346,74.46060197,73.322531,73.33226013,21991700
2026-08-07,73.83806672,74.05205566,72.48599945,72.92372131,13038800
2026-08-10,72.85563569,74.2466047,72.66109015,73.85752106,15094700
2026-08-11,74.22714127,74.60649576,71.6981089,72.36927795,36211800
2026-08-12,73.11000061,73.54000092,72.66000366,73.18000031,24930300
2026-08-13,72.19999695,73.19999695,71.5,71.90000153,19535200
2026-08-14,71.55000305,71.98000336,71.08999634,71.30000305,22933800
2026-08-17,71.19999695,71.80000305,70.69000244,71.41000366,10007400
2026-08-18,70.98999786,72.70999908,70.84999847,71.55000305,12466800
2026-08-19,72.59999847,73.84999847,71.76000214,72.12999725,18624200
2026-08-20,71.48999786,74.09999847,71.25,74.01999664,24999800
2026-08-21,74.80000305,75.80999756,74.51000214,75.02999878,28372500
2026-08-24,74.70999908,78.36000061,74.70999908,77.12999725,28776400
2026-08-25,77.09999847,78.76000214,76.88999939,78.69999695,18033600
2026-08-26,79.0,79.58000183,78.20999908,78.44999695,13673700
2026-08-27,78.06999969,79.30000305,77.87999725,79.11000061,11544100
2026-08-28,79.19000244,79.48000336,77.76000214,78.58000183,13040900
2026-08-31,79.20999908,79.69999695,77.84999847,77.84999847,28004000
2026-09-01,77.87000275,78.97000122,77.34999847,78.30000305,15755000
2026-09-02,78.80000305,81.76000214,78.51999664,80.80000305,32989800
2026-09-03,81.30999756,81.98999786,77.66000366,78.44999695,32356700
2026-09-04,78.19999695,79.73000336,77.55000305,78.62000275,13868300
2026-09-08,79.59999847,81.08999634,79.01999664,79.01999664,17890200
2026-09-09,78.5,80.04000092,78.36000061,79.09999847,19118100
2026-09-10,77.77999878,78.65000153,77.18000031,77.83999634,11545800
