decision_date,execution_date,ticker,indicator_uptrend,close,momentum_126_pct,volatility_63_pct,eligible_for_ranking,rank,selected,target_weight,reason
2017-02-24,2017-03-01,ABEV3,True,17.84000015,-8.886617860619461,22.250241492272288,False,,False,0.0,nonpositive_momentum
2017-02-24,2017-03-01,B3SA3,True,6.34000015,5.784215529120473,27.835074413555617,True,22,False,0.0,eligible
2017-02-24,2017-03-01,BBAS3,True,16.54999924,48.098424685574855,36.9098971246132,True,7,False,0.0,eligible
2017-02-24,2017-03-01,BBDC4,True,17.29265785,18.847792859899815,29.26862748066296,True,13,False,0.0,eligible
2017-02-24,2017-03-01,BBSE3,True,28.62000084,0.0699316773925096,31.332013156867518,True,25,False,0.0,eligible
2017-02-24,2017-03-01,BPAC11,False,4.55000019,,,False,,False,0.0,indicator_not_uptrend
2017-02-24,2017-03-01,BRAP4,True,10.81018829,121.22645540482537,65.81073895679305,True,2,False,0.0,eligible
2017-02-24,2017-03-01,CMIG4,True,5.28218412,21.201802987673602,47.46412898567053,True,12,False,0.0,eligible
2017-02-24,2017-03-01,CPFE3,False,25.54000092,,,False,,False,0.0,indicator_not_uptrend
2017-02-24,2017-03-01,CPLE3,True,2.56699991,14.088884888888886,28.493816407850503,True,17,False,0.0,eligible
2017-02-24,2017-03-01,CSMG3,True,17.19666672,63.259502133532685,29.657154216217446,True,4,False,0.0,eligible
2017-02-24,2017-03-01,CSNA3,True,11.97999954,37.227951560693896,46.273346105561195,True,9,False,0.0,eligible
2017-02-24,2017-03-01,CYRE3,False,12.98999977,,,False,,False,0.0,indicator_not_uptrend
2017-02-24,2017-03-01,EGIE3,True,21.13142776,-6.851390750451958,19.14071995764379,False,,False,0.0,nonpositive_momentum
2017-02-24,2017-03-01,ENEV3,True,3.38750005,-8.569497351028287,37.57158275879416,False,,False,0.0,nonpositive_momentum
2017-02-24,2017-03-01,ENGI11,True,20.48336983,7.1090072782861835,30.169106569061142,True,20,False,0.0,eligible
2017-02-24,2017-03-01,EQTL3,True,11.88993263,18.07181373562774,22.13528217549419,True,15,False,0.0,eligible
2017-02-24,2017-03-01,GGBR4,True,10.27777672,42.151484562677965,47.12178997646791,True,8,False,0.0,eligible
2017-02-24,2017-03-01,GOAU4,True,4.39510918,62.32688655406782,53.976428322179494,True,5,False,0.0,eligible
2017-02-24,2017-03-01,HYPE3,False,27.09000015,,,False,,False,0.0,indicator_not_uptrend
2017-02-24,2017-03-01,ITSA4,True,6.96692085,18.620132390255062,24.644451842079874,True,14,False,0.0,eligible
2017-02-24,2017-03-01,ITUB4,True,23.5539856,24.351881677468224,26.986474877384897,True,10,False,0.0,eligible
2017-02-24,2017-03-01,KLBN11,False,13.95139503,,,False,,False,0.0,indicator_not_uptrend
2017-02-24,2017-03-01,LREN3,True,17.3129406,2.8169011048226222,31.898522082053244,True,23,False,0.0,eligible
2017-02-24,2017-03-01,MGLU3,True,7.24144793,230.85854162071152,59.1665918613284,True,1,True,1.0,eligible
2017-02-24,2017-03-01,MULT3,True,21.43000031,7.025142807646323,27.428211982977587,True,21,False,0.0,eligible
2017-02-24,2017-03-01,PETR4,True,15.18000031,22.419361090270762,36.899343586803404,True,11,False,0.0,eligible
2017-02-24,2017-03-01,PSSA3,True,14.44999981,7.635006372390962,32.460075672276645,True,19,False,0.0,eligible
2017-02-24,2017-03-01,RADL3,False,11.19909477,,,False,,False,0.0,indicator_not_uptrend
2017-02-24,2017-03-01,RAIL3,True,8.57999992,17.534242420341627,39.22754685743539,True,16,False,0.0,eligible
2017-02-24,2017-03-01,RENT3,True,11.59467888,-4.675904860731683,43.038676671989606,False,,False,0.0,nonpositive_momentum
2017-02-24,2017-03-01,SANB11,True,32.98742676,53.05123503622233,38.81994202515436,True,6,False,0.0,eligible
2017-02-24,2017-03-01,SBSP3,True,6.37638998,13.457560589540174,30.041220738618986,True,18,False,0.0,eligible
2017-02-24,2017-03-01,SMTO3,False,19.0,,,False,,False,0.0,indicator_not_uptrend
2017-02-24,2017-03-01,SUZB3,False,20.01000023,,,False,,False,0.0,indicator_not_uptrend
2017-02-24,2017-03-01,TOTS3,False,8.40998459,,,False,,False,0.0,indicator_not_uptrend
2017-02-24,2017-03-01,UGPA3,True,30.13144494,-12.613577043154745,18.523916040557296,False,,False,0.0,nonpositive_momentum
2017-02-24,2017-03-01,USIM5,False,4.92999983,,,False,,False,0.0,indicator_not_uptrend
2017-02-24,2017-03-01,VALE3,True,32.72000122,80.27549258978995,55.584184366868314,True,3,False,0.0,eligible
2017-02-24,2017-03-01,WEGE3,True,6.53076887,2.2891580991726945,31.99083601571177,True,24,False,0.0,eligible
2017-03-31,2017-04-03,ABEV3,True,18.23999977,-7.411172252157828,20.03380502829457,False,,False,0.0,nonpositive_momentum
2017-03-31,2017-04-03,B3SA3,False,6.42999983,,,False,,False,0.0,indicator_not_uptrend
2017-03-31,2017-04-03,BBAS3,False,16.88500023,,,False,,False,0.0,indicator_not_uptrend
2017-03-31,2017-04-03,BBDC4,False,16.75452614,,,False,,False,0.0,indicator_not_uptrend
2017-03-31,2017-04-03,BBSE3,True,29.20000076,-5.5321873125146475,27.61005559819826,False,,False,0.0,nonpositive_momentum
2017-03-31,2017-04-03,BPAC11,False,4.75,,,False,,False,0.0,indicator_not_uptrend
2017-03-31,2017-04-03,BRAP4,False,10.09104538,,,False,,False,0.0,indicator_not_uptrend
2017-03-31,2017-04-03,CMIG4,False,5.09935904,,,False,,False,0.0,indicator_not_uptrend
2017-03-31,2017-04-03,CPFE3,False,25.77000046,,,False,,False,0.0,indicator_not_uptrend
2017-03-31,2017-04-03,CPLE3,False,2.58800006,,,False,,False,0.0,indicator_not_uptrend
2017-03-31,2017-04-03,CSMG3,False,14.73333263,,,False,,False,0.0,indicator_not_uptrend
2017-03-31,2017-04-03,CSNA3,False,9.10999966,,,False,,False,0.0,indicator_not_uptrend
2017-03-31,2017-04-03,CYRE3,False,13.23999977,,,False,,False,0.0,indicator_not_uptrend
2017-03-31,2017-04-03,EGIE3,False,20.21142769,,,False,,False,0.0,indicator_not_uptrend
2017-03-31,2017-04-03,ENEV3,True,3.625,12.40310426056137,42.053012000357334,True,1,True,1.0,eligible
2017-03-31,2017-04-03,ENGI11,False,20.57400322,,,False,,False,0.0,indicator_not_uptrend
2017-03-31,2017-04-03,EQTL3,False,11.74410534,,,False,,False,0.0,indicator_not_uptrend
2017-03-31,2017-04-03,GGBR4,False,8.6428566,,,False,,False,0.0,indicator_not_uptrend
2017-03-31,2017-04-03,GOAU4,False,3.71259189,,,False,,False,0.0,indicator_not_uptrend
2017-03-31,2017-04-03,HYPE3,True,29.0,4.091885732374356,19.02886889945236,True,4,False,0.0,eligible
2017-03-31,2017-04-03,ITSA4,False,6.592206,,,False,,False,0.0,indicator_not_uptrend
2017-03-31,2017-04-03,ITUB4,False,22.30067635,,,False,,False,0.0,indicator_not_uptrend
2017-03-31,2017-04-03,KLBN11,False,13.63636303,,,False,,False,0.0,indicator_not_uptrend
2017-03-31,2017-04-03,LREN3,True,18.83756256,9.92487366067678,30.53950857730216,True,2,False,0.0,eligible
2017-03-31,2017-04-03,MGLU3,False,6.16241598,,,False,,False,0.0,indicator_not_uptrend
2017-03-31,2017-04-03,MULT3,False,22.10000038,,,False,,False,0.0,indicator_not_uptrend
2017-03-31,2017-04-03,PETR4,False,14.48999977,,,False,,False,0.0,indicator_not_uptrend
2017-03-31,2017-04-03,PSSA3,False,14.20499992,,,False,,False,0.0,indicator_not_uptrend
2017-03-31,2017-04-03,RADL3,False,11.06146336,,,False,,False,0.0,indicator_not_uptrend
2017-03-31,2017-04-03,RAIL3,False,8.55000019,,,False,,False,0.0,indicator_not_uptrend
2017-03-31,2017-04-03,RENT3,True,12.53958607,4.619637243027341,35.120630457767064,True,3,False,0.0,eligible
2017-03-31,2017-04-03,SANB11,False,26.54546928,,,False,,False,0.0,indicator_not_uptrend
2017-03-31,2017-04-03,SBSP3,False,6.3201499,,,False,,False,0.0,indicator_not_uptrend
2017-03-31,2017-04-03,SMTO3,False,17.28000069,,,False,,False,0.0,indicator_not_uptrend
2017-03-31,2017-04-03,SUZB3,False,20.01000023,,,False,,False,0.0,indicator_not_uptrend
2017-03-31,2017-04-03,TOTS3,True,9.20982933,-13.145538556151159,27.52635284954636,False,,False,0.0,nonpositive_momentum
2017-03-31,2017-04-03,UGPA3,True,32.99715424,1.3442692894768182,19.28947651718984,True,5,False,0.0,eligible
2017-03-31,2017-04-03,USIM5,False,4.44000006,,,False,,False,0.0,indicator_not_uptrend
2017-03-31,2017-04-03,VALE3,False,29.79000092,,,False,,False,0.0,indicator_not_uptrend
2017-03-31,2017-04-03,WEGE3,False,6.692307,,,False,,False,0.0,indicator_not_uptrend
2017-04-28,2017-05-02,ABEV3,True,18.26000023,-7.309647078409565,19.678264960527933,False,,False,0.0,nonpositive_momentum
2017-04-28,2017-05-02,B3SA3,False,6.33666611,,,False,,False,0.0,indicator_not_uptrend
2017-04-28,2017-05-02,BBAS3,False,16.42499924,,,False,,False,0.0,indicator_not_uptrend
2017-04-28,2017-05-02,BBDC4,True,17.28748322,4.2433683482489215,25.720180017993755,True,5,False,0.0,eligible
2017-04-28,2017-05-02,BBSE3,True,29.88999939,-6.035838138918404,25.35515502542736,False,,False,0.0,nonpositive_momentum
2017-04-28,2017-05-02,BPAC11,False,4.5,,,False,,False,0.0,indicator_not_uptrend
2017-04-28,2017-05-02,BRAP4,False,9.15062809,,,False,,False,0.0,indicator_not_uptrend
2017-04-28,2017-05-02,CMIG4,False,4.38781977,,,False,,False,0.0,indicator_not_uptrend
2017-04-28,2017-05-02,CPFE3,False,26.0,,,False,,False,0.0,indicator_not_uptrend
2017-04-28,2017-05-02,CPLE3,False,2.33500004,,,False,,False,0.0,indicator_not_uptrend
2017-04-28,2017-05-02,CSMG3,False,12.0,,,False,,False,0.0,indicator_not_uptrend
2017-04-28,2017-05-02,CSNA3,False,7.75,,,False,,False,0.0,indicator_not_uptrend
2017-04-28,2017-05-02,CYRE3,False,13.19999981,,,False,,False,0.0,indicator_not_uptrend
2017-04-28,2017-05-02,EGIE3,False,19.4285717,,,False,,False,0.0,indicator_not_uptrend
2017-04-28,2017-05-02,ENEV3,True,3.64499998,3.111736554439526,42.33737086198028,True,6,False,0.0,eligible
2017-04-28,2017-05-02,ENGI11,False,20.61932182,,,False,,False,0.0,indicator_not_uptrend
2017-04-28,2017-05-02,EQTL3,False,11.48441219,,,False,,False,0.0,indicator_not_uptrend
2017-04-28,2017-05-02,GGBR4,False,7.77777719,,,False,,False,0.0,indicator_not_uptrend
2017-04-28,2017-05-02,GOAU4,False,3.45008612,,,False,,False,0.0,indicator_not_uptrend
2017-04-28,2017-05-02,HYPE3,True,30.05999947,6.33179689025023,19.621442653137525,True,4,False,0.0,eligible
2017-04-28,2017-05-02,ITSA4,False,6.86283398,,,False,,False,0.0,indicator_not_uptrend
2017-04-28,2017-05-02,ITUB4,False,23.10091209,,,False,,False,0.0,indicator_not_uptrend
2017-04-28,2017-05-02,KLBN11,True,14.2214222,-3.3639078921770205,27.663457583800007,False,,False,0.0,nonpositive_momentum
2017-04-28,2017-05-02,LREN3,True,20.0437088,9.962819288259483,27.293080950221775,True,3,False,0.0,eligible
2017-04-28,2017-05-02,MGLU3,True,7.75225687,126.82752549414337,71.13847481365498,True,1,True,1.0,eligible
2017-04-28,2017-05-02,MULT3,False,22.56666565,,,False,,False,0.0,indicator_not_uptrend
2017-04-28,2017-05-02,PETR4,False,13.97000027,,,False,,False,0.0,indicator_not_uptrend
2017-04-28,2017-05-02,PSSA3,False,14.35999966,,,False,,False,0.0,indicator_not_uptrend
2017-04-28,2017-05-02,RADL3,True,12.7168169,-3.6428567907364817,28.63728674893927,False,,False,0.0,nonpositive_momentum
2017-04-28,2017-05-02,RAIL3,False,8.72999954,,,False,,False,0.0,indicator_not_uptrend
2017-04-28,2017-05-02,RENT3,True,14.23379993,21.2198917511931,31.46951815779343,True,2,False,0.0,eligible
2017-04-28,2017-05-02,SANB11,False,26.32465744,,,False,,False,0.0,indicator_not_uptrend
2017-04-28,2017-05-02,SBSP3,False,5.67630577,,,False,,False,0.0,indicator_not_uptrend
2017-04-28,2017-05-02,SMTO3,False,17.79999924,,,False,,False,0.0,indicator_not_uptrend
2017-04-28,2017-05-02,SUZB3,False,20.01000023,,,False,,False,0.0,indicator_not_uptrend
2017-04-28,2017-05-02,TOTS3,False,9.22642422,,,False,,False,0.0,indicator_not_uptrend
2017-04-28,2017-05-02,UGPA3,False,32.44428634,,,False,,False,0.0,indicator_not_uptrend
2017-04-28,2017-05-02,USIM5,False,4.26000023,,,False,,False,0.0,indicator_not_uptrend
2017-04-28,2017-05-02,VALE3,False,27.46999931,,,False,,False,0.0,indicator_not_uptrend
2017-04-28,2017-05-02,WEGE3,False,6.80769205,,,False,,False,0.0,indicator_not_uptrend
2017-05-31,2017-06-01,ABEV3,False,18.70999908,,,False,,False,0.0,indicator_not_uptrend
2017-05-31,2017-06-01,B3SA3,False,6.13999987,,,False,,False,0.0,indicator_not_uptrend
2017-05-31,2017-06-01,BBAS3,False,14.17000008,,,False,,False,0.0,indicator_not_uptrend
2017-05-31,2017-06-01,BBDC4,False,15.66377544,,,False,,False,0.0,indicator_not_uptrend
2017-05-31,2017-06-01,BBSE3,False,29.10000038,,,False,,False,0.0,indicator_not_uptrend
2017-05-31,2017-06-01,BPAC11,False,3.5374999,,,False,,False,0.0,indicator_not_uptrend
2017-05-31,2017-06-01,BRAP4,False,8.81410599,,,False,,False,0.0,indicator_not_uptrend
2017-05-31,2017-06-01,CMIG4,False,3.77510595,,,False,,False,0.0,indicator_not_uptrend
2017-05-31,2017-06-01,CPFE3,True,26.29000092,7.525562792661433,2.7895958725589978,True,5,False,0.0,eligible
2017-05-31,2017-06-01,CPLE3,False,2.2249999,,,False,,False,0.0,indicator_not_uptrend
2017-05-31,2017-06-01,CSMG3,False,11.63333321,,,False,,False,0.0,indicator_not_uptrend
2017-05-31,2017-06-01,CSNA3,True,6.86000013,-46.7804503564505,63.49153840118946,False,,False,0.0,nonpositive_momentum
2017-05-31,2017-06-01,CYRE3,False,10.68999958,,,False,,False,0.0,indicator_not_uptrend
2017-05-31,2017-06-01,EGIE3,False,18.95428467,,,False,,False,0.0,indicator_not_uptrend
2017-05-31,2017-06-01,ENEV3,False,3.40249991,,,False,,False,0.0,indicator_not_uptrend
2017-05-31,2017-06-01,ENGI11,False,20.39273453,,,False,,False,0.0,indicator_not_uptrend
2017-05-31,2017-06-01,EQTL3,False,10.66737938,,,False,,False,0.0,indicator_not_uptrend
2017-05-31,2017-06-01,GGBR4,True,7.57142782,-32.816907600097245,50.56578016354677,False,,False,0.0,nonpositive_momentum
2017-05-31,2017-06-01,GOAU4,False,2.50887497,,,False,,False,0.0,indicator_not_uptrend
2017-05-31,2017-06-01,HYPE3,False,29.5,,,False,,False,0.0,indicator_not_uptrend
2017-05-31,2017-06-01,ITSA4,False,6.21055222,,,False,,False,0.0,indicator_not_uptrend
2017-05-31,2017-06-01,ITUB4,False,20.91791725,,,False,,False,0.0,indicator_not_uptrend
2017-05-31,2017-06-01,KLBN11,True,15.03150272,2.2657703763212966,28.444211053091845,True,7,False,0.0,eligible
2017-05-31,2017-06-01,LREN3,False,19.65543747,,,False,,False,0.0,indicator_not_uptrend
2017-05-31,2017-06-01,MGLU3,False,8.73386002,,,False,,False,0.0,indicator_not_uptrend
2017-05-31,2017-06-01,MULT3,False,21.36666679,,,False,,False,0.0,indicator_not_uptrend
2017-05-31,2017-06-01,PETR4,False,12.96000004,,,False,,False,0.0,indicator_not_uptrend
2017-05-31,2017-06-01,PSSA3,True,16.10000038,14.876917512796872,25.861042025369557,True,3,False,0.0,eligible
2017-05-31,2017-06-01,RADL3,True,13.5746603,11.975116970443288,27.254356371513577,True,4,False,0.0,eligible
2017-05-31,2017-06-01,RAIL3,False,8.47999954,,,False,,False,0.0,indicator_not_uptrend
2017-05-31,2017-06-01,RENT3,False,13.73847485,,,False,,False,0.0,indicator_not_uptrend
2017-05-31,2017-06-01,SANB11,False,24.42375183,,,False,,False,0.0,indicator_not_uptrend
2017-05-31,2017-06-01,SBSP3,False,5.62394524,,,False,,False,0.0,indicator_not_uptrend
2017-05-31,2017-06-01,SMTO3,True,18.0,-0.6622562606901083,35.211025408355596,False,,False,0.0,nonpositive_momentum
2017-05-31,2017-06-01,SUZB3,False,20.01000023,,,False,,False,0.0,indicator_not_uptrend
2017-05-31,2017-06-01,TOTS3,True,10.01631165,28.425530648333954,31.86870524936374,True,1,True,1.0,eligible
2017-05-31,2017-06-01,UGPA3,True,34.48529816,5.20027250396371,20.57410847237715,True,6,False,0.0,eligible
2017-05-31,2017-06-01,USIM5,True,3.97000003,-10.585586118212797,61.895914115199034,False,,False,0.0,nonpositive_momentum
2017-05-31,2017-06-01,VALE3,True,27.17000008,-5.986157656565383,43.707124511263586,False,,False,0.0,nonpositive_momentum
2017-05-31,2017-06-01,WEGE3,True,7.30769205,23.13674733084714,26.317195252985904,True,2,False,0.0,eligible
2017-06-30,2017-07-03,ABEV3,False,18.30999947,,,False,,False,0.0,indicator_not_uptrend
2017-06-30,2017-07-03,B3SA3,True,6.58333302,22.670820510784793,29.50974467166878,True,3,False,0.0,eligible
2017-06-30,2017-07-03,BBAS3,False,13.39999962,,,False,,False,0.0,indicator_not_uptrend
2017-06-30,2017-07-03,BBDC4,True,16.02235794,12.436463378896367,36.88946242429768,True,6,False,0.0,eligible
2017-06-30,2017-07-03,BBSE3,False,28.64999962,,,False,,False,0.0,indicator_not_uptrend
2017-06-30,2017-07-03,BPAC11,False,3.61249995,,,False,,False,0.0,indicator_not_uptrend
2017-06-30,2017-07-03,BRAP4,True,9.49637032,39.94566700517383,43.34056284181613,True,1,True,1.0,eligible
2017-06-30,2017-07-03,CMIG4,True,3.99252105,9.485101617406588,57.52276873735786,True,10,False,0.0,eligible
2017-06-30,2017-07-03,CPFE3,False,26.51000023,,,False,,False,0.0,indicator_not_uptrend
2017-06-30,2017-07-03,CPLE3,False,1.89999998,,,False,,False,0.0,indicator_not_uptrend
2017-06-30,2017-07-03,CSMG3,True,13.33333302,13.798010198843059,57.93288332753326,True,5,False,0.0,eligible
2017-06-30,2017-07-03,CSNA3,True,7.17999983,-33.08480766253602,59.42889075482629,False,,False,0.0,nonpositive_momentum
2017-06-30,2017-07-03,CYRE3,True,10.96000004,9.381232902657977,46.034534449145724,True,11,False,0.0,eligible
2017-06-30,2017-07-03,EGIE3,True,19.38285637,-0.8187127214099865,19.369498759725037,False,,False,0.0,nonpositive_momentum
2017-06-30,2017-07-03,ENEV3,False,3.40249991,,,False,,False,0.0,indicator_not_uptrend
2017-06-30,2017-07-03,ENGI11,True,21.64348984,29.081092162328037,32.151312790817435,True,2,False,0.0,eligible
2017-06-30,2017-07-03,EQTL3,True,10.82319546,1.8421140475297637,23.701519271589298,True,12,False,0.0,eligible
2017-06-30,2017-07-03,GGBR4,True,8.15872955,-6.375225923586669,45.48530757495622,False,,False,0.0,nonpositive_momentum
2017-06-30,2017-07-03,GOAU4,True,2.7957646,-22.503260320637985,91.897028568702,False,,False,0.0,nonpositive_momentum
2017-06-30,2017-07-03,HYPE3,False,27.79999924,,,False,,False,0.0,indicator_not_uptrend
2017-06-30,2017-07-03,ITSA4,False,6.25912619,,,False,,False,0.0,indicator_not_uptrend
2017-06-30,2017-07-03,ITUB4,True,21.62400627,12.350957060757906,33.15216744735805,True,7,False,0.0,eligible
2017-06-30,2017-07-03,KLBN11,False,14.60846043,,,False,,False,0.0,indicator_not_uptrend
2017-06-30,2017-07-03,LREN3,False,20.40826225,,,False,,False,0.0,indicator_not_uptrend
2017-06-30,2017-07-03,MGLU3,False,8.90784073,,,False,,False,0.0,indicator_not_uptrend
2017-06-30,2017-07-03,MULT3,False,21.7733326,,,False,,False,0.0,indicator_not_uptrend
2017-06-30,2017-07-03,PETR4,False,12.36999989,,,False,,False,0.0,indicator_not_uptrend
2017-06-30,2017-07-03,PSSA3,False,15.30500031,,,False,,False,0.0,indicator_not_uptrend
2017-06-30,2017-07-03,RADL3,False,13.21832466,,,False,,False,0.0,indicator_not_uptrend
2017-06-30,2017-07-03,RAIL3,False,8.64999962,,,False,,False,0.0,indicator_not_uptrend
2017-06-30,2017-07-03,RENT3,False,14.26614857,,,False,,False,0.0,indicator_not_uptrend
2017-06-30,2017-07-03,SANB11,True,24.00132751,-9.844933339122319,39.65798418854466,False,,False,0.0,nonpositive_momentum
2017-06-30,2017-07-03,SBSP3,True,6.13979578,14.87662030513035,37.42033330546434,True,4,False,0.0,eligible
2017-06-30,2017-07-03,SMTO3,False,17.20000076,,,False,,False,0.0,indicator_not_uptrend
2017-06-30,2017-07-03,SUZB3,False,20.01000023,,,False,,False,0.0,indicator_not_uptrend
2017-06-30,2017-07-03,TOTS3,False,10.00967407,,,False,,False,0.0,indicator_not_uptrend
2017-06-30,2017-07-03,UGPA3,False,35.71543502,,,False,,False,0.0,indicator_not_uptrend
2017-06-30,2017-07-03,USIM5,True,4.5999999,12.195122248661526,54.00372159418574,True,8,False,0.0,eligible
2017-06-30,2017-07-03,VALE3,True,29.0,12.142302072436028,36.68006103150438,True,9,False,0.0,eligible
2017-06-30,2017-07-03,WEGE3,False,6.80769205,,,False,,False,0.0,indicator_not_uptrend
2017-07-31,2017-08-01,ABEV3,True,19.14999962,10.565819646385922,17.855031184090198,True,11,False,0.0,eligible
2017-07-31,2017-08-01,B3SA3,True,6.82999992,11.540560382852139,25.976239469208185,True,10,False,0.0,eligible
2017-07-31,2017-08-01,BBAS3,True,14.35000038,-8.56960392842161,52.09094401440707,False,,False,0.0,nonpositive_momentum
2017-07-31,2017-08-01,BBDC4,True,17.18347931,0.816629883616149,34.605709348100675,True,16,False,0.0,eligible
2017-07-31,2017-08-01,BBSE3,False,27.45000076,,,False,,False,0.0,indicator_not_uptrend
2017-07-31,2017-08-01,BPAC11,True,3.79999995,,,False,,False,0.0,insufficient_history
2017-07-31,2017-08-01,BRAP4,True,10.63962173,7.099766267487984,37.734501276069075,True,12,False,0.0,eligible
2017-07-31,2017-08-01,CMIG4,True,4.20993519,-4.804482514333475,53.12649859257491,False,,False,0.0,nonpositive_momentum
2017-07-31,2017-08-01,CPFE3,True,26.86000061,5.914826356149683,2.6071153142589507,True,13,False,0.0,eligible
2017-07-31,2017-08-01,CPLE3,True,2.11999989,-6.153172479331415,42.91487010544886,False,,False,0.0,nonpositive_momentum
2017-07-31,2017-08-01,CSMG3,True,14.12666607,0.9528338340405895,39.51332129645731,True,15,False,0.0,eligible
2017-07-31,2017-08-01,CSNA3,True,7.61999989,-37.02479627525433,54.559226376521266,False,,False,0.0,nonpositive_momentum
2017-07-31,2017-08-01,CYRE3,True,12.23999977,-4.075238641277035,46.351826732677175,False,,False,0.0,nonpositive_momentum
2017-07-31,2017-08-01,EGIE3,True,20.0,-3.0470873305144752,17.826019769109955,False,,False,0.0,nonpositive_momentum
2017-07-31,2017-08-01,ENEV3,True,3.4849999,16.848275155788105,23.430623968427252,True,7,False,0.0,eligible
2017-07-31,2017-08-01,ENGI11,True,22.56796074,22.660100641070137,31.740732185816157,True,5,False,0.0,eligible
2017-07-31,2017-08-01,EQTL3,True,11.32659912,-2.1570382957205703,23.439921512149077,False,,False,0.0,nonpositive_momentum
2017-07-31,2017-08-01,GGBR4,True,8.46031666,-15.194909171338422,43.31582108132015,False,,False,0.0,nonpositive_momentum
2017-07-31,2017-08-01,GOAU4,True,2.95889741,-31.389585455855638,91.06128125285343,False,,False,0.0,nonpositive_momentum
2017-07-31,2017-08-01,HYPE3,False,27.98999977,,,False,,False,0.0,indicator_not_uptrend
2017-07-31,2017-08-01,ITSA4,True,6.41872692,0.3362867054591545,27.132694415363595,True,17,False,0.0,eligible
2017-07-31,2017-08-01,ITUB4,True,21.95939827,-1.9185311477717626,30.854797841030123,False,,False,0.0,nonpositive_momentum
2017-07-31,2017-08-01,KLBN11,False,14.40143967,,,False,,False,0.0,indicator_not_uptrend
2017-07-31,2017-08-01,LREN3,True,21.83937645,29.593889953566443,31.77960332100993,True,4,False,0.0,eligible
2017-07-31,2017-08-01,MGLU3,True,12.76605034,195.18068584571134,68.74494626108718,True,1,True,1.0,eligible
2017-07-31,2017-08-01,MULT3,True,23.95999908,13.19684945206272,35.66789236162667,True,9,False,0.0,eligible
2017-07-31,2017-08-01,PETR4,True,13.28999996,-14.916773024381891,45.7577396245074,False,,False,0.0,nonpositive_momentum
2017-07-31,2017-08-01,PSSA3,True,15.75,14.337571212216126,29.26016465249523,True,8,False,0.0,eligible
2017-07-31,2017-08-01,RADL3,False,13.00904942,,,False,,False,0.0,indicator_not_uptrend
2017-07-31,2017-08-01,RAIL3,True,10.34000015,34.81095230966411,52.484843214156875,True,3,False,0.0,eligible
2017-07-31,2017-08-01,RENT3,True,16.39896202,43.40788803924451,29.941665090013487,True,2,False,0.0,eligible
2017-07-31,2017-08-01,SANB11,True,24.49095535,-19.29769341275901,35.883738376686516,False,,False,0.0,nonpositive_momentum
2017-07-31,2017-08-01,SBSP3,True,6.50632191,4.614902629946571,34.923775969569796,True,14,False,0.0,eligible
2017-07-31,2017-08-01,SMTO3,True,17.55999947,-13.026255527294916,36.400445087879866,False,,False,0.0,nonpositive_momentum
2017-07-31,2017-08-01,SUZB3,False,20.01000023,,,False,,False,0.0,indicator_not_uptrend
2017-07-31,2017-08-01,TOTS3,False,9.95657158,,,False,,False,0.0,indicator_not_uptrend
2017-07-31,2017-08-01,UGPA3,False,34.09368134,,,False,,False,0.0,indicator_not_uptrend
2017-07-31,2017-08-01,USIM5,True,5.17000008,-0.3853560649091703,46.762315462316494,False,,False,0.0,nonpositive_momentum
2017-07-31,2017-08-01,VALE3,True,31.29999924,-7.121666070846711,32.054182221752434,False,,False,0.0,nonpositive_momentum
2017-07-31,2017-08-01,WEGE3,True,7.28461504,17.348200651348343,22.99840844472459,True,6,False,0.0,eligible
2017-08-31,2017-09-01,ABEV3,True,19.86000061,14.2035727811489,12.724516275541411,True,11,False,0.0,eligible
2017-08-31,2017-09-01,B3SA3,True,7.37333298,17.659582473292,17.84104158461823,True,6,False,0.0,eligible
2017-08-31,2017-09-01,BBAS3,True,15.35000038,-11.983945450029164,28.027759261842018,False,,False,0.0,nonpositive_momentum
2017-08-31,2017-09-01,BBDC4,True,19.11299324,9.348727354172649,20.958966207898612,True,16,False,0.0,eligible
2017-08-31,2017-09-01,BBSE3,True,27.71999931,-6.351354884678562,22.42921800563354,False,,False,0.0,nonpositive_momentum
2017-08-31,2017-09-01,BPAC11,True,4.08500004,-12.853332480000002,36.36386721189142,False,,False,0.0,nonpositive_momentum
2017-08-31,2017-09-01,BRAP4,True,12.39137936,17.53388674186307,32.87375619075588,True,7,False,0.0,eligible
2017-08-31,2017-09-01,CMIG4,False,4.14075804,,,False,,False,0.0,indicator_not_uptrend
2017-08-31,2017-09-01,CPFE3,False,27.09000015,,,False,,False,0.0,indicator_not_uptrend
2017-08-31,2017-09-01,CPLE3,True,2.27200007,-17.231323823477464,32.65042704915353,False,,False,0.0,nonpositive_momentum
2017-08-31,2017-09-01,CSMG3,False,14.36999989,,,False,,False,0.0,indicator_not_uptrend
2017-08-31,2017-09-01,CSNA3,True,8.68999958,-27.462438116253885,42.54472719469034,False,,False,0.0,nonpositive_momentum
2017-08-31,2017-09-01,CYRE3,True,13.18000031,0.3044137668568814,27.069519078324834,True,20,False,0.0,eligible
2017-08-31,2017-09-01,EGIE3,True,20.62857056,-1.7419741129385935,16.775642218679067,False,,False,0.0,nonpositive_momentum
2017-08-31,2017-09-01,ENEV3,True,4.0,19.04762259070305,26.55672249309437,True,5,False,0.0,eligible
2017-08-31,2017-09-01,ENGI11,False,22.45013428,,,False,,False,0.0,indicator_not_uptrend
2017-08-31,2017-09-01,EQTL3,True,12.20955372,2.2073585805099993,16.653502557286718,True,18,False,0.0,eligible
2017-08-31,2017-09-01,GGBR4,True,9.40476131,-11.23595760979683,29.082945200920022,False,,False,0.0,nonpositive_momentum
2017-08-31,2017-09-01,GOAU4,True,3.18390926,-30.293820707374653,38.748699880397616,False,,False,0.0,nonpositive_momentum
2017-08-31,2017-09-01,HYPE3,True,29.51000023,8.253851727865523,20.657450047898397,True,17,False,0.0,eligible
2017-08-31,2017-09-01,ITSA4,True,7.07794809,2.102107983586099,16.930422931323644,True,19,False,0.0,eligible
2017-08-31,2017-09-01,ITUB4,True,23.74227715,0.22355027865657018,16.836914606552618,True,21,False,0.0,eligible
2017-08-31,2017-09-01,KLBN11,True,15.40954018,11.313392836304503,21.961399248229487,True,14,False,0.0,eligible
2017-08-31,2017-09-01,LREN3,True,22.80835915,29.163469072168912,21.8560601056623,True,4,False,0.0,eligible
2017-08-31,2017-09-01,MGLU3,True,19.76427269,191.26714738906264,52.22603009984952,True,1,True,1.0,eligible
2017-08-31,2017-09-01,MULT3,True,24.36333275,12.897742540862822,21.117043814701226,True,13,False,0.0,eligible
2017-08-31,2017-09-01,PETR4,True,13.64999962,-10.90078396731352,28.72137952200513,False,,False,0.0,nonpositive_momentum
2017-08-31,2017-09-01,PSSA3,True,17.375,16.88530285123575,24.99973113309273,True,8,False,0.0,eligible
2017-08-31,2017-09-01,RADL3,False,13.075037,,,False,,False,0.0,indicator_not_uptrend
2017-08-31,2017-09-01,RAIL3,False,10.32999992,,,False,,False,0.0,indicator_not_uptrend
2017-08-31,2017-09-01,RENT3,True,18.81615067,61.19490107636116,23.678025644470864,True,2,False,0.0,eligible
2017-08-31,2017-09-01,SANB11,True,26.91988945,-19.216365658061775,23.647211143726974,False,,False,0.0,nonpositive_momentum
2017-08-31,2017-09-01,SBSP3,False,6.23482084,,,False,,False,0.0,indicator_not_uptrend
2017-08-31,2017-09-01,SMTO3,True,17.45000076,-9.303529269220977,26.433956874184922,False,,False,0.0,nonpositive_momentum
2017-08-31,2017-09-01,SUZB3,False,20.01000023,,,False,,False,0.0,indicator_not_uptrend
2017-08-31,2017-09-01,TOTS3,True,10.30837059,16.416786194275957,25.07313304153893,True,9,False,0.0,eligible
2017-08-31,2017-09-01,UGPA3,True,33.84028244,13.401263107684237,21.378280399501907,True,12,False,0.0,eligible
2017-08-31,2017-09-01,USIM5,True,6.88999987,32.75529461169215,29.285750068673988,True,3,False,0.0,eligible
2017-08-31,2017-09-01,VALE3,True,35.08000183,10.24513567492118,29.609409560413486,True,15,False,0.0,eligible
2017-08-31,2017-09-01,WEGE3,True,7.86922979,15.527940031143217,20.116269299960656,True,10,False,0.0,eligible
2017-09-29,2017-10-02,ABEV3,True,21.04000092,16.888894,12.91248667198327,True,7,False,0.0,eligible
2017-09-29,2017-10-02,B3SA3,True,7.98333311,23.136247583613677,18.637386671985766,True,5,False,0.0,eligible
2017-09-29,2017-10-02,BBAS3,True,17.45000076,3.041046980322104,23.652222910761605,True,13,False,0.0,eligible
2017-09-29,2017-10-02,BBDC4,False,19.94968414,,,False,,False,0.0,indicator_not_uptrend
2017-09-29,2017-10-02,BBSE3,True,28.62999916,-1.9856211512075062,19.815015763671493,False,,False,0.0,nonpositive_momentum
2017-09-29,2017-10-02,BPAC11,True,4.7125001,-2.0779199999999998,33.51904098473351,False,,False,0.0,nonpositive_momentum
2017-09-29,2017-10-02,BRAP4,False,11.1098299,,,False,,False,0.0,indicator_not_uptrend
2017-09-29,2017-10-02,CMIG4,False,3.94310904,,,False,,False,0.0,indicator_not_uptrend
2017-09-29,2017-10-02,CPFE3,False,27.21999931,,,False,,False,0.0,indicator_not_uptrend
2017-09-29,2017-10-02,CPLE3,False,2.32999992,,,False,,False,0.0,indicator_not_uptrend
2017-09-29,2017-10-02,CSMG3,False,14.26666641,,,False,,False,0.0,indicator_not_uptrend
2017-09-29,2017-10-02,CSNA3,False,9.60999966,,,False,,False,0.0,indicator_not_uptrend
2017-09-29,2017-10-02,CYRE3,False,13.80000019,,,False,,False,0.0,indicator_not_uptrend
2017-09-29,2017-10-02,EGIE3,False,20.7142849,,,False,,False,0.0,indicator_not_uptrend
2017-09-29,2017-10-02,ENEV3,False,3.88750005,,,False,,False,0.0,indicator_not_uptrend
2017-09-29,2017-10-02,ENGI11,False,23.22052765,,,False,,False,0.0,indicator_not_uptrend
2017-09-29,2017-10-02,EQTL3,False,12.23552418,,,False,,False,0.0,indicator_not_uptrend
2017-09-29,2017-10-02,GGBR4,False,8.76190376,,,False,,False,0.0,indicator_not_uptrend
2017-09-29,2017-10-02,GOAU4,False,2.97577358,,,False,,False,0.0,indicator_not_uptrend
2017-09-29,2017-10-02,HYPE3,True,32.20000076,10.61490925884252,21.040273980035206,True,10,False,0.0,eligible
2017-09-29,2017-10-02,ITSA4,True,7.65389776,15.135700886606829,15.916297647800661,True,8,False,0.0,eligible
2017-09-29,2017-10-02,ITUB4,True,25.5075016,12.538941361124479,15.984864868956612,True,9,False,0.0,eligible
2017-09-29,2017-10-02,KLBN11,True,16.51665115,22.170443964232888,25.00840766859751,True,6,False,0.0,eligible
2017-09-29,2017-10-02,LREN3,True,26.87808418,42.99206936695823,23.329892432756363,True,1,True,1.0,eligible
2017-09-29,2017-10-02,MGLU3,False,20.65784073,,,False,,False,0.0,indicator_not_uptrend
2017-09-29,2017-10-02,MULT3,False,24.44333267,,,False,,False,0.0,indicator_not_uptrend
2017-09-29,2017-10-02,PETR4,True,15.30000019,4.294479254017847,28.951145074026545,True,12,False,0.0,eligible
2017-09-29,2017-10-02,PSSA3,True,18.83499908,30.481458482700894,26.628453792966482,True,3,False,0.0,eligible
2017-09-29,2017-10-02,RADL3,True,14.14027119,27.507658414861712,18.034580005782896,True,4,False,0.0,eligible
2017-09-29,2017-10-02,RAIL3,True,12.09000015,36.302145433284764,29.529520195840202,True,2,False,0.0,eligible
2017-09-29,2017-10-02,RENT3,False,18.23476028,,,False,,False,0.0,indicator_not_uptrend
2017-09-29,2017-10-02,SANB11,False,26.5358696,,,False,,False,0.0,indicator_not_uptrend
2017-09-29,2017-10-02,SBSP3,True,6.4539609,-0.6567255165485175,26.946355700548917,False,,False,0.0,nonpositive_momentum
2017-09-29,2017-10-02,SMTO3,True,17.79000092,1.9484249008135723,22.864861318046508,True,14,False,0.0,eligible
2017-09-29,2017-10-02,SUZB3,False,20.01000023,,,False,,False,0.0,indicator_not_uptrend
2017-09-29,2017-10-02,TOTS3,False,10.38802433,,,False,,False,0.0,indicator_not_uptrend
2017-09-29,2017-10-02,UGPA3,True,34.6972351,4.684464919324283,21.618790865824604,True,11,False,0.0,eligible
2017-09-29,2017-10-02,USIM5,False,7.78000021,,,False,,False,0.0,indicator_not_uptrend
2017-09-29,2017-10-02,VALE3,False,31.87000084,,,False,,False,0.0,indicator_not_uptrend
2017-09-29,2017-10-02,WEGE3,False,8.23076916,,,False,,False,0.0,indicator_not_uptrend
2017-10-31,2017-11-01,ABEV3,False,20.89999962,,,False,,False,0.0,indicator_not_uptrend
2017-10-31,2017-11-01,B3SA3,False,7.96666622,,,False,,False,0.0,indicator_not_uptrend
2017-10-31,2017-11-01,BBAS3,False,17.21999931,,,False,,False,0.0,indicator_not_uptrend
2017-10-31,2017-11-01,BBDC4,False,19.73908806,,,False,,False,0.0,indicator_not_uptrend
2017-10-31,2017-11-01,BBSE3,False,27.72999954,,,False,,False,0.0,indicator_not_uptrend
2017-10-31,2017-11-01,BPAC11,True,5.50250006,18.333332078853083,29.72637881198359,True,3,False,0.0,eligible
2017-10-31,2017-11-01,BRAP4,False,11.06373215,,,False,,False,0.0,indicator_not_uptrend
2017-10-31,2017-11-01,CMIG4,False,3.94025707,,,False,,False,0.0,indicator_not_uptrend
2017-10-31,2017-11-01,CPFE3,False,27.5,,,False,,False,0.0,indicator_not_uptrend
2017-10-31,2017-11-01,CPLE3,False,2.148,,,False,,False,0.0,indicator_not_uptrend
2017-10-31,2017-11-01,CSMG3,False,13.13333321,,,False,,False,0.0,indicator_not_uptrend
2017-10-31,2017-11-01,CSNA3,False,8.43000031,,,False,,False,0.0,indicator_not_uptrend
2017-10-31,2017-11-01,CYRE3,False,12.80000019,,,False,,False,0.0,indicator_not_uptrend
2017-10-31,2017-11-01,EGIE3,False,20.45714188,,,False,,False,0.0,indicator_not_uptrend
2017-10-31,2017-11-01,ENEV3,False,3.3375001,,,False,,False,0.0,indicator_not_uptrend
2017-10-31,2017-11-01,ENGI11,False,22.40481758,,,False,,False,0.0,indicator_not_uptrend
2017-10-31,2017-11-01,EQTL3,False,12.18558311,,,False,,False,0.0,indicator_not_uptrend
2017-10-31,2017-11-01,GGBR4,False,8.69047642,,,False,,False,0.0,indicator_not_uptrend
2017-10-31,2017-11-01,GOAU4,False,2.8745182,,,False,,False,0.0,indicator_not_uptrend
2017-10-31,2017-11-01,HYPE3,False,34.20000076,,,False,,False,0.0,indicator_not_uptrend
2017-10-31,2017-11-01,ITSA4,False,7.27224398,,,False,,False,0.0,indicator_not_uptrend
2017-10-31,2017-11-01,ITUB4,False,24.74257088,,,False,,False,0.0,indicator_not_uptrend
2017-10-31,2017-11-01,KLBN11,False,17.01170158,,,False,,False,0.0,indicator_not_uptrend
2017-10-31,2017-11-01,LREN3,False,25.7003994,,,False,,False,0.0,indicator_not_uptrend
2017-10-31,2017-11-01,MGLU3,False,17.74608994,,,False,,False,0.0,indicator_not_uptrend
2017-10-31,2017-11-01,MULT3,False,23.83333206,,,False,,False,0.0,indicator_not_uptrend
2017-10-31,2017-11-01,PETR4,True,16.77000046,19.105117580142704,25.340150390669592,True,2,False,0.0,eligible
2017-10-31,2017-11-01,PSSA3,False,17.85499954,,,False,,False,0.0,indicator_not_uptrend
2017-10-31,2017-11-01,RADL3,False,14.74547482,,,False,,False,0.0,indicator_not_uptrend
2017-10-31,2017-11-01,RAIL3,True,12.69999981,36.85345021017581,30.13976920460808,True,1,True,1.0,eligible
2017-10-31,2017-11-01,RENT3,False,18.28531647,,,False,,False,0.0,indicator_not_uptrend
2017-10-31,2017-11-01,SANB11,False,27.46711922,,,False,,False,0.0,indicator_not_uptrend
2017-10-31,2017-11-01,SBSP3,False,5.77908802,,,False,,False,0.0,indicator_not_uptrend
2017-10-31,2017-11-01,SMTO3,False,18.40999985,,,False,,False,0.0,indicator_not_uptrend
2017-10-31,2017-11-01,SUZB3,False,20.01000023,,,False,,False,0.0,indicator_not_uptrend
2017-10-31,2017-11-01,TOTS3,True,10.81283665,10.628170987450215,21.16352365663748,True,4,False,0.0,eligible
2017-10-31,2017-11-01,UGPA3,True,35.98265838,5.683356539640738,17.43214873478667,True,5,False,0.0,eligible
2017-10-31,2017-11-01,USIM5,False,8.81000042,,,False,,False,0.0,indicator_not_uptrend
2017-10-31,2017-11-01,VALE3,False,32.09999847,,,False,,False,0.0,indicator_not_uptrend
2017-10-31,2017-11-01,WEGE3,False,8.18461514,,,False,,False,0.0,indicator_not_uptrend
2017-11-30,2017-12-01,ABEV3,False,20.55999947,,,False,,False,0.0,indicator_not_uptrend
2017-11-30,2017-12-01,B3SA3,False,7.74666595,,,False,,False,0.0,indicator_not_uptrend
2017-11-30,2017-12-01,BBAS3,False,14.96500015,,,False,,False,0.0,indicator_not_uptrend
2017-11-30,2017-12-01,BBDC4,False,18.58365631,,,False,,False,0.0,indicator_not_uptrend
2017-11-30,2017-12-01,BBSE3,False,26.87999916,,,False,,False,0.0,indicator_not_uptrend
2017-11-30,2017-12-01,BPAC11,False,4.75,,,False,,False,0.0,indicator_not_uptrend
2017-11-30,2017-12-01,BRAP4,True,11.66762733,39.83427062659752,32.44541571090421,True,1,True,1.0,eligible
2017-11-30,2017-12-01,CMIG4,False,3.36425591,,,False,,False,0.0,indicator_not_uptrend
2017-11-30,2017-12-01,CPFE3,False,20.98999977,,,False,,False,0.0,indicator_not_uptrend
2017-11-30,2017-12-01,CPLE3,False,1.97500002,,,False,,False,0.0,indicator_not_uptrend
2017-11-30,2017-12-01,CSMG3,True,13.63333321,13.171005490178711,20.737566225418654,True,8,False,0.0,eligible
2017-11-30,2017-12-01,CSNA3,False,7.36000013,,,False,,False,0.0,indicator_not_uptrend
2017-11-30,2017-12-01,CYRE3,False,12.18000031,,,False,,False,0.0,indicator_not_uptrend
2017-11-30,2017-12-01,EGIE3,False,20.24571419,,,False,,False,0.0,indicator_not_uptrend
2017-11-30,2017-12-01,ENEV3,True,3.48749995,-0.3571442857142837,44.7239140661261,False,,False,0.0,nonpositive_momentum
2017-11-30,2017-12-01,ENGI11,True,22.94862366,12.483337884198509,23.559723260989646,True,9,False,0.0,eligible
2017-11-30,2017-12-01,EQTL3,True,12.77488613,20.705935857869974,18.403433855570732,True,5,False,0.0,eligible
2017-11-30,2017-12-01,GGBR4,True,8.79364967,18.629545128130754,33.784147359740835,True,6,False,0.0,eligible
2017-11-30,2017-12-01,GOAU4,False,2.85201748,,,False,,False,0.0,indicator_not_uptrend
2017-11-30,2017-12-01,HYPE3,False,32.84999847,,,False,,False,0.0,indicator_not_uptrend
2017-11-30,2017-12-01,ITSA4,False,7.2028532,,,False,,False,0.0,indicator_not_uptrend
2017-11-30,2017-12-01,ITUB4,False,24.2836113,,,False,,False,0.0,indicator_not_uptrend
2017-11-30,2017-12-01,KLBN11,False,16.06660652,,,False,,False,0.0,indicator_not_uptrend
2017-11-30,2017-12-01,LREN3,False,25.29044533,,,False,,False,0.0,indicator_not_uptrend
2017-11-30,2017-12-01,MGLU3,False,15.81698513,,,False,,False,0.0,indicator_not_uptrend
2017-11-30,2017-12-01,MULT3,False,23.18000031,,,False,,False,0.0,indicator_not_uptrend
2017-11-30,2017-12-01,PETR4,False,15.38000011,,,False,,False,0.0,indicator_not_uptrend
2017-11-30,2017-12-01,PSSA3,False,17.91500092,,,False,,False,0.0,indicator_not_uptrend
2017-11-30,2017-12-01,RADL3,True,16.59125137,16.927980192949722,22.65136672914326,True,7,False,0.0,eligible
2017-11-30,2017-12-01,RAIL3,False,13.02000046,,,False,,False,0.0,indicator_not_uptrend
2017-11-30,2017-12-01,RENT3,True,18.98677444,34.85187242511596,25.001123640432738,True,2,False,0.0,eligible
2017-11-30,2017-12-01,SANB11,False,27.7455349,,,False,,False,0.0,indicator_not_uptrend
2017-11-30,2017-12-01,SBSP3,True,6.34148312,10.026920587255317,29.44248196254346,True,10,False,0.0,eligible
2017-11-30,2017-12-01,SMTO3,False,17.10000038,,,False,,False,0.0,indicator_not_uptrend
2017-11-30,2017-12-01,SUZB3,False,17.51000023,,,False,,False,0.0,indicator_not_uptrend
2017-11-30,2017-12-01,TOTS3,False,10.04618073,,,False,,False,0.0,indicator_not_uptrend
2017-11-30,2017-12-01,UGPA3,False,32.34292602,,,False,,False,0.0,indicator_not_uptrend
2017-11-30,2017-12-01,USIM5,False,8.56000042,,,False,,False,0.0,indicator_not_uptrend
2017-11-30,2017-12-01,VALE3,True,35.13999939,32.854436220439624,29.690476133917294,True,3,False,0.0,eligible
2017-11-30,2017-12-01,WEGE3,True,8.80000019,21.058218314237422,27.956773762380966,True,4,False,0.0,eligible
2017-12-29,2018-01-02,ABEV3,True,21.28000069,19.685038606148673,13.576023372485283,True,14,False,0.0,eligible
2017-12-29,2018-01-02,B3SA3,False,7.59333277,,,False,,False,0.0,indicator_not_uptrend
2017-12-29,2018-01-02,BBAS3,True,15.90999985,17.895516707558844,31.698362759906917,True,16,False,0.0,eligible
2017-12-29,2018-01-02,BBDC4,True,19.26667023,21.67505255920805,22.315309804131253,True,12,False,0.0,eligible
2017-12-29,2018-01-02,BBSE3,True,28.48999977,4.168187839710735,18.700734450211776,True,25,False,0.0,eligible
2017-12-29,2018-01-02,BPAC11,False,4.74749994,,,False,,False,0.0,indicator_not_uptrend
2017-12-29,2018-01-02,BRAP4,True,13.23959923,37.088308500442714,31.917777041861857,True,4,False,0.0,eligible
2017-12-29,2018-01-02,CMIG4,True,3.50188398,-17.11044589500973,34.22561255570793,False,,False,0.0,nonpositive_momentum
2017-12-29,2018-01-02,CPFE3,False,19.35000038,,,False,,False,0.0,indicator_not_uptrend
2017-12-29,2018-01-02,CPLE3,True,2.1400001,8.629445046252094,27.622353384526054,True,23,False,0.0,eligible
2017-12-29,2018-01-02,CSMG3,True,14.46333313,-2.274777403229211,20.08857775776113,False,,False,0.0,nonpositive_momentum
2017-12-29,2018-01-02,CSNA3,True,8.38000011,18.696886419520276,44.39369456013371,True,15,False,0.0,eligible
2017-12-29,2018-01-02,CYRE3,True,13.22000027,22.068332111308074,27.570564371829327,True,11,False,0.0,eligible
2017-12-29,2018-01-02,EGIE3,False,20.29142761,,,False,,False,0.0,indicator_not_uptrend
2017-12-29,2018-01-02,ENEV3,True,3.4749999,3.7313433949654806,41.50912612172938,True,26,False,0.0,eligible
2017-12-29,2018-01-02,ENGI11,True,24.74318504,16.318702838570175,22.259332365896572,True,18,False,0.0,eligible
2017-12-29,2018-01-02,EQTL3,False,13.11448383,,,False,,False,0.0,indicator_not_uptrend
2017-12-29,2018-01-02,GGBR4,True,9.82539558,15.377432544508052,30.082544235801205,True,19,False,0.0,eligible
2017-12-29,2018-01-02,GOAU4,True,3.25703741,9.867178010592937,39.766428119850275,True,21,False,0.0,eligible
2017-12-29,2018-01-02,HYPE3,True,36.0,30.198916798393793,20.7641195696578,True,8,False,0.0,eligible
2017-12-29,2018-01-02,ITSA4,True,7.50817585,20.48997068296363,20.84830256134265,True,13,False,0.0,eligible
2017-12-29,2018-01-02,ITUB4,True,25.05442619,16.625579906281153,20.970621005669518,True,17,False,0.0,eligible
2017-12-29,2018-01-02,KLBN11,False,15.84158421,,,False,,False,0.0,indicator_not_uptrend
2017-12-29,2018-01-02,LREN3,True,26.45322418,29.47829771157342,27.813659603715102,True,9,False,0.0,eligible
2017-12-29,2018-01-02,MGLU3,True,22.33084488,147.401718605132,66.70115341199785,True,1,True,1.0,eligible
2017-12-29,2018-01-02,MULT3,True,23.63333321,9.752324025055415,18.026746504847196,True,22,False,0.0,eligible
2017-12-29,2018-01-02,PETR4,True,16.10000038,32.29252484935073,28.25165448210335,True,6,False,0.0,eligible
2017-12-29,2018-01-02,PSSA3,False,18.16500092,,,False,,False,0.0,indicator_not_uptrend
2017-12-29,2018-01-02,RADL3,True,17.30769157,31.782942857822306,20.422002430651357,True,7,False,0.0,eligible
2017-12-29,2018-01-02,RAIL3,False,12.97000027,,,False,,False,0.0,indicator_not_uptrend
2017-12-29,2018-01-02,RENT3,True,20.91104698,45.738827774273986,24.76272070867114,True,2,False,0.0,eligible
2017-12-29,2018-01-02,SANB11,True,30.6064949,26.961377255778963,30.370228670962913,True,10,False,0.0,eligible
2017-12-29,2018-01-02,SBSP3,True,6.65758705,8.296538191520453,27.58971860139856,True,24,False,0.0,eligible
2017-12-29,2018-01-02,SMTO3,True,19.29999924,14.949363802655458,18.10548310403568,True,20,False,0.0,eligible
2017-12-29,2018-01-02,SUZB3,True,18.69000053,-6.596700074100903,24.101453731033352,False,,False,0.0,nonpositive_momentum
2017-12-29,2018-01-02,TOTS3,False,9.92006493,,,False,,False,0.0,indicator_not_uptrend
2017-12-29,2018-01-02,UGPA3,True,34.55440902,-2.305585488452433,20.761810044096592,False,,False,0.0,nonpositive_momentum
2017-12-29,2018-01-02,USIM5,False,9.10000038,,,False,,False,0.0,indicator_not_uptrend
2017-12-29,2018-01-02,VALE3,True,40.25999832,39.21161206303842,28.13480767427356,True,3,False,0.0,eligible
2017-12-29,2018-01-02,WEGE3,True,9.27307606,36.060949499761904,26.93072800183668,True,5,False,0.0,eligible
2018-01-31,2018-02-01,ABEV3,True,21.95000076,13.436694206411183,11.96419695746131,True,22,False,0.0,eligible
2018-01-31,2018-02-01,B3SA3,True,8.69333267,21.302327101741625,25.23214716738803,True,17,False,0.0,eligible
2018-01-31,2018-02-01,BBAS3,True,19.84000015,26.57097230950656,35.344718456740594,True,14,False,0.0,eligible
2018-01-31,2018-02-01,BBDC4,True,23.19399834,30.025532836643933,25.90683552256463,True,11,False,0.0,eligible
2018-01-31,2018-02-01,BBSE3,True,31.11000061,15.478841863259607,20.310161468811884,True,21,False,0.0,eligible
2018-01-31,2018-02-01,BPAC11,True,5.2874999,37.695313123067244,22.62296411406421,True,5,False,0.0,eligible
2018-01-31,2018-02-01,BRAP4,False,14.42434025,,,False,,False,0.0,indicator_not_uptrend
2018-01-31,2018-02-01,CMIG4,True,3.82301807,-14.603049621255037,38.60505785122083,False,,False,0.0,nonpositive_momentum
2018-01-31,2018-02-01,CPFE3,True,21.45000076,-20.349051195387823,46.33438686788393,False,,False,0.0,nonpositive_momentum
2018-01-31,2018-02-01,CPLE3,True,2.171,-0.4128472344498757,27.47291415992232,False,,False,0.0,nonpositive_momentum
2018-01-31,2018-02-01,CSMG3,True,15.03333282,2.6166089415912364,18.833225698850402,True,28,False,0.0,eligible
2018-01-31,2018-02-01,CSNA3,True,10.98999977,28.990600664826726,45.555895414044,True,12,False,0.0,eligible
2018-01-31,2018-02-01,CYRE3,True,14.97999954,20.61191178349815,28.086053176924015,True,18,False,0.0,eligible
2018-01-31,2018-02-01,EGIE3,True,20.5371418,-0.9644566961013235,20.792468350490015,False,,False,0.0,nonpositive_momentum
2018-01-31,2018-02-01,ENEV3,False,3.46000004,,,False,,False,0.0,indicator_not_uptrend
2018-01-31,2018-02-01,ENGI11,True,27.64348412,19.748721133628464,24.219830737522287,True,20,False,0.0,eligible
2018-01-31,2018-02-01,EQTL3,True,13.98345566,20.295586812482114,17.774108218828736,True,19,False,0.0,eligible
2018-01-31,2018-02-01,GGBR4,True,11.42857075,24.245041693577395,36.949324324368895,True,15,False,0.0,eligible
2018-01-31,2018-02-01,GOAU4,True,3.87019356,22.857138911762085,39.51226267469962,True,16,False,0.0,eligible
2018-01-31,2018-02-01,HYPE3,False,36.34000015,,,False,,False,0.0,indicator_not_uptrend
2018-01-31,2018-02-01,ITSA4,True,9.19439316,34.92872948526957,24.66055814641789,True,8,False,0.0,eligible
2018-01-31,2018-02-01,ITUB4,True,30.75021935,32.909462809237056,25.550909059491637,True,9,False,0.0,eligible
2018-01-31,2018-02-01,KLBN11,True,16.03060341,9.938274423967442,27.72621665364668,True,24,False,0.0,eligible
2018-01-31,2018-02-01,LREN3,True,28.21975327,27.948626450780758,27.939965002239415,True,13,False,0.0,eligible
2018-01-31,2018-02-01,MGLU3,True,23.53897095,69.12000446369879,58.681194278038994,True,2,False,0.0,eligible
2018-01-31,2018-02-01,MULT3,True,24.18000031,-0.4938227726463018,19.671638751245965,False,,False,0.0,nonpositive_momentum
2018-01-31,2018-02-01,PETR4,True,19.70000076,45.38745744475152,32.46181298448161,True,4,False,0.0,eligible
2018-01-31,2018-02-01,PSSA3,True,22.09000015,36.022170337752414,24.51613808281573,True,6,False,0.0,eligible
2018-01-31,2018-02-01,RADL3,False,15.91817379,,,False,,False,0.0,indicator_not_uptrend
2018-01-31,2018-02-01,RAIL3,True,14.27000046,31.158091137188435,41.76789394796834,True,10,False,0.0,eligible
2018-01-31,2018-02-01,RENT3,True,24.43729782,50.760232816319096,30.910729186061147,True,3,False,0.0,eligible
2018-01-31,2018-02-01,SANB11,True,34.40830231,35.09234316800931,29.80446220003335,True,7,False,0.0,eligible
2018-01-31,2018-02-01,SBSP3,True,7.05514193,7.888501411380289,28.752456830671342,True,26,False,0.0,eligible
2018-01-31,2018-02-01,SMTO3,True,18.85000038,8.708190409098693,17.813239986210256,True,25,False,0.0,eligible
2018-01-31,2018-02-01,SUZB3,True,20.65999985,3.2483738757058456,29.81224085363904,True,27,False,0.0,eligible
2018-01-31,2018-02-01,TOTS3,True,10.78628731,2.201255882588704,25.961050104294394,True,29,False,0.0,eligible
2018-01-31,2018-02-01,UGPA3,True,37.56755066,13.360208114933503,21.332420696047166,True,23,False,0.0,eligible
2018-01-31,2018-02-01,USIM5,True,11.85999966,104.48274606004797,52.12990261824948,True,1,True,1.0,eligible
2018-01-31,2018-02-01,VALE3,False,41.45000076,,,False,,False,0.0,indicator_not_uptrend
2018-01-31,2018-02-01,WEGE3,False,9.1153841,,,False,,False,0.0,indicator_not_uptrend
2018-02-28,2018-03-01,ABEV3,False,22.0,,,False,,False,0.0,indicator_not_uptrend
2018-02-28,2018-03-01,B3SA3,True,8.53999996,15.822789817909456,25.957676772246707,True,20,False,0.0,eligible
2018-02-28,2018-03-01,BBAS3,True,20.89999962,36.1563459453152,33.97130662895297,True,7,False,0.0,eligible
2018-02-28,2018-03-01,BBDC4,True,22.06702614,15.455626771309404,26.43356854619567,True,21,False,0.0,eligible
2018-02-28,2018-03-01,BBSE3,False,29.10000038,,,False,,False,0.0,indicator_not_uptrend
2018-02-28,2018-03-01,BPAC11,True,5.76000023,41.003676220282244,23.931252273403675,True,3,False,0.0,eligible
2018-02-28,2018-03-01,BRAP4,True,15.75198841,27.12054043675085,31.847572978884507,True,15,False,0.0,eligible
2018-02-28,2018-03-01,CMIG4,True,4.18492985,1.0667566076862478,39.07689500913443,True,25,False,0.0,eligible
2018-02-28,2018-03-01,CPFE3,True,24.06999969,-11.14802673782932,47.67177720475895,False,,False,0.0,nonpositive_momentum
2018-02-28,2018-03-01,CPLE3,True,2.28999996,0.7922486551684038,25.94420738552205,True,26,False,0.0,eligible
2018-02-28,2018-03-01,CSMG3,False,14.6833334,,,False,,False,0.0,indicator_not_uptrend
2018-02-28,2018-03-01,CSNA3,False,10.14999962,,,False,,False,0.0,indicator_not_uptrend
2018-02-28,2018-03-01,CYRE3,True,15.34000015,16.388465775385086,24.68942592761239,True,19,False,0.0,eligible
2018-02-28,2018-03-01,EGIE3,True,22.37142754,8.448753028867163,17.472285281751677,True,23,False,0.0,eligible
2018-02-28,2018-03-01,ENEV3,False,3.38000011,,,False,,False,0.0,indicator_not_uptrend
2018-02-28,2018-03-01,ENGI11,True,29.90934372,33.22567850583029,23.715542063526225,True,8,False,0.0,eligible
2018-02-28,2018-03-01,EQTL3,True,14.3030777,17.14660525692007,17.111424965798,True,17,False,0.0,eligible
2018-02-28,2018-03-01,GGBR4,True,13.19047642,40.253175867150205,43.98236479328128,True,4,False,0.0,eligible
2018-02-28,2018-03-01,GOAU4,True,4.43272121,39.222598636495064,37.599772863640766,True,5,False,0.0,eligible
2018-02-28,2018-03-01,HYPE3,False,34.52000046,,,False,,False,0.0,indicator_not_uptrend
2018-02-28,2018-03-01,ITSA4,True,9.10418415,28.62745013435102,30.420837326392032,True,12,False,0.0,eligible
2018-02-28,2018-03-01,ITUB4,True,29.64401245,24.857494766461375,29.016923388442905,True,16,False,0.0,eligible
2018-02-28,2018-03-01,KLBN11,True,16.11161041,4.556075144352567,23.765628634775425,True,24,False,0.0,eligible
2018-02-28,2018-03-01,LREN3,False,25.73021317,,,False,,False,0.0,indicator_not_uptrend
2018-02-28,2018-03-01,MGLU3,True,25.3455925,28.239439404334597,50.196652307412904,True,14,False,0.0,eligible
2018-02-28,2018-03-01,MULT3,False,23.39999962,,,False,,False,0.0,indicator_not_uptrend
2018-02-28,2018-03-01,PETR4,True,21.45999908,57.216114852902834,31.594640774588,True,2,False,0.0,eligible
2018-02-28,2018-03-01,PSSA3,True,22.89500046,31.769786820143885,28.19522930358815,True,9,False,0.0,eligible
2018-02-28,2018-03-01,RADL3,False,14.65686226,,,False,,False,0.0,indicator_not_uptrend
2018-02-28,2018-03-01,RAIL3,True,14.23999977,37.850918492553085,35.777704411473344,True,6,False,0.0,eligible
2018-02-28,2018-03-01,RENT3,True,24.58896446,30.680099725200606,30.664024736685363,True,11,False,0.0,eligible
2018-02-28,2018-03-01,SANB11,True,35.30115509,31.134101258354164,28.80656746709055,True,10,False,0.0,eligible
2018-02-28,2018-03-01,SBSP3,True,7.30143213,17.107328620528573,26.025044219822608,True,18,False,0.0,eligible
2018-02-28,2018-03-01,SMTO3,False,18.35000038,,,False,,False,0.0,indicator_not_uptrend
2018-02-28,2018-03-01,SUZB3,True,21.75,8.695650924537745,32.56829445767228,True,22,False,0.0,eligible
2018-02-28,2018-03-01,TOTS3,False,10.13579082,,,False,,False,0.0,indicator_not_uptrend
2018-02-28,2018-03-01,UGPA3,False,34.71105576,,,False,,False,0.0,indicator_not_uptrend
2018-02-28,2018-03-01,USIM5,True,12.31999969,78.80986825040391,42.47328424339571,True,1,True,1.0,eligible
2018-02-28,2018-03-01,VALE3,True,45.04999924,28.420743699830076,31.0750329987481,True,13,False,0.0,eligible
2018-02-28,2018-03-01,WEGE3,False,9.00384617,,,False,,False,0.0,indicator_not_uptrend
2018-03-29,2018-04-02,ABEV3,True,24.06999969,14.401134208695643,15.426909507702474,True,5,False,0.0,eligible
2018-03-29,2018-04-02,B3SA3,False,8.89666557,,,False,,False,0.0,indicator_not_uptrend
2018-03-29,2018-04-02,BBAS3,False,20.51499939,,,False,,False,0.0,indicator_not_uptrend
2018-03-29,2018-04-02,BBDC4,False,22.48252678,,,False,,False,0.0,indicator_not_uptrend
2018-03-29,2018-04-02,BBSE3,False,29.27000046,,,False,,False,0.0,indicator_not_uptrend
2018-03-29,2018-04-02,BPAC11,False,5.75,,,False,,False,0.0,indicator_not_uptrend
2018-03-29,2018-04-02,BRAP4,False,14.51653767,,,False,,False,0.0,indicator_not_uptrend
2018-03-29,2018-04-02,CMIG4,True,4.36333799,10.65729975349603,37.797619687625726,True,8,False,0.0,eligible
2018-03-29,2018-04-02,CPFE3,True,24.90999985,-8.48640528492357,20.84448042025173,False,,False,0.0,nonpositive_momentum
2018-03-29,2018-04-02,CPLE3,True,2.30299997,-1.1587961771260535,24.410620724177072,False,,False,0.0,nonpositive_momentum
2018-03-29,2018-04-02,CSMG3,True,16.02666664,12.33645043222118,20.630307882645297,True,7,False,0.0,eligible
2018-03-29,2018-04-02,CSNA3,False,8.80000019,,,False,,False,0.0,indicator_not_uptrend
2018-03-29,2018-04-02,CYRE3,False,15.28999996,,,False,,False,0.0,indicator_not_uptrend
2018-03-29,2018-04-02,EGIE3,False,22.37714195,,,False,,False,0.0,indicator_not_uptrend
2018-03-29,2018-04-02,ENEV3,False,3.29999995,,,False,,False,0.0,indicator_not_uptrend
2018-03-29,2018-04-02,ENGI11,False,31.45012856,,,False,,False,0.0,indicator_not_uptrend
2018-03-29,2018-04-02,EQTL3,False,14.28310108,,,False,,False,0.0,indicator_not_uptrend
2018-03-29,2018-04-02,GGBR4,False,12.3015871,,,False,,False,0.0,indicator_not_uptrend
2018-03-29,2018-04-02,GOAU4,False,4.0164502,,,False,,False,0.0,indicator_not_uptrend
2018-03-29,2018-04-02,HYPE3,False,36.15999985,,,False,,False,0.0,indicator_not_uptrend
2018-03-29,2018-04-02,ITSA4,False,9.56910801,,,False,,False,0.0,indicator_not_uptrend
2018-03-29,2018-04-02,ITUB4,False,30.19123268,,,False,,False,0.0,indicator_not_uptrend
2018-03-29,2018-04-02,KLBN11,True,18.63186264,12.806539720371823,21.90463417154933,True,6,False,0.0,eligible
2018-03-29,2018-04-02,LREN3,False,25.60350037,,,False,,False,0.0,indicator_not_uptrend
2018-03-29,2018-04-02,MGLU3,True,27.25521088,31.93639759463862,44.555586127982835,True,3,False,0.0,eligible
2018-03-29,2018-04-02,MULT3,False,22.89333344,,,False,,False,0.0,indicator_not_uptrend
2018-03-29,2018-04-02,PETR4,False,21.40999985,,,False,,False,0.0,indicator_not_uptrend
2018-03-29,2018-04-02,PSSA3,True,24.28000069,28.9089560709445,28.365341290936524,True,4,False,0.0,eligible
2018-03-29,2018-04-02,RADL3,False,14.10256386,,,False,,False,0.0,indicator_not_uptrend
2018-03-29,2018-04-02,RAIL3,False,13.14999962,,,False,,False,0.0,indicator_not_uptrend
2018-03-29,2018-04-02,RENT3,True,27.2241745,49.29823086218275,34.18886461766379,True,2,False,0.0,eligible
2018-03-29,2018-04-02,SANB11,False,38.3157196,,,False,,False,0.0,indicator_not_uptrend
2018-03-29,2018-04-02,SBSP3,False,6.78751993,,,False,,False,0.0,indicator_not_uptrend
2018-03-29,2018-04-02,SMTO3,False,17.53000069,,,False,,False,0.0,indicator_not_uptrend
2018-03-29,2018-04-02,SUZB3,True,33.36000061,66.71664281135294,56.76379001831302,True,1,True,1.0,eligible
2018-03-29,2018-04-02,TOTS3,False,9.56162834,,,False,,False,0.0,indicator_not_uptrend
2018-03-29,2018-04-02,UGPA3,False,32.67464828,,,False,,False,0.0,indicator_not_uptrend
2018-03-29,2018-04-02,USIM5,False,10.92000008,,,False,,False,0.0,indicator_not_uptrend
2018-03-29,2018-04-02,VALE3,False,42.20999908,,,False,,False,0.0,indicator_not_uptrend
2018-03-29,2018-04-02,WEGE3,False,8.69615269,,,False,,False,0.0,indicator_not_uptrend
2018-04-30,2018-05-02,ABEV3,False,23.32999992,,,False,,False,0.0,indicator_not_uptrend
2018-04-30,2018-05-02,B3SA3,False,8.4333334,,,False,,False,0.0,indicator_not_uptrend
2018-04-30,2018-05-02,BBAS3,False,18.35000038,,,False,,False,0.0,indicator_not_uptrend
2018-04-30,2018-05-02,BBDC4,False,21.64412689,,,False,,False,0.0,indicator_not_uptrend
2018-04-30,2018-05-02,BBSE3,False,27.47999954,,,False,,False,0.0,indicator_not_uptrend
2018-04-30,2018-05-02,BPAC11,False,5.59499979,,,False,,False,0.0,indicator_not_uptrend
2018-04-30,2018-05-02,BRAP4,True,16.39276314,49.09854194717429,32.314151541196004,True,5,False,0.0,eligible
2018-04-30,2018-05-02,CMIG4,False,4.3123641,,,False,,False,0.0,indicator_not_uptrend
2018-04-30,2018-05-02,CPFE3,False,24.19000053,,,False,,False,0.0,indicator_not_uptrend
2018-04-30,2018-05-02,CPLE3,False,2.28600001,,,False,,False,0.0,indicator_not_uptrend
2018-04-30,2018-05-02,CSMG3,True,16.79999924,25.560531404210863,25.402422913709188,True,7,False,0.0,eligible
2018-04-30,2018-05-02,CSNA3,True,8.77999973,2.690053039636253,46.62811176758364,True,11,False,0.0,eligible
2018-04-30,2018-05-02,CYRE3,False,13.89999962,,,False,,False,0.0,indicator_not_uptrend
2018-04-30,2018-05-02,EGIE3,False,21.13714218,,,False,,False,0.0,indicator_not_uptrend
2018-04-30,2018-05-02,ENEV3,False,3.32500005,,,False,,False,0.0,indicator_not_uptrend
2018-04-30,2018-05-02,ENGI11,False,30.02716827,,,False,,False,0.0,indicator_not_uptrend
2018-04-30,2018-05-02,EQTL3,False,14.21318436,,,False,,False,0.0,indicator_not_uptrend
2018-04-30,2018-05-02,GGBR4,True,13.2142849,48.000002128000155,44.26568713984649,True,6,False,0.0,eligible
2018-04-30,2018-05-02,GOAU4,True,4.39896959,49.80845057364467,38.199680880524,True,4,False,0.0,eligible
2018-04-30,2018-05-02,HYPE3,False,31.5,,,False,,False,0.0,indicator_not_uptrend
2018-04-30,2018-05-02,ITSA4,False,9.44420338,,,False,,False,0.0,indicator_not_uptrend
2018-04-30,2018-05-02,ITUB4,False,30.01470947,,,False,,False,0.0,indicator_not_uptrend
2018-04-30,2018-05-02,KLBN11,True,19.10890961,11.56069379111566,22.196885974132403,True,9,False,0.0,eligible
2018-04-30,2018-05-02,LREN3,False,24.30655479,,,False,,False,0.0,indicator_not_uptrend
2018-04-30,2018-05-02,MGLU3,True,29.70486641,68.71145975821584,41.70180829433754,True,2,False,0.0,eligible
2018-04-30,2018-05-02,MULT3,True,22.17333221,-7.892556762269177,21.79993359582133,False,,False,0.0,nonpositive_momentum
2018-04-30,2018-05-02,PETR4,False,22.96999931,,,False,,False,0.0,indicator_not_uptrend
2018-04-30,2018-05-02,PSSA3,False,22.60000038,,,False,,False,0.0,indicator_not_uptrend
2018-04-30,2018-05-02,RADL3,False,12.96757126,,,False,,False,0.0,indicator_not_uptrend
2018-04-30,2018-05-02,RAIL3,True,14.85000038,16.015626246643055,32.968740833749735,True,8,False,0.0,eligible
2018-04-30,2018-05-02,RENT3,False,26.43740273,,,False,,False,0.0,indicator_not_uptrend
2018-04-30,2018-05-02,SANB11,False,36.5876236,,,False,,False,0.0,indicator_not_uptrend
2018-04-30,2018-05-02,SBSP3,False,6.8185482,,,False,,False,0.0,indicator_not_uptrend
2018-04-30,2018-05-02,SMTO3,False,16.97999954,,,False,,False,0.0,indicator_not_uptrend
2018-04-30,2018-05-02,SUZB3,True,41.06000137,105.19740578733617,57.50149094475001,True,1,True,1.0,eligible
2018-04-30,2018-05-02,TOTS3,True,10.62034416,-0.46656192958065557,23.974575318503156,False,,False,0.0,nonpositive_momentum
2018-04-30,2018-05-02,UGPA3,False,27.85085106,,,False,,False,0.0,indicator_not_uptrend
2018-04-30,2018-05-02,USIM5,False,10.89999962,,,False,,False,0.0,indicator_not_uptrend
2018-04-30,2018-05-02,VALE3,True,48.66999817,50.448224024290035,31.05219486369547,True,3,False,0.0,eligible
2018-04-30,2018-05-02,WEGE3,True,8.89000034,9.80523780252649,26.183364700948946,True,10,False,0.0,eligible
2018-05-30,2018-06-01,ABEV3,False,19.69000053,,,False,,False,0.0,indicator_not_uptrend
2018-05-30,2018-06-01,B3SA3,False,7.25666618,,,False,,False,0.0,indicator_not_uptrend
2018-05-30,2018-06-01,BBAS3,False,15.18500042,,,False,,False,0.0,indicator_not_uptrend
2018-05-30,2018-06-01,BBDC4,False,18.2632103,,,False,,False,0.0,indicator_not_uptrend
2018-05-30,2018-06-01,BBSE3,False,26.05999947,,,False,,False,0.0,indicator_not_uptrend
2018-05-30,2018-06-01,BPAC11,False,4.86250019,,,False,,False,0.0,indicator_not_uptrend
2018-05-30,2018-06-01,BRAP4,False,14.35980225,,,False,,False,0.0,indicator_not_uptrend
2018-05-30,2018-06-01,CMIG4,False,3.90967298,,,False,,False,0.0,indicator_not_uptrend
2018-05-30,2018-06-01,CPFE3,False,22.89999962,,,False,,False,0.0,indicator_not_uptrend
2018-05-30,2018-06-01,CPLE3,False,1.99199998,,,False,,False,0.0,indicator_not_uptrend
2018-05-30,2018-06-01,CSMG3,False,14.39999962,,,False,,False,0.0,indicator_not_uptrend
2018-05-30,2018-06-01,CSNA3,False,7.69999981,,,False,,False,0.0,indicator_not_uptrend
2018-05-30,2018-06-01,CYRE3,False,11.68999958,,,False,,False,0.0,indicator_not_uptrend
2018-05-30,2018-06-01,EGIE3,False,21.13714218,,,False,,False,0.0,indicator_not_uptrend
2018-05-30,2018-06-01,ENEV3,False,3.25250006,,,False,,False,0.0,indicator_not_uptrend
2018-05-30,2018-06-01,ENGI11,False,27.30813789,,,False,,False,0.0,indicator_not_uptrend
2018-05-30,2018-06-01,EQTL3,False,12.14363194,,,False,,False,0.0,indicator_not_uptrend
2018-05-30,2018-06-01,GGBR4,False,11.74603081,,,False,,False,0.0,indicator_not_uptrend
2018-05-30,2018-06-01,GOAU4,False,3.83081596,,,False,,False,0.0,indicator_not_uptrend
2018-05-30,2018-06-01,HYPE3,False,28.20000076,,,False,,False,0.0,indicator_not_uptrend
2018-05-30,2018-06-01,ITSA4,False,7.79268217,,,False,,False,0.0,indicator_not_uptrend
2018-05-30,2018-06-01,ITUB4,False,25.28979111,,,False,,False,0.0,indicator_not_uptrend
2018-05-30,2018-06-01,KLBN11,False,18.89288902,,,False,,False,0.0,indicator_not_uptrend
2018-05-30,2018-06-01,LREN3,False,22.1151638,,,False,,False,0.0,indicator_not_uptrend
2018-05-30,2018-06-01,MGLU3,False,30.18087959,,,False,,False,0.0,indicator_not_uptrend
2018-05-30,2018-06-01,MULT3,False,19.55666542,,,False,,False,0.0,indicator_not_uptrend
2018-05-30,2018-06-01,PETR4,False,18.97999954,,,False,,False,0.0,indicator_not_uptrend
2018-05-30,2018-06-01,PSSA3,False,21.25499916,,,False,,False,0.0,indicator_not_uptrend
2018-05-30,2018-06-01,RADL3,False,11.74019623,,,False,,False,0.0,indicator_not_uptrend
2018-05-30,2018-06-01,RAIL3,False,13.81000042,,,False,,False,0.0,indicator_not_uptrend
2018-05-30,2018-06-01,RENT3,False,23.44198418,,,False,,False,0.0,indicator_not_uptrend
2018-05-30,2018-06-01,SANB11,False,32.4305954,,,False,,False,0.0,indicator_not_uptrend
2018-05-30,2018-06-01,SBSP3,False,5.0712471,,,False,,False,0.0,indicator_not_uptrend
2018-05-30,2018-06-01,SMTO3,True,17.52000046,1.5652200579709952,20.692224305230813,True,1,True,1.0,eligible
2018-05-30,2018-06-01,SUZB3,False,43.09999847,,,False,,False,0.0,indicator_not_uptrend
2018-05-30,2018-06-01,TOTS3,False,9.30939484,,,False,,False,0.0,indicator_not_uptrend
2018-05-30,2018-06-01,UGPA3,False,23.03627204,,,False,,False,0.0,indicator_not_uptrend
2018-05-30,2018-06-01,USIM5,False,8.25,,,False,,False,0.0,indicator_not_uptrend
2018-05-30,2018-06-01,VALE3,False,50.63000107,,,False,,False,0.0,indicator_not_uptrend
2018-05-30,2018-06-01,WEGE3,True,8.59000015,-2.000865855990175,28.481777890697813,False,,False,0.0,nonpositive_momentum
2018-06-29,2018-07-02,ABEV3,False,17.97999954,,,False,,False,0.0,indicator_not_uptrend
2018-06-29,2018-07-02,B3SA3,False,6.81666613,,,False,,False,0.0,indicator_not_uptrend
2018-06-29,2018-07-02,BBAS3,True,14.32499981,-10.552604710402058,46.680886151203296,False,,False,0.0,nonpositive_momentum
2018-06-29,2018-07-02,BBDC4,False,16.84197235,,,False,,False,0.0,indicator_not_uptrend
2018-06-29,2018-07-02,BBSE3,False,24.45999908,,,False,,False,0.0,indicator_not_uptrend
2018-06-29,2018-07-02,BPAC11,False,4.625,,,False,,False,0.0,indicator_not_uptrend
2018-06-29,2018-07-02,BRAP4,False,13.47470284,,,False,,False,0.0,indicator_not_uptrend
2018-06-29,2018-07-02,CMIG4,False,3.721071,,,False,,False,0.0,indicator_not_uptrend
2018-06-29,2018-07-02,CPFE3,False,21.67000008,,,False,,False,0.0,indicator_not_uptrend
2018-06-29,2018-07-02,CPLE3,False,1.921,,,False,,False,0.0,indicator_not_uptrend
2018-06-29,2018-07-02,CSMG3,False,13.67333317,,,False,,False,0.0,indicator_not_uptrend
2018-06-29,2018-07-02,CSNA3,False,7.86000013,,,False,,False,0.0,indicator_not_uptrend
2018-06-29,2018-07-02,CYRE3,False,11.0,,,False,,False,0.0,indicator_not_uptrend
2018-06-29,2018-07-02,EGIE3,False,19.55999947,,,False,,False,0.0,indicator_not_uptrend
2018-06-29,2018-07-02,ENEV3,False,2.9749999,,,False,,False,0.0,indicator_not_uptrend
2018-06-29,2018-07-02,ENGI11,False,26.51055527,,,False,,False,0.0,indicator_not_uptrend
2018-06-29,2018-07-02,EQTL3,False,11.34257984,,,False,,False,0.0,indicator_not_uptrend
2018-06-29,2018-07-02,GGBR4,False,11.03968239,,,False,,False,0.0,indicator_not_uptrend
2018-06-29,2018-07-02,GOAU4,False,3.47642327,,,False,,False,0.0,indicator_not_uptrend
2018-06-29,2018-07-02,HYPE3,True,27.61000061,-24.768392266376626,34.73191701678986,False,,False,0.0,nonpositive_momentum
2018-06-29,2018-07-02,ITSA4,False,7.00716782,,,False,,False,0.0,indicator_not_uptrend
2018-06-29,2018-07-02,ITUB4,False,23.73639297,,,False,,False,0.0,indicator_not_uptrend
2018-06-29,2018-07-02,KLBN11,False,17.64176369,,,False,,False,0.0,indicator_not_uptrend
2018-06-29,2018-07-02,LREN3,True,21.89155197,-17.267601882852723,33.01811635703802,False,,False,0.0,nonpositive_momentum
2018-06-29,2018-07-02,MGLU3,True,35.628582,65.57568673241585,55.51051119346351,True,1,True,1.0,eligible
2018-06-29,2018-07-02,MULT3,True,19.0,-18.884299511030168,32.19146549388425,False,,False,0.0,nonpositive_momentum
2018-06-29,2018-07-02,PETR4,False,17.19000053,,,False,,False,0.0,indicator_not_uptrend
2018-06-29,2018-07-02,PSSA3,False,20.34000015,,,False,,False,0.0,indicator_not_uptrend
2018-06-29,2018-07-02,RADL3,True,12.51885319,-26.743161929987668,36.68145219449342,False,,False,0.0,nonpositive_momentum
2018-06-29,2018-07-02,RAIL3,False,14.10000038,,,False,,False,0.0,indicator_not_uptrend
2018-06-29,2018-07-02,RENT3,False,22.49406815,,,False,,False,0.0,indicator_not_uptrend
2018-06-29,2018-07-02,SANB11,False,28.12955666,,,False,,False,0.0,indicator_not_uptrend
2018-06-29,2018-07-02,SBSP3,False,4.51660919,,,False,,False,0.0,indicator_not_uptrend
2018-06-29,2018-07-02,SMTO3,True,17.85000038,-6.052629578947366,20.789350189863537,False,,False,0.0,nonpositive_momentum
2018-06-29,2018-07-02,SUZB3,False,44.97000122,,,False,,False,0.0,indicator_not_uptrend
2018-06-29,2018-07-02,TOTS3,False,9.02729225,,,False,,False,0.0,indicator_not_uptrend
2018-06-29,2018-07-02,UGPA3,True,21.17033386,-37.93894961902231,40.847318599024774,False,,False,0.0,nonpositive_momentum
2018-06-29,2018-07-02,USIM5,False,7.32000017,,,False,,False,0.0,indicator_not_uptrend
2018-06-29,2018-07-02,VALE3,False,49.59000015,,,False,,False,0.0,indicator_not_uptrend
2018-06-29,2018-07-02,WEGE3,False,8.125,,,False,,False,0.0,indicator_not_uptrend
2018-07-31,2018-08-01,ABEV3,True,19.40999985,-11.288845543081827,21.950996901150297,False,,False,0.0,nonpositive_momentum
2018-07-31,2018-08-01,B3SA3,True,7.92999983,-9.715366677862036,40.28951279622932,False,,False,0.0,nonpositive_momentum
2018-07-31,2018-08-01,BBAS3,True,16.25,-17.02833411621483,48.15472875042908,False,,False,0.0,nonpositive_momentum
2018-07-31,2018-08-01,BBDC4,True,19.11470032,-18.487865552239,35.55447454706672,False,,False,0.0,nonpositive_momentum
2018-07-31,2018-08-01,BBSE3,True,24.48999977,-24.646154553846156,23.909606947476032,False,,False,0.0,nonpositive_momentum
2018-07-31,2018-08-01,BPAC11,True,4.94999981,-10.000003454545459,27.1882402246308,False,,False,0.0,nonpositive_momentum
2018-07-31,2018-08-01,BRAP4,True,15.01901627,4.7251737317557385,42.433329297627516,True,9,False,0.0,eligible
2018-07-31,2018-08-01,CMIG4,True,4.1951251,10.767171915988216,43.00285796397083,True,7,False,0.0,eligible
2018-07-31,2018-08-01,CPFE3,True,21.75,4.066987538060074,20.765895992464454,True,11,False,0.0,eligible
2018-07-31,2018-08-01,CPLE3,True,1.89999998,-11.627912017306418,29.426021615997687,False,,False,0.0,nonpositive_momentum
2018-07-31,2018-08-01,CSMG3,True,13.56000042,-11.101394429720667,26.020008666496707,False,,False,0.0,nonpositive_momentum
2018-07-31,2018-08-01,CSNA3,True,9.18000031,-15.624998003791369,57.85363195277016,False,,False,0.0,nonpositive_momentum
2018-07-31,2018-08-01,CYRE3,True,11.59000015,-23.24503405078723,44.36812872294827,False,,False,0.0,nonpositive_momentum
2018-07-31,2018-08-01,EGIE3,True,21.36571312,1.5756586756345614,21.513666653129114,True,12,False,0.0,eligible
2018-07-31,2018-08-01,ENEV3,True,3.125,-8.75912275560764,31.828894762729952,False,,False,0.0,nonpositive_momentum
2018-07-31,2018-08-01,ENGI11,True,27.47127914,1.0333304971026802,28.354571426813113,True,13,False,0.0,eligible
2018-07-31,2018-08-01,EQTL3,True,12.23552418,-10.177441476394844,27.91417466401972,False,,False,0.0,nonpositive_momentum
2018-07-31,2018-08-01,GGBR4,True,13.23809528,11.646590532443168,43.50040580627129,True,6,False,0.0,eligible
2018-07-31,2018-08-01,GOAU4,True,4.32584109,11.935967262696856,45.40079654372342,True,5,False,0.0,eligible
2018-07-31,2018-08-01,HYPE3,True,27.75,-22.916666666666664,31.105532879504306,False,,False,0.0,nonpositive_momentum
2018-07-31,2018-08-01,ITSA4,True,7.95367002,-14.780667269686864,38.30230982706724,False,,False,0.0,nonpositive_momentum
2018-07-31,2018-08-01,ITUB4,True,26.47837448,-14.933843490542609,33.50471038228534,False,,False,0.0,nonpositive_momentum
2018-07-31,2018-08-01,KLBN11,True,18.18181801,13.355790827002977,19.712152092023665,True,4,False,0.0,eligible
2018-07-31,2018-08-01,LREN3,True,23.01706123,-19.18346264355718,36.349794055472294,False,,False,0.0,nonpositive_momentum
2018-07-31,2018-08-01,MGLU3,True,36.8172226,59.734300671849596,58.719198054676326,True,1,True,1.0,eligible
2018-07-31,2018-08-01,MULT3,True,20.07999992,-18.84682934775198,33.509605797270304,False,,False,0.0,nonpositive_momentum
2018-07-31,2018-08-01,PETR4,True,19.71999931,-1.0536929088487357,74.8518151494993,False,,False,0.0,nonpositive_momentum
2018-07-31,2018-08-01,PSSA3,True,24.79999924,13.631149490965688,42.80961297038457,True,3,False,0.0,eligible
2018-07-31,2018-08-01,RADL3,True,14.01960659,-13.24233528995694,38.94920322803911,False,,False,0.0,nonpositive_momentum
2018-07-31,2018-08-01,RAIL3,True,14.85000038,6.22318217901745,42.117231634787075,True,8,False,0.0,eligible
2018-07-31,2018-08-01,RENT3,True,22.51302528,-5.189621836287706,46.93681399400932,False,,False,0.0,nonpositive_momentum
2018-07-31,2018-08-01,SANB11,True,35.02273941,-0.5723613639839309,39.36180848340508,False,,False,0.0,nonpositive_momentum
2018-07-31,2018-08-01,SBSP3,True,4.84822798,-30.939235815274824,34.715679097987085,False,,False,0.0,nonpositive_momentum
2018-07-31,2018-08-01,SMTO3,True,19.5,4.166670506143322,24.244150514048986,True,10,False,0.0,eligible
2018-07-31,2018-08-01,SUZB3,False,44.54999924,,,False,,False,0.0,indicator_not_uptrend
2018-07-31,2018-08-01,TOTS3,True,9.77735424,-12.45170767784407,31.784678103792313,False,,False,0.0,nonpositive_momentum
2018-07-31,2018-08-01,UGPA3,True,18.72848892,-49.60952097799435,46.456254874653865,False,,False,0.0,nonpositive_momentum
2018-07-31,2018-08-01,USIM5,True,8.86999989,-22.26117435049747,57.37642668773323,False,,False,0.0,nonpositive_momentum
2018-07-31,2018-08-01,VALE3,True,54.84000015,32.36784875611798,34.28318572840327,True,2,False,0.0,eligible
2018-07-31,2018-08-01,WEGE3,True,9.25500011,-3.7864792688864446,34.59616667382267,False,,False,0.0,nonpositive_momentum
2018-08-31,2018-09-03,ABEV3,True,18.85000038,-16.519041422565238,20.491157975045272,False,,False,0.0,nonpositive_momentum
2018-08-31,2018-09-03,B3SA3,False,7.25333309,,,False,,False,0.0,indicator_not_uptrend
2018-08-31,2018-09-03,BBAS3,False,15.05000019,,,False,,False,0.0,indicator_not_uptrend
2018-08-31,2018-09-03,BBDC4,False,17.76859474,,,False,,False,0.0,indicator_not_uptrend
2018-08-31,2018-09-03,BBSE3,True,24.47999954,-16.164387319009098,27.412062947836123,False,,False,0.0,nonpositive_momentum
2018-08-31,2018-09-03,BPAC11,True,5.125,-9.292037003680754,35.97861641832946,False,,False,0.0,nonpositive_momentum
2018-08-31,2018-09-03,BRAP4,True,14.32292271,-5.791387105226664,43.0275277635712,False,,False,0.0,nonpositive_momentum
2018-08-31,2018-09-03,CMIG4,False,3.80262804,,,False,,False,0.0,indicator_not_uptrend
2018-08-31,2018-09-03,CPFE3,True,22.10000038,-8.488609823009174,14.105781621551625,False,,False,0.0,nonpositive_momentum
2018-08-31,2018-09-03,CPLE3,True,1.86000001,-19.13043258979201,30.739478086661464,False,,False,0.0,nonpositive_momentum
2018-08-31,2018-09-03,CSMG3,True,13.96000004,-5.633166015957425,25.8525649770671,False,,False,0.0,nonpositive_momentum
2018-08-31,2018-09-03,CSNA3,False,8.77999973,,,False,,False,0.0,indicator_not_uptrend
2018-08-31,2018-09-03,CYRE3,False,10.93000031,,,False,,False,0.0,indicator_not_uptrend
2018-08-31,2018-09-03,EGIE3,False,21.08571434,,,False,,False,0.0,indicator_not_uptrend
2018-08-31,2018-09-03,ENEV3,True,3.23250008,-4.926471031574387,28.061870870599996,False,,False,0.0,nonpositive_momentum
2018-08-31,2018-09-03,ENGI11,True,27.37158203,-10.518516634090425,26.493021939475696,False,,False,0.0,nonpositive_momentum
2018-08-31,2018-09-03,EQTL3,False,11.38652802,,,False,,False,0.0,indicator_not_uptrend
2018-08-31,2018-09-03,GGBR4,False,12.73015785,,,False,,False,0.0,indicator_not_uptrend
2018-08-31,2018-09-03,GOAU4,True,4.42147067,0.8985779114275116,42.22065628964812,True,6,False,0.0,eligible
2018-08-31,2018-09-03,HYPE3,True,27.39999962,-22.620729353095438,30.516142275569624,False,,False,0.0,nonpositive_momentum
2018-08-31,2018-09-03,ITSA4,False,7.32012415,,,False,,False,0.0,indicator_not_uptrend
2018-08-31,2018-09-03,ITUB4,False,24.87202072,,,False,,False,0.0,indicator_not_uptrend
2018-08-31,2018-09-03,KLBN11,True,19.21692085,19.607838942706614,20.007049633292585,True,4,False,0.0,eligible
2018-08-31,2018-09-03,LREN3,False,21.07909775,,,False,,False,0.0,indicator_not_uptrend
2018-08-31,2018-09-03,MGLU3,False,36.25769806,,,False,,False,0.0,indicator_not_uptrend
2018-08-31,2018-09-03,MULT3,False,18.62999916,,,False,,False,0.0,indicator_not_uptrend
2018-08-31,2018-09-03,PETR4,False,19.26000023,,,False,,False,0.0,indicator_not_uptrend
2018-08-31,2018-09-03,PSSA3,True,27.44000053,20.721518193220323,36.05334345963295,True,3,False,0.0,eligible
2018-08-31,2018-09-03,RADL3,True,14.51734543,-2.65486612976783,30.45578153850909,False,,False,0.0,nonpositive_momentum
2018-08-31,2018-09-03,RAIL3,False,14.22999954,,,False,,False,0.0,indicator_not_uptrend
2018-08-31,2018-09-03,RENT3,False,20.40865135,,,False,,False,0.0,indicator_not_uptrend
2018-08-31,2018-09-03,SANB11,False,33.21783829,,,False,,False,0.0,indicator_not_uptrend
2018-08-31,2018-09-03,SBSP3,True,4.73187113,-35.29567633948035,33.9920215349258,False,,False,0.0,nonpositive_momentum
2018-08-31,2018-09-03,SMTO3,False,18.95000076,,,False,,False,0.0,indicator_not_uptrend
2018-08-31,2018-09-03,SUZB3,True,47.31000137,117.01836247403467,47.131670405541406,True,1,True,1.0,eligible
2018-08-31,2018-09-03,TOTS3,False,8.84143639,,,False,,False,0.0,indicator_not_uptrend
2018-08-31,2018-09-03,UGPA3,True,18.96806526,-43.795225016740346,47.3835500676253,False,,False,0.0,nonpositive_momentum
2018-08-31,2018-09-03,USIM5,True,8.06999969,-28.83598251098789,52.31752490987596,False,,False,0.0,nonpositive_momentum
2018-08-31,2018-09-03,VALE3,True,53.61999893,22.559997554285726,33.97267982021698,True,2,False,0.0,eligible
2018-08-31,2018-09-03,WEGE3,True,9.56999969,7.4816423791634445,29.695603726017755,True,5,False,0.0,eligible
2018-09-28,2018-10-01,ABEV3,True,18.34000015,-23.805565491471757,21.502773540866073,False,,False,0.0,nonpositive_momentum
2018-09-28,2018-10-01,B3SA3,True,7.80000019,-12.32670118227226,31.63227506198852,False,,False,0.0,nonpositive_momentum
2018-09-28,2018-10-01,BBAS3,True,14.72500038,-28.22324729301393,38.50143185191151,False,,False,0.0,nonpositive_momentum
2018-09-28,2018-10-01,BBDC4,True,17.95016289,-20.159495124150805,32.08894913786839,False,,False,0.0,nonpositive_momentum
2018-09-28,2018-10-01,BBSE3,True,24.10000038,-17.663136312776118,27.532607505540575,False,,False,0.0,nonpositive_momentum
2018-09-28,2018-10-01,BPAC11,True,5.32499981,-7.391307652173918,35.27339362089102,False,,False,0.0,nonpositive_momentum
2018-09-28,2018-10-01,BRAP4,True,17.08885574,17.71991454488473,41.63694656620238,True,2,False,0.0,eligible
2018-09-28,2018-10-01,CMIG4,False,3.64970803,,,False,,False,0.0,indicator_not_uptrend
2018-09-28,2018-10-01,CPFE3,True,23.87000084,-4.175026159223361,15.99165963271407,False,,False,0.0,nonpositive_momentum
2018-09-28,2018-10-01,CPLE3,True,2.01099992,-12.679116535116586,28.48828110166821,False,,False,0.0,nonpositive_momentum
2018-09-28,2018-10-01,CSMG3,False,12.97999954,,,False,,False,0.0,indicator_not_uptrend
2018-09-28,2018-10-01,CSNA3,True,9.34000015,6.136363049328519,49.2629242831712,True,7,False,0.0,eligible
2018-09-28,2018-10-01,CYRE3,True,10.73999977,-29.75801309289211,34.107082762582756,False,,False,0.0,nonpositive_momentum
2018-09-28,2018-10-01,EGIE3,False,20.27428436,,,False,,False,0.0,indicator_not_uptrend
2018-09-28,2018-10-01,ENEV3,True,3.3125,0.378789399678614,21.037379006294557,True,8,False,0.0,eligible
2018-09-28,2018-10-01,ENGI11,True,27.90632439,-11.268011713335891,24.952810534748654,False,,False,0.0,nonpositive_momentum
2018-09-28,2018-10-01,EQTL3,True,11.4784193,-19.636364430181562,25.170282973807367,False,,False,0.0,nonpositive_momentum
2018-09-28,2018-10-01,GGBR4,True,13.6428566,10.903223210930225,37.16338043070951,True,6,False,0.0,eligible
2018-09-28,2018-10-01,GOAU4,True,4.4889739,11.764709543765782,39.951800162602005,True,5,False,0.0,eligible
2018-09-28,2018-10-01,HYPE3,True,28.52000046,-21.128316984769015,27.32691383490401,False,,False,0.0,nonpositive_momentum
2018-09-28,2018-10-01,ITSA4,True,7.7094121,-19.434370560522083,31.84498754618188,False,,False,0.0,nonpositive_momentum
2018-09-28,2018-10-01,ITUB4,True,25.96645927,-13.993378325352957,29.580926779254835,False,,False,0.0,nonpositive_momentum
2018-09-28,2018-10-01,KLBN11,False,17.90279007,,,False,,False,0.0,indicator_not_uptrend
2018-09-28,2018-10-01,LREN3,True,23.10650635,-9.752549393307818,34.52249826541717,False,,False,0.0,nonpositive_momentum
2018-09-28,2018-10-01,MGLU3,False,34.09754562,,,False,,False,0.0,indicator_not_uptrend
2018-09-28,2018-10-01,MULT3,True,18.70999908,-18.2731552439224,25.984495065319006,False,,False,0.0,nonpositive_momentum
2018-09-28,2018-10-01,PETR4,True,21.09000015,-1.4946272874448274,36.91919572713823,False,,False,0.0,nonpositive_momentum
2018-09-28,2018-10-01,PSSA3,False,29.64500046,,,False,,False,0.0,indicator_not_uptrend
2018-09-28,2018-10-01,RADL3,False,13.6557312,,,False,,False,0.0,indicator_not_uptrend
2018-09-28,2018-10-01,RAIL3,True,14.97999954,13.91634960366639,32.44163853116713,True,3,False,0.0,eligible
2018-09-28,2018-10-01,RENT3,True,21.56510925,-20.786912198200913,42.458207456238696,False,,False,0.0,nonpositive_momentum
2018-09-28,2018-10-01,SANB11,True,34.28349686,-10.52367744125573,34.68093157986719,False,,False,0.0,nonpositive_momentum
2018-09-28,2018-10-01,SBSP3,True,4.57478809,-32.600005050740236,33.09489458039659,False,,False,0.0,nonpositive_momentum
2018-09-28,2018-10-01,SMTO3,False,18.31999969,,,False,,False,0.0,indicator_not_uptrend
2018-09-28,2018-10-01,SUZB3,False,48.08000183,,,False,,False,0.0,indicator_not_uptrend
2018-09-28,2018-10-01,TOTS3,False,8.3303318,,,False,,False,0.0,indicator_not_uptrend
2018-09-28,2018-10-01,UGPA3,False,17.19887924,,,False,,False,0.0,indicator_not_uptrend
2018-09-28,2018-10-01,USIM5,True,8.31999969,-23.809527206523605,52.69374937195348,False,,False,0.0,nonpositive_momentum
2018-09-28,2018-10-01,VALE3,True,59.81999969,41.71997392519251,30.875220929792434,True,1,True,1.0,eligible
2018-09-28,2018-10-01,WEGE3,True,9.875,13.555963792535476,26.93810448173589,True,4,False,0.0,eligible
2018-10-31,2018-11-01,ABEV3,False,16.34000015,,,False,,False,0.0,indicator_not_uptrend
2018-10-31,2018-11-01,B3SA3,True,8.84666634,7.84234222653577,35.589133389827914,True,12,False,0.0,eligible
2018-10-31,2018-11-01,BBAS3,True,21.375,18.68406289298532,52.77545483726994,True,3,False,0.0,eligible
2018-10-31,2018-11-01,BBDC4,True,21.47508049,1.8408482127281633,37.57394578983285,True,19,False,0.0,eligible
2018-10-31,2018-11-01,BBSE3,True,26.47999954,-3.6390102501435484,31.357909489602726,False,,False,0.0,nonpositive_momentum
2018-10-31,2018-11-01,BPAC11,False,4.94250011,,,False,,False,0.0,indicator_not_uptrend
2018-10-31,2018-11-01,BRAP4,False,15.93177414,,,False,,False,0.0,indicator_not_uptrend
2018-10-31,2018-11-01,CMIG4,True,4.32491156,9.762167370465512,51.829841711412215,True,9,False,0.0,eligible
2018-10-31,2018-11-01,CPFE3,True,25.14999962,4.79166508333333,20.163030761202673,True,15,False,0.0,eligible
2018-10-31,2018-11-01,CPLE3,True,2.60100007,16.01248679694529,32.45555711116715,True,5,False,0.0,eligible
2018-10-31,2018-11-01,CSMG3,True,17.10000038,3.323269880706059,43.25428272747323,True,18,False,0.0,eligible
2018-10-31,2018-11-01,CSNA3,False,9.56999969,,,False,,False,0.0,indicator_not_uptrend
2018-10-31,2018-11-01,CYRE3,True,14.60000038,8.55019023230752,45.47487848969454,True,10,False,0.0,eligible
2018-10-31,2018-11-01,EGIE3,True,22.74285698,8.005429697847323,22.968045936110475,True,11,False,0.0,eligible
2018-10-31,2018-11-01,ENEV3,True,3.45000005,3.370784917729286,20.897282032947565,True,17,False,0.0,eligible
2018-10-31,2018-11-01,ENGI11,True,31.26885986,4.261105562190015,26.722876821063892,True,16,False,0.0,eligible
2018-10-31,2018-11-01,EQTL3,True,13.58193111,-4.239431483753952,26.271917828057205,False,,False,0.0,nonpositive_momentum
2018-10-31,2018-11-01,GGBR4,False,12.90476131,,,False,,False,0.0,indicator_not_uptrend
2018-10-31,2018-11-01,GOAU4,False,4.46647283,,,False,,False,0.0,indicator_not_uptrend
2018-10-31,2018-11-01,HYPE3,True,29.78000069,-3.9354816451612873,28.05852412051969,False,,False,0.0,nonpositive_momentum
2018-10-31,2018-11-01,ITSA4,True,8.57958317,-3.4062382698810567,35.22683592914096,False,,False,0.0,nonpositive_momentum
2018-10-31,2018-11-01,ITUB4,True,28.97911072,1.1293669198268796,33.846376454595195,True,20,False,0.0,eligible
2018-10-31,2018-11-01,KLBN11,False,16.80467987,,,False,,False,0.0,indicator_not_uptrend
2018-10-31,2018-11-01,LREN3,True,28.02595711,16.988177700827368,41.538793200902404,True,4,False,0.0,eligible
2018-10-31,2018-11-01,MGLU3,True,46.98886108,64.68292460553033,48.242011339881486,True,1,True,1.0,eligible
2018-10-31,2018-11-01,MULT3,True,23.0,7.309491253334932,34.659999772852004,True,13,False,0.0,eligible
2018-10-31,2018-11-01,PETR4,True,27.62000084,22.212391042446523,49.527431599517804,True,2,False,0.0,eligible
2018-10-31,2018-11-01,PSSA3,False,27.19000053,,,False,,False,0.0,indicator_not_uptrend
2018-10-31,2018-11-01,RADL3,False,11.84389114,,,False,,False,0.0,indicator_not_uptrend
2018-10-31,2018-11-01,RAIL3,True,16.64999962,12.576062643883867,35.090217511859684,True,8,False,0.0,eligible
2018-10-31,2018-11-01,RENT3,True,27.25261116,6.560413661721198,46.79163207515157,True,14,False,0.0,eligible
2018-10-31,2018-11-01,SANB11,True,40.51424026,14.363138338210323,40.93370920266556,True,7,False,0.0,eligible
2018-10-31,2018-11-01,SBSP3,True,5.42031908,-18.985510185843925,38.267076423054306,False,,False,0.0,nonpositive_momentum
2018-10-31,2018-11-01,SMTO3,True,19.39999962,15.476193438208764,29.09292719517898,True,6,False,0.0,eligible
2018-10-31,2018-11-01,SUZB3,False,37.84999847,,,False,,False,0.0,indicator_not_uptrend
2018-10-31,2018-11-01,TOTS3,True,8.3303318,-19.422152122437254,31.854839700683275,False,,False,0.0,nonpositive_momentum
2018-10-31,2018-11-01,UGPA3,True,20.38710022,-26.39720991090506,51.21390291441873,False,,False,0.0,nonpositive_momentum
2018-10-31,2018-11-01,USIM5,True,10.27999973,-5.078487479804162,55.99659684775925,False,,False,0.0,nonpositive_momentum
2018-10-31,2018-11-01,VALE3,False,56.70999908,,,False,,False,0.0,indicator_not_uptrend
2018-10-31,2018-11-01,WEGE3,False,9.0,,,False,,False,0.0,indicator_not_uptrend
2018-11-30,2018-12-03,ABEV3,True,16.92000008,-13.629403009473684,28.854602541033696,False,,False,0.0,nonpositive_momentum
2018-11-30,2018-12-03,B3SA3,True,9.39999962,36.03472972579007,36.306543384491135,True,3,False,0.0,eligible
2018-11-30,2018-12-03,BBAS3,True,22.31500053,56.54156687340777,49.00100653676365,True,2,False,0.0,eligible
2018-11-30,2018-12-03,BBDC4,True,24.07963943,31.03918217831294,37.52930870968277,True,6,False,0.0,eligible
2018-11-30,2018-12-03,BBSE3,True,28.31999969,8.755755335818161,28.65536031815688,True,21,False,0.0,eligible
2018-11-30,2018-12-03,BPAC11,True,5.5374999,14.175258024232118,28.971327580953186,True,17,False,0.0,eligible
2018-11-30,2018-12-03,BRAP4,False,14.65022469,,,False,,False,0.0,indicator_not_uptrend
2018-11-30,2018-12-03,CMIG4,True,4.98364705,31.057968267651013,49.63947328928236,True,5,False,0.0,eligible
2018-11-30,2018-12-03,CPFE3,True,26.89999962,21.00764811801701,22.165721687781453,True,12,False,0.0,eligible
2018-11-30,2018-12-03,CPLE3,True,3.1500001,58.13253672823835,34.80152197577868,True,1,True,1.0,eligible
2018-11-30,2018-12-03,CSMG3,False,17.07666588,,,False,,False,0.0,indicator_not_uptrend
2018-11-30,2018-12-03,CSNA3,False,8.86999989,,,False,,False,0.0,indicator_not_uptrend
2018-11-30,2018-12-03,CYRE3,True,14.23999977,18.666664750000006,46.11440000844343,True,14,False,0.0,eligible
2018-11-30,2018-12-03,EGIE3,True,24.57714272,18.484848753944405,22.24417747070983,True,15,False,0.0,eligible
2018-11-30,2018-12-03,ENEV3,True,3.5625,10.981307028270315,18.776706535604497,True,18,False,0.0,eligible
2018-11-30,2018-12-03,ENGI11,True,33.90000153,25.219376044377096,23.53346382190577,True,9,False,0.0,eligible
2018-11-30,2018-12-03,EQTL3,True,14.51083183,20.364549484947702,24.897082505182684,True,13,False,0.0,eligible
2018-11-30,2018-12-03,GGBR4,False,12.28571415,,,False,,False,0.0,indicator_not_uptrend
2018-11-30,2018-12-03,GOAU4,False,4.11770577,,,False,,False,0.0,indicator_not_uptrend
2018-11-30,2018-12-03,HYPE3,True,32.09999847,15.592358438153253,25.889362717465637,True,16,False,0.0,eligible
2018-11-30,2018-12-03,ITSA4,True,9.41922188,21.196433091441904,33.82621957280285,True,10,False,0.0,eligible
2018-11-30,2018-12-03,ITUB4,True,31.79170227,25.94405482584934,31.33707966234554,True,8,False,0.0,eligible
2018-11-30,2018-12-03,KLBN11,False,15.20252037,,,False,,False,0.0,indicator_not_uptrend
2018-11-30,2018-12-03,LREN3,True,29.14401436,33.447099218805775,40.81210633759272,True,4,False,0.0,eligible
2018-11-30,2018-12-03,MGLU3,False,45.82806015,,,False,,False,0.0,indicator_not_uptrend
2018-11-30,2018-12-03,MULT3,True,23.20999908,21.095651396394686,32.42981022861005,True,11,False,0.0,eligible
2018-11-30,2018-12-03,PETR4,False,25.45999908,,,False,,False,0.0,indicator_not_uptrend
2018-11-30,2018-12-03,PSSA3,False,25.93000031,,,False,,False,0.0,indicator_not_uptrend
2018-11-30,2018-12-03,RADL3,False,11.71380043,,,False,,False,0.0,indicator_not_uptrend
2018-11-30,2018-12-03,RAIL3,True,17.44000053,26.928681382357823,33.088121083515674,True,7,False,0.0,eligible
2018-11-30,2018-12-03,RENT3,True,25.50844383,10.241698384445286,42.445076858195364,True,19,False,0.0,eligible
2018-11-30,2018-12-03,SANB11,False,41.0134697,,,False,,False,0.0,indicator_not_uptrend
2018-11-30,2018-12-03,SBSP3,True,5.47461891,8.996136014117218,34.091517225026486,True,20,False,0.0,eligible
2018-11-30,2018-12-03,SMTO3,False,18.04999924,,,False,,False,0.0,indicator_not_uptrend
2018-11-30,2018-12-03,SUZB3,True,40.88999939,-5.237548226803035,47.441728663635274,False,,False,0.0,nonpositive_momentum
2018-11-30,2018-12-03,TOTS3,True,9.62468624,4.504501605134537,40.69449489117987,True,22,False,0.0,eligible
2018-11-30,2018-12-03,UGPA3,True,21.76927566,-5.500006154641667,47.6532597170839,False,,False,0.0,nonpositive_momentum
2018-11-30,2018-12-03,USIM5,False,9.35000038,,,False,,False,0.0,indicator_not_uptrend
2018-11-30,2018-12-03,VALE3,False,52.79999924,,,False,,False,0.0,indicator_not_uptrend
2018-11-30,2018-12-03,WEGE3,False,8.90999985,,,False,,False,0.0,indicator_not_uptrend
2018-12-28,2019-01-02,ABEV3,False,15.38000011,,,False,,False,0.0,indicator_not_uptrend
2018-12-28,2019-01-02,B3SA3,False,8.93666553,,,False,,False,0.0,indicator_not_uptrend
2018-12-28,2019-01-02,BBAS3,False,23.24500084,,,False,,False,0.0,indicator_not_uptrend
2018-12-28,2019-01-02,BBDC4,False,24.19859695,,,False,,False,0.0,indicator_not_uptrend
2018-12-28,2019-01-02,BBSE3,False,27.59000015,,,False,,False,0.0,indicator_not_uptrend
2018-12-28,2019-01-02,BPAC11,True,5.88749981,29.04109172602738,28.84507590985022,True,8,False,0.0,eligible
2018-12-28,2019-01-02,BRAP4,False,14.60873604,,,False,,False,0.0,indicator_not_uptrend
2018-12-28,2019-01-02,CMIG4,True,5.43456774,55.41603280979874,47.095504682142035,True,1,True,1.0,eligible
2018-12-28,2019-01-02,CPFE3,True,28.85000038,32.278776162666276,19.48805176383968,True,7,False,0.0,eligible
2018-12-28,2019-01-02,CPLE3,False,2.98000002,,,False,,False,0.0,indicator_not_uptrend
2018-12-28,2019-01-02,CSMG3,True,20.51000023,47.731095406014525,45.28030269152278,True,2,False,0.0,eligible
2018-12-28,2019-01-02,CSNA3,False,8.84000015,,,False,,False,0.0,indicator_not_uptrend
2018-12-28,2019-01-02,CYRE3,True,15.47000027,44.57944434299947,46.83259492106709,True,4,False,0.0,eligible
2018-12-28,2019-01-02,EGIE3,False,23.58571434,,,False,,False,0.0,indicator_not_uptrend
2018-12-28,2019-01-02,ENEV3,True,4.02250004,34.644355056809275,19.482675489412546,True,6,False,0.0,eligible
2018-12-28,2019-01-02,ENGI11,False,33.69091034,,,False,,False,0.0,indicator_not_uptrend
2018-12-28,2019-01-02,EQTL3,False,14.89437771,,,False,,False,0.0,indicator_not_uptrend
2018-12-28,2019-01-02,GGBR4,False,11.76190376,,,False,,False,0.0,indicator_not_uptrend
2018-12-28,2019-01-02,GOAU4,False,3.90394517,,,False,,False,0.0,indicator_not_uptrend
2018-12-28,2019-01-02,HYPE3,False,30.20000076,,,False,,False,0.0,indicator_not_uptrend
2018-12-28,2019-01-02,ITSA4,False,9.22076225,,,False,,False,0.0,indicator_not_uptrend
2018-12-28,2019-01-02,ITUB4,False,31.3327446,,,False,,False,0.0,indicator_not_uptrend
2018-12-28,2019-01-02,KLBN11,False,14.29342937,,,False,,False,0.0,indicator_not_uptrend
2018-12-28,2019-01-02,LREN3,False,31.60373878,,,False,,False,0.0,indicator_not_uptrend
2018-12-28,2019-01-02,MGLU3,True,50.40446472,47.51120853308783,44.604215453563,True,3,False,0.0,eligible
2018-12-28,2019-01-02,MULT3,False,24.30999947,,,False,,False,0.0,indicator_not_uptrend
2018-12-28,2019-01-02,PETR4,False,22.68000031,,,False,,False,0.0,indicator_not_uptrend
2018-12-28,2019-01-02,PSSA3,False,26.07500076,,,False,,False,0.0,indicator_not_uptrend
2018-12-28,2019-01-02,RADL3,False,10.77488613,,,False,,False,0.0,indicator_not_uptrend
2018-12-28,2019-01-02,RAIL3,False,17.0,,,False,,False,0.0,indicator_not_uptrend
2018-12-28,2019-01-02,RENT3,True,28.20052719,28.73214162000217,37.14704306075785,True,9,False,0.0,eligible
2018-12-28,2019-01-02,SANB11,False,41.20548248,,,False,,False,0.0,indicator_not_uptrend
2018-12-28,2019-01-02,SBSP3,True,6.10876799,35.71738064384966,33.658710680437814,True,5,False,0.0,eligible
2018-12-28,2019-01-02,SMTO3,False,18.19000053,,,False,,False,0.0,indicator_not_uptrend
2018-12-28,2019-01-02,SUZB3,True,38.08000183,-13.375790202587057,48.40810995614061,False,,False,0.0,nonpositive_momentum
2018-12-28,2019-01-02,TOTS3,False,9.01069832,,,False,,False,0.0,indicator_not_uptrend
2018-12-28,2019-01-02,UGPA3,True,24.51059342,14.60578245798776,45.25587639882494,True,10,False,0.0,eligible
2018-12-28,2019-01-02,USIM5,False,9.22000027,,,False,,False,0.0,indicator_not_uptrend
2018-12-28,2019-01-02,VALE3,False,51.0,,,False,,False,0.0,indicator_not_uptrend
2018-12-28,2019-01-02,WEGE3,False,8.77000046,,,False,,False,0.0,indicator_not_uptrend
2019-01-31,2019-02-01,ABEV3,True,17.51000023,-7.3544942748522635,30.576617035197494,False,,False,0.0,nonpositive_momentum
2019-01-31,2019-02-01,B3SA3,True,10.48999977,32.33811114463312,34.65781773389608,True,14,False,0.0,eligible
2019-01-31,2019-02-01,BBAS3,True,25.93000031,54.483172724008114,27.59478276563001,True,3,False,0.0,eligible
2019-01-31,2019-02-01,BBDC4,True,28.33708954,44.323983382567555,31.246893898926853,True,7,False,0.0,eligible
2019-01-31,2019-02-01,BBSE3,True,31.05999947,22.23533905294377,28.17300848271716,True,22,False,0.0,eligible
2019-01-31,2019-02-01,BPAC11,True,7.39750004,41.714565854417394,31.465941448273632,True,10,False,0.0,eligible
2019-01-31,2019-02-01,BRAP4,False,12.96761513,,,False,,False,0.0,indicator_not_uptrend
2019-01-31,2019-02-01,CMIG4,False,5.43064631,,,False,,False,0.0,indicator_not_uptrend
2019-01-31,2019-02-01,CPFE3,True,32.59999847,45.73087727251066,20.025576302538077,True,6,False,0.0,eligible
2019-01-31,2019-02-01,CPLE3,True,3.30599999,68.32993924811579,33.42450757357306,True,1,True,1.0,eligible
2019-01-31,2019-02-01,CSMG3,False,19.87000084,,,False,,False,0.0,indicator_not_uptrend
2019-01-31,2019-02-01,CSNA3,True,10.19999981,16.5714264,39.42878094744346,True,24,False,0.0,eligible
2019-01-31,2019-02-01,CYRE3,True,17.01000023,35.97122236024133,31.57580634555152,True,12,False,0.0,eligible
2019-01-31,2019-02-01,EGIE3,True,29.8928566,42.50204403318265,27.706702604745555,True,9,False,0.0,eligible
2019-01-31,2019-02-01,ENEV3,True,4.62750006,47.490039402549186,18.90463558290619,True,5,False,0.0,eligible
2019-01-31,2019-02-01,ENGI11,True,37.90908813,37.180688413201054,19.95756510812578,True,11,False,0.0,eligible
2019-01-31,2019-02-01,EQTL3,True,17.60916519,48.90202533469652,21.447579926425632,True,4,False,0.0,eligible
2019-01-31,2019-02-01,GGBR4,True,12.42063427,-6.006005137667336,35.70803940485005,False,,False,0.0,nonpositive_momentum
2019-01-31,2019-02-01,GOAU4,True,4.19083391,-3.8709762866816044,35.420549934845276,False,,False,0.0,nonpositive_momentum
2019-01-31,2019-02-01,HYPE3,True,31.85000038,13.023420970998556,24.959422190704245,True,25,False,0.0,eligible
2019-01-31,2019-02-01,ITSA4,True,10.30465889,23.17517191830789,26.096803674789516,True,21,False,0.0,eligible
2019-01-31,2019-02-01,ITUB4,True,34.22771454,24.32144345852878,23.800855587368623,True,20,False,0.0,eligible
2019-01-31,2019-02-01,KLBN11,True,16.81368065,-8.386464953013506,25.008995620981228,False,,False,0.0,nonpositive_momentum
2019-01-31,2019-02-01,LREN3,True,33.91439056,43.30709448568195,36.780085551499056,True,8,False,0.0,eligible
2019-01-31,2019-02-01,MGLU3,False,49.8477211,,,False,,False,0.0,indicator_not_uptrend
2019-01-31,2019-02-01,MULT3,True,26.03000069,29.566951197857506,25.84233402011283,True,17,False,0.0,eligible
2019-01-31,2019-02-01,PETR4,True,25.57999992,28.15631813145354,40.50372433488977,True,18,False,0.0,eligible
2019-01-31,2019-02-01,PSSA3,True,28.04000092,16.906400695730483,33.28867191118407,True,23,False,0.0,eligible
2019-01-31,2019-02-01,RADL3,True,11.689291,-18.741808039644837,33.45571959484953,False,,False,0.0,nonpositive_momentum
2019-01-31,2019-02-01,RAIL3,True,19.64999962,30.651593565562752,30.76025850577008,True,15,False,0.0,eligible
2019-01-31,2019-02-01,RENT3,True,31.56563377,29.824558761907795,32.46580733604003,True,16,False,0.0,eligible
2019-01-31,2019-02-01,SANB11,True,46.14975357,34.12389008389876,34.57921341879187,True,13,False,0.0,eligible
2019-01-31,2019-02-01,SBSP3,True,8.41070557,66.42362782195102,36.14321573219165,True,2,False,0.0,eligible
2019-01-31,2019-02-01,SMTO3,True,19.23999977,-3.7518759811371427,27.381634406891624,False,,False,0.0,nonpositive_momentum
2019-01-31,2019-02-01,SUZB3,True,46.0,8.108110039063776,54.927349545479906,True,26,False,0.0,eligible
2019-01-31,2019-02-01,TOTS3,True,11.03851986,6.807966532236498,41.1947968100969,True,27,False,0.0,eligible
2019-01-31,2019-02-01,UGPA3,True,26.35349656,27.111128125182347,40.29316913340075,True,19,False,0.0,eligible
2019-01-31,2019-02-01,USIM5,False,9.81000042,,,False,,False,0.0,indicator_not_uptrend
2019-01-31,2019-02-01,VALE3,False,45.5,,,False,,False,0.0,indicator_not_uptrend
2019-01-31,2019-02-01,WEGE3,True,9.42000008,-0.3174574667001995,26.577146489364107,False,,False,0.0,nonpositive_momentum
2019-02-28,2019-03-01,ABEV3,False,17.22999954,,,False,,False,0.0,indicator_not_uptrend
2019-02-28,2019-03-01,B3SA3,True,10.93000031,46.1881586506131,32.44259082276643,True,4,False,0.0,eligible
2019-02-28,2019-03-01,BBAS3,False,25.29999924,,,False,,False,0.0,indicator_not_uptrend
2019-02-28,2019-03-01,BBDC4,False,27.09115982,,,False,,False,0.0,indicator_not_uptrend
2019-02-28,2019-03-01,BBSE3,False,27.29999924,,,False,,False,0.0,indicator_not_uptrend
2019-02-28,2019-03-01,BPAC11,True,8.46249962,67.74032677517813,34.920375817209944,True,1,True,1.0,eligible
2019-02-28,2019-03-01,BRAP4,True,13.28569794,-4.790223685484851,52.343065298820335,False,,False,0.0,nonpositive_momentum
2019-02-28,2019-03-01,CMIG4,False,5.64630398,,,False,,False,0.0,indicator_not_uptrend
2019-02-28,2019-03-01,CPFE3,False,30.69000053,,,False,,False,0.0,indicator_not_uptrend
2019-02-28,2019-03-01,CPLE3,False,3.25200009,,,False,,False,0.0,indicator_not_uptrend
2019-02-28,2019-03-01,CSMG3,False,20.64999962,,,False,,False,0.0,indicator_not_uptrend
2019-02-28,2019-03-01,CSNA3,True,13.07999992,38.41270034903843,45.6646252868126,True,5,False,0.0,eligible
2019-02-28,2019-03-01,CYRE3,False,17.10000038,,,False,,False,0.0,indicator_not_uptrend
2019-02-28,2019-03-01,EGIE3,False,29.39999962,,,False,,False,0.0,indicator_not_uptrend
2019-02-28,2019-03-01,ENEV3,False,4.67250013,,,False,,False,0.0,indicator_not_uptrend
2019-02-28,2019-03-01,ENGI11,False,36.54545212,,,False,,False,0.0,indicator_not_uptrend
2019-02-28,2019-03-01,EQTL3,False,16.40658951,,,False,,False,0.0,indicator_not_uptrend
2019-02-28,2019-03-01,GGBR4,False,12.01587296,,,False,,False,0.0,indicator_not_uptrend
2019-02-28,2019-03-01,GOAU4,True,4.03895164,-7.948718120526166,30.374590061323985,False,,False,0.0,nonpositive_momentum
2019-02-28,2019-03-01,HYPE3,False,26.89999962,,,False,,False,0.0,indicator_not_uptrend
2019-02-28,2019-03-01,ITSA4,False,9.44212055,,,False,,False,0.0,indicator_not_uptrend
2019-02-28,2019-03-01,ITUB4,False,31.09443855,,,False,,False,0.0,indicator_not_uptrend
2019-02-28,2019-03-01,KLBN11,False,16.27362633,,,False,,False,0.0,indicator_not_uptrend
2019-02-28,2019-03-01,LREN3,False,32.25966644,,,False,,False,0.0,indicator_not_uptrend
2019-02-28,2019-03-01,MGLU3,False,48.28606796,,,False,,False,0.0,indicator_not_uptrend
2019-02-28,2019-03-01,MULT3,False,25.17000008,,,False,,False,0.0,indicator_not_uptrend
2019-02-28,2019-03-01,PETR4,True,27.05999947,47.46593411242208,32.638290194358724,True,3,False,0.0,eligible
2019-02-28,2019-03-01,PSSA3,True,28.02000046,-1.146582670352514,33.492702174752296,False,,False,0.0,nonpositive_momentum
2019-02-28,2019-03-01,RADL3,True,12.33220196,-16.568876295063717,33.872450200787625,False,,False,0.0,nonpositive_momentum
2019-02-28,2019-03-01,RAIL3,False,19.45999908,,,False,,False,0.0,indicator_not_uptrend
2019-02-28,2019-03-01,RENT3,True,32.75053024,53.28305876119599,29.84498436372344,True,2,False,0.0,eligible
2019-02-28,2019-03-01,SANB11,False,43.37520218,,,False,,False,0.0,indicator_not_uptrend
2019-02-28,2019-03-01,SBSP3,False,7.63111115,,,False,,False,0.0,indicator_not_uptrend
2019-02-28,2019-03-01,SMTO3,False,18.78000069,,,False,,False,0.0,indicator_not_uptrend
2019-02-28,2019-03-01,SUZB3,True,47.65999985,-1.161346652491857,46.96413271541917,False,,False,0.0,nonpositive_momentum
2019-02-28,2019-03-01,TOTS3,True,12.09723473,31.44607920241793,34.162695250634926,True,6,False,0.0,eligible
2019-02-28,2019-03-01,UGPA3,False,24.60734558,,,False,,False,0.0,indicator_not_uptrend
2019-02-28,2019-03-01,USIM5,False,9.65999985,,,False,,False,0.0,indicator_not_uptrend
2019-02-28,2019-03-01,VALE3,True,47.09999847,-11.632271779371973,62.5686462422104,False,,False,0.0,nonpositive_momentum
2019-02-28,2019-03-01,WEGE3,False,9.21000004,,,False,,False,0.0,indicator_not_uptrend
2019-03-29,2019-04-01,ABEV3,False,16.82999992,,,False,,False,0.0,indicator_not_uptrend
2019-03-29,2019-04-01,B3SA3,False,10.70666599,,,False,,False,0.0,indicator_not_uptrend
2019-03-29,2019-04-01,BBAS3,False,24.36000061,,,False,,False,0.0,indicator_not_uptrend
2019-03-29,2019-04-01,BBDC4,False,26.88454628,,,False,,False,0.0,indicator_not_uptrend
2019-03-29,2019-04-01,BBSE3,False,26.52000046,,,False,,False,0.0,indicator_not_uptrend
2019-03-29,2019-04-01,BPAC11,False,8.96749973,,,False,,False,0.0,indicator_not_uptrend
2019-03-29,2019-04-01,BRAP4,True,14.70554256,-7.132463503136954,53.08823391871559,False,,False,0.0,nonpositive_momentum
2019-03-29,2019-04-01,CMIG4,False,5.45025165,,,False,,False,0.0,indicator_not_uptrend
2019-03-29,2019-04-01,CPFE3,False,30.47999954,,,False,,False,0.0,indicator_not_uptrend
2019-03-29,2019-04-01,CPLE3,False,3.21000004,,,False,,False,0.0,indicator_not_uptrend
2019-03-29,2019-04-01,CSMG3,False,20.35666656,,,False,,False,0.0,indicator_not_uptrend
2019-03-29,2019-04-01,CSNA3,True,16.25,81.7673463470118,58.48272039504536,True,1,True,1.0,eligible
2019-03-29,2019-04-01,CYRE3,False,16.27000046,,,False,,False,0.0,indicator_not_uptrend
2019-03-29,2019-04-01,EGIE3,False,30.50714111,,,False,,False,0.0,indicator_not_uptrend
2019-03-29,2019-04-01,ENEV3,False,4.625,,,False,,False,0.0,indicator_not_uptrend
2019-03-29,2019-04-01,ENGI11,False,36.61817932,,,False,,False,0.0,indicator_not_uptrend
2019-03-29,2019-04-01,EQTL3,False,15.98109245,,,False,,False,0.0,indicator_not_uptrend
2019-03-29,2019-04-01,GGBR4,False,12.01587296,,,False,,False,0.0,indicator_not_uptrend
2019-03-29,2019-04-01,GOAU4,False,3.99957475,,,False,,False,0.0,indicator_not_uptrend
2019-03-29,2019-04-01,HYPE3,False,25.89999962,,,False,,False,0.0,indicator_not_uptrend
2019-03-29,2019-04-01,ITSA4,False,9.14443111,,,False,,False,0.0,indicator_not_uptrend
2019-03-29,2019-04-01,ITUB4,False,30.38834953,,,False,,False,0.0,indicator_not_uptrend
2019-03-29,2019-04-01,KLBN11,False,15.29252911,,,False,,False,0.0,indicator_not_uptrend
2019-03-29,2019-04-01,LREN3,False,32.64725876,,,False,,False,0.0,indicator_not_uptrend
2019-03-29,2019-04-01,MGLU3,False,48.11626053,,,False,,False,0.0,indicator_not_uptrend
2019-03-29,2019-04-01,MULT3,False,23.38999939,,,False,,False,0.0,indicator_not_uptrend
2019-03-29,2019-04-01,PETR4,True,28.05999947,40.440441021151294,31.971708960992,True,3,False,0.0,eligible
2019-03-29,2019-04-01,PSSA3,False,26.91500092,,,False,,False,0.0,indicator_not_uptrend
2019-03-29,2019-04-01,RADL3,True,12.31146336,-15.194803214102492,35.52437404710194,False,,False,0.0,nonpositive_momentum
2019-03-29,2019-04-01,RAIL3,False,19.14999962,,,False,,False,0.0,indicator_not_uptrend
2019-03-29,2019-04-01,RENT3,False,31.33813286,,,False,,False,0.0,indicator_not_uptrend
2019-03-29,2019-04-01,SANB11,False,41.96392441,,,False,,False,0.0,indicator_not_uptrend
2019-03-29,2019-04-01,SBSP3,False,8.1450243,,,False,,False,0.0,indicator_not_uptrend
2019-03-29,2019-04-01,SMTO3,False,18.34000015,,,False,,False,0.0,indicator_not_uptrend
2019-03-29,2019-04-01,SUZB3,False,46.54999924,,,False,,False,0.0,indicator_not_uptrend
2019-03-29,2019-04-01,TOTS3,True,13.07629776,60.881983276824144,33.601918726000406,True,2,False,0.0,eligible
2019-03-29,2019-04-01,UGPA3,False,21.6540966,,,False,,False,0.0,indicator_not_uptrend
2019-03-29,2019-04-01,USIM5,False,10.03999996,,,False,,False,0.0,indicator_not_uptrend
2019-03-29,2019-04-01,VALE3,True,50.93000031,-13.059066713928102,62.28826836438239,False,,False,0.0,nonpositive_momentum
2019-03-29,2019-04-01,WEGE3,False,9.0,,,False,,False,0.0,indicator_not_uptrend
2019-04-30,2019-05-02,ABEV3,True,18.46999931,9.549220888195432,29.894698864358226,True,15,False,0.0,eligible
2019-04-30,2019-05-02,B3SA3,True,11.48333263,43.24323905602054,33.09948486902235,True,6,False,0.0,eligible
2019-04-30,2019-05-02,BBAS3,False,24.84000015,,,False,,False,0.0,indicator_not_uptrend
2019-04-30,2019-05-02,BBDC4,False,26.7317791,,,False,,False,0.0,indicator_not_uptrend
2019-04-30,2019-05-02,BBSE3,True,28.26000023,6.923949672855678,25.048660943044432,True,16,False,0.0,eligible
2019-04-30,2019-05-02,BPAC11,True,10.34500027,107.73092828220507,33.81520554063777,True,1,True,1.0,eligible
2019-04-30,2019-05-02,BRAP4,True,14.70554256,-3.7997644617105086,38.69804225174215,False,,False,0.0,nonpositive_momentum
2019-04-30,2019-05-02,CMIG4,True,5.77961922,39.71565063618709,30.638881937941818,True,9,False,0.0,eligible
2019-04-30,2019-05-02,CPFE3,False,29.81999969,,,False,,False,0.0,indicator_not_uptrend
2019-04-30,2019-05-02,CPLE3,True,3.80900002,64.53563374853648,29.314955718945008,True,4,False,0.0,eligible
2019-04-30,2019-05-02,CSMG3,True,23.0,35.29411764705883,30.2898963984699,True,11,False,0.0,eligible
2019-04-30,2019-05-02,CSNA3,False,14.53999996,,,False,,False,0.0,indicator_not_uptrend
2019-04-30,2019-05-02,CYRE3,True,17.78000069,41.447900783520254,33.03686926488131,True,8,False,0.0,eligible
2019-04-30,2019-05-02,EGIE3,False,31.77857018,,,False,,False,0.0,indicator_not_uptrend
2019-04-30,2019-05-02,ENEV3,True,4.96750021,47.73235044955166,25.195788343105924,True,5,False,0.0,eligible
2019-04-30,2019-05-02,ENGI11,False,38.0,,,False,,False,0.0,indicator_not_uptrend
2019-04-30,2019-05-02,EQTL3,False,16.40059662,,,False,,False,0.0,indicator_not_uptrend
2019-04-30,2019-05-02,GGBR4,False,11.23015785,,,False,,False,0.0,indicator_not_uptrend
2019-04-30,2019-05-02,GOAU4,False,3.82519104,,,False,,False,0.0,indicator_not_uptrend
2019-04-30,2019-05-02,HYPE3,True,28.07999992,-6.710964898665561,27.655354162470786,False,,False,0.0,nonpositive_momentum
2019-04-30,2019-05-02,ITSA4,False,9.09099865,,,False,,False,0.0,indicator_not_uptrend
2019-04-30,2019-05-02,ITUB4,False,29.85878181,,,False,,False,0.0,indicator_not_uptrend
2019-04-30,2019-05-02,KLBN11,False,14.94149399,,,False,,False,0.0,indicator_not_uptrend
2019-04-30,2019-05-02,LREN3,True,34.94300079,35.64814312529316,31.049865587751203,True,10,False,0.0,eligible
2019-04-30,2019-05-02,MGLU3,True,53.24105453,13.17159948668123,45.195072323711834,True,12,False,0.0,eligible
2019-04-30,2019-05-02,MULT3,True,23.95999908,10.41473843708749,24.423579011995667,True,14,False,0.0,eligible
2019-04-30,2019-05-02,PETR4,False,27.11000061,,,False,,False,0.0,indicator_not_uptrend
2019-04-30,2019-05-02,PSSA3,True,27.05999947,1.424284691097144,29.390616481207022,True,18,False,0.0,eligible
2019-04-30,2019-05-02,RADL3,True,13.03544426,4.283554080000007,32.12974847142279,True,17,False,0.0,eligible
2019-04-30,2019-05-02,RAIL3,False,18.10000038,,,False,,False,0.0,indicator_not_uptrend
2019-04-30,2019-05-02,RENT3,True,34.31459045,41.84952145627807,31.13679874263946,True,7,False,0.0,eligible
2019-04-30,2019-05-02,SANB11,True,43.21199036,12.328419941179947,29.978211183661468,True,13,False,0.0,eligible
2019-04-30,2019-05-02,SBSP3,True,9.11466885,68.39842269221607,42.27188257936243,True,3,False,0.0,eligible
2019-04-30,2019-05-02,SMTO3,True,19.09000015,-3.0964496774973704,25.53523210161804,False,,False,0.0,nonpositive_momentum
2019-04-30,2019-05-02,SUZB3,False,40.72999954,,,False,,False,0.0,indicator_not_uptrend
2019-04-30,2019-05-02,TOTS3,True,14.78551006,71.34615722540016,28.56088870948046,True,2,False,0.0,eligible
2019-04-30,2019-05-02,UGPA3,False,19.35046768,,,False,,False,0.0,indicator_not_uptrend
2019-04-30,2019-05-02,USIM5,False,8.63000011,,,False,,False,0.0,indicator_not_uptrend
2019-04-30,2019-05-02,VALE3,False,50.09999847,,,False,,False,0.0,indicator_not_uptrend
2019-04-30,2019-05-02,WEGE3,True,9.28999996,-0.10752935264188856,24.804196680962747,False,,False,0.0,nonpositive_momentum
2019-05-31,2019-06-03,ABEV3,False,17.54999924,,,False,,False,0.0,indicator_not_uptrend
2019-05-31,2019-06-03,B3SA3,True,12.18999958,38.522719509168546,33.155391411941956,True,6,False,0.0,eligible
2019-05-31,2019-06-03,BBAS3,True,25.92499924,15.73660571338884,33.736075247363026,True,16,False,0.0,eligible
2019-05-31,2019-06-03,BBDC4,True,27.79864693,20.915031921815096,28.79184124864545,True,11,False,0.0,eligible
2019-05-31,2019-06-03,BBSE3,True,29.84000015,9.705879839100406,23.645430430460443,True,18,False,0.0,eligible
2019-05-31,2019-06-03,BPAC11,True,11.68249989,116.04253987405149,36.74088721233477,True,1,True,1.0,eligible
2019-05-31,2019-06-03,BRAP4,False,14.1523571,,,False,,False,0.0,indicator_not_uptrend
2019-05-31,2019-06-03,CMIG4,True,5.78746172,20.000001409944534,35.81704564855121,True,13,False,0.0,eligible
2019-05-31,2019-06-03,CPFE3,True,30.73999977,17.37303989279455,16.75035509901188,True,15,False,0.0,eligible
2019-05-31,2019-06-03,CPLE3,True,4.61000013,64.05694763110922,33.359663153958685,True,3,False,0.0,eligible
2019-05-31,2019-06-03,CSMG3,False,20.71333313,,,False,,False,0.0,indicator_not_uptrend
2019-05-31,2019-06-03,CSNA3,True,16.54000092,91.65701864631843,57.87435899731306,True,2,False,0.0,eligible
2019-05-31,2019-06-03,CYRE3,True,17.44000053,24.393722951418482,36.918486243710625,True,9,False,0.0,eligible
2019-05-31,2019-06-03,EGIE3,True,33.08571243,40.9444941423015,26.644660796067253,True,5,False,0.0,eligible
2019-05-31,2019-06-03,ENEV3,True,5.6875,62.96561557889508,27.169756255883964,True,4,False,0.0,eligible
2019-05-31,2019-06-03,ENGI11,True,40.91818237,26.78873136487445,21.884569563721058,True,8,False,0.0,eligible
2019-05-31,2019-06-03,EQTL3,True,17.2096386,18.86036780801654,21.850900571626898,True,14,False,0.0,eligible
2019-05-31,2019-06-03,GGBR4,False,11.00793552,,,False,,False,0.0,indicator_not_uptrend
2019-05-31,2019-06-03,GOAU4,False,3.64518171,,,False,,False,0.0,indicator_not_uptrend
2019-05-31,2019-06-03,HYPE3,True,30.21999931,-3.296002208000004,26.532264062742367,False,,False,0.0,nonpositive_momentum
2019-05-31,2019-06-03,ITSA4,True,9.45738697,4.468804240337754,26.959566437313242,True,23,False,0.0,eligible
2019-05-31,2019-06-03,ITUB4,True,30.89143753,1.2438495498821256,24.9797985153526,True,24,False,0.0,eligible
2019-05-31,2019-06-03,KLBN11,False,13.99639893,,,False,,False,0.0,indicator_not_uptrend
2019-05-31,2019-06-03,LREN3,True,36.10876083,23.487124724882214,30.96717563432547,True,10,False,0.0,eligible
2019-05-31,2019-06-03,MGLU3,True,54.5605278,20.726828316516,39.09936380532905,True,12,False,0.0,eligible
2019-05-31,2019-06-03,MULT3,True,24.84000015,7.718997055120047,30.39194464414747,True,22,False,0.0,eligible
2019-05-31,2019-06-03,PETR4,False,25.54999924,,,False,,False,0.0,indicator_not_uptrend
2019-05-31,2019-06-03,PSSA3,False,26.5,,,False,,False,0.0,indicator_not_uptrend
2019-05-31,2019-06-03,RADL3,False,13.0882349,,,False,,False,0.0,indicator_not_uptrend
2019-05-31,2019-06-03,RAIL3,True,19.36000061,11.907522893047261,27.77653551778397,True,17,False,0.0,eligible
2019-05-31,2019-06-03,RENT3,True,36.05875778,36.34407806235838,32.17770257543787,True,7,False,0.0,eligible
2019-05-31,2019-06-03,SANB11,True,43.8744278,8.268184323627214,29.673901612809395,True,20,False,0.0,eligible
2019-05-31,2019-06-03,SBSP3,False,8.57360744,,,False,,False,0.0,indicator_not_uptrend
2019-05-31,2019-06-03,SMTO3,True,19.54999924,8.913640179700998,22.320645493398793,True,19,False,0.0,eligible
2019-05-31,2019-06-03,SUZB3,False,32.08000183,,,False,,False,0.0,indicator_not_uptrend
2019-05-31,2019-06-03,TOTS3,False,13.13439465,,,False,,False,0.0,indicator_not_uptrend
2019-05-31,2019-06-03,UGPA3,False,19.05560494,,,False,,False,0.0,indicator_not_uptrend
2019-05-31,2019-06-03,USIM5,False,8.19999981,,,False,,False,0.0,indicator_not_uptrend
2019-05-31,2019-06-03,VALE3,False,49.0,,,False,,False,0.0,indicator_not_uptrend
2019-05-31,2019-06-03,WEGE3,True,9.52499962,7.748862651320199,21.967569220563675,True,21,False,0.0,eligible
2019-06-28,2019-07-01,ABEV3,True,17.88999939,17.6199825309139,21.024505067399136,True,21,False,0.0,eligible
2019-06-28,2019-07-01,B3SA3,True,12.48666573,43.52489658272765,37.4470340518516,True,6,False,0.0,eligible
2019-06-28,2019-07-01,BBAS3,True,26.96999931,22.368412814022687,27.956895905387462,True,16,False,0.0,eligible
2019-06-28,2019-07-01,BBDC4,True,28.35461998,19.17894407924208,22.73520519075167,True,17,False,0.0,eligible
2019-06-28,2019-07-01,BBSE3,True,32.38000107,23.30541045848269,21.369912309472493,True,15,False,0.0,eligible
2019-06-28,2019-07-01,BPAC11,True,12.72000027,116.97227902349967,35.41789390263211,True,1,True,1.0,eligible
2019-06-28,2019-07-01,BRAP4,True,15.14348316,7.599084075162876,31.881957913844467,True,25,False,0.0,eligible
2019-06-28,2019-07-01,CMIG4,True,5.82275061,9.756088623541848,32.6795547521038,True,23,False,0.0,eligible
2019-06-28,2019-07-01,CPFE3,False,30.43000031,,,False,,False,0.0,indicator_not_uptrend
2019-06-28,2019-07-01,CPLE3,False,4.6869998,,,False,,False,0.0,indicator_not_uptrend
2019-06-28,2019-07-01,CSMG3,True,22.34666634,18.111343792341028,33.10239026204888,True,20,False,0.0,eligible
2019-06-28,2019-07-01,CSNA3,False,16.70999908,,,False,,False,0.0,indicator_not_uptrend
2019-06-28,2019-07-01,CYRE3,True,20.79999924,39.50368510567086,32.47355776431864,True,7,False,0.0,eligible
2019-06-28,2019-07-01,EGIE3,False,31.04999924,,,False,,False,0.0,indicator_not_uptrend
2019-06-28,2019-07-01,ENEV3,True,6.03000021,52.27273103764918,25.040692327505838,True,4,False,0.0,eligible
2019-06-28,2019-07-01,ENGI11,True,41.81818008,25.683052251396155,20.065544822096218,True,12,False,0.0,eligible
2019-06-28,2019-07-01,EQTL3,True,18.33830261,30.21275848430298,20.37740169796301,True,10,False,0.0,eligible
2019-06-28,2019-07-01,GGBR4,True,12.06349182,4.4673534501576295,27.13770747008764,True,29,False,0.0,eligible
2019-06-28,2019-07-01,GOAU4,True,4.0727029,6.002906180290379,29.699416532595496,True,27,False,0.0,eligible
2019-06-28,2019-07-01,HYPE3,False,29.98999977,,,False,,False,0.0,indicator_not_uptrend
2019-06-28,2019-07-01,ITSA4,True,9.83904076,8.501679312097753,21.582826266720694,True,24,False,0.0,eligible
2019-06-28,2019-07-01,ITUB4,True,32.00352859,4.6766686454786655,21.452824129377433,True,28,False,0.0,eligible
2019-06-28,2019-07-01,KLBN11,True,14.71647072,0.8636592661187548,30.32713681589759,True,32,False,0.0,eligible
2019-06-28,2019-07-01,LREN3,True,38.66687775,31.298412966579072,28.881581142008233,True,9,False,0.0,eligible
2019-06-28,2019-07-01,MGLU3,True,58.76948166,18.6467323130459,37.41770665594848,True,19,False,0.0,eligible
2019-06-28,2019-07-01,MULT3,True,27.76000023,18.68320202636824,29.681309362586035,True,18,False,0.0,eligible
2019-06-28,2019-07-01,PETR4,True,27.40999985,27.54769727017079,31.483766763148324,True,11,False,0.0,eligible
2019-06-28,2019-07-01,PSSA3,True,25.84000015,1.293610023617009,23.768310071710726,True,31,False,0.0,eligible
2019-06-28,2019-07-01,RADL3,True,14.34766197,31.752086744231,23.753800035567544,True,8,False,0.0,eligible
2019-06-28,2019-07-01,RAIL3,True,20.72999954,24.654242856858932,26.036280653387433,True,13,False,0.0,eligible
2019-06-28,2019-07-01,RENT3,True,38.84563446,46.148359300641474,28.810260159778128,True,5,False,0.0,eligible
2019-06-28,2019-07-01,SANB11,True,43.64401627,7.216982649794645,25.284580768379673,True,26,False,0.0,eligible
2019-06-28,2019-07-01,SBSP3,True,9.16703033,54.47714520978859,43.078581302536506,True,3,False,0.0,eligible
2019-06-28,2019-07-01,SMTO3,True,20.13999939,10.659332686753121,19.620273049563824,True,22,False,0.0,eligible
2019-06-28,2019-07-01,SUZB3,True,32.84999847,-10.51484801617162,43.24787259832805,False,,False,0.0,nonpositive_momentum
2019-06-28,2019-07-01,TOTS3,True,14.6207428,57.165691755349535,31.87321311579206,True,2,False,0.0,eligible
2019-06-28,2019-07-01,UGPA3,True,18.52116204,-20.459048413122936,35.33945031414564,False,,False,0.0,nonpositive_momentum
2019-06-28,2019-07-01,USIM5,True,8.93999958,-3.351355891891894,34.8505541547602,False,,False,0.0,nonpositive_momentum
2019-06-28,2019-07-01,VALE3,True,51.81999969,4.0353307864203325,30.298823013002185,True,30,False,0.0,eligible
2019-06-28,2019-07-01,WEGE3,True,10.68000031,23.826090550724643,20.609207973194174,True,14,False,0.0,eligible
2019-07-31,2019-08-01,ABEV3,True,20.12999916,12.144837368797967,27.234257398902123,True,10,False,0.0,eligible
2019-07-31,2019-08-01,B3SA3,True,14.06333256,30.902884079494108,38.582677600394504,True,5,False,0.0,eligible
2019-07-31,2019-08-01,BBAS3,False,24.61000061,,,False,,False,0.0,indicator_not_uptrend
2019-07-31,2019-08-01,BBDC4,False,25.92036057,,,False,,False,0.0,indicator_not_uptrend
2019-07-31,2019-08-01,BBSE3,False,32.45000076,,,False,,False,0.0,indicator_not_uptrend
2019-07-31,2019-08-01,BPAC11,True,14.93999958,103.95904392521756,37.04436998669803,True,1,True,1.0,eligible
2019-07-31,2019-08-01,BRAP4,False,14.57646561,,,False,,False,0.0,indicator_not_uptrend
2019-07-31,2019-08-01,CMIG4,False,5.54435693,,,False,,False,0.0,indicator_not_uptrend
2019-07-31,2019-08-01,CPFE3,True,32.22999954,3.3343988211852693,19.688715874180605,True,13,False,0.0,eligible
2019-07-31,2019-08-01,CPLE3,False,4.82399988,,,False,,False,0.0,indicator_not_uptrend
2019-07-31,2019-08-01,CSMG3,False,22.46666527,,,False,,False,0.0,indicator_not_uptrend
2019-07-31,2019-08-01,CSNA3,False,16.53000069,,,False,,False,0.0,indicator_not_uptrend
2019-07-31,2019-08-01,CYRE3,True,24.39999962,41.94298352357293,34.217714682223246,True,4,False,0.0,eligible
2019-07-31,2019-08-01,EGIE3,True,34.47857285,10.711015668357149,23.00272048715615,True,12,False,0.0,eligible
2019-07-31,2019-08-01,ENEV3,False,6.46999979,,,False,,False,0.0,indicator_not_uptrend
2019-07-31,2019-08-01,ENGI11,True,44.90908813,17.172675049434403,21.381107656454645,True,9,False,0.0,eligible
2019-07-31,2019-08-01,EQTL3,False,18.87766457,,,False,,False,0.0,indicator_not_uptrend
2019-07-31,2019-08-01,GGBR4,False,10.91269779,,,False,,False,0.0,indicator_not_uptrend
2019-07-31,2019-08-01,GOAU4,False,3.74081165,,,False,,False,0.0,indicator_not_uptrend
2019-07-31,2019-08-01,HYPE3,True,30.18000031,-8.628515214253362,28.84269746885138,False,,False,0.0,nonpositive_momentum
2019-07-31,2019-08-01,ITSA4,False,9.51845169,,,False,,False,0.0,indicator_not_uptrend
2019-07-31,2019-08-01,ITUB4,False,30.73256874,,,False,,False,0.0,indicator_not_uptrend
2019-07-31,2019-08-01,KLBN11,False,14.43744278,,,False,,False,0.0,indicator_not_uptrend
2019-07-31,2019-08-01,LREN3,False,38.91284943,,,False,,False,0.0,indicator_not_uptrend
2019-07-31,2019-08-01,MGLU3,True,73.41175079,57.55765795514558,35.55750501888416,True,2,False,0.0,eligible
2019-07-31,2019-08-01,MULT3,False,28.38999939,,,False,,False,0.0,indicator_not_uptrend
2019-07-31,2019-08-01,PETR4,False,26.07999992,,,False,,False,0.0,indicator_not_uptrend
2019-07-31,2019-08-01,PSSA3,False,26.04999924,,,False,,False,0.0,indicator_not_uptrend
2019-07-31,2019-08-01,RADL3,True,15.65045166,27.491925668366555,26.936271122897743,True,6,False,0.0,eligible
2019-07-31,2019-08-01,RAIL3,True,21.92000008,10.987342177215197,22.020165911716074,True,11,False,0.0,eligible
2019-07-31,2019-08-01,RENT3,False,41.70834351,,,False,,False,0.0,indicator_not_uptrend
2019-07-31,2019-08-01,SANB11,False,41.13827515,,,False,,False,0.0,indicator_not_uptrend
2019-07-31,2019-08-01,SBSP3,True,10.35581589,21.945648371657867,41.394560682234555,True,8,False,0.0,eligible
2019-07-31,2019-08-01,SMTO3,False,20.20999908,,,False,,False,0.0,indicator_not_uptrend
2019-07-31,2019-08-01,SUZB3,True,30.67000008,-37.510189616062604,44.62820593763695,False,,False,0.0,nonpositive_momentum
2019-07-31,2019-08-01,TOTS3,True,16.12704277,49.975788139252565,31.188382771724683,True,3,False,0.0,eligible
2019-07-31,2019-08-01,UGPA3,True,18.3276577,-31.637741681219524,36.90997704088656,False,,False,0.0,nonpositive_momentum
2019-07-31,2019-08-01,USIM5,False,8.75,,,False,,False,0.0,indicator_not_uptrend
2019-07-31,2019-08-01,VALE3,False,49.81000137,,,False,,False,0.0,indicator_not_uptrend
2019-07-31,2019-08-01,WEGE3,True,11.90999985,24.58158291587189,22.590029347485192,True,7,False,0.0,eligible
2019-08-30,2019-09-02,ABEV3,False,18.71999931,,,False,,False,0.0,indicator_not_uptrend
2019-08-30,2019-09-02,B3SA3,False,14.9333334,,,False,,False,0.0,indicator_not_uptrend
2019-08-30,2019-09-02,BBAS3,False,23.12000084,,,False,,False,0.0,indicator_not_uptrend
2019-08-30,2019-09-02,BBDC4,False,24.75582123,,,False,,False,0.0,indicator_not_uptrend
2019-08-30,2019-09-02,BBSE3,False,32.66999817,,,False,,False,0.0,indicator_not_uptrend
2019-08-30,2019-09-02,BPAC11,False,14.26249981,,,False,,False,0.0,indicator_not_uptrend
2019-08-30,2019-09-02,BRAP4,False,13.10591221,,,False,,False,0.0,indicator_not_uptrend
2019-08-30,2019-09-02,CMIG4,False,5.78746172,,,False,,False,0.0,indicator_not_uptrend
2019-08-30,2019-09-02,CPFE3,False,32.40000153,,,False,,False,0.0,indicator_not_uptrend
2019-08-30,2019-09-02,CPLE3,True,5.63399982,74.69767425419145,29.077770942118747,True,1,True,1.0,eligible
2019-08-30,2019-09-02,CSMG3,False,23.12000084,,,False,,False,0.0,indicator_not_uptrend
2019-08-30,2019-09-02,CSNA3,False,14.35999966,,,False,,False,0.0,indicator_not_uptrend
2019-08-30,2019-09-02,CYRE3,False,25.19000053,,,False,,False,0.0,indicator_not_uptrend
2019-08-30,2019-09-02,EGIE3,False,32.12857056,,,False,,False,0.0,indicator_not_uptrend
2019-08-30,2019-09-02,ENEV3,False,6.7125001,,,False,,False,0.0,indicator_not_uptrend
2019-08-30,2019-09-02,ENGI11,False,42.95454407,,,False,,False,0.0,indicator_not_uptrend
2019-08-30,2019-09-02,EQTL3,False,19.13136482,,,False,,False,0.0,indicator_not_uptrend
2019-08-30,2019-09-02,GGBR4,False,10.2142849,,,False,,False,0.0,indicator_not_uptrend
2019-08-30,2019-09-02,GOAU4,False,3.51580051,,,False,,False,0.0,indicator_not_uptrend
2019-08-30,2019-09-02,HYPE3,True,32.16999817,17.109570360597147,33.29004851216006,True,3,False,0.0,eligible
2019-08-30,2019-09-02,ITSA4,False,9.38105583,,,False,,False,0.0,indicator_not_uptrend
2019-08-30,2019-09-02,ITUB4,False,29.95586967,,,False,,False,0.0,indicator_not_uptrend
2019-08-30,2019-09-02,KLBN11,False,13.55535507,,,False,,False,0.0,indicator_not_uptrend
2019-08-30,2019-09-02,LREN3,False,41.44636536,,,False,,False,0.0,indicator_not_uptrend
2019-08-30,2019-09-02,MGLU3,False,80.81639099,,,False,,False,0.0,indicator_not_uptrend
2019-08-30,2019-09-02,MULT3,False,25.98999977,,,False,,False,0.0,indicator_not_uptrend
2019-08-30,2019-09-02,PETR4,False,25.5,,,False,,False,0.0,indicator_not_uptrend
2019-08-30,2019-09-02,PSSA3,True,28.0,-2.2517034373962797,20.70039777328187,False,,False,0.0,nonpositive_momentum
2019-08-30,2019-09-02,RADL3,True,17.35294151,40.54054094111004,35.37631324622274,True,2,False,0.0,eligible
2019-08-30,2019-09-02,RAIL3,False,22.10000038,,,False,,False,0.0,indicator_not_uptrend
2019-08-30,2019-09-02,RENT3,False,44.5900116,,,False,,False,0.0,indicator_not_uptrend
2019-08-30,2019-09-02,SANB11,False,40.81185913,,,False,,False,0.0,indicator_not_uptrend
2019-08-30,2019-09-02,SBSP3,False,10.0261364,,,False,,False,0.0,indicator_not_uptrend
2019-08-30,2019-09-02,SMTO3,False,17.84000015,,,False,,False,0.0,indicator_not_uptrend
2019-08-30,2019-09-02,SUZB3,False,29.07999992,,,False,,False,0.0,indicator_not_uptrend
2019-08-30,2019-09-02,TOTS3,False,17.91597939,,,False,,False,0.0,indicator_not_uptrend
2019-08-30,2019-09-02,UGPA3,False,15.13022422,,,False,,False,0.0,indicator_not_uptrend
2019-08-30,2019-09-02,USIM5,False,7.9000001,,,False,,False,0.0,indicator_not_uptrend
2019-08-30,2019-09-02,VALE3,False,45.56999969,,,False,,False,0.0,indicator_not_uptrend
2019-08-30,2019-09-02,WEGE3,False,11.25,,,False,,False,0.0,indicator_not_uptrend
2019-09-30,2019-10-01,ABEV3,True,19.25,14.447088910737072,27.216939275667613,True,10,False,0.0,eligible
2019-09-30,2019-10-01,B3SA3,False,14.54333305,,,False,,False,0.0,indicator_not_uptrend
2019-09-30,2019-10-01,BBAS3,True,22.74500084,-7.540648420103812,30.01992910701009,False,,False,0.0,nonpositive_momentum
2019-09-30,2019-10-01,BBDC4,True,25.48459816,-5.960628984182503,26.647581383614334,False,,False,0.0,nonpositive_momentum
2019-09-30,2019-10-01,BBSE3,True,35.02999878,32.78999202212256,23.417967818201816,True,4,False,0.0,eligible
2019-09-30,2019-10-01,BPAC11,False,14.63500023,,,False,,False,0.0,indicator_not_uptrend
2019-09-30,2019-10-01,BRAP4,True,14.54880714,-4.3346469147074735,26.270978160797455,False,,False,0.0,nonpositive_momentum
2019-09-30,2019-10-01,CMIG4,False,5.61885614,,,False,,False,0.0,indicator_not_uptrend
2019-09-30,2019-10-01,CPFE3,False,32.88999939,,,False,,False,0.0,indicator_not_uptrend
2019-09-30,2019-10-01,CPLE3,False,5.11000013,,,False,,False,0.0,indicator_not_uptrend
2019-09-30,2019-10-01,CSMG3,False,22.66333389,,,False,,False,0.0,indicator_not_uptrend
2019-09-30,2019-10-01,CSNA3,False,13.22999954,,,False,,False,0.0,indicator_not_uptrend
2019-09-30,2019-10-01,CYRE3,False,24.04999924,,,False,,False,0.0,indicator_not_uptrend
2019-09-30,2019-10-01,EGIE3,False,31.70714188,,,False,,False,0.0,indicator_not_uptrend
2019-09-30,2019-10-01,ENEV3,True,7.66750002,64.89247000231248,23.850934342923775,True,1,True,1.0,eligible
2019-09-30,2019-10-01,ENGI11,True,45.2545433,22.97430498533892,24.210622883018004,True,9,False,0.0,eligible
2019-09-30,2019-10-01,EQTL3,True,20.03429794,25.362505740338158,23.99514175469156,True,7,False,0.0,eligible
2019-09-30,2019-10-01,GGBR4,True,10.4444437,-18.159203388319533,32.455588310585085,False,,False,0.0,nonpositive_momentum
2019-09-30,2019-10-01,GOAU4,True,3.51580051,-17.218541953282728,31.519687794113345,False,,False,0.0,nonpositive_momentum
2019-09-30,2019-10-01,HYPE3,True,33.52999878,27.538979104759953,29.6845960488593,True,6,False,0.0,eligible
2019-09-30,2019-10-01,ITSA4,True,10.06040096,10.016695833580425,24.270096423546377,True,12,False,0.0,eligible
2019-09-30,2019-10-01,ITUB4,True,30.91791725,2.5468413014219315,26.94116453693651,True,14,False,0.0,eligible
2019-09-30,2019-10-01,KLBN11,True,13.85238457,-11.75458654094812,20.541796596592242,False,,False,0.0,nonpositive_momentum
2019-09-30,2019-10-01,LREN3,False,41.38077164,,,False,,False,0.0,indicator_not_uptrend
2019-09-30,2019-10-01,MGLU3,False,82.48661041,,,False,,False,0.0,indicator_not_uptrend
2019-09-30,2019-10-01,MULT3,True,28.85000038,24.29987730960308,26.052329957212777,True,8,False,0.0,eligible
2019-09-30,2019-10-01,PETR4,True,27.54999924,-1.607145571428581,27.807528908059382,False,,False,0.0,nonpositive_momentum
2019-09-30,2019-10-01,PSSA3,True,29.44499969,10.467075324618946,22.396971560010034,True,11,False,0.0,eligible
2019-09-30,2019-10-01,RADL3,False,18.06372452,,,False,,False,0.0,indicator_not_uptrend
2019-09-30,2019-10-01,RAIL3,True,24.5,30.806196485363067,26.760738564461978,True,5,False,0.0,eligible
2019-09-30,2019-10-01,RENT3,False,43.09230423,,,False,,False,0.0,indicator_not_uptrend
2019-09-30,2019-10-01,SANB11,True,43.64401627,1.951112015186518,24.131797569116937,True,15,False,0.0,eligible
2019-09-30,2019-10-01,SBSP3,False,9.61888504,,,False,,False,0.0,indicator_not_uptrend
2019-09-30,2019-10-01,SMTO3,True,18.95000076,3.045140775287436,24.25439863031226,True,13,False,0.0,eligible
2019-09-30,2019-10-01,SUZB3,True,33.65000153,-29.70544749916083,36.797734721469986,False,,False,0.0,nonpositive_momentum
2019-09-30,2019-10-01,TOTS3,True,19.19949341,47.387796315908126,30.21702727222107,True,2,False,0.0,eligible
2019-09-30,2019-10-01,UGPA3,True,17.03762626,-21.486203291526508,43.03894094903008,False,,False,0.0,nonpositive_momentum
2019-09-30,2019-10-01,USIM5,True,7.80999994,-23.581215913216415,40.63768480356616,False,,False,0.0,nonpositive_momentum
2019-09-30,2019-10-01,VALE3,True,47.75,-9.220529678848111,25.622095693000404,False,,False,0.0,nonpositive_momentum
2019-09-30,2019-10-01,WEGE3,True,12.11499977,34.08965103635282,28.96647061777639,True,3,False,0.0,eligible
2019-10-31,2019-11-01,ABEV3,False,17.37999916,,,False,,False,0.0,indicator_not_uptrend
2019-10-31,2019-11-01,B3SA3,True,16.12666512,43.560826080514616,30.85608551334878,True,7,False,0.0,eligible
2019-10-31,2019-11-01,BBAS3,True,24.07500076,-2.4711311448126216,32.83688202138718,False,,False,0.0,nonpositive_momentum
2019-10-31,2019-11-01,BBDC4,True,26.42374039,0.5144330076771064,28.03480930144719,True,18,False,0.0,eligible
2019-10-31,2019-11-01,BBSE3,False,33.97000122,,,False,,False,0.0,indicator_not_uptrend
2019-10-31,2019-11-01,BPAC11,True,16.33749962,62.15880821937208,72.74747866718054,True,3,False,0.0,eligible
2019-10-31,2019-11-01,BRAP4,True,14.75625229,4.063724243191169,28.5620401837404,True,16,False,0.0,eligible
2019-10-31,2019-11-01,CMIG4,False,5.3522253,,,False,,False,0.0,indicator_not_uptrend
2019-10-31,2019-11-01,CPFE3,False,33.02000046,,,False,,False,0.0,indicator_not_uptrend
2019-10-31,2019-11-01,CPLE3,False,5.49300003,,,False,,False,0.0,indicator_not_uptrend
2019-10-31,2019-11-01,CSMG3,True,22.49666595,0.7163102998990922,27.027841974062067,True,17,False,0.0,eligible
2019-10-31,2019-11-01,CSNA3,False,11.80000019,,,False,,False,0.0,indicator_not_uptrend
2019-10-31,2019-11-01,CYRE3,True,26.93000031,60.20226745432491,40.870766388633605,True,5,False,0.0,eligible
2019-10-31,2019-11-01,EGIE3,True,32.32857132,6.094704209056978,20.424486724473397,True,15,False,0.0,eligible
2019-10-31,2019-11-01,ENEV3,True,8.21749973,64.34999459999999,26.74855211147207,True,2,False,0.0,eligible
2019-10-31,2019-11-01,ENGI11,False,43.63636398,,,False,,False,0.0,indicator_not_uptrend
2019-10-31,2019-11-01,EQTL3,False,20.35192108,,,False,,False,0.0,indicator_not_uptrend
2019-10-31,2019-11-01,GGBR4,True,10.65872955,-4.616485156243744,33.18327783937585,False,,False,0.0,nonpositive_momentum
2019-10-31,2019-11-01,GOAU4,True,3.53830123,-6.814820261907906,35.00197536499914,False,,False,0.0,nonpositive_momentum
2019-10-31,2019-11-01,HYPE3,False,34.31999969,,,False,,False,0.0,indicator_not_uptrend
2019-10-31,2019-11-01,ITSA4,True,10.46495438,19.842650323119337,24.651459081343088,True,10,False,0.0,eligible
2019-10-31,2019-11-01,ITUB4,True,31.97705269,9.887778717887908,26.24926664847071,True,13,False,0.0,eligible
2019-10-31,2019-11-01,KLBN11,True,14.33843327,-2.149880551769312,22.641308142548645,False,,False,0.0,nonpositive_momentum
2019-10-31,2019-11-01,LREN3,False,41.61034775,,,False,,False,0.0,indicator_not_uptrend
2019-10-31,2019-11-01,MGLU3,True,99.41150665,78.37271098474372,45.30473519635098,True,1,True,1.0,eligible
2019-10-31,2019-11-01,MULT3,True,29.20999908,21.30398329336871,26.434676638687577,True,9,False,0.0,eligible
2019-10-31,2019-11-01,PETR4,True,30.38999939,13.522595695913564,28.46120079097101,True,12,False,0.0,eligible
2019-10-31,2019-11-01,PSSA3,False,28.70000076,,,False,,False,0.0,indicator_not_uptrend
2019-10-31,2019-11-01,RADL3,True,20.73906326,60.46680583790589,31.636740557987842,True,4,False,0.0,eligible
2019-10-31,2019-11-01,RAIL3,False,22.79999924,,,False,,False,0.0,indicator_not_uptrend
2019-10-31,2019-11-01,RENT3,False,40.93105316,,,False,,False,0.0,indicator_not_uptrend
2019-10-31,2019-11-01,SANB11,True,45.27610779,7.181827019720366,25.171619660908394,True,14,False,0.0,eligible
2019-10-31,2019-11-01,SBSP3,True,10.59240913,17.614121303029997,31.135063208674886,True,11,False,0.0,eligible
2019-10-31,2019-11-01,SMTO3,False,17.55999947,,,False,,False,0.0,indicator_not_uptrend
2019-10-31,2019-11-01,SUZB3,False,32.63999939,,,False,,False,0.0,indicator_not_uptrend
2019-10-31,2019-11-01,TOTS3,True,20.70911789,48.21456914697653,32.22096726358621,True,6,False,0.0,eligible
2019-10-31,2019-11-01,UGPA3,True,17.38777732,-11.241773546593093,40.97250579084841,False,,False,0.0,nonpositive_momentum
2019-10-31,2019-11-01,USIM5,False,7.26000023,,,False,,False,0.0,indicator_not_uptrend
2019-10-31,2019-11-01,VALE3,True,47.20000076,-4.953683240899154,29.52635257236043,False,,False,0.0,nonpositive_momentum
2019-10-31,2019-11-01,WEGE3,True,12.75,38.888884198741366,28.41567700084639,True,8,False,0.0,eligible
2019-11-29,2019-12-02,ABEV3,True,18.04999924,2.849002972378467,24.6259788551092,True,20,False,0.0,eligible
2019-11-29,2019-12-02,B3SA3,False,15.9066658,,,False,,False,0.0,indicator_not_uptrend
2019-11-29,2019-12-02,BBAS3,True,23.90500069,-7.79170148203251,28.21541100093721,False,,False,0.0,nonpositive_momentum
2019-11-29,2019-12-02,BBDC4,False,25.07137489,,,False,,False,0.0,indicator_not_uptrend
2019-11-29,2019-12-02,BBSE3,False,34.45000076,,,False,,False,0.0,indicator_not_uptrend
2019-11-29,2019-12-02,BPAC11,True,17.38249969,48.79092534705771,35.02254665099858,True,4,False,0.0,eligible
2019-11-29,2019-12-02,BRAP4,True,15.76581764,11.40064887141663,26.529891256124955,True,15,False,0.0,eligible
2019-11-29,2019-12-02,CMIG4,False,5.11696302,,,False,,False,0.0,indicator_not_uptrend
2019-11-29,2019-12-02,CPFE3,False,31.59000015,,,False,,False,0.0,indicator_not_uptrend
2019-11-29,2019-12-02,CPLE3,True,6.69799995,45.29283646679636,31.003455705471467,True,5,False,0.0,eligible
2019-11-29,2019-12-02,CSMG3,True,22.82999992,10.218861333014239,25.15304316273304,True,16,False,0.0,eligible
2019-11-29,2019-12-02,CSNA3,True,12.56000042,-24.062879556357363,38.511274473696666,False,,False,0.0,nonpositive_momentum
2019-11-29,2019-12-02,CYRE3,False,26.84000015,,,False,,False,0.0,indicator_not_uptrend
2019-11-29,2019-12-02,EGIE3,True,33.40714264,0.9715075976678866,17.48138229501638,True,22,False,0.0,eligible
2019-11-29,2019-12-02,ENEV3,True,9.52499962,67.47252079120878,31.34327604193538,True,1,True,1.0,eligible
2019-11-29,2019-12-02,ENGI11,False,41.69091034,,,False,,False,0.0,indicator_not_uptrend
2019-11-29,2019-12-02,EQTL3,False,20.61560822,,,False,,False,0.0,indicator_not_uptrend
2019-11-29,2019-12-02,GGBR4,True,13.49206257,22.566693323072794,32.060674801402534,True,8,False,0.0,eligible
2019-11-29,2019-12-02,GOAU4,True,4.38771906,20.370379560584382,32.255830661297914,True,9,False,0.0,eligible
2019-11-29,2019-12-02,HYPE3,False,33.29999924,,,False,,False,0.0,indicator_not_uptrend
2019-11-29,2019-12-02,ITSA4,False,10.12909794,,,False,,False,0.0,indicator_not_uptrend
2019-11-29,2019-12-02,ITUB4,False,30.71491623,,,False,,False,0.0,indicator_not_uptrend
2019-11-29,2019-12-02,KLBN11,True,15.78757763,12.797425316027343,23.151502934944954,True,14,False,0.0,eligible
2019-11-29,2019-12-02,LREN3,True,42.47125244,17.62035435099698,26.00390302303269,True,12,False,0.0,eligible
2019-11-29,2019-12-02,MGLU3,False,100.28002167,,,False,,False,0.0,indicator_not_uptrend
2019-11-29,2019-12-02,MULT3,False,28.92000008,,,False,,False,0.0,indicator_not_uptrend
2019-11-29,2019-12-02,PETR4,False,29.14999962,,,False,,False,0.0,indicator_not_uptrend
2019-11-29,2019-12-02,PSSA3,True,30.0,13.207547169811317,22.874303449959704,True,13,False,0.0,eligible
2019-11-29,2019-12-02,RADL3,False,21.30278969,,,False,,False,0.0,indicator_not_uptrend
2019-11-29,2019-12-02,RAIL3,True,24.43000031,26.18801415419998,22.530059161823125,True,7,False,0.0,eligible
2019-11-29,2019-12-02,RENT3,True,42.69417953,18.401692566570716,31.00433675552385,True,11,False,0.0,eligible
2019-11-29,2019-12-02,SANB11,False,42.43434906,,,False,,False,0.0,indicator_not_uptrend
2019-11-29,2019-12-02,SBSP3,True,11.13153172,29.834865870649185,27.703524838404892,True,6,False,0.0,eligible
2019-11-29,2019-12-02,SMTO3,True,20.89999962,6.905373056167963,23.966531302189882,True,17,False,0.0,eligible
2019-11-29,2019-12-02,SUZB3,True,38.56000137,20.199498660689443,37.78896557915396,True,10,False,0.0,eligible
2019-11-29,2019-12-02,TOTS3,True,21.5138073,63.79747885830429,27.973098985185157,True,2,False,0.0,eligible
2019-11-29,2019-12-02,UGPA3,True,20.09684372,5.464212672746571,32.981094744306205,True,18,False,0.0,eligible
2019-11-29,2019-12-02,USIM5,True,8.51000023,3.780493014426045,35.59313950644939,True,19,False,0.0,eligible
2019-11-29,2019-12-02,VALE3,True,49.97999954,1.9999990612245,28.18966263267188,True,21,False,0.0,eligible
2019-11-29,2019-12-02,WEGE3,True,15.21000004,59.685046160663276,25.626094723291253,True,3,False,0.0,eligible
2019-12-30,2020-01-02,ABEV3,True,18.67000008,4.359981646707034,25.156947811796936,True,28,False,0.0,eligible
2019-12-30,2020-01-02,B3SA3,False,14.32333279,,,False,,False,0.0,indicator_not_uptrend
2019-12-30,2020-01-02,BBAS3,True,26.40999985,-2.076379215153934,25.595049251655944,False,,False,0.0,nonpositive_momentum
2019-12-30,2020-01-02,BBDC4,True,27.17505646,-4.1600399540956845,25.422992254659206,False,,False,0.0,nonpositive_momentum
2019-12-30,2020-01-02,BBSE3,True,37.70000076,16.429893496603288,23.647213763580968,True,24,False,0.0,eligible
2019-12-30,2020-01-02,BPAC11,True,18.89999962,48.584899519031225,32.665557032287886,True,4,False,0.0,eligible
2019-12-30,2020-01-02,BRAP4,True,17.64665222,16.529678367602173,25.88557877048869,True,23,False,0.0,eligible
2019-12-30,2020-01-02,CMIG4,True,5.4071199,-7.138047597061692,18.576684476689305,False,,False,0.0,nonpositive_momentum
2019-12-30,2020-01-02,CPFE3,True,35.54999924,16.825497462507254,18.21698494562271,True,22,False,0.0,eligible
2019-12-30,2020-01-02,CPLE3,True,6.90999985,47.429062190273626,28.88789508776664,True,5,False,0.0,eligible
2019-12-30,2020-01-02,CSMG3,True,22.66333389,1.4170684127196909,25.773201940795033,True,31,False,0.0,eligible
2019-12-30,2020-01-02,CSNA3,True,14.10999966,-15.559542568209405,40.126059975232145,False,,False,0.0,nonpositive_momentum
2019-12-30,2020-01-02,CYRE3,True,29.69000053,42.74039237897589,29.624542927856197,True,6,False,0.0,eligible
2019-12-30,2020-01-02,EGIE3,True,36.2857132,16.862203182456504,20.369046083308305,True,21,False,0.0,eligible
2019-12-30,2020-01-02,ENEV3,True,10.92249966,81.13597478630933,29.787958225482853,True,1,True,1.0,eligible
2019-12-30,2020-01-02,ENGI11,True,49.30908966,17.91304539238572,20.590715966517827,True,19,False,0.0,eligible
2019-12-30,2020-01-02,EQTL3,True,22.76306915,24.128550139570425,24.57261571797995,True,12,False,0.0,eligible
2019-12-30,2020-01-02,GGBR4,True,15.8730154,31.57894610318557,32.19871824802695,True,7,False,0.0,eligible
2019-12-30,2020-01-02,GOAU4,True,5.22026107,28.176820116193603,34.43298116499953,True,8,False,0.0,eligible
2019-12-30,2020-01-02,HYPE3,True,35.68999863,19.00633178964508,17.964356958493507,True,18,False,0.0,eligible
2019-12-30,2020-01-02,ITSA4,True,10.7550106,9.309544114542323,19.92604260207906,True,25,False,0.0,eligible
2019-12-30,2020-01-02,ITUB4,True,32.74492264,2.3166009582820113,21.899553767593325,True,30,False,0.0,eligible
2019-12-30,2020-01-02,KLBN11,False,16.64266396,,,False,,False,0.0,indicator_not_uptrend
2019-12-30,2020-01-02,LREN3,True,46.07064819,19.147577644797042,24.793897225579176,True,17,False,0.0,eligible
2019-12-30,2020-01-02,MGLU3,True,106.22600555,80.7502849260284,38.60435672762268,True,2,False,0.0,eligible
2019-12-30,2020-01-02,MULT3,True,33.09999847,19.23630473975686,25.03787333151054,True,16,False,0.0,eligible
2019-12-30,2020-01-02,PETR4,False,30.18000031,,,False,,False,0.0,indicator_not_uptrend
2019-12-30,2020-01-02,PSSA3,True,31.37000084,21.400931338616868,19.29338552666959,True,14,False,0.0,eligible
2019-12-30,2020-01-02,RADL3,False,21.04826546,,,False,,False,0.0,indicator_not_uptrend
2019-12-30,2020-01-02,RAIL3,True,26.10000038,25.904490878729657,22.47995297379251,True,11,False,0.0,eligible
2019-12-30,2020-01-02,RENT3,True,47.18777847,21.475113293850413,31.10750807777385,True,13,False,0.0,eligible
2019-12-30,2020-01-02,SANB11,True,47.33061981,8.446985073951808,22.193953570024902,True,26,False,0.0,eligible
2019-12-30,2020-01-02,SBSP3,True,11.74434757,28.115072681340216,27.183780386413307,True,9,False,0.0,eligible
2019-12-30,2020-01-02,SMTO3,True,23.71999931,17.775571144145896,24.54876776503701,True,20,False,0.0,eligible
2019-12-30,2020-01-02,SUZB3,True,39.68000031,20.791482977502838,32.07417516210662,True,15,False,0.0,eligible
2019-12-30,2020-01-02,TOTS3,False,21.46392822,,,False,,False,0.0,indicator_not_uptrend
2019-12-30,2020-01-02,UGPA3,True,23.47856712,26.766166557441352,29.928222015187878,True,10,False,0.0,eligible
2019-12-30,2020-01-02,USIM5,True,9.51000023,6.375846496404414,32.891401046181365,True,27,False,0.0,eligible
2019-12-30,2020-01-02,VALE3,True,53.29999924,2.856039287637424,26.81062994246602,True,29,False,0.0,eligible
2019-12-30,2020-01-02,WEGE3,True,17.32999992,62.26591214396695,26.73102332795648,True,3,False,0.0,eligible
2020-01-31,2020-02-03,ABEV3,False,17.85000038,,,False,,False,0.0,indicator_not_uptrend
2020-01-31,2020-02-03,B3SA3,True,16.06666565,14.245080825991652,34.33520791543073,True,13,False,0.0,eligible
2020-01-31,2020-02-03,BBAS3,False,24.27000046,,,False,,False,0.0,indicator_not_uptrend
2020-01-31,2020-02-03,BBDC4,False,24.71074295,,,False,,False,0.0,indicator_not_uptrend
2020-01-31,2020-02-03,BBSE3,False,34.77999878,,,False,,False,0.0,indicator_not_uptrend
2020-01-31,2020-02-03,BPAC11,False,18.56749916,,,False,,False,0.0,indicator_not_uptrend
2020-01-31,2020-02-03,BRAP4,False,17.06119537,,,False,,False,0.0,indicator_not_uptrend
2020-01-31,2020-02-03,CMIG4,True,5.86196166,5.72843224218611,21.043609932660807,True,17,False,0.0,eligible
2020-01-31,2020-02-03,CPFE3,True,38.27000046,18.740307186489026,19.354017005556315,True,12,False,0.0,eligible
2020-01-31,2020-02-03,CPLE3,True,7.8499999,62.72802850898911,30.115986245492653,True,3,False,0.0,eligible
2020-01-31,2020-02-03,CSMG3,True,22.46666527,0.0,24.21701401649041,False,,False,0.0,nonpositive_momentum
2020-01-31,2020-02-03,CSNA3,False,12.89999962,,,False,,False,0.0,indicator_not_uptrend
2020-01-31,2020-02-03,CYRE3,False,31.79999924,,,False,,False,0.0,indicator_not_uptrend
2020-01-31,2020-02-03,EGIE3,False,37.17856979,,,False,,False,0.0,indicator_not_uptrend
2020-01-31,2020-02-03,ENEV3,False,10.93249989,,,False,,False,0.0,indicator_not_uptrend
2020-01-31,2020-02-03,ENGI11,True,50.79999924,13.117414214573575,19.048665669982576,True,15,False,0.0,eligible
2020-01-31,2020-02-03,EQTL3,True,23.81182861,26.137576614436053,21.28606970282264,True,9,False,0.0,eligible
2020-01-31,2020-02-03,GGBR4,False,15.91269779,,,False,,False,0.0,indicator_not_uptrend
2020-01-31,2020-02-03,GOAU4,False,5.36089245,,,False,,False,0.0,indicator_not_uptrend
2020-01-31,2020-02-03,HYPE3,False,35.56999969,,,False,,False,0.0,indicator_not_uptrend
2020-01-31,2020-02-03,ITSA4,False,9.81614208,,,False,,False,0.0,indicator_not_uptrend
2020-01-31,2020-02-03,ITUB4,False,28.96734238,,,False,,False,0.0,indicator_not_uptrend
2020-01-31,2020-02-03,KLBN11,True,18.82988167,30.423939730412553,24.579391099946484,True,6,False,0.0,eligible
2020-01-31,2020-02-03,LREN3,True,47.10373306,21.049303122184646,23.551421959454967,True,11,False,0.0,eligible
2020-01-31,2020-02-03,MGLU3,True,124.26438904,69.27043382396356,39.75278804312023,True,1,True,1.0,eligible
2020-01-31,2020-02-03,MULT3,True,34.68000031,22.155692339379087,23.127139405317855,True,10,False,0.0,eligible
2020-01-31,2020-02-03,PETR4,False,28.45000076,,,False,,False,0.0,indicator_not_uptrend
2020-01-31,2020-02-03,PSSA3,True,33.06499863,26.928981169521137,22.001429927919936,True,8,False,0.0,eligible
2020-01-31,2020-02-03,RADL3,True,23.4200592,49.64462182173215,28.875757656497807,True,5,False,0.0,eligible
2020-01-31,2020-02-03,RAIL3,False,23.20000076,,,False,,False,0.0,indicator_not_uptrend
2020-01-31,2020-02-03,RENT3,True,53.37862396,27.980685560436914,27.936278760721983,True,7,False,0.0,eligible
2020-01-31,2020-02-03,SANB11,False,40.13022232,,,False,,False,0.0,indicator_not_uptrend
2020-01-31,2020-02-03,SBSP3,True,11.82967663,14.232203002210753,28.651992222977178,True,14,False,0.0,eligible
2020-01-31,2020-02-03,SMTO3,False,25.06999969,,,False,,False,0.0,indicator_not_uptrend
2020-01-31,2020-02-03,SUZB3,False,39.66999817,,,False,,False,0.0,indicator_not_uptrend
2020-01-31,2020-02-03,TOTS3,True,24.82234383,53.91751720393063,31.91743436003321,True,4,False,0.0,eligible
2020-01-31,2020-02-03,UGPA3,False,23.2758503,,,False,,False,0.0,indicator_not_uptrend
2020-01-31,2020-02-03,USIM5,True,9.63000011,10.057144114285709,45.74715051933965,True,16,False,0.0,eligible
2020-01-31,2020-02-03,VALE3,False,50.27000046,,,False,,False,0.0,indicator_not_uptrend
2020-01-31,2020-02-03,WEGE3,True,19.70499992,65.44920376300422,30.550280117098875,True,2,False,0.0,eligible
2020-02-28,2020-03-02,ABEV3,False,14.53999996,,,False,,False,0.0,indicator_not_uptrend
2020-02-28,2020-03-02,B3SA3,True,16.0,13.47517424676834,39.897137890299,True,2,False,0.0,eligible
2020-02-28,2020-03-02,BBAS3,False,23.43000031,,,False,,False,0.0,indicator_not_uptrend
2020-02-28,2020-03-02,BBDC4,False,22.93763924,,,False,,False,0.0,indicator_not_uptrend
2020-02-28,2020-03-02,BBSE3,False,31.85000038,,,False,,False,0.0,indicator_not_uptrend
2020-02-28,2020-03-02,BPAC11,False,16.45249939,,,False,,False,0.0,indicator_not_uptrend
2020-02-28,2020-03-02,BRAP4,False,15.39241695,,,False,,False,0.0,indicator_not_uptrend
2020-02-28,2020-03-02,CMIG4,False,5.4737777,,,False,,False,0.0,indicator_not_uptrend
2020-02-28,2020-03-02,CPFE3,False,35.52999878,,,False,,False,0.0,indicator_not_uptrend
2020-02-28,2020-03-02,CPLE3,False,7.84299994,,,False,,False,0.0,indicator_not_uptrend
2020-02-28,2020-03-02,CSMG3,False,20.10333252,,,False,,False,0.0,indicator_not_uptrend
2020-02-28,2020-03-02,CSNA3,False,11.18000031,,,False,,False,0.0,indicator_not_uptrend
2020-02-28,2020-03-02,CYRE3,False,29.82999992,,,False,,False,0.0,indicator_not_uptrend
2020-02-28,2020-03-02,EGIE3,False,33.95000076,,,False,,False,0.0,indicator_not_uptrend
2020-02-28,2020-03-02,ENEV3,False,10.6875,,,False,,False,0.0,indicator_not_uptrend
2020-02-28,2020-03-02,ENGI11,False,48.29999924,,,False,,False,0.0,indicator_not_uptrend
2020-02-28,2020-03-02,EQTL3,False,24.63085938,,,False,,False,0.0,indicator_not_uptrend
2020-02-28,2020-03-02,GGBR4,False,13.43650723,,,False,,False,0.0,indicator_not_uptrend
2020-02-28,2020-03-02,GOAU4,False,4.47209845,,,False,,False,0.0,indicator_not_uptrend
2020-02-28,2020-03-02,HYPE3,False,34.29999924,,,False,,False,0.0,indicator_not_uptrend
2020-02-28,2020-03-02,ITSA4,False,9.16732979,,,False,,False,0.0,indicator_not_uptrend
2020-02-28,2020-03-02,ITUB4,False,28.24360085,,,False,,False,0.0,indicator_not_uptrend
2020-02-28,2020-03-02,KLBN11,False,17.39873886,,,False,,False,0.0,indicator_not_uptrend
2020-02-28,2020-03-02,LREN3,False,43.70111465,,,False,,False,0.0,indicator_not_uptrend
2020-02-28,2020-03-02,MGLU3,False,112.50603485,,,False,,False,0.0,indicator_not_uptrend
2020-02-28,2020-03-02,MULT3,False,30.52000046,,,False,,False,0.0,indicator_not_uptrend
2020-02-28,2020-03-02,PETR4,False,25.34000015,,,False,,False,0.0,indicator_not_uptrend
2020-02-28,2020-03-02,PSSA3,False,30.48999977,,,False,,False,0.0,indicator_not_uptrend
2020-02-28,2020-03-02,RADL3,False,22.60557938,,,False,,False,0.0,indicator_not_uptrend
2020-02-28,2020-03-02,RAIL3,False,21.12000084,,,False,,False,0.0,indicator_not_uptrend
2020-02-28,2020-03-02,RENT3,False,49.30779266,,,False,,False,0.0,indicator_not_uptrend
2020-02-28,2020-03-02,SANB11,False,37.31726456,,,False,,False,0.0,indicator_not_uptrend
2020-02-28,2020-03-02,SBSP3,False,11.39333725,,,False,,False,0.0,indicator_not_uptrend
2020-02-28,2020-03-02,SMTO3,False,26.48999977,,,False,,False,0.0,indicator_not_uptrend
2020-02-28,2020-03-02,SUZB3,False,38.13999939,,,False,,False,0.0,indicator_not_uptrend
2020-02-28,2020-03-02,TOTS3,False,23.61198425,,,False,,False,0.0,indicator_not_uptrend
2020-02-28,2020-03-02,UGPA3,False,17.58128166,,,False,,False,0.0,indicator_not_uptrend
2020-02-28,2020-03-02,USIM5,False,8.17000008,,,False,,False,0.0,indicator_not_uptrend
2020-02-28,2020-03-02,VALE3,False,44.31000137,,,False,,False,0.0,indicator_not_uptrend
2020-02-28,2020-03-02,WEGE3,True,21.57500076,100.23203267639653,43.22333883755893,True,1,True,1.0,eligible
2020-03-31,2020-04-01,ABEV3,False,11.92000008,,,False,,False,0.0,indicator_not_uptrend
2020-03-31,2020-04-01,B3SA3,False,11.96666622,,,False,,False,0.0,indicator_not_uptrend
2020-03-31,2020-04-01,BBAS3,False,13.94499969,,,False,,False,0.0,indicator_not_uptrend
2020-03-31,2020-04-01,BBDC4,False,15.60480785,,,False,,False,0.0,indicator_not_uptrend
2020-03-31,2020-04-01,BBSE3,False,24.85000038,,,False,,False,0.0,indicator_not_uptrend
2020-03-31,2020-04-01,BPAC11,False,8.40999985,,,False,,False,0.0,indicator_not_uptrend
2020-03-31,2020-04-01,BRAP4,False,13.44243431,,,False,,False,0.0,indicator_not_uptrend
2020-03-31,2020-04-01,CMIG4,False,4.54174519,,,False,,False,0.0,indicator_not_uptrend
2020-03-31,2020-04-01,CPFE3,False,26.87000084,,,False,,False,0.0,indicator_not_uptrend
2020-03-31,2020-04-01,CPLE3,False,5.83799982,,,False,,False,0.0,indicator_not_uptrend
2020-03-31,2020-04-01,CSMG3,False,13.63333321,,,False,,False,0.0,indicator_not_uptrend
2020-03-31,2020-04-01,CSNA3,False,6.98000002,,,False,,False,0.0,indicator_not_uptrend
2020-03-31,2020-04-01,CYRE3,False,14.13000011,,,False,,False,0.0,indicator_not_uptrend
2020-03-31,2020-04-01,EGIE3,False,27.79999924,,,False,,False,0.0,indicator_not_uptrend
2020-03-31,2020-04-01,ENEV3,False,8.6875,,,False,,False,0.0,indicator_not_uptrend
2020-03-31,2020-04-01,ENGI11,False,34.36363602,,,False,,False,0.0,indicator_not_uptrend
2020-03-31,2020-04-01,EQTL3,False,17.57920265,,,False,,False,0.0,indicator_not_uptrend
2020-03-31,2020-04-01,GGBR4,False,7.97619009,,,False,,False,0.0,indicator_not_uptrend
2020-03-31,2020-04-01,GOAU4,False,3.48758698,,,False,,False,0.0,indicator_not_uptrend
2020-03-31,2020-04-01,HYPE3,False,28.59000015,,,False,,False,0.0,indicator_not_uptrend
2020-03-31,2020-04-01,ITSA4,False,6.69421196,,,False,,False,0.0,indicator_not_uptrend
2020-03-31,2020-04-01,ITUB4,False,20.37952232,,,False,,False,0.0,indicator_not_uptrend
2020-03-31,2020-04-01,KLBN11,False,14.59945869,,,False,,False,0.0,indicator_not_uptrend
2020-03-31,2020-04-01,LREN3,False,27.51612282,,,False,,False,0.0,indicator_not_uptrend
2020-03-31,2020-04-01,MGLU3,False,86.82918549,,,False,,False,0.0,indicator_not_uptrend
2020-03-31,2020-04-01,MULT3,False,19.07999992,,,False,,False,0.0,indicator_not_uptrend
2020-03-31,2020-04-01,PETR4,False,13.98999977,,,False,,False,0.0,indicator_not_uptrend
2020-03-31,2020-04-01,PSSA3,False,22.45999908,,,False,,False,0.0,indicator_not_uptrend
2020-03-31,2020-04-01,RADL3,False,19.20248795,,,False,,False,0.0,indicator_not_uptrend
2020-03-31,2020-04-01,RAIL3,True,19.64999962,-16.948437258760162,97.81938738018229,False,,False,0.0,nonpositive_momentum
2020-03-31,2020-04-01,RENT3,False,26.17672539,,,False,,False,0.0,indicator_not_uptrend
2020-03-31,2020-04-01,SANB11,False,25.9214344,,,False,,False,0.0,indicator_not_uptrend
2020-03-31,2020-04-01,SBSP3,False,7.58456802,,,False,,False,0.0,indicator_not_uptrend
2020-03-31,2020-04-01,SMTO3,False,14.77999973,,,False,,False,0.0,indicator_not_uptrend
2020-03-31,2020-04-01,SUZB3,False,35.79000092,,,False,,False,0.0,indicator_not_uptrend
2020-03-31,2020-04-01,TOTS3,False,15.52186203,,,False,,False,0.0,indicator_not_uptrend
2020-03-31,2020-04-01,UGPA3,False,11.54577828,,,False,,False,0.0,indicator_not_uptrend
2020-03-31,2020-04-01,USIM5,False,4.92000008,,,False,,False,0.0,indicator_not_uptrend
2020-03-31,2020-04-01,VALE3,False,43.22000122,,,False,,False,0.0,indicator_not_uptrend
2020-03-31,2020-04-01,WEGE3,False,16.78499985,,,False,,False,0.0,indicator_not_uptrend
2020-04-30,2020-05-04,ABEV3,True,11.34000015,-39.29336208881465,65.30461346317414,False,,False,0.0,nonpositive_momentum
2020-04-30,2020-05-04,B3SA3,True,12.80666637,-20.356552029137063,88.78394017576478,False,,False,0.0,nonpositive_momentum
2020-04-30,2020-05-04,BBAS3,True,14.25,-40.12604850822675,104.7159783776295,False,,False,0.0,nonpositive_momentum
2020-04-30,2020-05-04,BBDC4,True,15.82644558,-40.32578039331307,88.4700035318329,False,,False,0.0,nonpositive_momentum
2020-04-30,2020-05-04,BBSE3,True,26.54999924,-25.295445828030104,64.86727369854476,False,,False,0.0,nonpositive_momentum
2020-04-30,2020-05-04,BPAC11,True,10.45250034,-31.99414173840961,130.34314509963167,False,,False,0.0,nonpositive_momentum
2020-04-30,2020-05-04,BRAP4,True,13.76512623,-4.570150236160719,86.40101338144102,False,,False,0.0,nonpositive_momentum
2020-04-30,2020-05-04,CMIG4,True,4.85268402,-8.798822294924591,80.02446306059892,False,,False,0.0,nonpositive_momentum
2020-04-30,2020-05-04,CPFE3,True,29.04000092,-8.21744159331983,67.13751540600794,False,,False,0.0,nonpositive_momentum
2020-04-30,2020-05-04,CPLE3,True,5.32000017,3.9468569522458585,82.39057283051322,True,8,False,0.0,eligible
2020-04-30,2020-05-04,CSMG3,True,16.0,-27.949565614573235,83.54645230983411,False,,False,0.0,nonpositive_momentum
2020-04-30,2020-05-04,CSNA3,True,8.96000004,-33.283694466273616,118.57545890279333,False,,False,0.0,nonpositive_momentum
2020-04-30,2020-05-04,CYRE3,True,15.90999985,-38.09338762836675,124.87275099756643,False,,False,0.0,nonpositive_momentum
2020-04-30,2020-05-04,EGIE3,True,27.94285774,-10.562411888619794,55.484859891806124,False,,False,0.0,nonpositive_momentum
2020-04-30,2020-05-04,ENEV3,True,8.99499989,16.139445032322676,84.34302778266986,True,2,False,0.0,eligible
2020-04-30,2020-05-04,ENGI11,True,41.48181915,-1.5108919242808438,79.13238186845999,False,,False,0.0,nonpositive_momentum
2020-04-30,2020-05-04,EQTL3,True,18.30833817,-6.859761871040293,67.52518875684345,False,,False,0.0,nonpositive_momentum
2020-04-30,2020-05-04,GGBR4,True,9.31746006,-11.795642778279724,103.24372211499913,False,,False,0.0,nonpositive_momentum
2020-04-30,2020-05-04,GOAU4,True,3.86259604,11.108335780987911,101.48470469301014,True,5,False,0.0,eligible
2020-04-30,2020-05-04,HYPE3,False,29.07999992,,,False,,False,0.0,indicator_not_uptrend
2020-04-30,2020-05-04,ITSA4,True,6.86977291,-34.11420596005369,66.113389649048,False,,False,0.0,nonpositive_momentum
2020-04-30,2020-05-04,ITUB4,True,20.09708786,-37.427864839474786,69.3156512118824,False,,False,0.0,nonpositive_momentum
2020-04-30,2020-05-04,KLBN11,True,16.03060341,10.89664198092648,72.6493278534924,True,6,False,0.0,eligible
2020-04-30,2020-05-04,LREN3,True,31.47628021,-24.85809099600258,98.73567912911037,False,,False,0.0,nonpositive_momentum
2020-04-30,2020-05-04,MGLU3,True,110.67993164,14.279151210359341,119.34813658175302,True,3,False,0.0,eligible
2020-04-30,2020-05-04,MULT3,True,20.88999939,-27.16178813039909,104.38659883989321,False,,False,0.0,nonpositive_momentum
2020-04-30,2020-05-04,PETR4,True,18.04999924,-37.651126887224315,118.41289719847059,False,,False,0.0,nonpositive_momentum
2020-04-30,2020-05-04,PSSA3,True,22.64500046,-20.655221688759507,52.42680909367926,False,,False,0.0,nonpositive_momentum
2020-04-30,2020-05-04,RADL3,True,19.75490189,1.3542298605796477,59.45209296030669,True,9,False,0.0,eligible
2020-04-30,2020-05-04,RAIL3,True,19.79000092,-13.956517739130437,98.94602912605835,False,,False,0.0,nonpositive_momentum
2020-04-30,2020-05-04,RENT3,True,34.02974319,-19.10883541489701,127.30501033264565,False,,False,0.0,nonpositive_momentum
2020-04-30,2020-05-04,SANB11,True,25.9214344,-44.615384060517215,83.50159595751614,False,,False,0.0,nonpositive_momentum
2020-04-30,2020-05-04,SBSP3,True,7.77267981,-25.736518851530832,93.75985927545227,False,,False,0.0,nonpositive_momentum
2020-04-30,2020-05-04,SMTO3,True,19.10000038,6.703915002652949,120.67694300708195,True,7,False,0.0,eligible
2020-04-30,2020-05-04,SUZB3,True,39.40999985,14.231883623188391,84.1395535123842,True,4,False,0.0,eligible
2020-04-30,2020-05-04,TOTS3,True,19.66834068,1.2842391978680645,97.76919111896618,True,10,False,0.0,eligible
2020-04-30,2020-05-04,UGPA3,True,13.3610382,-25.48818057092168,121.06476121097975,False,,False,0.0,nonpositive_momentum
2020-04-30,2020-05-04,USIM5,True,4.80000019,-35.82887463682118,110.77379513278882,False,,False,0.0,nonpositive_momentum
2020-04-30,2020-05-04,VALE3,True,44.86000061,-4.7760559772151545,94.24570954131508,False,,False,0.0,nonpositive_momentum
2020-04-30,2020-05-04,WEGE3,True,19.96999931,54.56655716986651,93.07773490149522,True,1,True,1.0,eligible
2020-05-29,2020-06-01,ABEV3,True,12.47999954,-31.390878634570328,68.72863756505824,False,,False,0.0,nonpositive_momentum
2020-05-29,2020-06-01,B3SA3,True,15.1833334,-7.961199881119008,90.83012462806293,False,,False,0.0,nonpositive_momentum
2020-05-29,2020-06-01,BBAS3,True,15.42000008,-34.03208521925134,107.9359926380298,False,,False,0.0,nonpositive_momentum
2020-05-29,2020-06-01,BBDC4,True,15.66115665,-38.34664283372727,93.42302286810761,False,,False,0.0,nonpositive_momentum
2020-05-29,2020-06-01,BBSE3,True,25.28000069,-28.18181777221075,66.1824283526645,False,,False,0.0,nonpositive_momentum
2020-05-29,2020-06-01,BPAC11,True,12.21000004,-31.085087825668943,132.92155323193677,False,,False,0.0,nonpositive_momentum
2020-05-29,2020-06-01,BRAP4,True,16.24985695,3.4027640815192273,87.31452000826356,True,7,False,0.0,eligible
2020-05-29,2020-06-01,CMIG4,True,5.50514603,8.837209374969145,86.5334194833729,True,4,False,0.0,eligible
2020-05-29,2020-06-01,CPFE3,True,32.25,-0.15479641231099794,71.8482491398903,False,,False,0.0,nonpositive_momentum
2020-05-29,2020-06-01,CPLE3,True,5.96000004,-5.681274617295962,84.05224290503213,False,,False,0.0,nonpositive_momentum
2020-05-29,2020-06-01,CSMG3,True,19.23333359,-12.813535575302538,86.96468585498158,False,,False,0.0,nonpositive_momentum
2020-05-29,2020-06-01,CSNA3,True,10.31999969,-14.71074904214178,124.21608398872812,False,,False,0.0,nonpositive_momentum
2020-05-29,2020-06-01,CYRE3,True,16.95000076,-37.79816234862384,133.67407828830727,False,,False,0.0,nonpositive_momentum
2020-05-29,2020-06-01,EGIE3,True,30.29285622,-6.503534600296046,57.64428074034892,False,,False,0.0,nonpositive_momentum
2020-05-29,2020-06-01,ENEV3,True,9.54749966,2.688894962540922,83.89367330511274,True,8,False,0.0,eligible
2020-05-29,2020-06-01,ENGI11,True,42.71818161,1.1190050000003726,83.47733135615735,True,9,False,0.0,eligible
2020-05-29,2020-06-01,EQTL3,True,20.02630615,-2.81144247213464,71.05979802804092,False,,False,0.0,nonpositive_momentum
2020-05-29,2020-06-01,GGBR4,True,10.65872955,-19.532653193338,107.14650597376294,False,,False,0.0,nonpositive_momentum
2020-05-29,2020-06-01,GOAU4,True,4.62761497,6.011085613644429,103.42087218217502,True,5,False,0.0,eligible
2020-05-29,2020-06-01,HYPE3,True,32.22000122,-6.743843911007852,88.3045430937844,False,,False,0.0,nonpositive_momentum
2020-05-29,2020-06-01,ITSA4,True,6.76290989,-35.3756390670477,70.27095637972774,False,,False,0.0,nonpositive_momentum
2020-05-29,2020-06-01,ITUB4,True,20.335392,-35.516374830524775,74.28109865516653,False,,False,0.0,nonpositive_momentum
2020-05-29,2020-06-01,KLBN11,True,17.60576057,11.326127825080556,78.00536387317091,True,3,False,0.0,eligible
2020-05-29,2020-06-01,LREN3,True,31.60746574,-24.86844713494388,105.8439738966041,False,,False,0.0,nonpositive_momentum
2020-05-29,2020-06-01,MGLU3,True,143.30490112,41.45966154464675,120.8568944967803,True,2,False,0.0,eligible
2020-05-29,2020-06-01,MULT3,True,20.69000053,-29.864404983050854,108.42616866935563,False,,False,0.0,nonpositive_momentum
2020-05-29,2020-06-01,PETR4,True,20.34000015,-32.15476830524327,119.42178414958482,False,,False,0.0,nonpositive_momentum
2020-05-29,2020-06-01,PSSA3,True,23.64999962,-21.6628048863436,56.76687410434206,False,,False,0.0,nonpositive_momentum
2020-05-29,2020-06-01,RADL3,True,20.63348389,-3.789007410252576,59.810229974904274,False,,False,0.0,nonpositive_momentum
2020-05-29,2020-06-01,RAIL3,True,22.53000069,-6.862338998055395,100.34448783530698,False,,False,0.0,nonpositive_momentum
2020-05-29,2020-06-01,RENT3,True,38.29963684,-8.732774371179609,132.17086182604157,False,,False,0.0,nonpositive_momentum
2020-05-29,2020-06-01,SANB11,True,24.17413712,-45.37961142834476,88.20736891289516,False,,False,0.0,nonpositive_momentum
2020-05-29,2020-06-01,SBSP3,True,10.53423119,-1.3798060072325535,102.00529651435728,False,,False,0.0,nonpositive_momentum
2020-05-29,2020-06-01,SMTO3,True,19.43000031,-1.8686815363736287,120.62324869833027,False,,False,0.0,nonpositive_momentum
2020-05-29,2020-06-01,SUZB3,False,37.86000061,,,False,,False,0.0,indicator_not_uptrend
2020-05-29,2020-06-01,TOTS3,True,20.06071091,-7.526053161756819,97.33838299236966,False,,False,0.0,nonpositive_momentum
2020-05-29,2020-06-01,UGPA3,True,15.77523804,-24.514996817361034,124.0940411411201,False,,False,0.0,nonpositive_momentum
2020-05-29,2020-06-01,USIM5,True,6.1500001,-25.091351156680396,115.98080951252373,False,,False,0.0,nonpositive_momentum
2020-05-29,2020-06-01,VALE3,True,53.0,5.936440720416902,93.47648562122347,True,6,False,0.0,eligible
2020-05-29,2020-06-01,WEGE3,True,20.91500092,43.94357404437474,88.49837585226122,True,1,True,1.0,eligible
2020-06-30,2020-07-01,ABEV3,True,14.14000034,-25.421935516254244,44.47360934004087,False,,False,0.0,nonpositive_momentum
2020-06-30,2020-07-01,B3SA3,True,18.36333275,17.537869630683645,49.947869234505426,True,3,False,0.0,eligible
2020-06-30,2020-07-01,BBAS3,True,16.07500076,-38.87832234021007,66.65554993391189,False,,False,0.0,nonpositive_momentum
2020-06-30,2020-07-01,BBDC4,True,17.10743713,-36.59147949052494,60.093934585023014,False,,False,0.0,nonpositive_momentum
2020-06-30,2020-07-01,BBSE3,True,27.27000046,-28.142292717045002,41.736786754985154,False,,False,0.0,nonpositive_momentum
2020-06-30,2020-07-01,BPAC11,True,19.29999924,4.085208136939222,76.14197221077494,True,8,False,0.0,eligible
2020-06-30,2020-07-01,BRAP4,True,16.83070183,-4.996091248906698,46.06027067609973,False,,False,0.0,nonpositive_momentum
2020-06-30,2020-07-01,CMIG4,True,5.61728811,4.569344716777324,61.667093684962616,True,7,False,0.0,eligible
2020-06-30,2020-07-01,CPFE3,False,30.65999985,,,False,,False,0.0,indicator_not_uptrend
2020-06-30,2020-07-01,CPLE3,True,6.04400015,-13.34766685803107,46.04366042139401,False,,False,0.0,nonpositive_momentum
2020-06-30,2020-07-01,CSMG3,True,19.40999985,-12.26457664608185,57.1556442958015,False,,False,0.0,nonpositive_momentum
2020-06-30,2020-07-01,CSNA3,True,10.68000031,-26.49689946002497,81.64039730950532,False,,False,0.0,nonpositive_momentum
2020-06-30,2020-07-01,CYRE3,True,22.85000038,-21.880340581196577,87.85507337313965,False,,False,0.0,nonpositive_momentum
2020-06-30,2020-07-01,EGIE3,True,30.06428528,-15.566702607207738,34.625655334095356,False,,False,0.0,nonpositive_momentum
2020-06-30,2020-07-01,ENEV3,True,11.24499989,4.726423199253049,38.12276146189133,True,6,False,0.0,eligible
2020-06-30,2020-07-01,ENGI11,True,45.19091034,-3.5319217712705187,48.25701098477465,False,,False,0.0,nonpositive_momentum
2020-06-30,2020-07-01,EQTL3,True,23.1925602,3.660713311069208,47.26968568702037,True,9,False,0.0,eligible
2020-06-30,2020-07-01,GGBR4,True,12.70634937,-17.72866917828838,68.54147692381737,False,,False,0.0,nonpositive_momentum
2020-06-30,2020-07-01,GOAU4,True,5.48263693,8.053467111083368,66.3171778505232,True,5,False,0.0,eligible
2020-06-30,2020-07-01,HYPE3,True,33.29999924,-6.853148979020984,49.093172293357185,False,,False,0.0,nonpositive_momentum
2020-06-30,2020-07-01,ITSA4,True,7.32012415,-31.254482575456567,49.54932031962958,False,,False,0.0,nonpositive_momentum
2020-06-30,2020-07-01,ITUB4,True,22.46248817,-30.917483431292013,57.43520270060486,False,,False,0.0,nonpositive_momentum
2020-06-30,2020-07-01,KLBN11,True,18.61386108,12.39129717633718,48.54111713350077,True,4,False,0.0,eligible
2020-06-30,2020-07-01,LREN3,True,34.27216721,-25.490197208517117,63.94688248933842,False,,False,0.0,nonpositive_momentum
2020-06-30,2020-07-01,MGLU3,True,159.56170654,47.00451393989616,54.32894644392597,True,2,False,0.0,eligible
2020-06-30,2020-07-01,MULT3,True,20.5,-36.276029946693654,66.64792545617833,False,,False,0.0,nonpositive_momentum
2020-06-30,2020-07-01,PETR4,True,21.54999924,-29.344264786885255,50.1792075026278,False,,False,0.0,nonpositive_momentum
2020-06-30,2020-07-01,PSSA3,True,25.20999908,-20.334970094672578,46.67434377345874,False,,False,0.0,nonpositive_momentum
2020-06-30,2020-07-01,RADL3,True,20.85595703,2.0856337156548,40.02857573186367,True,12,False,0.0,eligible
2020-06-30,2020-07-01,RAIL3,True,22.48999977,-13.299925557094806,42.60034152389074,False,,False,0.0,nonpositive_momentum
2020-06-30,2020-07-01,RENT3,True,40.71824646,-12.585470207577053,86.20415892363505,False,,False,0.0,nonpositive_momentum
2020-06-30,2020-07-01,SANB11,True,26.90068817,-40.648168743270574,65.12490514542735,False,,False,0.0,nonpositive_momentum
2020-06-30,2020-07-01,SBSP3,True,11.18971062,-3.8813991960538807,64.84335194788777,False,,False,0.0,nonpositive_momentum
2020-06-30,2020-07-01,SMTO3,True,21.20999908,-9.32022388564928,55.54722331250473,False,,False,0.0,nonpositive_momentum
2020-06-30,2020-07-01,SUZB3,False,36.79000092,,,False,,False,0.0,indicator_not_uptrend
2020-06-30,2020-07-01,TOTS3,True,23.09325981,2.6304114049903404,53.69543956237018,True,10,False,0.0,eligible
2020-06-30,2020-07-01,UGPA3,True,16.93626594,-27.437821110234296,64.3164518863871,False,,False,0.0,nonpositive_momentum
2020-06-30,2020-07-01,USIM5,True,7.26999998,-23.714583567989255,77.53396082872548,False,,False,0.0,nonpositive_momentum
2020-06-30,2020-07-01,VALE3,True,55.91999817,2.455104974480715,39.59785301948931,True,11,False,0.0,eligible
2020-06-30,2020-07-01,WEGE3,True,25.30500031,49.77803859734256,46.940818235464086,True,1,True,1.0,eligible
2020-07-31,2020-08-03,ABEV3,True,13.89999962,-24.04371476902859,42.21655012215298,False,,False,0.0,nonpositive_momentum
2020-07-31,2020-08-03,B3SA3,True,21.14666557,30.53496653045835,42.140955363133784,True,2,False,0.0,eligible
2020-07-31,2020-08-03,BBAS3,True,16.79000092,-32.10674794860914,47.84011389881832,False,,False,0.0,nonpositive_momentum
2020-07-31,2020-08-03,BBDC4,True,18.54545403,-25.4710184335888,49.86967862303439,False,,False,0.0,nonpositive_momentum
2020-07-31,2020-08-03,BBSE3,True,27.82999992,-21.86973398092689,34.12890973127444,False,,False,0.0,nonpositive_momentum
2020-07-31,2020-08-03,BPAC11,False,21.60499954,,,False,,False,0.0,indicator_not_uptrend
2020-07-31,2020-08-03,BRAP4,True,19.84556961,14.708235117527146,39.00580074725244,True,4,False,0.0,eligible
2020-07-31,2020-08-03,CMIG4,True,6.11682892,1.2329610930592372,52.43414372141609,True,11,False,0.0,eligible
2020-07-31,2020-08-03,CPFE3,True,31.39999962,-17.865550620406843,37.46359182168339,False,,False,0.0,nonpositive_momentum
2020-07-31,2020-08-03,CPLE3,True,6.63700008,-16.305167436554658,33.485616536875185,False,,False,0.0,nonpositive_momentum
2020-07-31,2020-08-03,CSMG3,False,18.18333244,,,False,,False,0.0,indicator_not_uptrend
2020-07-31,2020-08-03,CSNA3,True,12.25,-8.308380900063582,68.46897516482822,False,,False,0.0,nonpositive_momentum
2020-07-31,2020-08-03,CYRE3,True,27.42000008,-16.249240461248494,72.2741389287985,False,,False,0.0,nonpositive_momentum
2020-07-31,2020-08-03,EGIE3,True,32.97857285,-12.919651205011395,30.457873017823744,False,,False,0.0,nonpositive_momentum
2020-07-31,2020-08-03,ENEV3,True,12.59249973,11.660381844464007,30.654366736613376,True,5,False,0.0,eligible
2020-07-31,2020-08-03,ENGI11,True,44.31818008,-14.68323602072984,36.78195550834513,False,,False,0.0,nonpositive_momentum
2020-07-31,2020-08-03,EQTL3,True,25.49983025,5.1915927336110945,37.20126746354834,True,8,False,0.0,eligible
2020-07-31,2020-08-03,GGBR4,True,13.84920597,-13.356501994410886,55.72694779795181,False,,False,0.0,nonpositive_momentum
2020-07-31,2020-08-03,GOAU4,True,6.03014994,10.855546427797535,53.99887230260736,True,6,False,0.0,eligible
2020-07-31,2020-08-03,HYPE3,True,36.11999893,3.9424429640287917,33.176298141140286,True,9,False,0.0,eligible
2020-07-31,2020-08-03,ITSA4,True,8.14449692,-17.733238752666615,41.34124858561718,False,,False,0.0,nonpositive_momentum
2020-07-31,2020-08-03,ITUB4,True,23.73345184,-18.44100426362435,47.03570597359322,False,,False,0.0,nonpositive_momentum
2020-07-31,2020-08-03,KLBN11,False,18.69486809,,,False,,False,0.0,indicator_not_uptrend
2020-07-31,2020-08-03,LREN3,False,33.72282791,,,False,,False,0.0,indicator_not_uptrend
2020-07-31,2020-08-03,MGLU3,False,179.73796082,,,False,,False,0.0,indicator_not_uptrend
2020-07-31,2020-08-03,MULT3,False,21.13999939,,,False,,False,0.0,indicator_not_uptrend
2020-07-31,2020-08-03,PETR4,False,22.20000076,,,False,,False,0.0,indicator_not_uptrend
2020-07-31,2020-08-03,PSSA3,True,27.01499939,-19.346170314984402,37.00757424013854,False,,False,0.0,nonpositive_momentum
2020-07-31,2020-08-03,RADL3,True,23.39743423,-3.49171810288631,32.44940114917886,False,,False,0.0,nonpositive_momentum
2020-07-31,2020-08-03,RAIL3,False,22.21999931,,,False,,False,0.0,indicator_not_uptrend
2020-07-31,2020-08-03,RENT3,True,50.68132782,-6.13824301260415,54.303780102549204,False,,False,0.0,nonpositive_momentum
2020-07-31,2020-08-03,SANB11,True,28.81119347,-29.2717435556748,49.309965865370614,False,,False,0.0,nonpositive_momentum
2020-07-31,2020-08-03,SBSP3,False,11.80058765,,,False,,False,0.0,indicator_not_uptrend
2020-07-31,2020-08-03,SMTO3,True,21.40999985,-16.399846387977114,39.000255252458196,False,,False,0.0,nonpositive_momentum
2020-07-31,2020-08-03,SUZB3,True,42.0,2.3890773500981233,44.25296748187517,True,10,False,0.0,eligible
2020-07-31,2020-08-03,TOTS3,True,25.76669121,5.428571740005306,35.94502375540161,True,7,False,0.0,eligible
2020-07-31,2020-08-03,UGPA3,True,17.45228004,-27.460740143849637,52.403424849511346,False,,False,0.0,nonpositive_momentum
2020-07-31,2020-08-03,USIM5,True,8.13000011,-17.71255041008294,64.74391762752126,False,,False,0.0,nonpositive_momentum
2020-07-31,2020-08-03,VALE3,True,60.70999908,19.625613950738916,36.691435596368045,True,3,False,0.0,eligible
2020-07-31,2020-08-03,WEGE3,True,33.67499924,58.88181048612224,43.224138518864606,True,1,True,1.0,eligible
2020-08-31,2020-09-01,ABEV3,False,12.31000042,,,False,,False,0.0,indicator_not_uptrend
2020-08-31,2020-09-01,B3SA3,False,19.60000038,,,False,,False,0.0,indicator_not_uptrend
2020-08-31,2020-09-01,BBAS3,False,16.32500076,,,False,,False,0.0,indicator_not_uptrend
2020-08-31,2020-09-01,BBDC4,False,17.1404953,,,False,,False,0.0,indicator_not_uptrend
2020-08-31,2020-09-01,BBSE3,False,26.37999916,,,False,,False,0.0,indicator_not_uptrend
2020-08-31,2020-09-01,BPAC11,False,20.23500061,,,False,,False,0.0,indicator_not_uptrend
2020-08-31,2020-09-01,BRAP4,False,20.27889824,,,False,,False,0.0,indicator_not_uptrend
2020-08-31,2020-09-01,CMIG4,False,5.58828878,,,False,,False,0.0,indicator_not_uptrend
2020-08-31,2020-09-01,CPFE3,False,28.73999977,,,False,,False,0.0,indicator_not_uptrend
2020-08-31,2020-09-01,CPLE3,False,6.07700014,,,False,,False,0.0,indicator_not_uptrend
2020-08-31,2020-09-01,CSMG3,False,15.86666584,,,False,,False,0.0,indicator_not_uptrend
2020-08-31,2020-09-01,CSNA3,True,15.21000004,23.15789127125516,57.90714198150102,True,5,False,0.0,eligible
2020-08-31,2020-09-01,CYRE3,False,24.11000061,,,False,,False,0.0,indicator_not_uptrend
2020-08-31,2020-09-01,EGIE3,False,30.45000076,,,False,,False,0.0,indicator_not_uptrend
2020-08-31,2020-09-01,ENEV3,False,12.375,,,False,,False,0.0,indicator_not_uptrend
2020-08-31,2020-09-01,ENGI11,False,39.98181915,,,False,,False,0.0,indicator_not_uptrend
2020-08-31,2020-09-01,EQTL3,False,23.17258453,,,False,,False,0.0,indicator_not_uptrend
2020-08-31,2020-09-01,GGBR4,True,15.15079308,10.283068876779545,44.24654440430412,True,7,False,0.0,eligible
2020-08-31,2020-09-01,GOAU4,True,6.59266376,42.57549167999623,41.184317330545866,True,2,False,0.0,eligible
2020-08-31,2020-09-01,HYPE3,False,31.64999962,,,False,,False,0.0,indicator_not_uptrend
2020-08-31,2020-09-01,ITSA4,False,7.19799519,,,False,,False,0.0,indicator_not_uptrend
2020-08-31,2020-09-01,ITUB4,False,20.78552437,,,False,,False,0.0,indicator_not_uptrend
2020-08-31,2020-09-01,KLBN11,True,23.17731667,26.04013863995249,30.33630162006541,True,4,False,0.0,eligible
2020-08-31,2020-09-01,LREN3,True,35.64141464,-17.98112874804104,36.184178864879634,False,,False,0.0,nonpositive_momentum
2020-08-31,2020-09-01,MGLU3,True,207.59724426,77.39296320448064,39.56288764880701,True,1,True,1.0,eligible
2020-08-31,2020-09-01,MULT3,False,20.81999969,,,False,,False,0.0,indicator_not_uptrend
2020-08-31,2020-09-01,PETR4,False,21.88999939,,,False,,False,0.0,indicator_not_uptrend
2020-08-31,2020-09-01,PSSA3,False,26.43000031,,,False,,False,0.0,indicator_not_uptrend
2020-08-31,2020-09-01,RADL3,False,20.3242836,,,False,,False,0.0,indicator_not_uptrend
2020-08-31,2020-09-01,RAIL3,False,22.60000038,,,False,,False,0.0,indicator_not_uptrend
2020-08-31,2020-09-01,RENT3,False,48.00393295,,,False,,False,0.0,indicator_not_uptrend
2020-08-31,2020-09-01,SANB11,False,27.41911697,,,False,,False,0.0,indicator_not_uptrend
2020-08-31,2020-09-01,SBSP3,False,9.26011562,,,False,,False,0.0,indicator_not_uptrend
2020-08-31,2020-09-01,SMTO3,True,24.17000008,-13.08881502830176,33.72528431193274,False,,False,0.0,nonpositive_momentum
2020-08-31,2020-09-01,SUZB3,True,50.20000076,26.60781544237183,36.26435485347436,True,3,False,0.0,eligible
2020-08-31,2020-09-01,TOTS3,False,28.78926468,,,False,,False,0.0,indicator_not_uptrend
2020-08-31,2020-09-01,UGPA3,False,17.91300392,,,False,,False,0.0,indicator_not_uptrend
2020-08-31,2020-09-01,USIM5,True,10.14999962,19.834702437382568,47.21261575049592,True,6,False,0.0,eligible
2020-08-31,2020-09-01,VALE3,False,59.68000031,,,False,,False,0.0,indicator_not_uptrend
2020-08-31,2020-09-01,WEGE3,False,32.31000137,,,False,,False,0.0,indicator_not_uptrend
2020-09-30,2020-10-01,ABEV3,False,12.53999996,,,False,,False,0.0,indicator_not_uptrend
2020-09-30,2020-10-01,B3SA3,False,18.33666611,,,False,,False,0.0,indicator_not_uptrend
2020-09-30,2020-10-01,BBAS3,False,14.81000042,,,False,,False,0.0,indicator_not_uptrend
2020-09-30,2020-10-01,BBDC4,False,16.04132271,,,False,,False,0.0,indicator_not_uptrend
2020-09-30,2020-10-01,BBSE3,False,24.27000046,,,False,,False,0.0,indicator_not_uptrend
2020-09-30,2020-10-01,BPAC11,False,18.21249962,,,False,,False,0.0,indicator_not_uptrend
2020-09-30,2020-10-01,BRAP4,False,20.69378853,,,False,,False,0.0,indicator_not_uptrend
2020-09-30,2020-10-01,CMIG4,False,5.36008692,,,False,,False,0.0,indicator_not_uptrend
2020-09-30,2020-10-01,CPFE3,False,27.55999947,,,False,,False,0.0,indicator_not_uptrend
2020-09-30,2020-10-01,CPLE3,False,5.78000021,,,False,,False,0.0,indicator_not_uptrend
2020-09-30,2020-10-01,CSMG3,False,15.57666588,,,False,,False,0.0,indicator_not_uptrend
2020-09-30,2020-10-01,CSNA3,False,16.5,,,False,,False,0.0,indicator_not_uptrend
2020-09-30,2020-10-01,CYRE3,False,23.23999977,,,False,,False,0.0,indicator_not_uptrend
2020-09-30,2020-10-01,EGIE3,False,28.8214283,,,False,,False,0.0,indicator_not_uptrend
2020-09-30,2020-10-01,ENEV3,False,12.02499962,,,False,,False,0.0,indicator_not_uptrend
2020-09-30,2020-10-01,ENGI11,False,37.54545212,,,False,,False,0.0,indicator_not_uptrend
2020-09-30,2020-10-01,EQTL3,False,21.15497017,,,False,,False,0.0,indicator_not_uptrend
2020-09-30,2020-10-01,GGBR4,False,16.50793648,,,False,,False,0.0,indicator_not_uptrend
2020-09-30,2020-10-01,GOAU4,False,7.05017614,,,False,,False,0.0,indicator_not_uptrend
2020-09-30,2020-10-01,HYPE3,False,29.81999969,,,False,,False,0.0,indicator_not_uptrend
2020-09-30,2020-10-01,ITSA4,False,6.71711111,,,False,,False,0.0,indicator_not_uptrend
2020-09-30,2020-10-01,ITUB4,False,19.85878181,,,False,,False,0.0,indicator_not_uptrend
2020-09-30,2020-10-01,KLBN11,False,21.42214203,,,False,,False,0.0,indicator_not_uptrend
2020-09-30,2020-10-01,LREN3,False,32.50936508,,,False,,False,0.0,indicator_not_uptrend
2020-09-30,2020-10-01,MGLU3,False,198.64486694,,,False,,False,0.0,indicator_not_uptrend
2020-09-30,2020-10-01,MULT3,False,19.43000031,,,False,,False,0.0,indicator_not_uptrend
2020-09-30,2020-10-01,PETR4,False,19.61000061,,,False,,False,0.0,indicator_not_uptrend
2020-09-30,2020-10-01,PSSA3,False,24.125,,,False,,False,0.0,indicator_not_uptrend
2020-09-30,2020-10-01,RADL3,True,22.07767677,14.9730015583736,30.63387812920914,True,2,False,0.0,eligible
2020-09-30,2020-10-01,RAIL3,False,19.05999947,,,False,,False,0.0,indicator_not_uptrend
2020-09-30,2020-10-01,RENT3,True,56.40437317,115.47528321303137,49.65341651362933,True,1,True,1.0,eligible
2020-09-30,2020-10-01,SANB11,False,26.84308624,,,False,,False,0.0,indicator_not_uptrend
2020-09-30,2020-10-01,SBSP3,False,9.07588291,,,False,,False,0.0,indicator_not_uptrend
2020-09-30,2020-10-01,SMTO3,False,21.78000069,,,False,,False,0.0,indicator_not_uptrend
2020-09-30,2020-10-01,SUZB3,False,45.54999924,,,False,,False,0.0,indicator_not_uptrend
2020-09-30,2020-10-01,TOTS3,False,27.03357887,,,False,,False,0.0,indicator_not_uptrend
2020-09-30,2020-10-01,UGPA3,False,17.7563572,,,False,,False,0.0,indicator_not_uptrend
2020-09-30,2020-10-01,USIM5,False,10.02999973,,,False,,False,0.0,indicator_not_uptrend
2020-09-30,2020-10-01,VALE3,False,59.11000061,,,False,,False,0.0,indicator_not_uptrend
2020-09-30,2020-10-01,WEGE3,False,32.84999847,,,False,,False,0.0,indicator_not_uptrend
2020-10-30,2020-11-03,ABEV3,True,12.18000031,3.5714291818513155,33.06732422316293,True,14,False,0.0,eligible
2020-10-30,2020-11-03,B3SA3,False,17.01666641,,,False,,False,0.0,indicator_not_uptrend
2020-10-30,2020-11-03,BBAS3,True,14.89999962,7.348699581530482,29.835063872983625,True,11,False,0.0,eligible
2020-10-30,2020-11-03,BBDC4,True,16.66115761,10.163943555806231,31.384774146856508,True,10,False,0.0,eligible
2020-10-30,2020-11-03,BBSE3,True,23.68000031,-6.403158018434773,28.723997662410454,False,,False,0.0,nonpositive_momentum
2020-10-30,2020-11-03,BPAC11,False,18.02750015,,,False,,False,0.0,indicator_not_uptrend
2020-10-30,2020-11-03,BRAP4,False,21.54661751,,,False,,False,0.0,indicator_not_uptrend
2020-10-30,2020-11-03,CMIG4,False,5.43969202,,,False,,False,0.0,indicator_not_uptrend
2020-10-30,2020-11-03,CPFE3,True,27.87000084,-5.365025056793926,27.982304276467474,False,,False,0.0,nonpositive_momentum
2020-10-30,2020-11-03,CPLE3,False,5.49100018,,,False,,False,0.0,indicator_not_uptrend
2020-10-30,2020-11-03,CSMG3,False,14.26666641,,,False,,False,0.0,indicator_not_uptrend
2020-10-30,2020-11-03,CSNA3,True,20.54000092,149.5747517380785,42.925919490543805,True,1,True,1.0,eligible
2020-10-30,2020-11-03,CYRE3,False,22.79000092,,,False,,False,0.0,indicator_not_uptrend
2020-10-30,2020-11-03,EGIE3,True,28.49285698,2.5713591281752546,21.30945554321014,True,15,False,0.0,eligible
2020-10-30,2020-11-03,ENEV3,True,13.14999962,49.050714391423725,29.265710403638018,True,5,False,0.0,eligible
2020-10-30,2020-11-03,ENGI11,True,37.88181686,-1.5359239895537335,30.192820924472276,False,,False,0.0,nonpositive_momentum
2020-10-30,2020-11-03,EQTL3,False,19.90644836,,,False,,False,0.0,indicator_not_uptrend
2020-10-30,2020-11-03,GGBR4,False,17.30952263,,,False,,False,0.0,indicator_not_uptrend
2020-10-30,2020-11-03,GOAU4,False,7.35018301,,,False,,False,0.0,indicator_not_uptrend
2020-10-30,2020-11-03,HYPE3,False,27.89999962,,,False,,False,0.0,indicator_not_uptrend
2020-10-30,2020-11-03,ITSA4,True,6.93846989,4.482755359232304,28.875727375923365,True,13,False,0.0,eligible
2020-10-30,2020-11-03,ITUB4,True,20.72374153,7.263584368065934,32.755954132716305,True,12,False,0.0,eligible
2020-10-30,2020-11-03,KLBN11,False,21.41314125,,,False,,False,0.0,indicator_not_uptrend
2020-10-30,2020-11-03,LREN3,False,30.70556641,,,False,,False,0.0,indicator_not_uptrend
2020-10-30,2020-11-03,MGLU3,True,219.40013123,91.52410413879353,42.527445532713834,True,2,False,0.0,eligible
2020-10-30,2020-11-03,MULT3,False,18.96999931,,,False,,False,0.0,indicator_not_uptrend
2020-10-30,2020-11-03,PETR4,False,18.94000053,,,False,,False,0.0,indicator_not_uptrend
2020-10-30,2020-11-03,PSSA3,True,23.70999908,10.587679542375472,29.08768441808838,True,9,False,0.0,eligible
2020-10-30,2020-11-03,RADL3,True,22.68099594,15.053566258471939,33.87533254426284,True,8,False,0.0,eligible
2020-10-30,2020-11-03,RAIL3,False,18.34000015,,,False,,False,0.0,indicator_not_uptrend
2020-10-30,2020-11-03,RENT3,True,60.39557648,81.62226562650714,46.70769071848937,True,4,False,0.0,eligible
2020-10-30,2020-11-03,SANB11,True,30.57769203,23.73737492153132,35.91366430148318,True,7,False,0.0,eligible
2020-10-30,2020-11-03,SBSP3,False,8.24198818,,,False,,False,0.0,indicator_not_uptrend
2020-10-30,2020-11-03,SMTO3,False,21.04999924,,,False,,False,0.0,indicator_not_uptrend
2020-10-30,2020-11-03,SUZB3,False,50.04999924,,,False,,False,0.0,indicator_not_uptrend
2020-10-30,2020-11-03,TOTS3,False,26.93382263,,,False,,False,0.0,indicator_not_uptrend
2020-10-30,2020-11-03,UGPA3,False,15.09336566,,,False,,False,0.0,indicator_not_uptrend
2020-10-30,2020-11-03,USIM5,False,10.89999962,,,False,,False,0.0,indicator_not_uptrend
2020-10-30,2020-11-03,VALE3,True,60.54999924,37.832913300063666,30.726800976610324,True,6,False,0.0,eligible
2020-10-30,2020-11-03,WEGE3,True,37.91500092,90.33634923559697,38.42370278589468,True,3,False,0.0,eligible
2020-11-30,2020-12-01,ABEV3,True,13.97999954,12.019231212247306,41.60284360854902,True,20,False,0.0,eligible
2020-11-30,2020-12-01,B3SA3,True,18.70999908,23.227216231713644,41.81557396389601,True,13,False,0.0,eligible
2020-11-30,2020-12-01,BBAS3,True,16.93000031,9.792478742970289,34.56229647464684,True,21,False,0.0,eligible
2020-11-30,2020-12-01,BBDC4,True,20.08264351,28.232185903076324,42.106602221456946,True,11,False,0.0,eligible
2020-11-30,2020-12-01,BBSE3,True,28.55999947,12.974678364219617,30.68977692216982,True,19,False,0.0,eligible
2020-11-30,2020-12-01,BPAC11,True,19.70750046,61.40458964322819,42.67498357471193,True,4,False,0.0,eligible
2020-11-30,2020-12-01,BRAP4,True,26.78345108,64.82268836218891,32.11664136225165,True,3,False,0.0,eligible
2020-11-30,2020-12-01,CMIG4,True,6.70276213,21.754483777063417,31.495109458559607,True,15,False,0.0,eligible
2020-11-30,2020-12-01,CPFE3,True,31.35000038,-2.7906964961240233,29.77787428400825,False,,False,0.0,nonpositive_momentum
2020-11-30,2020-12-01,CPLE3,True,6.5170002,9.345640205733963,35.17662041383308,True,23,False,0.0,eligible
2020-11-30,2020-12-01,CSMG3,True,14.85999966,-22.738304358604957,39.88793854238063,False,,False,0.0,nonpositive_momentum
2020-11-30,2020-12-01,CSNA3,True,23.51000023,127.81008659119446,46.5852173396612,True,1,True,1.0,eligible
2020-11-30,2020-12-01,CYRE3,True,27.05999947,59.64600741410231,47.09055595447108,True,5,False,0.0,eligible
2020-11-30,2020-12-01,EGIE3,True,30.24285698,-0.16505290764556868,25.758962838421155,False,,False,0.0,nonpositive_momentum
2020-11-30,2020-12-01,ENEV3,True,14.56000042,52.50066445145074,30.412104057025545,True,7,False,0.0,eligible
2020-11-30,2020-12-01,ENGI11,True,41.94545364,-1.8088971507605467,30.412422478990987,False,,False,0.0,nonpositive_momentum
2020-11-30,2020-12-01,EQTL3,True,21.7642498,8.678303612171634,32.36221121511516,True,24,False,0.0,eligible
2020-11-30,2020-12-01,GGBR4,False,17.93650627,,,False,,False,0.0,indicator_not_uptrend
2020-11-30,2020-12-01,GOAU4,False,7.69519186,,,False,,False,0.0,indicator_not_uptrend
2020-11-30,2020-12-01,HYPE3,True,32.11000061,-0.34140473567617624,41.430950773076326,False,,False,0.0,nonpositive_momentum
2020-11-30,2020-12-01,ITSA4,True,8.07579994,19.41309393965618,32.321217929968384,True,16,False,0.0,eligible
2020-11-30,2020-12-01,ITUB4,True,25.20741272,23.958331956423564,37.5417225091921,True,12,False,0.0,eligible
2020-11-30,2020-12-01,KLBN11,False,22.51125145,,,False,,False,0.0,indicator_not_uptrend
2020-11-30,2020-12-01,LREN3,True,36.63350296,15.90142424370149,49.433295453798394,True,18,False,0.0,eligible
2020-11-30,2020-12-01,MGLU3,False,208.26533508,,,False,,False,0.0,indicator_not_uptrend
2020-11-30,2020-12-01,MULT3,True,22.67000008,9.569838082551275,52.23345973513717,True,22,False,0.0,eligible
2020-11-30,2020-12-01,PETR4,True,24.89999962,22.418876285013177,45.289636964952535,True,14,False,0.0,eligible
2020-11-30,2020-12-01,PSSA3,False,23.70000076,,,False,,False,0.0,indicator_not_uptrend
2020-11-30,2020-12-01,RADL3,False,24.36840057,,,False,,False,0.0,indicator_not_uptrend
2020-11-30,2020-12-01,RAIL3,True,18.95999908,-15.845545941703222,39.465706184300636,False,,False,0.0,nonpositive_momentum
2020-11-30,2020-12-01,RENT3,False,66.90492249,,,False,,False,0.0,indicator_not_uptrend
2020-11-30,2020-12-01,SANB11,True,37.57648087,55.4408361443099,42.11882711509494,True,6,False,0.0,eligible
2020-11-30,2020-12-01,SBSP3,True,8.63760376,-18.004421924975812,30.02688108995591,False,,False,0.0,nonpositive_momentum
2020-11-30,2020-12-01,SMTO3,True,26.17000008,34.688624099152165,34.23455015380197,True,10,False,0.0,eligible
2020-11-30,2020-12-01,SUZB3,True,56.5,49.234017669499444,40.01227125396445,True,8,False,0.0,eligible
2020-11-30,2020-12-01,TOTS3,False,26.6844368,,,False,,False,0.0,indicator_not_uptrend
2020-11-30,2020-12-01,UGPA3,True,18.73309516,18.749999920761894,51.51224372982999,True,17,False,0.0,eligible
2020-11-30,2020-12-01,USIM5,True,13.64999962,121.95120972437054,48.686345707477074,True,2,False,0.0,eligible
2020-11-30,2020-12-01,VALE3,True,78.0,47.169811320754704,33.931098908642326,True,9,False,0.0,eligible
2020-11-30,2020-12-01,WEGE3,False,36.78499985,,,False,,False,0.0,indicator_not_uptrend
2020-12-30,2021-01-04,ABEV3,True,15.64999962,9.747541147129413,39.386981257946054,True,23,False,0.0,eligible
2020-12-30,2021-01-04,B3SA3,True,20.65999985,12.772926853690358,38.19978450513993,True,22,False,0.0,eligible
2020-12-30,2021-01-04,BBAS3,True,19.39999962,16.02871064951019,35.390216962134,True,21,False,0.0,eligible
2020-12-30,2021-01-04,BBDC4,True,22.42975235,26.763203580516027,41.85194021485694,True,16,False,0.0,eligible
2020-12-30,2021-01-04,BBSE3,True,29.62999916,4.884952778761065,27.561165196353056,True,26,False,0.0,eligible
2020-12-30,2021-01-04,BPAC11,True,23.47750092,24.05549200962611,45.92721347297521,True,17,False,0.0,eligible
2020-12-30,2021-01-04,BRAP4,True,29.36959839,75.31645056523433,31.992747018604973,True,3,False,0.0,eligible
2020-12-30,2021-01-04,CMIG4,True,7.72701693,39.4559912210092,29.608501728974662,True,9,False,0.0,eligible
2020-12-30,2021-01-04,CPFE3,True,32.54999924,7.390299601348027,28.16744376054567,True,24,False,0.0,eligible
2020-12-30,2021-01-04,CPLE3,True,7.0,16.68611299082714,34.82584089105725,True,20,False,0.0,eligible
2020-12-30,2021-01-04,CSMG3,True,16.39999962,-14.746142339917867,39.62436035878702,False,,False,0.0,nonpositive_momentum
2020-12-30,2021-01-04,CSNA3,True,31.85000038,201.89573276206735,55.110611280409515,True,1,True,1.0,eligible
2020-12-30,2021-01-04,CYRE3,True,29.47999954,28.341316611036515,46.30737221194893,True,14,False,0.0,eligible
2020-12-30,2021-01-04,EGIE3,True,31.38571358,2.8798911927935933,25.510462735434153,True,27,False,0.0,eligible
2020-12-30,2021-01-04,ENEV3,False,15.52499962,,,False,,False,0.0,indicator_not_uptrend
2020-12-30,2021-01-04,ENGI11,True,46.84545517,5.745950279163026,28.74256015890796,True,25,False,0.0,eligible
2020-12-30,2021-01-04,EQTL3,True,23.1326313,1.4010516383755611,31.84162275535464,True,29,False,0.0,eligible
2020-12-30,2021-01-04,GGBR4,True,19.40476036,55.831737222144476,37.209229044654975,True,6,False,0.0,eligible
2020-12-30,2021-01-04,GOAU4,True,8.44521141,58.3685091084704,37.67917402816113,True,4,False,0.0,eligible
2020-12-30,2021-01-04,HYPE3,True,34.25,1.9041933305100178,38.74394081786603,True,28,False,0.0,eligible
2020-12-30,2021-01-04,ITSA4,True,8.95360374,18.604647844983944,30.566318806307084,True,19,False,0.0,eligible
2020-12-30,2021-01-04,ITUB4,True,27.91703415,19.448647785840457,35.71870328715152,True,18,False,0.0,eligible
2020-12-30,2021-01-04,KLBN11,True,23.89738846,31.175887075567022,30.402732632329034,True,12,False,0.0,eligible
2020-12-30,2021-01-04,LREN3,False,35.69880676,,,False,,False,0.0,indicator_not_uptrend
2020-12-30,2021-01-04,MGLU3,False,222.25064087,,,False,,False,0.0,indicator_not_uptrend
2020-12-30,2021-01-04,MULT3,False,23.53000069,,,False,,False,0.0,indicator_not_uptrend
2020-12-30,2021-01-04,PETR4,True,28.34000015,30.84026013970633,43.85452897869587,True,13,False,0.0,eligible
2020-12-30,2021-01-04,PSSA3,True,24.5,-6.112279563804279,28.552167430002395,False,,False,0.0,nonpositive_momentum
2020-12-30,2021-01-04,RADL3,False,23.60482597,,,False,,False,0.0,indicator_not_uptrend
2020-12-30,2021-01-04,RAIL3,True,19.23999977,-15.167550674517605,38.975076454444775,False,,False,0.0,nonpositive_momentum
2020-12-30,2021-01-04,RENT3,False,68.6268158,,,False,,False,0.0,indicator_not_uptrend
2020-12-30,2021-01-04,SANB11,True,43.37520218,55.52496272784999,44.46337173972938,True,7,False,0.0,eligible
2020-12-30,2021-01-04,SBSP3,True,8.61821079,-22.307693488644187,31.32664118328411,False,,False,0.0,nonpositive_momentum
2020-12-30,2021-01-04,SMTO3,True,27.36000061,36.93694314269238,32.45898393906427,True,10,False,0.0,eligible
2020-12-30,2021-01-04,SUZB3,True,58.54000092,55.155053362611284,39.520070024667376,True,8,False,0.0,eligible
2020-12-30,2021-01-04,TOTS3,True,28.6496067,28.099903733009235,39.99674774839293,True,15,False,0.0,eligible
2020-12-30,2021-01-04,UGPA3,True,21.87524414,31.888882755245042,49.3319375576607,True,11,False,0.0,eligible
2020-12-30,2021-01-04,USIM5,True,14.60999966,104.33565672257825,50.56083116334982,True,2,False,0.0,eligible
2020-12-30,2021-01-04,VALE3,True,87.44999695,57.19934436089702,29.076530793470294,True,5,False,0.0,eligible
2020-12-30,2021-01-04,WEGE3,False,37.86999893,,,False,,False,0.0,indicator_not_uptrend
2021-01-29,2021-02-01,ABEV3,False,15.10999966,,,False,,False,0.0,indicator_not_uptrend
2021-01-29,2021-02-01,B3SA3,False,19.93333244,,,False,,False,0.0,indicator_not_uptrend
2021-01-29,2021-02-01,BBAS3,False,16.93000031,,,False,,False,0.0,indicator_not_uptrend
2021-01-29,2021-02-01,BBDC4,False,20.44627953,,,False,,False,0.0,indicator_not_uptrend
2021-01-29,2021-02-01,BBSE3,False,27.65999985,,,False,,False,0.0,indicator_not_uptrend
2021-01-29,2021-02-01,BPAC11,True,23.54249954,8.993051508455574,44.61036632718089,True,7,False,0.0,eligible
2021-01-29,2021-02-01,BRAP4,False,28.81641197,,,False,,False,0.0,indicator_not_uptrend
2021-01-29,2021-02-01,CMIG4,False,7.27061319,,,False,,False,0.0,indicator_not_uptrend
2021-01-29,2021-02-01,CPFE3,False,31.11000061,,,False,,False,0.0,indicator_not_uptrend
2021-01-29,2021-02-01,CPLE3,False,6.21500015,,,False,,False,0.0,indicator_not_uptrend
2021-01-29,2021-02-01,CSMG3,False,15.51000023,,,False,,False,0.0,indicator_not_uptrend
2021-01-29,2021-02-01,CSNA3,False,30.39999962,,,False,,False,0.0,indicator_not_uptrend
2021-01-29,2021-02-01,CYRE3,False,25.62999916,,,False,,False,0.0,indicator_not_uptrend
2021-01-29,2021-02-01,EGIE3,False,30.68571472,,,False,,False,0.0,indicator_not_uptrend
2021-01-29,2021-02-01,ENEV3,True,15.64999962,22.241748886202075,37.466333226079854,True,6,False,0.0,eligible
2021-01-29,2021-02-01,ENGI11,False,45.5,,,False,,False,0.0,indicator_not_uptrend
2021-01-29,2021-02-01,EQTL3,False,22.49338722,,,False,,False,0.0,indicator_not_uptrend
2021-01-29,2021-02-01,GGBR4,False,18.45237923,,,False,,False,0.0,indicator_not_uptrend
2021-01-29,2021-02-01,GOAU4,False,7.93519783,,,False,,False,0.0,indicator_not_uptrend
2021-01-29,2021-02-01,HYPE3,False,32.29000092,,,False,,False,0.0,indicator_not_uptrend
2021-01-29,2021-02-01,ITSA4,False,8.09869862,,,False,,False,0.0,indicator_not_uptrend
2021-01-29,2021-02-01,ITUB4,False,25.01323891,,,False,,False,0.0,indicator_not_uptrend
2021-01-29,2021-02-01,KLBN11,True,25.11251068,29.46636353484058,31.892047348190367,True,3,False,0.0,eligible
2021-01-29,2021-02-01,LREN3,False,34.00159836,,,False,,False,0.0,indicator_not_uptrend
2021-01-29,2021-02-01,MGLU3,True,225.10115051,26.87334809561015,38.57709970009413,True,4,False,0.0,eligible
2021-01-29,2021-02-01,MULT3,False,21.20000076,,,False,,False,0.0,indicator_not_uptrend
2021-01-29,2021-02-01,PETR4,False,26.69000053,,,False,,False,0.0,indicator_not_uptrend
2021-01-29,2021-02-01,PSSA3,True,24.09000015,-10.178969319741993,32.75983495982235,False,,False,0.0,nonpositive_momentum
2021-01-29,2021-02-01,RADL3,False,23.49170494,,,False,,False,0.0,indicator_not_uptrend
2021-01-29,2021-02-01,RAIL3,True,20.29999924,-8.968610171127523,36.520537361785,False,,False,0.0,nonpositive_momentum
2021-01-29,2021-02-01,RENT3,False,63.58057785,,,False,,False,0.0,indicator_not_uptrend
2021-01-29,2021-02-01,SANB11,False,37.89329529,,,False,,False,0.0,indicator_not_uptrend
2021-01-29,2021-02-01,SBSP3,False,7.92588377,,,False,,False,0.0,indicator_not_uptrend
2021-01-29,2021-02-01,SMTO3,True,29.79000092,42.12787322317002,33.0896886548604,True,2,False,0.0,eligible
2021-01-29,2021-02-01,SUZB3,True,62.04999924,46.69030816748545,44.31451934060691,True,1,True,1.0,eligible
2021-01-29,2021-02-01,TOTS3,True,28.33039284,7.7390054926690155,44.63511490234712,True,8,False,0.0,eligible
2021-01-29,2021-02-01,UGPA3,False,20.06920052,,,False,,False,0.0,indicator_not_uptrend
2021-01-29,2021-02-01,USIM5,False,13.19999981,,,False,,False,0.0,indicator_not_uptrend
2021-01-29,2021-02-01,VALE3,False,87.94999695,,,False,,False,0.0,indicator_not_uptrend
2021-01-29,2021-02-01,WEGE3,True,41.89500046,25.603360928722708,44.453302240207876,True,5,False,0.0,eligible
2021-02-26,2021-03-01,ABEV3,False,14.02000046,,,False,,False,0.0,indicator_not_uptrend
2021-02-26,2021-03-01,B3SA3,False,18.10000038,,,False,,False,0.0,indicator_not_uptrend
2021-02-26,2021-03-01,BBAS3,False,14.02499962,,,False,,False,0.0,indicator_not_uptrend
2021-02-26,2021-03-01,BBDC4,False,19.00826454,,,False,,False,0.0,indicator_not_uptrend
2021-02-26,2021-03-01,BBSE3,False,25.43000031,,,False,,False,0.0,indicator_not_uptrend
2021-02-26,2021-03-01,BPAC11,True,25.58499908,22.00762957488147,43.159689535732895,True,4,False,0.0,eligible
2021-02-26,2021-03-01,BRAP4,False,28.97775841,,,False,,False,0.0,indicator_not_uptrend
2021-02-26,2021-03-01,CMIG4,False,6.34719181,,,False,,False,0.0,indicator_not_uptrend
2021-02-26,2021-03-01,CPFE3,False,28.86000061,,,False,,False,0.0,indicator_not_uptrend
2021-02-26,2021-03-01,CPLE3,False,5.75,,,False,,False,0.0,indicator_not_uptrend
2021-02-26,2021-03-01,CSMG3,False,14.43000031,,,False,,False,0.0,indicator_not_uptrend
2021-02-26,2021-03-01,CSNA3,False,32.86999893,,,False,,False,0.0,indicator_not_uptrend
2021-02-26,2021-03-01,CYRE3,False,24.79999924,,,False,,False,0.0,indicator_not_uptrend
2021-02-26,2021-03-01,EGIE3,False,29.3928566,,,False,,False,0.0,indicator_not_uptrend
2021-02-26,2021-03-01,ENEV3,False,17.0,,,False,,False,0.0,indicator_not_uptrend
2021-02-26,2021-03-01,ENGI11,False,39.70000076,,,False,,False,0.0,indicator_not_uptrend
2021-02-26,2021-03-01,EQTL3,False,20.07624626,,,False,,False,0.0,indicator_not_uptrend
2021-02-26,2021-03-01,GGBR4,True,20.53174591,29.220782755880627,44.1968817054152,True,3,False,0.0,eligible
2021-02-26,2021-03-01,GOAU4,False,8.6852169,,,False,,False,0.0,indicator_not_uptrend
2021-02-26,2021-03-01,HYPE3,False,32.77999878,,,False,,False,0.0,indicator_not_uptrend
2021-02-26,2021-03-01,ITSA4,False,7.59491491,,,False,,False,0.0,indicator_not_uptrend
2021-02-26,2021-03-01,ITUB4,False,22.55075073,,,False,,False,0.0,indicator_not_uptrend
2021-02-26,2021-03-01,KLBN11,True,26.88568878,15.909980302913041,31.80613515614304,True,5,False,0.0,eligible
2021-02-26,2021-03-01,LREN3,False,30.05783844,,,False,,False,0.0,indicator_not_uptrend
2021-02-26,2021-03-01,MGLU3,False,215.39160156,,,False,,False,0.0,indicator_not_uptrend
2021-02-26,2021-03-01,MULT3,False,19.68000031,,,False,,False,0.0,indicator_not_uptrend
2021-02-26,2021-03-01,PETR4,False,22.23999977,,,False,,False,0.0,indicator_not_uptrend
2021-02-26,2021-03-01,PSSA3,False,21.79500008,,,False,,False,0.0,indicator_not_uptrend
2021-02-26,2021-03-01,RADL3,False,21.8985672,,,False,,False,0.0,indicator_not_uptrend
2021-02-26,2021-03-01,RAIL3,False,18.10000038,,,False,,False,0.0,indicator_not_uptrend
2021-02-26,2021-03-01,RENT3,False,57.72814178,,,False,,False,0.0,indicator_not_uptrend
2021-02-26,2021-03-01,SANB11,False,36.11719894,,,False,,False,0.0,indicator_not_uptrend
2021-02-26,2021-03-01,SBSP3,False,7.13659191,,,False,,False,0.0,indicator_not_uptrend
2021-02-26,2021-03-01,SMTO3,False,31.21999931,,,False,,False,0.0,indicator_not_uptrend
2021-02-26,2021-03-01,SUZB3,True,73.16999817,44.5190531772588,40.25021342197304,True,2,False,0.0,eligible
2021-02-26,2021-03-01,TOTS3,True,31.30308723,13.285199276433879,42.22046381697668,True,6,False,0.0,eligible
2021-02-26,2021-03-01,UGPA3,False,17.8024292,,,False,,False,0.0,indicator_not_uptrend
2021-02-26,2021-03-01,USIM5,True,16.23999977,68.29015968396486,56.22424278809384,True,1,True,1.0,eligible
2021-02-26,2021-03-01,VALE3,False,94.51999664,,,False,,False,0.0,indicator_not_uptrend
2021-02-26,2021-03-01,WEGE3,False,39.02500153,,,False,,False,0.0,indicator_not_uptrend
2021-03-31,2021-04-01,ABEV3,True,15.28999996,19.453122914367693,32.2506905713375,True,8,False,0.0,eligible
2021-03-31,2021-04-01,B3SA3,False,18.20666695,,,False,,False,0.0,indicator_not_uptrend
2021-03-31,2021-04-01,BBAS3,True,15.22500038,-1.2005157157739976,40.96197322015774,False,,False,0.0,nonpositive_momentum
2021-03-31,2021-04-01,BBDC4,True,22.12396622,34.52262063066125,35.40523315909927,True,5,False,0.0,eligible
2021-03-31,2021-04-01,BBSE3,False,24.25,,,False,,False,0.0,indicator_not_uptrend
2021-03-31,2021-04-01,BPAC11,False,24.26250076,,,False,,False,0.0,indicator_not_uptrend
2021-03-31,2021-04-01,BRAP4,True,31.49014664,53.02419615680427,42.44905575069062,True,1,True,1.0,eligible
2021-03-31,2021-04-01,CMIG4,True,6.91504288,22.57761053438394,35.35169253593729,True,6,False,0.0,eligible
2021-03-31,2021-04-01,CPFE3,False,30.42000008,,,False,,False,0.0,indicator_not_uptrend
2021-03-31,2021-04-01,CPLE3,True,7.0,12.812249641414986,33.392392758448096,True,12,False,0.0,eligible
2021-03-31,2021-04-01,CSMG3,True,15.10000038,-8.889782726356888,33.336414754040156,False,,False,0.0,nonpositive_momentum
2021-03-31,2021-04-01,CSNA3,False,37.90000153,,,False,,False,0.0,indicator_not_uptrend
2021-03-31,2021-04-01,CYRE3,False,24.64999962,,,False,,False,0.0,indicator_not_uptrend
2021-03-31,2021-04-01,EGIE3,True,29.87857056,-0.947196639166159,26.876674336882665,False,,False,0.0,nonpositive_momentum
2021-03-31,2021-04-01,ENEV3,False,16.70000076,,,False,,False,0.0,indicator_not_uptrend
2021-03-31,2021-04-01,ENGI11,False,41.11817932,,,False,,False,0.0,indicator_not_uptrend
2021-03-31,2021-04-01,EQTL3,True,24.77069283,9.78308780465933,35.024221620749884,True,13,False,0.0,eligible
2021-03-31,2021-04-01,GGBR4,True,23.98412514,45.849407723325356,44.66100040925987,True,2,False,0.0,eligible
2021-03-31,2021-04-01,GOAU4,True,10.0577507,43.88412876405412,40.27059825618605,True,4,False,0.0,eligible
2021-03-31,2021-04-01,HYPE3,False,32.02999878,,,False,,False,0.0,indicator_not_uptrend
2021-03-31,2021-04-01,ITSA4,True,7.87733889,14.922034866644829,33.760194035175886,True,10,False,0.0,eligible
2021-03-31,2021-04-01,ITUB4,True,24.68667221,21.082249319275824,37.59602829479326,True,7,False,0.0,eligible
2021-03-31,2021-04-01,KLBN11,False,24.86948586,,,False,,False,0.0,indicator_not_uptrend
2021-03-31,2021-04-01,LREN3,True,34.91989517,1.501424891279135,41.35698777350372,True,15,False,0.0,eligible
2021-03-31,2021-04-01,MGLU3,False,180.29470825,,,False,,False,0.0,indicator_not_uptrend
2021-03-31,2021-04-01,MULT3,True,24.48999977,14.653553701373244,41.773609444104736,True,11,False,0.0,eligible
2021-03-31,2021-04-01,PETR4,True,24.10000038,15.865390675850822,62.99237828398403,True,9,False,0.0,eligible
2021-03-31,2021-04-01,PSSA3,True,23.48999977,-5.301352644893398,32.991097194487324,False,,False,0.0,nonpositive_momentum
2021-03-31,2021-04-01,RADL3,True,23.62368011,8.437908486333523,33.729149664268654,True,14,False,0.0,eligible
2021-03-31,2021-04-01,RAIL3,True,20.25,-1.746727798859582,42.47589592663859,False,,False,0.0,nonpositive_momentum
2021-03-31,2021-04-01,RENT3,False,59.45003128,,,False,,False,0.0,indicator_not_uptrend
2021-03-31,2021-04-01,SANB11,True,38.01810455,44.05238269336502,36.110781525987136,True,3,False,0.0,eligible
2021-03-31,2021-04-01,SBSP3,True,7.98988008,-14.699797788084945,37.17446647282054,False,,False,0.0,nonpositive_momentum
2021-03-31,2021-04-01,SMTO3,False,29.65999985,,,False,,False,0.0,indicator_not_uptrend
2021-03-31,2021-04-01,SUZB3,False,68.55000305,,,False,,False,0.0,indicator_not_uptrend
2021-03-31,2021-04-01,TOTS3,False,28.85909271,,,False,,False,0.0,indicator_not_uptrend
2021-03-31,2021-04-01,UGPA3,True,19.54397202,-5.523385646523726,45.985787757553695,False,,False,0.0,nonpositive_momentum
2021-03-31,2021-04-01,USIM5,False,17.10000038,,,False,,False,0.0,indicator_not_uptrend
2021-03-31,2021-04-01,VALE3,False,97.97000122,,,False,,False,0.0,indicator_not_uptrend
2021-03-31,2021-04-01,WEGE3,False,37.27999878,,,False,,False,0.0,indicator_not_uptrend
2021-04-30,2021-05-03,ABEV3,False,14.93999958,,,False,,False,0.0,indicator_not_uptrend
2021-04-30,2021-05-03,B3SA3,False,17.16666603,,,False,,False,0.0,indicator_not_uptrend
2021-04-30,2021-05-03,BBAS3,True,14.81999969,-8.093025178294578,37.161829480034946,False,,False,0.0,nonpositive_momentum
2021-04-30,2021-05-03,BBDC4,True,21.68181801,20.787295044232334,35.199547866607375,True,10,False,0.0,eligible
2021-04-30,2021-05-03,BBSE3,False,22.32999992,,,False,,False,0.0,indicator_not_uptrend
2021-04-30,2021-05-03,BPAC11,True,26.75,32.409359275817806,39.75925237126275,True,8,False,0.0,eligible
2021-04-30,2021-05-03,BRAP4,True,32.7348175,46.35202330191501,40.59364229560974,True,4,False,0.0,eligible
2021-04-30,2021-05-03,CMIG4,True,7.3449111,26.62397471740472,33.21945957441436,True,9,False,0.0,eligible
2021-04-30,2021-05-03,CPFE3,False,29.35000038,,,False,,False,0.0,indicator_not_uptrend
2021-04-30,2021-05-03,CPLE3,False,5.5,,,False,,False,0.0,indicator_not_uptrend
2021-04-30,2021-05-03,CSMG3,True,16.80999947,9.250432434477386,33.62532296018011,True,17,False,0.0,eligible
2021-04-30,2021-05-03,CSNA3,True,49.18999863,134.909252077273,54.02642695023327,True,1,True,1.0,eligible
2021-04-30,2021-05-03,CYRE3,True,23.53000069,-12.722546391125466,45.30431782650163,False,,False,0.0,nonpositive_momentum
2021-04-30,2021-05-03,EGIE3,True,29.04999924,-2.0707945812034834,23.969170909849705,False,,False,0.0,nonpositive_momentum
2021-04-30,2021-05-03,ENEV3,False,14.67000008,,,False,,False,0.0,indicator_not_uptrend
2021-04-30,2021-05-03,ENGI11,True,40.1090889,2.6046487554028497,32.03489170908302,True,21,False,0.0,eligible
2021-04-30,2021-05-03,EQTL3,True,25.01041031,19.80861918440826,33.54744039545626,True,12,False,0.0,eligible
2021-04-30,2021-05-03,GGBR4,True,26.36507988,44.05898846095371,35.134363592164256,True,5,False,0.0,eligible
2021-04-30,2021-05-03,GOAU4,True,11.14527798,43.99225107683329,33.8054616092149,True,6,False,0.0,eligible
2021-04-30,2021-05-03,HYPE3,True,34.65999985,12.642181773955041,30.720860487548705,True,14,False,0.0,eligible
2021-04-30,2021-05-03,ITSA4,True,7.67887878,5.450727156381463,31.743644389033403,True,20,False,0.0,eligible
2021-04-30,2021-05-03,ITUB4,True,24.29832268,12.321498256177588,36.0424354303059,True,15,False,0.0,eligible
2021-04-30,2021-05-03,KLBN11,False,25.09450912,,,False,,False,0.0,indicator_not_uptrend
2021-04-30,2021-05-03,LREN3,False,33.38842773,,,False,,False,0.0,indicator_not_uptrend
2021-04-30,2021-05-03,MGLU3,False,178.42405701,,,False,,False,0.0,indicator_not_uptrend
2021-04-30,2021-05-03,MULT3,False,23.03000069,,,False,,False,0.0,indicator_not_uptrend
2021-04-30,2021-05-03,PETR4,True,23.62000084,17.162703451111394,63.0138405094138,True,13,False,0.0,eligible
2021-04-30,2021-05-03,PSSA3,True,24.68499947,-5.094197417467683,33.71624509389852,False,,False,0.0,nonpositive_momentum
2021-04-30,2021-05-03,RADL3,True,24.79260826,0.5351653768106868,32.6265816890678,True,23,False,0.0,eligible
2021-04-30,2021-05-03,RAIL3,True,20.0,8.99182335602764,41.93929969873428,True,18,False,0.0,eligible
2021-04-30,2021-05-03,RENT3,True,63.99861145,2.2420127607874374,39.98283609513506,True,22,False,0.0,eligible
2021-04-30,2021-05-03,SANB11,True,37.08685303,20.26774836894689,38.681379541850305,True,11,False,0.0,eligible
2021-04-30,2021-05-03,SBSP3,True,8.29628754,-5.853888988056378,36.49951137590129,False,,False,0.0,nonpositive_momentum
2021-04-30,2021-05-03,SMTO3,True,31.17000008,36.890643172169725,44.53311026975893,True,7,False,0.0,eligible
2021-04-30,2021-05-03,SUZB3,False,68.66999817,,,False,,False,0.0,indicator_not_uptrend
2021-04-30,2021-05-03,TOTS3,True,31.02377319,7.911167436842281,40.21896508723171,True,19,False,0.0,eligible
2021-04-30,2021-05-03,UGPA3,True,19.451828,11.870698836393867,44.86416277319452,True,16,False,0.0,eligible
2021-04-30,2021-05-03,USIM5,True,22.45000076,91.22658602914096,49.052379592158566,True,2,False,0.0,eligible
2021-04-30,2021-05-03,VALE3,True,109.01999664,73.46061940166662,32.78500562591084,True,3,False,0.0,eligible
2021-04-30,2021-05-03,WEGE3,False,35.00999832,,,False,,False,0.0,indicator_not_uptrend
2021-05-31,2021-06-01,ABEV3,True,17.95000076,22.44202553658281,28.779721734528295,True,6,False,0.0,eligible
2021-05-31,2021-06-01,B3SA3,True,17.54000092,-2.7176913546751558,30.85866983836481,False,,False,0.0,nonpositive_momentum
2021-05-31,2021-06-01,BBAS3,True,16.74500084,-2.9837739463344115,24.71075090826041,False,,False,0.0,nonpositive_momentum
2021-05-31,2021-06-01,BBDC4,True,24.0727272,18.98693720621214,29.304963443932053,True,9,False,0.0,eligible
2021-05-31,2021-06-01,BBSE3,True,23.39999962,-19.6428607657966,21.16784753243452,False,,False,0.0,nonpositive_momentum
2021-05-31,2021-06-01,BPAC11,True,31.01250076,55.88087480747917,35.82581349933295,True,1,True,1.0,eligible
2021-05-31,2021-06-01,BRAP4,False,32.82701492,,,False,,False,0.0,indicator_not_uptrend
2021-05-31,2021-06-01,CMIG4,True,8.03550243,27.77450766869589,31.531243905332108,True,4,False,0.0,eligible
2021-05-31,2021-06-01,CPFE3,True,28.70999908,-4.649623054258722,29.170826759072803,False,,False,0.0,nonpositive_momentum
2021-05-31,2021-06-01,CPLE3,True,5.78999996,-8.5452519794326,39.15782023204108,False,,False,0.0,nonpositive_momentum
2021-05-31,2021-06-01,CSMG3,True,17.54999924,13.88708248429995,33.331465753089276,True,11,False,0.0,eligible
2021-05-31,2021-06-01,CSNA3,False,44.91999817,,,False,,False,0.0,indicator_not_uptrend
2021-05-31,2021-06-01,CYRE3,True,23.89999962,-8.394022680754954,43.41715395923803,False,,False,0.0,nonpositive_momentum
2021-05-31,2021-06-01,EGIE3,True,28.42142868,-7.486628700948739,22.143164419055168,False,,False,0.0,nonpositive_momentum
2021-05-31,2021-06-01,ENEV3,True,18.45999908,24.35162508757569,40.16822975163867,True,5,False,0.0,eligible
2021-05-31,2021-06-01,ENGI11,True,42.29090881,3.1485580731707152,29.31968866179604,True,17,False,0.0,eligible
2021-05-31,2021-06-01,EQTL3,True,24.70077515,19.757867614692557,36.302275795373326,True,7,False,0.0,eligible
2021-05-31,2021-06-01,GGBR4,False,26.12698364,,,False,,False,0.0,indicator_not_uptrend
2021-05-31,2021-06-01,GOAU4,False,11.11527729,,,False,,False,0.0,indicator_not_uptrend
2021-05-31,2021-06-01,HYPE3,True,36.40000153,19.736848634868487,28.65231055041158,True,8,False,0.0,eligible
2021-05-31,2021-06-01,ITSA4,True,8.28952599,1.4005605300702273,24.225409023369053,True,19,False,0.0,eligible
2021-05-31,2021-06-01,ITUB4,True,26.07237434,2.2145357426930357,28.641917906007645,True,18,False,0.0,eligible
2021-05-31,2021-06-01,KLBN11,False,23.71737099,,,False,,False,0.0,indicator_not_uptrend
2021-05-31,2021-06-01,LREN3,True,38.67768478,3.4953526163418847,45.94307562693266,True,16,False,0.0,eligible
2021-05-31,2021-06-01,MGLU3,True,179.58207703,-13.919728371737639,44.216492341504946,False,,False,0.0,nonpositive_momentum
2021-05-31,2021-06-01,MULT3,True,25.65999985,17.0086615926728,38.234328809034544,True,10,False,0.0,eligible
2021-05-31,2021-06-01,PETR4,True,26.87000084,7.051794554594348,38.28755892111537,True,13,False,0.0,eligible
2021-05-31,2021-06-01,PSSA3,True,26.57500076,6.300003040000002,30.132395905707664,True,15,False,0.0,eligible
2021-05-31,2021-06-01,RADL3,True,26.56485558,7.066867529743037,34.34478509482833,True,12,False,0.0,eligible
2021-05-31,2021-06-01,RAIL3,False,20.67000008,,,False,,False,0.0,indicator_not_uptrend
2021-05-31,2021-06-01,RENT3,True,62.35634232,-4.146270456010848,38.61057016337837,False,,False,0.0,nonpositive_momentum
2021-05-31,2021-06-01,SANB11,True,39.56378937,6.651133579406188,34.715364566753465,True,14,False,0.0,eligible
2021-05-31,2021-06-01,SBSP3,False,7.58844709,,,False,,False,0.0,indicator_not_uptrend
2021-05-31,2021-06-01,SMTO3,True,34.41999817,33.9299500082972,37.49368174135601,True,2,False,0.0,eligible
2021-05-31,2021-06-01,SUZB3,False,60.72999954,,,False,,False,0.0,indicator_not_uptrend
2021-05-31,2021-06-01,TOTS3,True,34.38551331,28.57142246598634,38.25936435739561,True,3,False,0.0,eligible
2021-05-31,2021-06-01,UGPA3,False,17.7840023,,,False,,False,0.0,indicator_not_uptrend
2021-05-31,2021-06-01,USIM5,False,19.86000061,,,False,,False,0.0,indicator_not_uptrend
2021-05-31,2021-06-01,VALE3,False,114.77999878,,,False,,False,0.0,indicator_not_uptrend
2021-05-31,2021-06-01,WEGE3,True,34.15000153,-13.0047112491392,32.09934848660062,False,,False,0.0,nonpositive_momentum
2021-06-30,2021-07-01,ABEV3,False,17.06999969,,,False,,False,0.0,indicator_not_uptrend
2021-06-30,2021-07-01,B3SA3,True,16.81999969,-16.290640859152383,27.774460603326904,False,,False,0.0,nonpositive_momentum
2021-06-30,2021-07-01,BBAS3,False,16.06500053,,,False,,False,0.0,indicator_not_uptrend
2021-06-30,2021-07-01,BBDC4,False,23.39090919,,,False,,False,0.0,indicator_not_uptrend
2021-06-30,2021-07-01,BBSE3,True,23.10000038,-20.781891293459655,20.644337173857767,False,,False,0.0,nonpositive_momentum
2021-06-30,2021-07-01,BPAC11,False,30.51499939,,,False,,False,0.0,indicator_not_uptrend
2021-06-30,2021-07-01,BRAP4,True,34.26530075,15.276057925188224,31.75193040427258,True,2,False,0.0,eligible
2021-06-30,2021-07-01,CMIG4,False,7.17751408,,,False,,False,0.0,indicator_not_uptrend
2021-06-30,2021-07-01,CPFE3,False,26.90999985,,,False,,False,0.0,indicator_not_uptrend
2021-06-30,2021-07-01,CPLE3,True,5.55000019,-19.460160221540214,36.939278501215945,False,,False,0.0,nonpositive_momentum
2021-06-30,2021-07-01,CSMG3,False,15.48999977,,,False,,False,0.0,indicator_not_uptrend
2021-06-30,2021-07-01,CSNA3,False,43.99000168,,,False,,False,0.0,indicator_not_uptrend
2021-06-30,2021-07-01,CYRE3,False,23.34000015,,,False,,False,0.0,indicator_not_uptrend
2021-06-30,2021-07-01,EGIE3,False,27.9642849,,,False,,False,0.0,indicator_not_uptrend
2021-06-30,2021-07-01,ENEV3,False,16.97999954,,,False,,False,0.0,indicator_not_uptrend
2021-06-30,2021-07-01,ENGI11,False,42.14545441,,,False,,False,0.0,indicator_not_uptrend
2021-06-30,2021-07-01,EQTL3,False,24.77069283,,,False,,False,0.0,indicator_not_uptrend
2021-06-30,2021-07-01,GGBR4,False,23.5,,,False,,False,0.0,indicator_not_uptrend
2021-06-30,2021-07-01,GOAU4,False,10.37275887,,,False,,False,0.0,indicator_not_uptrend
2021-06-30,2021-07-01,HYPE3,False,34.47000122,,,False,,False,0.0,indicator_not_uptrend
2021-06-30,2021-07-01,ITSA4,False,8.51088524,,,False,,False,0.0,indicator_not_uptrend
2021-06-30,2021-07-01,ITUB4,False,26.30185318,,,False,,False,0.0,indicator_not_uptrend
2021-06-30,2021-07-01,KLBN11,True,23.70837021,2.5700916819272557,23.428979356894178,True,5,False,0.0,eligible
2021-06-30,2021-07-01,LREN3,False,36.55371857,,,False,,False,0.0,indicator_not_uptrend
2021-06-30,2021-07-01,MGLU3,True,188.40084839,-15.937996512383224,37.62697822258675,False,,False,0.0,nonpositive_momentum
2021-06-30,2021-07-01,MULT3,False,23.5,,,False,,False,0.0,indicator_not_uptrend
2021-06-30,2021-07-01,PETR4,True,29.43000031,7.881230079250412,30.74296128948489,True,3,False,0.0,eligible
2021-06-30,2021-07-01,PSSA3,False,26.73500061,,,False,,False,0.0,indicator_not_uptrend
2021-06-30,2021-07-01,RADL3,False,23.29373932,,,False,,False,0.0,indicator_not_uptrend
2021-06-30,2021-07-01,RAIL3,False,19.14999962,,,False,,False,0.0,indicator_not_uptrend
2021-06-30,2021-07-01,RENT3,True,63.70001602,-1.356347664060109,28.08632580764559,False,,False,0.0,nonpositive_momentum
2021-06-30,2021-07-01,SANB11,False,38.88215256,,,False,,False,0.0,indicator_not_uptrend
2021-06-30,2021-07-01,SBSP3,False,7.09392786,,,False,,False,0.0,indicator_not_uptrend
2021-06-30,2021-07-01,SMTO3,False,36.13999939,,,False,,False,0.0,indicator_not_uptrend
2021-06-30,2021-07-01,SUZB3,True,59.81000137,3.692789612608105,28.170315425401704,True,4,False,0.0,eligible
2021-06-30,2021-07-01,TOTS3,True,37.55772018,36.117139286046275,31.207911792334848,True,1,True,1.0,eligible
2021-06-30,2021-07-01,UGPA3,False,18.38999939,,,False,,False,0.0,indicator_not_uptrend
2021-06-30,2021-07-01,USIM5,False,19.10000038,,,False,,False,0.0,indicator_not_uptrend
2021-06-30,2021-07-01,VALE3,False,113.25,,,False,,False,0.0,indicator_not_uptrend
2021-06-30,2021-07-01,WEGE3,True,33.68999863,-7.4704785256954676,28.836608702196827,False,,False,0.0,nonpositive_momentum
2021-07-30,2021-08-02,ABEV3,False,16.63999939,,,False,,False,0.0,indicator_not_uptrend
2021-07-30,2021-08-02,B3SA3,False,15.25,,,False,,False,0.0,indicator_not_uptrend
2021-07-30,2021-08-02,BBAS3,False,15.81499958,,,False,,False,0.0,indicator_not_uptrend
2021-07-30,2021-08-02,BBDC4,False,22.04545403,,,False,,False,0.0,indicator_not_uptrend
2021-07-30,2021-08-02,BBSE3,False,21.37000084,,,False,,False,0.0,indicator_not_uptrend
2021-07-30,2021-08-02,BPAC11,False,29.14999962,,,False,,False,0.0,indicator_not_uptrend
2021-07-30,2021-08-02,BRAP4,True,34.09473419,8.924889939174463,30.940898386826444,True,5,False,0.0,eligible
2021-07-30,2021-08-02,CMIG4,False,7.0650878,,,False,,False,0.0,indicator_not_uptrend
2021-07-30,2021-08-02,CPFE3,False,25.31999969,,,False,,False,0.0,indicator_not_uptrend
2021-07-30,2021-08-02,CPLE3,True,5.73999977,-6.27041632283979,26.68059030802591,False,,False,0.0,nonpositive_momentum
2021-07-30,2021-08-02,CSMG3,False,13.85999966,,,False,,False,0.0,indicator_not_uptrend
2021-07-30,2021-08-02,CSNA3,True,46.75,45.547950054056855,43.08111920283868,True,2,False,0.0,eligible
2021-07-30,2021-08-02,CYRE3,False,20.85000038,,,False,,False,0.0,indicator_not_uptrend
2021-07-30,2021-08-02,EGIE3,False,27.09285736,,,False,,False,0.0,indicator_not_uptrend
2021-07-30,2021-08-02,ENEV3,False,16.45999908,,,False,,False,0.0,indicator_not_uptrend
2021-07-30,2021-08-02,ENGI11,False,38.65454483,,,False,,False,0.0,indicator_not_uptrend
2021-07-30,2021-08-02,EQTL3,False,24.17140198,,,False,,False,0.0,indicator_not_uptrend
2021-07-30,2021-08-02,GGBR4,True,24.44444466,30.232566433394425,37.07693693055407,True,4,False,0.0,eligible
2021-07-30,2021-08-02,GOAU4,True,10.68776703,32.55814304804643,34.52809683933785,True,3,False,0.0,eligible
2021-07-30,2021-08-02,HYPE3,True,35.65000153,6.992802706115486,29.252078783076556,True,6,False,0.0,eligible
2021-07-30,2021-08-02,ITSA4,False,8.5261507,,,False,,False,0.0,indicator_not_uptrend
2021-07-30,2021-08-02,ITUB4,False,26.74315834,,,False,,False,0.0,indicator_not_uptrend
2021-07-30,2021-08-02,KLBN11,False,22.1512146,,,False,,False,0.0,indicator_not_uptrend
2021-07-30,2021-08-02,LREN3,False,34.13223267,,,False,,False,0.0,indicator_not_uptrend
2021-07-30,2021-08-02,MGLU3,False,183.50152588,,,False,,False,0.0,indicator_not_uptrend
2021-07-30,2021-08-02,MULT3,False,23.35000038,,,False,,False,0.0,indicator_not_uptrend
2021-07-30,2021-08-02,PETR4,False,26.90999985,,,False,,False,0.0,indicator_not_uptrend
2021-07-30,2021-08-02,PSSA3,False,25.82999992,,,False,,False,0.0,indicator_not_uptrend
2021-07-30,2021-08-02,RADL3,False,23.79336357,,,False,,False,0.0,indicator_not_uptrend
2021-07-30,2021-08-02,RAIL3,True,20.65999985,-0.48169739350720775,28.8858868739086,False,,False,0.0,nonpositive_momentum
2021-07-30,2021-08-02,RENT3,False,61.85868835,,,False,,False,0.0,indicator_not_uptrend
2021-07-30,2021-08-02,SANB11,False,38.84375,,,False,,False,0.0,indicator_not_uptrend
2021-07-30,2021-08-02,SBSP3,False,6.8767271,,,False,,False,0.0,indicator_not_uptrend
2021-07-30,2021-08-02,SMTO3,False,32.06999969,,,False,,False,0.0,indicator_not_uptrend
2021-07-30,2021-08-02,SUZB3,False,54.06999969,,,False,,False,0.0,indicator_not_uptrend
2021-07-30,2021-08-02,TOTS3,False,35.2733345,,,False,,False,0.0,indicator_not_uptrend
2021-07-30,2021-08-02,UGPA3,False,17.68000031,,,False,,False,0.0,indicator_not_uptrend
2021-07-30,2021-08-02,USIM5,True,20.56999969,57.02289384208399,34.09098696475269,True,1,True,1.0,eligible
2021-07-30,2021-08-02,VALE3,False,108.76000214,,,False,,False,0.0,indicator_not_uptrend
2021-07-30,2021-08-02,WEGE3,True,35.70999908,-19.472323604549892,34.24639747689536,False,,False,0.0,nonpositive_momentum
2021-08-31,2021-09-01,ABEV3,True,17.10000038,22.230169128873413,29.052516628701845,True,5,False,0.0,eligible
2021-08-31,2021-09-01,B3SA3,False,14.06999969,,,False,,False,0.0,indicator_not_uptrend
2021-08-31,2021-09-01,BBAS3,False,15.21500015,,,False,,False,0.0,indicator_not_uptrend
2021-08-31,2021-09-01,BBDC4,False,21.04545403,,,False,,False,0.0,indicator_not_uptrend
2021-08-31,2021-09-01,BBSE3,False,19.05999947,,,False,,False,0.0,indicator_not_uptrend
2021-08-31,2021-09-01,BPAC11,False,28.43000031,,,False,,False,0.0,indicator_not_uptrend
2021-08-31,2021-09-01,BRAP4,False,29.11144447,,,False,,False,0.0,indicator_not_uptrend
2021-08-31,2021-09-01,CMIG4,True,7.99408197,26.901692933455013,25.24722363702287,True,3,False,0.0,eligible
2021-08-31,2021-09-01,CPFE3,True,29.04000092,1.2552322388730053,28.307912219908843,True,12,False,0.0,eligible
2021-08-31,2021-09-01,CPLE3,True,5.94999981,2.128383033477421,26.065873533443135,True,11,False,0.0,eligible
2021-08-31,2021-09-01,CSMG3,True,13.96000004,3.637711656853604,22.49731787819108,True,10,False,0.0,eligible
2021-08-31,2021-09-01,CSNA3,False,34.86000061,,,False,,False,0.0,indicator_not_uptrend
2021-08-31,2021-09-01,CYRE3,True,20.21999931,-18.170780806034735,41.121203941907346,False,,False,0.0,nonpositive_momentum
2021-08-31,2021-09-01,EGIE3,True,26.8214283,-5.272451574310056,17.80070092088208,False,,False,0.0,nonpositive_momentum
2021-08-31,2021-09-01,ENEV3,False,15.67000008,,,False,,False,0.0,indicator_not_uptrend
2021-08-31,2021-09-01,ENGI11,True,40.33636475,3.789477467425084,23.88216409806497,True,9,False,0.0,eligible
2021-08-31,2021-09-01,EQTL3,True,25.31005478,26.006963062000032,26.15611822108246,True,4,False,0.0,eligible
2021-08-31,2021-09-01,GGBR4,False,22.47619057,,,False,,False,0.0,indicator_not_uptrend
2021-08-31,2021-09-01,GOAU4,False,9.69774246,,,False,,False,0.0,indicator_not_uptrend
2021-08-31,2021-09-01,HYPE3,False,35.56999969,,,False,,False,0.0,indicator_not_uptrend
2021-08-31,2021-09-01,ITSA4,False,8.82384205,,,False,,False,0.0,indicator_not_uptrend
2021-08-31,2021-09-01,ITUB4,True,27.30803108,20.062086906329178,23.261205160811034,True,6,False,0.0,eligible
2021-08-31,2021-09-01,KLBN11,True,23.68136787,-13.70941479237623,24.904801805513987,False,,False,0.0,nonpositive_momentum
2021-08-31,2021-09-01,LREN3,False,31.45454407,,,False,,False,0.0,indicator_not_uptrend
2021-08-31,2021-09-01,MGLU3,False,162.47901917,,,False,,False,0.0,indicator_not_uptrend
2021-08-31,2021-09-01,MULT3,False,21.10000038,,,False,,False,0.0,indicator_not_uptrend
2021-08-31,2021-09-01,PETR4,False,27.19000053,,,False,,False,0.0,indicator_not_uptrend
2021-08-31,2021-09-01,PSSA3,True,28.58499908,30.853742196799374,24.203464876802606,True,1,True,1.0,eligible
2021-08-31,2021-09-01,RADL3,False,24.0950222,,,False,,False,0.0,indicator_not_uptrend
2021-08-31,2021-09-01,RAIL3,False,18.71999931,,,False,,False,0.0,indicator_not_uptrend
2021-08-31,2021-09-01,RENT3,False,55.20004654,,,False,,False,0.0,indicator_not_uptrend
2021-08-31,2021-09-01,SANB11,True,40.26462936,9.247197291143806,23.03111496971128,True,7,False,0.0,eligible
2021-08-31,2021-09-01,SBSP3,True,7.00665903,-0.44089409718031103,33.865811104934416,False,,False,0.0,nonpositive_momentum
2021-08-31,2021-09-01,SMTO3,True,32.13999939,6.388614262744952,32.11689644805032,True,8,False,0.0,eligible
2021-08-31,2021-09-01,SUZB3,True,61.0,-17.040662298240285,26.77304234908744,False,,False,0.0,nonpositive_momentum
2021-08-31,2021-09-01,TOTS3,True,39.50294113,27.659577858564568,31.049970967654627,True,2,False,0.0,eligible
2021-08-31,2021-09-01,UGPA3,False,14.43999958,,,False,,False,0.0,indicator_not_uptrend
2021-08-31,2021-09-01,USIM5,False,18.48999977,,,False,,False,0.0,indicator_not_uptrend
2021-08-31,2021-09-01,VALE3,False,98.68000031,,,False,,False,0.0,indicator_not_uptrend
2021-08-31,2021-09-01,WEGE3,True,35.56000137,-7.7082727849492,33.68675573109334,False,,False,0.0,nonpositive_momentum
2021-09-30,2021-10-01,ABEV3,False,15.30000019,,,False,,False,0.0,indicator_not_uptrend
2021-09-30,2021-10-01,B3SA3,False,12.73999977,,,False,,False,0.0,indicator_not_uptrend
2021-09-30,2021-10-01,BBAS3,True,14.44999981,-5.090315603657158,26.099141140813458,False,,False,0.0,nonpositive_momentum
2021-09-30,2021-10-01,BBDC4,False,18.93636322,,,False,,False,0.0,indicator_not_uptrend
2021-09-30,2021-10-01,BBSE3,True,19.95000076,-17.73195562886597,26.927317570274965,False,,False,0.0,nonpositive_momentum
2021-09-30,2021-10-01,BPAC11,False,25.0,,,False,,False,0.0,indicator_not_uptrend
2021-09-30,2021-10-01,BRAP4,False,27.21630287,,,False,,False,0.0,indicator_not_uptrend
2021-09-30,2021-10-01,CMIG4,True,8.30177498,20.053846723217994,25.03901202773549,True,1,True,1.0,eligible
2021-09-30,2021-10-01,CPFE3,False,26.93000031,,,False,,False,0.0,indicator_not_uptrend
2021-09-30,2021-10-01,CPLE3,True,6.65999985,-4.857144999999996,28.17111875783857,False,,False,0.0,nonpositive_momentum
2021-09-30,2021-10-01,CSMG3,True,13.80000019,-8.609272564799763,26.200930874312107,False,,False,0.0,nonpositive_momentum
2021-09-30,2021-10-01,CSNA3,False,28.72999954,,,False,,False,0.0,indicator_not_uptrend
2021-09-30,2021-10-01,CYRE3,True,18.0,-26.977686501075894,46.74719472876315,False,,False,0.0,nonpositive_momentum
2021-09-30,2021-10-01,EGIE3,False,26.75714111,,,False,,False,0.0,indicator_not_uptrend
2021-09-30,2021-10-01,ENEV3,True,16.46999931,-1.3772541289393536,31.056850004221094,False,,False,0.0,nonpositive_momentum
2021-09-30,2021-10-01,ENGI11,True,40.02727127,-2.6531039750327223,25.569329596276607,False,,False,0.0,nonpositive_momentum
2021-09-30,2021-10-01,EQTL3,True,25.32004356,2.2177447105341974,23.94636885062512,True,5,False,0.0,eligible
2021-09-30,2021-10-01,GGBR4,False,21.50793648,,,False,,False,0.0,indicator_not_uptrend
2021-09-30,2021-10-01,GOAU4,False,9.31523228,,,False,,False,0.0,indicator_not_uptrend
2021-09-30,2021-10-01,HYPE3,False,32.13999939,,,False,,False,0.0,indicator_not_uptrend
2021-09-30,2021-10-01,ITSA4,False,8.50325203,,,False,,False,0.0,indicator_not_uptrend
2021-09-30,2021-10-01,ITUB4,False,25.53397942,,,False,,False,0.0,indicator_not_uptrend
2021-09-30,2021-10-01,KLBN11,False,21.79117966,,,False,,False,0.0,indicator_not_uptrend
2021-09-30,2021-10-01,LREN3,False,28.44627953,,,False,,False,0.0,indicator_not_uptrend
2021-09-30,2021-10-01,MGLU3,False,127.73844147,,,False,,False,0.0,indicator_not_uptrend
2021-09-30,2021-10-01,MULT3,False,19.03000069,,,False,,False,0.0,indicator_not_uptrend
2021-09-30,2021-10-01,PETR4,True,27.22999954,12.987548176959818,36.45803183773275,True,3,False,0.0,eligible
2021-09-30,2021-10-01,PSSA3,False,24.72999954,,,False,,False,0.0,indicator_not_uptrend
2021-09-30,2021-10-01,RADL3,False,22.03054237,,,False,,False,0.0,indicator_not_uptrend
2021-09-30,2021-10-01,RAIL3,False,16.79000092,,,False,,False,0.0,indicator_not_uptrend
2021-09-30,2021-10-01,RENT3,True,54.21468735,-8.80629297795047,39.09807737112362,False,,False,0.0,nonpositive_momentum
2021-09-30,2021-10-01,SANB11,False,33.95708084,,,False,,False,0.0,indicator_not_uptrend
2021-09-30,2021-10-01,SBSP3,True,7.47984695,-6.383489174971446,36.3830169690282,False,,False,0.0,nonpositive_momentum
2021-09-30,2021-10-01,SMTO3,True,34.97999954,17.936614015188557,35.492129964221505,True,2,False,0.0,eligible
2021-09-30,2021-10-01,SUZB3,False,54.52000046,,,False,,False,0.0,indicator_not_uptrend
2021-09-30,2021-10-01,TOTS3,False,36.09999847,,,False,,False,0.0,indicator_not_uptrend
2021-09-30,2021-10-01,UGPA3,True,14.73999977,-24.580327095658618,46.94224175309691,False,,False,0.0,nonpositive_momentum
2021-09-30,2021-10-01,USIM5,False,16.12000084,,,False,,False,0.0,indicator_not_uptrend
2021-09-30,2021-10-01,VALE3,False,76.23999786,,,False,,False,0.0,indicator_not_uptrend
2021-09-30,2021-10-01,WEGE3,True,39.63000107,6.303654417662519,34.34106589893891,True,4,False,0.0,eligible
2021-10-29,2021-11-01,ABEV3,True,16.98999977,13.72155453567958,34.113388044091195,True,3,False,0.0,eligible
2021-10-29,2021-11-01,B3SA3,True,11.90999985,-30.62135752401539,49.03767198247495,False,,False,0.0,nonpositive_momentum
2021-10-29,2021-11-01,BBAS3,False,14.25,,,False,,False,0.0,indicator_not_uptrend
2021-10-29,2021-11-01,BBDC4,True,18.09090805,-16.56184900336225,33.99592779020697,False,,False,0.0,nonpositive_momentum
2021-10-29,2021-11-01,BBSE3,True,22.09000015,-1.0747862555299026,29.002377841094457,False,,False,0.0,nonpositive_momentum
2021-10-29,2021-11-01,BPAC11,False,22.64999962,,,False,,False,0.0,indicator_not_uptrend
2021-10-29,2021-11-01,BRAP4,True,25.33662415,-22.6003806191985,36.00551686832429,False,,False,0.0,nonpositive_momentum
2021-10-29,2021-11-01,CMIG4,False,7.62130117,,,False,,False,0.0,indicator_not_uptrend
2021-10-29,2021-11-01,CPFE3,False,26.30999947,,,False,,False,0.0,indicator_not_uptrend
2021-10-29,2021-11-01,CPLE3,False,5.38000011,,,False,,False,0.0,indicator_not_uptrend
2021-10-29,2021-11-01,CSMG3,False,13.60999966,,,False,,False,0.0,indicator_not_uptrend
2021-10-29,2021-11-01,CSNA3,False,22.78000069,,,False,,False,0.0,indicator_not_uptrend
2021-10-29,2021-11-01,CYRE3,False,14.09000015,,,False,,False,0.0,indicator_not_uptrend
2021-10-29,2021-11-01,EGIE3,True,27.79285622,-4.327514812010702,20.819868574824056,False,,False,0.0,nonpositive_momentum
2021-10-29,2021-11-01,ENEV3,False,14.39999962,,,False,,False,0.0,indicator_not_uptrend
2021-10-29,2021-11-01,ENGI11,False,35.90000153,,,False,,False,0.0,indicator_not_uptrend
2021-10-29,2021-11-01,EQTL3,False,22.85296249,,,False,,False,0.0,indicator_not_uptrend
2021-10-29,2021-11-01,GGBR4,True,21.34920692,-19.0246833418659,37.522478952655376,False,,False,0.0,nonpositive_momentum
2021-10-29,2021-11-01,GOAU4,True,9.3827343,-15.814263970471199,35.0423884399547,False,,False,0.0,nonpositive_momentum
2021-10-29,2021-11-01,HYPE3,False,28.05999947,,,False,,False,0.0,indicator_not_uptrend
2021-10-29,2021-11-01,ITSA4,False,7.82390785,,,False,,False,0.0,indicator_not_uptrend
2021-10-29,2021-11-01,ITUB4,False,20.57369804,,,False,,False,0.0,indicator_not_uptrend
2021-10-29,2021-11-01,KLBN11,True,20.64806366,-17.718798318538308,33.12892435815357,False,,False,0.0,nonpositive_momentum
2021-10-29,2021-11-01,LREN3,False,26.63636208,,,False,,False,0.0,indicator_not_uptrend
2021-10-29,2021-11-01,MGLU3,False,96.29376221,,,False,,False,0.0,indicator_not_uptrend
2021-10-29,2021-11-01,MULT3,False,18.52000046,,,False,,False,0.0,indicator_not_uptrend
2021-10-29,2021-11-01,PETR4,True,27.14999962,14.944956200094705,41.63431942870533,True,2,False,0.0,eligible
2021-10-29,2021-11-01,PSSA3,False,23.34000015,,,False,,False,0.0,indicator_not_uptrend
2021-10-29,2021-11-01,RADL3,False,21.91741943,,,False,,False,0.0,indicator_not_uptrend
2021-10-29,2021-11-01,RAIL3,False,15.98999977,,,False,,False,0.0,indicator_not_uptrend
2021-10-29,2021-11-01,RENT3,False,45.08766937,,,False,,False,0.0,indicator_not_uptrend
2021-10-29,2021-11-01,SANB11,True,34.40000153,-7.244754624574313,34.558776672486985,False,,False,0.0,nonpositive_momentum
2021-10-29,2021-11-01,SBSP3,False,6.82630491,,,False,,False,0.0,indicator_not_uptrend
2021-10-29,2021-11-01,SMTO3,True,38.29999924,22.874556117100898,34.725405017501,True,1,True,1.0,eligible
2021-10-29,2021-11-01,SUZB3,False,49.22999954,,,False,,False,0.0,indicator_not_uptrend
2021-10-29,2021-11-01,TOTS3,False,32.75999832,,,False,,False,0.0,indicator_not_uptrend
2021-10-29,2021-11-01,UGPA3,False,13.05000019,,,False,,False,0.0,indicator_not_uptrend
2021-10-29,2021-11-01,USIM5,False,13.25,,,False,,False,0.0,indicator_not_uptrend
2021-10-29,2021-11-01,VALE3,True,71.61000061,-34.31480203905463,36.388798600054315,False,,False,0.0,nonpositive_momentum
2021-10-29,2021-11-01,WEGE3,False,37.0,,,False,,False,0.0,indicator_not_uptrend
2021-11-30,2021-12-01,ABEV3,True,16.05999947,-10.028016089039426,32.43236939525664,False,,False,0.0,nonpositive_momentum
2021-11-30,2021-12-01,B3SA3,True,11.10999966,-36.441647869745886,45.20514084528875,False,,False,0.0,nonpositive_momentum
2021-11-30,2021-12-01,BBAS3,True,15.92000008,-5.068576962937065,35.57682785968569,False,,False,0.0,nonpositive_momentum
2021-11-30,2021-12-01,BBDC4,True,18.10000038,-24.98115558789259,40.28705644948992,False,,False,0.0,nonpositive_momentum
2021-11-30,2021-12-01,BBSE3,False,20.87999916,,,False,,False,0.0,indicator_not_uptrend
2021-11-30,2021-12-01,BPAC11,False,20.65999985,,,False,,False,0.0,indicator_not_uptrend
2021-11-30,2021-12-01,BRAP4,True,25.9041729,-19.632969410461275,40.68509304908582,False,,False,0.0,nonpositive_momentum
2021-11-30,2021-12-01,CMIG4,False,7.77514696,,,False,,False,0.0,indicator_not_uptrend
2021-11-30,2021-12-01,CPFE3,False,26.39999962,,,False,,False,0.0,indicator_not_uptrend
2021-11-30,2021-12-01,CPLE3,False,5.55999994,,,False,,False,0.0,indicator_not_uptrend
2021-11-30,2021-12-01,CSMG3,False,12.81999969,,,False,,False,0.0,indicator_not_uptrend
2021-11-30,2021-12-01,CSNA3,True,21.76000023,-51.25447910540395,51.565662266361954,False,,False,0.0,nonpositive_momentum
2021-11-30,2021-12-01,CYRE3,True,13.60000038,-42.61603399205966,53.08223040830454,False,,False,0.0,nonpositive_momentum
2021-11-30,2021-12-01,EGIE3,False,27.52142715,,,False,,False,0.0,indicator_not_uptrend
2021-11-30,2021-12-01,ENEV3,False,13.94999981,,,False,,False,0.0,indicator_not_uptrend
2021-11-30,2021-12-01,ENGI11,True,41.26363754,-3.875473915501104,30.69049733176649,False,,False,0.0,nonpositive_momentum
2021-11-30,2021-12-01,EQTL3,False,22.54332924,,,False,,False,0.0,indicator_not_uptrend
2021-11-30,2021-12-01,GGBR4,True,20.47619057,-20.98009255018256,38.86570649223954,False,,False,0.0,nonpositive_momentum
2021-11-30,2021-12-01,GOAU4,False,7.98769903,,,False,,False,0.0,indicator_not_uptrend
2021-11-30,2021-12-01,HYPE3,True,27.12000084,-25.082872180580583,28.74117436647473,False,,False,0.0,nonpositive_momentum
2021-11-30,2021-12-01,ITSA4,False,7.38118887,,,False,,False,0.0,indicator_not_uptrend
2021-11-30,2021-12-01,ITUB4,True,19.75286865,-24.46844450098169,47.195123090710965,False,,False,0.0,nonpositive_momentum
2021-11-30,2021-12-01,KLBN11,True,21.43114281,-9.087436522611158,32.0741574890171,False,,False,0.0,nonpositive_momentum
2021-11-30,2021-12-01,LREN3,True,25.86363602,-34.018551290281785,42.63700247645615,False,,False,0.0,nonpositive_momentum
2021-11-30,2021-12-01,MGLU3,False,69.48116302,,,False,,False,0.0,indicator_not_uptrend
2021-11-30,2021-12-01,MULT3,True,19.60000038,-23.407580050365883,40.276642397892424,False,,False,0.0,nonpositive_momentum
2021-11-30,2021-12-01,PETR4,True,29.43000031,9.040387405679473,41.67145784537573,True,1,True,1.0,eligible
2021-11-30,2021-12-01,PSSA3,False,22.26000023,,,False,,False,0.0,indicator_not_uptrend
2021-11-30,2021-12-01,RADL3,True,21.09728432,-18.11196758387712,30.65964995204536,False,,False,0.0,nonpositive_momentum
2021-11-30,2021-12-01,RAIL3,True,17.56999969,-15.852488520885554,34.36274915756571,False,,False,0.0,nonpositive_momentum
2021-11-30,2021-12-01,RENT3,True,50.87043381,-17.484666252115456,43.07426318181909,False,,False,0.0,nonpositive_momentum
2021-11-30,2021-12-01,SANB11,True,32.93999863,-15.905397467101057,37.088779132710094,False,,False,0.0,nonpositive_momentum
2021-11-30,2021-12-01,SBSP3,False,6.53153276,,,False,,False,0.0,indicator_not_uptrend
2021-11-30,2021-12-01,SMTO3,False,35.11000061,,,False,,False,0.0,indicator_not_uptrend
2021-11-30,2021-12-01,SUZB3,True,56.15999985,-8.742283050976596,35.667005413064615,False,,False,0.0,nonpositive_momentum
2021-11-30,2021-12-01,TOTS3,False,31.69000053,,,False,,False,0.0,indicator_not_uptrend
2021-11-30,2021-12-01,UGPA3,True,14.43000031,-17.837956828836177,48.60733538873202,False,,False,0.0,nonpositive_momentum
2021-11-30,2021-12-01,USIM5,True,13.59000015,-30.663265885099953,62.47880084865276,False,,False,0.0,nonpositive_momentum
2021-11-30,2021-12-01,VALE3,True,69.94999695,-37.3151722876022,42.55042818274538,False,,False,0.0,nonpositive_momentum
2021-11-30,2021-12-01,WEGE3,False,32.22999954,,,False,,False,0.0,indicator_not_uptrend
2021-12-30,2022-01-03,ABEV3,False,15.42000008,,,False,,False,0.0,indicator_not_uptrend
2021-12-30,2022-01-03,B3SA3,False,11.14000034,,,False,,False,0.0,indicator_not_uptrend
2021-12-30,2022-01-03,BBAS3,False,14.42500019,,,False,,False,0.0,indicator_not_uptrend
2021-12-30,2022-01-03,BBDC4,False,17.4636364,,,False,,False,0.0,indicator_not_uptrend
2021-12-30,2022-01-03,BBSE3,False,20.75,,,False,,False,0.0,indicator_not_uptrend
2021-12-30,2022-01-03,BPAC11,True,20.96999931,-31.638142364954792,50.75966439570995,False,,False,0.0,nonpositive_momentum
2021-12-30,2022-01-03,BRAP4,False,24.98999977,,,False,,False,0.0,indicator_not_uptrend
2021-12-30,2022-01-03,CMIG4,False,7.75739622,,,False,,False,0.0,indicator_not_uptrend
2021-12-30,2022-01-03,CPFE3,True,26.82999992,-1.1786361122608335,26.555861031181106,False,,False,0.0,nonpositive_momentum
2021-12-30,2022-01-03,CPLE3,True,6.11999989,9.481211552382508,30.948954942883862,True,1,True,1.0,eligible
2021-12-30,2022-01-03,CSMG3,False,12.71000004,,,False,,False,0.0,indicator_not_uptrend
2021-12-30,2022-01-03,CSNA3,True,24.98999977,-44.08144878925005,52.89580187717241,False,,False,0.0,nonpositive_momentum
2021-12-30,2022-01-03,CYRE3,True,15.77999973,-31.30169697858819,55.16852974075488,False,,False,0.0,nonpositive_momentum
2021-12-30,2022-01-03,EGIE3,False,27.43571472,,,False,,False,0.0,indicator_not_uptrend
2021-12-30,2022-01-03,ENEV3,False,14.14999962,,,False,,False,0.0,indicator_not_uptrend
2021-12-30,2022-01-03,ENGI11,False,40.11817932,,,False,,False,0.0,indicator_not_uptrend
2021-12-30,2022-01-03,EQTL3,False,22.58328056,,,False,,False,0.0,indicator_not_uptrend
2021-12-30,2022-01-03,GGBR4,True,21.63492012,-9.914079925246233,35.61199689422058,False,,False,0.0,nonpositive_momentum
2021-12-30,2022-01-03,GOAU4,True,8.53521347,-19.061162957458965,39.84196902214208,False,,False,0.0,nonpositive_momentum
2021-12-30,2022-01-03,HYPE3,True,28.27000046,-18.7643647201413,28.19395642178342,False,,False,0.0,nonpositive_momentum
2021-12-30,2022-01-03,ITSA4,False,7.1571579,,,False,,False,0.0,indicator_not_uptrend
2021-12-30,2022-01-03,ITUB4,True,18.49073219,-30.51409626843621,45.39934281355946,False,,False,0.0,nonpositive_momentum
2021-12-30,2022-01-03,KLBN11,True,23.15031433,-2.5388383454963526,28.674106968777373,False,,False,0.0,nonpositive_momentum
2021-12-30,2022-01-03,LREN3,False,22.21818161,,,False,,False,0.0,indicator_not_uptrend
2021-12-30,2022-01-03,MGLU3,True,64.31461334,-66.68205064816422,87.45775852402201,False,,False,0.0,nonpositive_momentum
2021-12-30,2022-01-03,MULT3,False,18.71999931,,,False,,False,0.0,indicator_not_uptrend
2021-12-30,2022-01-03,PETR4,False,28.45000076,,,False,,False,0.0,indicator_not_uptrend
2021-12-30,2022-01-03,PSSA3,False,20.92000008,,,False,,False,0.0,indicator_not_uptrend
2021-12-30,2022-01-03,RADL3,True,22.90723991,-2.955268811922529,29.484528610842375,False,,False,0.0,nonpositive_momentum
2021-12-30,2022-01-03,RAIL3,True,17.76000023,-9.387755685339439,33.594831378453534,False,,False,0.0,nonpositive_momentum
2021-12-30,2022-01-03,RENT3,True,52.75157547,-17.867658470584946,42.81336458898795,False,,False,0.0,nonpositive_momentum
2021-12-30,2022-01-03,SANB11,False,30.13999939,,,False,,False,0.0,indicator_not_uptrend
2021-12-30,2022-01-03,SBSP3,True,7.79207277,8.800437826075447,28.48520751486895,True,2,False,0.0,eligible
2021-12-30,2022-01-03,SMTO3,False,34.43999863,,,False,,False,0.0,indicator_not_uptrend
2021-12-30,2022-01-03,SUZB3,True,60.11000061,-0.24891754759677198,31.405729442442297,False,,False,0.0,nonpositive_momentum
2021-12-30,2022-01-03,TOTS3,False,28.63999939,,,False,,False,0.0,indicator_not_uptrend
2021-12-30,2022-01-03,UGPA3,True,14.53999996,-21.53265289489853,42.95912152608221,False,,False,0.0,nonpositive_momentum
2021-12-30,2022-01-03,USIM5,True,15.15999985,-20.835508350782927,52.46021164710923,False,,False,0.0,nonpositive_momentum
2021-12-30,2022-01-03,VALE3,True,77.95999908,-30.70838361287049,39.178988700754914,False,,False,0.0,nonpositive_momentum
2021-12-30,2022-01-03,WEGE3,False,32.97999954,,,False,,False,0.0,indicator_not_uptrend
2022-01-31,2022-02-01,ABEV3,True,14.97000027,-12.609451231286585,20.82963850334804,False,,False,0.0,nonpositive_momentum
2022-01-31,2022-02-01,B3SA3,True,14.61999989,-7.526884872783568,41.68763518524539,False,,False,0.0,nonpositive_momentum
2022-01-31,2022-02-01,BBAS3,True,16.32999992,0.8647275195611037,27.44417095503369,True,8,False,0.0,eligible
2022-01-31,2022-02-01,BBDC4,True,20.72727203,-7.580060157827118,33.155833467163916,False,,False,0.0,nonpositive_momentum
2022-01-31,2022-02-01,BBSE3,True,23.13999939,6.98104617956905,26.08363322478848,True,6,False,0.0,eligible
2022-01-31,2022-02-01,BPAC11,True,24.04000092,-21.56606454143897,50.89147599714349,False,,False,0.0,nonpositive_momentum
2022-01-31,2022-02-01,BRAP4,True,26.82999992,-25.764063028433448,56.37817998811586,False,,False,0.0,nonpositive_momentum
2022-01-31,2022-02-01,CMIG4,True,7.76922989,8.512391288892495,24.391880424486185,True,5,False,0.0,eligible
2022-01-31,2022-02-01,CPFE3,True,28.93000031,11.914893171077011,26.350865137847784,True,2,False,0.0,eligible
2022-01-31,2022-02-01,CPLE3,True,6.3499999,8.732872207203624,22.85961752151572,True,4,False,0.0,eligible
2022-01-31,2022-02-01,CSMG3,True,13.14999962,-6.339033778743685,36.76079742230269,False,,False,0.0,nonpositive_momentum
2022-01-31,2022-02-01,CSNA3,True,25.54000092,-46.93538260501019,51.61342859167755,False,,False,0.0,nonpositive_momentum
2022-01-31,2022-02-01,CYRE3,True,17.47999954,-18.011258001101773,54.355969057276255,False,,False,0.0,nonpositive_momentum
2022-01-31,2022-02-01,EGIE3,True,29.0714283,6.349619908999982,13.02413216198906,True,7,False,0.0,eligible
2022-01-31,2022-02-01,ENEV3,True,13.21000004,-21.60237541786928,33.48361063421417,False,,False,0.0,nonpositive_momentum
2022-01-31,2022-02-01,ENGI11,True,39.59090805,-0.7520491770694915,28.336502389713807,False,,False,0.0,nonpositive_momentum
2022-01-31,2022-02-01,EQTL3,True,22.93286705,-8.306714021278294,22.677548201315744,False,,False,0.0,nonpositive_momentum
2022-01-31,2022-02-01,GGBR4,False,22.09523773,,,False,,False,0.0,indicator_not_uptrend
2022-01-31,2022-02-01,GOAU4,True,8.67771626,-20.6991101515936,38.93308768136416,False,,False,0.0,nonpositive_momentum
2022-01-31,2022-02-01,HYPE3,True,31.11000061,-14.720391989347048,25.299760612059284,False,,False,0.0,nonpositive_momentum
2022-01-31,2022-02-01,ITSA4,True,8.16701508,-6.47290978290126,20.313399519810858,False,,False,0.0,nonpositive_momentum
2022-01-31,2022-02-01,ITUB4,True,22.35657501,-17.303299193312284,27.589878133582612,False,,False,0.0,nonpositive_momentum
2022-01-31,2022-02-01,KLBN11,False,22.56525612,,,False,,False,0.0,indicator_not_uptrend
2022-01-31,2022-02-01,LREN3,True,25.56363678,-26.579629603661925,45.358671299909226,False,,False,0.0,nonpositive_momentum
2022-01-31,2022-02-01,MGLU3,True,62.35488892,-67.77163983899743,94.11776032719071,False,,False,0.0,nonpositive_momentum
2022-01-31,2022-02-01,MULT3,True,21.5,-11.009933222329881,40.248742310564296,False,,False,0.0,nonpositive_momentum
2022-01-31,2022-02-01,PETR4,True,32.34999847,16.32505964229707,35.65327174405582,True,1,True,1.0,eligible
2022-01-31,2022-02-01,PSSA3,True,19.82999992,-23.77474385941164,28.807637060827986,False,,False,0.0,nonpositive_momentum
2022-01-31,2022-02-01,RADL3,True,21.83257866,-10.923078516348328,29.47388024535743,False,,False,0.0,nonpositive_momentum
2022-01-31,2022-02-01,RAIL3,False,15.61999989,,,False,,False,0.0,indicator_not_uptrend
2022-01-31,2022-02-01,RENT3,True,58.32532883,-12.654644663802483,42.130090872993925,False,,False,0.0,nonpositive_momentum
2022-01-31,2022-02-01,SANB11,True,33.09999847,-15.970613924132914,30.27881726134993,False,,False,0.0,nonpositive_momentum
2022-01-31,2022-02-01,SBSP3,False,7.24519205,,,False,,False,0.0,indicator_not_uptrend
2022-01-31,2022-02-01,SMTO3,True,36.74000168,10.231022090525933,33.463496308567684,True,3,False,0.0,eligible
2022-01-31,2022-02-01,SUZB3,False,59.20000076,,,False,,False,0.0,indicator_not_uptrend
2022-01-31,2022-02-01,TOTS3,True,29.06999969,-17.88835054007776,43.64614131249946,False,,False,0.0,nonpositive_momentum
2022-01-31,2022-02-01,UGPA3,True,15.10999966,-18.102986246164264,41.87444884638214,False,,False,0.0,nonpositive_momentum
2022-01-31,2022-02-01,USIM5,True,15.97000027,-23.3685213289214,50.339013049557956,False,,False,0.0,nonpositive_momentum
2022-01-31,2022-02-01,VALE3,True,80.87000275,-30.02509045001106,40.047497741888634,False,,False,0.0,nonpositive_momentum
2022-01-31,2022-02-01,WEGE3,True,32.15999985,-10.988101584354592,33.434304656399156,False,,False,0.0,nonpositive_momentum
2022-02-25,2022-03-02,ABEV3,True,15.19999981,-13.538112177647832,22.117109495213924,False,,False,0.0,nonpositive_momentum
2022-02-25,2022-03-02,B3SA3,True,14.57999992,4.217299211578185,40.80573864455544,True,7,False,0.0,eligible
2022-02-25,2022-03-02,BBAS3,True,17.60499954,15.442619934426238,24.956031811432638,True,3,False,0.0,eligible
2022-02-25,2022-03-02,BBDC4,False,18.5,,,False,,False,0.0,indicator_not_uptrend
2022-02-25,2022-03-02,BBSE3,True,23.04000092,14.115900520979352,29.17523489891487,True,5,False,0.0,eligible
2022-02-25,2022-03-02,BPAC11,True,25.40999985,-11.64812362033838,46.62596287467199,False,,False,0.0,nonpositive_momentum
2022-02-25,2022-03-02,BRAP4,True,30.12000084,1.8516141749223447,52.2402535713834,True,9,False,0.0,eligible
2022-02-25,2022-03-02,CMIG4,True,7.57396412,-2.587511734955028,24.253723380350927,False,,False,0.0,nonpositive_momentum
2022-02-25,2022-03-02,CPFE3,True,30.26000023,4.272914370587855,22.245392087681502,True,6,False,0.0,eligible
2022-02-25,2022-03-02,CPLE3,False,6.09000015,,,False,,False,0.0,indicator_not_uptrend
2022-02-25,2022-03-02,CSMG3,True,14.18000031,-0.7002760636606764,24.200216690522506,False,,False,0.0,nonpositive_momentum
2022-02-25,2022-03-02,CSNA3,False,25.10000038,,,False,,False,0.0,indicator_not_uptrend
2022-02-25,2022-03-02,CYRE3,False,15.18000031,,,False,,False,0.0,indicator_not_uptrend
2022-02-25,2022-03-02,EGIE3,True,28.47857094,3.18322662283963,13.545079709809075,True,8,False,0.0,eligible
2022-02-25,2022-03-02,ENEV3,True,13.47000027,-16.387338547717167,32.03001307900776,False,,False,0.0,nonpositive_momentum
2022-02-25,2022-03-02,ENGI11,True,38.62727356,-5.953959736084935,25.35925579064426,False,,False,0.0,nonpositive_momentum
2022-02-25,2022-03-02,EQTL3,True,25.53978348,-0.5058373250688808,20.826967508529652,False,,False,0.0,nonpositive_momentum
2022-02-25,2022-03-02,GGBR4,False,20.20634842,,,False,,False,0.0,indicator_not_uptrend
2022-02-25,2022-03-02,GOAU4,False,7.80769491,,,False,,False,0.0,indicator_not_uptrend
2022-02-25,2022-03-02,HYPE3,True,33.5,-4.367681510949795,24.856140543382697,False,,False,0.0,nonpositive_momentum
2022-02-25,2022-03-02,ITSA4,True,8.03076363,-8.433425409078799,21.042099492147404,False,,False,0.0,nonpositive_momentum
2022-02-25,2022-03-02,ITUB4,True,22.48014069,-17.812196436581363,27.581205393516083,False,,False,0.0,nonpositive_momentum
2022-02-25,2022-03-02,KLBN11,False,20.58505821,,,False,,False,0.0,indicator_not_uptrend
2022-02-25,2022-03-02,LREN3,True,23.01818085,-29.165823887739815,41.70502721825536,False,,False,0.0,nonpositive_momentum
2022-02-25,2022-03-02,MGLU3,True,53.53612518,-69.25831309996185,78.17748354376906,False,,False,0.0,nonpositive_momentum
2022-02-25,2022-03-02,MULT3,True,22.09000015,1.3302794500464454,36.98332258083922,True,10,False,0.0,eligible
2022-02-25,2022-03-02,PETR4,True,34.0,22.610892765993885,28.884372427216803,True,1,True,1.0,eligible
2022-02-25,2022-03-02,PSSA3,True,20.97999954,-26.987996886630306,27.7923765039461,False,,False,0.0,nonpositive_momentum
2022-02-25,2022-03-02,RADL3,True,22.02111626,-10.119278300137037,32.29486595091613,False,,False,0.0,nonpositive_momentum
2022-02-25,2022-03-02,RAIL3,True,15.5,-17.859039162607694,36.99293678418194,False,,False,0.0,nonpositive_momentum
2022-02-25,2022-03-02,RENT3,True,57.2503891,-0.017381209603273273,40.51864934664578,False,,False,0.0,nonpositive_momentum
2022-02-25,2022-03-02,SANB11,False,30.64999962,,,False,,False,0.0,indicator_not_uptrend
2022-02-25,2022-03-02,SBSP3,True,8.03060532,14.360673165216454,28.660642418381826,True,4,False,0.0,eligible
2022-02-25,2022-03-02,SMTO3,True,40.02999878,18.012974468270727,31.176046725999672,True,2,False,0.0,eligible
2022-02-25,2022-03-02,SUZB3,False,55.06999969,,,False,,False,0.0,indicator_not_uptrend
2022-02-25,2022-03-02,TOTS3,True,33.04999924,-15.222098414675322,43.35759168014583,False,,False,0.0,nonpositive_momentum
2022-02-25,2022-03-02,UGPA3,True,14.81000042,-4.080305551407282,39.738675164178495,False,,False,0.0,nonpositive_momentum
2022-02-25,2022-03-02,USIM5,False,14.71000004,,,False,,False,0.0,indicator_not_uptrend
2022-02-25,2022-03-02,VALE3,True,92.27999878,-7.256282633165833,34.23233172480108,False,,False,0.0,nonpositive_momentum
2022-02-25,2022-03-02,WEGE3,True,29.39999962,-19.186369556640592,38.93880551636951,False,,False,0.0,nonpositive_momentum
2022-03-31,2022-04-01,ABEV3,True,15.39999962,-2.7163632480928124,28.746372132807867,False,,False,0.0,nonpositive_momentum
2022-03-31,2022-04-01,B3SA3,True,15.71000004,14.839178976597545,38.99044772313102,True,8,False,0.0,eligible
2022-03-31,2022-04-01,BBAS3,False,17.35000038,,,False,,False,0.0,indicator_not_uptrend
2022-03-31,2022-04-01,BBDC4,True,20.20000076,6.468621783487016,30.002400057994876,True,12,False,0.0,eligible
2022-03-31,2022-04-01,BBSE3,True,25.55999947,26.222219604938267,28.55473447697458,True,2,False,0.0,eligible
2022-03-31,2022-04-01,BPAC11,True,26.04000092,-2.9444614325589535,46.04165100147081,False,,False,0.0,nonpositive_momentum
2022-03-31,2022-04-01,BRAP4,False,33.08000183,,,False,,False,0.0,indicator_not_uptrend
2022-03-31,2022-04-01,CMIG4,True,9.0,5.04144587066595,29.504776059763728,True,14,False,0.0,eligible
2022-03-31,2022-04-01,CPFE3,True,32.27000046,18.770704324561784,21.65005904257134,True,6,False,0.0,eligible
2022-03-31,2022-04-01,CPLE3,True,6.80000019,0.44313456556317465,26.904136978945502,True,18,False,0.0,eligible
2022-03-31,2022-04-01,CSMG3,True,13.71000004,-4.9237173097158475,32.1610847087541,False,,False,0.0,nonpositive_momentum
2022-03-31,2022-04-01,CSNA3,False,26.03000069,,,False,,False,0.0,indicator_not_uptrend
2022-03-31,2022-04-01,CYRE3,True,17.48999977,-8.763694851273051,50.25006332553513,False,,False,0.0,nonpositive_momentum
2022-03-31,2022-04-01,EGIE3,True,30.88571358,14.059612728490144,14.616751767452735,True,9,False,0.0,eligible
2022-03-31,2022-04-01,ENEV3,True,14.77999973,-11.65570749322329,44.19288870883918,False,,False,0.0,nonpositive_momentum
2022-03-31,2022-04-01,ENGI11,True,44.37272644,13.72320665226503,28.11778599583758,True,10,False,0.0,eligible
2022-03-31,2022-04-01,EQTL3,True,27.177845,6.24755566532178,21.110423185440855,True,13,False,0.0,eligible
2022-03-31,2022-04-01,GGBR4,True,24.45237923,15.30688238121478,39.2551957126902,True,7,False,0.0,eligible
2022-03-31,2022-04-01,GOAU4,True,9.19522858,-0.4061781332884151,35.85198880278469,False,,False,0.0,nonpositive_momentum
2022-03-31,2022-04-01,HYPE3,True,38.70999908,19.73398357212528,26.091662500874925,True,5,False,0.0,eligible
2022-03-31,2022-04-01,ITSA4,True,8.61583996,0.33332780651325056,24.41283531113325,True,19,False,0.0,eligible
2022-03-31,2022-04-01,ITUB4,True,24.25419235,-5.404476763897947,27.891725700294167,False,,False,0.0,nonpositive_momentum
2022-03-31,2022-04-01,KLBN11,True,21.71017075,1.7292316575925115,30.88716471651975,True,17,False,0.0,eligible
2022-03-31,2022-04-01,LREN3,True,25.0,-15.620642320889955,49.98621300470169,False,,False,0.0,nonpositive_momentum
2022-03-31,2022-04-01,MGLU3,True,60.75147629,-54.563624480018525,75.91952687925084,False,,False,0.0,nonpositive_momentum
2022-03-31,2022-04-01,MULT3,True,24.47999954,23.63636605876962,38.44344164091833,True,4,False,0.0,eligible
2022-03-31,2022-04-01,PETR4,False,33.45000076,,,False,,False,0.0,indicator_not_uptrend
2022-03-31,2022-04-01,PSSA3,True,21.11000061,-17.875897001753415,31.582599603242663,False,,False,0.0,nonpositive_momentum
2022-03-31,2022-04-01,RADL3,True,22.567873,-3.6619729589145056,33.91743090456805,False,,False,0.0,nonpositive_momentum
2022-03-31,2022-04-01,RAIL3,True,18.54999924,4.5659497209790345,42.457063674624735,True,15,False,0.0,eligible
2022-03-31,2022-04-01,RENT3,True,60.81361008,7.931464081143935,41.73235690859326,True,11,False,0.0,eligible
2022-03-31,2022-04-01,SANB11,True,36.25,3.475825216559003,32.331254608932355,True,16,False,0.0,eligible
2022-03-31,2022-04-01,SBSP3,True,9.25235939,25.026210330923384,30.131200950777654,True,3,False,0.0,eligible
2022-03-31,2022-04-01,SMTO3,True,44.36000061,31.632046319277297,35.284761797617634,True,1,True,1.0,eligible
2022-03-31,2022-04-01,SUZB3,False,55.15000153,,,False,,False,0.0,indicator_not_uptrend
2022-03-31,2022-04-01,TOTS3,True,36.38000107,-1.3289879962575912,42.095825564953124,False,,False,0.0,nonpositive_momentum
2022-03-31,2022-04-01,UGPA3,True,14.14999962,-8.116883317169854,44.55203844831747,False,,False,0.0,nonpositive_momentum
2022-03-31,2022-04-01,USIM5,False,13.97000027,,,False,,False,0.0,indicator_not_uptrend
2022-03-31,2022-04-01,VALE3,False,95.59999847,,,False,,False,0.0,indicator_not_uptrend
2022-03-31,2022-04-01,WEGE3,True,34.86999893,-14.659817891764826,41.790181314410866,False,,False,0.0,nonpositive_momentum
2022-04-29,2022-05-02,ABEV3,True,14.52000046,-4.911591207640342,28.61247857963062,False,,False,0.0,nonpositive_momentum
2022-04-29,2022-05-02,B3SA3,False,13.30000019,,,False,,False,0.0,indicator_not_uptrend
2022-04-29,2022-05-02,BBAS3,False,16.61000061,,,False,,False,0.0,indicator_not_uptrend
2022-04-29,2022-05-02,BBDC4,False,17.97999954,,,False,,False,0.0,indicator_not_uptrend
2022-04-29,2022-05-02,BBSE3,True,25.43000031,13.324419382266385,28.48392825731121,True,2,False,0.0,eligible
2022-04-29,2022-05-02,BPAC11,False,23.09000015,,,False,,False,0.0,indicator_not_uptrend
2022-04-29,2022-05-02,BRAP4,False,29.29000092,,,False,,False,0.0,indicator_not_uptrend
2022-04-29,2022-05-02,CMIG4,True,8.68047333,8.908685994806564,32.60399655904721,True,3,False,0.0,eligible
2022-04-29,2022-05-02,CPFE3,True,36.15000153,41.21094138046257,19.165371801661667,True,1,True,1.0,eligible
2022-04-29,2022-05-02,CPLE3,False,6.51999998,,,False,,False,0.0,indicator_not_uptrend
2022-04-29,2022-05-02,CSMG3,False,13.65999985,,,False,,False,0.0,indicator_not_uptrend
2022-04-29,2022-05-02,CSNA3,False,21.06999969,,,False,,False,0.0,indicator_not_uptrend
2022-04-29,2022-05-02,CYRE3,False,14.14999962,,,False,,False,0.0,indicator_not_uptrend
2022-04-29,2022-05-02,EGIE3,False,29.9285717,,,False,,False,0.0,indicator_not_uptrend
2022-04-29,2022-05-02,ENEV3,False,13.72000027,,,False,,False,0.0,indicator_not_uptrend
2022-04-29,2022-05-02,ENGI11,False,43.30908966,,,False,,False,0.0,indicator_not_uptrend
2022-04-29,2022-05-02,EQTL3,False,25.60970116,,,False,,False,0.0,indicator_not_uptrend
2022-04-29,2022-05-02,GGBR4,False,22.19841194,,,False,,False,0.0,indicator_not_uptrend
2022-04-29,2022-05-02,GOAU4,False,8.52021313,,,False,,False,0.0,indicator_not_uptrend
2022-04-29,2022-05-02,HYPE3,False,37.41999817,,,False,,False,0.0,indicator_not_uptrend
2022-04-29,2022-05-02,ITSA4,False,7.38157082,,,False,,False,0.0,indicator_not_uptrend
2022-04-29,2022-05-02,ITUB4,False,21.06796074,,,False,,False,0.0,indicator_not_uptrend
2022-04-29,2022-05-02,KLBN11,False,18.66786575,,,False,,False,0.0,indicator_not_uptrend
2022-04-29,2022-05-02,LREN3,False,21.59090805,,,False,,False,0.0,indicator_not_uptrend
2022-04-29,2022-05-02,MGLU3,False,43.47026443,,,False,,False,0.0,indicator_not_uptrend
2022-04-29,2022-05-02,MULT3,False,24.64999962,,,False,,False,0.0,indicator_not_uptrend
2022-04-29,2022-05-02,PETR4,False,30.28000069,,,False,,False,0.0,indicator_not_uptrend
2022-04-29,2022-05-02,PSSA3,True,20.35000038,-15.490031363754253,29.820933293294168,False,,False,0.0,nonpositive_momentum
2022-04-29,2022-05-02,RADL3,False,19.73039246,,,False,,False,0.0,indicator_not_uptrend
2022-04-29,2022-05-02,RAIL3,False,16.37000084,,,False,,False,0.0,indicator_not_uptrend
2022-04-29,2022-05-02,RENT3,False,52.69185638,,,False,,False,0.0,indicator_not_uptrend
2022-04-29,2022-05-02,SANB11,False,31.75,,,False,,False,0.0,indicator_not_uptrend
2022-04-29,2022-05-02,SBSP3,False,8.63566399,,,False,,False,0.0,indicator_not_uptrend
2022-04-29,2022-05-02,SMTO3,False,46.40999985,,,False,,False,0.0,indicator_not_uptrend
2022-04-29,2022-05-02,SUZB3,False,49.61000061,,,False,,False,0.0,indicator_not_uptrend
2022-04-29,2022-05-02,TOTS3,False,31.96999931,,,False,,False,0.0,indicator_not_uptrend
2022-04-29,2022-05-02,UGPA3,False,13.06999969,,,False,,False,0.0,indicator_not_uptrend
2022-04-29,2022-05-02,USIM5,False,11.31000042,,,False,,False,0.0,indicator_not_uptrend
2022-04-29,2022-05-02,VALE3,False,83.29000092,,,False,,False,0.0,indicator_not_uptrend
2022-04-29,2022-05-02,WEGE3,False,30.10000038,,,False,,False,0.0,indicator_not_uptrend
2022-05-31,2022-06-01,ABEV3,False,14.18999958,,,False,,False,0.0,indicator_not_uptrend
2022-05-31,2022-06-01,B3SA3,False,12.77000046,,,False,,False,0.0,indicator_not_uptrend
2022-05-31,2022-06-01,BBAS3,True,18.30999947,19.050710917062542,31.178883509080542,True,6,False,0.0,eligible
2022-05-31,2022-06-01,BBDC4,True,20.5,10.430947572116844,26.32865380000609,True,12,False,0.0,eligible
2022-05-31,2022-06-01,BBSE3,False,26.87999916,,,False,,False,0.0,indicator_not_uptrend
2022-05-31,2022-06-01,BPAC11,True,25.12000084,20.653223890609972,37.978994665258895,True,4,False,0.0,eligible
2022-05-31,2022-06-01,BRAP4,False,28.57999992,,,False,,False,0.0,indicator_not_uptrend
2022-05-31,2022-06-01,CMIG4,True,8.96153831,13.106805240032937,36.54347069677838,True,10,False,0.0,eligible
2022-05-31,2022-06-01,CPFE3,False,33.70000076,,,False,,False,0.0,indicator_not_uptrend
2022-05-31,2022-06-01,CPLE3,True,6.63000011,20.54545654545454,34.458433231551744,True,5,False,0.0,eligible
2022-05-31,2022-06-01,CSMG3,True,13.47000027,4.2569673885017645,41.14987282876136,True,16,False,0.0,eligible
2022-05-31,2022-06-01,CSNA3,True,21.84000015,-1.974867712627526,58.823857794315494,False,,False,0.0,nonpositive_momentum
2022-05-31,2022-06-01,CYRE3,False,13.64999962,,,False,,False,0.0,indicator_not_uptrend
2022-05-31,2022-06-01,EGIE3,True,31.35714149,12.564103180710084,20.319205963598698,True,11,False,0.0,eligible
2022-05-31,2022-06-01,ENEV3,True,15.57999992,8.495823738759057,44.564895172973856,True,14,False,0.0,eligible
2022-05-31,2022-06-01,ENGI11,False,40.21818161,,,False,,False,0.0,indicator_not_uptrend
2022-05-31,2022-06-01,EQTL3,False,23.75189972,,,False,,False,0.0,indicator_not_uptrend
2022-05-31,2022-06-01,GGBR4,True,23.15079308,14.168300596614912,42.91883842002102,True,9,False,0.0,eligible
2022-05-31,2022-06-01,GOAU4,True,9.14272785,14.460094398424017,40.27085235454872,True,8,False,0.0,eligible
2022-05-31,2022-06-01,HYPE3,True,38.79000092,39.33189910561117,29.25651715530696,True,2,False,0.0,eligible
2022-05-31,2022-06-01,ITSA4,True,7.686131,2.4364311114353887,23.682611091250088,True,17,False,0.0,eligible
2022-05-31,2022-06-01,ITUB4,True,23.08914375,14.686545542143058,23.962583031947773,True,7,False,0.0,eligible
2022-05-31,2022-06-01,KLBN11,True,20.04500389,-4.215051603252884,31.949958799278573,False,,False,0.0,nonpositive_momentum
2022-05-31,2022-06-01,LREN3,True,24.18181801,-9.40054335947531,46.67193238181365,False,,False,0.0,nonpositive_momentum
2022-05-31,2022-06-01,MGLU3,False,33.13716888,,,False,,False,0.0,indicator_not_uptrend
2022-05-31,2022-06-01,MULT3,False,24.09000015,,,False,,False,0.0,indicator_not_uptrend
2022-05-31,2022-06-01,PETR4,False,30.05999947,,,False,,False,0.0,indicator_not_uptrend
2022-05-31,2022-06-01,PSSA3,True,20.73999977,-9.39274651505353,32.02723408544064,False,,False,0.0,nonpositive_momentum
2022-05-31,2022-06-01,RADL3,True,19.4664402,-8.870256006906807,29.68075354705376,False,,False,0.0,nonpositive_momentum
2022-05-31,2022-06-01,RAIL3,True,17.68000031,0.340519109759585,38.51136718188112,True,18,False,0.0,eligible
2022-05-31,2022-06-01,RENT3,True,57.2503891,9.854852939264426,36.24756906847899,True,13,False,0.0,eligible
2022-05-31,2022-06-01,SANB11,False,33.52000046,,,False,,False,0.0,indicator_not_uptrend
2022-05-31,2022-06-01,SBSP3,False,8.8780756,,,False,,False,0.0,indicator_not_uptrend
2022-05-31,2022-06-01,SMTO3,True,50.38999939,40.32302868416748,37.5701736008076,True,1,True,1.0,eligible
2022-05-31,2022-06-01,SUZB3,True,53.5,-2.390077243670763,36.19358048264853,False,,False,0.0,nonpositive_momentum
2022-05-31,2022-06-01,TOTS3,False,28.37000084,,,False,,False,0.0,indicator_not_uptrend
2022-05-31,2022-06-01,UGPA3,True,14.36999989,5.351902725832347,48.441986410973,True,15,False,0.0,eligible
2022-05-31,2022-06-01,USIM5,True,10.96000004,-15.104568804468265,45.399929865475926,False,,False,0.0,nonpositive_momentum
2022-05-31,2022-06-01,VALE3,True,86.20999908,25.597319123169648,41.2662043366801,True,3,False,0.0,eligible
2022-05-31,2022-06-01,WEGE3,False,25.37000084,,,False,,False,0.0,indicator_not_uptrend
2022-06-30,2022-07-01,ABEV3,False,13.39999962,,,False,,False,0.0,indicator_not_uptrend
2022-06-30,2022-07-01,B3SA3,False,10.96000004,,,False,,False,0.0,indicator_not_uptrend
2022-06-30,2022-07-01,BBAS3,False,16.69000053,,,False,,False,0.0,indicator_not_uptrend
2022-06-30,2022-07-01,BBDC4,False,17.20000076,,,False,,False,0.0,indicator_not_uptrend
2022-06-30,2022-07-01,BBSE3,False,25.95999908,,,False,,False,0.0,indicator_not_uptrend
2022-06-30,2022-07-01,BPAC11,False,22.30999947,,,False,,False,0.0,indicator_not_uptrend
2022-06-30,2022-07-01,BRAP4,False,25.23999977,,,False,,False,0.0,indicator_not_uptrend
2022-06-30,2022-07-01,CMIG4,False,7.98461485,,,False,,False,0.0,indicator_not_uptrend
2022-06-30,2022-07-01,CPFE3,False,30.87999916,,,False,,False,0.0,indicator_not_uptrend
2022-06-30,2022-07-01,CPLE3,False,6.36999989,,,False,,False,0.0,indicator_not_uptrend
2022-06-30,2022-07-01,CSMG3,False,11.52000046,,,False,,False,0.0,indicator_not_uptrend
2022-06-30,2022-07-01,CSNA3,False,15.43999958,,,False,,False,0.0,indicator_not_uptrend
2022-06-30,2022-07-01,CYRE3,False,11.81999969,,,False,,False,0.0,indicator_not_uptrend
2022-06-30,2022-07-01,EGIE3,False,29.5,,,False,,False,0.0,indicator_not_uptrend
2022-06-30,2022-07-01,ENEV3,True,14.77000046,4.087391805264584,35.804196572473224,True,1,True,1.0,eligible
2022-06-30,2022-07-01,ENGI11,False,36.6818161,,,False,,False,0.0,indicator_not_uptrend
2022-06-30,2022-07-01,EQTL3,False,22.81300926,,,False,,False,0.0,indicator_not_uptrend
2022-06-30,2022-07-01,GGBR4,False,17.73809433,,,False,,False,0.0,indicator_not_uptrend
2022-06-30,2022-07-01,GOAU4,False,7.1626792,,,False,,False,0.0,indicator_not_uptrend
2022-06-30,2022-07-01,HYPE3,False,38.04000092,,,False,,False,0.0,indicator_not_uptrend
2022-06-30,2022-07-01,ITSA4,False,6.68428898,,,False,,False,0.0,indicator_not_uptrend
2022-06-30,2022-07-01,ITUB4,False,20.0088253,,,False,,False,0.0,indicator_not_uptrend
2022-06-30,2022-07-01,KLBN11,False,18.18181801,,,False,,False,0.0,indicator_not_uptrend
2022-06-30,2022-07-01,LREN3,False,20.56363678,,,False,,False,0.0,indicator_not_uptrend
2022-06-30,2022-07-01,MGLU3,False,20.84434891,,,False,,False,0.0,indicator_not_uptrend
2022-06-30,2022-07-01,MULT3,False,21.95000076,,,False,,False,0.0,indicator_not_uptrend
2022-06-30,2022-07-01,PETR4,False,27.93000031,,,False,,False,0.0,indicator_not_uptrend
2022-06-30,2022-07-01,PSSA3,False,17.76000023,,,False,,False,0.0,indicator_not_uptrend
2022-06-30,2022-07-01,RADL3,True,18.09954643,-19.02151236918227,30.906656221423145,False,,False,0.0,nonpositive_momentum
2022-06-30,2022-07-01,RAIL3,False,15.97000027,,,False,,False,0.0,indicator_not_uptrend
2022-06-30,2022-07-01,RENT3,False,52.16434097,,,False,,False,0.0,indicator_not_uptrend
2022-06-30,2022-07-01,SANB11,False,28.80999947,,,False,,False,0.0,indicator_not_uptrend
2022-06-30,2022-07-01,SBSP3,False,8.17799187,,,False,,False,0.0,indicator_not_uptrend
2022-06-30,2022-07-01,SMTO3,False,36.33000183,,,False,,False,0.0,indicator_not_uptrend
2022-06-30,2022-07-01,SUZB3,False,49.68999863,,,False,,False,0.0,indicator_not_uptrend
2022-06-30,2022-07-01,TOTS3,False,23.26000023,,,False,,False,0.0,indicator_not_uptrend
2022-06-30,2022-07-01,UGPA3,False,12.31000042,,,False,,False,0.0,indicator_not_uptrend
2022-06-30,2022-07-01,USIM5,False,8.64999962,,,False,,False,0.0,indicator_not_uptrend
2022-06-30,2022-07-01,VALE3,False,76.55999756,,,False,,False,0.0,indicator_not_uptrend
2022-06-30,2022-07-01,WEGE3,True,26.45000076,-20.54671063673853,37.71050955086718,False,,False,0.0,nonpositive_momentum
2022-07-29,2022-08-01,ABEV3,True,14.93000031,-3.051943646736266,25.454121242838397,False,,False,0.0,nonpositive_momentum
2022-07-29,2022-08-01,B3SA3,True,11.09000015,-23.305669990855694,36.64095215765244,False,,False,0.0,nonpositive_momentum
2022-07-29,2022-08-01,BBAS3,True,17.98500061,11.39671785428986,25.7058197703113,True,7,False,0.0,eligible
2022-07-29,2022-08-01,BBDC4,False,17.43000031,,,False,,False,0.0,indicator_not_uptrend
2022-07-29,2022-08-01,BBSE3,True,28.98999977,29.477447788353885,22.822248645035422,True,2,False,0.0,eligible
2022-07-29,2022-08-01,BPAC11,True,22.62000084,-6.218905256058028,37.95830454855843,False,,False,0.0,nonpositive_momentum
2022-07-29,2022-08-01,BRAP4,False,22.47999954,,,False,,False,0.0,indicator_not_uptrend
2022-07-29,2022-08-01,CMIG4,True,8.64615345,11.541981635853338,25.973155054736186,True,6,False,0.0,eligible
2022-07-29,2022-08-01,CPFE3,True,32.84000015,16.042406473223657,34.107414539136784,True,4,False,0.0,eligible
2022-07-29,2022-08-01,CPLE3,True,6.46999979,6.942141930742651,21.44888348212069,True,10,False,0.0,eligible
2022-07-29,2022-08-01,CSMG3,True,12.0,-6.323188083080478,28.495789980691484,False,,False,0.0,nonpositive_momentum
2022-07-29,2022-08-01,CSNA3,True,14.71000004,-43.81207079519702,54.58835053124572,False,,False,0.0,nonpositive_momentum
2022-07-29,2022-08-01,CYRE3,True,12.63000011,-27.204611911368737,33.75955121959273,False,,False,0.0,nonpositive_momentum
2022-07-29,2022-08-01,EGIE3,True,31.58571434,11.357345600339519,20.109199913198246,True,8,False,0.0,eligible
2022-07-29,2022-08-01,ENEV3,False,15.21000004,,,False,,False,0.0,indicator_not_uptrend
2022-07-29,2022-08-01,ENGI11,True,40.03636169,3.4531289502744755,24.604139233010986,True,12,False,0.0,eligible
2022-07-29,2022-08-01,EQTL3,True,24.78068161,10.758929151215257,25.87737852800982,True,9,False,0.0,eligible
2022-07-29,2022-08-01,GGBR4,True,19.41269875,-12.517878289751605,42.284440678448405,False,,False,0.0,nonpositive_momentum
2022-07-29,2022-08-01,GOAU4,True,7.67269087,-12.564109169533477,40.572602799288724,False,,False,0.0,nonpositive_momentum
2022-07-29,2022-08-01,HYPE3,True,42.59000015,42.108779214382984,37.36527046537674,True,1,True,1.0,eligible
2022-07-29,2022-08-01,ITSA4,True,6.9167161,-13.44032769891127,20.602759091022392,False,,False,0.0,nonpositive_momentum
2022-07-29,2022-08-01,ITUB4,True,20.84730721,-3.5524658290755684,23.05344640909049,False,,False,0.0,nonpositive_momentum
2022-07-29,2022-08-01,KLBN11,True,17.93879318,-18.884821933032303,31.205414946339882,False,,False,0.0,nonpositive_momentum
2022-07-29,2022-08-01,LREN3,True,22.99090958,-9.452200360533835,39.34411437751122,False,,False,0.0,nonpositive_momentum
2022-07-29,2022-08-01,MGLU3,True,22.98222923,-64.26592956642037,79.68934519535914,False,,False,0.0,nonpositive_momentum
2022-07-29,2022-08-01,MULT3,True,23.79999924,11.737089620666108,32.701156002201,True,5,False,0.0,eligible
2022-07-29,2022-08-01,PETR4,True,34.15000153,0.7969316749493194,45.74547860183886,True,13,False,0.0,eligible
2022-07-29,2022-08-01,PSSA3,True,18.42000008,-7.853925503071679,29.055865121528168,False,,False,0.0,nonpositive_momentum
2022-07-29,2022-08-01,RADL3,True,19.77752686,-6.255579817677703,32.81496006470049,False,,False,0.0,nonpositive_momentum
2022-07-29,2022-08-01,RAIL3,True,17.54000092,5.282119315265188,28.166016042830904,True,11,False,0.0,eligible
2022-07-29,2022-08-01,RENT3,True,57.33996964,-0.2769574188429713,33.38284206657734,False,,False,0.0,nonpositive_momentum
2022-07-29,2022-08-01,SANB11,True,28.29000092,-16.52404417467297,24.257913345421002,False,,False,0.0,nonpositive_momentum
2022-07-29,2022-08-01,SBSP3,True,8.66281414,20.72972770346859,25.12473218701156,True,3,False,0.0,eligible
2022-07-29,2022-08-01,SMTO3,False,35.02999878,,,False,,False,0.0,indicator_not_uptrend
2022-07-29,2022-08-01,SUZB3,True,48.29000092,-17.438879239232065,34.19093485844809,False,,False,0.0,nonpositive_momentum
2022-07-29,2022-08-01,TOTS3,True,26.37000084,-5.551573193261971,48.98921228135604,False,,False,0.0,nonpositive_momentum
2022-07-29,2022-08-01,UGPA3,True,12.68999958,-16.07143073861491,40.25647931624331,False,,False,0.0,nonpositive_momentum
2022-07-29,2022-08-01,USIM5,True,8.60999966,-47.04797331973961,44.54865133280231,False,,False,0.0,nonpositive_momentum
2022-07-29,2022-08-01,VALE3,False,69.75,,,False,,False,0.0,indicator_not_uptrend
2022-07-29,2022-08-01,WEGE3,True,28.04000092,-13.456791370713239,36.66767775372266,False,,False,0.0,nonpositive_momentum
2022-08-31,2022-09-01,ABEV3,True,15.27000046,7.686883823488433,23.935187580527575,True,9,False,0.0,eligible
2022-08-31,2022-09-01,B3SA3,True,11.85000038,-19.76980358198309,38.16593822294064,False,,False,0.0,nonpositive_momentum
2022-08-31,2022-09-01,BBAS3,True,20.84499931,19.902208997554904,26.579806590857473,True,3,False,0.0,eligible
2022-08-31,2022-09-01,BBDC4,True,18.95999908,1.6869777645714068,21.95962611573389,True,14,False,0.0,eligible
2022-08-31,2022-09-01,BBSE3,False,28.28000069,,,False,,False,0.0,indicator_not_uptrend
2022-08-31,2022-09-01,BPAC11,True,25.45000076,3.1617376468204617,38.18402053541844,True,12,False,0.0,eligible
2022-08-31,2022-09-01,BRAP4,True,21.88999939,-33.26219543534354,33.314664463768096,False,,False,0.0,nonpositive_momentum
2022-08-31,2022-09-01,CMIG4,True,9.30769157,18.627457697809447,24.2648407900352,True,4,False,0.0,eligible
2022-08-31,2022-09-01,CPFE3,True,34.97000122,15.679794085765963,30.90728751121788,True,7,False,0.0,eligible
2022-08-31,2022-09-01,CPLE3,True,6.55999994,5.636069206853023,18.656441593748173,True,11,False,0.0,eligible
2022-08-31,2022-09-01,CSMG3,True,13.5,-6.249997526041595,31.413656786636057,False,,False,0.0,nonpositive_momentum
2022-08-31,2022-09-01,CSNA3,True,13.80000019,-51.561950504010134,51.53019083302803,False,,False,0.0,nonpositive_momentum
2022-08-31,2022-09-01,CYRE3,True,14.15999985,-4.966441536056887,44.26633762015696,False,,False,0.0,nonpositive_momentum
2022-08-31,2022-09-01,EGIE3,False,28.9285717,,,False,,False,0.0,indicator_not_uptrend
2022-08-31,2022-09-01,ENEV3,True,15.5,17.781156357687955,30.05222632343622,True,5,False,0.0,eligible
2022-08-31,2022-09-01,ENGI11,False,38.44545364,,,False,,False,0.0,indicator_not_uptrend
2022-08-31,2022-09-01,EQTL3,False,24.15142632,,,False,,False,0.0,indicator_not_uptrend
2022-08-31,2022-09-01,GGBR4,True,18.50793648,-17.597173818416,43.068824119505784,False,,False,0.0,nonpositive_momentum
2022-08-31,2022-09-01,GOAU4,True,7.47768593,-12.925770981060369,40.19532790895299,False,,False,0.0,nonpositive_momentum
2022-08-31,2022-09-01,HYPE3,True,43.06999969,29.26170495411551,31.28953283958284,True,2,False,0.0,eligible
2022-08-31,2022-09-01,ITSA4,True,7.33348179,-8.316635348909251,19.816616387232838,False,,False,0.0,nonpositive_momentum
2022-08-31,2022-09-01,ITUB4,True,22.78022957,3.03393391672524,22.273118599158522,True,13,False,0.0,eligible
2022-08-31,2022-09-01,KLBN11,True,16.94869423,-18.27257072557321,26.4911339052206,False,,False,0.0,nonpositive_momentum
2022-08-31,2022-09-01,LREN3,True,24.06363678,6.906304657334084,38.692205316680024,True,10,False,0.0,eligible
2022-08-31,2022-09-01,MGLU3,True,38.03648376,-32.329631086667,94.4912263897724,False,,False,0.0,nonpositive_momentum
2022-08-31,2022-09-01,MULT3,False,24.10000038,,,False,,False,0.0,indicator_not_uptrend
2022-08-31,2022-09-01,PETR4,True,33.22999954,-2.949772460408351,46.20769340217535,False,,False,0.0,nonpositive_momentum
2022-08-31,2022-09-01,PSSA3,True,21.11000061,-0.47146852587227617,30.52673231683795,False,,False,0.0,nonpositive_momentum
2022-08-31,2022-09-01,RADL3,True,20.51281929,-8.7631026688043,29.57300011760094,False,,False,0.0,nonpositive_momentum
2022-08-31,2022-09-01,RAIL3,True,20.20999908,29.80089584060872,25.476752241313918,True,1,True,1.0,eligible
2022-08-31,2022-09-01,RENT3,True,60.53492355,9.46724755717434,33.91088765624704,True,8,False,0.0,eligible
2022-08-31,2022-09-01,SANB11,True,29.37000084,-5.6840031620822735,21.60886051116922,False,,False,0.0,nonpositive_momentum
2022-08-31,2022-09-01,SBSP3,True,9.53161716,16.69041415645949,26.191734731353815,True,6,False,0.0,eligible
2022-08-31,2022-09-01,SMTO3,True,31.86000061,-26.18164800572862,34.73749020317524,False,,False,0.0,nonpositive_momentum
2022-08-31,2022-09-01,SUZB3,False,44.25999832,,,False,,False,0.0,indicator_not_uptrend
2022-08-31,2022-09-01,TOTS3,True,28.54999924,-14.750678388141548,42.76400532697704,False,,False,0.0,nonpositive_momentum
2022-08-31,2022-09-01,UGPA3,True,13.52999973,-4.651161871281751,32.669458000164525,False,,False,0.0,nonpositive_momentum
2022-08-31,2022-09-01,USIM5,True,8.02000046,-49.65473757734033,47.523056455957125,False,,False,0.0,nonpositive_momentum
2022-08-31,2022-09-01,VALE3,True,64.5,-35.305915774152886,38.090570756774376,False,,False,0.0,nonpositive_momentum
2022-08-31,2022-09-01,WEGE3,True,28.29000092,-9.471997056000003,34.80045391196984,False,,False,0.0,nonpositive_momentum
2022-09-30,2022-10-03,ABEV3,False,15.53999996,,,False,,False,0.0,indicator_not_uptrend
2022-09-30,2022-10-03,B3SA3,True,13.05000019,-18.640901237554296,43.81297227943349,False,,False,0.0,nonpositive_momentum
2022-09-30,2022-10-03,BBAS3,False,19.26000023,,,False,,False,0.0,indicator_not_uptrend
2022-09-30,2022-10-03,BBDC4,True,19.84000015,-0.7097307428332034,21.056314402607075,False,,False,0.0,nonpositive_momentum
2022-09-30,2022-10-03,BBSE3,False,26.56999969,,,False,,False,0.0,indicator_not_uptrend
2022-09-30,2022-10-03,BPAC11,False,24.80999947,,,False,,False,0.0,indicator_not_uptrend
2022-09-30,2022-10-03,BRAP4,True,23.76000023,-30.179250420766547,34.78156072573782,False,,False,0.0,nonpositive_momentum
2022-09-30,2022-10-03,CMIG4,False,8.27692318,,,False,,False,0.0,indicator_not_uptrend
2022-09-30,2022-10-03,CPFE3,False,33.75999832,,,False,,False,0.0,indicator_not_uptrend
2022-09-30,2022-10-03,CPLE3,False,6.19999981,,,False,,False,0.0,indicator_not_uptrend
2022-09-30,2022-10-03,CSMG3,False,13.19999981,,,False,,False,0.0,indicator_not_uptrend
2022-09-30,2022-10-03,CSNA3,False,12.72000027,,,False,,False,0.0,indicator_not_uptrend
2022-09-30,2022-10-03,CYRE3,True,18.35000038,2.2853948600189966,52.80302439242085,True,1,True,1.0,eligible
2022-09-30,2022-10-03,EGIE3,False,27.50714111,,,False,,False,0.0,indicator_not_uptrend
2022-09-30,2022-10-03,ENEV3,False,14.14999962,,,False,,False,0.0,indicator_not_uptrend
2022-09-30,2022-10-03,ENGI11,False,38.08181763,,,False,,False,0.0,indicator_not_uptrend
2022-09-30,2022-10-03,EQTL3,True,26.86821175,-2.217377203668147,27.606046832803926,False,,False,0.0,nonpositive_momentum
2022-09-30,2022-10-03,GGBR4,True,19.39682579,-20.234981367673,39.5590758283986,False,,False,0.0,nonpositive_momentum
2022-09-30,2022-10-03,GOAU4,True,7.942698,-13.480395362547593,35.930066096912306,False,,False,0.0,nonpositive_momentum
2022-09-30,2022-10-03,HYPE3,False,44.25,,,False,,False,0.0,indicator_not_uptrend
2022-09-30,2022-10-03,ITSA4,True,7.79833698,-9.823908933475046,19.841239165097324,False,,False,0.0,nonpositive_momentum
2022-09-30,2022-10-03,ITUB4,True,24.76610756,1.8881591304491518,21.913168116229997,True,2,False,0.0,eligible
2022-09-30,2022-10-03,KLBN11,False,16.33663368,,,False,,False,0.0,indicator_not_uptrend
2022-09-30,2022-10-03,LREN3,False,25.31818008,,,False,,False,0.0,indicator_not_uptrend
2022-09-30,2022-10-03,MGLU3,False,39.90712738,,,False,,False,0.0,indicator_not_uptrend
2022-09-30,2022-10-03,MULT3,False,24.17000008,,,False,,False,0.0,indicator_not_uptrend
2022-09-30,2022-10-03,PETR4,False,29.79999924,,,False,,False,0.0,indicator_not_uptrend
2022-09-30,2022-10-03,PSSA3,False,21.12999916,,,False,,False,0.0,indicator_not_uptrend
2022-09-30,2022-10-03,RADL3,False,21.42722321,,,False,,False,0.0,indicator_not_uptrend
2022-09-30,2022-10-03,RAIL3,False,18.47999954,,,False,,False,0.0,indicator_not_uptrend
2022-09-30,2022-10-03,RENT3,False,60.83510208,,,False,,False,0.0,indicator_not_uptrend
2022-09-30,2022-10-03,SANB11,True,30.34000015,-17.75548752591074,21.577916125857303,False,,False,0.0,nonpositive_momentum
2022-09-30,2022-10-03,SBSP3,False,9.61888504,,,False,,False,0.0,indicator_not_uptrend
2022-09-30,2022-10-03,SMTO3,False,25.52000046,,,False,,False,0.0,indicator_not_uptrend
2022-09-30,2022-10-03,SUZB3,False,44.5,,,False,,False,0.0,indicator_not_uptrend
2022-09-30,2022-10-03,TOTS3,False,29.35000038,,,False,,False,0.0,indicator_not_uptrend
2022-09-30,2022-10-03,UGPA3,False,11.72999954,,,False,,False,0.0,indicator_not_uptrend
2022-09-30,2022-10-03,USIM5,False,7.51999998,,,False,,False,0.0,indicator_not_uptrend
2022-09-30,2022-10-03,VALE3,True,72.04000092,-25.701318478189084,40.03275354105143,False,,False,0.0,nonpositive_momentum
2022-09-30,2022-10-03,WEGE3,True,32.13999939,-9.157720695343096,34.602143318557296,False,,False,0.0,nonpositive_momentum
2022-10-31,2022-11-01,ABEV3,False,16.0,,,False,,False,0.0,indicator_not_uptrend
2022-10-31,2022-11-01,B3SA3,True,15.03999996,19.84063531715372,47.653459395321626,True,12,False,0.0,eligible
2022-10-31,2022-11-01,BBAS3,False,18.51000023,,,False,,False,0.0,indicator_not_uptrend
2022-10-31,2022-11-01,BBDC4,False,19.86000061,,,False,,False,0.0,indicator_not_uptrend
2022-10-31,2022-11-01,BBSE3,True,29.69000053,18.192673316805518,29.207283283406362,True,13,False,0.0,eligible
2022-10-31,2022-11-01,BPAC11,True,28.94000053,27.826860908762583,38.46583329149589,True,7,False,0.0,eligible
2022-10-31,2022-11-01,BRAP4,True,24.01000023,-12.975715478566253,34.352404804199246,False,,False,0.0,nonpositive_momentum
2022-10-31,2022-11-01,CMIG4,False,8.74615288,,,False,,False,0.0,indicator_not_uptrend
2022-10-31,2022-11-01,CPFE3,False,35.41999817,,,False,,False,0.0,indicator_not_uptrend
2022-10-31,2022-11-01,CPLE3,True,7.01000023,20.034247430627204,24.972189870569473,True,11,False,0.0,eligible
2022-10-31,2022-11-01,CSMG3,True,15.35999966,23.870968796045823,54.371431300769025,True,9,False,0.0,eligible
2022-10-31,2022-11-01,CSNA3,True,12.27999973,-41.30019271969334,56.77612488836791,False,,False,0.0,nonpositive_momentum
2022-10-31,2022-11-01,CYRE3,False,18.60000038,,,False,,False,0.0,indicator_not_uptrend
2022-10-31,2022-11-01,EGIE3,True,28.72857094,-3.549158796036478,20.74502470362237,False,,False,0.0,nonpositive_momentum
2022-10-31,2022-11-01,ENEV3,False,14.18000031,,,False,,False,0.0,indicator_not_uptrend
2022-10-31,2022-11-01,ENGI11,True,44.08181763,3.1702131581181625,29.67424983739317,True,18,False,0.0,eligible
2022-10-31,2022-11-01,EQTL3,True,29.99451256,21.677470606285798,32.75224275393973,True,10,False,0.0,eligible
2022-10-31,2022-11-01,GGBR4,True,20.43650627,-6.770456986048434,35.61804378141474,False,,False,0.0,nonpositive_momentum
2022-10-31,2022-11-01,GOAU4,True,8.43770981,-0.44248254563250544,33.84504449837909,False,,False,0.0,nonpositive_momentum
2022-10-31,2022-11-01,HYPE3,True,50.81000137,39.12924624864586,27.713204365531148,True,2,False,0.0,eligible
2022-10-31,2022-11-01,ITSA4,True,8.60782528,17.634173883600713,26.60947387784175,True,14,False,0.0,eligible
2022-10-31,2022-11-01,ITUB4,True,26.8314209,27.35651651874116,27.337045916979143,True,8,False,0.0,eligible
2022-10-31,2022-11-01,KLBN11,True,19.45994568,1.8850186836205873,25.65815523836168,True,19,False,0.0,eligible
2022-10-31,2022-11-01,LREN3,False,28.09090805,,,False,,False,0.0,indicator_not_uptrend
2022-10-31,2022-11-01,MGLU3,False,39.81805038,,,False,,False,0.0,indicator_not_uptrend
2022-10-31,2022-11-01,MULT3,False,26.36000061,,,False,,False,0.0,indicator_not_uptrend
2022-10-31,2022-11-01,PETR4,True,29.80999947,-1.4545472066115672,53.405494729849934,False,,False,0.0,nonpositive_momentum
2022-10-31,2022-11-01,PSSA3,False,23.23999977,,,False,,False,0.0,indicator_not_uptrend
2022-10-31,2022-11-01,RADL3,True,24.80203629,30.765405525964184,28.45922605145313,True,6,False,0.0,eligible
2022-10-31,2022-11-01,RAIL3,True,22.13999939,38.721800341549375,34.403359744243055,True,3,False,0.0,eligible
2022-10-31,2022-11-01,RENT3,True,70.24567413,34.55954640079486,36.202316258260744,True,4,False,0.0,eligible
2022-10-31,2022-11-01,SANB11,False,29.78000069,,,False,,False,0.0,indicator_not_uptrend
2022-10-31,2022-11-01,SBSP3,True,11.65514088,34.51208194786457,49.94096698134306,True,5,False,0.0,eligible
2022-10-31,2022-11-01,SMTO3,True,26.96999931,-39.556252898368236,39.666460203010736,False,,False,0.0,nonpositive_momentum
2022-10-31,2022-11-01,SUZB3,True,53.20000076,3.7846322738623206,29.748145761888168,True,17,False,0.0,eligible
2022-10-31,2022-11-01,TOTS3,True,33.15999985,6.010227361027587,37.868443682942896,True,16,False,0.0,eligible
2022-10-31,2022-11-01,UGPA3,True,13.40999985,8.495147401970083,39.35102447283335,True,15,False,0.0,eligible
2022-10-31,2022-11-01,USIM5,True,7.23000002,-36.074272754094196,47.73300935949204,False,,False,0.0,nonpositive_momentum
2022-10-31,2022-11-01,VALE3,True,67.12999725,-18.63030636363636,40.75438800271628,False,,False,0.0,nonpositive_momentum
2022-10-31,2022-11-01,WEGE3,True,40.27999878,41.781059460301265,37.501907545534955,True,1,True,1.0,eligible
2022-11-30,2022-12-01,ABEV3,False,15.92000008,,,False,,False,0.0,indicator_not_uptrend
2022-11-30,2022-12-01,B3SA3,False,12.72999954,,,False,,False,0.0,indicator_not_uptrend
2022-11-30,2022-12-01,BBAS3,False,17.63999939,,,False,,False,0.0,indicator_not_uptrend
2022-11-30,2022-12-01,BBDC4,False,15.57999992,,,False,,False,0.0,indicator_not_uptrend
2022-11-30,2022-12-01,BBSE3,True,31.31999969,16.51785963076644,29.500517519905834,True,2,False,0.0,eligible
2022-11-30,2022-12-01,BPAC11,False,25.04000092,,,False,,False,0.0,indicator_not_uptrend
2022-11-30,2022-12-01,BRAP4,True,28.29999924,-0.979708470202123,39.466380765539114,False,,False,0.0,nonpositive_momentum
2022-11-30,2022-12-01,CMIG4,True,8.83076859,-1.4592329517140623,46.81626873304894,False,,False,0.0,nonpositive_momentum
2022-11-30,2022-12-01,CPFE3,False,34.90000153,,,False,,False,0.0,indicator_not_uptrend
2022-11-30,2022-12-01,CPLE3,True,7.51000023,13.27300309803463,55.171067690727824,True,3,False,0.0,eligible
2022-11-30,2022-12-01,CSMG3,False,15.80000019,,,False,,False,0.0,indicator_not_uptrend
2022-11-30,2022-12-01,CSNA3,True,14.52000046,-33.51648186687398,68.86616435440165,False,,False,0.0,nonpositive_momentum
2022-11-30,2022-12-01,CYRE3,False,14.35999966,,,False,,False,0.0,indicator_not_uptrend
2022-11-30,2022-12-01,EGIE3,True,28.2142849,-10.022777717166209,24.57417142392091,False,,False,0.0,nonpositive_momentum
2022-11-30,2022-12-01,ENEV3,False,12.34000015,,,False,,False,0.0,indicator_not_uptrend
2022-11-30,2022-12-01,ENGI11,False,38.79090881,,,False,,False,0.0,indicator_not_uptrend
2022-11-30,2022-12-01,EQTL3,False,27.51744461,,,False,,False,0.0,indicator_not_uptrend
2022-11-30,2022-12-01,GGBR4,True,25.05555534,8.227632865180446,38.69263223716647,True,5,False,0.0,eligible
2022-11-30,2022-12-01,GOAU4,True,10.26775646,12.305174434345645,33.56417616875609,True,4,False,0.0,eligible
2022-11-30,2022-12-01,HYPE3,False,44.43999863,,,False,,False,0.0,indicator_not_uptrend
2022-11-30,2022-12-01,ITSA4,False,7.82879305,,,False,,False,0.0,indicator_not_uptrend
2022-11-30,2022-12-01,ITUB4,False,22.94792557,,,False,,False,0.0,indicator_not_uptrend
2022-11-30,2022-12-01,KLBN11,False,17.63276291,,,False,,False,0.0,indicator_not_uptrend
2022-11-30,2022-12-01,LREN3,False,21.04545403,,,False,,False,0.0,indicator_not_uptrend
2022-11-30,2022-12-01,MGLU3,False,30.37573814,,,False,,False,0.0,indicator_not_uptrend
2022-11-30,2022-12-01,MULT3,False,22.93000031,,,False,,False,0.0,indicator_not_uptrend
2022-11-30,2022-12-01,PETR4,False,26.65999985,,,False,,False,0.0,indicator_not_uptrend
2022-11-30,2022-12-01,PSSA3,True,24.20999908,16.730951535589146,32.60244266082698,True,1,True,1.0,eligible
2022-11-30,2022-12-01,RADL3,False,21.72888374,,,False,,False,0.0,indicator_not_uptrend
2022-11-30,2022-12-01,RAIL3,False,19.45999908,,,False,,False,0.0,indicator_not_uptrend
2022-11-30,2022-12-01,RENT3,False,59.84923553,,,False,,False,0.0,indicator_not_uptrend
2022-11-30,2022-12-01,SANB11,False,27.47999954,,,False,,False,0.0,indicator_not_uptrend
2022-11-30,2022-12-01,SBSP3,False,11.69198799,,,False,,False,0.0,indicator_not_uptrend
2022-11-30,2022-12-01,SMTO3,True,28.65999985,-43.12363525114938,53.4401330146695,False,,False,0.0,nonpositive_momentum
2022-11-30,2022-12-01,SUZB3,True,53.15000153,-0.654202747663557,28.389148243884744,False,,False,0.0,nonpositive_momentum
2022-11-30,2022-12-01,TOTS3,False,30.86000061,,,False,,False,0.0,indicator_not_uptrend
2022-11-30,2022-12-01,UGPA3,True,14.19999981,-1.1830207467037113,46.737798737769715,False,,False,0.0,nonpositive_momentum
2022-11-30,2022-12-01,USIM5,True,7.82000017,-28.64963374580426,51.400413622347266,False,,False,0.0,nonpositive_momentum
2022-11-30,2022-12-01,VALE3,True,85.70999908,-0.579979126940966,44.54532528947213,False,,False,0.0,nonpositive_momentum
2022-11-30,2022-12-01,WEGE3,False,39.0,,,False,,False,0.0,indicator_not_uptrend
2022-12-29,2023-01-02,ABEV3,False,14.52000046,,,False,,False,0.0,indicator_not_uptrend
2022-12-29,2023-01-02,B3SA3,True,13.21000004,20.529197005367884,56.69414935349738,True,3,False,0.0,eligible
2022-12-29,2023-01-02,BBAS3,True,17.36499977,4.044333244847431,44.46153290333445,True,9,False,0.0,eligible
2022-12-29,2023-01-02,BBDC4,True,15.14999962,-11.918610752433489,47.10452781708081,False,,False,0.0,nonpositive_momentum
2022-12-29,2023-01-02,BBSE3,True,33.70999908,29.853622013302484,27.988612813140634,True,1,True,1.0,eligible
2022-12-29,2023-01-02,BPAC11,False,23.93000031,,,False,,False,0.0,indicator_not_uptrend
2022-12-29,2023-01-02,BRAP4,True,29.71999931,17.74960214272616,36.21937305896298,True,5,False,0.0,eligible
2022-12-29,2023-01-02,CMIG4,True,8.56923008,7.321771193509741,45.0516705322125,True,8,False,0.0,eligible
2022-12-29,2023-01-02,CPFE3,False,33.20000076,,,False,,False,0.0,indicator_not_uptrend
2022-12-29,2023-01-02,CPLE3,False,6.86999989,,,False,,False,0.0,indicator_not_uptrend
2022-12-29,2023-01-02,CSMG3,False,15.68999958,,,False,,False,0.0,indicator_not_uptrend
2022-12-29,2023-01-02,CSNA3,True,14.55000019,-5.764244910685412,64.90776848318806,False,,False,0.0,nonpositive_momentum
2022-12-29,2023-01-02,CYRE3,False,13.06999969,,,False,,False,0.0,indicator_not_uptrend
2022-12-29,2023-01-02,EGIE3,False,27.05714226,,,False,,False,0.0,indicator_not_uptrend
2022-12-29,2023-01-02,ENEV3,True,11.93000031,-19.22816561645523,33.63780006183317,False,,False,0.0,nonpositive_momentum
2022-12-29,2023-01-02,ENGI11,True,40.16363525,9.491948655181215,31.72005412684894,True,7,False,0.0,eligible
2022-12-29,2023-01-02,EQTL3,False,26.98806953,,,False,,False,0.0,indicator_not_uptrend
2022-12-29,2023-01-02,GGBR4,False,23.30952263,,,False,,False,0.0,indicator_not_uptrend
2022-12-29,2023-01-02,GOAU4,False,9.72774315,,,False,,False,0.0,indicator_not_uptrend
2022-12-29,2023-01-02,HYPE3,True,45.20000076,18.822291448041327,31.15030478764495,True,4,False,0.0,eligible
2022-12-29,2023-01-02,ITSA4,False,7.50259304,,,False,,False,0.0,indicator_not_uptrend
2022-12-29,2023-01-02,ITUB4,False,22.06531334,,,False,,False,0.0,indicator_not_uptrend
2022-12-29,2023-01-02,KLBN11,False,17.96579552,,,False,,False,0.0,indicator_not_uptrend
2022-12-29,2023-01-02,LREN3,False,18.61818123,,,False,,False,0.0,indicator_not_uptrend
2022-12-29,2023-01-02,MGLU3,False,24.40748405,,,False,,False,0.0,indicator_not_uptrend
2022-12-29,2023-01-02,MULT3,True,21.89999962,-0.2277956185364749,46.60359110545761,False,,False,0.0,nonpositive_momentum
2022-12-29,2023-01-02,PETR4,True,24.5,-12.280702727997927,56.49457161129155,False,,False,0.0,nonpositive_momentum
2022-12-29,2023-01-02,PSSA3,False,23.14999962,,,False,,False,0.0,indicator_not_uptrend
2022-12-29,2023-01-02,RADL3,True,22.36048126,23.541666342187995,36.367969528568665,True,2,False,0.0,eligible
2022-12-29,2023-01-02,RAIL3,False,18.61000061,,,False,,False,0.0,indicator_not_uptrend
2022-12-29,2023-01-02,RENT3,False,53.02507782,,,False,,False,0.0,indicator_not_uptrend
2022-12-29,2023-01-02,SANB11,True,28.20000076,-2.1173159362088634,32.3179428067699,False,,False,0.0,nonpositive_momentum
2022-12-29,2023-01-02,SBSP3,False,11.08498859,,,False,,False,0.0,indicator_not_uptrend
2022-12-29,2023-01-02,SMTO3,True,26.52000046,-27.002479702324866,55.46141335311601,False,,False,0.0,nonpositive_momentum
2022-12-29,2023-01-02,SUZB3,False,48.24000168,,,False,,False,0.0,indicator_not_uptrend
2022-12-29,2023-01-02,TOTS3,False,27.62000084,,,False,,False,0.0,indicator_not_uptrend
2022-12-29,2023-01-02,UGPA3,False,12.60999966,,,False,,False,0.0,indicator_not_uptrend
2022-12-29,2023-01-02,USIM5,False,7.15999985,,,False,,False,0.0,indicator_not_uptrend
2022-12-29,2023-01-02,VALE3,True,88.87999725,16.091954130934806,40.2848629641596,True,6,False,0.0,eligible
2022-12-29,2023-01-02,WEGE3,False,38.50999832,,,False,,False,0.0,indicator_not_uptrend
2023-01-31,2023-02-01,ABEV3,False,13.65999985,,,False,,False,0.0,indicator_not_uptrend
2023-01-31,2023-02-01,B3SA3,True,12.96000004,19.227232485280176,52.98681454100598,True,9,False,0.0,eligible
2023-01-31,2023-02-01,BBAS3,True,20.35000038,14.069507897397626,35.35086435872516,True,12,False,0.0,eligible
2023-01-31,2023-02-01,BBDC4,True,14.02000046,-19.37894794831272,47.2362520987998,False,,False,0.0,nonpositive_momentum
2023-01-31,2023-02-01,BBSE3,True,37.77999878,30.54595054632503,24.69279728451326,True,8,False,0.0,eligible
2023-01-31,2023-02-01,BPAC11,False,21.68000031,,,False,,False,0.0,indicator_not_uptrend
2023-01-31,2023-02-01,BRAP4,True,31.89999962,45.8619039540924,32.59842113150614,True,3,False,0.0,eligible
2023-01-31,2023-02-01,CMIG4,True,8.81538391,2.68817141736033,36.82480870630426,True,23,False,0.0,eligible
2023-01-31,2023-02-01,CPFE3,True,33.27999878,1.0015114184780405,31.23746752865893,True,25,False,0.0,eligible
2023-01-31,2023-02-01,CPLE3,True,6.88000011,6.501549030950171,55.73443369396642,True,18,False,0.0,eligible
2023-01-31,2023-02-01,CSMG3,False,14.64000034,,,False,,False,0.0,indicator_not_uptrend
2023-01-31,2023-02-01,CSNA3,True,18.5,30.927104430149942,58.7958522623427,True,7,False,0.0,eligible
2023-01-31,2023-02-01,CYRE3,True,15.18000031,17.40139169416617,55.581968550513075,True,10,False,0.0,eligible
2023-01-31,2023-02-01,EGIE3,True,28.10714149,-11.433719356600847,22.4122520369177,False,,False,0.0,nonpositive_momentum
2023-01-31,2023-02-01,ENEV3,True,12.0,-20.318727321788476,38.69590285909854,False,,False,0.0,nonpositive_momentum
2023-01-31,2023-02-01,ENGI11,True,38.32727051,-3.634292978571363,32.11043398066683,False,,False,0.0,nonpositive_momentum
2023-01-31,2023-02-01,EQTL3,True,27.98688889,13.120715203454324,26.02484164180406,True,14,False,0.0,eligible
2023-01-31,2023-02-01,GGBR4,True,25.98412514,38.31854486099575,36.48261228524129,True,6,False,0.0,eligible
2023-01-31,2023-02-01,GOAU4,True,10.86777115,46.21595421057065,32.565473744359046,True,2,False,0.0,eligible
2023-01-31,2023-02-01,HYPE3,True,46.40000153,9.822488828402353,30.486278218335823,True,16,False,0.0,eligible
2023-01-31,2023-02-01,ITSA4,True,7.520226,9.87119174791513,25.228219890970472,True,15,False,0.0,eligible
2023-01-31,2023-02-01,ITUB4,True,22.35657501,7.925008055897886,29.262353045222532,True,17,False,0.0,eligible
2023-01-31,2023-02-01,KLBN11,False,17.55175591,,,False,,False,0.0,indicator_not_uptrend
2023-01-31,2023-02-01,LREN3,True,19.66363525,-14.640888677412622,51.983481516032256,False,,False,0.0,nonpositive_momentum
2023-01-31,2023-02-01,MGLU3,True,39.46173859,62.867654973393215,87.61272202513521,True,1,True,1.0,eligible
2023-01-31,2023-02-01,MULT3,True,23.79000092,0.7623901116027954,46.31224840374663,True,26,False,0.0,eligible
2023-01-31,2023-02-01,PETR4,True,26.06999969,-22.595013509368933,50.2627211075289,False,,False,0.0,nonpositive_momentum
2023-01-31,2023-02-01,PSSA3,True,25.89999962,39.84880656963008,32.12869235097718,True,4,False,0.0,eligible
2023-01-31,2023-02-01,RADL3,True,23.40686226,13.89908205650996,30.133659790644806,True,13,False,0.0,eligible
2023-01-31,2023-02-01,RAIL3,True,18.37999916,4.789043306389984,38.98287661003288,True,19,False,0.0,eligible
2023-01-31,2023-02-01,RENT3,True,59.01531601,3.7320443719278895,44.20184822658953,True,22,False,0.0,eligible
2023-01-31,2023-02-01,SANB11,True,28.89999962,4.483007146509443,31.474662174229973,True,20,False,0.0,eligible
2023-01-31,2023-02-01,SBSP3,False,10.79409599,,,False,,False,0.0,indicator_not_uptrend
2023-01-31,2023-02-01,SMTO3,True,25.01000023,-25.387828500047693,58.17381774492755,False,,False,0.0,nonpositive_momentum
2023-01-31,2023-02-01,SUZB3,False,46.36000061,,,False,,False,0.0,indicator_not_uptrend
2023-01-31,2023-02-01,TOTS3,True,30.06999969,14.770987853971329,50.26322113230156,True,11,False,0.0,eligible
2023-01-31,2023-02-01,UGPA3,True,13.18999958,2.2480617716483353,43.56863963755232,True,24,False,0.0,eligible
2023-01-31,2023-02-01,USIM5,True,8.52999973,4.024389361540726,49.90595859260307,True,21,False,0.0,eligible
2023-01-31,2023-02-01,VALE3,True,94.51000214,38.82197355986763,33.979295852956,True,5,False,0.0,eligible
2023-01-31,2023-02-01,WEGE3,False,38.24000168,,,False,,False,0.0,indicator_not_uptrend
2023-02-28,2023-03-01,ABEV3,True,13.39000034,-15.360299605669582,24.691149037455716,False,,False,0.0,nonpositive_momentum
2023-02-28,2023-03-01,B3SA3,False,10.55000019,,,False,,False,0.0,indicator_not_uptrend
2023-02-28,2023-03-01,BBAS3,True,20.14999962,-3.5885168116572386,32.84021231425022,False,,False,0.0,nonpositive_momentum
2023-02-28,2023-03-01,BBDC4,True,13.07999992,-32.957458914391815,38.892595741880385,False,,False,0.0,nonpositive_momentum
2023-02-28,2023-03-01,BBSE3,False,34.20999908,,,False,,False,0.0,indicator_not_uptrend
2023-02-28,2023-03-01,BPAC11,True,20.10000038,-22.333844542520453,47.741118480921685,False,,False,0.0,nonpositive_momentum
2023-02-28,2023-03-01,BRAP4,False,27.65999985,,,False,,False,0.0,indicator_not_uptrend
2023-02-28,2023-03-01,CMIG4,False,8.06153774,,,False,,False,0.0,indicator_not_uptrend
2023-02-28,2023-03-01,CPFE3,False,30.29000092,,,False,,False,0.0,indicator_not_uptrend
2023-02-28,2023-03-01,CPLE3,False,6.32000017,,,False,,False,0.0,indicator_not_uptrend
2023-02-28,2023-03-01,CSMG3,False,14.22000027,,,False,,False,0.0,indicator_not_uptrend
2023-02-28,2023-03-01,CSNA3,False,16.67000008,,,False,,False,0.0,indicator_not_uptrend
2023-02-28,2023-03-01,CYRE3,True,14.97999954,3.1680376406820088,44.135150380810416,True,3,False,0.0,eligible
2023-02-28,2023-03-01,EGIE3,True,28.05714226,-3.2750516377930583,19.473004698174794,False,,False,0.0,nonpositive_momentum
2023-02-28,2023-03-01,ENEV3,False,11.43000031,,,False,,False,0.0,indicator_not_uptrend
2023-02-28,2023-03-01,ENGI11,False,35.2545433,,,False,,False,0.0,indicator_not_uptrend
2023-02-28,2023-03-01,EQTL3,False,25.39994812,,,False,,False,0.0,indicator_not_uptrend
2023-02-28,2023-03-01,GGBR4,False,22.72222137,,,False,,False,0.0,indicator_not_uptrend
2023-02-28,2023-03-01,GOAU4,False,9.43523502,,,False,,False,0.0,indicator_not_uptrend
2023-02-28,2023-03-01,HYPE3,False,41.65000153,,,False,,False,0.0,indicator_not_uptrend
2023-02-28,2023-03-01,ITSA4,False,7.25573921,,,False,,False,0.0,indicator_not_uptrend
2023-02-28,2023-03-01,ITUB4,True,22.44483566,-5.2886462790511235,31.968952567682724,False,,False,0.0,nonpositive_momentum
2023-02-28,2023-03-01,KLBN11,False,17.56975555,,,False,,False,0.0,indicator_not_uptrend
2023-02-28,2023-03-01,LREN3,True,16.95454407,-32.427538946722166,47.87874464718242,False,,False,0.0,nonpositive_momentum
2023-02-28,2023-03-01,MGLU3,False,31.97915077,,,False,,False,0.0,indicator_not_uptrend
2023-02-28,2023-03-01,MULT3,True,25.17000008,-1.2941173333333333,39.76143176418305,False,,False,0.0,nonpositive_momentum
2023-02-28,2023-03-01,PETR4,True,25.23999977,-24.15865175701788,42.52936621973814,False,,False,0.0,nonpositive_momentum
2023-02-28,2023-03-01,PSSA3,True,26.46999931,19.827972522671054,28.66843503361034,True,2,False,0.0,eligible
2023-02-28,2023-03-01,RADL3,False,21.38009071,,,False,,False,0.0,indicator_not_uptrend
2023-02-28,2023-03-01,RAIL3,True,17.95999908,-11.483497951462883,33.961401651794674,False,,False,0.0,nonpositive_momentum
2023-02-28,2023-03-01,RENT3,True,55.30754852,-12.697551446099197,38.89185375467313,False,,False,0.0,nonpositive_momentum
2023-02-28,2023-03-01,SANB11,True,28.37999916,-6.119749944263486,28.915574650744823,False,,False,0.0,nonpositive_momentum
2023-02-28,2023-03-01,SBSP3,False,10.03583336,,,False,,False,0.0,indicator_not_uptrend
2023-02-28,2023-03-01,SMTO3,True,27.20000076,-16.513200637840477,51.12066570304178,False,,False,0.0,nonpositive_momentum
2023-02-28,2023-03-01,SUZB3,True,47.74000168,0.8875781757216483,31.611669823019938,True,4,False,0.0,eligible
2023-02-28,2023-03-01,TOTS3,False,27.29000092,,,False,,False,0.0,indicator_not_uptrend
2023-02-28,2023-03-01,UGPA3,True,13.18000031,-6.19216988067528,39.00050796938898,False,,False,0.0,nonpositive_momentum
2023-02-28,2023-03-01,USIM5,False,6.82999992,,,False,,False,0.0,indicator_not_uptrend
2023-02-28,2023-03-01,VALE3,False,85.31999969,,,False,,False,0.0,indicator_not_uptrend
2023-02-28,2023-03-01,WEGE3,True,39.15999985,35.26769886689287,24.71581268429823,True,1,True,1.0,eligible
2023-03-31,2023-04-03,ABEV3,True,14.32999992,-8.842241260343176,26.305792117060783,False,,False,0.0,nonpositive_momentum
2023-03-31,2023-04-03,B3SA3,False,10.35000038,,,False,,False,0.0,indicator_not_uptrend
2023-03-31,2023-04-03,BBAS3,False,19.55500031,,,False,,False,0.0,indicator_not_uptrend
2023-03-31,2023-04-03,BBDC4,True,13.17000008,-32.90880976278147,39.36103732141336,False,,False,0.0,nonpositive_momentum
2023-03-31,2023-04-03,BBSE3,False,32.50999832,,,False,,False,0.0,indicator_not_uptrend
2023-03-31,2023-04-03,BPAC11,True,19.64999962,-20.86186192786745,44.051116915269795,False,,False,0.0,nonpositive_momentum
2023-03-31,2023-04-03,BRAP4,False,26.81999969,,,False,,False,0.0,indicator_not_uptrend
2023-03-31,2023-04-03,CMIG4,True,8.80000019,7.21649922018579,26.14090469003668,True,5,False,0.0,eligible
2023-03-31,2023-04-03,CPFE3,True,31.64999962,-6.939132068736898,28.875735328078132,False,,False,0.0,nonpositive_momentum
2023-03-31,2023-04-03,CPLE3,True,6.23999977,3.1404888269928932,23.392530393890905,True,7,False,0.0,eligible
2023-03-31,2023-04-03,CSMG3,True,15.72999954,21.373452866131302,35.275830671844496,True,2,False,0.0,eligible
2023-03-31,2023-04-03,CSNA3,False,15.43999958,,,False,,False,0.0,indicator_not_uptrend
2023-03-31,2023-04-03,CYRE3,False,14.07999992,,,False,,False,0.0,indicator_not_uptrend
2023-03-31,2023-04-03,EGIE3,False,28.69285774,,,False,,False,0.0,indicator_not_uptrend
2023-03-31,2023-04-03,ENEV3,False,10.47000027,,,False,,False,0.0,indicator_not_uptrend
2023-03-31,2023-04-03,ENGI11,True,36.52727127,-3.8295898210025547,35.50327649577193,False,,False,0.0,nonpositive_momentum
2023-03-31,2023-04-03,EQTL3,True,26.92814064,3.295020247615099,27.732540125490384,True,6,False,0.0,eligible
2023-03-31,2023-04-03,GGBR4,False,21.07500076,,,False,,False,0.0,indicator_not_uptrend
2023-03-31,2023-04-03,GOAU4,False,8.87272072,,,False,,False,0.0,indicator_not_uptrend
2023-03-31,2023-04-03,HYPE3,False,37.70000076,,,False,,False,0.0,indicator_not_uptrend
2023-03-31,2023-04-03,ITSA4,False,7.24692297,,,False,,False,0.0,indicator_not_uptrend
2023-03-31,2023-04-03,ITUB4,False,21.8358345,,,False,,False,0.0,indicator_not_uptrend
2023-03-31,2023-04-03,KLBN11,False,16.28262711,,,False,,False,0.0,indicator_not_uptrend
2023-03-31,2023-04-03,LREN3,False,15.06363583,,,False,,False,0.0,indicator_not_uptrend
2023-03-31,2023-04-03,MGLU3,False,29.48495483,,,False,,False,0.0,indicator_not_uptrend
2023-03-31,2023-04-03,MULT3,False,24.63999939,,,False,,False,0.0,indicator_not_uptrend
2023-03-31,2023-04-03,PETR4,False,23.45000076,,,False,,False,0.0,indicator_not_uptrend
2023-03-31,2023-04-03,PSSA3,False,23.52000046,,,False,,False,0.0,indicator_not_uptrend
2023-03-31,2023-04-03,RADL3,True,23.0486412,7.472526671643287,22.49438886814782,True,4,False,0.0,eligible
2023-03-31,2023-04-03,RAIL3,True,18.85000038,2.1126832038823817,28.792988699547184,True,8,False,0.0,eligible
2023-03-31,2023-04-03,RENT3,False,53.27903366,,,False,,False,0.0,indicator_not_uptrend
2023-03-31,2023-04-03,SANB11,False,26.79999924,,,False,,False,0.0,indicator_not_uptrend
2023-03-31,2023-04-03,SBSP3,False,9.81475258,,,False,,False,0.0,indicator_not_uptrend
2023-03-31,2023-04-03,SMTO3,False,27.02000046,,,False,,False,0.0,indicator_not_uptrend
2023-03-31,2023-04-03,SUZB3,False,41.59999847,,,False,,False,0.0,indicator_not_uptrend
2023-03-31,2023-04-03,TOTS3,False,28.15999985,,,False,,False,0.0,indicator_not_uptrend
2023-03-31,2023-04-03,UGPA3,True,13.96000004,17.80590373280646,35.796100927556736,True,3,False,0.0,eligible
2023-03-31,2023-04-03,USIM5,True,7.28999996,1.390819181717795,35.15525476843121,True,9,False,0.0,eligible
2023-03-31,2023-04-03,VALE3,False,80.29000092,,,False,,False,0.0,indicator_not_uptrend
2023-03-31,2023-04-03,WEGE3,True,40.54999924,33.74010440169633,22.17123327878588,True,1,True,1.0,eligible
2023-04-28,2023-05-02,ABEV3,True,14.15999985,-5.030181137124556,21.505246204155853,False,,False,0.0,nonpositive_momentum
2023-04-28,2023-05-02,B3SA3,True,11.68000031,-15.66787011163967,39.763152045876836,False,,False,0.0,nonpositive_momentum
2023-04-28,2023-05-02,BBAS3,True,21.43000031,8.478872291685779,27.270191461180264,True,8,False,0.0,eligible
2023-04-28,2023-05-02,BBDC4,True,13.85000038,-29.802327912269178,36.27856216145067,False,,False,0.0,nonpositive_momentum
2023-04-28,2023-05-02,BBSE3,True,34.31000137,21.49434011840292,24.904625997964256,True,1,True,1.0,eligible
2023-04-28,2023-05-02,BPAC11,True,23.42000008,-15.083393227217956,40.00306588963468,False,,False,0.0,nonpositive_momentum
2023-04-28,2023-05-02,BRAP4,False,23.70000076,,,False,,False,0.0,indicator_not_uptrend
2023-04-28,2023-05-02,CMIG4,True,9.5,10.762328053771576,22.501685848418727,True,6,False,0.0,eligible
2023-04-28,2023-05-02,CPFE3,True,33.13999939,-1.4570373607187048,27.62991952736538,False,,False,0.0,nonpositive_momentum
2023-04-28,2023-05-02,CPLE3,True,7.11000013,0.9943206022404505,24.34359964286631,True,11,False,0.0,eligible
2023-04-28,2023-05-02,CSMG3,True,17.04000092,11.884448028026661,34.25615346880092,True,5,False,0.0,eligible
2023-04-28,2023-05-02,CSNA3,False,14.21000004,,,False,,False,0.0,indicator_not_uptrend
2023-04-28,2023-05-02,CYRE3,True,15.44999981,-12.414964034757825,43.17329850204473,False,,False,0.0,nonpositive_momentum
2023-04-28,2023-05-02,EGIE3,True,29.45000076,6.427467481234506,17.40949004338594,True,9,False,0.0,eligible
2023-04-28,2023-05-02,ENEV3,True,11.35000038,-16.72780419368609,31.519084723049158,False,,False,0.0,nonpositive_momentum
2023-04-28,2023-05-02,ENGI11,True,38.0,-9.66068816458624,33.70546427043617,False,,False,0.0,nonpositive_momentum
2023-04-28,2023-05-02,EQTL3,True,27.30769157,-2.426841092161136,26.068588271854757,False,,False,0.0,nonpositive_momentum
2023-04-28,2023-05-02,GGBR4,True,20.98333359,-1.0145965207618235,34.727692877568,False,,False,0.0,nonpositive_momentum
2023-04-28,2023-05-02,GOAU4,True,8.74521828,1.5679409517754372,33.40798331468072,True,10,False,0.0,eligible
2023-04-28,2023-05-02,HYPE3,False,37.25,,,False,,False,0.0,indicator_not_uptrend
2023-04-28,2023-05-02,ITSA4,True,7.65246916,-8.19230429725729,27.250735665921983,False,,False,0.0,nonpositive_momentum
2023-04-28,2023-05-02,ITUB4,True,22.87731552,-11.866715023256802,30.04996377392977,False,,False,0.0,nonpositive_momentum
2023-04-28,2023-05-02,KLBN11,True,17.21872139,-9.03471126229366,22.58334876229306,False,,False,0.0,nonpositive_momentum
2023-04-28,2023-05-02,LREN3,False,14.39999962,,,False,,False,0.0,indicator_not_uptrend
2023-04-28,2023-05-02,MGLU3,False,29.75218964,,,False,,False,0.0,indicator_not_uptrend
2023-04-28,2023-05-02,MULT3,False,25.89999962,,,False,,False,0.0,indicator_not_uptrend
2023-04-28,2023-05-02,PETR4,True,23.70000076,-29.317024687347747,38.07033635010046,False,,False,0.0,nonpositive_momentum
2023-04-28,2023-05-02,PSSA3,True,25.12999916,15.966770037963007,25.767314395249286,True,3,False,0.0,eligible
2023-04-28,2023-05-02,RADL3,True,24.77375412,9.637042353818748,23.222237097434412,True,7,False,0.0,eligible
2023-04-28,2023-05-02,RAIL3,True,19.70000076,-4.2759920477200675,25.772240226788263,False,,False,0.0,nonpositive_momentum
2023-04-28,2023-05-02,RENT3,True,57.87858963,-11.65664036428341,38.41977136443987,False,,False,0.0,nonpositive_momentum
2023-04-28,2023-05-02,SANB11,True,26.87000084,-10.582357671966447,24.575795041829902,False,,False,0.0,nonpositive_momentum
2023-04-28,2023-05-02,SBSP3,False,8.94595146,,,False,,False,0.0,indicator_not_uptrend
2023-04-28,2023-05-02,SMTO3,True,31.39999962,17.03317075522377,43.00716740732063,True,2,False,0.0,eligible
2023-04-28,2023-05-02,SUZB3,False,39.79999924,,,False,,False,0.0,indicator_not_uptrend
2023-04-28,2023-05-02,TOTS3,False,25.65999985,,,False,,False,0.0,indicator_not_uptrend
2023-04-28,2023-05-02,UGPA3,True,14.43999958,14.512291588753312,30.30728781356899,True,4,False,0.0,eligible
2023-04-28,2023-05-02,USIM5,True,7.19999981,-5.63565260551484,35.31746277404372,False,,False,0.0,nonpositive_momentum
2023-04-28,2023-05-02,VALE3,False,72.40000153,,,False,,False,0.0,indicator_not_uptrend
2023-04-28,2023-05-02,WEGE3,False,41.11999893,,,False,,False,0.0,indicator_not_uptrend
2023-05-31,2023-06-01,ABEV3,False,14.40999985,,,False,,False,0.0,indicator_not_uptrend
2023-05-31,2023-06-01,B3SA3,True,13.31999969,10.264898826257607,38.04784004356974,True,8,False,0.0,eligible
2023-05-31,2023-06-01,BBAS3,True,22.30999947,28.107943103111822,26.12266696673691,True,5,False,0.0,eligible
2023-05-31,2023-06-01,BBDC4,True,15.51000023,1.174170325762125,31.45717861327679,True,19,False,0.0,eligible
2023-05-31,2023-06-01,BBSE3,False,30.93000031,,,False,,False,0.0,indicator_not_uptrend
2023-05-31,2023-06-01,BPAC11,True,26.29999924,7.831077891634175,37.721675000376024,True,9,False,0.0,eligible
2023-05-31,2023-06-01,BRAP4,False,21.29000092,,,False,,False,0.0,indicator_not_uptrend
2023-05-31,2023-06-01,CMIG4,False,9.0,,,False,,False,0.0,indicator_not_uptrend
2023-05-31,2023-06-01,CPFE3,False,30.28000069,,,False,,False,0.0,indicator_not_uptrend
2023-05-31,2023-06-01,CPLE3,False,6.63999987,,,False,,False,0.0,indicator_not_uptrend
2023-05-31,2023-06-01,CSMG3,True,19.94000053,28.31403205486238,33.067728587772244,True,4,False,0.0,eligible
2023-05-31,2023-06-01,CSNA3,False,12.14999962,,,False,,False,0.0,indicator_not_uptrend
2023-05-31,2023-06-01,CYRE3,True,18.68000031,36.549706774092904,41.841110832583794,True,1,True,1.0,eligible
2023-05-31,2023-06-01,EGIE3,False,30.02142715,,,False,,False,0.0,indicator_not_uptrend
2023-05-31,2023-06-01,ENEV3,True,11.44999981,-5.683694486618118,30.996500905646755,False,,False,0.0,nonpositive_momentum
2023-05-31,2023-06-01,ENGI11,True,40.03636169,1.5682593230642805,31.821959404549155,True,18,False,0.0,eligible
2023-05-31,2023-06-01,EQTL3,True,28.14999962,3.615093484177745,25.026504217677264,True,14,False,0.0,eligible
2023-05-31,2023-06-01,GGBR4,True,19.97500038,-14.012636035531722,36.01494616804903,False,,False,0.0,nonpositive_momentum
2023-05-31,2023-06-01,GOAU4,True,8.40771008,-13.967766625811763,33.89956440978461,False,,False,0.0,nonpositive_momentum
2023-05-31,2023-06-01,HYPE3,True,40.81999969,-7.584330130842742,27.482100528374488,False,,False,0.0,nonpositive_momentum
2023-05-31,2023-06-01,ITSA4,True,7.7406311,0.22830508940496763,19.840729680953416,True,20,False,0.0,eligible
2023-05-31,2023-06-01,ITUB4,True,23.23918724,3.1739816559772427,25.196379027575706,True,15,False,0.0,eligible
2023-05-31,2023-06-01,KLBN11,True,18.93789291,2.534109713210375,25.1646076044766,True,16,False,0.0,eligible
2023-05-31,2023-06-01,LREN3,True,17.68181801,-15.102574867074214,59.81922135878449,False,,False,0.0,nonpositive_momentum
2023-05-31,2023-06-01,MGLU3,True,33.8497963,14.457826746227287,83.0294166194917,True,7,False,0.0,eligible
2023-05-31,2023-06-01,MULT3,False,26.53000069,,,False,,False,0.0,indicator_not_uptrend
2023-05-31,2023-06-01,PETR4,True,26.12000084,7.224959712347068,37.7030799433475,True,10,False,0.0,eligible
2023-05-31,2023-06-01,PSSA3,True,23.90999985,1.6149560087411752,23.745716515480638,True,17,False,0.0,eligible
2023-05-31,2023-06-01,RADL3,True,27.77450943,31.82639934428868,21.295016946352938,True,2,False,0.0,eligible
2023-05-31,2023-06-01,RAIL3,True,20.81999969,6.224486154831377,23.401558960325932,True,11,False,0.0,eligible
2023-05-31,2023-06-01,RENT3,True,61.89946365,6.163653474331432,36.92313479915249,True,12,False,0.0,eligible
2023-05-31,2023-06-01,SANB11,True,28.60000038,4.22740461951443,23.095307563201203,True,13,False,0.0,eligible
2023-05-31,2023-06-01,SBSP3,True,10.19097614,-12.664120332899376,33.443380752491834,False,,False,0.0,nonpositive_momentum
2023-05-31,2023-06-01,SMTO3,True,36.16999817,30.577607139386952,36.97885190228725,True,3,False,0.0,eligible
2023-05-31,2023-06-01,SUZB3,True,44.77999878,-18.492901535043227,29.90896483369373,False,,False,0.0,nonpositive_momentum
2023-05-31,2023-06-01,TOTS3,True,28.76000023,-0.38102045999108825,32.62578862463524,False,,False,0.0,nonpositive_momentum
2023-05-31,2023-06-01,UGPA3,True,16.93000031,27.006754775734464,33.58516236389077,True,6,False,0.0,eligible
2023-05-31,2023-06-01,USIM5,False,7.01999998,,,False,,False,0.0,indicator_not_uptrend
2023-05-31,2023-06-01,VALE3,False,63.81000137,,,False,,False,0.0,indicator_not_uptrend
2023-05-31,2023-06-01,WEGE3,False,37.61000061,,,False,,False,0.0,indicator_not_uptrend
2023-06-30,2023-07-03,ABEV3,True,15.40999985,6.129472188735718,15.905686267233971,True,18,False,0.0,eligible
2023-06-30,2023-07-03,B3SA3,False,14.60999966,,,False,,False,0.0,indicator_not_uptrend
2023-06-30,2023-07-03,BBAS3,True,24.70000076,45.038166525171164,26.224785186825468,True,2,False,0.0,eligible
2023-06-30,2023-07-03,BBDC4,False,16.45000076,,,False,,False,0.0,indicator_not_uptrend
2023-06-30,2023-07-03,BBSE3,False,30.77000046,,,False,,False,0.0,indicator_not_uptrend
2023-06-30,2023-07-03,BPAC11,True,31.45000076,34.80497585873976,31.856802645217662,True,3,False,0.0,eligible
2023-06-30,2023-07-03,BRAP4,True,22.20999908,-25.917280117476615,32.48863373134622,False,,False,0.0,nonpositive_momentum
2023-06-30,2023-07-03,CMIG4,True,9.89230728,17.44293481166965,22.276988653498265,True,11,False,0.0,eligible
2023-06-30,2023-07-03,CPFE3,True,34.38999939,5.815382738461539,27.51662342647192,True,19,False,0.0,eligible
2023-06-30,2023-07-03,CPLE3,True,8.22999954,23.388297470605114,31.041090575463187,True,6,False,0.0,eligible
2023-06-30,2023-07-03,CSMG3,False,21.14999962,,,False,,False,0.0,indicator_not_uptrend
2023-06-30,2023-07-03,CSNA3,True,12.13000011,-16.11341579221739,49.296659001677284,False,,False,0.0,nonpositive_momentum
2023-06-30,2023-07-03,CYRE3,True,20.12999916,57.75861126297175,36.21192911881301,True,1,True,1.0,eligible
2023-06-30,2023-07-03,EGIE3,True,32.63571548,21.645372355966373,16.42284488290798,True,9,False,0.0,eligible
2023-06-30,2023-07-03,ENEV3,True,12.27000046,7.631586570175708,30.22518126413637,True,17,False,0.0,eligible
2023-06-30,2023-07-03,ENGI11,True,45.63636398,16.311403806926684,31.802702616609118,True,12,False,0.0,eligible
2023-06-30,2023-07-03,EQTL3,True,32.15000153,22.063094894444646,23.192045923806194,True,8,False,0.0,eligible
2023-06-30,2023-07-03,GGBR4,True,20.89166641,-11.009129237955406,33.398736896283516,False,,False,0.0,nonpositive_momentum
2023-06-30,2023-07-03,GOAU4,True,8.86522102,-10.18236948833553,31.52107704260681,False,,False,0.0,nonpositive_momentum
2023-06-30,2023-07-03,HYPE3,True,46.00999832,3.836598730396301,30.16857502569105,True,20,False,0.0,eligible
2023-06-30,2023-07-03,ITSA4,True,8.49882507,15.035798573896253,18.04989983048582,True,14,False,0.0,eligible
2023-06-30,2023-07-03,ITUB4,True,25.08384895,15.763756769006143,21.59777746201658,True,13,False,0.0,eligible
2023-06-30,2023-07-03,KLBN11,False,19.59495926,,,False,,False,0.0,indicator_not_uptrend
2023-06-30,2023-07-03,LREN3,True,18.18181801,-1.8645663193768258,61.085122152084445,False,,False,0.0,nonpositive_momentum
2023-06-30,2023-07-03,MGLU3,False,30.01942444,,,False,,False,0.0,indicator_not_uptrend
2023-06-30,2023-07-03,MULT3,True,27.67000008,30.211765082352947,22.21739837254652,True,5,False,0.0,eligible
2023-06-30,2023-07-03,PETR4,True,29.53000069,17.602548676322005,42.7576864616677,True,10,False,0.0,eligible
2023-06-30,2023-07-03,PSSA3,True,28.12000084,23.009624189156995,27.18550073835156,True,7,False,0.0,eligible
2023-06-30,2023-07-03,RADL3,False,29.01960754,,,False,,False,0.0,indicator_not_uptrend
2023-06-30,2023-07-03,RAIL3,False,22.20000076,,,False,,False,0.0,indicator_not_uptrend
2023-06-30,2023-07-03,RENT3,True,68.34482574,30.884306568745302,33.020859265837224,True,4,False,0.0,eligible
2023-06-30,2023-07-03,SANB11,True,30.62999916,9.51018918705866,22.446306072852302,True,16,False,0.0,eligible
2023-06-30,2023-07-03,SBSP3,True,10.97057056,0.15933581186768908,31.66435993126393,True,21,False,0.0,eligible
2023-06-30,2023-07-03,SMTO3,False,34.15000153,,,False,,False,0.0,indicator_not_uptrend
2023-06-30,2023-07-03,SUZB3,False,44.22000122,,,False,,False,0.0,indicator_not_uptrend
2023-06-30,2023-07-03,TOTS3,True,29.97999954,12.032882220943097,33.34481053461969,True,15,False,0.0,eligible
2023-06-30,2023-07-03,UGPA3,False,18.88999939,,,False,,False,0.0,indicator_not_uptrend
2023-06-30,2023-07-03,USIM5,False,7.07000017,,,False,,False,0.0,indicator_not_uptrend
2023-06-30,2023-07-03,VALE3,True,64.22000122,-27.996412755788235,31.16590276442287,False,,False,0.0,nonpositive_momentum
2023-06-30,2023-07-03,WEGE3,False,37.75,,,False,,False,0.0,indicator_not_uptrend
2023-07-31,2023-08-01,ABEV3,False,14.85999966,,,False,,False,0.0,indicator_not_uptrend
2023-07-31,2023-08-01,B3SA3,False,14.89999962,,,False,,False,0.0,indicator_not_uptrend
2023-07-31,2023-08-01,BBAS3,False,24.09499931,,,False,,False,0.0,indicator_not_uptrend
2023-07-31,2023-08-01,BBDC4,False,16.65999985,,,False,,False,0.0,indicator_not_uptrend
2023-07-31,2023-08-01,BBSE3,True,31.12000084,-16.028063438789886,20.559519630648445,False,,False,0.0,nonpositive_momentum
2023-07-31,2023-08-01,BPAC11,True,34.00999832,57.01753719079552,27.742248014524083,True,2,False,0.0,eligible
2023-07-31,2023-08-01,BRAP4,True,23.48999977,-28.514913773764526,28.350779373886432,False,,False,0.0,nonpositive_momentum
2023-07-31,2023-08-01,CMIG4,False,9.74615288,,,False,,False,0.0,indicator_not_uptrend
2023-07-31,2023-08-01,CPFE3,True,35.77999878,6.615009890865209,23.61645764319778,True,7,False,0.0,eligible
2023-07-31,2023-08-01,CPLE3,False,8.18000031,,,False,,False,0.0,indicator_not_uptrend
2023-07-31,2023-08-01,CSMG3,False,20.23999977,,,False,,False,0.0,indicator_not_uptrend
2023-07-31,2023-08-01,CSNA3,True,13.84000015,-24.741704137707423,40.07682449447017,False,,False,0.0,nonpositive_momentum
2023-07-31,2023-08-01,CYRE3,True,23.81999969,57.95755846396582,34.712789239915,True,1,True,1.0,eligible
2023-07-31,2023-08-01,EGIE3,False,31.45714188,,,False,,False,0.0,indicator_not_uptrend
2023-07-31,2023-08-01,ENEV3,True,13.36999989,10.495863389386106,30.103394628373888,True,5,False,0.0,eligible
2023-07-31,2023-08-01,ENGI11,False,45.62727356,,,False,,False,0.0,indicator_not_uptrend
2023-07-31,2023-08-01,EQTL3,True,33.54000092,20.013161156722383,20.711350658856126,True,4,False,0.0,eligible
2023-07-31,2023-08-01,GGBR4,True,24.375,-6.931815586061907,30.065385135165425,False,,False,0.0,nonpositive_momentum
2023-07-31,2023-08-01,GOAU4,True,10.31275654,-5.886384556776192,27.45294488871675,False,,False,0.0,nonpositive_momentum
2023-07-31,2023-08-01,HYPE3,False,43.25999832,,,False,,False,0.0,indicator_not_uptrend
2023-07-31,2023-08-01,ITSA4,False,8.65751743,,,False,,False,0.0,indicator_not_uptrend
2023-07-31,2023-08-01,ITUB4,False,25.27802277,,,False,,False,0.0,indicator_not_uptrend
2023-07-31,2023-08-01,KLBN11,False,20.70207024,,,False,,False,0.0,indicator_not_uptrend
2023-07-31,2023-08-01,LREN3,False,17.04545403,,,False,,False,0.0,indicator_not_uptrend
2023-07-31,2023-08-01,MGLU3,False,29.84126854,,,False,,False,0.0,indicator_not_uptrend
2023-07-31,2023-08-01,MULT3,False,26.40999985,,,False,,False,0.0,indicator_not_uptrend
2023-07-31,2023-08-01,PETR4,False,31.11000061,,,False,,False,0.0,indicator_not_uptrend
2023-07-31,2023-08-01,PSSA3,False,28.62999916,,,False,,False,0.0,indicator_not_uptrend
2023-07-31,2023-08-01,RADL3,False,28.40196037,,,False,,False,0.0,indicator_not_uptrend
2023-07-31,2023-08-01,RAIL3,True,23.23999977,23.682802725482777,25.87635449461733,True,3,False,0.0,eligible
2023-07-31,2023-08-01,RENT3,False,67.06772614,,,False,,False,0.0,indicator_not_uptrend
2023-07-31,2023-08-01,SANB11,False,28.55999947,,,False,,False,0.0,indicator_not_uptrend
2023-07-31,2023-08-01,SBSP3,True,11.26728344,7.4731801664457365,28.026020991711075,True,6,False,0.0,eligible
2023-07-31,2023-08-01,SMTO3,False,33.47000122,,,False,,False,0.0,indicator_not_uptrend
2023-07-31,2023-08-01,SUZB3,True,48.06999969,5.881053017664972,25.166256855843006,True,8,False,0.0,eligible
2023-07-31,2023-08-01,TOTS3,False,29.56999969,,,False,,False,0.0,indicator_not_uptrend
2023-07-31,2023-08-01,UGPA3,False,18.88999939,,,False,,False,0.0,indicator_not_uptrend
2023-07-31,2023-08-01,USIM5,False,7.23000002,,,False,,False,0.0,indicator_not_uptrend
2023-07-31,2023-08-01,VALE3,True,69.16000366,-29.42856769387755,29.291882308611765,False,,False,0.0,nonpositive_momentum
2023-07-31,2023-08-01,WEGE3,True,39.91999817,4.475265980561227,25.770468834227593,True,9,False,0.0,eligible
2023-08-31,2023-09-01,ABEV3,False,13.84000015,,,False,,False,0.0,indicator_not_uptrend
2023-08-31,2023-09-01,B3SA3,False,12.93000031,,,False,,False,0.0,indicator_not_uptrend
2023-08-31,2023-09-01,BBAS3,False,23.54999924,,,False,,False,0.0,indicator_not_uptrend
2023-08-31,2023-09-01,BBDC4,False,14.94999981,,,False,,False,0.0,indicator_not_uptrend
2023-08-31,2023-09-01,BBSE3,False,30.37999916,,,False,,False,0.0,indicator_not_uptrend
2023-08-31,2023-09-01,BPAC11,False,32.47000122,,,False,,False,0.0,indicator_not_uptrend
2023-08-31,2023-09-01,BRAP4,False,22.5,,,False,,False,0.0,indicator_not_uptrend
2023-08-31,2023-09-01,CMIG4,False,9.48461533,,,False,,False,0.0,indicator_not_uptrend
2023-08-31,2023-09-01,CPFE3,False,34.15000153,,,False,,False,0.0,indicator_not_uptrend
2023-08-31,2023-09-01,CPLE3,False,8.10000038,,,False,,False,0.0,indicator_not_uptrend
2023-08-31,2023-09-01,CSMG3,False,17.92000008,,,False,,False,0.0,indicator_not_uptrend
2023-08-31,2023-09-01,CSNA3,False,12.10999966,,,False,,False,0.0,indicator_not_uptrend
2023-08-31,2023-09-01,CYRE3,False,22.44000053,,,False,,False,0.0,indicator_not_uptrend
2023-08-31,2023-09-01,EGIE3,False,30.08571434,,,False,,False,0.0,indicator_not_uptrend
2023-08-31,2023-09-01,ENEV3,False,11.92000008,,,False,,False,0.0,indicator_not_uptrend
2023-08-31,2023-09-01,ENGI11,False,41.90908813,,,False,,False,0.0,indicator_not_uptrend
2023-08-31,2023-09-01,EQTL3,False,31.65999985,,,False,,False,0.0,indicator_not_uptrend
2023-08-31,2023-09-01,GGBR4,False,21.54166603,,,False,,False,0.0,indicator_not_uptrend
2023-08-31,2023-09-01,GOAU4,False,8.86522102,,,False,,False,0.0,indicator_not_uptrend
2023-08-31,2023-09-01,HYPE3,False,38.99000168,,,False,,False,0.0,indicator_not_uptrend
2023-08-31,2023-09-01,ITSA4,False,8.18062973,,,False,,False,0.0,indicator_not_uptrend
2023-08-31,2023-09-01,ITUB4,False,24.21006012,,,False,,False,0.0,indicator_not_uptrend
2023-08-31,2023-09-01,KLBN11,False,20.48604774,,,False,,False,0.0,indicator_not_uptrend
2023-08-31,2023-09-01,LREN3,False,14.5727272,,,False,,False,0.0,indicator_not_uptrend
2023-08-31,2023-09-01,MGLU3,True,24.58564186,-12.380952571702142,46.30228747096484,False,,False,0.0,nonpositive_momentum
2023-08-31,2023-09-01,MULT3,False,24.73999977,,,False,,False,0.0,indicator_not_uptrend
2023-08-31,2023-09-01,PETR4,True,31.94000053,29.62662873669819,35.64736560995075,True,1,True,1.0,eligible
2023-08-31,2023-09-01,PSSA3,False,26.10000038,,,False,,False,0.0,indicator_not_uptrend
2023-08-31,2023-09-01,RADL3,False,26.94117546,,,False,,False,0.0,indicator_not_uptrend
2023-08-31,2023-09-01,RAIL3,False,22.35000038,,,False,,False,0.0,indicator_not_uptrend
2023-08-31,2023-09-01,RENT3,False,63.10671997,,,False,,False,0.0,indicator_not_uptrend
2023-08-31,2023-09-01,SANB11,False,27.11000061,,,False,,False,0.0,indicator_not_uptrend
2023-08-31,2023-09-01,SBSP3,True,11.2323761,11.663783707764974,27.83565865472935,True,3,False,0.0,eligible
2023-08-31,2023-09-01,SMTO3,True,36.13000107,28.89761034822149,31.51531055605597,True,2,False,0.0,eligible
2023-08-31,2023-09-01,SUZB3,True,50.15000153,7.3875818283819505,21.52753018156062,True,4,False,0.0,eligible
2023-08-31,2023-09-01,TOTS3,False,27.73999977,,,False,,False,0.0,indicator_not_uptrend
2023-08-31,2023-09-01,UGPA3,False,18.15999985,,,False,,False,0.0,indicator_not_uptrend
2023-08-31,2023-09-01,USIM5,False,6.88000011,,,False,,False,0.0,indicator_not_uptrend
2023-08-31,2023-09-01,VALE3,False,65.08000183,,,False,,False,0.0,indicator_not_uptrend
2023-08-31,2023-09-01,WEGE3,False,35.88000107,,,False,,False,0.0,indicator_not_uptrend
2023-09-29,2023-10-02,ABEV3,False,13.10999966,,,False,,False,0.0,indicator_not_uptrend
2023-09-29,2023-10-02,B3SA3,False,12.28999996,,,False,,False,0.0,indicator_not_uptrend
2023-09-29,2023-10-02,BBAS3,False,23.59000015,,,False,,False,0.0,indicator_not_uptrend
2023-09-29,2023-10-02,BBDC4,False,14.30000019,,,False,,False,0.0,indicator_not_uptrend
2023-09-29,2023-10-02,BBSE3,True,31.20999908,-4.1756236504281175,23.24507787447109,False,,False,0.0,nonpositive_momentum
2023-09-29,2023-10-02,BPAC11,False,31.06999969,,,False,,False,0.0,indicator_not_uptrend
2023-09-29,2023-10-02,BRAP4,False,22.71999931,,,False,,False,0.0,indicator_not_uptrend
2023-09-29,2023-10-02,CMIG4,True,9.54615307,9.339199044864,18.459998350793384,True,6,False,0.0,eligible
2023-09-29,2023-10-02,CPFE3,False,33.61000061,,,False,,False,0.0,indicator_not_uptrend
2023-09-29,2023-10-02,CPLE3,False,8.40999985,,,False,,False,0.0,indicator_not_uptrend
2023-09-29,2023-10-02,CSMG3,False,17.30999947,,,False,,False,0.0,indicator_not_uptrend
2023-09-29,2023-10-02,CSNA3,True,12.14000034,-21.778350643167443,27.094075968644372,False,,False,0.0,nonpositive_momentum
2023-09-29,2023-10-02,CYRE3,False,20.27000046,,,False,,False,0.0,indicator_not_uptrend
2023-09-29,2023-10-02,EGIE3,False,29.59285736,,,False,,False,0.0,indicator_not_uptrend
2023-09-29,2023-10-02,ENEV3,False,12.06000042,,,False,,False,0.0,indicator_not_uptrend
2023-09-29,2023-10-02,ENGI11,False,42.5,,,False,,False,0.0,indicator_not_uptrend
2023-09-29,2023-10-02,EQTL3,False,32.06000137,,,False,,False,0.0,indicator_not_uptrend
2023-09-29,2023-10-02,GGBR4,False,20.10833359,,,False,,False,0.0,indicator_not_uptrend
2023-09-29,2023-10-02,GOAU4,False,8.36270905,,,False,,False,0.0,indicator_not_uptrend
2023-09-29,2023-10-02,HYPE3,False,37.13999939,,,False,,False,0.0,indicator_not_uptrend
2023-09-29,2023-10-02,ITSA4,False,8.01241302,,,False,,False,0.0,indicator_not_uptrend
2023-09-29,2023-10-02,ITUB4,False,24.01588631,,,False,,False,0.0,indicator_not_uptrend
2023-09-29,2023-10-02,KLBN11,True,21.43114281,30.394313146110452,18.429304735969065,True,3,False,0.0,eligible
2023-09-29,2023-10-02,LREN3,False,12.18181801,,,False,,False,0.0,indicator_not_uptrend
2023-09-29,2023-10-02,MGLU3,False,18.88462257,,,False,,False,0.0,indicator_not_uptrend
2023-09-29,2023-10-02,MULT3,False,24.56999969,,,False,,False,0.0,indicator_not_uptrend
2023-09-29,2023-10-02,PETR4,True,34.63999939,44.5139774182163,26.85353117151385,True,1,True,1.0,eligible
2023-09-29,2023-10-02,PSSA3,False,26.29000092,,,False,,False,0.0,indicator_not_uptrend
2023-09-29,2023-10-02,RADL3,False,27.07843018,,,False,,False,0.0,indicator_not_uptrend
2023-09-29,2023-10-02,RAIL3,False,22.81999969,,,False,,False,0.0,indicator_not_uptrend
2023-09-29,2023-10-02,RENT3,False,58.49853134,,,False,,False,0.0,indicator_not_uptrend
2023-09-29,2023-10-02,SANB11,False,26.04999924,,,False,,False,0.0,indicator_not_uptrend
2023-09-29,2023-10-02,SBSP3,True,11.835495,19.807619179667757,27.79466537496133,True,5,False,0.0,eligible
2023-09-29,2023-10-02,SMTO3,True,39.25999832,43.70424145491636,31.705433972725906,True,2,False,0.0,eligible
2023-09-29,2023-10-02,SUZB3,True,54.27999878,26.085945965744916,21.797222776658487,True,4,False,0.0,eligible
2023-09-29,2023-10-02,TOTS3,False,27.0,,,False,,False,0.0,indicator_not_uptrend
2023-09-29,2023-10-02,UGPA3,False,18.75,,,False,,False,0.0,indicator_not_uptrend
2023-09-29,2023-10-02,USIM5,False,6.63999987,,,False,,False,0.0,indicator_not_uptrend
2023-09-29,2023-10-02,VALE3,True,67.58000183,-17.40405513805008,29.195843750383244,False,,False,0.0,nonpositive_momentum
2023-09-29,2023-10-02,WEGE3,False,36.27000046,,,False,,False,0.0,indicator_not_uptrend
2023-10-31,2023-11-01,ABEV3,False,12.85999966,,,False,,False,0.0,indicator_not_uptrend
2023-10-31,2023-11-01,B3SA3,False,11.10000038,,,False,,False,0.0,indicator_not_uptrend
2023-10-31,2023-11-01,BBAS3,True,24.17499924,15.919442691102525,18.61542058786618,True,2,False,0.0,eligible
2023-10-31,2023-11-01,BBDC4,True,13.98999977,1.7454528727272711,24.510485350301142,True,4,False,0.0,eligible
2023-10-31,2023-11-01,BBSE3,False,30.76000023,,,False,,False,0.0,indicator_not_uptrend
2023-10-31,2023-11-01,BPAC11,False,29.60000038,,,False,,False,0.0,indicator_not_uptrend
2023-10-31,2023-11-01,BRAP4,False,22.34000015,,,False,,False,0.0,indicator_not_uptrend
2023-10-31,2023-11-01,CMIG4,False,9.03076935,,,False,,False,0.0,indicator_not_uptrend
2023-10-31,2023-11-01,CPFE3,False,33.43999863,,,False,,False,0.0,indicator_not_uptrend
2023-10-31,2023-11-01,CPLE3,False,7.86000013,,,False,,False,0.0,indicator_not_uptrend
2023-10-31,2023-11-01,CSMG3,False,15.93999958,,,False,,False,0.0,indicator_not_uptrend
2023-10-31,2023-11-01,CSNA3,False,11.76000023,,,False,,False,0.0,indicator_not_uptrend
2023-10-31,2023-11-01,CYRE3,False,17.98999977,,,False,,False,0.0,indicator_not_uptrend
2023-10-31,2023-11-01,EGIE3,False,28.0714283,,,False,,False,0.0,indicator_not_uptrend
2023-10-31,2023-11-01,ENEV3,False,10.81999969,,,False,,False,0.0,indicator_not_uptrend
2023-10-31,2023-11-01,ENGI11,True,42.37272644,9.361804522544004,25.566412223893124,True,3,False,0.0,eligible
2023-10-31,2023-11-01,EQTL3,False,31.60000038,,,False,,False,0.0,indicator_not_uptrend
2023-10-31,2023-11-01,GGBR4,False,18.14166641,,,False,,False,0.0,indicator_not_uptrend
2023-10-31,2023-11-01,GOAU4,False,7.74769306,,,False,,False,0.0,indicator_not_uptrend
2023-10-31,2023-11-01,HYPE3,False,30.29000092,,,False,,False,0.0,indicator_not_uptrend
2023-10-31,2023-11-01,ITSA4,False,7.64941978,,,False,,False,0.0,indicator_not_uptrend
2023-10-31,2023-11-01,ITUB4,False,23.6716671,,,False,,False,0.0,indicator_not_uptrend
2023-10-31,2023-11-01,KLBN11,False,19.26192665,,,False,,False,0.0,indicator_not_uptrend
2023-10-31,2023-11-01,LREN3,True,11.14545441,-15.854492016299615,39.39118132161904,False,,False,0.0,nonpositive_momentum
2023-10-31,2023-11-01,MGLU3,False,11.84742832,,,False,,False,0.0,indicator_not_uptrend
2023-10-31,2023-11-01,MULT3,True,24.73999977,-4.4787639653254825,27.2243168752053,False,,False,0.0,nonpositive_momentum
2023-10-31,2023-11-01,PETR4,False,34.74000168,,,False,,False,0.0,indicator_not_uptrend
2023-10-31,2023-11-01,PSSA3,False,25.20999908,,,False,,False,0.0,indicator_not_uptrend
2023-10-31,2023-11-01,RADL3,False,25.29411697,,,False,,False,0.0,indicator_not_uptrend
2023-10-31,2023-11-01,RAIL3,False,22.30999947,,,False,,False,0.0,indicator_not_uptrend
2023-10-31,2023-11-01,RENT3,False,50.8166008,,,False,,False,0.0,indicator_not_uptrend
2023-10-31,2023-11-01,SANB11,True,26.92000008,1.3936001905512807,21.518563229110992,True,5,False,0.0,eligible
2023-10-31,2023-11-01,SBSP3,False,11.31964397,,,False,,False,0.0,indicator_not_uptrend
2023-10-31,2023-11-01,SMTO3,False,35.45000076,,,False,,False,0.0,indicator_not_uptrend
2023-10-31,2023-11-01,SUZB3,False,51.56999969,,,False,,False,0.0,indicator_not_uptrend
2023-10-31,2023-11-01,TOTS3,False,25.30999947,,,False,,False,0.0,indicator_not_uptrend
2023-10-31,2023-11-01,UGPA3,True,20.45000076,41.229291503140495,24.569371149778274,True,1,True,1.0,eligible
2023-10-31,2023-11-01,USIM5,True,6.61000013,-8.19444021624216,20.023999756484297,False,,False,0.0,nonpositive_momentum
2023-10-31,2023-11-01,VALE3,True,69.0,0.0,28.319346950825903,False,,False,0.0,nonpositive_momentum
2023-10-31,2023-11-01,WEGE3,False,33.00999832,,,False,,False,0.0,indicator_not_uptrend
2023-11-30,2023-12-01,ABEV3,True,13.68999958,-4.9965321130797875,21.377670580739814,False,,False,0.0,nonpositive_momentum
2023-11-30,2023-12-01,B3SA3,True,13.30000019,-0.1501463998907826,35.281391007707555,False,,False,0.0,nonpositive_momentum
2023-11-30,2023-12-01,BBAS3,True,27.13500023,21.627076981727946,21.764843511904257,True,7,False,0.0,eligible
2023-11-30,2023-12-01,BBDC4,True,16.27000046,4.9000658847830225,24.443818024515764,True,22,False,0.0,eligible
2023-11-30,2023-12-01,BBSE3,True,31.29999924,1.1962461244475753,15.315200428561097,True,25,False,0.0,eligible
2023-11-30,2023-12-01,BPAC11,True,35.54000092,35.13308725099415,33.572358316112854,True,3,False,0.0,eligible
2023-11-30,2023-12-01,BRAP4,True,24.39999962,14.607790350438353,33.715926989867114,True,16,False,0.0,eligible
2023-11-30,2023-12-01,CMIG4,False,8.51538372,,,False,,False,0.0,indicator_not_uptrend
2023-11-30,2023-12-01,CPFE3,True,37.04999924,22.357986775858272,20.73366811442,True,6,False,0.0,eligible
2023-11-30,2023-12-01,CPLE3,True,8.78999996,32.37952006164724,22.195181442209506,True,4,False,0.0,eligible
2023-11-30,2023-12-01,CSMG3,True,18.69000053,-6.2688062526345405,30.473747247054707,False,,False,0.0,nonpositive_momentum
2023-11-30,2023-12-01,CSNA3,True,16.42000008,35.14403780697404,38.55827096709649,True,2,False,0.0,eligible
2023-11-30,2023-12-01,CYRE3,True,21.84000015,16.91648708543303,37.61914601889312,True,13,False,0.0,eligible
2023-11-30,2023-12-01,EGIE3,True,31.0714283,3.4975057806337473,16.854858548201392,True,23,False,0.0,eligible
2023-11-30,2023-12-01,ENEV3,True,12.68999958,10.829692494117182,33.01505583448692,True,18,False,0.0,eligible
2023-11-30,2023-12-01,ENGI11,True,47.98181915,19.845603158252413,27.460141504966913,True,10,False,0.0,eligible
2023-11-30,2023-12-01,EQTL3,True,34.06000137,20.99467790330294,22.667820389966046,True,8,False,0.0,eligible
2023-11-30,2023-12-01,GGBR4,True,18.20833206,-8.844396928116605,25.96753298974594,False,,False,0.0,nonpositive_momentum
2023-11-30,2023-12-01,GOAU4,True,7.7101922,-8.296169508261631,33.22534332901612,False,,False,0.0,nonpositive_momentum
2023-11-30,2023-12-01,HYPE3,True,33.77999878,-17.246450179970594,35.083070628676175,False,,False,0.0,nonpositive_momentum
2023-11-30,2023-12-01,ITSA4,True,9.06376553,17.09336632771454,20.736941939670274,True,12,False,0.0,eligible
2023-11-30,2023-12-01,ITUB4,True,27.88172913,19.977212808927813,19.845433907722082,True,9,False,0.0,eligible
2023-11-30,2023-12-01,KLBN11,True,20.31503105,7.2718657062043945,20.07408996774118,True,21,False,0.0,eligible
2023-11-30,2023-12-01,LREN3,True,14.88181782,-15.83547680683317,46.11447236103139,False,,False,0.0,nonpositive_momentum
2023-11-30,2023-12-01,MGLU3,True,17.99383926,-46.842104748500354,96.82458689674938,False,,False,0.0,nonpositive_momentum
2023-11-30,2023-12-01,MULT3,True,27.19000053,2.4877490495082144,27.36399529000722,True,24,False,0.0,eligible
2023-11-30,2023-12-01,PETR4,False,35.90999985,,,False,,False,0.0,indicator_not_uptrend
2023-11-30,2023-12-01,PSSA3,True,28.0,17.105814201834903,18.194796323718833,True,11,False,0.0,eligible
2023-11-30,2023-12-01,RADL3,True,27.52941132,-0.8824570263525899,27.51275643427627,False,,False,0.0,nonpositive_momentum
2023-11-30,2023-12-01,RAIL3,True,22.89999962,9.990393664602394,27.819359032036555,True,19,False,0.0,eligible
2023-11-30,2023-12-01,RENT3,True,59.97697449,-3.1058252311690238,31.3830275692051,False,,False,0.0,nonpositive_momentum
2023-11-30,2023-12-01,SANB11,True,31.0,8.391606951440188,24.21929359310175,True,20,False,0.0,eligible
2023-11-30,2023-12-01,SBSP3,True,13.10185242,28.56327244820731,23.522419595780512,True,5,False,0.0,eligible
2023-11-30,2023-12-01,SMTO3,False,33.11999893,,,False,,False,0.0,indicator_not_uptrend
2023-11-30,2023-12-01,SUZB3,False,53.77999878,,,False,,False,0.0,indicator_not_uptrend
2023-11-30,2023-12-01,TOTS3,True,33.31000137,15.820587981963307,33.6043836136087,True,14,False,0.0,eligible
2023-11-30,2023-12-01,UGPA3,True,25.25,49.14352946045515,29.549792728114678,True,1,True,1.0,eligible
2023-11-30,2023-12-01,USIM5,True,7.86000013,11.965814136654762,28.14957412544296,True,17,False,0.0,eligible
2023-11-30,2023-12-01,VALE3,True,73.84999847,15.734206056168908,27.42908275767216,True,15,False,0.0,eligible
2023-11-30,2023-12-01,WEGE3,True,34.18999863,-9.093331360092217,31.07138358099991,False,,False,0.0,nonpositive_momentum
2023-12-28,2024-01-02,ABEV3,True,13.72999954,-9.789754951167296,25.834702927479285,False,,False,0.0,nonpositive_momentum
2023-12-28,2024-01-02,B3SA3,True,14.55000019,4.301078051412532,34.63642529822767,True,22,False,0.0,eligible
2023-12-28,2024-01-02,BBAS3,True,27.69499969,11.695904822114445,22.729898422762435,True,17,False,0.0,eligible
2023-12-28,2024-01-02,BBDC4,True,17.09000015,6.149066749276688,24.24141687111531,True,21,False,0.0,eligible
2023-12-28,2024-01-02,BBSE3,True,33.65000153,10.183367767888063,15.226810642349356,True,18,False,0.0,eligible
2023-12-28,2024-01-02,BPAC11,True,37.61000061,25.366668699999995,31.925160812718232,True,6,False,0.0,eligible
2023-12-28,2024-01-02,BRAP4,True,25.65999985,15.951201192905963,28.665065760802072,True,11,False,0.0,eligible
2023-12-28,2024-01-02,CMIG4,True,8.83076859,-8.306711626815744,33.93163302596143,False,,False,0.0,nonpositive_momentum
2023-12-28,2024-01-02,CPFE3,True,38.50999832,14.989538334355812,19.00331658562604,True,14,False,0.0,eligible
2023-12-28,2024-01-02,CPLE3,True,9.48999977,23.40701815287114,21.971413735188168,True,7,False,0.0,eligible
2023-12-28,2024-01-02,CSMG3,True,20.47999954,-0.5342428810035771,29.939845931559606,False,,False,0.0,nonpositive_momentum
2023-12-28,2024-01-02,CSNA3,True,19.65999985,53.83411788225443,38.406743827276266,True,1,True,1.0,eligible
2023-12-28,2024-01-02,CYRE3,True,24.07999992,26.670171639445584,39.67863201378396,True,4,False,0.0,eligible
2023-12-28,2024-01-02,EGIE3,True,32.37857056,1.1378811307703351,16.860977191245453,True,27,False,0.0,eligible
2023-12-28,2024-01-02,ENEV3,True,13.60999966,15.143824170438712,33.51576800761092,True,13,False,0.0,eligible
2023-12-28,2024-01-02,ENGI11,True,48.93636322,12.169198821692294,23.764771976465234,True,16,False,0.0,eligible
2023-12-28,2024-01-02,EQTL3,True,35.72000122,14.34059373554215,19.69009291897086,True,15,False,0.0,eligible
2023-12-28,2024-01-02,GGBR4,True,19.79999924,-5.073916118147592,26.03552098619793,False,,False,0.0,nonpositive_momentum
2023-12-28,2024-01-02,GOAU4,True,8.14520264,-8.199492612903969,32.853027175514136,False,,False,0.0,nonpositive_momentum
2023-12-28,2024-01-02,HYPE3,True,35.75,-18.341706267174086,36.84985821264187,False,,False,0.0,nonpositive_momentum
2023-12-28,2024-01-02,ITSA4,True,9.64012909,15.587238539277394,19.276266753564762,True,12,False,0.0,eligible
2023-12-28,2024-01-02,ITUB4,True,29.98234749,20.67495404953499,18.11686395015782,True,8,False,0.0,eligible
2023-12-28,2024-01-02,KLBN11,True,20.0,2.3491452676263735,24.00935971498432,True,25,False,0.0,eligible
2023-12-28,2024-01-02,LREN3,True,15.83636284,-16.770184146326095,41.42865301644458,False,,False,0.0,nonpositive_momentum
2023-12-28,2024-01-02,MGLU3,True,19.24093628,-35.522391569215785,103.32299458809669,False,,False,0.0,nonpositive_momentum
2023-12-28,2024-01-02,MULT3,True,28.42000008,2.7476508825794665,24.018097583553207,True,24,False,0.0,eligible
2023-12-28,2024-01-02,PETR4,True,37.24000168,20.556822322423486,30.39962478510536,True,9,False,0.0,eligible
2023-12-28,2024-01-02,PSSA3,True,28.73999977,1.4114312557616415,18.94606283251353,True,26,False,0.0,eligible
2023-12-28,2024-01-02,RADL3,True,28.82352829,2.8331560764294883,28.13204216501116,True,23,False,0.0,eligible
2023-12-28,2024-01-02,RAIL3,True,22.95000076,6.447130446056559,26.28071007594295,True,20,False,0.0,eligible
2023-12-28,2024-01-02,RENT3,True,63.59999847,-3.9270585116886414,32.132363724276225,False,,False,0.0,nonpositive_momentum
2023-12-28,2024-01-02,SANB11,True,32.29999924,7.131010438135443,23.779511659339782,True,19,False,0.0,eligible
2023-12-28,2024-01-02,SBSP3,True,14.61643887,37.762744761777924,23.160206377634786,True,2,False,0.0,eligible
2023-12-28,2024-01-02,SMTO3,False,29.30999947,,,False,,False,0.0,indicator_not_uptrend
2023-12-28,2024-01-02,SUZB3,True,55.63000107,25.945219322611536,21.41298962471393,True,5,False,0.0,eligible
2023-12-28,2024-01-02,TOTS3,False,33.68999863,,,False,,False,0.0,indicator_not_uptrend
2023-12-28,2024-01-02,UGPA3,False,26.51000023,,,False,,False,0.0,indicator_not_uptrend
2023-12-28,2024-01-02,USIM5,True,9.28999996,30.47752954389442,28.393871478032633,True,3,False,0.0,eligible
2023-12-28,2024-01-02,VALE3,True,77.19999695,19.283058551833566,23.076061343779685,True,10,False,0.0,eligible
2023-12-28,2024-01-02,WEGE3,True,36.90999985,0.9021268548143224,29.20104283521865,True,28,False,0.0,eligible
2024-01-31,2024-02-01,ABEV3,False,13.07999992,,,False,,False,0.0,indicator_not_uptrend
2024-01-31,2024-02-01,B3SA3,False,13.09000015,,,False,,False,0.0,indicator_not_uptrend
2024-01-31,2024-02-01,BBAS3,False,28.22500038,,,False,,False,0.0,indicator_not_uptrend
2024-01-31,2024-02-01,BBDC4,False,15.35000038,,,False,,False,0.0,indicator_not_uptrend
2024-01-31,2024-02-01,BBSE3,True,34.25,9.52989925219847,14.299637533637286,True,3,False,0.0,eligible
2024-01-31,2024-02-01,BPAC11,False,36.02000046,,,False,,False,0.0,indicator_not_uptrend
2024-01-31,2024-02-01,BRAP4,False,22.79000092,,,False,,False,0.0,indicator_not_uptrend
2024-01-31,2024-02-01,CMIG4,True,8.86153793,-8.571431958503462,32.894009347763664,False,,False,0.0,nonpositive_momentum
2024-01-31,2024-02-01,CPFE3,False,36.25999832,,,False,,False,0.0,indicator_not_uptrend
2024-01-31,2024-02-01,CPLE3,False,8.97000027,,,False,,False,0.0,indicator_not_uptrend
2024-01-31,2024-02-01,CSMG3,False,21.37000084,,,False,,False,0.0,indicator_not_uptrend
2024-01-31,2024-02-01,CSNA3,False,17.72999954,,,False,,False,0.0,indicator_not_uptrend
2024-01-31,2024-02-01,CYRE3,False,22.36000061,,,False,,False,0.0,indicator_not_uptrend
2024-01-31,2024-02-01,EGIE3,False,28.98571396,,,False,,False,0.0,indicator_not_uptrend
2024-01-31,2024-02-01,ENEV3,False,12.76000023,,,False,,False,0.0,indicator_not_uptrend
2024-01-31,2024-02-01,ENGI11,False,46.00909042,,,False,,False,0.0,indicator_not_uptrend
2024-01-31,2024-02-01,EQTL3,False,35.43000031,,,False,,False,0.0,indicator_not_uptrend
2024-01-31,2024-02-01,GGBR4,False,17.53333282,,,False,,False,0.0,indicator_not_uptrend
2024-01-31,2024-02-01,GOAU4,False,7.4326849,,,False,,False,0.0,indicator_not_uptrend
2024-01-31,2024-02-01,HYPE3,False,31.72999954,,,False,,False,0.0,indicator_not_uptrend
2024-01-31,2024-02-01,ITSA4,False,9.29617023,,,False,,False,0.0,indicator_not_uptrend
2024-01-31,2024-02-01,ITUB4,False,28.93203735,,,False,,False,0.0,indicator_not_uptrend
2024-01-31,2024-02-01,KLBN11,False,19.16291618,,,False,,False,0.0,indicator_not_uptrend
2024-01-31,2024-02-01,LREN3,False,14.590909,,,False,,False,0.0,indicator_not_uptrend
2024-01-31,2024-02-01,MGLU3,False,18.70646667,,,False,,False,0.0,indicator_not_uptrend
2024-01-31,2024-02-01,MULT3,False,27.86000061,,,False,,False,0.0,indicator_not_uptrend
2024-01-31,2024-02-01,PETR4,True,40.75999832,36.9623588877237,23.897300627592095,True,2,False,0.0,eligible
2024-01-31,2024-02-01,PSSA3,False,26.68000031,,,False,,False,0.0,indicator_not_uptrend
2024-01-31,2024-02-01,RADL3,False,24.80392075,,,False,,False,0.0,indicator_not_uptrend
2024-01-31,2024-02-01,RAIL3,False,23.05999947,,,False,,False,0.0,indicator_not_uptrend
2024-01-31,2024-02-01,RENT3,False,54.11999893,,,False,,False,0.0,indicator_not_uptrend
2024-01-31,2024-02-01,SANB11,False,28.64999962,,,False,,False,0.0,indicator_not_uptrend
2024-01-31,2024-02-01,SBSP3,True,15.29325199,39.10742475323743,18.905498550762793,True,1,True,1.0,eligible
2024-01-31,2024-02-01,SMTO3,True,28.19000053,-15.47225840097618,30.74288236077642,False,,False,0.0,nonpositive_momentum
2024-01-31,2024-02-01,SUZB3,False,51.61999893,,,False,,False,0.0,indicator_not_uptrend
2024-01-31,2024-02-01,TOTS3,False,31.52000046,,,False,,False,0.0,indicator_not_uptrend
2024-01-31,2024-02-01,UGPA3,False,28.17000008,,,False,,False,0.0,indicator_not_uptrend
2024-01-31,2024-02-01,USIM5,False,9.18999958,,,False,,False,0.0,indicator_not_uptrend
2024-01-31,2024-02-01,VALE3,False,67.76000214,,,False,,False,0.0,indicator_not_uptrend
2024-01-31,2024-02-01,WEGE3,False,32.34000015,,,False,,False,0.0,indicator_not_uptrend
2024-02-29,2024-03-01,ABEV3,False,12.57999992,,,False,,False,0.0,indicator_not_uptrend
2024-02-29,2024-03-01,B3SA3,False,12.82999992,,,False,,False,0.0,indicator_not_uptrend
2024-02-29,2024-03-01,BBAS3,False,28.93000031,,,False,,False,0.0,indicator_not_uptrend
2024-02-29,2024-03-01,BBDC4,False,13.75,,,False,,False,0.0,indicator_not_uptrend
2024-02-29,2024-03-01,BBSE3,False,33.34000015,,,False,,False,0.0,indicator_not_uptrend
2024-02-29,2024-03-01,BPAC11,False,36.38999939,,,False,,False,0.0,indicator_not_uptrend
2024-02-29,2024-03-01,BRAP4,False,21.20000076,,,False,,False,0.0,indicator_not_uptrend
2024-02-29,2024-03-01,CMIG4,True,9.20769215,-2.5244197063683083,21.754788766958306,False,,False,0.0,nonpositive_momentum
2024-02-29,2024-03-01,CPFE3,False,35.38999939,,,False,,False,0.0,indicator_not_uptrend
2024-02-29,2024-03-01,CPLE3,False,9.18000031,,,False,,False,0.0,indicator_not_uptrend
2024-02-29,2024-03-01,CSMG3,False,20.67000008,,,False,,False,0.0,indicator_not_uptrend
2024-02-29,2024-03-01,CSNA3,False,16.81999969,,,False,,False,0.0,indicator_not_uptrend
2024-02-29,2024-03-01,CYRE3,True,24.04999924,1.1354017752974066,34.42480654839393,True,6,False,0.0,eligible
2024-02-29,2024-03-01,EGIE3,True,30.01428413,0.6467021903172832,16.250335842983016,True,7,False,0.0,eligible
2024-02-29,2024-03-01,ENEV3,False,12.82999992,,,False,,False,0.0,indicator_not_uptrend
2024-02-29,2024-03-01,ENGI11,False,46.21818161,,,False,,False,0.0,indicator_not_uptrend
2024-02-29,2024-03-01,EQTL3,False,34.18000031,,,False,,False,0.0,indicator_not_uptrend
2024-02-29,2024-03-01,GGBR4,True,17.91666603,-13.376308764681843,23.776185338667585,False,,False,0.0,nonpositive_momentum
2024-02-29,2024-03-01,GOAU4,True,7.58268881,-11.857021702361404,20.27076127097727,False,,False,0.0,nonpositive_momentum
2024-02-29,2024-03-01,HYPE3,True,32.88000107,-18.066284093423278,31.335762424116197,False,,False,0.0,nonpositive_momentum
2024-02-29,2024-03-01,ITSA4,False,9.57505512,,,False,,False,0.0,indicator_not_uptrend
2024-02-29,2024-03-01,ITUB4,False,29.95586967,,,False,,False,0.0,indicator_not_uptrend
2024-02-29,2024-03-01,KLBN11,True,20.31503105,0.5345233538423644,24.842421695078013,True,8,False,0.0,eligible
2024-02-29,2024-03-01,LREN3,False,14.36363602,,,False,,False,0.0,indicator_not_uptrend
2024-02-29,2024-03-01,MGLU3,True,20.2857132,-24.593136162720374,67.15374613120453,False,,False,0.0,nonpositive_momentum
2024-02-29,2024-03-01,MULT3,False,26.40999985,,,False,,False,0.0,indicator_not_uptrend
2024-02-29,2024-03-01,PETR4,False,40.13999939,,,False,,False,0.0,indicator_not_uptrend
2024-02-29,2024-03-01,PSSA3,True,28.55999947,5.348575534392075,22.99492500518752,True,4,False,0.0,eligible
2024-02-29,2024-03-01,RADL3,True,26.11764717,-2.381824170464175,22.92506111962812,False,,False,0.0,nonpositive_momentum
2024-02-29,2024-03-01,RAIL3,False,22.71999931,,,False,,False,0.0,indicator_not_uptrend
2024-02-29,2024-03-01,RENT3,False,53.0,,,False,,False,0.0,indicator_not_uptrend
2024-02-29,2024-03-01,SANB11,False,28.60000038,,,False,,False,0.0,indicator_not_uptrend
2024-02-29,2024-03-01,SBSP3,False,15.35143089,,,False,,False,0.0,indicator_not_uptrend
2024-02-29,2024-03-01,SMTO3,True,28.29999924,-19.350244744869293,31.374220520265638,False,,False,0.0,nonpositive_momentum
2024-02-29,2024-03-01,SUZB3,True,56.34999847,14.184397602880017,21.93327446939099,True,3,False,0.0,eligible
2024-02-29,2024-03-01,TOTS3,False,30.69000053,,,False,,False,0.0,indicator_not_uptrend
2024-02-29,2024-03-01,UGPA3,True,29.36000061,59.04659844652605,22.708573263135275,True,2,False,0.0,eligible
2024-02-29,2024-03-01,USIM5,True,11.06999969,61.84209718182536,27.336376759480263,True,1,True,1.0,eligible
2024-02-29,2024-03-01,VALE3,False,66.98999786,,,False,,False,0.0,indicator_not_uptrend
2024-02-29,2024-03-01,WEGE3,True,36.68999863,1.9733160063292177,22.88528197413658,True,5,False,0.0,eligible
2024-03-28,2024-04-01,ABEV3,False,12.48999977,,,False,,False,0.0,indicator_not_uptrend
2024-03-28,2024-04-01,B3SA3,False,11.98999977,,,False,,False,0.0,indicator_not_uptrend
2024-03-28,2024-04-01,BBAS3,False,28.30999947,,,False,,False,0.0,indicator_not_uptrend
2024-03-28,2024-04-01,BBDC4,True,14.26000023,0.7773894908415624,38.42259097178465,True,10,False,0.0,eligible
2024-03-28,2024-04-01,BBSE3,False,32.52000046,,,False,,False,0.0,indicator_not_uptrend
2024-03-28,2024-04-01,BPAC11,False,36.43000031,,,False,,False,0.0,indicator_not_uptrend
2024-03-28,2024-04-01,BRAP4,True,20.59000015,-9.374996587532891,19.134860717498505,False,,False,0.0,nonpositive_momentum
2024-03-28,2024-04-01,CMIG4,True,9.66153812,-2.5601243741607993,23.173226908645116,False,,False,0.0,nonpositive_momentum
2024-03-28,2024-04-01,CPFE3,True,34.81000137,-2.4656690775557877,15.885178642466528,False,,False,0.0,nonpositive_momentum
2024-03-28,2024-04-01,CPLE3,False,8.64999962,,,False,,False,0.0,indicator_not_uptrend
2024-03-28,2024-04-01,CSMG3,True,21.78000069,25.172420492271264,24.56758611693545,True,1,True,1.0,eligible
2024-03-28,2024-04-01,CSNA3,False,15.69999981,,,False,,False,0.0,indicator_not_uptrend
2024-03-28,2024-04-01,CYRE3,True,24.94000053,19.61630731634547,29.468908546325405,True,3,False,0.0,eligible
2024-03-28,2024-04-01,EGIE3,True,28.75714111,-6.13196903376978,16.303678858167277,False,,False,0.0,nonpositive_momentum
2024-03-28,2024-04-01,ENEV3,True,12.75,8.881297663940902,23.570474854227207,True,8,False,0.0,eligible
2024-03-28,2024-04-01,ENGI11,False,43.51818085,,,False,,False,0.0,indicator_not_uptrend
2024-03-28,2024-04-01,EQTL3,False,32.54999924,,,False,,False,0.0,indicator_not_uptrend
2024-03-28,2024-04-01,GGBR4,True,18.5,-8.491337453894543,26.715281852236544,False,,False,0.0,nonpositive_momentum
2024-03-28,2024-04-01,GOAU4,True,7.7176919,-8.288775788889225,20.803528485587574,False,,False,0.0,nonpositive_momentum
2024-03-28,2024-04-01,HYPE3,True,32.93000031,-11.239887687251448,32.248059896600054,False,,False,0.0,nonpositive_momentum
2024-03-28,2024-04-01,ITSA4,False,9.7609787,,,False,,False,0.0,indicator_not_uptrend
2024-03-28,2024-04-01,ITUB4,False,30.57369804,,,False,,False,0.0,indicator_not_uptrend
2024-03-28,2024-04-01,KLBN11,True,22.73627281,5.118603248251707,19.932255362010977,True,9,False,0.0,eligible
2024-03-28,2024-04-01,LREN3,True,15.43636322,22.246227434253374,41.03960813573617,True,2,False,0.0,eligible
2024-03-28,2024-04-01,MGLU3,False,17.1428566,,,False,,False,0.0,indicator_not_uptrend
2024-03-28,2024-04-01,MULT3,False,25.59000015,,,False,,False,0.0,indicator_not_uptrend
2024-03-28,2024-04-01,PETR4,False,37.36000061,,,False,,False,0.0,indicator_not_uptrend
2024-03-28,2024-04-01,PSSA3,True,31.28000069,15.680471988682164,25.257667608926514,True,4,False,0.0,eligible
2024-03-28,2024-04-01,RADL3,True,26.83333206,-0.21874236743065767,21.973576632950966,False,,False,0.0,nonpositive_momentum
2024-03-28,2024-04-01,RAIL3,False,22.26000023,,,False,,False,0.0,indicator_not_uptrend
2024-03-28,2024-04-01,RENT3,True,54.68000031,-5.753828840308595,28.507367171577158,False,,False,0.0,nonpositive_momentum
2024-03-28,2024-04-01,SANB11,True,28.52000046,9.355830320109915,17.794988452871234,True,7,False,0.0,eligible
2024-03-28,2024-04-01,SBSP3,False,16.42579842,,,False,,False,0.0,indicator_not_uptrend
2024-03-28,2024-04-01,SMTO3,True,31.03000069,-19.44444361514942,31.95013364101424,False,,False,0.0,nonpositive_momentum
2024-03-28,2024-04-01,SUZB3,True,63.97999954,15.529068804331825,21.72796004784476,True,5,False,0.0,eligible
2024-03-28,2024-04-01,TOTS3,False,28.37999916,,,False,,False,0.0,indicator_not_uptrend
2024-03-28,2024-04-01,UGPA3,False,28.46999931,,,False,,False,0.0,indicator_not_uptrend
2024-03-28,2024-04-01,USIM5,False,10.01000023,,,False,,False,0.0,indicator_not_uptrend
2024-03-28,2024-04-01,VALE3,False,60.83000183,,,False,,False,0.0,indicator_not_uptrend
2024-03-28,2024-04-01,WEGE3,True,38.20000076,10.436544071538556,22.656733965987137,True,6,False,0.0,eligible
2024-04-30,2024-05-02,ABEV3,True,12.14999962,-2.331189467773287,19.79760825949774,False,,False,0.0,nonpositive_momentum
2024-04-30,2024-05-02,B3SA3,False,10.78999996,,,False,,False,0.0,indicator_not_uptrend
2024-04-30,2024-05-02,BBAS3,False,27.42000008,,,False,,False,0.0,indicator_not_uptrend
2024-04-30,2024-05-02,BBDC4,True,14.0,-0.990101390619913,38.206090168162696,False,,False,0.0,nonpositive_momentum
2024-04-30,2024-05-02,BBSE3,False,32.20000076,,,False,,False,0.0,indicator_not_uptrend
2024-04-30,2024-05-02,BPAC11,False,33.40000153,,,False,,False,0.0,indicator_not_uptrend
2024-04-30,2024-05-02,BRAP4,True,19.93000031,-4.73231245800263,25.612586363877277,False,,False,0.0,nonpositive_momentum
2024-04-30,2024-05-02,CMIG4,False,9.77000046,,,False,,False,0.0,indicator_not_uptrend
2024-04-30,2024-05-02,CPFE3,False,31.89999962,,,False,,False,0.0,indicator_not_uptrend
2024-04-30,2024-05-02,CPLE3,False,8.19999981,,,False,,False,0.0,indicator_not_uptrend
2024-04-30,2024-05-02,CSMG3,False,19.57999992,,,False,,False,0.0,indicator_not_uptrend
2024-04-30,2024-05-02,CSNA3,False,13.92000008,,,False,,False,0.0,indicator_not_uptrend
2024-04-30,2024-05-02,CYRE3,False,20.29999924,,,False,,False,0.0,indicator_not_uptrend
2024-04-30,2024-05-02,EGIE3,True,29.2142849,1.665422131728378,19.77852146669063,True,4,False,0.0,eligible
2024-04-30,2024-05-02,ENEV3,False,12.38000011,,,False,,False,0.0,indicator_not_uptrend
2024-04-30,2024-05-02,ENGI11,False,41.0,,,False,,False,0.0,indicator_not_uptrend
2024-04-30,2024-05-02,EQTL3,False,29.5163765,,,False,,False,0.0,indicator_not_uptrend
2024-04-30,2024-05-02,GGBR4,False,18.26000023,,,False,,False,0.0,indicator_not_uptrend
2024-04-30,2024-05-02,GOAU4,True,7.93519783,5.064550580171456,23.34761720718186,True,3,False,0.0,eligible
2024-04-30,2024-05-02,HYPE3,False,29.52000046,,,False,,False,0.0,indicator_not_uptrend
2024-04-30,2024-05-02,ITSA4,False,8.88713932,,,False,,False,0.0,indicator_not_uptrend
2024-04-30,2024-05-02,ITUB4,False,27.6787281,,,False,,False,0.0,indicator_not_uptrend
2024-04-30,2024-05-02,KLBN11,False,20.73807335,,,False,,False,0.0,indicator_not_uptrend
2024-04-30,2024-05-02,LREN3,False,13.93636322,,,False,,False,0.0,indicator_not_uptrend
2024-04-30,2024-05-02,MGLU3,False,12.95238018,,,False,,False,0.0,indicator_not_uptrend
2024-04-30,2024-05-02,MULT3,False,22.88999939,,,False,,False,0.0,indicator_not_uptrend
2024-04-30,2024-05-02,PETR4,True,42.02000046,16.495705076619572,30.2574027537506,True,1,True,1.0,eligible
2024-04-30,2024-05-02,PSSA3,False,29.95999908,,,False,,False,0.0,indicator_not_uptrend
2024-04-30,2024-05-02,RADL3,False,25.07843018,,,False,,False,0.0,indicator_not_uptrend
2024-04-30,2024-05-02,RAIL3,False,20.15999985,,,False,,False,0.0,indicator_not_uptrend
2024-04-30,2024-05-02,RENT3,False,49.02999878,,,False,,False,0.0,indicator_not_uptrend
2024-04-30,2024-05-02,SANB11,True,28.89999962,7.076694576792875,22.716862719314353,True,2,False,0.0,eligible
2024-04-30,2024-05-02,SBSP3,False,15.6733532,,,False,,False,0.0,indicator_not_uptrend
2024-04-30,2024-05-02,SMTO3,False,28.59000015,,,False,,False,0.0,indicator_not_uptrend
2024-04-30,2024-05-02,SUZB3,False,58.45999908,,,False,,False,0.0,indicator_not_uptrend
2024-04-30,2024-05-02,TOTS3,False,27.54000092,,,False,,False,0.0,indicator_not_uptrend
2024-04-30,2024-05-02,UGPA3,False,25.85000038,,,False,,False,0.0,indicator_not_uptrend
2024-04-30,2024-05-02,USIM5,False,7.90999985,,,False,,False,0.0,indicator_not_uptrend
2024-04-30,2024-05-02,VALE3,True,63.29000092,-1.0010939885759518,25.16390609229433,False,,False,0.0,nonpositive_momentum
2024-04-30,2024-05-02,WEGE3,False,39.54999924,,,False,,False,0.0,indicator_not_uptrend
2024-05-31,2024-06-03,ABEV3,False,11.56000042,,,False,,False,0.0,indicator_not_uptrend
2024-05-31,2024-06-03,B3SA3,True,10.69999981,-17.182664522088764,27.697270816231295,False,,False,0.0,nonpositive_momentum
2024-05-31,2024-06-03,BBAS3,False,27.12000084,,,False,,False,0.0,indicator_not_uptrend
2024-05-31,2024-06-03,BBDC4,False,12.67000008,,,False,,False,0.0,indicator_not_uptrend
2024-05-31,2024-06-03,BBSE3,False,32.29999924,,,False,,False,0.0,indicator_not_uptrend
2024-05-31,2024-06-03,BPAC11,False,31.59000015,,,False,,False,0.0,indicator_not_uptrend
2024-05-31,2024-06-03,BRAP4,False,19.20000076,,,False,,False,0.0,indicator_not_uptrend
2024-05-31,2024-06-03,CMIG4,False,9.94999981,,,False,,False,0.0,indicator_not_uptrend
2024-05-31,2024-06-03,CPFE3,True,34.09999847,-7.787996500337435,23.314186402062514,False,,False,0.0,nonpositive_momentum
2024-05-31,2024-06-03,CPLE3,False,8.14000034,,,False,,False,0.0,indicator_not_uptrend
2024-05-31,2024-06-03,CSMG3,False,20.14999962,,,False,,False,0.0,indicator_not_uptrend
2024-05-31,2024-06-03,CSNA3,False,13.07999992,,,False,,False,0.0,indicator_not_uptrend
2024-05-31,2024-06-03,CYRE3,False,19.11000061,,,False,,False,0.0,indicator_not_uptrend
2024-05-31,2024-06-03,EGIE3,True,30.95714188,-0.7556725387739438,23.607881134482316,False,,False,0.0,nonpositive_momentum
2024-05-31,2024-06-03,ENEV3,True,12.43000031,-2.433276810019913,20.165982739675698,False,,False,0.0,nonpositive_momentum
2024-05-31,2024-06-03,ENGI11,True,41.55454636,-12.617090182247715,22.03704129945678,False,,False,0.0,nonpositive_momentum
2024-05-31,2024-06-03,EQTL3,False,29.22999954,,,False,,False,0.0,indicator_not_uptrend
2024-05-31,2024-06-03,GGBR4,False,18.11000061,,,False,,False,0.0,indicator_not_uptrend
2024-05-31,2024-06-03,GOAU4,False,8.03269958,,,False,,False,0.0,indicator_not_uptrend
2024-05-31,2024-06-03,HYPE3,False,27.14999962,,,False,,False,0.0,indicator_not_uptrend
2024-05-31,2024-06-03,ITSA4,True,9.04517365,2.4724193018029306,16.30132284783325,True,1,True,1.0,eligible
2024-05-31,2024-06-03,ITUB4,False,27.38746643,,,False,,False,0.0,indicator_not_uptrend
2024-05-31,2024-06-03,KLBN11,False,20.11881065,,,False,,False,0.0,indicator_not_uptrend
2024-05-31,2024-06-03,LREN3,False,11.92727184,,,False,,False,0.0,indicator_not_uptrend
2024-05-31,2024-06-03,MGLU3,False,11.80000019,,,False,,False,0.0,indicator_not_uptrend
2024-05-31,2024-06-03,MULT3,False,22.70000076,,,False,,False,0.0,indicator_not_uptrend
2024-05-31,2024-06-03,PETR4,False,38.79000092,,,False,,False,0.0,indicator_not_uptrend
2024-05-31,2024-06-03,PSSA3,False,30.35000038,,,False,,False,0.0,indicator_not_uptrend
2024-05-31,2024-06-03,RADL3,False,24.57843018,,,False,,False,0.0,indicator_not_uptrend
2024-05-31,2024-06-03,RAIL3,False,19.70999908,,,False,,False,0.0,indicator_not_uptrend
2024-05-31,2024-06-03,RENT3,False,42.72999954,,,False,,False,0.0,indicator_not_uptrend
2024-05-31,2024-06-03,SANB11,True,27.75,-9.313726616365493,20.893326002152975,False,,False,0.0,nonpositive_momentum
2024-05-31,2024-06-03,SBSP3,False,14.32360554,,,False,,False,0.0,indicator_not_uptrend
2024-05-31,2024-06-03,SMTO3,False,27.13999939,,,False,,False,0.0,indicator_not_uptrend
2024-05-31,2024-06-03,SUZB3,False,48.70000076,,,False,,False,0.0,indicator_not_uptrend
2024-05-31,2024-06-03,TOTS3,True,28.71999931,-13.206409248082164,26.305421204329356,False,,False,0.0,nonpositive_momentum
2024-05-31,2024-06-03,UGPA3,False,23.17000008,,,False,,False,0.0,indicator_not_uptrend
2024-05-31,2024-06-03,USIM5,False,7.57000017,,,False,,False,0.0,indicator_not_uptrend
2024-05-31,2024-06-03,VALE3,True,63.20000076,-13.790747696759297,22.40753814487532,False,,False,0.0,nonpositive_momentum
2024-05-31,2024-06-03,WEGE3,False,37.54999924,,,False,,False,0.0,indicator_not_uptrend
2024-06-28,2024-07-01,ABEV3,True,11.40999985,-17.138711192170863,16.903475318960574,False,,False,0.0,nonpositive_momentum
2024-06-28,2024-07-01,B3SA3,False,10.23999977,,,False,,False,0.0,indicator_not_uptrend
2024-06-28,2024-07-01,BBAS3,False,26.70999908,,,False,,False,0.0,indicator_not_uptrend
2024-06-28,2024-07-01,BBDC4,False,12.38000011,,,False,,False,0.0,indicator_not_uptrend
2024-06-28,2024-07-01,BBSE3,True,32.93000031,-2.0232082346278824,14.282607786131846,False,,False,0.0,nonpositive_momentum
2024-06-28,2024-07-01,BPAC11,True,30.90999985,-17.109146990066638,28.761963553483046,False,,False,0.0,nonpositive_momentum
2024-06-28,2024-07-01,BRAP4,False,18.51000023,,,False,,False,0.0,indicator_not_uptrend
2024-06-28,2024-07-01,CMIG4,False,9.89000034,,,False,,False,0.0,indicator_not_uptrend
2024-06-28,2024-07-01,CPFE3,False,32.72999954,,,False,,False,0.0,indicator_not_uptrend
2024-06-28,2024-07-01,CPLE3,True,8.28999996,-12.275130934632262,26.816270885353678,False,,False,0.0,nonpositive_momentum
2024-06-28,2024-07-01,CSMG3,True,20.88999939,2.6031373483342835,28.583586636617454,True,6,False,0.0,eligible
2024-06-28,2024-07-01,CSNA3,True,12.90999985,-33.316118578366094,33.25357056175067,False,,False,0.0,nonpositive_momentum
2024-06-28,2024-07-01,CYRE3,True,18.85000038,-21.978474763939193,32.153216014405025,False,,False,0.0,nonpositive_momentum
2024-06-28,2024-07-01,EGIE3,False,31.63571358,,,False,,False,0.0,indicator_not_uptrend
2024-06-28,2024-07-01,ENEV3,True,12.69999981,-6.480118668513224,22.476059916264727,False,,False,0.0,nonpositive_momentum
2024-06-28,2024-07-01,ENGI11,True,41.47272873,-13.843245935170023,23.154812105034743,False,,False,0.0,nonpositive_momentum
2024-06-28,2024-07-01,EQTL3,True,30.69000053,-12.83725835871281,26.05235053558102,False,,False,0.0,nonpositive_momentum
2024-06-28,2024-07-01,GGBR4,True,18.37999916,-6.542374127049733,27.49790273969042,False,,False,0.0,nonpositive_momentum
2024-06-28,2024-07-01,GOAU4,False,7.98769903,,,False,,False,0.0,indicator_not_uptrend
2024-06-28,2024-07-01,HYPE3,True,28.70000076,-20.211287777098384,31.867576735553126,False,,False,0.0,nonpositive_momentum
2024-06-28,2024-07-01,ITSA4,True,9.12883854,-4.474717154879137,16.42440748109463,False,,False,0.0,nonpositive_momentum
2024-06-28,2024-07-01,ITUB4,True,28.60547256,-3.684989344170131,18.284806709333665,False,,False,0.0,nonpositive_momentum
2024-06-28,2024-07-01,KLBN11,True,21.22772217,7.837214393980552,17.652516569840152,True,3,False,0.0,eligible
2024-06-28,2024-07-01,LREN3,False,11.34545422,,,False,,False,0.0,indicator_not_uptrend
2024-06-28,2024-07-01,MGLU3,True,11.47618961,-38.941971324250325,67.83835070767212,False,,False,0.0,nonpositive_momentum
2024-06-28,2024-07-01,MULT3,True,22.54000092,-20.856737064399546,26.341606748595446,False,,False,0.0,nonpositive_momentum
2024-06-28,2024-07-01,PETR4,False,38.04999924,,,False,,False,0.0,indicator_not_uptrend
2024-06-28,2024-07-01,PSSA3,True,30.95000076,6.724140551724145,24.86407706497171,True,4,False,0.0,eligible
2024-06-28,2024-07-01,RADL3,True,25.1764698,-12.712444717535087,25.239443455219117,False,,False,0.0,nonpositive_momentum
2024-06-28,2024-07-01,RAIL3,True,20.71999931,-9.559146898030201,25.20101887003705,False,,False,0.0,nonpositive_momentum
2024-06-28,2024-07-01,RENT3,True,42.0,-34.510692320838274,30.360053984344994,False,,False,0.0,nonpositive_momentum
2024-06-28,2024-07-01,SANB11,True,27.45999908,-13.375399300779078,22.748829606840804,False,,False,0.0,nonpositive_momentum
2024-06-28,2024-07-01,SBSP3,True,14.538867,1.1058629153766875,25.871913518261653,True,7,False,0.0,eligible
2024-06-28,2024-07-01,SMTO3,True,32.72999954,12.08903660316205,31.844041237031323,True,2,False,0.0,eligible
2024-06-28,2024-07-01,SUZB3,True,57.00999832,3.2415738146555517,41.1353446253256,True,5,False,0.0,eligible
2024-06-28,2024-07-01,TOTS3,True,30.43000031,-9.245447607499136,22.810859046352142,False,,False,0.0,nonpositive_momentum
2024-06-28,2024-07-01,UGPA3,False,21.60000038,,,False,,False,0.0,indicator_not_uptrend
2024-06-28,2024-07-01,USIM5,True,7.90999985,-15.1287541512783,41.11066163961933,False,,False,0.0,nonpositive_momentum
2024-06-28,2024-07-01,VALE3,False,62.22000122,,,False,,False,0.0,indicator_not_uptrend
2024-06-28,2024-07-01,WEGE3,True,42.18999863,14.896506612915616,15.506493511672993,True,1,True,1.0,eligible
2024-07-31,2024-08-01,ABEV3,True,11.57999992,-11.196319359497908,15.758059896394741,False,,False,0.0,nonpositive_momentum
2024-07-31,2024-08-01,B3SA3,True,10.85000038,-16.53845861538461,26.993018441501604,False,,False,0.0,nonpositive_momentum
2024-07-31,2024-08-01,BBAS3,True,26.54999924,-5.566425547938048,17.859214035477336,False,,False,0.0,nonpositive_momentum
2024-07-31,2024-08-01,BBDC4,True,12.43000031,-18.598559688583006,16.822813758622956,False,,False,0.0,nonpositive_momentum
2024-07-31,2024-08-01,BBSE3,True,35.16999817,3.960970344411008,13.555907264725487,True,9,False,0.0,eligible
2024-07-31,2024-08-01,BPAC11,True,32.61000061,-9.164347576004117,26.199411629121194,False,,False,0.0,nonpositive_momentum
2024-07-31,2024-08-01,BRAP4,True,18.52000046,-19.161935481199933,16.352132218044922,False,,False,0.0,nonpositive_momentum
2024-07-31,2024-08-01,CMIG4,True,10.85999966,22.76522168235644,24.408954531556727,True,2,False,0.0,eligible
2024-07-31,2024-08-01,CPFE3,True,32.47999954,-9.349712863243798,17.765773678411097,False,,False,0.0,nonpositive_momentum
2024-07-31,2024-08-01,CPLE3,True,8.97999954,1.3544005034419992,24.37108776035163,True,14,False,0.0,eligible
2024-07-31,2024-08-01,CSMG3,True,21.96999931,2.42423557844198,26.81460262646098,True,13,False,0.0,eligible
2024-07-31,2024-08-01,CSNA3,False,11.85999966,,,False,,False,0.0,indicator_not_uptrend
2024-07-31,2024-08-01,CYRE3,True,19.48999977,-12.048736904662016,32.01987477575655,False,,False,0.0,nonpositive_momentum
2024-07-31,2024-08-01,EGIE3,False,31.59285736,,,False,,False,0.0,indicator_not_uptrend
2024-07-31,2024-08-01,ENEV3,False,12.63000011,,,False,,False,0.0,indicator_not_uptrend
2024-07-31,2024-08-01,ENGI11,False,39.93636322,,,False,,False,0.0,indicator_not_uptrend
2024-07-31,2024-08-01,EQTL3,True,32.63999939,-5.582876243294532,26.26767673847799,False,,False,0.0,nonpositive_momentum
2024-07-31,2024-08-01,GGBR4,True,18.26000023,3.018334773090703,24.707567913904075,True,11,False,0.0,eligible
2024-07-31,2024-08-01,GOAU4,True,7.97269917,6.726913152203973,22.919863428022776,True,6,False,0.0,eligible
2024-07-31,2024-08-01,HYPE3,True,28.79999924,-7.751441779259927,27.822086722680368,False,,False,0.0,nonpositive_momentum
2024-07-31,2024-08-01,ITSA4,True,9.45420456,2.831145466044882,14.527732574496124,True,12,False,0.0,eligible
2024-07-31,2024-08-01,ITUB4,True,29.90291214,4.471171655164996,14.826897783767718,True,8,False,0.0,eligible
2024-07-31,2024-08-01,KLBN11,True,21.87128639,13.652949941960358,18.72692039386453,True,4,False,0.0,eligible
2024-07-31,2024-08-01,LREN3,True,12.0545454,-14.890885212872885,41.92300265841521,False,,False,0.0,nonpositive_momentum
2024-07-31,2024-08-01,MGLU3,True,10.54285717,-40.224851075991864,66.0789228852972,False,,False,0.0,nonpositive_momentum
2024-07-31,2024-08-01,MULT3,True,23.95999908,-14.060258960208671,25.923979171282006,False,,False,0.0,nonpositive_momentum
2024-07-31,2024-08-01,PETR4,True,37.40999985,-7.21726156342638,28.316750948816367,False,,False,0.0,nonpositive_momentum
2024-07-31,2024-08-01,PSSA3,True,30.60000038,15.34112168920565,25.801620686876337,True,3,False,0.0,eligible
2024-07-31,2024-08-01,RADL3,True,27.05882263,5.142852739565762,23.63715166721247,True,7,False,0.0,eligible
2024-07-31,2024-08-01,RAIL3,True,22.14999962,-2.121076260791166,24.29207777914984,False,,False,0.0,nonpositive_momentum
2024-07-31,2024-08-01,RENT3,True,43.83000183,-19.56322173121283,30.165472593051152,False,,False,0.0,nonpositive_momentum
2024-07-31,2024-08-01,SANB11,True,28.64999962,-1.8835654989209027,19.974784330253826,False,,False,0.0,nonpositive_momentum
2024-07-31,2024-08-01,SBSP3,True,17.11230659,12.882174225871633,29.09965449125085,True,5,False,0.0,eligible
2024-07-31,2024-08-01,SMTO3,False,29.05999947,,,False,,False,0.0,indicator_not_uptrend
2024-07-31,2024-08-01,SUZB3,True,53.86000061,3.3781232086089963,42.852092464421524,True,10,False,0.0,eligible
2024-07-31,2024-08-01,TOTS3,False,27.75,,,False,,False,0.0,indicator_not_uptrend
2024-07-31,2024-08-01,UGPA3,True,22.20999908,-20.16535108739248,27.431385742622837,False,,False,0.0,nonpositive_momentum
2024-07-31,2024-08-01,USIM5,False,6.21999979,,,False,,False,0.0,indicator_not_uptrend
2024-07-31,2024-08-01,VALE3,False,61.63000107,,,False,,False,0.0,indicator_not_uptrend
2024-07-31,2024-08-01,WEGE3,True,50.65999985,53.56167708446142,27.411042845033585,True,1,True,1.0,eligible
2024-08-30,2024-09-02,ABEV3,True,12.85999966,3.0448728686411464,17.284617806705647,True,16,False,0.0,eligible
2024-08-30,2024-09-02,B3SA3,True,12.68000031,3.089431822195765,28.429196563942472,True,15,False,0.0,eligible
2024-08-30,2024-09-02,BBAS3,True,28.12000084,-2.496530188124846,18.453474601726455,False,,False,0.0,nonpositive_momentum
2024-08-30,2024-09-02,BBDC4,True,15.64000034,14.578760259335466,24.927232464507647,True,6,False,0.0,eligible
2024-08-30,2024-09-02,BBSE3,True,36.72999954,11.60741327077217,14.952147466872932,True,7,False,0.0,eligible
2024-08-30,2024-09-02,BPAC11,True,35.56000137,-1.2496444626326708,25.04156342227969,False,,False,0.0,nonpositive_momentum
2024-08-30,2024-09-02,BRAP4,True,19.46999931,-5.805518942213772,17.865419612131994,False,,False,0.0,nonpositive_momentum
2024-08-30,2024-09-02,CMIG4,True,11.63000011,26.73093545038865,30.124360489476647,True,2,False,0.0,eligible
2024-08-30,2024-09-02,CPFE3,True,34.09000015,-2.320920757850742,18.428442921930134,False,,False,0.0,nonpositive_momentum
2024-08-30,2024-09-02,CPLE3,True,9.38000011,3.991126736594408,17.55039591660323,True,14,False,0.0,eligible
2024-08-30,2024-09-02,CSMG3,True,23.71999931,17.892635783806465,32.17914297888755,True,5,False,0.0,eligible
2024-08-30,2024-09-02,CSNA3,True,11.85999966,-28.896885853834863,36.343404579717024,False,,False,0.0,nonpositive_momentum
2024-08-30,2024-09-02,CYRE3,True,21.81999969,-9.76013477975014,35.119646144172684,False,,False,0.0,nonpositive_momentum
2024-08-30,2024-09-02,EGIE3,False,32.25714111,,,False,,False,0.0,indicator_not_uptrend
2024-08-30,2024-09-02,ENEV3,True,13.13000011,7.711243333775397,25.14279914255101,True,10,False,0.0,eligible
2024-08-30,2024-09-02,ENGI11,True,43.00909042,-5.133350110520274,24.39152070773256,False,,False,0.0,nonpositive_momentum
2024-08-30,2024-09-02,EQTL3,True,34.20000076,1.453579630296442,38.746487424481856,True,18,False,0.0,eligible
2024-08-30,2024-09-02,GGBR4,True,18.29999924,0.13679682910985314,23.07573620273361,True,19,False,0.0,eligible
2024-08-30,2024-09-02,GOAU4,True,7.86769581,2.843131430748902,22.037786874548914,True,17,False,0.0,eligible
2024-08-30,2024-09-02,HYPE3,True,28.54000092,-15.210929746929269,27.734654292870452,False,,False,0.0,nonpositive_momentum
2024-08-30,2024-09-02,ITSA4,True,10.1886034,6.718606599146026,16.641832128790863,True,12,False,0.0,eligible
2024-08-30,2024-09-02,ITUB4,True,32.39188004,8.54776880042538,16.297186240485342,True,9,False,0.0,eligible
2024-08-30,2024-09-02,KLBN11,True,21.37623787,5.50422011740157,18.588469331984058,True,13,False,0.0,eligible
2024-08-30,2024-09-02,LREN3,True,15.72727203,6.988246484882099,42.4820491852965,True,11,False,0.0,eligible
2024-08-30,2024-09-02,MGLU3,True,11.58095169,-42.91079847269062,67.81162667551872,False,,False,0.0,nonpositive_momentum
2024-08-30,2024-09-02,MULT3,True,25.63999939,-1.346673270863219,26.190086624409563,False,,False,0.0,nonpositive_momentum
2024-08-30,2024-09-02,PETR4,True,39.36999893,-1.7714642404745629,27.67430090275733,False,,False,0.0,nonpositive_momentum
2024-08-30,2024-09-02,PSSA3,True,34.06000137,19.508776736842105,16.621400992948857,True,3,False,0.0,eligible
2024-08-30,2024-09-02,RADL3,False,27.01960754,,,False,,False,0.0,indicator_not_uptrend
2024-08-30,2024-09-02,RAIL3,False,21.85000038,,,False,,False,0.0,indicator_not_uptrend
2024-08-30,2024-09-02,RENT3,False,41.36999893,,,False,,False,0.0,indicator_not_uptrend
2024-08-30,2024-09-02,SANB11,True,31.39999962,10.136791885953622,20.555207560321797,True,8,False,0.0,eligible
2024-08-30,2024-09-02,SBSP3,True,18.37090683,19.037439616525376,30.641778027705747,True,4,False,0.0,eligible
2024-08-30,2024-09-02,SMTO3,False,27.71999931,,,False,,False,0.0,indicator_not_uptrend
2024-08-30,2024-09-02,SUZB3,True,55.0,-5.902481976289375,32.82467880543763,False,,False,0.0,nonpositive_momentum
2024-08-30,2024-09-02,TOTS3,True,29.96999931,-2.5682734528380102,27.276815608767794,False,,False,0.0,nonpositive_momentum
2024-08-30,2024-09-02,UGPA3,True,23.36000061,-19.999999993150684,32.386633234693655,False,,False,0.0,nonpositive_momentum
2024-08-30,2024-09-02,USIM5,True,6.23000002,-41.7756997137741,59.649763442679884,False,,False,0.0,nonpositive_momentum
2024-08-30,2024-09-02,VALE3,True,59.58000183,-10.714822673433178,19.133066618039212,False,,False,0.0,nonpositive_momentum
2024-08-30,2024-09-02,WEGE3,True,54.15000153,45.79968341243421,32.358059401439355,True,1,True,1.0,eligible
2024-09-30,2024-10-01,ABEV3,False,13.07999992,,,False,,False,0.0,indicator_not_uptrend
2024-09-30,2024-10-01,B3SA3,False,10.71000004,,,False,,False,0.0,indicator_not_uptrend
2024-09-30,2024-10-01,BBAS3,False,27.18000031,,,False,,False,0.0,indicator_not_uptrend
2024-09-30,2024-10-01,BBDC4,False,14.69999981,,,False,,False,0.0,indicator_not_uptrend
2024-09-30,2024-10-01,BBSE3,False,35.5,,,False,,False,0.0,indicator_not_uptrend
2024-09-30,2024-10-01,BPAC11,False,33.27000046,,,False,,False,0.0,indicator_not_uptrend
2024-09-30,2024-10-01,BRAP4,True,20.21999931,-2.97505199394158,24.727312664758728,False,,False,0.0,nonpositive_momentum
2024-09-30,2024-10-01,CMIG4,False,11.39999962,,,False,,False,0.0,indicator_not_uptrend
2024-09-30,2024-10-01,CPFE3,False,33.93000031,,,False,,False,0.0,indicator_not_uptrend
2024-09-30,2024-10-01,CPLE3,False,9.18999958,,,False,,False,0.0,indicator_not_uptrend
2024-09-30,2024-10-01,CSMG3,False,23.04000092,,,False,,False,0.0,indicator_not_uptrend
2024-09-30,2024-10-01,CSNA3,True,12.89000034,-15.971315424009303,43.99931145973382,False,,False,0.0,nonpositive_momentum
2024-09-30,2024-10-01,CYRE3,False,20.52000046,,,False,,False,0.0,indicator_not_uptrend
2024-09-30,2024-10-01,EGIE3,False,30.3214283,,,False,,False,0.0,indicator_not_uptrend
2024-09-30,2024-10-01,ENEV3,True,13.97000027,10.52215106190415,21.81638046046541,True,2,False,0.0,eligible
2024-09-30,2024-10-01,ENGI11,False,40.71818161,,,False,,False,0.0,indicator_not_uptrend
2024-09-30,2024-10-01,EQTL3,False,32.5,,,False,,False,0.0,indicator_not_uptrend
2024-09-30,2024-10-01,GGBR4,True,19.10000038,1.1027823881630816,26.702157366907926,True,5,False,0.0,eligible
2024-09-30,2024-10-01,GOAU4,True,8.19020367,3.5071080772001606,26.015775906504178,True,4,False,0.0,eligible
2024-09-30,2024-10-01,HYPE3,False,26.22999954,,,False,,False,0.0,indicator_not_uptrend
2024-09-30,2024-10-01,ITSA4,False,10.29086018,,,False,,False,0.0,indicator_not_uptrend
2024-09-30,2024-10-01,ITUB4,False,31.87113762,,,False,,False,0.0,indicator_not_uptrend
2024-09-30,2024-10-01,KLBN11,False,20.68316841,,,False,,False,0.0,indicator_not_uptrend
2024-09-30,2024-10-01,LREN3,False,16.41818047,,,False,,False,0.0,indicator_not_uptrend
2024-09-30,2024-10-01,MGLU3,False,9.23809528,,,False,,False,0.0,indicator_not_uptrend
2024-09-30,2024-10-01,MULT3,False,25.64999962,,,False,,False,0.0,indicator_not_uptrend
2024-09-30,2024-10-01,PETR4,False,36.00999832,,,False,,False,0.0,indicator_not_uptrend
2024-09-30,2024-10-01,PSSA3,True,36.45999908,16.151639976186715,16.830475134829406,True,1,True,1.0,eligible
2024-09-30,2024-10-01,RADL3,False,24.99019623,,,False,,False,0.0,indicator_not_uptrend
2024-09-30,2024-10-01,RAIL3,False,20.0,,,False,,False,0.0,indicator_not_uptrend
2024-09-30,2024-10-01,RENT3,False,41.0,,,False,,False,0.0,indicator_not_uptrend
2024-09-30,2024-10-01,SANB11,False,28.38999939,,,False,,False,0.0,indicator_not_uptrend
2024-09-30,2024-10-01,SBSP3,False,17.53119469,,,False,,False,0.0,indicator_not_uptrend
2024-09-30,2024-10-01,SMTO3,False,26.20999908,,,False,,False,0.0,indicator_not_uptrend
2024-09-30,2024-10-01,SUZB3,False,54.43999863,,,False,,False,0.0,indicator_not_uptrend
2024-09-30,2024-10-01,TOTS3,False,28.55999947,,,False,,False,0.0,indicator_not_uptrend
2024-09-30,2024-10-01,UGPA3,False,21.20999908,,,False,,False,0.0,indicator_not_uptrend
2024-09-30,2024-10-01,USIM5,True,6.23999977,-38.64307059081163,64.27088795704363,False,,False,0.0,nonpositive_momentum
2024-09-30,2024-10-01,VALE3,True,63.50999832,4.029482572684806,25.8344886152694,True,3,False,0.0,eligible
2024-09-30,2024-10-01,WEGE3,False,54.38999939,,,False,,False,0.0,indicator_not_uptrend
2024-10-31,2024-11-01,ABEV3,False,12.64000034,,,False,,False,0.0,indicator_not_uptrend
2024-10-31,2024-11-01,B3SA3,False,10.61999989,,,False,,False,0.0,indicator_not_uptrend
2024-10-31,2024-11-01,BBAS3,False,26.32999992,,,False,,False,0.0,indicator_not_uptrend
2024-10-31,2024-11-01,BBDC4,False,14.36999989,,,False,,False,0.0,indicator_not_uptrend
2024-10-31,2024-11-01,BBSE3,False,34.27000046,,,False,,False,0.0,indicator_not_uptrend
2024-10-31,2024-11-01,BPAC11,False,32.52000046,,,False,,False,0.0,indicator_not_uptrend
2024-10-31,2024-11-01,BRAP4,True,19.63999939,-3.3940016365725523,25.596871785648123,False,,False,0.0,nonpositive_momentum
2024-10-31,2024-11-01,CMIG4,False,11.36999989,,,False,,False,0.0,indicator_not_uptrend
2024-10-31,2024-11-01,CPFE3,False,32.77000046,,,False,,False,0.0,indicator_not_uptrend
2024-10-31,2024-11-01,CPLE3,False,8.71000004,,,False,,False,0.0,indicator_not_uptrend
2024-10-31,2024-11-01,CSMG3,False,23.04999924,,,False,,False,0.0,indicator_not_uptrend
2024-10-31,2024-11-01,CSNA3,False,11.77000046,,,False,,False,0.0,indicator_not_uptrend
2024-10-31,2024-11-01,CYRE3,False,21.73999977,,,False,,False,0.0,indicator_not_uptrend
2024-10-31,2024-11-01,EGIE3,False,29.62142754,,,False,,False,0.0,indicator_not_uptrend
2024-10-31,2024-11-01,ENEV3,False,13.07999992,,,False,,False,0.0,indicator_not_uptrend
2024-10-31,2024-11-01,ENGI11,False,39.22727203,,,False,,False,0.0,indicator_not_uptrend
2024-10-31,2024-11-01,EQTL3,False,32.11999893,,,False,,False,0.0,indicator_not_uptrend
2024-10-31,2024-11-01,GGBR4,False,18.29999924,,,False,,False,0.0,indicator_not_uptrend
2024-10-31,2024-11-01,GOAU4,False,7.70269203,,,False,,False,0.0,indicator_not_uptrend
2024-10-31,2024-11-01,HYPE3,False,22.10000038,,,False,,False,0.0,indicator_not_uptrend
2024-10-31,2024-11-01,ITSA4,False,9.86323738,,,False,,False,0.0,indicator_not_uptrend
2024-10-31,2024-11-01,ITUB4,False,30.90909004,,,False,,False,0.0,indicator_not_uptrend
2024-10-31,2024-11-01,KLBN11,False,20.65346527,,,False,,False,0.0,indicator_not_uptrend
2024-10-31,2024-11-01,LREN3,False,16.88181877,,,False,,False,0.0,indicator_not_uptrend
2024-10-31,2024-11-01,MGLU3,True,9.00952339,-41.24223756016746,51.80725638746735,False,,False,0.0,nonpositive_momentum
2024-10-31,2024-11-01,MULT3,False,25.59000015,,,False,,False,0.0,indicator_not_uptrend
2024-10-31,2024-11-01,PETR4,False,35.90999985,,,False,,False,0.0,indicator_not_uptrend
2024-10-31,2024-11-01,PSSA3,True,38.15000153,29.453689932916394,16.595138931290034,True,1,True,1.0,eligible
2024-10-31,2024-11-01,RADL3,False,23.86274529,,,False,,False,0.0,indicator_not_uptrend
2024-10-31,2024-11-01,RAIL3,True,19.89999962,-4.050145416178086,21.375295229782605,False,,False,0.0,nonpositive_momentum
2024-10-31,2024-11-01,RENT3,True,42.02000046,-15.333468559201869,51.219031737821865,False,,False,0.0,nonpositive_momentum
2024-10-31,2024-11-01,SANB11,False,27.20000076,,,False,,False,0.0,indicator_not_uptrend
2024-10-31,2024-11-01,SBSP3,False,17.85699463,,,False,,False,0.0,indicator_not_uptrend
2024-10-31,2024-11-01,SMTO3,False,25.31999969,,,False,,False,0.0,indicator_not_uptrend
2024-10-31,2024-11-01,SUZB3,True,59.77000046,14.545803190701445,20.930250023116045,True,2,False,0.0,eligible
2024-10-31,2024-11-01,TOTS3,True,29.84000015,7.030132887564977,24.98604195596731,True,3,False,0.0,eligible
2024-10-31,2024-11-01,UGPA3,False,20.88999939,,,False,,False,0.0,indicator_not_uptrend
2024-10-31,2024-11-01,USIM5,True,6.61000013,-17.478153056182855,42.57454501391864,False,,False,0.0,nonpositive_momentum
2024-10-31,2024-11-01,VALE3,True,62.06000137,-3.9021374862045266,25.902775613311636,False,,False,0.0,nonpositive_momentum
2024-10-31,2024-11-01,WEGE3,False,54.11000061,,,False,,False,0.0,indicator_not_uptrend
2024-11-29,2024-12-02,ABEV3,False,12.72999954,,,False,,False,0.0,indicator_not_uptrend
2024-11-29,2024-12-02,B3SA3,False,9.26000023,,,False,,False,0.0,indicator_not_uptrend
2024-11-29,2024-12-02,BBAS3,False,24.77000046,,,False,,False,0.0,indicator_not_uptrend
2024-11-29,2024-12-02,BBDC4,False,12.63000011,,,False,,False,0.0,indicator_not_uptrend
2024-11-29,2024-12-02,BBSE3,False,33.52999878,,,False,,False,0.0,indicator_not_uptrend
2024-11-29,2024-12-02,BPAC11,False,30.28000069,,,False,,False,0.0,indicator_not_uptrend
2024-11-29,2024-12-02,BRAP4,False,18.45000076,,,False,,False,0.0,indicator_not_uptrend
2024-11-29,2024-12-02,CMIG4,True,11.89999962,16.09755726829267,23.94052200231056,True,5,False,0.0,eligible
2024-11-29,2024-12-02,CPFE3,True,32.61999893,-5.85859310350223,15.631917723020445,False,,False,0.0,nonpositive_momentum
2024-11-29,2024-12-02,CPLE3,True,8.72999954,3.313606346696485,22.526287272628704,True,8,False,0.0,eligible
2024-11-29,2024-12-02,CSMG3,True,25.37999916,24.472780379028734,23.444301701308923,True,3,False,0.0,eligible
2024-11-29,2024-12-02,CSNA3,False,11.15999985,,,False,,False,0.0,indicator_not_uptrend
2024-11-29,2024-12-02,CYRE3,False,18.39999962,,,False,,False,0.0,indicator_not_uptrend
2024-11-29,2024-12-02,EGIE3,False,27.1428566,,,False,,False,0.0,indicator_not_uptrend
2024-11-29,2024-12-02,ENEV3,False,11.55000019,,,False,,False,0.0,indicator_not_uptrend
2024-11-29,2024-12-02,ENGI11,False,36.55454636,,,False,,False,0.0,indicator_not_uptrend
2024-11-29,2024-12-02,EQTL3,False,30.61000061,,,False,,False,0.0,indicator_not_uptrend
2024-11-29,2024-12-02,GGBR4,True,20.29999924,16.73375475604315,31.267965800685538,True,4,False,0.0,eligible
2024-11-29,2024-12-02,GOAU4,True,8.59521389,10.617750788347436,31.05879356501778,True,6,False,0.0,eligible
2024-11-29,2024-12-02,HYPE3,False,19.52000046,,,False,,False,0.0,indicator_not_uptrend
2024-11-29,2024-12-02,ITSA4,False,9.06376553,,,False,,False,0.0,indicator_not_uptrend
2024-11-29,2024-12-02,ITUB4,False,28.77316856,,,False,,False,0.0,indicator_not_uptrend
2024-11-29,2024-12-02,KLBN11,True,21.99009895,9.89610090558406,21.61889996004881,True,7,False,0.0,eligible
2024-11-29,2024-12-02,LREN3,False,13.69090939,,,False,,False,0.0,indicator_not_uptrend
2024-11-29,2024-12-02,MGLU3,True,8.60000038,-22.489264409839716,54.55474708529191,False,,False,0.0,nonpositive_momentum
2024-11-29,2024-12-02,MULT3,False,23.79000092,,,False,,False,0.0,indicator_not_uptrend
2024-11-29,2024-12-02,PETR4,True,38.90000153,1.965923905429534,18.964305953686868,True,9,False,0.0,eligible
2024-11-29,2024-12-02,PSSA3,False,37.84000015,,,False,,False,0.0,indicator_not_uptrend
2024-11-29,2024-12-02,RADL3,True,23.5686264,-4.527403323271207,24.885832877003264,False,,False,0.0,nonpositive_momentum
2024-11-29,2024-12-02,RAIL3,True,19.45000076,-2.064450339410129,24.76703228823079,False,,False,0.0,nonpositive_momentum
2024-11-29,2024-12-02,RENT3,False,37.58000183,,,False,,False,0.0,indicator_not_uptrend
2024-11-29,2024-12-02,SANB11,False,24.93000031,,,False,,False,0.0,indicator_not_uptrend
2024-11-29,2024-12-02,SBSP3,True,18.03153038,24.521218001017697,21.469016264868685,True,2,False,0.0,eligible
2024-11-29,2024-12-02,SMTO3,True,25.39999962,-4.6188493383339635,30.1904965920622,False,,False,0.0,nonpositive_momentum
2024-11-29,2024-12-02,SUZB3,True,62.40000153,33.04903943358144,20.361358889992044,True,1,True,1.0,eligible
2024-11-29,2024-12-02,TOTS3,False,27.45999908,,,False,,False,0.0,indicator_not_uptrend
2024-11-29,2024-12-02,UGPA3,False,17.94000053,,,False,,False,0.0,indicator_not_uptrend
2024-11-29,2024-12-02,USIM5,False,6.13999987,,,False,,False,0.0,indicator_not_uptrend
2024-11-29,2024-12-02,VALE3,False,58.77999878,,,False,,False,0.0,indicator_not_uptrend
2024-11-29,2024-12-02,WEGE3,False,53.93999863,,,False,,False,0.0,indicator_not_uptrend
2024-12-30,2025-01-02,ABEV3,False,11.73999977,,,False,,False,0.0,indicator_not_uptrend
2024-12-30,2025-01-02,B3SA3,True,10.31999969,-1.4326702591384022,28.99092107642976,False,,False,0.0,nonpositive_momentum
2024-12-30,2025-01-02,BBAS3,False,24.17000008,,,False,,False,0.0,indicator_not_uptrend
2024-12-30,2025-01-02,BBDC4,False,11.56000042,,,False,,False,0.0,indicator_not_uptrend
2024-12-30,2025-01-02,BBSE3,True,36.18000031,10.23766194922835,17.454148791527853,True,1,True,1.0,eligible
2024-12-30,2025-01-02,BPAC11,False,27.20000076,,,False,,False,0.0,indicator_not_uptrend
2024-12-30,2025-01-02,BRAP4,False,16.57999992,,,False,,False,0.0,indicator_not_uptrend
2024-12-30,2025-01-02,CMIG4,False,11.10999966,,,False,,False,0.0,indicator_not_uptrend
2024-12-30,2025-01-02,CPFE3,False,31.59000015,,,False,,False,0.0,indicator_not_uptrend
2024-12-30,2025-01-02,CPLE3,False,8.23999977,,,False,,False,0.0,indicator_not_uptrend
2024-12-30,2025-01-02,CSMG3,False,20.81999969,,,False,,False,0.0,indicator_not_uptrend
2024-12-30,2025-01-02,CSNA3,False,8.85999966,,,False,,False,0.0,indicator_not_uptrend
2024-12-30,2025-01-02,CYRE3,False,16.95000076,,,False,,False,0.0,indicator_not_uptrend
2024-12-30,2025-01-02,EGIE3,False,25.35714149,,,False,,False,0.0,indicator_not_uptrend
2024-12-30,2025-01-02,ENEV3,False,10.52999973,,,False,,False,0.0,indicator_not_uptrend
2024-12-30,2025-01-02,ENGI11,False,33.16363525,,,False,,False,0.0,indicator_not_uptrend
2024-12-30,2025-01-02,EQTL3,False,27.39999962,,,False,,False,0.0,indicator_not_uptrend
2024-12-30,2025-01-02,GGBR4,False,18.13999939,,,False,,False,0.0,indicator_not_uptrend
2024-12-30,2025-01-02,GOAU4,False,7.68769217,,,False,,False,0.0,indicator_not_uptrend
2024-12-30,2025-01-02,HYPE3,True,18.09000015,-37.49136206391077,41.313413619616426,False,,False,0.0,nonpositive_momentum
2024-12-30,2025-01-02,ITSA4,False,8.61894417,,,False,,False,0.0,indicator_not_uptrend
2024-12-30,2025-01-02,ITUB4,False,27.12268257,,,False,,False,0.0,indicator_not_uptrend
2024-12-30,2025-01-02,KLBN11,True,22.97029686,6.422019908551513,21.45303160720595,True,2,False,0.0,eligible
2024-12-30,2025-01-02,LREN3,False,12.11999989,,,False,,False,0.0,indicator_not_uptrend
2024-12-30,2025-01-02,MGLU3,False,6.19047594,,,False,,False,0.0,indicator_not_uptrend
2024-12-30,2025-01-02,MULT3,False,21.07999992,,,False,,False,0.0,indicator_not_uptrend
2024-12-30,2025-01-02,PETR4,False,36.18999863,,,False,,False,0.0,indicator_not_uptrend
2024-12-30,2025-01-02,PSSA3,False,36.54999924,,,False,,False,0.0,indicator_not_uptrend
2024-12-30,2025-01-02,RADL3,False,21.5686264,,,False,,False,0.0,indicator_not_uptrend
2024-12-30,2025-01-02,RAIL3,False,17.84000015,,,False,,False,0.0,indicator_not_uptrend
2024-12-30,2025-01-02,RENT3,False,32.20000076,,,False,,False,0.0,indicator_not_uptrend
2024-12-30,2025-01-02,SANB11,False,23.81999969,,,False,,False,0.0,indicator_not_uptrend
2024-12-30,2025-01-02,SBSP3,False,17.16272926,,,False,,False,0.0,indicator_not_uptrend
2024-12-30,2025-01-02,SMTO3,False,23.26000023,,,False,,False,0.0,indicator_not_uptrend
2024-12-30,2025-01-02,SUZB3,False,61.77999878,,,False,,False,0.0,indicator_not_uptrend
2024-12-30,2025-01-02,TOTS3,False,26.75,,,False,,False,0.0,indicator_not_uptrend
2024-12-30,2025-01-02,UGPA3,False,15.88000011,,,False,,False,0.0,indicator_not_uptrend
2024-12-30,2025-01-02,USIM5,False,5.32000017,,,False,,False,0.0,indicator_not_uptrend
2024-12-30,2025-01-02,VALE3,False,54.54999924,,,False,,False,0.0,indicator_not_uptrend
2024-12-30,2025-01-02,WEGE3,False,52.77000046,,,False,,False,0.0,indicator_not_uptrend
2025-01-31,2025-02-03,ABEV3,False,11.10000038,,,False,,False,0.0,indicator_not_uptrend
2025-01-31,2025-02-03,B3SA3,True,11.18999958,3.13363306997414,33.41325593737851,True,10,False,0.0,eligible
2025-01-31,2025-02-03,BBAS3,True,27.68000031,4.256124679271367,21.18015140216874,True,9,False,0.0,eligible
2025-01-31,2025-02-03,BBDC4,True,12.09000015,-2.7353189985560022,27.98966165443555,False,,False,0.0,nonpositive_momentum
2025-01-31,2025-02-03,BBSE3,True,38.54000092,9.582038457069375,18.121226263062816,True,4,False,0.0,eligible
2025-01-31,2025-02-03,BPAC11,True,32.56999969,-0.1226645791221781,33.91236571152804,False,,False,0.0,nonpositive_momentum
2025-01-31,2025-02-03,BRAP4,True,16.64999962,-10.09719650946488,27.447396073507697,False,,False,0.0,nonpositive_momentum
2025-01-31,2025-02-03,CMIG4,False,10.96000004,,,False,,False,0.0,indicator_not_uptrend
2025-01-31,2025-02-03,CPFE3,True,34.38000107,5.849758488019963,18.576224251342584,True,7,False,0.0,eligible
2025-01-31,2025-02-03,CPLE3,True,8.67000008,-3.4521099763887064,29.06056958485822,False,,False,0.0,nonpositive_momentum
2025-01-31,2025-02-03,CSMG3,True,22.37999916,1.8661805319829305,29.730687214692704,True,11,False,0.0,eligible
2025-01-31,2025-02-03,CSNA3,True,9.09000015,-23.35581441323583,54.11336344134627,False,,False,0.0,nonpositive_momentum
2025-01-31,2025-02-03,CYRE3,True,20.43000031,4.822988974309261,42.18042714191091,True,8,False,0.0,eligible
2025-01-31,2025-02-03,EGIE3,True,26.2857132,-16.798557026751947,20.4859639726909,False,,False,0.0,nonpositive_momentum
2025-01-31,2025-02-03,ENEV3,True,11.80000019,-6.571654099534275,39.23004434324192,False,,False,0.0,nonpositive_momentum
2025-01-31,2025-02-03,ENGI11,True,36.05454636,-9.720005896921514,32.324682836046364,False,,False,0.0,nonpositive_momentum
2025-01-31,2025-02-03,EQTL3,True,30.14999962,-7.628675908501603,31.458081952313506,False,,False,0.0,nonpositive_momentum
2025-01-31,2025-02-03,GGBR4,False,17.21999931,,,False,,False,0.0,indicator_not_uptrend
2025-01-31,2025-02-03,GOAU4,False,7.21517992,,,False,,False,0.0,indicator_not_uptrend
2025-01-31,2025-02-03,HYPE3,True,18.28000069,-36.52777370698291,31.693646137200048,False,,False,0.0,nonpositive_momentum
2025-01-31,2025-02-03,ITSA4,True,9.30221272,-1.6076639661793068,26.125013145456162,False,,False,0.0,nonpositive_momentum
2025-01-31,2025-02-03,ITUB4,True,29.8411293,-0.20661144878045823,24.663408014281387,False,,False,0.0,nonpositive_momentum
2025-01-31,2025-02-03,KLBN11,False,22.21782112,,,False,,False,0.0,indicator_not_uptrend
2025-01-31,2025-02-03,LREN3,True,13.64999962,13.235291477686072,49.57774359550493,True,3,False,0.0,eligible
2025-01-31,2025-02-03,MGLU3,True,7.10476112,-32.6106670569644,74.1905884600135,False,,False,0.0,nonpositive_momentum
2025-01-31,2025-02-03,MULT3,True,22.39999962,-6.510849415274689,31.131644300473514,False,,False,0.0,nonpositive_momentum
2025-01-31,2025-02-03,PETR4,True,37.68999863,0.7484597196543374,21.86012118602018,True,12,False,0.0,eligible
2025-01-31,2025-02-03,PSSA3,True,39.99000168,30.686278377098496,23.390799470892034,True,1,True,1.0,eligible
2025-01-31,2025-02-03,RADL3,True,20.6764698,-23.586956894879506,35.946245272645996,False,,False,0.0,nonpositive_momentum
2025-01-31,2025-02-03,RAIL3,True,18.39999962,-16.930022863810777,31.592073024002516,False,,False,0.0,nonpositive_momentum
2025-01-31,2025-02-03,RENT3,True,30.87000084,-29.56878952519085,49.88637767680212,False,,False,0.0,nonpositive_momentum
2025-01-31,2025-02-03,SANB11,True,25.95999908,-9.389181765022304,29.26281245858081,False,,False,0.0,nonpositive_momentum
2025-01-31,2025-02-03,SBSP3,True,18.33987808,7.173617907929253,27.94963204991443,True,6,False,0.0,eligible
2025-01-31,2025-02-03,SMTO3,False,22.69000053,,,False,,False,0.0,indicator_not_uptrend
2025-01-31,2025-02-03,SUZB3,False,62.36999893,,,False,,False,0.0,indicator_not_uptrend
2025-01-31,2025-02-03,TOTS3,True,34.06000137,22.73874367567568,47.17884484887423,True,2,False,0.0,eligible
2025-01-31,2025-02-03,UGPA3,True,16.54000092,-25.529033745461994,41.09050618022334,False,,False,0.0,nonpositive_momentum
2025-01-31,2025-02-03,USIM5,True,5.51000023,-11.414784308216186,41.20728717049621,False,,False,0.0,nonpositive_momentum
2025-01-31,2025-02-03,VALE3,True,54.16999817,-12.10449905968175,27.7095831908839,False,,False,0.0,nonpositive_momentum
2025-01-31,2025-02-03,WEGE3,True,55.04000092,8.645876594885138,29.301337971684134,True,5,False,0.0,eligible
2025-02-28,2025-03-05,ABEV3,True,12.22000027,-5.63706216764801,32.06985136811676,False,,False,0.0,nonpositive_momentum
2025-02-28,2025-03-05,B3SA3,False,10.39999962,,,False,,False,0.0,indicator_not_uptrend
2025-02-28,2025-03-05,BBAS3,True,27.30999947,-3.0872989014527064,24.12738738173873,False,,False,0.0,nonpositive_momentum
2025-02-28,2025-03-05,BBDC4,True,11.23999977,-28.270582561477553,30.451017907011092,False,,False,0.0,nonpositive_momentum
2025-02-28,2025-03-05,BBSE3,False,37.84000015,,,False,,False,0.0,indicator_not_uptrend
2025-02-28,2025-03-05,BPAC11,True,31.57999992,-13.146316308601403,32.02299230856012,False,,False,0.0,nonpositive_momentum
2025-02-28,2025-03-05,BRAP4,True,16.60000038,-13.989631949850779,23.704622491738427,False,,False,0.0,nonpositive_momentum
2025-02-28,2025-03-05,CMIG4,True,11.13000011,-3.636364269185355,25.115269249991407,False,,False,0.0,nonpositive_momentum
2025-02-28,2025-03-05,CPFE3,True,35.08000183,6.174336722748497,19.028741933823138,True,2,False,0.0,eligible
2025-02-28,2025-03-05,CPLE3,True,8.90999985,-6.111695827786101,26.012193345816897,False,,False,0.0,nonpositive_momentum
2025-02-28,2025-03-05,CSMG3,True,23.27000046,-0.6828845406874118,31.1880776095059,False,,False,0.0,nonpositive_momentum
2025-02-28,2025-03-05,CSNA3,True,8.52000046,-28.46347130726454,50.708918179161444,False,,False,0.0,nonpositive_momentum
2025-02-28,2025-03-05,CYRE3,True,20.75,-8.550024172255933,39.88556336334011,False,,False,0.0,nonpositive_momentum
2025-02-28,2025-03-05,EGIE3,True,26.54999924,-16.30263521882467,18.678820749172186,False,,False,0.0,nonpositive_momentum
2025-02-28,2025-03-05,ENEV3,True,11.77999973,-13.50954607092879,39.79368781352978,False,,False,0.0,nonpositive_momentum
2025-02-28,2025-03-05,ENGI11,True,34.59999847,-20.52620584979341,34.28560279007766,False,,False,0.0,nonpositive_momentum
2025-02-28,2025-03-05,EQTL3,True,30.05999947,-13.421663554883946,30.393865756265676,False,,False,0.0,nonpositive_momentum
2025-02-28,2025-03-05,GGBR4,False,16.65999985,,,False,,False,0.0,indicator_not_uptrend
2025-02-28,2025-03-05,GOAU4,False,6.87767076,,,False,,False,0.0,indicator_not_uptrend
2025-02-28,2025-03-05,HYPE3,True,19.04999924,-36.96227771356624,28.45659049632716,False,,False,0.0,nonpositive_momentum
2025-02-28,2025-03-05,ITSA4,False,8.61764717,,,False,,False,0.0,indicator_not_uptrend
2025-02-28,2025-03-05,ITUB4,False,28.19064331,,,False,,False,0.0,indicator_not_uptrend
2025-02-28,2025-03-05,KLBN11,False,19.5742569,,,False,,False,0.0,indicator_not_uptrend
2025-02-28,2025-03-05,LREN3,False,11.32999992,,,False,,False,0.0,indicator_not_uptrend
2025-02-28,2025-03-05,MGLU3,True,6.80952311,-45.751137859349676,71.84359775110396,False,,False,0.0,nonpositive_momentum
2025-02-28,2025-03-05,MULT3,True,20.95000076,-19.854624143508815,28.934805619506193,False,,False,0.0,nonpositive_momentum
2025-02-28,2025-03-05,PETR4,True,35.93000031,-9.267672479281297,21.84930302411001,False,,False,0.0,nonpositive_momentum
2025-02-28,2025-03-05,PSSA3,False,38.02000046,,,False,,False,0.0,indicator_not_uptrend
2025-02-28,2025-03-05,RADL3,False,17.03921509,,,False,,False,0.0,indicator_not_uptrend
2025-02-28,2025-03-05,RAIL3,True,16.93000031,-24.922390773437552,31.48270102107028,False,,False,0.0,nonpositive_momentum
2025-02-28,2025-03-05,RENT3,True,28.10000038,-33.882352047058816,50.69745634877886,False,,False,0.0,nonpositive_momentum
2025-02-28,2025-03-05,SANB11,True,25.19000053,-20.08248679448147,30.34466199290018,False,,False,0.0,nonpositive_momentum
2025-02-28,2025-03-05,SBSP3,True,18.41938972,-1.4219056993451273,25.676688686010714,False,,False,0.0,nonpositive_momentum
2025-02-28,2025-03-05,SMTO3,True,21.17000008,-24.795735823175114,40.16902987915148,False,,False,0.0,nonpositive_momentum
2025-02-28,2025-03-05,SUZB3,False,56.31000137,,,False,,False,0.0,indicator_not_uptrend
2025-02-28,2025-03-05,TOTS3,True,34.95999908,13.654092388152117,41.41869655447455,True,1,True,1.0,eligible
2025-02-28,2025-03-05,UGPA3,True,16.62999916,-29.234046127659575,42.51422796752819,False,,False,0.0,nonpositive_momentum
2025-02-28,2025-03-05,USIM5,True,5.71000004,-8.493585729731523,40.025824290636365,False,,False,0.0,nonpositive_momentum
2025-02-28,2025-03-05,VALE3,True,55.15000153,-7.107962735481232,25.602686394071338,False,,False,0.0,nonpositive_momentum
2025-02-28,2025-03-05,WEGE3,False,48.41999817,,,False,,False,0.0,indicator_not_uptrend
2025-03-31,2025-04-01,ABEV3,True,13.5,5.799371133710407,26.289471706774915,True,7,False,0.0,eligible
2025-03-31,2025-04-01,B3SA3,True,12.14000034,7.911114133333341,41.880050074981334,True,6,False,0.0,eligible
2025-03-31,2025-04-01,BBAS3,False,28.19000053,,,False,,False,0.0,indicator_not_uptrend
2025-03-31,2025-04-01,BBDC4,True,12.67000008,-11.707318853743487,27.945059403675838,False,,False,0.0,nonpositive_momentum
2025-03-31,2025-04-01,BBSE3,True,40.29999924,13.777530553723349,22.893563775509783,True,2,False,0.0,eligible
2025-03-31,2025-04-01,BPAC11,True,33.70000076,3.0581039044599745,27.74221383268638,True,8,False,0.0,eligible
2025-03-31,2025-04-01,BRAP4,True,17.90999985,-6.082851908006514,20.8625945698235,False,,False,0.0,nonpositive_momentum
2025-03-31,2025-04-01,CMIG4,False,10.26000023,,,False,,False,0.0,indicator_not_uptrend
2025-03-31,2025-04-01,CPFE3,True,37.70000076,13.41756574784867,19.99205539019316,True,3,False,0.0,eligible
2025-03-31,2025-04-01,CPLE3,True,9.36999989,1.1879012663912336,21.6351549092223,True,9,False,0.0,eligible
2025-03-31,2025-04-01,CSMG3,False,19.75,,,False,,False,0.0,indicator_not_uptrend
2025-03-31,2025-04-01,CSNA3,True,9.47000027,-21.864683531775185,52.288824417807774,False,,False,0.0,nonpositive_momentum
2025-03-31,2025-04-01,CYRE3,True,23.89999962,16.87040944638085,30.297685584240934,True,1,True,1.0,eligible
2025-03-31,2025-04-01,EGIE3,True,27.5714283,-11.467889236596228,15.781633920013958,False,,False,0.0,nonpositive_momentum
2025-03-31,2025-04-01,ENEV3,False,11.82999992,,,False,,False,0.0,indicator_not_uptrend
2025-03-31,2025-04-01,ENGI11,True,36.36363602,-12.165133632544567,30.52712076859888,False,,False,0.0,nonpositive_momentum
2025-03-31,2025-04-01,EQTL3,True,32.0,-1.7802387888938953,24.310452398316404,False,,False,0.0,nonpositive_momentum
2025-03-31,2025-04-01,GGBR4,True,16.18000031,-12.445883589020912,29.783790226346497,False,,False,0.0,nonpositive_momentum
2025-03-31,2025-04-01,GOAU4,True,6.71266699,-16.511206232639065,30.09143641677494,False,,False,0.0,nonpositive_momentum
2025-03-31,2025-04-01,HYPE3,True,19.37000084,-27.750834677655444,24.270297249919352,False,,False,0.0,nonpositive_momentum
2025-03-31,2025-04-01,ITSA4,True,9.2647047,-8.651222561133654,25.626710070538127,False,,False,0.0,nonpositive_momentum
2025-03-31,2025-04-01,ITUB4,True,30.4951458,-3.245587562768637,24.56366723051014,False,,False,0.0,nonpositive_momentum
2025-03-31,2025-04-01,KLBN11,False,18.47524643,,,False,,False,0.0,indicator_not_uptrend
2025-03-31,2025-04-01,LREN3,True,12.22999954,-27.90461165508121,51.797570921072165,False,,False,0.0,nonpositive_momentum
2025-03-31,2025-04-01,MGLU3,True,9.66666603,-0.39253436294210964,69.88716029677488,False,,False,0.0,nonpositive_momentum
2025-03-31,2025-04-01,MULT3,True,22.60000038,-14.003044951974852,24.682466298709148,False,,False,0.0,nonpositive_momentum
2025-03-31,2025-04-01,PETR4,True,37.15999985,1.0331731446566295,19.368196856868593,True,10,False,0.0,eligible
2025-03-31,2025-04-01,PSSA3,True,40.0,11.358580283580233,25.003711371961135,True,4,False,0.0,eligible
2025-03-31,2025-04-01,RADL3,True,18.6764698,-28.248589373015452,36.493310300499324,False,,False,0.0,nonpositive_momentum
2025-03-31,2025-04-01,RAIL3,False,16.21999931,,,False,,False,0.0,indicator_not_uptrend
2025-03-31,2025-04-01,RENT3,True,33.59000015,-22.02878662226835,43.102030970436935,False,,False,0.0,nonpositive_momentum
2025-03-31,2025-04-01,SANB11,True,26.71999931,-8.020654013621243,27.685006680588526,False,,False,0.0,nonpositive_momentum
2025-03-31,2025-04-01,SBSP3,True,19.78077126,10.02049274260568,24.37940208014644,True,5,False,0.0,eligible
2025-03-31,2025-04-01,SMTO3,True,20.70000076,-23.728809044752154,38.60157843072823,False,,False,0.0,nonpositive_momentum
2025-03-31,2025-04-01,SUZB3,False,52.93999863,,,False,,False,0.0,indicator_not_uptrend
2025-03-31,2025-04-01,TOTS3,False,33.36999893,,,False,,False,0.0,indicator_not_uptrend
2025-03-31,2025-04-01,UGPA3,True,17.11000061,-20.455600060214408,38.25953654124146,False,,False,0.0,nonpositive_momentum
2025-03-31,2025-04-01,USIM5,False,5.67999983,,,False,,False,0.0,indicator_not_uptrend
2025-03-31,2025-04-01,VALE3,True,56.70000076,-6.0324815726736425,24.207846366768294,False,,False,0.0,nonpositive_momentum
2025-03-31,2025-04-01,WEGE3,False,45.27999878,,,False,,False,0.0,indicator_not_uptrend
2025-04-30,2025-05-02,ABEV3,True,14.56999969,13.650546351924287,24.67383594518453,True,9,False,0.0,eligible
2025-04-30,2025-05-02,B3SA3,True,13.48999977,27.144205488127238,42.80110636673286,True,2,False,0.0,eligible
2025-04-30,2025-05-02,BBAS3,False,28.93000031,,,False,,False,0.0,indicator_not_uptrend
2025-04-30,2025-05-02,BBDC4,True,13.72999954,-9.552047038133427,28.36039207843617,False,,False,0.0,nonpositive_momentum
2025-04-30,2025-05-02,BBSE3,True,42.77000046,24.548632129228444,24.85833851066425,True,4,False,0.0,eligible
2025-04-30,2025-05-02,BPAC11,True,38.11000061,17.878126980607114,26.532829034724525,True,6,False,0.0,eligible
2025-04-30,2025-05-02,BRAP4,False,16.19000053,,,False,,False,0.0,indicator_not_uptrend
2025-04-30,2025-05-02,CMIG4,True,10.94999981,-0.9945805228097848,20.670334985923763,False,,False,0.0,nonpositive_momentum
2025-04-30,2025-05-02,CPFE3,False,38.18999863,,,False,,False,0.0,indicator_not_uptrend
2025-04-30,2025-05-02,CPLE3,True,10.43999958,17.70010946415017,21.599650698617403,True,7,False,0.0,eligible
2025-04-30,2025-05-02,CSMG3,True,21.44000053,-3.8995919348625674,32.19571978365623,False,,False,0.0,nonpositive_momentum
2025-04-30,2025-05-02,CSNA3,True,9.30000019,-19.060048945501418,49.92033862081854,False,,False,0.0,nonpositive_momentum
2025-04-30,2025-05-02,CYRE3,False,24.79000092,,,False,,False,0.0,indicator_not_uptrend
2025-04-30,2025-05-02,EGIE3,True,29.69285774,1.3408140279528746,17.903093496710618,True,16,False,0.0,eligible
2025-04-30,2025-05-02,ENEV3,True,13.51000023,-3.29277044459213,27.32318777273326,False,,False,0.0,nonpositive_momentum
2025-04-30,2025-05-02,ENGI11,True,41.76363754,5.8037761353419315,30.128509873116432,True,12,False,0.0,eligible
2025-04-30,2025-05-02,EQTL3,True,36.81000137,13.892332063942536,22.96869500830563,True,8,False,0.0,eligible
2025-04-30,2025-05-02,GGBR4,False,14.98999977,,,False,,False,0.0,indicator_not_uptrend
2025-04-30,2025-05-02,GOAU4,True,6.30765676,-17.629782136678006,34.1760080001517,False,,False,0.0,nonpositive_momentum
2025-04-30,2025-05-02,HYPE3,True,24.12000084,-14.194235800125089,37.95053467153642,False,,False,0.0,nonpositive_momentum
2025-04-30,2025-05-02,ITSA4,True,10.49019623,6.156420577539912,24.173655934848682,True,11,False,0.0,eligible
2025-04-30,2025-05-02,ITUB4,True,34.54368973,11.313997879134764,21.936566378760595,True,10,False,0.0,eligible
2025-04-30,2025-05-02,KLBN11,True,18.34653473,-10.784782835782336,20.935040311190136,False,,False,0.0,nonpositive_momentum
2025-04-30,2025-05-02,LREN3,True,14.60999966,-11.503303402465704,52.364843783432036,False,,False,0.0,nonpositive_momentum
2025-04-30,2025-05-02,MGLU3,False,8.87619019,,,False,,False,0.0,indicator_not_uptrend
2025-04-30,2025-05-02,MULT3,True,25.73999977,1.41844216672542,23.833039970476285,True,15,False,0.0,eligible
2025-04-30,2025-05-02,PETR4,False,29.98999977,,,False,,False,0.0,indicator_not_uptrend
2025-04-30,2025-05-02,PSSA3,True,43.99000168,17.935663743461248,22.7508331439159,True,5,False,0.0,eligible
2025-04-30,2025-05-02,RADL3,True,19.45097923,-21.456852760348934,42.53674753955652,False,,False,0.0,nonpositive_momentum
2025-04-30,2025-05-02,RAIL3,True,19.39999962,2.6455026986926367,32.75968161037761,True,14,False,0.0,eligible
2025-04-30,2025-05-02,RENT3,True,42.95999908,0.9635719091025896,43.24646443634839,True,17,False,0.0,eligible
2025-04-30,2025-05-02,SANB11,True,29.52000046,4.717984764081873,29.045707698445554,True,13,False,0.0,eligible
2025-04-30,2025-05-02,SBSP3,True,22.08658981,25.057646080276296,22.968179329612923,True,3,False,0.0,eligible
2025-04-30,2025-05-02,SMTO3,True,19.51000023,-24.787972893692146,43.145368477496895,False,,False,0.0,nonpositive_momentum
2025-04-30,2025-05-02,SUZB3,False,50.08000183,,,False,,False,0.0,indicator_not_uptrend
2025-04-30,2025-05-02,TOTS3,True,37.61999893,30.398608091803435,28.003275051393594,True,1,True,1.0,eligible
2025-04-30,2025-05-02,UGPA3,True,17.82999992,-12.25393606292915,35.92134448655016,False,,False,0.0,nonpositive_momentum
2025-04-30,2025-05-02,USIM5,False,5.53000021,,,False,,False,0.0,indicator_not_uptrend
2025-04-30,2025-05-02,VALE3,False,52.86000061,,,False,,False,0.0,indicator_not_uptrend
2025-04-30,2025-05-02,WEGE3,True,44.63999939,-20.214479385826557,37.32681612408929,False,,False,0.0,nonpositive_momentum
2025-05-30,2025-06-02,ABEV3,False,14.02999973,,,False,,False,0.0,indicator_not_uptrend
2025-05-30,2025-06-02,B3SA3,False,13.94999981,,,False,,False,0.0,indicator_not_uptrend
2025-05-30,2025-06-02,BBAS3,False,23.42000008,,,False,,False,0.0,indicator_not_uptrend
2025-05-30,2025-06-02,BBDC4,True,16.20000076,17.39130823881534,38.24427212473863,True,9,False,0.0,eligible
2025-05-30,2025-06-02,BBSE3,False,37.50999832,,,False,,False,0.0,indicator_not_uptrend
2025-05-30,2025-06-02,BPAC11,True,39.54999924,18.768769197125067,27.7830262447784,True,8,False,0.0,eligible
2025-05-30,2025-06-02,BRAP4,False,15.60000038,,,False,,False,0.0,indicator_not_uptrend
2025-05-30,2025-06-02,CMIG4,True,10.84000015,-7.350424563810309,24.97189902113255,False,,False,0.0,nonpositive_momentum
2025-05-30,2025-06-02,CPFE3,True,40.49000168,22.77138339826672,23.644091300200216,True,6,False,0.0,eligible
2025-05-30,2025-06-02,CPLE3,True,11.65999985,39.473688088642824,21.99330161583533,True,2,False,0.0,eligible
2025-05-30,2025-06-02,CSMG3,True,23.87999916,-5.313244197705725,35.76392704451359,False,,False,0.0,nonpositive_momentum
2025-05-30,2025-06-02,CSNA3,False,8.25,,,False,,False,0.0,indicator_not_uptrend
2025-05-30,2025-06-02,CYRE3,False,24.96999931,,,False,,False,0.0,indicator_not_uptrend
2025-05-30,2025-06-02,EGIE3,True,29.32857132,6.400623205275435,19.381899680998714,True,14,False,0.0,eligible
2025-05-30,2025-06-02,ENEV3,True,13.97000027,16.708437384187302,26.821409673409057,True,10,False,0.0,eligible
2025-05-30,2025-06-02,ENGI11,True,43.1818161,13.176074547342465,28.512379688140932,True,13,False,0.0,eligible
2025-05-30,2025-06-02,EQTL3,False,36.59000015,,,False,,False,0.0,indicator_not_uptrend
2025-05-30,2025-06-02,GGBR4,True,15.25,-22.940882814269216,31.959412768680707,False,,False,0.0,nonpositive_momentum
2025-05-30,2025-06-02,GOAU4,True,6.27015591,-23.930858606474914,31.278472000867293,False,,False,0.0,nonpositive_momentum
2025-05-30,2025-06-02,HYPE3,True,25.39999962,25.86719142622251,39.50559146081084,True,4,False,0.0,eligible
2025-05-30,2025-06-02,ITSA4,True,10.85294056,13.677081008625347,20.859497800283165,True,11,False,0.0,eligible
2025-05-30,2025-06-02,ITUB4,True,36.3398056,20.70653830318827,21.55539228769603,True,7,False,0.0,eligible
2025-05-30,2025-06-02,KLBN11,True,18.1287117,-14.797584482271409,23.311032620631657,False,,False,0.0,nonpositive_momentum
2025-05-30,2025-06-02,LREN3,True,18.15999985,23.690402902630716,41.95009220682338,True,5,False,0.0,eligible
2025-05-30,2025-06-02,MGLU3,False,8.78095245,,,False,,False,0.0,indicator_not_uptrend
2025-05-30,2025-06-02,MULT3,True,26.87999916,4.510108402487356,24.080111106618325,True,15,False,0.0,eligible
2025-05-30,2025-06-02,PETR4,True,30.89999962,-21.613391541159476,29.464253638953686,False,,False,0.0,nonpositive_momentum
2025-05-30,2025-06-02,PSSA3,True,52.06999969,35.07133778610161,27.37510484602032,True,3,False,0.0,eligible
2025-05-30,2025-06-02,RADL3,False,14.55882263,,,False,,False,0.0,indicator_not_uptrend
2025-05-30,2025-06-02,RAIL3,True,18.81999969,-6.646826239931736,37.309899882431814,False,,False,0.0,nonpositive_momentum
2025-05-30,2025-06-02,RENT3,False,42.95999908,,,False,,False,0.0,indicator_not_uptrend
2025-05-30,2025-06-02,SANB11,True,29.72999954,13.300304118104812,25.75277905488847,True,12,False,0.0,eligible
2025-05-30,2025-06-02,SBSP3,False,22.76340294,,,False,,False,0.0,indicator_not_uptrend
2025-05-30,2025-06-02,SMTO3,True,21.15999985,-16.660100991046146,38.718453415454164,False,,False,0.0,nonpositive_momentum
2025-05-30,2025-06-02,SUZB3,True,49.65000153,-18.204281864328596,21.224448909558337,False,,False,0.0,nonpositive_momentum
2025-05-30,2025-06-02,TOTS3,True,42.20999908,41.549294160975236,22.20942117348481,True,1,True,1.0,eligible
2025-05-30,2025-06-02,UGPA3,False,16.29000092,,,False,,False,0.0,indicator_not_uptrend
2025-05-30,2025-06-02,USIM5,False,5.19999981,,,False,,False,0.0,indicator_not_uptrend
2025-05-30,2025-06-02,VALE3,False,52.09999847,,,False,,False,0.0,indicator_not_uptrend
2025-05-30,2025-06-02,WEGE3,True,42.34999847,-21.58859509847879,38.031841763371084,False,,False,0.0,nonpositive_momentum
2025-06-30,2025-07-01,ABEV3,False,13.31999969,,,False,,False,0.0,indicator_not_uptrend
2025-06-30,2025-07-01,B3SA3,False,14.57999992,,,False,,False,0.0,indicator_not_uptrend
2025-06-30,2025-07-01,BBAS3,False,22.09000015,,,False,,False,0.0,indicator_not_uptrend
2025-06-30,2025-07-01,BBDC4,False,16.82999992,,,False,,False,0.0,indicator_not_uptrend
2025-06-30,2025-07-01,BBSE3,False,35.79999924,,,False,,False,0.0,indicator_not_uptrend
2025-06-30,2025-07-01,BPAC11,False,42.25,,,False,,False,0.0,indicator_not_uptrend
2025-06-30,2025-07-01,BRAP4,False,15.69999981,,,False,,False,0.0,indicator_not_uptrend
2025-06-30,2025-07-01,CMIG4,True,10.80000019,-6.412476365381192,24.083694149400163,False,,False,0.0,nonpositive_momentum
2025-06-30,2025-07-01,CPFE3,False,40.86000061,,,False,,False,0.0,indicator_not_uptrend
2025-06-30,2025-07-01,CPLE3,False,11.65999985,,,False,,False,0.0,indicator_not_uptrend
2025-06-30,2025-07-01,CSMG3,True,27.96999931,26.73312053861656,32.52558310960556,True,4,False,0.0,eligible
2025-06-30,2025-07-01,CSNA3,False,7.44000006,,,False,,False,0.0,indicator_not_uptrend
2025-06-30,2025-07-01,CYRE3,False,26.13999939,,,False,,False,0.0,indicator_not_uptrend
2025-06-30,2025-07-01,EGIE3,True,32.43571472,23.329717328159138,24.332881769018464,True,5,False,0.0,eligible
2025-06-30,2025-07-01,ENEV3,False,13.64999962,,,False,,False,0.0,indicator_not_uptrend
2025-06-30,2025-07-01,ENGI11,False,43.9272728,,,False,,False,0.0,indicator_not_uptrend
2025-06-30,2025-07-01,EQTL3,False,35.95999908,,,False,,False,0.0,indicator_not_uptrend
2025-06-30,2025-07-01,GGBR4,True,16.0,-16.883116883116877,37.30858008611867,False,,False,0.0,nonpositive_momentum
2025-06-30,2025-07-01,GOAU4,True,6.69766712,-19.258589883872478,36.25533808326496,False,,False,0.0,nonpositive_momentum
2025-06-30,2025-07-01,HYPE3,True,27.19000053,50.63712839247743,38.60132076407488,True,1,True,1.0,eligible
2025-06-30,2025-07-01,ITSA4,False,10.73529434,,,False,,False,0.0,indicator_not_uptrend
2025-06-30,2025-07-01,ITUB4,False,35.87378693,,,False,,False,0.0,indicator_not_uptrend
2025-06-30,2025-07-01,KLBN11,False,18.26732635,,,False,,False,0.0,indicator_not_uptrend
2025-06-30,2025-07-01,LREN3,True,19.68000031,46.537601308514034,37.91734355697183,True,3,False,0.0,eligible
2025-06-30,2025-07-01,MGLU3,False,9.38095188,,,False,,False,0.0,indicator_not_uptrend
2025-06-30,2025-07-01,MULT3,False,27.20999908,,,False,,False,0.0,indicator_not_uptrend
2025-06-30,2025-07-01,PETR4,True,31.37999916,-14.843960752001628,30.73755181235416,False,,False,0.0,nonpositive_momentum
2025-06-30,2025-07-01,PSSA3,True,55.20000076,47.08234093899431,25.695919787156328,True,2,False,0.0,eligible
2025-06-30,2025-07-01,RADL3,True,14.82352924,-33.538459869213796,53.13367265711234,False,,False,0.0,nonpositive_momentum
2025-06-30,2025-07-01,RAIL3,False,18.53000069,,,False,,False,0.0,indicator_not_uptrend
2025-06-30,2025-07-01,RENT3,False,40.52000046,,,False,,False,0.0,indicator_not_uptrend
2025-06-30,2025-07-01,SANB11,False,29.69000053,,,False,,False,0.0,indicator_not_uptrend
2025-06-30,2025-07-01,SBSP3,False,23.10277748,,,False,,False,0.0,indicator_not_uptrend
2025-06-30,2025-07-01,SMTO3,False,17.56999969,,,False,,False,0.0,indicator_not_uptrend
2025-06-30,2025-07-01,SUZB3,True,51.20999908,-14.106004697977603,25.14945830445945,False,,False,0.0,nonpositive_momentum
2025-06-30,2025-07-01,TOTS3,False,42.20999908,,,False,,False,0.0,indicator_not_uptrend
2025-06-30,2025-07-01,UGPA3,True,17.54000092,6.56137242019823,32.316268265964005,True,6,False,0.0,eligible
2025-06-30,2025-07-01,USIM5,False,4.11999989,,,False,,False,0.0,indicator_not_uptrend
2025-06-30,2025-07-01,VALE3,False,52.65000153,,,False,,False,0.0,indicator_not_uptrend
2025-06-30,2025-07-01,WEGE3,True,42.77999878,-22.974436313711166,34.91848720879211,False,,False,0.0,nonpositive_momentum
2025-07-31,2025-08-01,ABEV3,False,12.46000004,,,False,,False,0.0,indicator_not_uptrend
2025-07-31,2025-08-01,B3SA3,False,12.57999992,,,False,,False,0.0,indicator_not_uptrend
2025-07-31,2025-08-01,BBAS3,True,19.70000076,-28.441698996557484,31.838922143192377,False,,False,0.0,nonpositive_momentum
2025-07-31,2025-08-01,BBDC4,False,15.52999973,,,False,,False,0.0,indicator_not_uptrend
2025-07-31,2025-08-01,BBSE3,False,33.70000076,,,False,,False,0.0,indicator_not_uptrend
2025-07-31,2025-08-01,BPAC11,False,39.13000107,,,False,,False,0.0,indicator_not_uptrend
2025-07-31,2025-08-01,BRAP4,True,15.73999977,-2.839512150738943,21.392035275100916,False,,False,0.0,nonpositive_momentum
2025-07-31,2025-08-01,CMIG4,False,10.32999992,,,False,,False,0.0,indicator_not_uptrend
2025-07-31,2025-08-01,CPFE3,False,37.90999985,,,False,,False,0.0,indicator_not_uptrend
2025-07-31,2025-08-01,CPLE3,False,11.03999996,,,False,,False,0.0,indicator_not_uptrend
2025-07-31,2025-08-01,CSMG3,False,25.86000061,,,False,,False,0.0,indicator_not_uptrend
2025-07-31,2025-08-01,CSNA3,True,8.02000046,-8.132865033346837,44.6667929407488,False,,False,0.0,nonpositive_momentum
2025-07-31,2025-08-01,CYRE3,False,24.52000046,,,False,,False,0.0,indicator_not_uptrend
2025-07-31,2025-08-01,EGIE3,False,28.52142715,,,False,,False,0.0,indicator_not_uptrend
2025-07-31,2025-08-01,ENEV3,False,13.44999981,,,False,,False,0.0,indicator_not_uptrend
2025-07-31,2025-08-01,ENGI11,False,41.50909042,,,False,,False,0.0,indicator_not_uptrend
2025-07-31,2025-08-01,EQTL3,False,34.06999969,,,False,,False,0.0,indicator_not_uptrend
2025-07-31,2025-08-01,GGBR4,True,16.84000015,-4.697226520895404,28.516645736914448,False,,False,0.0,nonpositive_momentum
2025-07-31,2025-08-01,GOAU4,True,7.02767515,-5.639483709719128,28.589512381624278,False,,False,0.0,nonpositive_momentum
2025-07-31,2025-08-01,HYPE3,False,25.70999908,,,False,,False,0.0,indicator_not_uptrend
2025-07-31,2025-08-01,ITSA4,False,10.14705753,,,False,,False,0.0,indicator_not_uptrend
2025-07-31,2025-08-01,ITUB4,False,34.13592148,,,False,,False,0.0,indicator_not_uptrend
2025-07-31,2025-08-01,KLBN11,True,18.41584015,-16.40449428827774,23.428050936215016,False,,False,0.0,nonpositive_momentum
2025-07-31,2025-08-01,LREN3,False,16.27000046,,,False,,False,0.0,indicator_not_uptrend
2025-07-31,2025-08-01,MGLU3,False,6.72380877,,,False,,False,0.0,indicator_not_uptrend
2025-07-31,2025-08-01,MULT3,False,25.29999924,,,False,,False,0.0,indicator_not_uptrend
2025-07-31,2025-08-01,PETR4,True,32.63999939,-12.092651631049357,22.44692095103242,False,,False,0.0,nonpositive_momentum
2025-07-31,2025-08-01,PSSA3,False,51.88999939,,,False,,False,0.0,indicator_not_uptrend
2025-07-31,2025-08-01,RADL3,True,13.20588207,-35.85714599444073,46.95685559682489,False,,False,0.0,nonpositive_momentum
2025-07-31,2025-08-01,RAIL3,False,16.54000092,,,False,,False,0.0,indicator_not_uptrend
2025-07-31,2025-08-01,RENT3,False,34.63000107,,,False,,False,0.0,indicator_not_uptrend
2025-07-31,2025-08-01,SANB11,False,26.43000031,,,False,,False,0.0,indicator_not_uptrend
2025-07-31,2025-08-01,SBSP3,False,21.0044651,,,False,,False,0.0,indicator_not_uptrend
2025-07-31,2025-08-01,SMTO3,True,17.34000015,-24.146982995202983,34.247380523861864,False,,False,0.0,nonpositive_momentum
2025-07-31,2025-08-01,SUZB3,True,52.15000153,-16.905667740623365,23.027666511050626,False,,False,0.0,nonpositive_momentum
2025-07-31,2025-08-01,TOTS3,False,43.61000061,,,False,,False,0.0,indicator_not_uptrend
2025-07-31,2025-08-01,UGPA3,False,17.17000008,,,False,,False,0.0,indicator_not_uptrend
2025-07-31,2025-08-01,USIM5,True,4.38000011,-17.82363647765307,40.95859003583431,False,,False,0.0,nonpositive_momentum
2025-07-31,2025-08-01,VALE3,True,53.45999908,1.5384568403829402,23.420634271396946,True,1,True,1.0,eligible
2025-07-31,2025-08-01,WEGE3,False,37.11000061,,,False,,False,0.0,indicator_not_uptrend
2025-08-29,2025-09-01,ABEV3,False,12.35000038,,,False,,False,0.0,indicator_not_uptrend
2025-08-29,2025-09-01,B3SA3,False,12.97999954,,,False,,False,0.0,indicator_not_uptrend
2025-08-29,2025-09-01,BBAS3,True,21.38999939,-23.79765006687822,30.175715390481738,False,,False,0.0,nonpositive_momentum
2025-08-29,2025-09-01,BBDC4,True,16.82999992,45.84055440499326,20.80713329353364,True,1,True,1.0,eligible
2025-08-29,2025-09-01,BBSE3,False,32.81999969,,,False,,False,0.0,indicator_not_uptrend
2025-08-29,2025-09-01,BPAC11,True,44.86000061,38.499541385758576,34.74576351910949,True,2,False,0.0,eligible
2025-08-29,2025-09-01,BRAP4,True,16.37999916,-4.3224395075438515,20.503182228807834,False,,False,0.0,nonpositive_momentum
2025-08-29,2025-09-01,CMIG4,True,11.10999966,-1.5943339294750558,22.46101253719494,False,,False,0.0,nonpositive_momentum
2025-08-29,2025-09-01,CPFE3,True,39.36999893,10.403811260812446,20.15001458877429,True,15,False,0.0,eligible
2025-08-29,2025-09-01,CPLE3,False,11.19999981,,,False,,False,0.0,indicator_not_uptrend
2025-08-29,2025-09-01,CSMG3,True,29.88999939,31.326885272179993,30.433388491182527,True,4,False,0.0,eligible
2025-08-29,2025-09-01,CSNA3,True,7.61000013,-12.528732227638972,45.93815856048834,False,,False,0.0,nonpositive_momentum
2025-08-29,2025-09-01,CYRE3,True,28.12000084,31.647940247881845,29.812547619200625,True,3,False,0.0,eligible
2025-08-29,2025-09-01,EGIE3,False,28.52857018,,,False,,False,0.0,indicator_not_uptrend
2025-08-29,2025-09-01,ENEV3,True,15.10999966,26.974791113480734,23.152769332031824,True,9,False,0.0,eligible
2025-08-29,2025-09-01,ENGI11,True,44.37272644,24.929614575122592,24.612171625622256,True,10,False,0.0,eligible
2025-08-29,2025-09-01,EQTL3,True,36.56999969,20.216961189436013,21.28112068001177,True,13,False,0.0,eligible
2025-08-29,2025-09-01,GGBR4,True,16.65999985,0.060061442812209265,26.786750423659157,True,18,False,0.0,eligible
2025-08-29,2025-09-01,GOAU4,True,7.09517717,3.72806930147358,25.945969221306488,True,17,False,0.0,eligible
2025-08-29,2025-09-01,HYPE3,False,24.39999962,,,False,,False,0.0,indicator_not_uptrend
2025-08-29,2025-09-01,ITSA4,True,11.0,24.80533955183426,20.74552543488902,True,11,False,0.0,eligible
2025-08-29,2025-09-01,ITUB4,True,37.36893082,29.20048698394826,20.80937322274958,True,7,False,0.0,eligible
2025-08-29,2025-09-01,KLBN11,True,18.32673264,-9.751340292908694,22.55974467589392,False,,False,0.0,nonpositive_momentum
2025-08-29,2025-09-01,LREN3,False,16.26000023,,,False,,False,0.0,indicator_not_uptrend
2025-08-29,2025-09-01,MGLU3,True,7.80000019,11.277190903710178,53.56720992449018,True,14,False,0.0,eligible
2025-08-29,2025-09-01,MULT3,True,27.85000038,29.836827008112408,22.254824464802603,True,5,False,0.0,eligible
2025-08-29,2025-09-01,PETR4,False,31.10000038,,,False,,False,0.0,indicator_not_uptrend
2025-08-29,2025-09-01,PSSA3,False,51.75,,,False,,False,0.0,indicator_not_uptrend
2025-08-29,2025-09-01,RADL3,True,17.20588112,-4.045929015037874,53.93971510901226,False,,False,0.0,nonpositive_momentum
2025-08-29,2025-09-01,RAIL3,False,14.55000019,,,False,,False,0.0,indicator_not_uptrend
2025-08-29,2025-09-01,RENT3,True,35.84000015,29.66715246371068,33.34810174356949,True,6,False,0.0,eligible
2025-08-29,2025-09-01,SANB11,True,28.21999931,6.330061536410825,27.287535522023713,True,16,False,0.0,eligible
2025-08-29,2025-09-01,SBSP3,True,23.75437927,27.196251031054828,31.225964133989226,True,8,False,0.0,eligible
2025-08-29,2025-09-01,SMTO3,True,18.20000076,-16.742908270211608,32.9974662839635,False,,False,0.0,nonpositive_momentum
2025-08-29,2025-09-01,SUZB3,True,52.45000076,-8.046984722944838,23.071368805421084,False,,False,0.0,nonpositive_momentum
2025-08-29,2025-09-01,TOTS3,False,43.09999847,,,False,,False,0.0,indicator_not_uptrend
2025-08-29,2025-09-01,UGPA3,True,19.65999985,21.133705528127187,35.771609652900096,True,12,False,0.0,eligible
2025-08-29,2025-09-01,USIM5,True,4.36999989,-26.800669284445654,43.38405380426483,False,,False,0.0,nonpositive_momentum
2025-08-29,2025-09-01,VALE3,True,55.56000137,-2.0451336830912714,24.00188673784531,False,,False,0.0,nonpositive_momentum
2025-08-29,2025-09-01,WEGE3,True,37.65999985,-21.29571357539064,30.553442817039745,False,,False,0.0,nonpositive_momentum
2025-09-30,2025-10-01,ABEV3,True,12.09000015,-11.168255312065156,20.105511089781835,False,,False,0.0,nonpositive_momentum
2025-09-30,2025-10-01,B3SA3,True,13.39999962,9.298526660794359,26.556573152513174,True,18,False,0.0,eligible
2025-09-30,2025-10-01,BBAS3,True,22.09000015,-22.02611997042321,31.914189672746023,False,,False,0.0,nonpositive_momentum
2025-09-30,2025-10-01,BBDC4,True,17.69000053,41.974321614849664,19.838238398071923,True,2,False,0.0,eligible
2025-09-30,2025-10-01,BBSE3,True,33.25999832,-19.271850227024125,19.510610432825228,False,,False,0.0,nonpositive_momentum
2025-09-30,2025-10-01,BPAC11,True,48.25999832,41.40051803989,34.12421538756792,True,3,False,0.0,eligible
2025-09-30,2025-10-01,BRAP4,True,16.93000031,-6.204980482868971,16.371541994370638,False,,False,0.0,nonpositive_momentum
2025-09-30,2025-10-01,CMIG4,True,11.14999962,10.505445532624691,20.517589855853135,True,16,False,0.0,eligible
2025-09-30,2025-10-01,CPFE3,True,39.40000153,2.3376663116883023,20.718702452675934,True,21,False,0.0,eligible
2025-09-30,2025-10-01,CPLE3,True,12.07999992,27.02418115504086,19.388036111055616,True,8,False,0.0,eligible
2025-09-30,2025-10-01,CSMG3,True,34.49000168,77.05340089551149,25.171028064424135,True,1,True,1.0,eligible
2025-09-30,2025-10-01,CSNA3,True,7.9000001,-16.666661568213538,38.66743308237617,False,,False,0.0,nonpositive_momentum
2025-09-30,2025-10-01,CYRE3,True,30.70000076,27.016965901474666,28.588691707374014,True,9,False,0.0,eligible
2025-09-30,2025-10-01,EGIE3,True,29.0714283,5.989581294894775,24.260048419215323,True,19,False,0.0,eligible
2025-09-30,2025-10-01,ENEV3,True,16.54999924,37.91666033333332,22.82888784318872,True,4,False,0.0,eligible
2025-09-30,2025-10-01,ENGI11,True,46.23636246,26.95955550513107,22.953398496641146,True,10,False,0.0,eligible
2025-09-30,2025-10-01,EQTL3,True,36.95000076,14.64474491891352,20.241121270546913,True,14,False,0.0,eligible
2025-09-30,2025-10-01,GGBR4,False,16.61000061,,,False,,False,0.0,indicator_not_uptrend
2025-09-30,2025-10-01,GOAU4,True,7.1401782,3.030303607489193,22.10754268105754,True,20,False,0.0,eligible
2025-09-30,2025-10-01,HYPE3,False,22.72999954,,,False,,False,0.0,indicator_not_uptrend
2025-09-30,2025-10-01,ITSA4,True,11.24509811,21.504251585759548,19.909088923018853,True,13,False,0.0,eligible
2025-09-30,2025-10-01,ITUB4,True,37.93203735,24.42675244853456,20.19180004265559,True,12,False,0.0,eligible
2025-09-30,2025-10-01,KLBN11,False,17.86138535,,,False,,False,0.0,indicator_not_uptrend
2025-09-30,2025-10-01,LREN3,False,15.13000011,,,False,,False,0.0,indicator_not_uptrend
2025-09-30,2025-10-01,MGLU3,True,9.1428566,-8.133969616904245,56.53708491584884,False,,False,0.0,nonpositive_momentum
2025-09-30,2025-10-01,MULT3,True,29.07999992,28.50199292716191,20.10898163001131,True,7,False,0.0,eligible
2025-09-30,2025-10-01,PETR4,True,31.45999908,-15.656837209093732,19.08886793663105,False,,False,0.0,nonpositive_momentum
2025-09-30,2025-10-01,PSSA3,False,49.86000061,,,False,,False,0.0,indicator_not_uptrend
2025-09-30,2025-10-01,RADL3,False,18.05882263,,,False,,False,0.0,indicator_not_uptrend
2025-09-30,2025-10-01,RAIL3,True,15.97000027,-1.9643992137969746,32.21903620874078,False,,False,0.0,nonpositive_momentum
2025-09-30,2025-10-01,RENT3,True,39.45000076,12.393169457593988,29.415767121046876,True,15,False,0.0,eligible
2025-09-30,2025-10-01,SANB11,True,29.39999962,10.11235499305656,25.575496629325055,True,17,False,0.0,eligible
2025-09-30,2025-10-01,SBSP3,True,25.63161469,29.1353298526432,29.887611282866555,True,6,False,0.0,eligible
2025-09-30,2025-10-01,SMTO3,True,17.36000061,-16.256628098313985,28.70247619297011,False,,False,0.0,nonpositive_momentum
2025-09-30,2025-10-01,SUZB3,False,49.90000153,,,False,,False,0.0,indicator_not_uptrend
2025-09-30,2025-10-01,TOTS3,True,45.93000031,35.60673682017148,24.08479810710218,True,5,False,0.0,eligible
2025-09-30,2025-10-01,UGPA3,True,21.96999931,26.48243090125262,36.04317864432471,True,11,False,0.0,eligible
2025-09-30,2025-10-01,USIM5,True,4.23000002,-28.30508562194769,37.87381502301856,False,,False,0.0,nonpositive_momentum
2025-09-30,2025-10-01,VALE3,True,57.58000183,0.6819430133635729,18.013306155762805,True,22,False,0.0,eligible
2025-09-30,2025-10-01,WEGE3,True,36.59000015,-19.316424731072324,29.20611438736595,False,,False,0.0,nonpositive_momentum
2025-10-31,2025-11-03,ABEV3,True,12.71000004,-10.932027818589152,18.415601980448113,False,,False,0.0,nonpositive_momentum
2025-10-31,2025-11-03,B3SA3,False,12.65999985,,,False,,False,0.0,indicator_not_uptrend
2025-10-31,2025-11-03,BBAS3,True,21.89999962,-25.28147384507613,28.30940347043428,False,,False,0.0,nonpositive_momentum
2025-10-31,2025-11-03,BBDC4,True,18.15999985,39.26380295786443,22.670379253853444,True,2,False,0.0,eligible
2025-10-31,2025-11-03,BBSE3,True,32.84999847,-16.220353887343165,19.20869131376896,False,,False,0.0,nonpositive_momentum
2025-10-31,2025-11-03,BPAC11,False,48.81999969,,,False,,False,0.0,indicator_not_uptrend
2025-10-31,2025-11-03,BRAP4,True,18.54000092,15.51402989349926,13.228063792761393,True,10,False,0.0,eligible
2025-10-31,2025-11-03,CMIG4,True,11.34000015,10.958902645899826,19.87127223361594,True,14,False,0.0,eligible
2025-10-31,2025-11-03,CPFE3,True,41.59999847,9.301095566408279,16.73714388358329,True,17,False,0.0,eligible
2025-10-31,2025-11-03,CPLE3,True,13.10999966,22.408959953654662,19.260327046111485,True,7,False,0.0,eligible
2025-10-31,2025-11-03,CSMG3,True,37.79000092,82.29619758110229,24.67873051598626,True,1,True,1.0,eligible
2025-10-31,2025-11-03,CSNA3,True,9.43999958,0.4255315065640586,39.75962351769204,True,22,False,0.0,eligible
2025-10-31,2025-11-03,CYRE3,False,30.46999931,,,False,,False,0.0,indicator_not_uptrend
2025-10-31,2025-11-03,EGIE3,False,28.5714283,,,False,,False,0.0,indicator_not_uptrend
2025-10-31,2025-11-03,ENEV3,True,18.30999947,32.68115375294065,23.23006285442962,True,4,False,0.0,eligible
2025-10-31,2025-11-03,ENGI11,True,47.11817932,16.1066262472384,23.75490145229558,True,9,False,0.0,eligible
2025-10-31,2025-11-03,EQTL3,True,36.65000153,2.2885840304742056,20.321370535478238,True,21,False,0.0,eligible
2025-10-31,2025-11-03,GGBR4,True,18.94000053,29.63724141524038,22.131051621929743,True,5,False,0.0,eligible
2025-10-31,2025-11-03,GOAU4,True,8.31770706,35.740501250828,22.183157503424102,True,3,False,0.0,eligible
2025-10-31,2025-11-03,HYPE3,True,25.84000015,13.333337769006004,29.42015579295829,True,12,False,0.0,eligible
2025-10-31,2025-11-03,ITSA4,True,11.42156792,10.531305803207335,18.84439954956738,True,15,False,0.0,eligible
2025-10-31,2025-11-03,ITUB4,True,38.29126358,12.557084073070545,18.31691832664763,True,13,False,0.0,eligible
2025-10-31,2025-11-03,KLBN11,True,17.86138535,-5.943695201230115,17.682437151168493,False,,False,0.0,nonpositive_momentum
2025-10-31,2025-11-03,LREN3,True,14.84000015,3.2707046875280144,34.06152402738867,True,20,False,0.0,eligible
2025-10-31,2025-11-03,MGLU3,False,8.06666565,,,False,,False,0.0,indicator_not_uptrend
2025-10-31,2025-11-03,MULT3,False,27.48999977,,,False,,False,0.0,indicator_not_uptrend
2025-10-31,2025-11-03,PETR4,False,29.75,,,False,,False,0.0,indicator_not_uptrend
2025-10-31,2025-11-03,PSSA3,True,48.04999924,10.155892752563167,21.46739570442834,True,16,False,0.0,eligible
2025-10-31,2025-11-03,RADL3,True,19.6078434,20.627263902852143,50.04311856372393,True,8,False,0.0,eligible
2025-10-31,2025-11-03,RAIL3,True,15.92000008,-15.093332906666667,32.1659290327592,False,,False,0.0,nonpositive_momentum
2025-10-31,2025-11-03,RENT3,True,39.43999863,-6.29603590058434,28.500594651703338,False,,False,0.0,nonpositive_momentum
2025-10-31,2025-11-03,SANB11,True,31.13999939,9.071804619774838,21.81801339853875,True,18,False,0.0,eligible
2025-10-31,2025-11-03,SBSP3,True,25.56567955,14.089143505347534,29.996350025350043,True,11,False,0.0,eligible
2025-10-31,2025-11-03,SMTO3,False,14.03999996,,,False,,False,0.0,indicator_not_uptrend
2025-10-31,2025-11-03,SUZB3,True,48.88999939,-4.586265052597083,18.621675400592043,False,,False,0.0,nonpositive_momentum
2025-10-31,2025-11-03,TOTS3,False,44.36999893,,,False,,False,0.0,indicator_not_uptrend
2025-10-31,2025-11-03,UGPA3,False,21.40999985,,,False,,False,0.0,indicator_not_uptrend
2025-10-31,2025-11-03,USIM5,True,5.67000008,3.8461545505776407,41.41656018538937,True,19,False,0.0,eligible
2025-10-31,2025-11-03,VALE3,True,65.26000214,23.364839796820334,15.519389654167485,True,6,False,0.0,eligible
2025-10-31,2025-11-03,WEGE3,True,42.09999847,0.35756306861149945,26.59885657054657,True,23,False,0.0,eligible
2025-11-28,2025-12-01,ABEV3,True,13.85999966,-1.0706678625086563,20.167498156514128,False,,False,0.0,nonpositive_momentum
2025-11-28,2025-12-01,B3SA3,True,14.96000004,5.5007031942723605,25.982214913195488,True,19,False,0.0,eligible
2025-11-28,2025-12-01,BBAS3,True,22.46999931,-2.2193221941204766,23.785555767573165,False,,False,0.0,nonpositive_momentum
2025-11-28,2025-12-01,BBDC4,True,19.64999962,19.090906787878794,21.37091997003806,True,9,False,0.0,eligible
2025-11-28,2025-12-01,BBSE3,True,34.11000061,-6.930425140421537,14.22798442898172,False,,False,0.0,nonpositive_momentum
2025-11-28,2025-12-01,BPAC11,True,54.0,33.168929746199424,22.9783272409591,True,5,False,0.0,eligible
2025-11-28,2025-12-01,BRAP4,True,19.43000031,24.15335962800491,17.59999121185295,True,7,False,0.0,eligible
2025-11-28,2025-12-01,CMIG4,False,11.5,,,False,,False,0.0,indicator_not_uptrend
2025-11-28,2025-12-01,CPFE3,True,48.77000046,18.575247243483716,16.470693636500904,True,10,False,0.0,eligible
2025-11-28,2025-12-01,CPLE3,True,13.61999989,17.616580173516972,18.75358045260407,True,11,False,0.0,eligible
2025-11-28,2025-12-01,CSMG3,True,41.63000107,73.82045824202301,21.423005232394654,True,1,True,1.0,eligible
2025-11-28,2025-12-01,CSNA3,False,8.43999958,,,False,,False,0.0,indicator_not_uptrend
2025-11-28,2025-12-01,CYRE3,True,35.72999954,38.919131020769846,24.604220538349253,True,4,False,0.0,eligible
2025-11-28,2025-12-01,EGIE3,True,30.63999939,3.8644047118644,19.96380990164039,True,23,False,0.0,eligible
2025-11-28,2025-12-01,ENEV3,True,19.87000084,40.92198797515208,20.836099139585574,True,3,False,0.0,eligible
2025-11-28,2025-12-01,ENGI11,True,49.31999969,13.095689302511438,20.91070039171199,True,13,False,0.0,eligible
2025-11-28,2025-12-01,EQTL3,True,39.75999832,7.517573863117466,18.030960580323153,True,17,False,0.0,eligible
2025-11-28,2025-12-01,GGBR4,False,19.04000092,,,False,,False,0.0,indicator_not_uptrend
2025-11-28,2025-12-01,GOAU4,False,8.25020599,,,False,,False,0.0,indicator_not_uptrend
2025-11-28,2025-12-01,HYPE3,True,26.79999924,4.36136649719534,27.763086771704003,True,22,False,0.0,eligible
2025-11-28,2025-12-01,ITSA4,True,12.0882349,12.295090640061868,16.35680190938498,True,16,False,0.0,eligible
2025-11-28,2025-12-01,ITUB4,True,40.42718506,12.449373758516158,16.35065953707919,True,15,False,0.0,eligible
2025-11-28,2025-12-01,KLBN11,False,17.56435585,,,False,,False,0.0,indicator_not_uptrend
2025-11-28,2025-12-01,LREN3,True,15.75,-16.267940224455522,33.080232505971495,False,,False,0.0,nonpositive_momentum
2025-11-28,2025-12-01,MGLU3,True,9.79047585,0.2926897324790012,59.070985102510086,True,24,False,0.0,eligible
2025-11-28,2025-12-01,MULT3,True,30.15999985,12.537316064491044,16.157125081037133,True,14,False,0.0,eligible
2025-11-28,2025-12-01,PETR4,True,31.79000092,5.334660680790426,17.883611045440023,True,20,False,0.0,eligible
2025-11-28,2025-12-01,PSSA3,True,47.18999863,-10.045750176174051,23.05246732452583,False,,False,0.0,nonpositive_momentum
2025-11-28,2025-12-01,RADL3,True,23.53921509,69.44249462105616,32.59740059404971,True,2,False,0.0,eligible
2025-11-28,2025-12-01,RAIL3,True,16.85000038,-13.986726641245074,35.47405214250194,False,,False,0.0,nonpositive_momentum
2025-11-28,2025-12-01,RENT3,True,45.25,4.9397057580121695,28.59103852018048,True,21,False,0.0,eligible
2025-11-28,2025-12-01,SANB11,True,34.20000076,15.035322196981094,19.706703304554562,True,12,False,0.0,eligible
2025-11-28,2025-12-01,SBSP3,True,27.34206963,21.45933515299823,19.66173111845365,True,8,False,0.0,eligible
2025-11-28,2025-12-01,SMTO3,True,13.94999981,-34.04255290478345,26.120952650110812,False,,False,0.0,nonpositive_momentum
2025-11-28,2025-12-01,SUZB3,True,47.58000183,-5.595237330144576,17.39240128858935,False,,False,0.0,nonpositive_momentum
2025-11-28,2025-12-01,TOTS3,False,42.79999924,,,False,,False,0.0,indicator_not_uptrend
2025-11-28,2025-12-01,UGPA3,False,21.98999977,,,False,,False,0.0,indicator_not_uptrend
2025-11-28,2025-12-01,USIM5,False,5.40999985,,,False,,False,0.0,indicator_not_uptrend
2025-11-28,2025-12-01,VALE3,True,67.40000153,28.307639625648573,13.510809268760845,True,6,False,0.0,eligible
2025-11-28,2025-12-01,WEGE3,True,44.25,6.115105979676727,25.039611831890813,True,18,False,0.0,eligible
2025-12-30,2026-01-02,ABEV3,False,13.85999966,,,False,,False,0.0,indicator_not_uptrend
2025-12-30,2026-01-02,B3SA3,False,13.89000034,,,False,,False,0.0,indicator_not_uptrend
2025-12-30,2026-01-02,BBAS3,False,21.92000008,,,False,,False,0.0,indicator_not_uptrend
2025-12-30,2026-01-02,BBDC4,False,18.19000053,,,False,,False,0.0,indicator_not_uptrend
2025-12-30,2026-01-02,BBSE3,True,36.15000153,-0.27585784827587334,16.394066742045645,False,,False,0.0,nonpositive_momentum
2025-12-30,2026-01-02,BPAC11,False,52.58000183,,,False,,False,0.0,indicator_not_uptrend
2025-12-30,2026-01-02,BRAP4,False,19.89999962,,,False,,False,0.0,indicator_not_uptrend
2025-12-30,2026-01-02,CMIG4,False,11.19999981,,,False,,False,0.0,indicator_not_uptrend
2025-12-30,2026-01-02,CPFE3,True,53.29000092,32.298913937554,20.23836896775825,True,2,False,0.0,eligible
2025-12-30,2026-01-02,CPLE3,False,13.07999992,,,False,,False,0.0,indicator_not_uptrend
2025-12-30,2026-01-02,CSMG3,False,43.91999817,,,False,,False,0.0,indicator_not_uptrend
2025-12-30,2026-01-02,CSNA3,True,8.93999958,12.170637585424583,42.735007568262105,True,7,False,0.0,eligible
2025-12-30,2026-01-02,CYRE3,False,29.62000084,,,False,,False,0.0,indicator_not_uptrend
2025-12-30,2026-01-02,EGIE3,False,31.37000084,,,False,,False,0.0,indicator_not_uptrend
2025-12-30,2026-01-02,ENEV3,False,20.18000031,,,False,,False,0.0,indicator_not_uptrend
2025-12-30,2026-01-02,ENGI11,False,47.15999985,,,False,,False,0.0,indicator_not_uptrend
2025-12-30,2026-01-02,EQTL3,False,38.5,,,False,,False,0.0,indicator_not_uptrend
2025-12-30,2026-01-02,GGBR4,True,20.38999939,23.575753878787875,21.376687391505122,True,5,False,0.0,eligible
2025-12-30,2026-01-02,GOAU4,True,9.0,30.148604689100942,21.79307423600108,True,3,False,0.0,eligible
2025-12-30,2026-01-02,HYPE3,False,23.55999947,,,False,,False,0.0,indicator_not_uptrend
2025-12-30,2026-01-02,ITSA4,False,11.68000031,,,False,,False,0.0,indicator_not_uptrend
2025-12-30,2026-01-02,ITUB4,False,39.22999954,,,False,,False,0.0,indicator_not_uptrend
2025-12-30,2026-01-02,KLBN11,True,18.76000023,-0.2232681456884933,22.350786615291163,False,,False,0.0,nonpositive_momentum
2025-12-30,2026-01-02,LREN3,False,13.44999981,,,False,,False,0.0,indicator_not_uptrend
2025-12-30,2026-01-02,MGLU3,False,8.93999958,,,False,,False,0.0,indicator_not_uptrend
2025-12-30,2026-01-02,MULT3,False,27.25,,,False,,False,0.0,indicator_not_uptrend
2025-12-30,2026-01-02,PETR4,False,30.81999969,,,False,,False,0.0,indicator_not_uptrend
2025-12-30,2026-01-02,PSSA3,True,48.36000061,-11.428567829408587,25.55270368486094,False,,False,0.0,nonpositive_momentum
2025-12-30,2026-01-02,RADL3,False,23.45000076,,,False,,False,0.0,indicator_not_uptrend
2025-12-30,2026-01-02,RAIL3,False,14.76000023,,,False,,False,0.0,indicator_not_uptrend
2025-12-30,2026-01-02,RENT3,False,43.56999969,,,False,,False,0.0,indicator_not_uptrend
2025-12-30,2026-01-02,SANB11,False,34.06000137,,,False,,False,0.0,indicator_not_uptrend
2025-12-30,2026-01-02,SBSP3,False,26.6351223,,,False,,False,0.0,indicator_not_uptrend
2025-12-30,2026-01-02,SMTO3,True,15.11999989,-12.702077594552186,42.106638679915456,False,,False,0.0,nonpositive_momentum
2025-12-30,2026-01-02,SUZB3,True,51.45000076,-0.502800859844843,23.517992928527136,False,,False,0.0,nonpositive_momentum
2025-12-30,2026-01-02,TOTS3,False,42.08000183,,,False,,False,0.0,indicator_not_uptrend
2025-12-30,2026-01-02,UGPA3,False,20.89999962,,,False,,False,0.0,indicator_not_uptrend
2025-12-30,2026-01-02,USIM5,True,5.94999981,37.73147166334485,41.23498069034498,True,1,True,1.0,eligible
2025-12-30,2026-01-02,VALE3,True,71.95999908,30.12658240318631,19.699941358370708,True,4,False,0.0,eligible
2025-12-30,2026-01-02,WEGE3,True,48.50999832,14.329479060991336,26.37010663213704,True,6,False,0.0,eligible
2026-01-30,2026-02-02,ABEV3,True,14.85000038,19.181383084489934,22.685009251160185,True,24,False,0.0,eligible
2026-01-30,2026-02-02,B3SA3,True,16.14999962,28.378376174107302,35.037300538344766,True,17,False,0.0,eligible
2026-01-30,2026-02-02,BBAS3,True,25.21999931,28.02029612713577,28.31703434941938,True,18,False,0.0,eligible
2026-01-30,2026-02-02,BBDC4,True,21.30999947,37.21828615897857,27.705682821641748,True,11,False,0.0,eligible
2026-01-30,2026-02-02,BBSE3,True,37.31000137,10.712167740615808,18.351422329863166,True,28,False,0.0,eligible
2026-01-30,2026-02-02,BPAC11,True,59.95000076,53.207255611250616,32.71961637383205,True,3,False,0.0,eligible
2026-01-30,2026-02-02,BRAP4,True,23.80999947,51.27064687371339,29.943562376825895,True,4,False,0.0,eligible
2026-01-30,2026-02-02,CMIG4,True,11.47999954,11.13261983452174,24.42513070101148,True,27,False,0.0,eligible
2026-01-30,2026-02-02,CPFE3,False,51.45999908,,,False,,False,0.0,indicator_not_uptrend
2026-01-30,2026-02-02,CPLE3,True,13.18000031,19.384061211536462,30.642042762370053,True,23,False,0.0,eligible
2026-01-30,2026-02-02,CSMG3,True,51.15000153,97.79582491664914,24.85595451027713,True,1,True,1.0,eligible
2026-01-30,2026-02-02,CSNA3,True,10.06999969,25.561086189763117,46.039028204971515,True,19,False,0.0,eligible
2026-01-30,2026-02-02,CYRE3,True,29.89999962,21.94126859327148,58.03911389106441,True,21,False,0.0,eligible
2026-01-30,2026-02-02,EGIE3,True,32.77000046,14.896075458131474,25.241718081158055,True,26,False,0.0,eligible
2026-01-30,2026-02-02,ENEV3,False,21.12000084,,,False,,False,0.0,indicator_not_uptrend
2026-01-30,2026-02-02,ENGI11,True,51.00999832,22.88874028283272,28.091418916086198,True,20,False,0.0,eligible
2026-01-30,2026-02-02,EQTL3,True,40.91999817,20.10566052928542,25.409428944768774,True,22,False,0.0,eligible
2026-01-30,2026-02-02,GGBR4,True,22.42000008,33.13539121316455,23.910538331444318,True,15,False,0.0,eligible
2026-01-30,2026-02-02,GOAU4,True,9.86999989,40.44473711907415,25.196986940755778,True,7,False,0.0,eligible
2026-01-30,2026-02-02,HYPE3,True,25.20999908,-1.9447686421309673,32.94831573606748,False,,False,0.0,nonpositive_momentum
2026-01-30,2026-02-02,ITSA4,True,13.65999985,34.62030553797404,27.838165073539106,True,12,False,0.0,eligible
2026-01-30,2026-02-02,ITUB4,True,45.5,33.29067453666992,25.01060163388351,True,14,False,0.0,eligible
2026-01-30,2026-02-02,KLBN11,True,19.15999985,4.040867502860013,23.88099043085467,True,29,False,0.0,eligible
2026-01-30,2026-02-02,LREN3,True,14.93000031,-8.23601789867434,39.10948798702325,False,,False,0.0,nonpositive_momentum
2026-01-30,2026-02-02,MGLU3,True,9.78999996,45.601998731442194,53.561451908321644,True,6,False,0.0,eligible
2026-01-30,2026-02-02,MULT3,True,32.93999863,30.197626954553215,28.622525981391174,True,16,False,0.0,eligible
2026-01-30,2026-02-02,PETR4,True,37.75999832,15.686271524774064,24.006437587117897,True,25,False,0.0,eligible
2026-01-30,2026-02-02,PSSA3,True,50.24000168,-3.1797990545322286,28.398970687806486,False,,False,0.0,nonpositive_momentum
2026-01-30,2026-02-02,RADL3,False,24.5,,,False,,False,0.0,indicator_not_uptrend
2026-01-30,2026-02-02,RAIL3,True,14.76000023,-10.761793174071975,39.693569900854776,False,,False,0.0,nonpositive_momentum
2026-01-30,2026-02-02,RENT3,True,48.38999939,39.73432831314667,37.71027909586081,True,8,False,0.0,eligible
2026-01-30,2026-02-02,SANB11,True,36.31999969,37.41959615588064,26.90880214774472,True,10,False,0.0,eligible
2026-01-30,2026-02-02,SBSP3,True,28.19860458,34.250524570606665,26.090292680903172,True,13,False,0.0,eligible
2026-01-30,2026-02-02,SMTO3,True,15.27000046,-11.937714371934426,49.77928734192483,False,,False,0.0,nonpositive_momentum
2026-01-30,2026-02-02,SUZB3,False,49.33000183,,,False,,False,0.0,indicator_not_uptrend
2026-01-30,2026-02-02,TOTS3,True,44.56999969,2.2013278297911,33.131916144441,True,30,False,0.0,eligible
2026-01-30,2026-02-02,UGPA3,True,25.37999916,47.81595248542363,33.35312989659902,True,5,False,0.0,eligible
2026-01-30,2026-02-02,USIM5,False,6.30000019,,,False,,False,0.0,indicator_not_uptrend
2026-01-30,2026-02-02,VALE3,True,84.31999969,57.72540430429054,25.318242608121977,True,2,False,0.0,eligible
2026-01-30,2026-02-02,WEGE3,True,51.72000122,39.36944319549016,24.91105102977242,True,9,False,0.0,eligible
2026-02-27,2026-03-02,ABEV3,True,16.27000046,33.57963912892543,22.74024493388286,True,8,False,0.0,eligible
2026-02-27,2026-03-02,B3SA3,True,17.89999962,43.890677044540524,36.31293689551895,True,3,False,0.0,eligible
2026-02-27,2026-03-02,BBAS3,True,26.95000076,32.237496912634825,29.54235895347694,True,10,False,0.0,eligible
2026-02-27,2026-03-02,BBDC4,True,21.14999962,29.675047868042626,28.42219477688434,True,13,False,0.0,eligible
2026-02-27,2026-03-02,BBSE3,False,34.68000031,,,False,,False,0.0,indicator_not_uptrend
2026-02-27,2026-03-02,BPAC11,True,61.25999832,42.29965017764772,34.149350567178416,True,4,False,0.0,eligible
2026-02-27,2026-03-02,BRAP4,False,24.82999992,,,False,,False,0.0,indicator_not_uptrend
2026-02-27,2026-03-02,CMIG4,True,12.06999969,9.827115037328138,21.753679998875754,True,21,False,0.0,eligible
2026-02-27,2026-03-02,CPFE3,False,50.34999847,,,False,,False,0.0,indicator_not_uptrend
2026-02-27,2026-03-02,CPLE3,True,14.65999985,31.127007544778863,31.672399346609236,True,11,False,0.0,eligible
2026-02-27,2026-03-02,CSMG3,True,54.70000076,95.42694251333322,28.375559037710623,True,1,True,1.0,eligible
2026-02-27,2026-03-02,CSNA3,False,8.61999989,,,False,,False,0.0,indicator_not_uptrend
2026-02-27,2026-03-02,CYRE3,True,30.70999908,15.624998843420524,58.30998194860608,True,18,False,0.0,eligible
2026-02-27,2026-03-02,EGIE3,True,33.68000031,20.10188992795825,26.299700000472775,True,16,False,0.0,eligible
2026-02-27,2026-03-02,ENEV3,False,21.39999962,,,False,,False,0.0,indicator_not_uptrend
2026-02-27,2026-03-02,ENGI11,True,53.84999847,25.206085374357933,28.86975356279546,True,15,False,0.0,eligible
2026-02-27,2026-03-02,EQTL3,True,42.11000061,18.18691929666003,25.251530697400547,True,17,False,0.0,eligible
2026-02-27,2026-03-02,GGBR4,False,20.98999977,,,False,,False,0.0,indicator_not_uptrend
2026-02-27,2026-03-02,GOAU4,False,9.34000015,,,False,,False,0.0,indicator_not_uptrend
2026-02-27,2026-03-02,HYPE3,False,23.07999992,,,False,,False,0.0,indicator_not_uptrend
2026-02-27,2026-03-02,ITSA4,True,14.27000046,33.7812622975691,31.341834166076453,True,7,False,0.0,eligible
2026-02-27,2026-03-02,ITUB4,True,46.77999878,30.40161851683272,28.691894979099033,True,12,False,0.0,eligible
2026-02-27,2026-03-02,KLBN11,True,20.55999947,13.597379667740196,25.56443613332089,True,19,False,0.0,eligible
2026-02-27,2026-03-02,LREN3,True,15.57999992,-0.4472824389755381,36.4279353919481,False,,False,0.0,nonpositive_momentum
2026-02-27,2026-03-02,MGLU3,False,9.35000038,,,False,,False,0.0,indicator_not_uptrend
2026-02-27,2026-03-02,MULT3,True,35.20000076,32.98073924279223,29.104052798603313,True,9,False,0.0,eligible
2026-02-27,2026-03-02,PETR4,True,39.33000183,29.24745786833021,23.979885487897366,True,14,False,0.0,eligible
2026-02-27,2026-03-02,PSSA3,True,52.33000183,2.62796647548571,26.298405149183356,True,24,False,0.0,eligible
2026-02-27,2026-03-02,RADL3,False,25.07999992,,,False,,False,0.0,indicator_not_uptrend
2026-02-27,2026-03-02,RAIL3,True,15.97000027,9.383560646181287,36.83032117589533,True,22,False,0.0,eligible
2026-02-27,2026-03-02,RENT3,True,50.75999832,47.47240272732416,35.987858144165386,True,2,False,0.0,eligible
2026-02-27,2026-03-02,SANB11,False,33.5,,,False,,False,0.0,indicator_not_uptrend
2026-02-27,2026-03-02,SBSP3,True,30.72853279,35.383087931949845,25.625739714458266,True,6,False,0.0,eligible
2026-02-27,2026-03-02,SMTO3,True,17.95999908,7.480550980377432,56.48368076226795,True,23,False,0.0,eligible
2026-02-27,2026-03-02,SUZB3,True,58.0,10.245199253952265,36.846282805959724,True,20,False,0.0,eligible
2026-02-27,2026-03-02,TOTS3,False,37.84000015,,,False,,False,0.0,indicator_not_uptrend
2026-02-27,2026-03-02,UGPA3,True,25.79999924,42.22712297456146,31.654349835616408,True,5,False,0.0,eligible
2026-02-27,2026-03-02,USIM5,False,7.07000017,,,False,,False,0.0,indicator_not_uptrend
2026-02-27,2026-03-02,VALE3,False,88.47000122,,,False,,False,0.0,indicator_not_uptrend
2026-02-27,2026-03-02,WEGE3,False,49.70000076,,,False,,False,0.0,indicator_not_uptrend
2026-03-31,2026-04-01,ABEV3,False,15.25,,,False,,False,0.0,indicator_not_uptrend
2026-03-31,2026-04-01,B3SA3,False,18.39999962,,,False,,False,0.0,indicator_not_uptrend
2026-03-31,2026-04-01,BBAS3,False,23.0,,,False,,False,0.0,indicator_not_uptrend
2026-03-31,2026-04-01,BBDC4,False,19.17000008,,,False,,False,0.0,indicator_not_uptrend
2026-03-31,2026-04-01,BBSE3,False,34.81000137,,,False,,False,0.0,indicator_not_uptrend
2026-03-31,2026-04-01,BPAC11,False,56.29000092,,,False,,False,0.0,indicator_not_uptrend
2026-03-31,2026-04-01,BRAP4,False,23.05999947,,,False,,False,0.0,indicator_not_uptrend
2026-03-31,2026-04-01,CMIG4,True,12.60999966,12.79069150580372,23.742589958099337,True,6,False,0.0,eligible
2026-03-31,2026-04-01,CPFE3,False,48.75999832,,,False,,False,0.0,indicator_not_uptrend
2026-03-31,2026-04-01,CPLE3,True,15.43000031,30.101186781990187,35.6069390728693,True,4,False,0.0,eligible
2026-03-31,2026-04-01,CSMG3,False,57.70000076,,,False,,False,0.0,indicator_not_uptrend
2026-03-31,2026-04-01,CSNA3,False,6.32999992,,,False,,False,0.0,indicator_not_uptrend
2026-03-31,2026-04-01,CYRE3,False,27.31999969,,,False,,False,0.0,indicator_not_uptrend
2026-03-31,2026-04-01,EGIE3,False,32.83000183,,,False,,False,0.0,indicator_not_uptrend
2026-03-31,2026-04-01,ENEV3,True,24.54000092,50.09174525780653,50.931354976671564,True,2,False,0.0,eligible
2026-03-31,2026-04-01,ENGI11,False,52.45999908,,,False,,False,0.0,indicator_not_uptrend
2026-03-31,2026-04-01,EQTL3,False,40.77000046,,,False,,False,0.0,indicator_not_uptrend
2026-03-31,2026-04-01,GGBR4,False,19.0,,,False,,False,0.0,indicator_not_uptrend
2026-03-31,2026-04-01,GOAU4,False,8.53999996,,,False,,False,0.0,indicator_not_uptrend
2026-03-31,2026-04-01,HYPE3,True,23.28000069,0.9978371261759822,35.202832646756505,True,7,False,0.0,eligible
2026-03-31,2026-04-01,ITSA4,False,13.97999954,,,False,,False,0.0,indicator_not_uptrend
2026-03-31,2026-04-01,ITUB4,False,43.47999954,,,False,,False,0.0,indicator_not_uptrend
2026-03-31,2026-04-01,KLBN11,False,19.51000023,,,False,,False,0.0,indicator_not_uptrend
2026-03-31,2026-04-01,LREN3,False,14.96000004,,,False,,False,0.0,indicator_not_uptrend
2026-03-31,2026-04-01,MGLU3,False,8.77000046,,,False,,False,0.0,indicator_not_uptrend
2026-03-31,2026-04-01,MULT3,False,31.80999947,,,False,,False,0.0,indicator_not_uptrend
2026-03-31,2026-04-01,PETR4,True,48.66999817,50.40172204125308,26.26768574076467,True,1,True,1.0,eligible
2026-03-31,2026-04-01,PSSA3,False,50.50999832,,,False,,False,0.0,indicator_not_uptrend
2026-03-31,2026-04-01,RADL3,False,23.53000069,,,False,,False,0.0,indicator_not_uptrend
2026-03-31,2026-04-01,RAIL3,False,16.25,,,False,,False,0.0,indicator_not_uptrend
2026-03-31,2026-04-01,RENT3,False,46.97999954,,,False,,False,0.0,indicator_not_uptrend
2026-03-31,2026-04-01,SANB11,False,30.63999939,,,False,,False,0.0,indicator_not_uptrend
2026-03-31,2026-04-01,SBSP3,False,31.64800072,,,False,,False,0.0,indicator_not_uptrend
2026-03-31,2026-04-01,SMTO3,True,21.20000076,18.900733904209698,51.39316782856046,True,5,False,0.0,eligible
2026-03-31,2026-04-01,SUZB3,False,51.90000153,,,False,,False,0.0,indicator_not_uptrend
2026-03-31,2026-04-01,TOTS3,False,34.93999863,,,False,,False,0.0,indicator_not_uptrend
2026-03-31,2026-04-01,UGPA3,True,28.71999931,34.20560663542667,25.000638712657274,True,3,False,0.0,eligible
2026-03-31,2026-04-01,USIM5,False,6.73999977,,,False,,False,0.0,indicator_not_uptrend
2026-03-31,2026-04-01,VALE3,False,82.48000336,,,False,,False,0.0,indicator_not_uptrend
2026-03-31,2026-04-01,WEGE3,False,51.00999832,,,False,,False,0.0,indicator_not_uptrend
2026-04-30,2026-05-04,ABEV3,False,14.51000023,,,False,,False,0.0,indicator_not_uptrend
2026-04-30,2026-05-04,B3SA3,False,18.03000069,,,False,,False,0.0,indicator_not_uptrend
2026-04-30,2026-05-04,BBAS3,False,22.20999908,,,False,,False,0.0,indicator_not_uptrend
2026-04-30,2026-05-04,BBDC4,False,19.31999969,,,False,,False,0.0,indicator_not_uptrend
2026-04-30,2026-05-04,BBSE3,False,33.88000107,,,False,,False,0.0,indicator_not_uptrend
2026-04-30,2026-05-04,BPAC11,True,59.34000015,25.507617769020598,37.70171245088778,True,5,False,0.0,eligible
2026-04-30,2026-05-04,BRAP4,False,22.94000053,,,False,,False,0.0,indicator_not_uptrend
2026-04-30,2026-05-04,CMIG4,False,12.53999996,,,False,,False,0.0,indicator_not_uptrend
2026-04-30,2026-05-04,CPFE3,True,48.93000031,20.22112873788555,30.19565434080887,True,8,False,0.0,eligible
2026-04-30,2026-05-04,CPLE3,False,15.89999962,,,False,,False,0.0,indicator_not_uptrend
2026-04-30,2026-05-04,CSMG3,False,54.04000092,,,False,,False,0.0,indicator_not_uptrend
2026-04-30,2026-05-04,CSNA3,True,6.23000002,-28.881280177774592,58.65523503428872,False,,False,0.0,nonpositive_momentum
2026-04-30,2026-05-04,CYRE3,False,23.48999977,,,False,,False,0.0,indicator_not_uptrend
2026-04-30,2026-05-04,EGIE3,True,35.31000137,25.467012364338327,28.258332816054065,True,6,False,0.0,eligible
2026-04-30,2026-05-04,ENEV3,True,27.07999992,62.155680764172594,49.3571930730331,True,2,False,0.0,eligible
2026-04-30,2026-05-04,ENGI11,False,52.81999969,,,False,,False,0.0,indicator_not_uptrend
2026-04-30,2026-05-04,EQTL3,True,42.31999969,15.376225006362354,29.506326770771818,True,9,False,0.0,eligible
2026-04-30,2026-05-04,GGBR4,True,22.61000061,24.299065152363685,30.42518632822923,True,7,False,0.0,eligible
2026-04-30,2026-05-04,GOAU4,True,9.93000031,26.453391113982192,33.046732308532775,True,4,False,0.0,eligible
2026-04-30,2026-05-04,HYPE3,True,22.53000069,-1.7872704033455311,34.729535094040784,False,,False,0.0,nonpositive_momentum
2026-04-30,2026-05-04,ITSA4,False,13.92000008,,,False,,False,0.0,indicator_not_uptrend
2026-04-30,2026-05-04,ITUB4,False,43.18999863,,,False,,False,0.0,indicator_not_uptrend
2026-04-30,2026-05-04,KLBN11,False,17.47999954,,,False,,False,0.0,indicator_not_uptrend
2026-04-30,2026-05-04,LREN3,False,13.60000038,,,False,,False,0.0,indicator_not_uptrend
2026-04-30,2026-05-04,MGLU3,False,8.22999954,,,False,,False,0.0,indicator_not_uptrend
2026-04-30,2026-05-04,MULT3,False,31.71999931,,,False,,False,0.0,indicator_not_uptrend
2026-04-30,2026-05-04,PETR4,False,49.08000183,,,False,,False,0.0,indicator_not_uptrend
2026-04-30,2026-05-04,PSSA3,False,49.79000092,,,False,,False,0.0,indicator_not_uptrend
2026-04-30,2026-05-04,RADL3,False,21.94000053,,,False,,False,0.0,indicator_not_uptrend
2026-04-30,2026-05-04,RAIL3,False,15.72999954,,,False,,False,0.0,indicator_not_uptrend
2026-04-30,2026-05-04,RENT3,False,45.90999985,,,False,,False,0.0,indicator_not_uptrend
2026-04-30,2026-05-04,SANB11,False,29.04000092,,,False,,False,0.0,indicator_not_uptrend
2026-04-30,2026-05-04,SBSP3,True,33.15000153,30.837150421177295,27.83265923328023,True,3,False,0.0,eligible
2026-04-30,2026-05-04,SMTO3,False,16.17000008,,,False,,False,0.0,indicator_not_uptrend
2026-04-30,2026-05-04,SUZB3,False,43.84000015,,,False,,False,0.0,indicator_not_uptrend
2026-04-30,2026-05-04,TOTS3,False,31.86000061,,,False,,False,0.0,indicator_not_uptrend
2026-04-30,2026-05-04,UGPA3,False,29.94000053,,,False,,False,0.0,indicator_not_uptrend
2026-04-30,2026-05-04,USIM5,True,8.28999996,66.80081107206645,45.84478894755672,True,1,True,1.0,eligible
2026-04-30,2026-05-04,VALE3,False,81.18000031,,,False,,False,0.0,indicator_not_uptrend
2026-04-30,2026-05-04,WEGE3,False,44.86000061,,,False,,False,0.0,indicator_not_uptrend
2026-05-29,2026-06-01,ABEV3,True,16.31999969,19.823787237930723,37.96917207596605,True,4,False,0.0,eligible
2026-05-29,2026-06-01,B3SA3,False,16.5,,,False,,False,0.0,indicator_not_uptrend
2026-05-29,2026-06-01,BBAS3,False,20.29999924,,,False,,False,0.0,indicator_not_uptrend
2026-05-29,2026-06-01,BBDC4,False,17.70000076,,,False,,False,0.0,indicator_not_uptrend
2026-05-29,2026-06-01,BBSE3,True,35.40000153,6.402167239404966,16.569423568177573,True,5,False,0.0,eligible
2026-05-29,2026-06-01,BPAC11,False,53.75,,,False,,False,0.0,indicator_not_uptrend
2026-05-29,2026-06-01,BRAP4,False,23.25,,,False,,False,0.0,indicator_not_uptrend
2026-05-29,2026-06-01,CMIG4,False,10.76000023,,,False,,False,0.0,indicator_not_uptrend
2026-05-29,2026-06-01,CPFE3,False,43.38999939,,,False,,False,0.0,indicator_not_uptrend
2026-05-29,2026-06-01,CPLE3,False,14.56000042,,,False,,False,0.0,indicator_not_uptrend
2026-05-29,2026-06-01,CSMG3,False,52.70999908,,,False,,False,0.0,indicator_not_uptrend
2026-05-29,2026-06-01,CSNA3,True,6.71000004,-17.16049721963101,60.537487883671446,False,,False,0.0,nonpositive_momentum
2026-05-29,2026-06-01,CYRE3,False,22.52000046,,,False,,False,0.0,indicator_not_uptrend
2026-05-29,2026-06-01,EGIE3,False,33.09999847,,,False,,False,0.0,indicator_not_uptrend
2026-05-29,2026-06-01,ENEV3,False,25.62999916,,,False,,False,0.0,indicator_not_uptrend
2026-05-29,2026-06-01,ENGI11,False,48.0,,,False,,False,0.0,indicator_not_uptrend
2026-05-29,2026-06-01,EQTL3,False,38.54999924,,,False,,False,0.0,indicator_not_uptrend
2026-05-29,2026-06-01,GGBR4,True,22.77000046,23.281003306112204,30.547332516544103,True,2,False,0.0,eligible
2026-05-29,2026-06-01,GOAU4,True,9.80000019,22.803959674759298,31.814111324756052,True,3,False,0.0,eligible
2026-05-29,2026-06-01,HYPE3,False,21.90999985,,,False,,False,0.0,indicator_not_uptrend
2026-05-29,2026-06-01,ITSA4,False,12.92000008,,,False,,False,0.0,indicator_not_uptrend
2026-05-29,2026-06-01,ITUB4,False,40.04000092,,,False,,False,0.0,indicator_not_uptrend
2026-05-29,2026-06-01,KLBN11,False,16.67000008,,,False,,False,0.0,indicator_not_uptrend
2026-05-29,2026-06-01,LREN3,True,14.89999962,-1.9091505465334668,43.55238062206607,False,,False,0.0,nonpositive_momentum
2026-05-29,2026-06-01,MGLU3,False,5.98000002,,,False,,False,0.0,indicator_not_uptrend
2026-05-29,2026-06-01,MULT3,False,29.79000092,,,False,,False,0.0,indicator_not_uptrend
2026-05-29,2026-06-01,PETR4,False,42.0,,,False,,False,0.0,indicator_not_uptrend
2026-05-29,2026-06-01,PSSA3,False,48.31000137,,,False,,False,0.0,indicator_not_uptrend
2026-05-29,2026-06-01,RADL3,False,18.69000053,,,False,,False,0.0,indicator_not_uptrend
2026-05-29,2026-06-01,RAIL3,False,13.72000027,,,False,,False,0.0,indicator_not_uptrend
2026-05-29,2026-06-01,RENT3,False,42.02000046,,,False,,False,0.0,indicator_not_uptrend
2026-05-29,2026-06-01,SANB11,False,27.15999985,,,False,,False,0.0,indicator_not_uptrend
2026-05-29,2026-06-01,SBSP3,False,27.95000076,,,False,,False,0.0,indicator_not_uptrend
2026-05-29,2026-06-01,SMTO3,False,16.97999954,,,False,,False,0.0,indicator_not_uptrend
2026-05-29,2026-06-01,SUZB3,False,41.90999985,,,False,,False,0.0,indicator_not_uptrend
2026-05-29,2026-06-01,TOTS3,True,33.06999969,-23.590571575334963,38.64388287020796,False,,False,0.0,nonpositive_momentum
2026-05-29,2026-06-01,UGPA3,False,25.87000084,,,False,,False,0.0,indicator_not_uptrend
2026-05-29,2026-06-01,USIM5,True,11.07999992,113.89961937508404,49.56904528675471,True,1,True,1.0,eligible
2026-05-29,2026-06-01,VALE3,False,82.81999969,,,False,,False,0.0,indicator_not_uptrend
2026-05-29,2026-06-01,WEGE3,False,44.09999847,,,False,,False,0.0,indicator_not_uptrend
2026-06-30,2026-07-01,ABEV3,False,16.29000092,,,False,,False,0.0,indicator_not_uptrend
2026-06-30,2026-07-01,B3SA3,False,14.52999973,,,False,,False,0.0,indicator_not_uptrend
2026-06-30,2026-07-01,BBAS3,True,19.90999985,-6.525818965240493,26.243454768406288,False,,False,0.0,nonpositive_momentum
2026-06-30,2026-07-01,BBDC4,True,18.10000038,-0.7675405250292977,25.60868844123006,False,,False,0.0,nonpositive_momentum
2026-06-30,2026-07-01,BBSE3,True,39.16999817,11.690899675625289,17.197059241880233,True,9,False,0.0,eligible
2026-06-30,2026-07-01,BPAC11,True,54.09000015,4.906902080635067,32.17645928524724,True,12,False,0.0,eligible
2026-06-30,2026-07-01,BRAP4,False,22.07999992,,,False,,False,0.0,indicator_not_uptrend
2026-06-30,2026-07-01,CMIG4,True,10.86999989,-1.5398557121009127,22.512027344814836,False,,False,0.0,nonpositive_momentum
2026-06-30,2026-07-01,CPFE3,True,44.77999878,-10.779039644695843,27.998059524023873,False,,False,0.0,nonpositive_momentum
2026-06-30,2026-07-01,CPLE3,True,15.02000046,18.174668864910547,23.647258575381436,True,3,False,0.0,eligible
2026-06-30,2026-07-01,CSMG3,True,59.93000031,38.791106715487665,42.264730009044236,True,1,True,1.0,eligible
2026-06-30,2026-07-01,CSNA3,False,4.61999989,,,False,,False,0.0,indicator_not_uptrend
2026-06-30,2026-07-01,CYRE3,True,23.02000046,-20.730028475494976,43.82882704717197,False,,False,0.0,nonpositive_momentum
2026-06-30,2026-07-01,EGIE3,True,34.83000183,14.912578155845146,27.239723092766116,True,5,False,0.0,eligible
2026-06-30,2026-07-01,ENEV3,True,26.71999931,35.979642884084704,29.09953428233453,True,2,False,0.0,eligible
2026-06-30,2026-07-01,ENGI11,True,48.0,4.121478509888532,24.951612419751875,True,13,False,0.0,eligible
2026-06-30,2026-07-01,EQTL3,True,38.93999863,3.563830357783515,26.531542556609907,True,14,False,0.0,eligible
2026-06-30,2026-07-01,GGBR4,False,20.78000069,,,False,,False,0.0,indicator_not_uptrend
2026-06-30,2026-07-01,GOAU4,False,9.21000004,,,False,,False,0.0,indicator_not_uptrend
2026-06-30,2026-07-01,HYPE3,False,20.80999947,,,False,,False,0.0,indicator_not_uptrend
2026-06-30,2026-07-01,ITSA4,True,13.38000011,16.75392725391298,24.530712163321855,True,4,False,0.0,eligible
2026-06-30,2026-07-01,ITUB4,True,42.18000031,9.68291033085633,24.54892257495534,True,11,False,0.0,eligible
2026-06-30,2026-07-01,KLBN11,True,16.73999977,-9.562401069727045,18.53675759552238,False,,False,0.0,nonpositive_momentum
2026-06-30,2026-07-01,LREN3,True,14.76000023,12.844039145835096,42.75745781837935,True,7,False,0.0,eligible
2026-06-30,2026-07-01,MGLU3,False,4.67999983,,,False,,False,0.0,indicator_not_uptrend
2026-06-30,2026-07-01,MULT3,True,29.27000046,9.707646626335432,27.428939396516927,True,10,False,0.0,eligible
2026-06-30,2026-07-01,PETR4,False,37.79999924,,,False,,False,0.0,indicator_not_uptrend
2026-06-30,2026-07-01,PSSA3,True,52.91999817,13.806447677419364,25.896515209039645,True,6,False,0.0,eligible
2026-06-30,2026-07-01,RADL3,True,16.80999947,-26.44273183544327,35.880425226243226,False,,False,0.0,nonpositive_momentum
2026-06-30,2026-07-01,RAIL3,False,13.43000031,,,False,,False,0.0,indicator_not_uptrend
2026-06-30,2026-07-01,RENT3,True,41.54000092,-4.351829096268311,42.58610026403936,False,,False,0.0,nonpositive_momentum
2026-06-30,2026-07-01,SANB11,True,26.79999924,-17.942439182221857,22.606158995317195,False,,False,0.0,nonpositive_momentum
2026-06-30,2026-07-01,SBSP3,True,29.63999939,11.970198704879964,27.292269489844063,True,8,False,0.0,eligible
2026-06-30,2026-07-01,SMTO3,False,15.69999981,,,False,,False,0.0,indicator_not_uptrend
2026-06-30,2026-07-01,SUZB3,True,39.75,-22.363282402420026,27.45559479420809,False,,False,0.0,nonpositive_momentum
2026-06-30,2026-07-01,TOTS3,False,28.70000076,,,False,,False,0.0,indicator_not_uptrend
2026-06-30,2026-07-01,UGPA3,False,26.05999947,,,False,,False,0.0,indicator_not_uptrend
2026-06-30,2026-07-01,USIM5,False,8.44999981,,,False,,False,0.0,indicator_not_uptrend
2026-06-30,2026-07-01,VALE3,False,77.87999725,,,False,,False,0.0,indicator_not_uptrend
2026-06-30,2026-07-01,WEGE3,True,46.90999985,-1.5736466688218043,32.59683797530827,False,,False,0.0,nonpositive_momentum
2026-07-31,2026-08-03,ABEV3,False,15.98999977,,,False,,False,0.0,indicator_not_uptrend
2026-07-31,2026-08-03,B3SA3,True,15.72999954,-4.724413562288598,35.82565057929422,False,,False,0.0,nonpositive_momentum
2026-07-31,2026-08-03,BBAS3,True,21.35000038,-15.944879136183221,23.138794138152626,False,,False,0.0,nonpositive_momentum
2026-07-31,2026-08-03,BBDC4,True,18.39824677,-15.293520467427669,23.078771962235184,False,,False,0.0,nonpositive_momentum
2026-07-31,2026-08-03,BBSE3,True,41.25999832,9.211221949118343,19.3459336033178,True,4,False,0.0,eligible
2026-07-31,2026-08-03,BPAC11,True,56.79999924,-8.711028405216092,30.885826420811906,False,,False,0.0,nonpositive_momentum
2026-07-31,2026-08-03,BRAP4,True,22.0,-11.32607629999277,25.571868951030396,False,,False,0.0,nonpositive_momentum
2026-07-31,2026-08-03,CMIG4,True,11.34000015,-2.157031896155759,21.679968942970525,False,,False,0.0,nonpositive_momentum
2026-07-31,2026-08-03,CPFE3,True,46.13999939,-13.025447594709515,24.938689078561822,False,,False,0.0,nonpositive_momentum
2026-07-31,2026-08-03,CPLE3,False,14.82999992,,,False,,False,0.0,indicator_not_uptrend
2026-07-31,2026-08-03,CSMG3,False,64.16999817,,,False,,False,0.0,indicator_not_uptrend
2026-07-31,2026-08-03,CSNA3,True,4.84000015,-55.555555565758596,60.65151806693079,False,,False,0.0,nonpositive_momentum
2026-07-31,2026-08-03,CYRE3,True,21.37000084,-28.885186753835,39.92118745197864,False,,False,0.0,nonpositive_momentum
2026-07-31,2026-08-03,EGIE3,False,29.79999924,,,False,,False,0.0,indicator_not_uptrend
2026-07-31,2026-08-03,ENEV3,False,26.30999947,,,False,,False,0.0,indicator_not_uptrend
2026-07-31,2026-08-03,ENGI11,True,49.81000137,-5.965640508248415,25.96770163333589,False,,False,0.0,nonpositive_momentum
2026-07-31,2026-08-03,EQTL3,True,38.65999985,-6.6183613013021,25.267518987867945,False,,False,0.0,nonpositive_momentum
2026-07-31,2026-08-03,GGBR4,True,24.97999954,5.267593865279951,30.498527050244828,True,5,False,0.0,eligible
2026-07-31,2026-08-03,GOAU4,True,10.92000008,3.703707122507205,29.438444391106287,True,6,False,0.0,eligible
2026-07-31,2026-08-03,HYPE3,True,21.27000046,-18.72372795193359,30.697946516326702,False,,False,0.0,nonpositive_momentum
2026-07-31,2026-08-03,ITSA4,True,13.81999969,-1.56695349449274,22.771768496919105,False,,False,0.0,nonpositive_momentum
2026-07-31,2026-08-03,ITUB4,True,42.88999939,-7.444973562435353,22.69341486056543,False,,False,0.0,nonpositive_momentum
2026-07-31,2026-08-03,KLBN11,True,18.25,-6.840225317711401,16.110244527569545,False,,False,0.0,nonpositive_momentum
2026-07-31,2026-08-03,LREN3,False,13.60000038,,,False,,False,0.0,indicator_not_uptrend
2026-07-31,2026-08-03,MGLU3,True,5.03000021,-50.09920386983495,55.25727395066491,False,,False,0.0,nonpositive_momentum
2026-07-31,2026-08-03,MULT3,True,28.12999916,-13.711654968675834,28.481821537279345,False,,False,0.0,nonpositive_momentum
2026-07-31,2026-08-03,PETR4,True,43.41999817,16.282801273636306,25.92518157560747,True,2,False,0.0,eligible
2026-07-31,2026-08-03,PSSA3,True,54.70000076,9.685185349170823,24.327939677233655,True,3,False,0.0,eligible
2026-07-31,2026-08-03,RADL3,True,18.47999954,-25.4538166431016,35.089775176984155,False,,False,0.0,nonpositive_momentum
2026-07-31,2026-08-03,RAIL3,True,14.43999958,-4.686469028439477,33.63266037779455,False,,False,0.0,nonpositive_momentum
2026-07-31,2026-08-03,RENT3,False,37.61000061,,,False,,False,0.0,indicator_not_uptrend
2026-07-31,2026-08-03,SANB11,True,28.62000084,-23.679997760000006,38.57580788559231,False,,False,0.0,nonpositive_momentum
2026-07-31,2026-08-03,SBSP3,False,27.70000076,,,False,,False,0.0,indicator_not_uptrend
2026-07-31,2026-08-03,SMTO3,False,14.52000046,,,False,,False,0.0,indicator_not_uptrend
2026-07-31,2026-08-03,SUZB3,True,43.31999969,-16.30602570313221,23.0796989457956,False,,False,0.0,nonpositive_momentum
2026-07-31,2026-08-03,TOTS3,True,31.05999947,-34.40337809159807,49.184038459107335,False,,False,0.0,nonpositive_momentum
2026-07-31,2026-08-03,UGPA3,True,33.04999924,30.066900571036403,30.482649859064548,True,1,True,1.0,eligible
2026-07-31,2026-08-03,USIM5,False,7.36000013,,,False,,False,0.0,indicator_not_uptrend
2026-07-31,2026-08-03,VALE3,True,76.27999878,-12.291597435946322,26.74036331197776,False,,False,0.0,nonpositive_momentum
2026-07-31,2026-08-03,WEGE3,True,47.20000076,-8.473916921212222,33.387803702293965,False,,False,0.0,nonpositive_momentum
2026-08-31,2026-09-01,ABEV3,False,15.02999973,,,False,,False,0.0,indicator_not_uptrend
2026-08-31,2026-09-01,B3SA3,True,16.21999931,-12.276909076456965,33.20475967955145,False,,False,0.0,nonpositive_momentum
2026-08-31,2026-09-01,BBAS3,True,20.73999977,-23.0426746377576,27.732648230352925,False,,False,0.0,nonpositive_momentum
2026-08-31,2026-09-01,BBDC4,False,17.19000053,,,False,,False,0.0,indicator_not_uptrend
2026-08-31,2026-09-01,BBSE3,False,40.40000153,,,False,,False,0.0,indicator_not_uptrend
2026-08-31,2026-09-01,BPAC11,False,54.70999908,,,False,,False,0.0,indicator_not_uptrend
2026-08-31,2026-09-01,BRAP4,True,22.0,-11.397502735070486,26.668715338335907,False,,False,0.0,nonpositive_momentum
2026-08-31,2026-09-01,CMIG4,False,10.69999981,,,False,,False,0.0,indicator_not_uptrend
2026-08-31,2026-09-01,CPFE3,False,44.54000092,,,False,,False,0.0,indicator_not_uptrend
2026-08-31,2026-09-01,CPLE3,True,14.94999981,1.49355245668934,24.00981701152871,True,6,False,0.0,eligible
2026-08-31,2026-09-01,CSMG3,False,55.22000122,,,False,,False,0.0,indicator_not_uptrend
2026-08-31,2026-09-01,CSNA3,True,5.32000017,-36.81710071907742,61.007732459743025,False,,False,0.0,nonpositive_momentum
2026-08-31,2026-09-01,CYRE3,True,24.29000092,-20.750403846171395,41.52918557625491,False,,False,0.0,nonpositive_momentum
2026-08-31,2026-09-01,EGIE3,True,29.37999916,-11.79826493054269,28.091254561074297,False,,False,0.0,nonpositive_momentum
2026-08-31,2026-09-01,ENEV3,True,26.20999908,23.167284916098364,31.06568877677432,True,2,False,0.0,eligible
2026-08-31,2026-09-01,ENGI11,False,48.0,,,False,,False,0.0,indicator_not_uptrend
2026-08-31,2026-09-01,EQTL3,False,36.66999817,,,False,,False,0.0,indicator_not_uptrend
2026-08-31,2026-09-01,GGBR4,False,23.73999977,,,False,,False,0.0,indicator_not_uptrend
2026-08-31,2026-09-01,GOAU4,False,10.39000034,,,False,,False,0.0,indicator_not_uptrend
2026-08-31,2026-09-01,HYPE3,True,21.70000076,-4.615381274725272,28.81654770451756,False,,False,0.0,nonpositive_momentum
2026-08-31,2026-09-01,ITSA4,False,13.10000038,,,False,,False,0.0,indicator_not_uptrend
2026-08-31,2026-09-01,ITUB4,False,39.52000046,,,False,,False,0.0,indicator_not_uptrend
2026-08-31,2026-09-01,KLBN11,True,18.89999962,-8.296947789367392,17.09810379429321,False,,False,0.0,nonpositive_momentum
2026-08-31,2026-09-01,LREN3,False,10.89999962,,,False,,False,0.0,indicator_not_uptrend
2026-08-31,2026-09-01,MGLU3,True,4.80999994,-47.660498804941184,62.898814884319954,False,,False,0.0,nonpositive_momentum
2026-08-31,2026-09-01,MULT3,True,27.92000008,-18.147172146884337,25.59440476234162,False,,False,0.0,nonpositive_momentum
2026-08-31,2026-09-01,PETR4,True,45.02000046,9.457814949675125,28.18163148161275,True,3,False,0.0,eligible
2026-08-31,2026-09-01,PSSA3,False,49.08000183,,,False,,False,0.0,indicator_not_uptrend
2026-08-31,2026-09-01,RADL3,True,19.60000038,-19.934637466092042,39.5889615052297,False,,False,0.0,nonpositive_momentum
2026-08-31,2026-09-01,RAIL3,True,15.07999992,-4.253968761904758,32.05954518693781,False,,False,0.0,nonpositive_momentum
2026-08-31,2026-09-01,RENT3,True,35.06999969,-32.205683352302614,35.22923482924182,False,,False,0.0,nonpositive_momentum
2026-08-31,2026-09-01,SANB11,True,29.55999947,-11.813845273437673,37.35857470809808,False,,False,0.0,nonpositive_momentum
2026-08-31,2026-09-01,SBSP3,False,25.28000069,,,False,,False,0.0,indicator_not_uptrend
2026-08-31,2026-09-01,SMTO3,True,19.75,7.570802526242404,42.36854420296754,True,4,False,0.0,eligible
2026-08-31,2026-09-01,SUZB3,True,45.29999924,-21.977268048417898,26.009562696380183,False,,False,0.0,nonpositive_momentum
2026-08-31,2026-09-01,TOTS3,True,35.45000076,-5.036166562652422,45.27644509036908,False,,False,0.0,nonpositive_momentum
2026-08-31,2026-09-01,UGPA3,True,34.81999969,34.38826665990893,32.03806695078072,True,1,True,1.0,eligible
2026-08-31,2026-09-01,USIM5,False,7.46999979,,,False,,False,0.0,indicator_not_uptrend
2026-08-31,2026-09-01,VALE3,True,77.84999847,-11.694651499518772,25.73478987167081,False,,False,0.0,nonpositive_momentum
2026-08-31,2026-09-01,WEGE3,True,50.15000153,2.9985683735477275,30.587990305716232,True,5,False,0.0,eligible
